jammer,jsr_db,target_position,mode,trials,interface_pass,target_erased_count,delta_sinr_mean_db,delta_sinr_std_db,delta_sinr_ci95_db,target_only_change_mean_db,target_only_change_min_db,detected_after_mean,peak_error_after_mean,false_peak_after_mean,normalized_output_difference_mean,filter_coefficient_difference_mean,runtime_mean_ms,memory_mean_bytes
AMNoiseGaiJam,0.0,1250,fixed_0,20,20,0,-52.2422008593597,0.3245775220473831,0.14225237104021152,-100.74809690831708,-100.74809690831707,0.0,750.0,626.95,1.0003284550920015,1.4162946809990093,0.019391800742596388,400000000.0
AMNoiseGaiJam,0.0,1250,missing,20,20,0,-52.2422008593597,0.3245775220473831,0.14225237104021152,-100.74809690831708,-100.74809690831707,0.0,750.0,626.95,1.0003284550920015,1.4162946809990093,0.019239450921304524,400000000.0
AMNoiseGaiJam,0.0,1250,offset_+1,20,20,0,8.371031247821305,0.3245775220565747,0.1422523710442399,-0.3035923747676373,-0.30359237476763723,1.0,1.0,493.8,0.1884980466417984,1.7761505289286288,0.019164540572091937,400000000.0
AMNoiseGaiJam,0.0,1250,offset_+16,20,20,0,-2.4447705068598102,0.3245775220565369,0.14225237104422334,-28.5297185319765,-28.529718531976496,0.0,16.0,489.8,0.9832810829473392,1.298350632869114,0.019370802328921854,400000000.0
AMNoiseGaiJam,0.0,1250,offset_+2,20,20,0,8.367165701849164,0.32457752205657553,0.14225237104424027,-1.188619231516971,-1.1886192315169712,1.0,2.0,490.0,0.36422490885382136,1.6057022577815663,0.019258251995779574,400000000.0
AMNoiseGaiJam,0.0,1250,offset_+32,20,20,0,-22.725896118039962,0.3245775220565907,0.14225237104424693,-60.90086154434167,-60.90086154434165,0.0,32.0,486.4,1.002055313061031,1.4209607876364,0.019237547530792654,400000000.0
AMNoiseGaiJam,0.0,1250,offset_+4,20,20,0,8.217707106799924,0.32457752205657464,0.1422523710442399,-4.868838735280629,-4.868838735280628,1.0,4.0,489.7,0.6678291195555914,1.7948367812882602,0.019331203657202423,400000000.0
AMNoiseGaiJam,0.0,1250,offset_+8,20,20,0,7.322955114564765,0.32457752205622803,0.14225237104408797,-24.77015269320042,-24.770152693200416,1.0,8.0,490.3,0.9850743850696565,1.3611162698384054,0.019635402713902295,400000000.0
AMNoiseGaiJam,0.0,1250,offset_-1,20,20,0,8.37103124782131,0.32457752205657525,0.14225237104424016,-0.3035923747676373,-0.30359237476763723,1.0,1.0,492.5,0.18808193477516602,1.7761505289286288,0.019452048582024872,400000000.0
AMNoiseGaiJam,0.0,1250,offset_-16,20,20,0,-2.4447705068595864,0.324577522056567,0.14225237104423652,-28.5297185319765,-28.529718531976496,0.0,16.0,497.45,0.9824002819812078,1.298350632869114,0.01946039847098291,400000000.0
AMNoiseGaiJam,0.0,1250,offset_-2,20,20,0,8.36716570184917,0.3245775220565747,0.1422523710442399,-1.188619231516971,-1.1886192315169712,1.0,2.0,491.3,0.36253282612235177,1.6057022577815663,0.01918560010381043,400000000.0
AMNoiseGaiJam,0.0,1250,offset_-32,20,20,0,-22.725896118041142,0.3245775220563164,0.14225237104412672,-60.90086154434166,-60.90086154434164,0.0,32.0,498.9,1.0003056643404267,1.4209607876364,0.019502060604281723,400000000.0
AMNoiseGaiJam,0.0,1250,offset_-4,20,20,0,8.217707106799967,0.32457752205657536,0.14225237104424018,-4.868838735280629,-4.868838735280628,1.0,4.0,491.9,0.6618370516893262,1.7948367812882602,0.01921250077430159,400000000.0
AMNoiseGaiJam,0.0,1250,offset_-8,20,20,0,7.322955114569465,0.3245775220565718,0.14225237104423866,-24.77015269320042,-24.770152693200416,1.0,8.0,492.5,0.9744581883494551,1.3611162698384054,0.01939600333571434,400000000.0
AMNoiseGaiJam,0.0,1250,random,20,20,11,-208.22781467791933,146.27527003409486,64.1079636557813,-104.1076089918767,-126.6771315657612,0.15,1397.65,278.05,1.0001730712751875,1.407624122522626,0.019354047253727913,400000000.0
AMNoiseGaiJam,0.0,1250,true,20,20,0,8.368276260404437,0.32457752205657536,0.14225237104424018,-8.685846209919741e-05,-8.685846209919741e-05,1.0,0.0,490.25,0.0,0.0,0.021052148076705635,400000000.0
AMNoiseGaiJam,0.0,2500,fixed_0,20,20,20,nan,0.0,0.0,nan,nan,0.0,2500.0,0.0,0.9999999999999691,1.4142135623730503,0.019324946333654225,400000000.0
AMNoiseGaiJam,0.0,2500,missing,20,20,20,nan,0.0,0.0,nan,nan,0.0,2500.0,0.0,0.9999999999999691,1.4142135623730503,0.01919170026667416,400000000.0
AMNoiseGaiJam,0.0,2500,offset_+1,20,20,0,8.304954309207524,0.33198998874372987,0.1455010278053525,-0.3035923747676373,-0.30359237476763723,1.0,1.0,274.8,0.1884980466417984,1.7761505289286288,0.01922514638863504,400000000.0
AMNoiseGaiJam,0.0,2500,offset_+16,20,20,0,-2.510847445473593,0.33198998874369573,0.14550102780533752,-28.529718531976492,-28.529718531976492,0.0,16.0,272.2,0.9832810829473392,1.298350632869114,0.019325059838593006,400000000.0
AMNoiseGaiJam,0.0,2500,offset_+2,20,20,0,8.30108876323538,0.33198998874373037,0.14550102780535273,-1.188619231516971,-1.1886192315169712,1.0,2.0,271.7,0.36422490885382136,1.6057022577815663,0.019545794930309057,400000000.0
AMNoiseGaiJam,0.0,2500,offset_+32,20,20,0,-22.791973056653745,0.331989988743743,0.14550102780535826,-60.90086154434167,-60.90086154434165,0.0,32.0,266.9,1.002055313061031,1.4209607876364,0.019181292736902833,400000000.0
AMNoiseGaiJam,0.0,2500,offset_+4,20,20,0,8.151630168186143,0.33198998874372976,0.14550102780535246,-4.868838735280628,-4.868838735280626,1.0,4.0,271.3,0.6678291195555914,1.7948367812882602,0.01917715126182884,400000000.0
AMNoiseGaiJam,0.0,2500,offset_+8,20,20,0,7.256878175950985,0.3319899887433792,0.1455010278051988,-24.77015269320042,-24.770152693200416,1.0,8.0,271.45,0.9850743850696565,1.3611162698384054,0.01927090634126216,400000000.0
AMNoiseGaiJam,0.0,2500,offset_-1,20,20,0,8.30495430920753,0.3319899887437298,0.14550102780535248,-0.3035923747676373,-0.30359237476763723,1.0,1.0,274.05,0.18808193477516602,1.7761505289286288,0.01926245167851448,400000000.0
AMNoiseGaiJam,0.0,2500,offset_-16,20,20,0,-2.510847445473369,0.3319899887437225,0.1455010278053493,-28.5297185319765,-28.529718531976496,0.0,16.0,276.45,0.9824002819812078,1.298350632869114,0.01924780081026256,400000000.0
AMNoiseGaiJam,0.0,2500,offset_-2,20,20,0,8.301088763235388,0.33198998874373103,0.14550102780535304,-1.188619231516971,-1.1886192315169712,1.0,2.0,272.85,0.36253282612235177,1.6057022577815663,0.0191747909411788,400000000.0
AMNoiseGaiJam,0.0,2500,offset_-32,20,20,0,-22.79197305665492,0.33198998874348257,0.14550102780524413,-60.90086154434166,-60.90086154434164,0.0,32.0,278.35,1.0003056643404267,1.4209607876364,0.019468757091090083,400000000.0
AMNoiseGaiJam,0.0,2500,offset_-4,20,20,0,8.151630168186184,0.3319899887437305,0.1455010278053528,-4.868838735280629,-4.868838735280628,1.0,4.0,273.9,0.6618370516893262,1.7948367812882602,0.019331250223331153,400000000.0
AMNoiseGaiJam,0.0,2500,offset_-8,20,20,0,7.256878175955682,0.3319899887437259,0.14550102780535076,-24.770152693200416,-24.770152693200412,1.0,8.0,274.7,0.9744581883494551,1.3611162698384054,0.01929155259858817,400000000.0
AMNoiseGaiJam,0.0,2500,random,20,20,14,-228.3367846195894,147.19974760857065,72.12787632819962,-100.81109946924312,-112.95789962239262,0.2,1458.7,179.75,1.0001545395087723,1.4033412024859502,0.01931450970005244,400000000.0
AMNoiseGaiJam,0.0,2500,true,20,20,0,8.302199321790656,0.3319899887437305,0.1455010278053528,-8.685846209726872e-05,-8.685846209726874e-05,1.0,0.0,272.3,0.0,0.0,0.02095005474984646,400000000.0
AMNoiseGaiJam,0.0,3750,fixed_0,20,20,20,nan,0.0,0.0,nan,nan,0.0,3750.0,0.0,0.9999999999999691,1.4142135623730503,0.01941055234055966,400000000.0
AMNoiseGaiJam,0.0,3750,missing,20,20,20,nan,0.0,0.0,nan,nan,0.0,3750.0,0.0,0.9999999999999691,1.4142135623730503,0.0194166466826573,400000000.0
AMNoiseGaiJam,0.0,3750,offset_+1,20,20,0,8.144620934985829,0.34621868985353305,0.15173703101630964,-0.3035923747676373,-0.30359237476763723,1.0,1.0,53.75,0.1884980466417984,1.7761505289286288,0.019110302673652768,400000000.0
AMNoiseGaiJam,0.0,3750,offset_+16,20,20,0,-2.671180819695286,0.34621868985350274,0.15173703101629635,-28.529718531976492,-28.529718531976492,0.0,16.0,52.9,0.9832810829473392,1.298350632869114,0.019277152023278177,400000000.0
AMNoiseGaiJam,0.0,3750,offset_+2,20,20,0,8.140755389013687,0.34621868985353493,0.15173703101631045,-1.188619231516971,-1.1886192315169712,1.0,2.0,53.35,0.36422490885382136,1.6057022577815663,0.019189537852071226,400000000.0
AMNoiseGaiJam,0.0,3750,offset_+32,20,20,0,-22.95230643087544,0.34621868985354737,0.15173703101631592,-60.90086154434167,-60.90086154434165,0.0,32.0,45.8,1.002055313061031,1.4209607876364,0.01929144491441548,400000000.0
AMNoiseGaiJam,0.0,3750,offset_+4,20,20,0,7.99129679396445,0.3462186898535341,0.15173703101631011,-4.868838735280629,-4.868838735280628,1.0,4.0,53.35,0.6678291195555914,1.7948367812882602,0.01927075209096074,400000000.0
AMNoiseGaiJam,0.0,3750,offset_+8,20,20,0,7.09654480172929,0.3462186898531774,0.15173703101615377,-24.770152693200423,-24.77015269320042,1.0,8.0,52.65,0.9850743850696565,1.3611162698384054,0.01930645084939897,400000000.0
AMNoiseGaiJam,0.0,3750,offset_-1,20,20,0,8.144620934985836,0.34621868985353477,0.1517370310163104,-0.30359237476763823,-0.30359237476763823,1.0,1.0,55.1,0.18808193477516602,1.7761505289286288,0.019145890837535262,400000000.0
AMNoiseGaiJam,0.0,3750,offset_-16,20,20,0,-2.6711808196950604,0.3462186898535281,0.15173703101630748,-28.5297185319765,-28.529718531976496,0.0,16.0,56.55,0.9824002819812078,1.298350632869114,0.019137546769343317,400000000.0
AMNoiseGaiJam,0.0,3750,offset_-2,20,20,0,8.140755389013695,0.34621868985353493,0.15173703101631045,-1.188619231516971,-1.1886192315169712,1.0,2.0,54.35,0.36253282612235177,1.6057022577815663,0.019062607316300273,400000000.0
AMNoiseGaiJam,0.0,3750,offset_-32,20,20,0,-22.952306430876618,0.3462186898532874,0.151737031016202,-60.90086154434166,-60.90086154434164,0.0,32.0,59.4,1.0003056643404267,1.4209607876364,0.019460395560599864,400000000.0
AMNoiseGaiJam,0.0,3750,offset_-4,20,20,0,7.991296793964492,0.3462186898535348,0.15173703101631042,-4.868838735280628,-4.868838735280626,1.0,4.0,55.85,0.6618370516893262,1.7948367812882602,0.019047997193410993,400000000.0
AMNoiseGaiJam,0.0,3750,offset_-8,20,20,0,7.096544801733988,0.3462186898535311,0.1517370310163088,-24.77015269320042,-24.770152693200416,1.0,8.0,57.6,0.9744581883494551,1.3611162698384054,0.01921050134114921,400000000.0
AMNoiseGaiJam,0.0,3750,random,20,20,12,-182.44313310408862,150.57323786106159,76.20057196906816,-89.77558969896556,-137.90359686079853,0.2,1532.0,89.35,1.0002899016775404,1.3905057385755513,0.019352007075212896,400000000.0
AMNoiseGaiJam,0.0,3750,true,20,20,0,8.141865947568963,0.34621868985353493,0.15173703101631045,-8.685846209919741e-05,-8.685846209919741e-05,1.0,0.0,53.5,0.0,0.0,0.021037558326497674,400000000.0
AMNoiseGaiJam,0.0,4500,fixed_0,20,20,20,nan,0.0,0.0,nan,nan,0.0,4500.0,0.0,0.9999999999999691,1.4142135623730503,0.019289646297693253,400000000.0
AMNoiseGaiJam,0.0,4500,missing,20,20,20,nan,0.0,0.0,nan,nan,0.0,4500.0,0.0,0.9999999999999691,1.4142135623730503,0.01916889741551131,400000000.0
AMNoiseGaiJam,0.0,4500,offset_+1,20,20,0,8.073918296544154,0.35666294367999474,0.15631442707623486,-0.29490222623225715,-0.2949022262322571,1.0,1.0,12.05,0.18591080945388547,1.775868998944868,0.019183254335075617,400000000.0
AMNoiseGaiJam,0.0,4500,offset_+16,20,20,0,-2.75121143490012,0.3566629436799647,0.1563144270762217,-28.389621912928863,-28.389621912928863,0.0,16.0,17.65,0.9830187691038048,1.292174278443752,0.019126952975057065,400000000.0
AMNoiseGaiJam,0.0,4500,offset_+2,20,20,0,8.058963392365811,0.356662943679995,0.15631442707623497,-1.1712302313285752,-1.1712302313285752,1.0,2.0,12.65,0.3618374088828529,1.6050793564945063,0.01925610122270882,400000000.0
AMNoiseGaiJam,0.0,4500,offset_+32,20,20,0,-23.02189518848028,0.356662943680008,0.15631442707624066,-60.61837156184881,-60.61837156184882,0.0,32.0,16.35,1.002133300875705,1.4096558303359936,0.019239462562836707,400000000.0
AMNoiseGaiJam,0.0,4500,offset_+4,20,20,0,7.876556750052821,0.35666294367999457,0.15631442707623477,-4.8340258525820134,-4.834025852582013,1.0,4.0,14.25,0.6661500619485542,1.793722127718004,0.0192144449101761,400000000.0
AMNoiseGaiJam,0.0,4500,offset_+8,20,20,0,6.953906852420056,0.35666294367965895,0.1563144270760877,-24.700386836751925,-24.70038683675192,1.0,8.0,13.3,0.9849435794460744,1.3581743260785106,0.01924170064739883,400000000.0
AMNoiseGaiJam,0.0,4500,offset_-1,20,20,0,8.08236300458254,0.356662943679995,0.15631442707623497,-0.3035923747676373,-0.30359237476763723,1.0,1.0,12.8,0.18808193477516602,1.7761505289286288,0.019075159798376262,400000000.0
AMNoiseGaiJam,0.0,4500,offset_-16,20,20,0,-2.762170321076024,0.3566629436799871,0.1563144270762315,-28.5297185319765,-28.529718531976496,0.0,16.0,19.25,0.9824002819812078,1.298350632869114,0.019241697737015784,400000000.0
AMNoiseGaiJam,0.0,4500,offset_-2,20,20,0,8.07845956717908,0.35666294367999485,0.1563144270762349,-1.1886192315169701,-1.1886192315169701,1.0,2.0,13.2,0.36253282612235177,1.6057022577815663,0.01910415303427726,400000000.0
AMNoiseGaiJam,0.0,4500,offset_-32,20,20,0,-23.05485569196057,0.3566629436797482,0.1563144270761268,-60.90086154434166,-60.90086154434164,0.0,32.0,18.55,1.0003056643404267,1.4209607876364,0.0195269996766001,400000000.0
AMNoiseGaiJam,0.0,4500,offset_-4,20,20,0,7.92756173277589,0.35666294367999474,0.15631442707623486,-4.868838735280623,-4.868838735280624,1.0,4.0,13.9,0.6618370516893262,1.7948367812882602,0.019108352717012167,400000000.0
AMNoiseGaiJam,0.0,4500,offset_-8,20,20,0,7.025164297395159,0.35666294367999063,0.15631442707623305,-24.770152693200416,-24.770152693200412,1.0,8.0,18.05,0.9744581883494551,1.3611162698384054,0.019387499196454883,400000000.0
AMNoiseGaiJam,0.0,4500,random,20,20,13,-131.53868603759628,145.7985296098789,90.36686488186074,-89.16008305654647,-112.52392943237498,0.2,2625.5,35.5,0.9989796644179698,1.4065982582252399,0.01933960593305528,400000000.0
AMNoiseGaiJam,0.0,4500,true,20,20,0,8.079581008356838,0.356662943679995,0.15631442707623497,-8.685846209726872e-05,-8.685846209726874e-05,1.0,0.0,12.45,0.0,0.0,0.020935453358106315,400000000.0
AMNoiseGaiJam,0.0,500,fixed_0,20,20,0,6.277126411165559,0.2621809483855748,0.11490586690711975,-8.685846209919741e-05,-8.685846209919741e-05,1.0,0.0,624.25,0.0,0.0,0.019391794921830297,400000000.0
AMNoiseGaiJam,0.0,500,missing,20,20,0,6.277126411165559,0.2621809483855748,0.11490586690711975,-8.685846209919741e-05,-8.685846209919741e-05,1.0,0.0,624.25,0.0,0.0,0.01941044465638697,400000000.0
AMNoiseGaiJam,0.0,500,offset_+1,20,20,0,6.279908407354411,0.2621809483855748,0.11490586690711975,-0.3035923747676373,-0.30359237476763723,1.0,1.0,624.45,0.1884980466417984,1.7761505289286288,0.019293694640509784,400000000.0
AMNoiseGaiJam,0.0,500,offset_+16,20,20,0,-4.564625647893761,0.26218094838556066,0.11490586690711357,-28.529718531976492,-28.529718531976492,0.0,16.0,624.5,0.9832810829473392,1.298350632869114,0.01941039809025824,400000000.0
AMNoiseGaiJam,0.0,500,offset_+2,20,20,0,6.276004969401148,0.2621809483855754,0.11490586690712,-1.1886192315169701,-1.1886192315169701,1.0,2.0,625.4,0.36422490885382136,1.6057022577815663,0.019320897990837693,400000000.0
AMNoiseGaiJam,0.0,500,offset_+32,20,20,0,-24.857311924216457,0.2621809483856088,0.11490586690713464,-60.90086154434166,-60.900861544341645,0.0,32.0,619.6,1.002055313061031,1.4209607876364,0.01927484991028905,400000000.0
AMNoiseGaiJam,0.0,500,offset_+4,20,20,0,6.1251071265901915,0.26218094838557293,0.11490586690711893,-4.868838735280629,-4.868838735280628,1.0,4.0,622.9,0.6678291195555914,1.7948367812882602,0.01929370337165892,400000000.0
AMNoiseGaiJam,0.0,500,offset_+8,20,20,0,5.222709585122227,0.2621809483847511,0.11490586690675875,-24.77015269320042,-24.770152693200416,1.0,8.0,622.5,0.9850743850696565,1.3611162698384054,0.019433253328315914,400000000.0
AMNoiseGaiJam,0.0,500,offset_-1,20,20,0,6.277126411165559,0.2621809483855748,0.11490586690711975,-8.685846209919741e-05,-8.685846209919741e-05,1.0,0.0,624.25,0.0,0.0,0.019137549679726362,400000000.0
AMNoiseGaiJam,0.0,500,offset_-16,20,20,0,6.277126411165559,0.2621809483855748,0.11490586690711975,-8.685846209919741e-05,-8.685846209919741e-05,1.0,0.0,624.25,0.0,0.0,0.019406090723350644,400000000.0
AMNoiseGaiJam,0.0,500,offset_-2,20,20,0,6.277126411165559,0.2621809483855748,0.11490586690711975,-8.685846209919741e-05,-8.685846209919741e-05,1.0,0.0,624.25,0.0,0.0,0.019174895714968443,400000000.0
AMNoiseGaiJam,0.0,500,offset_-32,20,20,0,6.277126411165559,0.2621809483855748,0.11490586690711975,-8.685846209919741e-05,-8.685846209919741e-05,1.0,0.0,624.25,0.0,0.0,0.019649905152618885,400000000.0
AMNoiseGaiJam,0.0,500,offset_-4,20,20,0,6.277126411165559,0.2621809483855748,0.11490586690711975,-8.685846209919741e-05,-8.685846209919741e-05,1.0,0.0,624.25,0.0,0.0,0.01939580834005028,400000000.0
AMNoiseGaiJam,0.0,500,offset_-8,20,20,0,6.277126411165559,0.2621809483855748,0.11490586690711975,-8.685846209919741e-05,-8.685846209919741e-05,1.0,0.0,624.25,0.0,0.0,0.019643857376649976,400000000.0
AMNoiseGaiJam,0.0,500,random,20,20,14,-240.03090163060713,144.929408854619,66.95397095904639,-79.32189046112181,-105.61224113726247,0.15,1817.65,255.95,0.9501937396001505,1.3346239807235416,0.019339591381140053,400000000.0
AMNoiseGaiJam,0.0,500,true,20,20,0,6.277126411165559,0.2621809483855748,0.11490586690711975,-8.685846209919741e-05,-8.685846209919741e-05,1.0,0.0,624.25,0.0,0.0,0.02092720242217183,400000000.0
AMNoiseGaiJam,10.0,1250,fixed_0,20,20,0,-43.985297100088935,0.42421600822201755,0.18592086297949603,-100.74809690831708,-100.74809690831707,0.0,750.0,629.25,1.0023149636031818,1.4162946809990093,0.0190062535693869,400000000.0
AMNoiseGaiJam,10.0,1250,missing,20,20,0,-43.985297100088935,0.42421600822201755,0.18592086297949603,-100.74809690831708,-100.74809690831707,0.0,750.0,629.25,1.0023149636031818,1.4162946809990093,0.018833298236131668,400000000.0
AMNoiseGaiJam,10.0,1250,offset_+1,20,20,0,16.627935007083153,0.4242160082221494,0.1859208629795538,-0.3035923747676373,-0.30359237476763723,1.0,1.0,491.5,0.19191986121370347,1.7761505289286288,0.018908342462964356,400000000.0
AMNoiseGaiJam,10.0,1250,offset_+16,20,20,0,5.812133252402125,0.42421600822197997,0.18592086297947955,-28.5297185319765,-28.529718531976496,0.0,16.0,490.2,0.9937810889397373,1.298350632869114,0.01876655442174524,400000000.0
AMNoiseGaiJam,10.0,1250,offset_+2,20,20,0,16.624069461111006,0.42421600822215305,0.1859208629795554,-1.188619231516971,-1.1886192315169712,1.0,2.0,491.55,0.37158702654673065,1.6057022577815663,0.018645846284925938,400000000.0
AMNoiseGaiJam,10.0,1250,offset_+32,20,20,0,-14.46899235877795,0.42421600822215694,0.1859208629795571,-60.90086154434167,-60.90086154434165,0.0,32.0,486.7,1.0117900880073827,1.4209607876364,0.019935501040890813,400000000.0
AMNoiseGaiJam,10.0,1250,offset_+4,20,20,0,16.474610866061774,0.4242160082221499,0.185920862979554,-4.868838735280629,-4.868838735280628,1.0,4.0,488.2,0.6827962113243444,1.7948367812882602,0.019000045722350478,400000000.0
AMNoiseGaiJam,10.0,1250,offset_+8,20,20,0,15.579858873827746,0.42421600822170147,0.1859208629793575,-24.77015269320042,-24.770152693200416,1.0,8.0,489.25,1.0034326806402452,1.3611162698384054,0.018777046352624893,400000000.0
AMNoiseGaiJam,10.0,1250,offset_-1,20,20,0,16.62793500708316,0.4242160082221517,0.18592086297955482,-0.3035923747676373,-0.30359237476763723,1.0,1.0,492.1,0.1908040014124452,1.7761505289286288,0.018999847816303372,400000000.0
AMNoiseGaiJam,10.0,1250,offset_-16,20,20,0,5.812133252402274,0.4242160082221185,0.18592086297954025,-28.5297185319765,-28.529718531976496,0.0,16.0,496.4,0.9925410890948324,1.298350632869114,0.01899789785966277,400000000.0
AMNoiseGaiJam,10.0,1250,offset_-2,20,20,0,16.624069461111013,0.42421600822215233,0.18592086297955507,-1.188619231516971,-1.1886192315169712,1.0,2.0,493.1,0.36702552511711356,1.6057022577815663,0.018756164354272187,400000000.0
AMNoiseGaiJam,10.0,1250,offset_-32,20,20,0,-14.468992358778005,0.4242160082221532,0.18592086297955548,-60.90086154434166,-60.90086154434164,0.0,32.0,498.75,1.0085465771556215,1.4209607876364,0.019091647118330002,400000000.0
AMNoiseGaiJam,10.0,1250,offset_-4,20,20,0,16.47461086606181,0.424216008222152,0.18592086297955493,-4.868838735280629,-4.868838735280628,1.0,4.0,489.65,0.666682934599194,1.7948367812882602,0.018956197891384363,400000000.0
AMNoiseGaiJam,10.0,1250,offset_-8,20,20,0,15.57985887383104,0.4242160082220923,0.18592086297952878,-24.77015269320042,-24.770152693200416,1.0,8.0,493.3,0.9742128263857623,1.3611162698384054,0.018906299374066293,400000000.0
AMNoiseGaiJam,10.0,1250,random,20,20,11,-199.97091091865727,146.24834995650127,64.09616541158339,-104.1076089918767,-126.6771315657612,0.15,1397.65,276.9,1.001134500403809,1.407624122522626,0.018787503358907998,400000000.0
AMNoiseGaiJam,10.0,1250,true,20,20,0,16.62518001966628,0.42421600822215344,0.18592086297955557,-8.685846209919741e-05,-8.685846209919741e-05,1.0,0.0,492.0,0.0,0.0,0.020545802544802427,400000000.0
AMNoiseGaiJam,10.0,2500,fixed_0,20,20,20,nan,0.0,0.0,nan,nan,0.0,2500.0,0.0,0.9999999999999719,1.4142135623730503,0.018916709814220667,400000000.0
AMNoiseGaiJam,10.0,2500,missing,20,20,20,nan,0.0,0.0,nan,nan,0.0,2500.0,0.0,0.9999999999999719,1.4142135623730503,0.018816653755493462,400000000.0
AMNoiseGaiJam,10.0,2500,offset_+1,20,20,0,16.645651544316934,0.42315251358596595,0.18545476590471213,-0.3035923747676373,-0.30359237476763723,1.0,1.0,271.8,0.19191986121370347,1.7761505289286288,0.018910394283011556,400000000.0
AMNoiseGaiJam,10.0,2500,offset_+16,20,20,0,5.829849789635906,0.4231525135857984,0.18545476590463872,-28.529718531976492,-28.529718531976492,0.0,16.0,271.2,0.9937810889397373,1.298350632869114,0.018739595543593168,400000000.0
AMNoiseGaiJam,10.0,2500,offset_+2,20,20,0,16.641785998344787,0.4231525135859682,0.1854547659047131,-1.188619231516971,-1.1886192315169712,1.0,2.0,272.95,0.37158702654673065,1.6057022577815663,0.018866697791963816,400000000.0
AMNoiseGaiJam,10.0,2500,offset_+32,20,20,0,-14.451275821544167,0.42315251358597195,0.18545476590471474,-60.90086154434167,-60.90086154434165,0.0,32.0,269.4,1.0117900880073827,1.4209607876364,0.018937501590698957,400000000.0
AMNoiseGaiJam,10.0,2500,offset_+4,20,20,0,16.492327403295555,0.4231525135859664,0.18545476590471233,-4.868838735280628,-4.868838735280626,1.0,4.0,272.95,0.6827962113243444,1.7948367812882602,0.019045898807235062,400000000.0
AMNoiseGaiJam,10.0,2500,offset_+8,20,20,0,15.597575411061523,0.423152513585506,0.18545476590451054,-24.77015269320042,-24.770152693200416,1.0,8.0,270.75,1.0034326806402452,1.3611162698384054,0.018971043755300343,400000000.0
AMNoiseGaiJam,10.0,2500,offset_-1,20,20,0,16.64565154431694,0.4231525135859683,0.18545476590471313,-0.3035923747676373,-0.30359237476763723,1.0,1.0,274.45,0.1908040014124452,1.7761505289286288,0.01912490406539291,400000000.0
AMNoiseGaiJam,10.0,2500,offset_-16,20,20,0,5.8298497896360555,0.4231525135859347,0.18545476590469845,-28.5297185319765,-28.529718531976496,0.0,16.0,275.3,0.9925410890948324,1.298350632869114,0.0190957507584244,400000000.0
AMNoiseGaiJam,10.0,2500,offset_-2,20,20,0,16.641785998344794,0.42315251358596845,0.18545476590471321,-1.188619231516971,-1.1886192315169712,1.0,2.0,274.35,0.36702552511711356,1.6057022577815663,0.0188645557500422,400000000.0
AMNoiseGaiJam,10.0,2500,offset_-32,20,20,0,-14.451275821544224,0.4231525135859704,0.18545476590471408,-60.90086154434166,-60.90086154434164,0.0,32.0,279.45,1.0085465771556215,1.4209607876364,0.019131338922306895,400000000.0
AMNoiseGaiJam,10.0,2500,offset_-4,20,20,0,16.49232740329559,0.4231525135859675,0.18545476590471283,-4.868838735280629,-4.868838735280628,1.0,4.0,275.4,0.666682934599194,1.7948367812882602,0.019149945001117885,400000000.0
AMNoiseGaiJam,10.0,2500,offset_-8,20,20,0,15.597575411064819,0.4231525135859075,0.1854547659046865,-24.770152693200416,-24.770152693200412,1.0,8.0,271.3,0.9742128263857623,1.3611162698384054,0.019137447816319764,400000000.0
AMNoiseGaiJam,10.0,2500,random,20,20,14,-219.95589098684658,147.2010269982252,72.12850322913035,-100.81109946924312,-112.95789962239262,0.2,1458.7,177.6,1.0015488782622486,1.4033412024859502,0.018747698049992323,400000000.0
AMNoiseGaiJam,10.0,2500,true,20,20,0,16.642896556900062,0.4231525135859692,0.18545476590471355,-8.685846209726872e-05,-8.685846209726874e-05,1.0,0.0,269.95,0.0,0.0,0.020475048222579062,400000000.0
AMNoiseGaiJam,10.0,3750,fixed_0,20,20,20,nan,0.0,0.0,nan,nan,0.0,3750.0,0.0,0.9999999999999719,1.4142135623730503,0.019158347276970744,400000000.0
AMNoiseGaiJam,10.0,3750,missing,20,20,20,nan,0.0,0.0,nan,nan,0.0,3750.0,0.0,0.9999999999999719,1.4142135623730503,0.019054199219681323,400000000.0
AMNoiseGaiJam,10.0,3750,offset_+1,20,20,0,16.626196109828403,0.42466841033121305,0.1861191369458838,-0.3035923747676373,-0.30359237476763723,1.0,1.0,53.3,0.19191986121370347,1.7761505289286288,0.018727104179561138,400000000.0
AMNoiseGaiJam,10.0,3750,offset_+16,20,20,0,5.810394355147375,0.4246684103310463,0.1861191369458107,-28.529718531976492,-28.529718531976492,0.0,16.0,52.4,0.9937810889397373,1.298350632869114,0.01874779991339892,400000000.0
AMNoiseGaiJam,10.0,3750,offset_+2,20,20,0,16.62233056385626,0.42466841033121594,0.18611913694588506,-1.188619231516971,-1.1886192315169712,1.0,2.0,52.7,0.37158702654673065,1.6057022577815663,0.01862084900494665,400000000.0
AMNoiseGaiJam,10.0,3750,offset_+32,20,20,0,-14.470731256032698,0.42466841033121944,0.1861191369458866,-60.90086154434167,-60.90086154434165,0.0,32.0,47.45,1.0117900880073827,1.4209607876364,0.01902705116663128,400000000.0
AMNoiseGaiJam,10.0,3750,offset_+4,20,20,0,16.472871968807027,0.4246684103312141,0.18611913694588428,-4.868838735280629,-4.868838735280628,1.0,4.0,55.0,0.6827962113243444,1.7948367812882602,0.01877715694718063,400000000.0
AMNoiseGaiJam,10.0,3750,offset_+8,20,20,0,15.578119976572998,0.42466841033076036,0.18611913694568538,-24.770152693200423,-24.77015269320042,1.0,8.0,52.9,1.0034326806402452,1.3611162698384054,0.01890004496090114,400000000.0
AMNoiseGaiJam,10.0,3750,offset_-1,20,20,0,16.626196109828406,0.4246684103312151,0.1861191369458847,-0.30359237476763823,-0.30359237476763823,1.0,1.0,54.45,0.1908040014124452,1.7761505289286288,0.018816592637449503,400000000.0
AMNoiseGaiJam,10.0,3750,offset_-16,20,20,0,5.810394355147524,0.4246684103311819,0.18611913694587015,-28.5297185319765,-28.529718531976496,0.0,16.0,56.95,0.9925410890948324,1.298350632869114,0.018820763216353953,400000000.0
AMNoiseGaiJam,10.0,3750,offset_-2,20,20,0,16.622330563856266,0.42466841033121583,0.186119136945885,-1.188619231516971,-1.1886192315169712,1.0,2.0,54.15,0.36702552511711356,1.6057022577815663,0.01884800149127841,400000000.0
AMNoiseGaiJam,10.0,3750,offset_-32,20,20,0,-14.470731256032755,0.4246684103312178,0.1861191369458859,-60.90086154434166,-60.90086154434164,0.0,32.0,63.55,1.0085465771556215,1.4209607876364,0.01883954682853073,400000000.0
AMNoiseGaiJam,10.0,3750,offset_-4,20,20,0,16.472871968807056,0.4246684103312153,0.18611913694588475,-4.868838735280628,-4.868838735280626,1.0,4.0,56.3,0.666682934599194,1.7948367812882602,0.01888144761323929,400000000.0
AMNoiseGaiJam,10.0,3750,offset_-8,20,20,0,15.578119976576286,0.4246684103311563,0.18611913694585894,-24.77015269320042,-24.770152693200416,1.0,8.0,54.9,0.9742128263857623,1.3611162698384054,0.01887290272861719,400000000.0
AMNoiseGaiJam,10.0,3750,random,20,20,12,-173.9687078203932,150.60506209939047,76.21667725575514,-89.77558969896556,-137.90359686079853,0.2,1532.0,88.75,1.0023925406326182,1.3905057385755513,0.019166551646776497,400000000.0
AMNoiseGaiJam,10.0,3750,true,20,20,0,16.62344112241153,0.4246684103312157,0.18611913694588497,-8.685846209919741e-05,-8.685846209919741e-05,1.0,0.0,54.4,0.0,0.0,0.0202540511963889,400000000.0
AMNoiseGaiJam,10.0,4500,fixed_0,20,20,20,nan,0.0,0.0,nan,nan,0.0,4500.0,0.0,0.9999999999999719,1.4142135623730503,0.019018648890778422,400000000.0
AMNoiseGaiJam,10.0,4500,missing,20,20,20,nan,0.0,0.0,nan,nan,0.0,4500.0,0.0,0.9999999999999719,1.4142135623730503,0.018831208581104875,400000000.0
AMNoiseGaiJam,10.0,4500,offset_+1,20,20,0,16.647726243815143,0.42578856479943294,0.1866100662869868,-0.29490222623225715,-0.2949022262322571,1.0,1.0,12.65,0.18938827401103536,1.775868998944868,0.01900189381558448,400000000.0
AMNoiseGaiJam,10.0,4500,offset_+16,20,20,0,5.8225965123709615,0.4257885647992682,0.1866100662869146,-28.389621912928863,-28.389621912928863,0.0,16.0,17.8,0.9937065782433651,1.292174278443752,0.01888559781946242,400000000.0
AMNoiseGaiJam,10.0,4500,offset_+2,20,20,0,16.632771339636797,0.42578856479943367,0.18661006628698712,-1.1712302313285752,-1.1712302313285752,1.0,2.0,12.35,0.3692692973699565,1.6050793564945063,0.0187748548341915,400000000.0
AMNoiseGaiJam,10.0,4500,offset_+32,20,20,0,-14.448087241209127,0.42578856479943655,0.18661006628698837,-60.61837156184881,-60.61837156184882,0.0,32.0,16.7,1.0121956520458208,1.4096558303359936,0.01880210475064814,400000000.0
AMNoiseGaiJam,10.0,4500,offset_+4,20,20,0,16.450364697323817,0.4257885647994316,0.18661006628698623,-4.8340258525820134,-4.834025852582013,1.0,4.0,13.8,0.6812239582257704,1.793722127718004,0.018850056221708655,400000000.0
AMNoiseGaiJam,10.0,4500,offset_+8,20,20,0,15.52771479969223,0.42578856479898025,0.1866100662867884,-24.700386836751925,-24.70038683675192,1.0,8.0,14.5,1.0034526661825423,1.3581743260785106,0.018862553406506777,400000000.0
AMNoiseGaiJam,10.0,4500,offset_-1,20,20,0,16.65617095185353,0.42578856479943367,0.18661006628698712,-0.3035923747676373,-0.30359237476763723,1.0,1.0,13.05,0.1908040014124452,1.7761505289286288,0.018974897102452815,400000000.0
AMNoiseGaiJam,10.0,4500,offset_-16,20,20,0,5.811637626194981,0.4257885647993986,0.18661006628697174,-28.5297185319765,-28.529718531976496,0.0,16.0,19.5,0.9925410890948324,1.298350632869114,0.019187346333637834,400000000.0
AMNoiseGaiJam,10.0,4500,offset_-2,20,20,0,16.652267514450067,0.42578856479943294,0.1866100662869868,-1.1886192315169701,-1.1886192315169701,1.0,2.0,12.95,0.36702552511711356,1.6057022577815663,0.019025092478841543,400000000.0
AMNoiseGaiJam,10.0,4500,offset_-32,20,20,0,-14.481047744688283,0.4257885647994351,0.18661006628698776,-60.90086154434166,-60.90086154434164,0.0,32.0,19.25,1.0085465771556215,1.4209607876364,0.019129295833408833,400000000.0
AMNoiseGaiJam,10.0,4500,offset_-4,20,20,0,16.501369680046885,0.425788564799429,0.18661006628698507,-4.868838735280623,-4.868838735280624,1.0,4.0,14.75,0.666682934599194,1.7948367812882602,0.01940205111168325,400000000.0
AMNoiseGaiJam,10.0,4500,offset_-8,20,20,0,15.598972244665877,0.42578856479937316,0.1866100662869606,-24.770152693200416,-24.770152693200412,1.0,8.0,17.8,0.9742128263857623,1.3611162698384054,0.019160445663146675,400000000.0
AMNoiseGaiJam,10.0,4500,random,20,20,13,-122.72645799602886,145.47926664076456,90.16898364349068,-89.16008305654647,-112.52392943237498,0.2,2625.5,35.4,1.0004664927927875,1.4065982582252399,0.018700258806347847,400000000.0
AMNoiseGaiJam,10.0,4500,true,20,20,0,16.65338895562783,0.4257885647994331,0.18661006628698687,-8.685846209726872e-05,-8.685846209726874e-05,1.0,0.0,12.65,0.0,0.0,0.02063340798486024,400000000.0
AMNoiseGaiJam,10.0,500,fixed_0,20,20,0,13.631072376440446,0.3715230569693715,0.16282715887604016,-8.685846209919741e-05,-8.685846209919741e-05,1.0,0.0,626.05,0.0,0.0,0.01911860308609903,400000000.0
AMNoiseGaiJam,10.0,500,missing,20,20,0,13.631072376440446,0.3715230569693715,0.16282715887604016,-8.685846209919741e-05,-8.685846209919741e-05,1.0,0.0,626.05,0.0,0.0,0.01901669893413782,400000000.0
AMNoiseGaiJam,10.0,500,offset_+1,20,20,0,13.633854372629301,0.3715230569693717,0.16282715887604024,-0.3035923747676373,-0.30359237476763723,1.0,1.0,624.9,0.19191986121370347,1.7761505289286288,0.01919995411299169,400000000.0
AMNoiseGaiJam,10.0,500,offset_+16,20,20,0,2.789320317381218,0.371523056969298,0.16282715887600796,-28.529718531976492,-28.529718531976492,0.0,16.0,624.0,0.9937810889397373,1.298350632869114,0.019120846991427243,400000000.0
AMNoiseGaiJam,10.0,500,offset_+2,20,20,0,13.629950934676037,0.37152305696937027,0.16282715887603963,-1.1886192315169701,-1.1886192315169701,1.0,2.0,627.0,0.37158702654673065,1.6057022577815663,0.01899774360936135,400000000.0
AMNoiseGaiJam,10.0,500,offset_+32,20,20,0,-17.503365958941394,0.37152305696937554,0.16282715887604193,-60.90086154434166,-60.900861544341645,0.0,32.0,618.3,1.0117900880073827,1.4209607876364,0.01906879770103842,400000000.0
AMNoiseGaiJam,10.0,500,offset_+4,20,20,0,13.47905309186508,0.37152305696936866,0.1628271588760389,-4.868838735280629,-4.868838735280628,1.0,4.0,622.1,0.6827962113243444,1.7948367812882602,0.019185399287380278,400000000.0
AMNoiseGaiJam,10.0,500,offset_+8,20,20,0,12.576655550398264,0.37152305696922544,0.16282715887597615,-24.77015269320042,-24.770152693200416,1.0,8.0,626.65,1.0034326806402452,1.3611162698384054,0.019116647308692336,400000000.0
AMNoiseGaiJam,10.0,500,offset_-1,20,20,0,13.631072376440446,0.3715230569693715,0.16282715887604016,-8.685846209919741e-05,-8.685846209919741e-05,1.0,0.0,626.05,0.0,0.0,0.019091650028713048,400000000.0
AMNoiseGaiJam,10.0,500,offset_-16,20,20,0,13.631072376440446,0.3715230569693715,0.16282715887604016,-8.685846209919741e-05,-8.685846209919741e-05,1.0,0.0,626.05,0.0,0.0,0.019006148795597255,400000000.0
AMNoiseGaiJam,10.0,500,offset_-2,20,20,0,13.631072376440446,0.3715230569693715,0.16282715887604016,-8.685846209919741e-05,-8.685846209919741e-05,1.0,0.0,626.05,0.0,0.0,0.018852099310606718,400000000.0
AMNoiseGaiJam,10.0,500,offset_-32,20,20,0,13.631072376440446,0.3715230569693715,0.16282715887604016,-8.685846209919741e-05,-8.685846209919741e-05,1.0,0.0,626.05,0.0,0.0,0.019120750948786736,400000000.0
AMNoiseGaiJam,10.0,500,offset_-4,20,20,0,13.631072376440446,0.3715230569693715,0.16282715887604016,-8.685846209919741e-05,-8.685846209919741e-05,1.0,0.0,626.05,0.0,0.0,0.01912489824462682,400000000.0
AMNoiseGaiJam,10.0,500,offset_-8,20,20,0,13.631072376440446,0.3715230569693715,0.16282715887604016,-8.685846209919741e-05,-8.685846209919741e-05,1.0,0.0,626.05,0.0,0.0,0.01902499934658408,400000000.0
AMNoiseGaiJam,10.0,500,random,20,20,14,-232.6577068946506,144.8614290813083,66.9225659060346,-79.32189046112181,-105.61224113726247,0.15,1817.65,256.35,0.951404375593261,1.3346239807235416,0.0189790443982929,400000000.0
AMNoiseGaiJam,10.0,500,true,20,20,0,13.631072376440446,0.3715230569693715,0.16282715887604016,-8.685846209919741e-05,-8.685846209919741e-05,1.0,0.0,626.05,0.0,0.0,0.020679045701399446,400000000.0
AMNoiseGaiJam,20.0,1250,fixed_0,20,20,0,-36.17142795889981,0.6815727721620984,0.298712437832816,-100.74809690831708,-100.74809690831707,0.0,750.0,622.65,1.0142519633059617,1.4162946809990093,0.019166601123288274,400000000.0
AMNoiseGaiJam,20.0,1250,missing,20,20,0,-36.17142795889981,0.6815727721620984,0.298712437832816,-100.74809690831708,-100.74809690831707,0.0,750.0,622.65,1.0142519633059617,1.4162946809990093,0.01907089026644826,400000000.0
AMNoiseGaiJam,20.0,1250,offset_+1,20,20,0,24.44180414827176,0.681572772162098,0.29871243783281576,-0.3035923747676373,-0.30359237476763723,1.0,1.0,490.1,0.21147008709347767,1.7761505289286288,0.018974996055476367,400000000.0
AMNoiseGaiJam,20.0,1250,offset_+16,20,20,0,13.626002393591127,0.681572772162093,0.2987124378328136,-28.5297185319765,-28.529718531976496,0.0,16.0,488.85,1.0494781612253812,1.298350632869114,0.018810402252711356,400000000.0
AMNoiseGaiJam,20.0,1250,offset_+2,20,20,0,24.437938602299617,0.6815727721620954,0.29871243783281465,-1.188619231516971,-1.1886192315169712,1.0,2.0,489.95,0.410218265865706,1.6057022577815663,0.01887709368020296,400000000.0
AMNoiseGaiJam,20.0,1250,offset_+32,20,20,0,-6.655123217589304,0.681572772162101,0.29871243783281703,-60.90086154434167,-60.90086154434165,0.0,32.0,489.0,1.060177287785147,1.4209607876364,0.01900005154311657,400000000.0
AMNoiseGaiJam,20.0,1250,offset_+4,20,20,0,24.2884800072504,0.6815727721620941,0.2987124378328141,-4.868838735280629,-4.868838735280628,1.0,4.0,490.6,0.7508040435495358,1.7948367812882602,0.019114656606689095,400000000.0
AMNoiseGaiJam,20.0,1250,offset_+8,20,20,0,23.393728015018027,0.6815727721581363,0.2987124378310795,-24.77015269320042,-24.770152693200416,1.0,8.0,490.3,1.0724835720408747,1.3611162698384054,0.01916869659908116,400000000.0
AMNoiseGaiJam,20.0,1250,offset_-1,20,20,0,24.441804148271764,0.681572772162098,0.29871243783281576,-0.3035923747676373,-0.30359237476763723,1.0,1.0,492.8,0.2097220892635309,1.7761505289286288,0.018945650663226843,400000000.0
AMNoiseGaiJam,20.0,1250,offset_-16,20,20,0,13.626002393591131,0.6815727721620832,0.2987124378328093,-28.5297185319765,-28.529718531976496,0.0,16.0,497.9,1.0518913717775646,1.298350632869114,0.019054199219681323,400000000.0
AMNoiseGaiJam,20.0,1250,offset_-2,20,20,0,24.437938602299628,0.6815727721620967,0.29871243783281515,-1.188619231516971,-1.1886192315169712,1.0,2.0,490.95,0.4028869525878879,1.6057022577815663,0.0185604440048337,400000000.0
AMNoiseGaiJam,20.0,1250,offset_-32,20,20,0,-6.655123217589306,0.6815727721621012,0.29871243783281715,-60.90086154434166,-60.90086154434164,0.0,32.0,496.45,1.0617861996864073,1.4209607876364,0.018939599976874888,400000000.0
AMNoiseGaiJam,20.0,1250,offset_-4,20,20,0,24.288480007250417,0.6815727721620933,0.2987124378328137,-4.868838735280629,-4.868838735280628,1.0,4.0,492.1,0.7242468955634189,1.7948367812882602,0.019056262681260705,400000000.0
AMNoiseGaiJam,20.0,1250,offset_-8,20,20,0,23.393728015019253,0.6815727721619594,0.29871243783275503,-24.77015269320042,-24.770152693200416,1.0,8.0,493.5,1.0231801474032793,1.3611162698384054,0.019081149366684258,400000000.0
AMNoiseGaiJam,20.0,1250,random,20,20,11,-192.15704177746866,146.17846448460972,64.06553675308871,-104.1076089918767,-126.6771315657612,0.15,1397.65,276.05,1.005948985833859,1.407624122522626,0.018974996055476367,400000000.0
AMNoiseGaiJam,20.0,1250,true,20,20,0,24.439049160854893,0.6815727721620982,0.29871243783281587,-8.685846209919741e-05,-8.685846209919741e-05,1.0,0.0,492.05,0.0,0.0,0.020466590649448335,400000000.0
AMNoiseGaiJam,20.0,2500,fixed_0,20,20,20,nan,0.0,0.0,nan,nan,0.0,2500.0,0.0,0.999999999999978,1.4142135623730503,0.019037301535718143,400000000.0
AMNoiseGaiJam,20.0,2500,missing,20,20,20,nan,0.0,0.0,nan,nan,0.0,2500.0,0.0,0.999999999999978,1.4142135623730503,0.018891695071943104,400000000.0
AMNoiseGaiJam,20.0,2500,offset_+1,20,20,0,24.470097136396312,0.6801138369703468,0.29807303129316537,-0.3035923747676373,-0.30359237476763723,1.0,1.0,274.1,0.21147008709347767,1.7761505289286288,0.018956046551465988,400000000.0
AMNoiseGaiJam,20.0,2500,offset_+16,20,20,0,13.654295381715675,0.680113836970342,0.29807303129316326,-28.529718531976492,-28.529718531976492,0.0,16.0,271.35,1.0494781612253812,1.298350632869114,0.018697947962209582,400000000.0
AMNoiseGaiJam,20.0,2500,offset_+2,20,20,0,24.466231590424172,0.6801138369703458,0.2980730312931649,-1.188619231516971,-1.1886192315169712,1.0,2.0,272.0,0.410218265865706,1.6057022577815663,0.018860393902286887,400000000.0
AMNoiseGaiJam,20.0,2500,offset_+32,20,20,0,-6.626830229464754,0.6801138369703494,0.29807303129316653,-60.90086154434167,-60.90086154434165,0.0,32.0,269.35,1.060177287785147,1.4209607876364,0.01893135195132345,400000000.0
AMNoiseGaiJam,20.0,2500,offset_+4,20,20,0,24.316772995374954,0.6801138369703423,0.2980730312931634,-4.868838735280628,-4.868838735280626,1.0,4.0,272.7,0.7508040435495358,1.7948367812882602,0.018901997827924788,400000000.0
AMNoiseGaiJam,20.0,2500,offset_+8,20,20,0,23.422021003142582,0.6801138369664144,0.2980730312914419,-24.77015269320042,-24.770152693200416,1.0,8.0,272.45,1.0724835720408747,1.3611162698384054,0.018885298050008714,400000000.0
AMNoiseGaiJam,20.0,2500,offset_-1,20,20,0,24.470097136396316,0.6801138369703483,0.29807303129316604,-0.3035923747676373,-0.30359237476763723,1.0,1.0,273.7,0.2097220892635309,1.7761505289286288,0.019997908384539187,400000000.0
AMNoiseGaiJam,20.0,2500,offset_-16,20,20,0,13.65429538171568,0.6801138369703313,0.2980730312931586,-28.5297185319765,-28.529718531976496,0.0,16.0,276.65,1.0518913717775646,1.298350632869114,0.019354099640622735,400000000.0
AMNoiseGaiJam,20.0,2500,offset_-2,20,20,0,24.466231590424176,0.6801138369703461,0.29807303129316504,-1.188619231516971,-1.1886192315169712,1.0,2.0,273.05,0.4028869525878879,1.6057022577815663,0.018768649897538126,400000000.0
AMNoiseGaiJam,20.0,2500,offset_-32,20,20,0,-6.6268302294647565,0.6801138369703496,0.2980730312931666,-60.90086154434166,-60.90086154434164,0.0,32.0,279.6,1.0617861996864073,1.4209607876364,0.019045849330723286,400000000.0
AMNoiseGaiJam,20.0,2500,offset_-4,20,20,0,24.31677299537497,0.6801138369703419,0.2980730312931632,-4.868838735280629,-4.868838735280628,1.0,4.0,273.75,0.7242468955634189,1.7948367812882602,0.01882289652712643,400000000.0
AMNoiseGaiJam,20.0,2500,offset_-8,20,20,0,23.422021003143804,0.6801138369702123,0.2980730312931064,-24.770152693200416,-24.770152693200412,1.0,8.0,275.35,1.0231801474032793,1.3611162698384054,0.018941701273433864,400000000.0
AMNoiseGaiJam,20.0,2500,random,20,20,14,-212.2233481876155,147.35480888001933,72.20385635120947,-100.81109946924312,-112.95789962239262,0.2,1458.7,178.5,1.0100381143924912,1.4033412024859502,0.0188770005479455,400000000.0
AMNoiseGaiJam,20.0,2500,true,20,20,0,24.467342148979444,0.6801138369703474,0.29807303129316565,-8.685846209726872e-05,-8.685846209726874e-05,1.0,0.0,274.3,0.0,0.0,0.020624889293685555,400000000.0
AMNoiseGaiJam,20.0,3750,fixed_0,20,20,20,nan,0.0,0.0,nan,nan,0.0,3750.0,0.0,0.999999999999978,1.4142135623730503,0.019316651741974056,400000000.0
AMNoiseGaiJam,20.0,3750,missing,20,20,20,nan,0.0,0.0,nan,nan,0.0,3750.0,0.0,0.999999999999978,1.4142135623730503,0.019018712919205427,400000000.0
AMNoiseGaiJam,20.0,3750,offset_+1,20,20,0,24.46812794766618,0.6801814210180898,0.2981026513080552,-0.3035923747676373,-0.30359237476763723,1.0,1.0,53.4,0.21147008709347767,1.7761505289286288,0.018975045531988144,400000000.0
AMNoiseGaiJam,20.0,3750,offset_+16,20,20,0,13.652326192985546,0.6801814210180843,0.2981026513080528,-28.529718531976492,-28.529718531976492,0.0,16.0,52.95,1.0494781612253812,1.298350632869114,0.01890194253064692,400000000.0
AMNoiseGaiJam,20.0,3750,offset_+2,20,20,0,24.46426240169404,0.680181421018089,0.2981026513080548,-1.188619231516971,-1.1886192315169712,1.0,2.0,53.25,0.410218265865706,1.6057022577815663,0.018808452296070755,400000000.0
AMNoiseGaiJam,20.0,3750,offset_+32,20,20,0,-6.628799418194883,0.6801814210180918,0.298102651308056,-60.90086154434167,-60.90086154434165,0.0,32.0,46.45,1.060177287785147,1.4209607876364,0.01909570419229567,400000000.0
AMNoiseGaiJam,20.0,3750,offset_+4,20,20,0,24.31480380664482,0.6801814210180854,0.2981026513080533,-4.868838735280629,-4.868838735280628,1.0,4.0,54.15,0.7508040435495358,1.7948367812882602,0.019462552154436707,400000000.0
AMNoiseGaiJam,20.0,3750,offset_+8,20,20,0,23.420051814412453,0.6801814210141565,0.2981026513063313,-24.770152693200423,-24.77015269320042,1.0,8.0,52.85,1.0724835720408747,1.3611162698384054,0.01925830147229135,400000000.0
AMNoiseGaiJam,20.0,3750,offset_-1,20,20,0,24.468127947666183,0.6801814210180901,0.2981026513080553,-0.30359237476763823,-0.30359237476763823,1.0,1.0,54.5,0.2097220892635309,1.7761505289286288,0.019102010992355645,400000000.0
AMNoiseGaiJam,20.0,3750,offset_-16,20,20,0,13.652326192985552,0.6801814210180736,0.2981026513080481,-28.5297185319765,-28.529718531976496,0.0,16.0,57.3,1.0518913717775646,1.298350632869114,0.018868796178139746,400000000.0
AMNoiseGaiJam,20.0,3750,offset_-2,20,20,0,24.464262401694043,0.6801814210180885,0.29810265130805463,-1.188619231516971,-1.1886192315169712,1.0,2.0,57.05,0.4028869525878879,1.6057022577815663,0.018748047295957804,400000000.0
AMNoiseGaiJam,20.0,3750,offset_-32,20,20,0,-6.628799418194886,0.6801814210180922,0.2981026513080562,-60.90086154434166,-60.90086154434164,0.0,32.0,60.45,1.0617861996864073,1.4209607876364,0.018912495579570532,400000000.0
AMNoiseGaiJam,20.0,3750,offset_-4,20,20,0,24.314803806644836,0.6801814210180844,0.29810265130805286,-4.868838735280628,-4.868838735280626,1.0,4.0,54.05,0.7242468955634189,1.7948367812882602,0.018983351765200496,400000000.0
AMNoiseGaiJam,20.0,3750,offset_-8,20,20,0,23.420051814413675,0.6801814210179536,0.29810265130799546,-24.77015269320042,-24.770152693200416,1.0,8.0,55.85,1.0231801474032793,1.3611162698384054,0.018904046737588942,400000000.0
AMNoiseGaiJam,20.0,3750,random,20,20,12,-166.28939758563234,150.88955754396775,76.36065181529399,-89.77558969896556,-137.90359686079853,0.2,1532.0,88.85,1.0146049324779063,1.3905057385755513,0.019049798720516264,400000000.0
AMNoiseGaiJam,20.0,3750,true,20,20,0,24.465372960249315,0.6801814210180893,0.29810265130805497,-8.685846209919741e-05,-8.685846209919741e-05,1.0,0.0,56.35,0.0,0.0,0.02046874724328518,400000000.0
AMNoiseGaiJam,20.0,4500,fixed_0,20,20,20,nan,0.0,0.0,nan,nan,0.0,4500.0,0.0,0.999999999999978,1.4142135623730503,0.019125008839182556,400000000.0
AMNoiseGaiJam,20.0,4500,missing,20,20,20,nan,0.0,0.0,nan,nan,0.0,4500.0,0.0,0.999999999999978,1.4142135623730503,0.019118693307973444,400000000.0
AMNoiseGaiJam,20.0,4500,offset_+1,20,20,0,24.500797837608083,0.6802361651015923,0.29812664396050237,-0.29490222623225715,-0.2949022262322571,1.0,1.0,12.9,0.20920164491001936,1.775868998944868,0.019133297610096633,400000000.0
AMNoiseGaiJam,20.0,4500,offset_+16,20,20,0,13.67566810616428,0.6802361651015904,0.29812664396050154,-28.389621912928863,-28.389621912928863,0.0,16.0,15.85,1.0503095043156958,1.292174278443752,0.018737386562861502,400000000.0
AMNoiseGaiJam,20.0,4500,offset_+2,20,20,0,24.485842933429744,0.6802361651015914,0.2981266439605019,-1.1712302313285752,-1.1712302313285752,1.0,2.0,13.85,0.40820416674720017,1.6050793564945063,0.018933293176814914,400000000.0
AMNoiseGaiJam,20.0,4500,offset_+32,20,20,0,-6.595015647416149,0.680236165101597,0.2981266439605044,-60.61837156184881,-60.61837156184882,0.0,32.0,16.4,1.0621264433157498,1.4096558303359936,0.018964699120260775,400000000.0
AMNoiseGaiJam,20.0,4500,offset_+4,20,20,0,24.30343629111678,0.6802361651015884,0.29812664396050065,-4.8340258525820134,-4.834025852582013,1.0,4.0,13.1,0.7496513447945696,1.793722127718004,0.019141598022542894,400000000.0
AMNoiseGaiJam,20.0,4500,offset_+8,20,20,0,23.38078639348684,0.6802361650978188,0.2981266439588486,-24.700386836751925,-24.70038683675192,1.0,8.0,14.55,1.0730394147615294,1.3581743260785106,0.019110448192805052,400000000.0
AMNoiseGaiJam,20.0,4500,offset_-1,20,20,0,24.509242545646465,0.6802361651015947,0.2981266439605034,-0.3035923747676373,-0.30359237476763723,1.0,1.0,14.2,0.2097220892635309,1.7761505289286288,0.019020854961127043,400000000.0
AMNoiseGaiJam,20.0,4500,offset_-16,20,20,0,13.664709219988174,0.6802361651015799,0.29812664396049693,-28.5297185319765,-28.529718531976496,0.0,16.0,20.55,1.0518913717775646,1.298350632869114,0.019022796186618507,400000000.0
AMNoiseGaiJam,20.0,4500,offset_-2,20,20,0,24.505339108243003,0.6802361651015925,0.2981266439605024,-1.1886192315169701,-1.1886192315169701,1.0,2.0,15.2,0.4028869525878879,1.6057022577815663,0.018804200226441026,400000000.0
AMNoiseGaiJam,20.0,4500,offset_-32,20,20,0,-6.627976150895252,0.6802361651015976,0.29812664396050464,-60.90086154434166,-60.90086154434164,0.0,32.0,16.4,1.0617861996864073,1.4209607876364,0.01916260225698352,400000000.0
AMNoiseGaiJam,20.0,4500,offset_-4,20,20,0,24.354441273839818,0.680236165101592,0.2981266439605022,-4.868838735280623,-4.868838735280624,1.0,4.0,13.65,0.7242468955634189,1.7948367812882602,0.018943857867270708,400000000.0
AMNoiseGaiJam,20.0,4500,offset_-8,20,20,0,23.452043838458426,0.6802361651014578,0.29812664396044336,-24.770152693200416,-24.770152693200412,1.0,8.0,16.15,1.0231801474032793,1.3611162698384054,0.019102165242657065,400000000.0
AMNoiseGaiJam,20.0,4500,random,20,20,13,-114.65693757312276,145.25582170934305,90.0304910401679,-89.16008305654647,-112.52392943237498,0.2,2625.5,34.95,1.011835858732479,1.4065982582252399,0.019000089378096163,400000000.0
AMNoiseGaiJam,20.0,4500,true,20,20,0,24.50646054942077,0.6802361651015953,0.2981266439605037,-8.685846209726872e-05,-8.685846209726874e-05,1.0,0.0,14.35,0.0,0.0,0.02066885062959045,400000000.0
AMNoiseGaiJam,20.0,500,fixed_0,20,20,0,21.274987657715787,0.6256668716517005,0.2742105966314363,-8.685846209919741e-05,-8.685846209919741e-05,1.0,0.0,625.7,0.0,0.0,0.01893745211418718,400000000.0
AMNoiseGaiJam,20.0,500,missing,20,20,0,21.274987657715787,0.6256668716517005,0.2742105966314363,-8.685846209919741e-05,-8.685846209919741e-05,1.0,0.0,625.7,0.0,0.0,0.01885420351754874,400000000.0
AMNoiseGaiJam,20.0,500,offset_+1,20,20,0,21.277769653904638,0.6256668716516974,0.274210596631435,-0.3035923747676373,-0.30359237476763723,1.0,1.0,624.3,0.21147008709347767,1.7761505289286288,0.019233356579206884,400000000.0
AMNoiseGaiJam,20.0,500,offset_+16,20,20,0,10.433235598656953,0.6256668716517041,0.2742105966314379,-28.529718531976492,-28.529718531976492,0.0,16.0,622.85,1.0494781612253812,1.298350632869114,0.01884574885480106,400000000.0
AMNoiseGaiJam,20.0,500,offset_+2,20,20,0,21.27386621595138,0.6256668716516988,0.27421059663143554,-1.1886192315169701,-1.1886192315169701,1.0,2.0,624.75,0.410218265865706,1.6057022577815663,0.019004306523129344,400000000.0
AMNoiseGaiJam,20.0,500,offset_+32,20,20,0,-9.859450677666022,0.6256668716517022,0.27421059663143704,-60.90086154434166,-60.900861544341645,0.0,32.0,617.65,1.060177287785147,1.4209607876364,0.01892095315270126,400000000.0
AMNoiseGaiJam,20.0,500,offset_+4,20,20,0,21.122968373140445,0.6256668716516928,0.27421059663143293,-4.868838735280629,-4.868838735280628,1.0,4.0,627.9,0.7508040435495358,1.7948367812882602,0.019087595865130424,400000000.0
AMNoiseGaiJam,20.0,500,offset_+8,20,20,0,20.220570831675293,0.6256668716487351,0.2742105966301367,-24.77015269320042,-24.770152693200416,1.0,8.0,625.95,1.0724835720408747,1.3611162698384054,0.019150201114825904,400000000.0
AMNoiseGaiJam,20.0,500,offset_-1,20,20,0,21.274987657715787,0.6256668716517005,0.2742105966314363,-8.685846209919741e-05,-8.685846209919741e-05,1.0,0.0,625.7,0.0,0.0,0.01923329837154597,400000000.0
AMNoiseGaiJam,20.0,500,offset_-16,20,20,0,21.274987657715787,0.6256668716517005,0.2742105966314363,-8.685846209919741e-05,-8.685846209919741e-05,1.0,0.0,625.7,0.0,0.0,0.01944364921655506,400000000.0
AMNoiseGaiJam,20.0,500,offset_-2,20,20,0,21.274987657715787,0.6256668716517005,0.2742105966314363,-8.685846209919741e-05,-8.685846209919741e-05,1.0,0.0,625.7,0.0,0.0,0.01880005293060094,400000000.0
AMNoiseGaiJam,20.0,500,offset_-32,20,20,0,21.274987657715787,0.6256668716517005,0.2742105966314363,-8.685846209919741e-05,-8.685846209919741e-05,1.0,0.0,625.7,0.0,0.0,0.019235300715081394,400000000.0
AMNoiseGaiJam,20.0,500,offset_-4,20,20,0,21.274987657715787,0.6256668716517005,0.2742105966314363,-8.685846209919741e-05,-8.685846209919741e-05,1.0,0.0,625.7,0.0,0.0,0.019041640916839242,400000000.0
AMNoiseGaiJam,20.0,500,offset_-8,20,20,0,21.274987657715787,0.6256668716517005,0.2742105966314363,-8.685846209919741e-05,-8.685846209919741e-05,1.0,0.0,625.7,0.0,0.0,0.019239497487433255,400000000.0
AMNoiseGaiJam,20.0,500,random,20,20,14,-225.0126629477643,144.79694847353576,66.89277738502743,-79.32189046112181,-105.61224113726247,0.15,1817.65,255.4,0.958712992624905,1.3346239807235416,0.01882095239125192,400000000.0
AMNoiseGaiJam,20.0,500,true,20,20,0,21.274987657715787,0.6256668716517005,0.2742105966314363,-8.685846209919741e-05,-8.685846209919741e-05,1.0,0.0,625.7,0.0,0.0,0.02065624576061964,400000000.0
AMNoiseGaiJam,30.0,1250,fixed_0,20,20,0,-30.80137919621343,1.1088074043916682,0.48595627111427436,-100.74809690831708,-100.74809690831707,0.0,750.0,625.7,1.0506429764826313,1.4162946809990093,0.019070805865339935,400000000.0
AMNoiseGaiJam,30.0,1250,missing,20,20,0,-30.80137919621343,1.1088074043916682,0.48595627111427436,-100.74809690831708,-100.74809690831707,0.0,750.0,625.7,1.0506429764826313,1.4162946809990093,0.019875148427672684,400000000.0
AMNoiseGaiJam,30.0,1250,offset_+1,20,20,0,29.81185291095813,1.1088074043916645,0.48595627111427264,-0.3035923747676373,-0.30359237476763723,1.0,1.0,490.9,0.2610683694944483,1.7761505289286288,0.01900610513985157,400000000.0
AMNoiseGaiJam,30.0,1250,offset_+16,20,20,0,18.996051156277556,1.1088074043916667,0.48595627111427364,-28.5297185319765,-28.529718531976496,0.0,16.0,487.55,1.1957092497216781,1.298350632869114,0.01881645293906331,400000000.0
AMNoiseGaiJam,30.0,1250,offset_+2,20,20,0,29.807987364985983,1.1088074043916656,0.48595627111427314,-1.188619231516971,-1.1886192315169712,1.0,2.0,491.25,0.5055845319083268,1.6057022577815663,0.018758245278149843,400000000.0
AMNoiseGaiJam,30.0,1250,offset_+32,20,20,0,-1.285074454902948,1.1088074043916674,0.4859562711142739,-60.90086154434167,-60.90086154434165,0.0,32.0,485.8,1.1860639552645702,1.4209607876364,0.019858239102177322,400000000.0
AMNoiseGaiJam,30.0,1250,offset_+4,20,20,0,29.658528769936787,1.1088074043916623,0.48595627111427164,-4.868838735280629,-4.868838735280628,1.0,4.0,492.6,0.9111587194854109,1.7948367812882602,0.018856202950701118,400000000.0
AMNoiseGaiJam,30.0,1250,offset_+8,20,20,0,28.76377677770652,1.1088074043916305,0.48595627111425777,-24.77015269320042,-24.770152693200416,1.0,8.0,489.55,1.2261167452731465,1.3611162698384054,0.018922696472145617,400000000.0
AMNoiseGaiJam,30.0,1250,offset_-1,20,20,0,29.81185291095813,1.1088074043916654,0.48595627111427303,-0.3035923747676373,-0.30359237476763723,1.0,1.0,492.35,0.2602385797898899,1.7761505289286288,0.019039699691347778,400000000.0
AMNoiseGaiJam,30.0,1250,offset_-16,20,20,0,18.996051156277556,1.1088074043916658,0.48595627111427325,-28.5297185319765,-28.529718531976496,0.0,16.0,495.4,1.210810584086364,1.298350632869114,0.01904789824038744,400000000.0
AMNoiseGaiJam,30.0,1250,offset_-2,20,20,0,29.807987364985983,1.1088074043916643,0.48595627111427253,-1.188619231516971,-1.1886192315169712,1.0,2.0,492.35,0.5014698815087678,1.6057022577815663,0.018906145123764873,400000000.0
AMNoiseGaiJam,30.0,1250,offset_-32,20,20,0,-1.2850744549029476,1.1088074043916671,0.48595627111427386,-60.90086154434166,-60.90086154434164,0.0,32.0,496.65,1.2122252938102565,1.4209607876364,0.019052153220400214,400000000.0
AMNoiseGaiJam,30.0,1250,offset_-4,20,20,0,29.658528769936787,1.1088074043916631,0.48595627111427203,-4.868838735280629,-4.868838735280628,1.0,4.0,492.35,0.8942628246026153,1.7948367812882602,0.019039504695683718,400000000.0
AMNoiseGaiJam,30.0,1250,offset_-8,20,20,0,28.76377677770652,1.1088074043916614,0.48595627111427125,-24.77015269320042,-24.770152693200416,1.0,8.0,493.45,1.1949229553868175,1.3611162698384054,0.019381160382181406,400000000.0
AMNoiseGaiJam,30.0,1250,random,20,20,11,-186.78699301478235,146.05227447931193,64.01023154482303,-104.1076089918767,-126.6771315657612,0.15,1397.65,276.3,1.0169729285773028,1.407624122522626,0.01892515574581921,400000000.0
AMNoiseGaiJam,30.0,1250,true,20,20,0,29.80909792354125,1.108807404391666,0.48595627111427336,-8.685846209919741e-05,-8.685846209919741e-05,1.0,0.0,492.75,0.0,0.0,0.02087086031679064,400000000.0
AMNoiseGaiJam,30.0,2500,fixed_0,20,20,20,nan,0.0,0.0,nan,nan,0.0,2500.0,0.0,0.9999999999999873,1.4142135623730503,0.01924390089698136,400000000.0
AMNoiseGaiJam,30.0,2500,missing,20,20,20,nan,0.0,0.0,nan,nan,0.0,2500.0,0.0,0.9999999999999873,1.4142135623730503,0.019070759299211204,400000000.0
AMNoiseGaiJam,30.0,2500,offset_+1,20,20,0,29.841184977819655,1.1080706733273908,0.4856333844890658,-0.3035923747676373,-0.30359237476763723,1.0,1.0,271.8,0.2610683694944483,1.7761505289286288,0.018897949485108256,400000000.0
AMNoiseGaiJam,30.0,2500,offset_+16,20,20,0,19.025383223139084,1.1080706733273926,0.48563338448906657,-28.529718531976492,-28.529718531976492,0.0,16.0,270.35,1.1957092497216781,1.298350632869114,0.019149936269968748,400000000.0
AMNoiseGaiJam,30.0,2500,offset_+2,20,20,0,29.837319431847504,1.1080706733273902,0.48563338448906546,-1.188619231516971,-1.1886192315169712,1.0,2.0,274.7,0.5055845319083268,1.6057022577815663,0.01880614727269858,400000000.0
AMNoiseGaiJam,30.0,2500,offset_+32,20,20,0,-1.2557423880414211,1.1080706733273928,0.48563338448906657,-60.90086154434167,-60.90086154434165,0.0,32.0,269.15,1.1860639552645702,1.4209607876364,0.019072904251515865,400000000.0
AMNoiseGaiJam,30.0,2500,offset_+4,20,20,0,29.687860836798315,1.108070673327386,0.48563338448906357,-4.868838735280628,-4.868838735280626,1.0,4.0,272.2,0.9111587194854109,1.7948367812882602,0.018968750373460352,400000000.0
AMNoiseGaiJam,30.0,2500,offset_+8,20,20,0,28.793108844568046,1.1080706733273538,0.48563338448904947,-24.77015269320042,-24.770152693200416,1.0,8.0,271.2,1.2261167452731465,1.3611162698384054,0.019122747471556067,400000000.0
AMNoiseGaiJam,30.0,2500,offset_-1,20,20,0,29.841184977819655,1.1080706733273908,0.4856333844890658,-0.3035923747676373,-0.30359237476763723,1.0,1.0,273.3,0.2602385797898899,1.7761505289286288,0.019097895710729063,400000000.0
AMNoiseGaiJam,30.0,2500,offset_-16,20,20,0,19.025383223139084,1.1080706733273913,0.48563338448906596,-28.5297185319765,-28.529718531976496,0.0,16.0,275.55,1.210810584086364,1.298350632869114,0.01877915346994996,400000000.0
AMNoiseGaiJam,30.0,2500,offset_-2,20,20,0,29.837319431847504,1.1080706733273897,0.4856333844890653,-1.188619231516971,-1.1886192315169712,1.0,2.0,273.3,0.5014698815087678,1.6057022577815663,0.018800090765580535,400000000.0
AMNoiseGaiJam,30.0,2500,offset_-32,20,20,0,-1.2557423880414238,1.1080706733273933,0.48563338448906673,-60.90086154434166,-60.90086154434164,0.0,32.0,281.1,1.2122252938102565,1.4209607876364,0.018897856352850795,400000000.0
AMNoiseGaiJam,30.0,2500,offset_-4,20,20,0,29.687860836798308,1.108070673327387,0.48563338448906407,-4.868838735280629,-4.868838735280628,1.0,4.0,273.35,0.8942628246026153,1.7948367812882602,0.01924375828821212,400000000.0
AMNoiseGaiJam,30.0,2500,offset_-8,20,20,0,28.793108844568042,1.1080706733273862,0.4856333844890637,-24.770152693200416,-24.770152693200412,1.0,8.0,273.85,1.1949229553868175,1.3611162698384054,0.01903324737213552,400000000.0
AMNoiseGaiJam,30.0,2500,random,20,20,14,-207.01676511790495,147.63472296727934,72.34101425396688,-100.81109946924312,-112.95789962239262,0.2,1458.7,178.45,1.0339417139776095,1.4033412024859502,0.018981349421665072,400000000.0
AMNoiseGaiJam,30.0,2500,true,20,20,0,29.838429990402773,1.1080706733273908,0.4856333844890658,-8.685846209726872e-05,-8.685846209726874e-05,1.0,0.0,273.8,0.0,0.0,0.020576955284923315,400000000.0
AMNoiseGaiJam,30.0,3750,fixed_0,20,20,20,nan,0.0,0.0,nan,nan,0.0,3750.0,0.0,0.9999999999999873,1.4142135623730503,0.018924957839772105,400000000.0
AMNoiseGaiJam,30.0,3750,missing,20,20,20,nan,0.0,0.0,nan,nan,0.0,3750.0,0.0,0.9999999999999873,1.4142135623730503,0.01902290096040815,400000000.0
AMNoiseGaiJam,30.0,3750,offset_+1,20,20,0,29.84098840833233,1.1080722092639046,0.48563405764292267,-0.3035923747676373,-0.30359237476763723,1.0,1.0,52.6,0.2610683694944483,1.7761505289286288,0.019047793466597795,400000000.0
AMNoiseGaiJam,30.0,3750,offset_+16,20,20,0,19.025186653651755,1.1080722092639075,0.48563405764292394,-28.529718531976492,-28.529718531976492,0.0,16.0,52.4,1.1957092497216781,1.298350632869114,0.019670906476676464,400000000.0
AMNoiseGaiJam,30.0,3750,offset_+2,20,20,0,29.837122862360182,1.1080722092639055,0.48563405764292306,-1.188619231516971,-1.1886192315169712,1.0,2.0,53.5,0.5055845319083268,1.6057022577815663,0.018697860650718212,400000000.0
AMNoiseGaiJam,30.0,3750,offset_+32,20,20,0,-1.2559389575287483,1.1080722092639073,0.48563405764292383,-60.90086154434167,-60.90086154434165,0.0,32.0,46.7,1.1860639552645702,1.4209607876364,0.01893330190796405,400000000.0
AMNoiseGaiJam,30.0,3750,offset_+4,20,20,0,29.687664267310986,1.108072209263902,0.48563405764292156,-4.868838735280629,-4.868838735280628,1.0,4.0,53.2,0.9111587194854109,1.7948367812882602,0.01878954644780606,400000000.0
AMNoiseGaiJam,30.0,3750,offset_+8,20,20,0,28.792912275080727,1.1080722092638697,0.48563405764290746,-24.770152693200423,-24.77015269320042,1.0,8.0,52.35,1.2261167452731465,1.3611162698384054,0.019008349045179784,400000000.0
AMNoiseGaiJam,30.0,3750,offset_-1,20,20,0,29.84098840833233,1.1080722092639035,0.4856340576429222,-0.30359237476763823,-0.30359237476763823,1.0,1.0,53.15,0.2602385797898899,1.7761505289286288,0.018949995865114033,400000000.0
AMNoiseGaiJam,30.0,3750,offset_-16,20,20,0,19.025186653651758,1.108072209263907,0.4856340576429237,-28.5297185319765,-28.529718531976496,0.0,16.0,57.7,1.210810584086364,1.298350632869114,0.019183242693543434,400000000.0
AMNoiseGaiJam,30.0,3750,offset_-2,20,20,0,29.83712286236019,1.1080722092639053,0.48563405764292294,-1.188619231516971,-1.1886192315169712,1.0,2.0,54.8,0.5014698815087678,1.6057022577815663,0.018822899437509477,400000000.0
AMNoiseGaiJam,30.0,3750,offset_-32,20,20,0,-1.25593895752875,1.1080722092639088,0.48563405764292455,-60.90086154434166,-60.90086154434164,0.0,32.0,59.85,1.2122252938102565,1.4209607876364,0.019072904251515865,400000000.0
AMNoiseGaiJam,30.0,3750,offset_-4,20,20,0,29.687664267310986,1.1080722092639033,0.48563405764292217,-4.868838735280628,-4.868838735280626,1.0,4.0,55.3,0.8942628246026153,1.7948367812882602,0.018887504120357335,400000000.0
AMNoiseGaiJam,30.0,3750,offset_-8,20,20,0,28.792912275080727,1.1080722092639008,0.48563405764292106,-24.77015269320042,-24.770152693200416,1.0,8.0,54.75,1.1949229553868175,1.3611162698384054,0.019020799663849175,400000000.0
AMNoiseGaiJam,30.0,3750,random,20,20,12,-160.638739658471,150.73707874823978,76.28348689799077,-89.77558969896556,-137.90359686079853,0.2,1532.0,90.25,1.0500710153066652,1.3905057385755513,0.01875604793895036,400000000.0
AMNoiseGaiJam,30.0,3750,true,20,20,0,29.83823342091545,1.1080722092639055,0.48563405764292306,-8.685846209919741e-05,-8.685846209919741e-05,1.0,0.0,53.55,0.0,0.0,0.020662599126808345,400000000.0
AMNoiseGaiJam,30.0,4500,fixed_0,20,20,20,nan,0.0,0.0,nan,nan,0.0,4500.0,0.0,0.9999999999999873,1.4142135623730503,0.01890624698717147,400000000.0
AMNoiseGaiJam,30.0,4500,missing,20,20,20,nan,0.0,0.0,nan,nan,0.0,4500.0,0.0,0.9999999999999873,1.4142135623730503,0.018897943664342165,400000000.0
AMNoiseGaiJam,30.0,4500,offset_+1,20,20,0,29.874794659937095,1.108070558525269,0.4856333341748175,-0.29490222623225715,-0.2949022262322571,1.0,1.0,13.95,0.25928007803333025,1.775868998944868,0.019058346515521407,400000000.0
AMNoiseGaiJam,30.0,4500,offset_+16,20,20,0,19.04966492849336,1.1080705585252686,0.4856333341748173,-28.389621912928863,-28.389621912928863,0.0,16.0,16.3,1.1986434481988355,1.292174278443752,0.018702098168432713,400000000.0
AMNoiseGaiJam,30.0,4500,offset_+2,20,20,0,29.859839755758763,1.1080705585252684,0.4856333341748172,-1.1712302313285752,-1.1712302313285752,1.0,2.0,13.8,0.5041241900966928,1.6050793564945063,0.018802046542987227,400000000.0
AMNoiseGaiJam,30.0,4500,offset_+32,20,20,0,-1.2210188250871394,1.1080705585252697,0.4856333341748177,-60.61837156184881,-60.61837156184882,0.0,32.0,17.05,1.191660938201431,1.4096558303359936,0.01887920079752803,400000000.0
AMNoiseGaiJam,30.0,4500,offset_+4,20,20,0,29.67743311344582,1.1080705585252655,0.4856333341748159,-4.8340258525820134,-4.834025852582013,1.0,4.0,13.3,0.9107989672888273,1.793722127718004,0.018900004215538502,400000000.0
AMNoiseGaiJam,30.0,4500,offset_+8,20,20,0,28.754783215817902,1.1080705585252326,0.48563333417480153,-24.700386836751925,-24.70038683675192,1.0,8.0,13.95,1.227748320695043,1.3581743260785106,0.01993535552173853,400000000.0
AMNoiseGaiJam,30.0,4500,offset_-1,20,20,0,29.883239367975477,1.1080705585252684,0.4856333341748172,-0.3035923747676373,-0.30359237476763723,1.0,1.0,13.2,0.2602385797898899,1.7761505289286288,0.01993129844777286,400000000.0
AMNoiseGaiJam,30.0,4500,offset_-16,20,20,0,19.03870604231725,1.1080705585252684,0.4856333341748172,-28.5297185319765,-28.529718531976496,0.0,16.0,20.15,1.210810584086364,1.298350632869114,0.018970892415381968,400000000.0
AMNoiseGaiJam,30.0,4500,offset_-2,20,20,0,29.879335930572022,1.1080705585252675,0.4856333341748168,-1.1886192315169701,-1.1886192315169701,1.0,2.0,13.65,0.5014698815087678,1.6057022577815663,0.018679143977351487,400000000.0
AMNoiseGaiJam,30.0,4500,offset_-32,20,20,0,-1.2539793285662395,1.1080705585252706,0.4856333341748181,-60.90086154434166,-60.90086154434164,0.0,32.0,17.8,1.2122252938102565,1.4209607876364,0.019041652558371425,400000000.0
AMNoiseGaiJam,30.0,4500,offset_-4,20,20,0,29.72843809616885,1.1080705585252673,0.4856333341748167,-4.868838735280623,-4.868838735280624,1.0,4.0,13.85,0.8942628246026153,1.7948367812882602,0.0190917489817366,400000000.0
AMNoiseGaiJam,30.0,4500,offset_-8,20,20,0,28.82604066078835,1.1080705585252635,0.485633334174815,-24.770152693200416,-24.770152693200412,1.0,8.0,17.45,1.1949229553868175,1.3611162698384054,0.019006148795597255,400000000.0
AMNoiseGaiJam,30.0,4500,random,20,20,13,-109.04858890503833,145.03697993037517,89.89485150029452,-89.16008305654647,-112.52392943237498,0.2,2625.5,35.45,1.0471174817276496,1.4065982582252399,0.01902063377201557,400000000.0
AMNoiseGaiJam,30.0,4500,true,20,20,0,29.880457371749777,1.1080705585252693,0.48563333417481763,-8.685846209726872e-05,-8.685846209726874e-05,1.0,0.0,13.2,0.0,0.0,0.020522894919849932,400000000.0
AMNoiseGaiJam,30.0,500,fixed_0,20,20,0,26.643782533173663,1.0919562295909027,0.47857091813264657,-8.685846209919741e-05,-8.685846209919741e-05,1.0,0.0,628.3,0.0,0.0,0.019241648260504007,400000000.0
AMNoiseGaiJam,30.0,500,missing,20,20,0,26.643782533173663,1.0919562295909027,0.47857091813264657,-8.685846209919741e-05,-8.685846209919741e-05,1.0,0.0,628.3,0.0,0.0,0.019141705706715584,400000000.0
AMNoiseGaiJam,30.0,500,offset_+1,20,20,0,26.646564529362518,1.0919562295909016,0.4785709181326461,-0.3035923747676373,-0.30359237476763723,1.0,1.0,628.1,0.2610683694944483,1.7761505289286288,0.019302155124023557,400000000.0
AMNoiseGaiJam,30.0,500,offset_+16,20,20,0,15.80203047411489,1.091956229590903,0.4785709181326468,-28.529718531976492,-28.529718531976492,0.0,16.0,624.65,1.1957092497216781,1.298350632869114,0.018777046352624893,400000000.0
AMNoiseGaiJam,30.0,500,offset_+2,20,20,0,26.642661091409263,1.0919562295909016,0.4785709181326461,-1.1886192315169701,-1.1886192315169701,1.0,2.0,628.65,0.5055845319083268,1.6057022577815663,0.018958290456794202,400000000.0
AMNoiseGaiJam,30.0,500,offset_+32,20,20,0,-4.490655802208153,1.0919562295909029,0.4785709181326467,-60.90086154434166,-60.900861544341645,0.0,32.0,623.0,1.1860639552645702,1.4209607876364,0.019250003970228136,400000000.0
AMNoiseGaiJam,30.0,500,offset_+4,20,20,0,26.49176324859834,1.0919562295909,0.47857091813264546,-4.868838735280629,-4.868838735280628,1.0,4.0,627.65,0.9111587194854109,1.7948367812882602,0.01915009052027017,400000000.0
AMNoiseGaiJam,30.0,500,offset_+8,20,20,0,25.589365707135315,1.0919562295908725,0.47857091813263336,-24.77015269320042,-24.770152693200416,1.0,8.0,627.55,1.2261167452731465,1.3611162698384054,0.019312501535750926,400000000.0
AMNoiseGaiJam,30.0,500,offset_-1,20,20,0,26.643782533173663,1.0919562295909027,0.47857091813264657,-8.685846209919741e-05,-8.685846209919741e-05,1.0,0.0,628.3,0.0,0.0,0.01917274494189769,400000000.0
AMNoiseGaiJam,30.0,500,offset_-16,20,20,0,26.643782533173663,1.0919562295909027,0.47857091813264657,-8.685846209919741e-05,-8.685846209919741e-05,1.0,0.0,628.3,0.0,0.0,0.019158353097736835,400000000.0
AMNoiseGaiJam,30.0,500,offset_-2,20,20,0,26.643782533173663,1.0919562295909027,0.47857091813264657,-8.685846209919741e-05,-8.685846209919741e-05,1.0,0.0,628.3,0.0,0.0,0.018801941769197583,400000000.0
AMNoiseGaiJam,30.0,500,offset_-32,20,20,0,26.643782533173663,1.0919562295909027,0.47857091813264657,-8.685846209919741e-05,-8.685846209919741e-05,1.0,0.0,628.3,0.0,0.0,0.01914164749905467,400000000.0
AMNoiseGaiJam,30.0,500,offset_-4,20,20,0,26.643782533173663,1.0919562295909027,0.47857091813264657,-8.685846209919741e-05,-8.685846209919741e-05,1.0,0.0,628.3,0.0,0.0,0.019179107039235532,400000000.0
AMNoiseGaiJam,30.0,500,offset_-8,20,20,0,26.643782533173663,1.0919562295909027,0.47857091813264657,-8.685846209919741e-05,-8.685846209919741e-05,1.0,0.0,628.3,0.0,0.0,0.019004251225851476,400000000.0
AMNoiseGaiJam,30.0,500,random,20,20,14,-219.65625005930258,144.70951367432966,66.8523845685996,-79.32189046112181,-105.61224113726247,0.15,1817.65,255.1,0.9802107803329744,1.3346239807235416,0.019066600361838937,400000000.0
AMNoiseGaiJam,30.0,500,true,20,20,0,26.643782533173663,1.0919562295909027,0.47857091813264657,-8.685846209919741e-05,-8.685846209919741e-05,1.0,0.0,628.3,0.0,0.0,0.02065844601020217,400000000.0
FMNoiseAimedJam,0.0,1250,fixed_0,20,20,0,-50.06812850899198,0.5354914006798883,0.23468945396421423,-100.74809690831708,-100.74809690831707,0.0,750.0,626.6,1.0016470241319202,1.4162946809990093,0.019110296852886677,400000000.0
FMNoiseAimedJam,0.0,1250,missing,20,20,0,-50.06812850899198,0.5354914006798883,0.23468945396421423,-100.74809690831708,-100.74809690831707,0.0,750.0,626.6,1.0016470241319202,1.4162946809990093,0.018843752332031727,400000000.0
FMNoiseAimedJam,0.0,1250,offset_+1,20,20,0,10.545103598181253,0.5354914006801321,0.2346894539643211,-0.3035923747676373,-0.30359237476763723,1.0,1.0,489.25,0.18907100576797425,1.7761505289286288,0.018664656090550125,400000000.0
FMNoiseAimedJam,0.0,1250,offset_+16,20,20,0,-0.2706981565000056,0.535491400680086,0.23468945396430088,-28.5297185319765,-28.529718531976496,0.0,16.0,487.15,0.9835722717595555,1.298350632869114,0.01870005507953465,400000000.0
FMNoiseAimedJam,0.0,1250,offset_+2,20,20,0,10.54123805220911,0.5354914006801323,0.23468945396432117,-1.188619231516971,-1.1886192315169712,1.0,2.0,490.3,0.3648275242258522,1.6057022577815663,0.01876029127743095,400000000.0
FMNoiseAimedJam,0.0,1250,offset_+32,20,20,0,-20.55182376768055,0.5354914006801094,0.2346894539643111,-60.90086154434167,-60.90086154434165,0.0,32.0,488.9,1.002041682333196,1.4209607876364,0.018958302098326385,400000000.0
FMNoiseAimedJam,0.0,1250,offset_+4,20,20,0,10.391779457159863,0.53549140068013,0.23468945396432014,-4.868838735280629,-4.868838735280628,1.0,4.0,491.45,0.667035703434665,1.7948367812882602,0.018904253374785185,400000000.0
FMNoiseAimedJam,0.0,1250,offset_+8,20,20,0,9.49702746492552,0.5354914006802313,0.23468945396436452,-24.77015269320042,-24.770152693200416,1.0,8.0,492.95,0.981264721063304,1.3611162698384054,0.018818603712134063,400000000.0
FMNoiseAimedJam,0.0,1250,offset_-1,20,20,0,10.54510359818126,0.5354914006801306,0.2346894539643204,-0.3035923747676373,-0.30359237476763723,1.0,1.0,494.35,0.18915333460303052,1.7761505289286288,0.018768807058222592,400000000.0
FMNoiseAimedJam,0.0,1250,offset_-16,20,20,0,-0.2706981564996308,0.5354914006800703,0.23468945396429397,-28.5297185319765,-28.529718531976496,0.0,16.0,496.65,0.9832958067152637,1.298350632869114,0.018697947962209582,400000000.0
FMNoiseAimedJam,0.0,1250,offset_-2,20,20,0,10.541238052209122,0.5354914006801318,0.23468945396432092,-1.188619231516971,-1.1886192315169712,1.0,2.0,491.45,0.3651880144377277,1.6057022577815663,0.01847921230364591,400000000.0
FMNoiseAimedJam,0.0,1250,offset_-32,20,20,0,-20.551823767680734,0.535491400680264,0.23468945396437887,-60.90086154434166,-60.90086154434164,0.0,32.0,497.5,1.0025277547243503,1.4209607876364,0.018677202751860023,400000000.0
FMNoiseAimedJam,0.0,1250,offset_-4,20,20,0,10.391779457159918,0.53549140068013,0.23468945396432014,-4.868838735280629,-4.868838735280628,1.0,4.0,491.85,0.6683127264635152,1.7948367812882602,0.018710538279265165,400000000.0
FMNoiseAimedJam,0.0,1250,offset_-8,20,20,0,9.49702746492949,0.5354914006801121,0.23468945396431234,-24.77015269320042,-24.770152693200416,1.0,8.0,492.25,0.9844278256192516,1.3611162698384054,0.018775093485601246,400000000.0
FMNoiseAimedJam,0.0,1250,random,20,20,11,-205.91340342912426,146.02021311770423,63.996180033557856,-104.1076089918767,-126.6771315657612,0.1,1397.65,277.15,1.0006100545033403,1.407624122522626,0.018914652173407376,400000000.0
FMNoiseAimedJam,0.0,1250,true,20,20,0,10.542348610764389,0.5354914006801313,0.23468945396432073,-8.685846209919741e-05,-8.685846209919741e-05,1.0,0.0,492.25,0.0,0.0,0.020435452461242676,400000000.0
FMNoiseAimedJam,0.0,2500,fixed_0,20,20,20,nan,0.0,0.0,nan,nan,0.0,2500.0,0.0,0.9999999999999678,1.4142135623730503,0.018945796182379127,400000000.0
FMNoiseAimedJam,0.0,2500,missing,20,20,20,nan,0.0,0.0,nan,nan,0.0,2500.0,0.0,0.9999999999999678,1.4142135623730503,0.018864692538045347,400000000.0
FMNoiseAimedJam,0.0,2500,offset_+1,20,20,0,10.532140205058527,0.5281145702482696,0.23145641548071083,-0.3035923747676373,-0.30359237476763723,1.0,1.0,273.65,0.18907100576797425,1.7761505289286288,0.018564698984846473,400000000.0
FMNoiseAimedJam,0.0,2500,offset_+16,20,20,0,-0.2836615496227335,0.528114570248216,0.23145641548068735,-28.529718531976492,-28.529718531976492,0.0,16.0,270.3,0.9835722717595555,1.298350632869114,0.018545897910371423,400000000.0
FMNoiseAimedJam,0.0,2500,offset_+2,20,20,0,10.528274659086382,0.5281145702482705,0.23145641548071125,-1.188619231516971,-1.1886192315169712,1.0,2.0,273.3,0.3648275242258522,1.6057022577815663,0.018452052609063685,400000000.0
FMNoiseAimedJam,0.0,2500,offset_+32,20,20,0,-20.564787160803274,0.5281145702482495,0.23145641548070206,-60.90086154434167,-60.90086154434165,0.0,32.0,267.35,1.002041682333196,1.4209607876364,0.018764694686979055,400000000.0
FMNoiseAimedJam,0.0,2500,offset_+4,20,20,0,10.378816064037135,0.528114570248268,0.2314564154807102,-4.868838735280628,-4.868838735280626,1.0,4.0,271.1,0.667035703434665,1.7948367812882602,0.0187167024705559,400000000.0
FMNoiseAimedJam,0.0,2500,offset_+8,20,20,0,9.484064071802791,0.5281145702484561,0.23145641548079263,-24.77015269320042,-24.770152693200416,1.0,8.0,272.6,0.981264721063304,1.3611162698384054,0.018754246411845088,400000000.0
FMNoiseAimedJam,0.0,2500,offset_-1,20,20,0,10.532140205058532,0.5281145702482695,0.2314564154807108,-0.3035923747676373,-0.30359237476763723,1.0,1.0,272.75,0.18915333460303052,1.7761505289286288,0.018479314167052507,400000000.0
FMNoiseAimedJam,0.0,2500,offset_-16,20,20,0,-0.28366154962235796,0.5281145702482006,0.23145641548068066,-28.5297185319765,-28.529718531976496,0.0,16.0,276.55,0.9832958067152637,1.298350632869114,0.018602097406983376,400000000.0
FMNoiseAimedJam,0.0,2500,offset_-2,20,20,0,10.528274659086396,0.5281145702482697,0.2314564154807109,-1.188619231516971,-1.1886192315169712,1.0,2.0,274.0,0.3651880144377277,1.6057022577815663,0.018431348144076765,400000000.0
FMNoiseAimedJam,0.0,2500,offset_-32,20,20,0,-20.56478716080346,0.5281145702483812,0.23145641548075974,-60.90086154434166,-60.90086154434164,0.0,32.0,280.1,1.0025277547243503,1.4209607876364,0.018781211110763252,400000000.0
FMNoiseAimedJam,0.0,2500,offset_-4,20,20,0,10.378816064037192,0.5281145702482672,0.23145641548070986,-4.868838735280629,-4.868838735280628,1.0,4.0,273.6,0.6683127264635152,1.7948367812882602,0.018539588199928403,400000000.0
FMNoiseAimedJam,0.0,2500,offset_-8,20,20,0,9.484064071806763,0.5281145702482505,0.2314564154807025,-24.770152693200416,-24.770152693200412,1.0,8.0,272.85,0.9844278256192516,1.3611162698384054,0.018695852486416698,400000000.0
FMNoiseAimedJam,0.0,2500,random,20,20,14,-226.30505151768418,147.59584695708523,72.32196500897176,-100.81109946924312,-112.95789962239262,0.2,1458.7,178.75,1.000423124190791,1.4033412024859502,0.018943753093481064,400000000.0
FMNoiseAimedJam,0.0,2500,true,20,20,0,10.529385217641662,0.5281145702482698,0.23145641548071094,-8.685846209726872e-05,-8.685846209726874e-05,1.0,0.0,272.75,0.0,0.0,0.020402102381922305,400000000.0
FMNoiseAimedJam,0.0,3750,fixed_0,20,20,20,nan,0.0,0.0,nan,nan,0.0,3750.0,0.0,0.9999999999999678,1.4142135623730503,0.018735392950475216,400000000.0
FMNoiseAimedJam,0.0,3750,missing,20,20,20,nan,0.0,0.0,nan,nan,0.0,3750.0,0.0,0.9999999999999678,1.4142135623730503,0.018881203141063452,400000000.0
FMNoiseAimedJam,0.0,3750,offset_+1,20,20,0,10.433013367391645,0.5340306825368606,0.23404926601171389,-0.3035923747676373,-0.30359237476763723,1.0,1.0,53.55,0.18907100576797425,1.7761505289286288,0.018549946253187954,400000000.0
FMNoiseAimedJam,0.0,3750,offset_+16,20,20,0,-0.3827883872896152,0.5340306825368085,0.2340492660116911,-28.529718531976492,-28.529718531976492,0.0,16.0,52.0,0.9835722717595555,1.298350632869114,0.018454095697961748,400000000.0
FMNoiseAimedJam,0.0,3750,offset_+2,20,20,0,10.429147821419502,0.5340306825368619,0.23404926601171447,-1.188619231516971,-1.1886192315169712,1.0,2.0,53.3,0.3648275242258522,1.6057022577815663,0.01865841040853411,400000000.0
FMNoiseAimedJam,0.0,3750,offset_+32,20,20,0,-20.663913998470157,0.5340306825368363,0.23404926601170326,-60.90086154434167,-60.90086154434165,0.0,32.0,45.65,1.002041682333196,1.4209607876364,0.01864364603534341,400000000.0
FMNoiseAimedJam,0.0,3750,offset_+4,20,20,0,10.279689226370255,0.5340306825368595,0.23404926601171339,-4.868838735280629,-4.868838735280628,1.0,4.0,54.05,0.667035703434665,1.7948367812882602,0.018724999972619116,400000000.0
FMNoiseAimedJam,0.0,3750,offset_+8,20,20,0,9.384937234135911,0.5340306825370302,0.23404926601178824,-24.770152693200423,-24.77015269320042,1.0,8.0,52.65,0.981264721063304,1.3611162698384054,0.01873759611044079,400000000.0
FMNoiseAimedJam,0.0,3750,offset_-1,20,20,0,10.433013367391652,0.5340306825368603,0.23404926601171372,-0.30359237476763823,-0.30359237476763823,1.0,1.0,53.1,0.18915333460303052,1.7761505289286288,0.018662502407096326,400000000.0
FMNoiseAimedJam,0.0,3750,offset_-16,20,20,0,-0.3827883872892398,0.5340306825367929,0.2340492660116842,-28.5297185319765,-28.529718531976496,0.0,16.0,58.55,0.9832958067152637,1.298350632869114,0.018768804147839546,400000000.0
FMNoiseAimedJam,0.0,3750,offset_-2,20,20,0,10.429147821419514,0.5340306825368613,0.23404926601171416,-1.188619231516971,-1.1886192315169712,1.0,2.0,54.8,0.3651880144377277,1.6057022577815663,0.018493799143470824,400000000.0
FMNoiseAimedJam,0.0,3750,offset_-32,20,20,0,-20.663913998470342,0.5340306825369789,0.23404926601176576,-60.90086154434166,-60.90086154434164,0.0,32.0,60.85,1.0025277547243503,1.4209607876364,0.018979251035489142,400000000.0
FMNoiseAimedJam,0.0,3750,offset_-4,20,20,0,10.279689226370309,0.5340306825368586,0.23404926601171303,-4.868838735280628,-4.868838735280626,1.0,4.0,56.1,0.6683127264635152,1.7948367812882602,0.018697851919569075,400000000.0
FMNoiseAimedJam,0.0,3750,offset_-8,20,20,0,9.38493723413988,0.5340306825368423,0.2340492660117059,-24.77015269320042,-24.770152693200416,1.0,8.0,56.25,0.9844278256192516,1.3611162698384054,0.01865834346972406,400000000.0
FMNoiseAimedJam,0.0,3750,random,20,20,12,-180.2658340710778,151.0998116998644,76.46705509894377,-89.77558969896556,-137.90359686079853,0.2,1532.0,89.75,1.000700397378337,1.3905057385755513,0.018764441483654082,400000000.0
FMNoiseAimedJam,0.0,3750,true,20,20,0,10.430258379974777,0.5340306825368603,0.23404926601171372,-8.685846209919741e-05,-8.685846209919741e-05,1.0,0.0,53.25,0.0,0.0,0.020641545415855944,400000000.0
FMNoiseAimedJam,0.0,4500,fixed_0,20,20,20,nan,0.0,0.0,nan,nan,0.0,4500.0,0.0,0.9999999999999678,1.4142135623730503,0.01887295802589506,400000000.0
FMNoiseAimedJam,0.0,4500,missing,20,20,20,nan,0.0,0.0,nan,nan,0.0,4500.0,0.0,0.9999999999999678,1.4142135623730503,0.01882919459603727,400000000.0
FMNoiseAimedJam,0.0,4500,offset_+1,20,20,0,10.400890497668271,0.5413231118353147,0.23724531406767493,-0.29490222623225715,-0.2949022262322571,1.0,1.0,14.05,0.1864965499931264,1.775868998944868,0.018893793458119035,400000000.0
FMNoiseAimedJam,0.0,4500,offset_+16,20,20,0,-0.42423923377612843,0.5413231118352713,0.23724531406765592,-28.389621912928863,-28.389621912928863,0.0,16.0,15.9,0.9832801094850281,1.292174278443752,0.018818702665157616,400000000.0
FMNoiseAimedJam,0.0,4500,offset_+2,20,20,0,10.38593559348993,0.5413231118353152,0.23724531406767518,-1.1712302313285752,-1.1712302313285752,1.0,2.0,14.5,0.3624348863816551,1.6050793564945063,0.018837401876226068,400000000.0
FMNoiseAimedJam,0.0,4500,offset_+32,20,20,0,-20.69492298735666,0.5413231118352576,0.23724531406764995,-60.61837156184881,-60.61837156184882,0.0,32.0,16.6,1.0021258810899731,1.4096558303359936,0.01871045387815684,400000000.0
FMNoiseAimedJam,0.0,4500,offset_+4,20,20,0,10.203528951176938,0.5413231118353153,0.23724531406767524,-4.8340258525820134,-4.834025852582013,1.0,4.0,13.5,0.6653424368412802,1.793722127718004,0.018877044203691185,400000000.0
FMNoiseAimedJam,0.0,4500,offset_+8,20,20,0,9.280879053544925,0.5413231118354712,0.23724531406774355,-24.700386836751925,-24.70038683675192,1.0,8.0,13.75,0.9810916787862745,1.3581743260785106,0.01879160408861935,400000000.0
FMNoiseAimedJam,0.0,4500,offset_-1,20,20,0,10.409335205706661,0.5413231118353152,0.23724531406767518,-0.3035923747676373,-0.30359237476763723,1.0,1.0,13.55,0.18915333460303052,1.7761505289286288,0.01885410165414214,400000000.0
FMNoiseAimedJam,0.0,4500,offset_-16,20,20,0,-0.4351981199518926,0.5413231118352473,0.23724531406764543,-28.5297185319765,-28.529718531976496,0.0,16.0,19.2,0.9832958067152637,1.298350632869114,0.01897490583360195,400000000.0
FMNoiseAimedJam,0.0,4500,offset_-2,20,20,0,10.405431768303202,0.5413231118353152,0.23724531406767518,-1.1886192315169701,-1.1886192315169701,1.0,2.0,14.1,0.3651880144377277,1.6057022577815663,0.018712558085098863,400000000.0
FMNoiseAimedJam,0.0,4500,offset_-32,20,20,0,-20.727883490835985,0.5413231118354335,0.237245314067727,-60.90086154434166,-60.90086154434164,0.0,32.0,18.35,1.0025277547243503,1.4209607876364,0.018993753474205732,400000000.0
FMNoiseAimedJam,0.0,4500,offset_-4,20,20,0,10.254533933900017,0.5413231118353129,0.23724531406767418,-4.868838735280623,-4.868838735280624,1.0,4.0,14.3,0.6683127264635152,1.7948367812882602,0.01893109583761543,400000000.0
FMNoiseAimedJam,0.0,4500,offset_-8,20,20,0,9.35213649851936,0.5413231118352976,0.2372453140676675,-24.770152693200416,-24.770152693200412,1.0,8.0,17.3,0.9844278256192516,1.3611162698384054,0.018852000357583165,400000000.0
FMNoiseAimedJam,0.0,4500,random,20,20,13,-128.63807663116,144.68192703661907,89.67478743681033,-89.16008305654647,-112.52392943237498,0.2,2625.5,35.35,1.0000124002058624,1.4065982582252399,0.01871050917543471,400000000.0
FMNoiseAimedJam,0.0,4500,true,20,20,0,10.406553209480961,0.5413231118353157,0.23724531406767538,-8.685846209726872e-05,-8.685846209726874e-05,1.0,0.0,12.65,0.0,0.0,0.02053330244962126,400000000.0
FMNoiseAimedJam,0.0,500,fixed_0,20,20,0,7.720722411539586,0.5797040178956168,0.2540664878054933,-8.685846209919741e-05,-8.685846209919741e-05,1.0,0.0,626.3,0.0,0.0,0.018808350432664156,400000000.0
FMNoiseAimedJam,0.0,500,missing,20,20,0,7.720722411539586,0.5797040178956168,0.2540664878054933,-8.685846209919741e-05,-8.685846209919741e-05,1.0,0.0,626.3,0.0,0.0,0.018631399143487215,400000000.0
FMNoiseAimedJam,0.0,500,offset_+1,20,20,0,7.7235044077284325,0.5797040178956168,0.2540664878054933,-0.3035923747676373,-0.30359237476763723,1.0,1.0,623.55,0.18907100576797425,1.7761505289286288,0.018897649715654552,400000000.0
FMNoiseAimedJam,0.0,500,offset_+16,20,20,0,-3.1210296475198804,0.5797040178955968,0.2540664878054845,-28.529718531976492,-28.529718531976492,0.0,16.0,624.2,0.9835722717595555,1.298350632869114,0.018689502030611038,400000000.0
FMNoiseAimedJam,0.0,500,offset_+2,20,20,0,7.719600969775172,0.5797040178956161,0.254066487805493,-1.1886192315169701,-1.1886192315169701,1.0,2.0,624.45,0.3648275242258522,1.6057022577815663,0.01923750387504697,400000000.0
FMNoiseAimedJam,0.0,500,offset_+32,20,20,0,-23.41371592384296,0.5797040178956167,0.2540664878054933,-60.90086154434166,-60.900861544341645,0.0,32.0,617.4,1.002041682333196,1.4209607876364,0.018856360111385584,400000000.0
FMNoiseAimedJam,0.0,500,offset_+4,20,20,0,7.568703126964209,0.5797040178956187,0.2540664878054941,-4.868838735280629,-4.868838735280628,1.0,4.0,628.05,0.667035703434665,1.7948367812882602,0.01931040023919195,400000000.0
FMNoiseAimedJam,0.0,500,offset_+8,20,20,0,6.666305585497065,0.579704017895367,0.2540664878053838,-24.77015269320042,-24.770152693200416,1.0,8.0,626.4,0.981264721063304,1.3611162698384054,0.01882710203062743,400000000.0
FMNoiseAimedJam,0.0,500,offset_-1,20,20,0,7.720722411539586,0.5797040178956168,0.2540664878054933,-8.685846209919741e-05,-8.685846209919741e-05,1.0,0.0,626.3,0.0,0.0,0.018727139104157686,400000000.0
FMNoiseAimedJam,0.0,500,offset_-16,20,20,0,7.720722411539586,0.5797040178956168,0.2540664878054933,-8.685846209919741e-05,-8.685846209919741e-05,1.0,0.0,626.3,0.0,0.0,0.018816650845110416,400000000.0
FMNoiseAimedJam,0.0,500,offset_-2,20,20,0,7.720722411539586,0.5797040178956168,0.2540664878054933,-8.685846209919741e-05,-8.685846209919741e-05,1.0,0.0,626.3,0.0,0.0,0.018568753148429096,400000000.0
FMNoiseAimedJam,0.0,500,offset_-32,20,20,0,7.720722411539586,0.5797040178956168,0.2540664878054933,-8.685846209919741e-05,-8.685846209919741e-05,1.0,0.0,626.3,0.0,0.0,0.019102139049209654,400000000.0
FMNoiseAimedJam,0.0,500,offset_-4,20,20,0,7.720722411539586,0.5797040178956168,0.2540664878054933,-8.685846209919741e-05,-8.685846209919741e-05,1.0,0.0,626.3,0.0,0.0,0.018868609913624823,400000000.0
FMNoiseAimedJam,0.0,500,offset_-8,20,20,0,7.720722411539586,0.5797040178956168,0.2540664878054933,-8.685846209919741e-05,-8.685846209919741e-05,1.0,0.0,626.3,0.0,0.0,0.018937495769932866,400000000.0
FMNoiseAimedJam,0.0,500,random,20,20,14,-238.8012669812036,145.14714734725558,67.05456101062993,-79.32189046112181,-105.61224113726247,0.1,1817.65,255.85,0.9500540811863034,1.3346239807235416,0.01874384470283985,400000000.0
FMNoiseAimedJam,0.0,500,true,20,20,0,7.720722411539586,0.5797040178956168,0.2540664878054933,-8.685846209919741e-05,-8.685846209919741e-05,1.0,0.0,626.3,0.0,0.0,0.021312548778951168,400000000.0
FMNoiseAimedJam,10.0,1250,fixed_0,20,20,0,-40.88775249750257,1.3256751541071727,0.5810027530905649,-100.74809690831708,-100.74809690831707,0.0,750.0,624.95,1.0149409750964813,1.4162946809990093,0.019127101404592395,400000000.0
FMNoiseAimedJam,10.0,1250,missing,20,20,0,-40.88775249750257,1.3256751541071727,0.5810027530905649,-100.74809690831708,-100.74809690831707,0.0,750.0,624.95,1.0149409750964813,1.4162946809990093,0.01894170418381691,400000000.0
FMNoiseAimedJam,10.0,1250,offset_+1,20,20,0,19.725479609669133,1.3256751541072072,0.58100275309058,-0.3035923747676373,-0.30359237476763723,1.0,1.0,491.4,0.19349004149047383,1.7761505289286288,0.019031198462471366,400000000.0
FMNoiseAimedJam,10.0,1250,offset_+16,20,20,0,8.909677854984734,1.3256751541056964,0.5810027530899179,-28.5297185319765,-28.529718531976496,0.0,16.0,489.25,0.9984073905671783,1.298350632869114,0.018920906586572528,400000000.0
FMNoiseAimedJam,10.0,1250,offset_+2,20,20,0,19.721614063696983,1.3256751541072065,0.5810027530905797,-1.188619231516971,-1.1886192315169712,1.0,2.0,488.5,0.37355733025920357,1.6057022577815663,0.018968750373460352,400000000.0
FMNoiseAimedJam,10.0,1250,offset_+32,20,20,0,-11.371447756192131,1.3256751541071765,0.5810027530905666,-60.90086154434167,-60.90086154434165,0.0,32.0,488.3,1.0221658107288376,1.4209607876364,0.018902105512097478,400000000.0
FMNoiseAimedJam,10.0,1250,offset_+4,20,20,0,19.572155468647725,1.3256751541071998,0.5810027530905768,-4.868838735280629,-4.868838735280628,1.0,4.0,491.65,0.682656567696095,1.7948367812882602,0.01912500592879951,400000000.0
FMNoiseAimedJam,10.0,1250,offset_+8,20,20,0,18.67740347641524,1.3256751541072933,0.5810027530906178,-24.77015269320042,-24.770152693200416,1.0,8.0,488.75,1.0002063159839865,1.3611162698384054,0.01917510526254773,400000000.0
FMNoiseAimedJam,10.0,1250,offset_-1,20,20,0,19.725479609669144,1.3256751541072047,0.5810027530905789,-0.3035923747676373,-0.30359237476763723,1.0,1.0,492.4,0.19358226861900008,1.7761505289286288,0.018976948922500014,400000000.0
FMNoiseAimedJam,10.0,1250,offset_-16,20,20,0,8.909677854986366,1.3256751541044716,0.581002753089381,-28.5297185319765,-28.529718531976496,0.0,16.0,493.65,0.9990711208198684,1.298350632869114,0.01897290349006653,400000000.0
FMNoiseAimedJam,10.0,1250,offset_-2,20,20,0,19.721614063697004,1.3256751541072023,0.5810027530905778,-1.188619231516971,-1.1886192315169712,1.0,2.0,490.25,0.37397770877854386,1.6057022577815663,0.01877709582913667,400000000.0
FMNoiseAimedJam,10.0,1250,offset_-32,20,20,0,-11.371447756191994,1.3256751541072338,0.5810027530905917,-60.90086154434166,-60.90086154434164,0.0,32.0,496.7,1.0228666901863814,1.4209607876364,0.01917509362101555,400000000.0
FMNoiseAimedJam,10.0,1250,offset_-4,20,20,0,19.57215546864779,1.3256751541071894,0.5810027530905723,-4.868838735280629,-4.868838735280628,1.0,4.0,493.3,0.6844745392438003,1.7948367812882602,0.01886870013549924,400000000.0
FMNoiseAimedJam,10.0,1250,offset_-8,20,20,0,18.67740347641736,1.3256751541071434,0.581002753090552,-24.77015269320042,-24.770152693200416,1.0,8.0,496.5,1.0066162932947216,1.3611162698384054,0.018968898802995682,400000000.0
FMNoiseAimedJam,10.0,1250,random,20,20,11,-196.73302741763624,145.9100193798549,63.94788549860678,-104.1076089918767,-126.6771315657612,0.1,1397.65,277.1,1.0067321530464297,1.407624122522626,0.019047956448048353,400000000.0
FMNoiseAimedJam,10.0,1250,true,20,20,0,19.72272462225226,1.325675154107207,0.5810027530905799,-8.685846209919741e-05,-8.685846209919741e-05,1.0,0.0,491.4,0.0,0.0,0.02071670605801046,400000000.0
FMNoiseAimedJam,10.0,2500,fixed_0,20,20,20,nan,0.0,0.0,nan,nan,0.0,2500.0,0.0,0.9999999999999674,1.4142135623730503,0.019089592387899756,400000000.0
FMNoiseAimedJam,10.0,2500,missing,20,20,20,nan,0.0,0.0,nan,nan,0.0,2500.0,0.0,0.9999999999999674,1.4142135623730503,0.01914575113914907,400000000.0
FMNoiseAimedJam,10.0,2500,offset_+1,20,20,0,19.76922883014084,1.3153287455852265,0.5764682396260661,-0.3035923747676373,-0.30359237476763723,1.0,1.0,273.75,0.19349004149047383,1.7761505289286288,0.018820754485204816,400000000.0
FMNoiseAimedJam,10.0,2500,offset_+16,20,20,0,8.95342707545644,1.315328745583698,0.5764682396253963,-28.529718531976492,-28.529718531976492,0.0,16.0,271.0,0.9984073905671783,1.298350632869114,0.018962452304549515,400000000.0
FMNoiseAimedJam,10.0,2500,offset_+2,20,20,0,19.765363284168693,1.3153287455852272,0.5764682396260664,-1.188619231516971,-1.1886192315169712,1.0,2.0,271.4,0.37355733025920357,1.6057022577815663,0.018827198073267937,400000000.0
FMNoiseAimedJam,10.0,2500,offset_+32,20,20,0,-11.327698535720426,1.3153287455851983,0.5764682396260539,-60.90086154434167,-60.90086154434165,0.0,32.0,267.7,1.0221658107288376,1.4209607876364,0.018901904695667326,400000000.0
FMNoiseAimedJam,10.0,2500,offset_+4,20,20,0,19.615904689119425,1.315328745585221,0.5764682396260637,-4.868838735280628,-4.868838735280626,1.0,4.0,271.15,0.682656567696095,1.7948367812882602,0.018968796939589083,400000000.0
FMNoiseAimedJam,10.0,2500,offset_+8,20,20,0,18.721152696886946,1.3153287455853209,0.5764682396261075,-24.77015269320042,-24.770152693200416,1.0,8.0,272.3,1.0002063159839865,1.3611162698384054,0.018947955686599016,400000000.0
FMNoiseAimedJam,10.0,2500,offset_-1,20,20,0,19.769228830140847,1.315328745585225,0.5764682396260654,-0.3035923747676373,-0.30359237476763723,1.0,1.0,273.3,0.19358226861900008,1.7761505289286288,0.018818795797415078,400000000.0
FMNoiseAimedJam,10.0,2500,offset_-16,20,20,0,8.953427075458077,1.3153287455824745,0.57646823962486,-28.5297185319765,-28.529718531976496,0.0,16.0,276.05,0.9990711208198684,1.298350632869114,0.018829148029908538,400000000.0
FMNoiseAimedJam,10.0,2500,offset_-2,20,20,0,19.765363284168707,1.3153287455852218,0.5764682396260642,-1.188619231516971,-1.1886192315169712,1.0,2.0,274.75,0.37397770877854386,1.6057022577815663,0.018812506459653378,400000000.0
FMNoiseAimedJam,10.0,2500,offset_-32,20,20,0,-11.327698535720293,1.3153287455852538,0.5764682396260782,-60.90086154434166,-60.90086154434164,0.0,32.0,280.0,1.0228666901863814,1.4209607876364,0.019041643827222288,400000000.0
FMNoiseAimedJam,10.0,2500,offset_-4,20,20,0,19.615904689119503,1.3153287455852116,0.5764682396260596,-4.868838735280629,-4.868838735280628,1.0,4.0,272.65,0.6844745392438003,1.7948367812882602,0.01873339933808893,400000000.0
FMNoiseAimedJam,10.0,2500,offset_-8,20,20,0,18.721152696889064,1.3153287455851637,0.5764682396260387,-24.770152693200416,-24.770152693200412,1.0,8.0,274.5,1.0066162932947216,1.3611162698384054,0.018806359730660915,400000000.0
FMNoiseAimedJam,10.0,2500,random,20,20,14,-216.8028799374942,147.59419882763953,72.32115742554336,-100.81109946924312,-112.95789962239262,0.2,1458.7,178.85,1.003593303390351,1.4033412024859502,0.019187392899766564,400000000.0
FMNoiseAimedJam,10.0,2500,true,20,20,0,19.766473842723975,1.3153287455852278,0.5764682396260667,-8.685846209726872e-05,-8.685846209726874e-05,1.0,0.0,272.05,0.0,0.0,0.020562548888847232,400000000.0
FMNoiseAimedJam,10.0,3750,fixed_0,20,20,20,nan,0.0,0.0,nan,nan,0.0,3750.0,0.0,0.9999999999999674,1.4142135623730503,0.018902192823588848,400000000.0
FMNoiseAimedJam,10.0,3750,missing,20,20,20,nan,0.0,0.0,nan,nan,0.0,3750.0,0.0,0.9999999999999674,1.4142135623730503,0.01890204439405352,400000000.0
FMNoiseAimedJam,10.0,3750,offset_+1,20,20,0,19.75776472626211,1.3156656858083435,0.5766159101897419,-0.3035923747676373,-0.30359237476763723,1.0,1.0,54.6,0.19349004149047383,1.7761505289286288,0.01865618978627026,400000000.0
FMNoiseAimedJam,10.0,3750,offset_+16,20,20,0,8.94196297157771,1.315665685806812,0.5766159101890708,-28.529718531976492,-28.529718531976492,0.0,16.0,51.5,0.9984073905671783,1.298350632869114,0.01880199706647545,400000000.0
FMNoiseAimedJam,10.0,3750,offset_+2,20,20,0,19.753899180289956,1.3156656858083433,0.5766159101897418,-1.188619231516971,-1.1886192315169712,1.0,2.0,54.5,0.37355733025920357,1.6057022577815663,0.01857084862422198,400000000.0
FMNoiseAimedJam,10.0,3750,offset_+32,20,20,0,-11.339162639599156,1.3156656858083142,0.576615910189729,-60.90086154434167,-60.90086154434165,0.0,32.0,46.35,1.0221658107288376,1.4209607876364,0.01914165331982076,400000000.0
FMNoiseAimedJam,10.0,3750,offset_+4,20,20,0,19.604440585240702,1.315665685808337,0.576615910189739,-4.868838735280629,-4.868838735280628,1.0,4.0,52.7,0.682656567696095,1.7948367812882602,0.018720695516094565,400000000.0
FMNoiseAimedJam,10.0,3750,offset_+8,20,20,0,18.709688593008217,1.315665685808434,0.5766159101897815,-24.770152693200423,-24.77015269320042,1.0,8.0,51.1,1.0002063159839865,1.3611162698384054,0.018729001749306917,400000000.0
FMNoiseAimedJam,10.0,3750,offset_-1,20,20,0,19.75776472626212,1.3156656858083418,0.5766159101897411,-0.30359237476763823,-0.30359237476763823,1.0,1.0,53.35,0.19358226861900008,1.7761505289286288,0.018720654770731926,400000000.0
FMNoiseAimedJam,10.0,3750,offset_-16,20,20,0,8.941962971579347,1.3156656858055915,0.5766159101885359,-28.5297185319765,-28.529718531976496,0.0,16.0,56.4,0.9990711208198684,1.298350632869114,0.01903324737213552,400000000.0
FMNoiseAimedJam,10.0,3750,offset_-2,20,20,0,19.753899180289977,1.3156656858083384,0.5766159101897397,-1.188619231516971,-1.1886192315169712,1.0,2.0,54.15,0.37397770877854386,1.6057022577815663,0.018737296340987086,400000000.0
FMNoiseAimedJam,10.0,3750,offset_-32,20,20,0,-11.33916263959902,1.3156656858083693,0.5766159101897531,-60.90086154434166,-60.90086154434164,0.0,32.0,60.95,1.0228666901863814,1.4209607876364,0.019139598589390516,400000000.0
FMNoiseAimedJam,10.0,3750,offset_-4,20,20,0,19.60444058524077,1.3156656858083275,0.5766159101897349,-4.868838735280628,-4.868838735280626,1.0,4.0,55.95,0.6844745392438003,1.7948367812882602,0.018777052173390985,400000000.0
FMNoiseAimedJam,10.0,3750,offset_-8,20,20,0,18.709688593010334,1.31566568580828,0.5766159101897141,-24.77015269320042,-24.770152693200416,1.0,8.0,55.8,1.0066162932947216,1.3611162698384054,0.01888540282379836,400000000.0
FMNoiseAimedJam,10.0,3750,random,20,20,12,-170.708908340592,151.1796339970003,76.507450754799,-89.77558969896556,-137.90359686079853,0.2,1532.0,89.4,1.0065567399280166,1.3905057385755513,0.01902909716591239,400000000.0
FMNoiseAimedJam,10.0,3750,true,20,20,0,19.75500973884524,1.3156656858083442,0.5766159101897422,-8.685846209919741e-05,-8.685846209919741e-05,1.0,0.0,53.9,0.0,0.0,0.02050004550255835,400000000.0
FMNoiseAimedJam,10.0,4500,fixed_0,20,20,20,nan,0.0,0.0,nan,nan,0.0,4500.0,0.0,0.9999999999999674,1.4142135623730503,0.01899994967970997,400000000.0
FMNoiseAimedJam,10.0,4500,missing,20,20,20,nan,0.0,0.0,nan,nan,0.0,4500.0,0.0,0.9999999999999674,1.4142135623730503,0.018976995488628745,400000000.0
FMNoiseAimedJam,10.0,4500,offset_+1,20,20,0,19.784358069595736,1.3160035575601619,0.5767639890138715,-0.29490222623225715,-0.2949022262322571,1.0,1.0,14.15,0.1909817406455284,1.775868998944868,0.01912285224534571,400000000.0
FMNoiseAimedJam,10.0,4500,offset_+16,20,20,0,8.959228338148534,1.316003557558759,0.5767639890132567,-28.389621912928863,-28.389621912928863,0.0,16.0,16.15,0.99832551909747,1.292174278443752,0.01986875431612134,400000000.0
FMNoiseAimedJam,10.0,4500,offset_+2,20,20,0,19.76940316541739,1.31600355756016,0.5767639890138707,-1.1712302313285752,-1.1712302313285752,1.0,2.0,13.75,0.37123814467586314,1.6050793564945063,0.019066600361838937,400000000.0
FMNoiseAimedJam,10.0,4500,offset_+32,20,20,0,-11.311455415428684,1.316003557560133,0.5767639890138588,-60.61837156184881,-60.61837156184882,0.0,32.0,16.6,1.022927619371856,1.4096558303359936,0.0189605460036546,400000000.0
FMNoiseAimedJam,10.0,4500,offset_+4,20,20,0,19.586996523104382,1.316003557560157,0.5767639890138693,-4.8340258525820134,-4.834025852582013,1.0,4.0,13.05,0.6810368201945411,1.793722127718004,0.019104353850707412,400000000.0
FMNoiseAimedJam,10.0,4500,offset_+8,20,20,0,18.66434662547426,1.3160035575602589,0.576763989013914,-24.700386836751925,-24.70038683675192,1.0,8.0,14.3,1.000188311100119,1.3581743260785106,0.019383401377126575,400000000.0
FMNoiseAimedJam,10.0,4500,offset_-1,20,20,0,19.792802777634126,1.31600355756016,0.5767639890138707,-0.3035923747676373,-0.30359237476763723,1.0,1.0,12.95,0.19358226861900008,1.7761505289286288,0.018922847812063992,400000000.0
FMNoiseAimedJam,10.0,4500,offset_-16,20,20,0,8.948269451973689,1.3160035575574012,0.5767639890126616,-28.5297185319765,-28.529718531976496,0.0,16.0,21.1,0.9990711208198684,1.298350632869114,0.01897504844237119,400000000.0
FMNoiseAimedJam,10.0,4500,offset_-2,20,20,0,19.788899340230667,1.3160035575601563,0.576763989013869,-1.1886192315169701,-1.1886192315169701,1.0,2.0,13.9,0.37397770877854386,1.6057022577815663,0.01898750488180667,400000000.0
FMNoiseAimedJam,10.0,4500,offset_-32,20,20,0,-11.344415918907657,1.3160035575601874,0.5767639890138827,-60.90086154434166,-60.90086154434164,0.0,32.0,18.85,1.0228666901863814,1.4209607876364,0.019297993276268244,400000000.0
FMNoiseAimedJam,10.0,4500,offset_-4,20,20,0,19.638001505827482,1.3160035575601428,0.5767639890138632,-4.868838735280623,-4.868838735280624,1.0,4.0,13.7,0.6844745392438003,1.7948367812882602,0.01900835195556283,400000000.0
FMNoiseAimedJam,10.0,4500,offset_-8,20,20,0,18.73560407044682,1.316003557560097,0.5767639890138431,-24.770152693200416,-24.770152693200412,1.0,8.0,17.0,1.0066162932947216,1.3611162698384054,0.019002202316187322,400000000.0
FMNoiseAimedJam,10.0,4500,random,20,20,13,-119.96965485725896,145.65909381507444,90.28044168086889,-89.16008305654647,-112.52392943237498,0.2,2625.5,34.3,1.0105670847195978,1.4065982582252399,0.019129205611534417,400000000.0
FMNoiseAimedJam,10.0,4500,true,20,20,0,19.790020781408426,1.316003557560162,0.5767639890138716,-8.685846209726872e-05,-8.685846209726874e-05,1.0,0.0,13.35,0.0,0.0,0.020958198001608253,400000000.0
FMNoiseAimedJam,10.0,500,fixed_0,20,20,0,16.23324902537892,1.3972239032073488,0.6123603749624068,-8.685846209919741e-05,-8.685846209919741e-05,1.0,0.0,625.6,0.0,0.0,0.01905214157886803,400000000.0
FMNoiseAimedJam,10.0,500,missing,20,20,0,16.23324902537892,1.3972239032073488,0.6123603749624068,-8.685846209919741e-05,-8.685846209919741e-05,1.0,0.0,625.6,0.0,0.0,0.018939602887257934,400000000.0
FMNoiseAimedJam,10.0,500,offset_+1,20,20,0,16.236031021567765,1.3972239032073486,0.6123603749624067,-0.3035923747676373,-0.30359237476763723,1.0,1.0,622.1,0.19349004149047383,1.7761505289286288,0.018964751507155597,400000000.0
FMNoiseAimedJam,10.0,500,offset_+16,20,20,0,5.391496966316305,1.397223903206,0.6123603749618156,-28.529718531976492,-28.529718531976492,0.0,16.0,626.95,0.9984073905671783,1.298350632869114,0.01905009848996997,400000000.0
FMNoiseAimedJam,10.0,500,offset_+2,20,20,0,16.232127583614506,1.3972239032073492,0.612360374962407,-1.1886192315169701,-1.1886192315169701,1.0,2.0,624.85,0.37355733025920357,1.6057022577815663,0.019112403970211744,400000000.0
FMNoiseAimedJam,10.0,500,offset_+32,20,20,0,-14.90118931000309,1.3972239032073484,0.6123603749624066,-60.90086154434166,-60.900861544341645,0.0,32.0,617.95,1.0221658107288376,1.4209607876364,0.01905416138470173,400000000.0
FMNoiseAimedJam,10.0,500,offset_+4,20,20,0,16.081229740803526,1.397223903207355,0.6123603749624095,-4.868838735280629,-4.868838735280628,1.0,4.0,623.4,0.682656567696095,1.7948367812882602,0.01917075423989445,400000000.0
FMNoiseAimedJam,10.0,500,offset_+8,20,20,0,15.178832199338256,1.3972239032072917,0.6123603749623818,-24.77015269320042,-24.770152693200416,1.0,8.0,624.4,1.0002063159839865,1.3611162698384054,0.019139613141305745,400000000.0
FMNoiseAimedJam,10.0,500,offset_-1,20,20,0,16.23324902537892,1.3972239032073488,0.6123603749624068,-8.685846209919741e-05,-8.685846209919741e-05,1.0,0.0,625.6,0.0,0.0,0.018862346769310534,400000000.0
FMNoiseAimedJam,10.0,500,offset_-16,20,20,0,16.23324902537892,1.3972239032073488,0.6123603749624068,-8.685846209919741e-05,-8.685846209919741e-05,1.0,0.0,625.6,0.0,0.0,0.019001998589374125,400000000.0
FMNoiseAimedJam,10.0,500,offset_-2,20,20,0,16.23324902537892,1.3972239032073488,0.6123603749624068,-8.685846209919741e-05,-8.685846209919741e-05,1.0,0.0,625.6,0.0,0.0,0.018839698168449104,400000000.0
FMNoiseAimedJam,10.0,500,offset_-32,20,20,0,16.23324902537892,1.3972239032073488,0.6123603749624068,-8.685846209919741e-05,-8.685846209919741e-05,1.0,0.0,625.6,0.0,0.0,0.019183350377716124,400000000.0
FMNoiseAimedJam,10.0,500,offset_-4,20,20,0,16.23324902537892,1.3972239032073488,0.6123603749624068,-8.685846209919741e-05,-8.685846209919741e-05,1.0,0.0,625.6,0.0,0.0,0.018925097538158298,400000000.0
FMNoiseAimedJam,10.0,500,offset_-8,20,20,0,16.23324902537892,1.3972239032073488,0.6123603749624068,-8.685846209919741e-05,-8.685846209919741e-05,1.0,0.0,625.6,0.0,0.0,0.019060401245951653,400000000.0
FMNoiseAimedJam,10.0,500,random,20,20,14,-230.1561626924571,145.19778488889852,67.07795436136111,-79.32189046112181,-105.61224113726247,0.1,1817.65,255.5,0.9501225986891942,1.3346239807235416,0.01904390810523182,400000000.0
FMNoiseAimedJam,10.0,500,true,20,20,0,16.23324902537892,1.3972239032073488,0.6123603749624068,-8.685846209919741e-05,-8.685846209919741e-05,1.0,0.0,625.6,0.0,0.0,0.02058330283034593,400000000.0
FMNoiseAimedJam,20.0,1250,fixed_0,20,20,0,-32.077310387360846,2.9836518706537185,1.3076430871793203,-100.74809690831708,-100.74809690831707,0.0,750.0,623.75,1.126111083161724,1.4162946809990093,0.01916465407703072,400000000.0
FMNoiseAimedJam,20.0,1250,missing,20,20,0,-32.077310387360846,2.9836518706537185,1.3076430871793203,-100.74809690831708,-100.74809690831707,0.0,750.0,623.75,1.126111083161724,1.4162946809990093,0.019045700901187956,400000000.0
FMNoiseAimedJam,20.0,1250,offset_+1,20,20,0,28.53592171981067,2.9836518706536923,1.3076430871793088,-0.3035923747676373,-0.30359237476763723,1.0,1.0,489.1,0.22547103885124659,1.7761505289286288,0.01909784332383424,400000000.0
FMNoiseAimedJam,20.0,1250,offset_+16,20,20,0,17.720119965130056,2.983651870653716,1.307643087179319,-28.5297185319765,-28.529718531976496,0.0,16.0,488.05,1.1367712861924724,1.298350632869114,0.018991599790751934,400000000.0
FMNoiseAimedJam,20.0,1250,offset_+2,20,20,0,28.532056173838505,2.9836518706536745,1.307643087179301,-1.188619231516971,-1.1886192315169712,1.0,2.0,492.0,0.4376500728827433,1.6057022577815663,0.018931302474811673,400000000.0
FMNoiseAimedJam,20.0,1250,offset_+32,20,20,0,-2.561005646050366,2.9836518706537243,1.3076430871793228,-60.90086154434167,-60.90086154434165,0.0,32.0,486.75,1.2252094189693115,1.4209607876364,0.018918700516223907,400000000.0
FMNoiseAimedJam,20.0,1250,offset_+4,20,20,0,28.38259757878863,2.9836518706527784,1.3076430871789084,-4.868838735280629,-4.868838735280628,1.0,4.0,491.35,0.8014940252806255,1.7948367812882602,0.019089601119048893,400000000.0
FMNoiseAimedJam,20.0,1250,offset_+8,20,20,0,27.487845586558784,2.9836518706536332,1.307643087179283,-24.77015269320042,-24.770152693200416,1.0,8.0,490.55,1.15821434498443,1.3611162698384054,0.01904154778458178,400000000.0
FMNoiseAimedJam,20.0,1250,offset_-1,20,20,0,28.53592171981068,2.9836518706537,1.307643087179312,-0.3035923747676373,-0.30359237476763723,1.0,1.0,492.9,0.22469320228595507,1.7761505289286288,0.018997947336174548,400000000.0
FMNoiseAimedJam,20.0,1250,offset_-16,20,20,0,17.720119965129932,2.983651870653497,1.307643087179223,-28.5297185319765,-28.529718531976496,0.0,16.0,496.15,1.1503742886346218,1.298350632869114,0.019212454208172858,400000000.0
FMNoiseAimedJam,20.0,1250,offset_-2,20,20,0,28.532056173838544,2.9836518706537016,1.307643087179313,-1.188619231516971,-1.1886192315169712,1.0,2.0,490.4,0.43467767790891304,1.6057022577815663,0.018910563085228205,400000000.0
FMNoiseAimedJam,20.0,1250,offset_-32,20,20,0,-2.5610056460503556,2.9836518706537323,1.3076430871793265,-60.90086154434166,-60.90086154434164,0.0,32.0,499.65,1.2263227481992822,1.4209607876364,0.019333400996401906,400000000.0
FMNoiseAimedJam,20.0,1250,offset_-4,20,20,0,28.382597578789348,2.983651870653699,1.3076430871793117,-4.868838735280629,-4.868838735280628,1.0,4.0,494.75,0.7934955774107865,1.7948367812882602,0.02011459437198937,400000000.0
FMNoiseAimedJam,20.0,1250,offset_-8,20,20,0,27.487845586557107,2.9836518706529143,1.3076430871789677,-24.77015269320042,-24.770152693200416,1.0,8.0,492.5,1.1599221656588228,1.3611162698384054,0.019279157277196646,400000000.0
FMNoiseAimedJam,20.0,1250,random,20,20,11,-187.92258530749467,145.94429520825526,63.96290754273529,-104.1076089918767,-126.6771315657612,0.1,1397.65,276.8,1.0773381979799568,1.407624122522626,0.019150058506056666,400000000.0
FMNoiseAimedJam,20.0,1250,true,20,20,0,28.533166732393806,2.983651870653698,1.3076430871793114,-8.685846209919741e-05,-8.685846209919741e-05,1.0,0.0,491.25,0.0,0.0,0.020966658485122025,400000000.0
FMNoiseAimedJam,20.0,2500,fixed_0,20,20,20,nan,0.0,0.0,nan,nan,0.0,2500.0,0.0,0.9999999999999669,1.4142135623730503,0.01937505730893463,400000000.0
FMNoiseAimedJam,20.0,2500,missing,20,20,20,nan,0.0,0.0,nan,nan,0.0,2500.0,0.0,0.9999999999999669,1.4142135623730503,0.019181304378435016,400000000.0
FMNoiseAimedJam,20.0,2500,offset_+1,20,20,0,28.586592017544376,2.9775814606462188,1.3049826126914197,-0.3035923747676373,-0.30359237476763723,1.0,1.0,272.35,0.22547103885124659,1.7761505289286288,0.019047953537665308,400000000.0
FMNoiseAimedJam,20.0,2500,offset_+16,20,20,0,17.77079026286376,2.977581460646243,1.3049826126914303,-28.529718531976492,-28.529718531976492,0.0,16.0,270.95,1.1367712861924724,1.298350632869114,0.01912285224534571,400000000.0
FMNoiseAimedJam,20.0,2500,offset_+2,20,20,0,28.582726471572222,2.977581460646203,1.304982612691413,-1.188619231516971,-1.1886192315169712,1.0,2.0,273.2,0.4376500728827433,1.6057022577815663,0.018983494373969734,400000000.0
FMNoiseAimedJam,20.0,2500,offset_+32,20,20,0,-2.51033534831666,2.977581460646251,1.304982612691434,-60.90086154434167,-60.90086154434165,0.0,32.0,267.1,1.2252094189693115,1.4209607876364,0.019089601119048893,400000000.0
FMNoiseAimedJam,20.0,2500,offset_+4,20,20,0,28.43326787652233,2.9775814606453106,1.3049826126910218,-4.868838735280628,-4.868838735280626,1.0,4.0,274.45,0.8014940252806255,1.7948367812882602,0.019160503870807588,400000000.0
FMNoiseAimedJam,20.0,2500,offset_+8,20,20,0,27.538515884292497,2.9775814606461584,1.3049826126913933,-24.77015269320042,-24.770152693200416,1.0,8.0,271.65,1.15821434498443,1.3611162698384054,0.01912294828798622,400000000.0
FMNoiseAimedJam,20.0,2500,offset_-1,20,20,0,28.586592017544387,2.9775814606462276,1.3049826126914235,-0.3035923747676373,-0.30359237476763723,1.0,1.0,273.0,0.22469320228595507,1.7761505289286288,0.018904200987890363,400000000.0
FMNoiseAimedJam,20.0,2500,offset_-16,20,20,0,17.770790262863642,2.977581460646027,1.3049826126913355,-28.5297185319765,-28.529718531976496,0.0,16.0,274.65,1.1503742886346218,1.298350632869114,0.018960444140248,400000000.0
FMNoiseAimedJam,20.0,2500,offset_-2,20,20,0,28.582726471572254,2.9775814606462285,1.304982612691424,-1.188619231516971,-1.1886192315169712,1.0,2.0,273.35,0.43467767790891304,1.6057022577815663,0.018877146067097783,400000000.0
FMNoiseAimedJam,20.0,2500,offset_-32,20,20,0,-2.5103353483166506,2.9775814606462587,1.3049826126914372,-60.90086154434166,-60.90086154434164,0.0,32.0,279.8,1.2263227481992822,1.4209607876364,0.019137351773679256,400000000.0
FMNoiseAimedJam,20.0,2500,offset_-4,20,20,0,28.433267876523047,2.9775814606462268,1.304982612691423,-4.868838735280629,-4.868838735280628,1.0,4.0,275.45,0.7934955774107865,1.7948367812882602,0.018841656856238842,400000000.0
FMNoiseAimedJam,20.0,2500,offset_-8,20,20,0,27.53851588429081,2.9775814606454105,1.3049826126910653,-24.770152693200416,-24.770152693200412,1.0,8.0,273.4,1.1599221656588228,1.3611162698384054,0.018920801812782884,400000000.0
FMNoiseAimedJam,20.0,2500,random,20,20,14,-208.448478774249,148.6837044541733,72.85501518254492,-100.81109946924312,-112.95789962239262,0.2,1458.7,178.65,1.041457779992463,1.4033412024859502,0.019147954299114645,400000000.0
FMNoiseAimedJam,20.0,2500,true,20,20,0,28.58383703012752,2.9775814606462254,1.3049826126914228,-8.685846209726872e-05,-8.685846209726874e-05,1.0,0.0,274.75,0.0,0.0,0.020908244187012315,400000000.0
FMNoiseAimedJam,20.0,3750,fixed_0,20,20,20,nan,0.0,0.0,nan,nan,0.0,3750.0,0.0,0.9999999999999669,1.4142135623730503,0.019204197451472282,400000000.0
FMNoiseAimedJam,20.0,3750,missing,20,20,20,nan,0.0,0.0,nan,nan,0.0,3750.0,0.0,0.9999999999999669,1.4142135623730503,0.019252055790275335,400000000.0
FMNoiseAimedJam,20.0,3750,offset_+1,20,20,0,28.58542652407466,2.9776342158169187,1.3050057336643983,-0.3035923747676373,-0.30359237476763723,1.0,1.0,54.65,0.22547103885124659,1.7761505289286288,0.01915210159495473,400000000.0
FMNoiseAimedJam,20.0,3750,offset_+16,20,20,0,17.769624769394053,2.9776342158169427,1.3050057336644088,-28.529718531976492,-28.529718531976492,0.0,16.0,51.45,1.1367712861924724,1.298350632869114,0.019018800230696797,400000000.0
FMNoiseAimedJam,20.0,3750,offset_+2,20,20,0,28.58156097810251,2.9776342158169022,1.305005733664391,-1.188619231516971,-1.1886192315169712,1.0,2.0,54.1,0.4376500728827433,1.6057022577815663,0.0189501530257985,400000000.0
FMNoiseAimedJam,20.0,3750,offset_+32,20,20,0,-2.5115008417863685,2.9776342158169515,1.3050057336644125,-60.90086154434167,-60.90086154434165,0.0,32.0,47.45,1.2252094189693115,1.4209607876364,0.018949905643239617,400000000.0
FMNoiseAimedJam,20.0,3750,offset_+4,20,20,0,28.43210238305262,2.9776342158160114,1.3050057336640006,-4.868838735280629,-4.868838735280628,1.0,4.0,54.1,0.8014940252806255,1.7948367812882602,0.019066798267886043,400000000.0
FMNoiseAimedJam,20.0,3750,offset_+8,20,20,0,27.53735039082279,2.9776342158168583,1.3050057336643717,-24.770152693200423,-24.77015269320042,1.0,8.0,52.85,1.15821434498443,1.3611162698384054,0.019224855350330472,400000000.0
FMNoiseAimedJam,20.0,3750,offset_-1,20,20,0,28.585426524074677,2.9776342158169267,1.3050057336644016,-0.30359237476763823,-0.30359237476763823,1.0,1.0,54.55,0.22469320228595507,1.7761505289286288,0.018891654326580465,400000000.0
FMNoiseAimedJam,20.0,3750,offset_-16,20,20,0,17.769624769393936,2.977634215816727,1.305005733664314,-28.5297185319765,-28.529718531976496,0.0,16.0,56.65,1.1503742886346218,1.298350632869114,0.019106207764707506,400000000.0
FMNoiseAimedJam,20.0,3750,offset_-2,20,20,0,28.58156097810255,2.9776342158169307,1.3050057336644034,-1.188619231516971,-1.1886192315169712,1.0,2.0,54.55,0.43467767790891304,1.6057022577815663,0.018783198902383447,400000000.0
FMNoiseAimedJam,20.0,3750,offset_-32,20,20,0,-2.51150084178636,2.977634215816959,1.3050057336644159,-60.90086154434166,-60.90086154434164,0.0,32.0,62.25,1.2263227481992822,1.4209607876364,0.01922504452522844,400000000.0
FMNoiseAimedJam,20.0,3750,offset_-4,20,20,0,28.432102383053337,2.9776342158169244,1.3050057336644005,-4.868838735280628,-4.868838735280626,1.0,4.0,55.7,0.7934955774107865,1.7948367812882602,0.01899799972306937,400000000.0
FMNoiseAimedJam,20.0,3750,offset_-8,20,20,0,27.537350390821103,2.9776342158161104,1.305005733664044,-24.77015269320042,-24.770152693200416,1.0,8.0,56.3,1.1599221656588228,1.3611162698384054,0.01896874455269426,400000000.0
FMNoiseAimedJam,20.0,3750,random,20,20,12,-161.48512246200963,151.10002722049086,76.46716416742926,-89.77558969896556,-137.90359686079853,0.2,1532.0,90.35,1.0557638543661316,1.3905057385755513,0.01941244991030544,400000000.0
FMNoiseAimedJam,20.0,3750,true,20,20,0,28.582671536657806,2.9776342158169253,1.305005733664401,-8.685846209919741e-05,-8.685846209919741e-05,1.0,0.0,54.55,0.0,0.0,0.02081684651784599,400000000.0
FMNoiseAimedJam,20.0,4500,fixed_0,20,20,20,nan,0.0,0.0,nan,nan,0.0,4500.0,0.0,0.9999999999999669,1.4142135623730503,0.019079152843914926,400000000.0
FMNoiseAimedJam,20.0,4500,missing,20,20,20,nan,0.0,0.0,nan,nan,0.0,4500.0,0.0,0.9999999999999669,1.4142135623730503,0.01920409849844873,400000000.0
FMNoiseAimedJam,20.0,4500,offset_+1,20,20,0,28.618696407385055,2.977638151038287,1.3050074583512055,-0.29490222623225715,-0.2949022262322571,1.0,1.0,12.35,0.22329567000851291,1.775868998944868,0.01910840510390699,400000000.0
FMNoiseAimedJam,20.0,4500,offset_+16,20,20,0,17.79356667594127,2.977638151038314,1.3050074583512175,-28.389621912928863,-28.389621912928863,0.0,16.0,16.45,1.1385980184007904,1.292174278443752,0.01894575252663344,400000000.0
FMNoiseAimedJam,20.0,4500,offset_+2,20,20,0,28.6037415032067,2.9776381510382706,1.3050074583511984,-1.1712302313285752,-1.1712302313285752,1.0,2.0,13.25,0.4357304813872217,1.6050793564945063,0.01891460851766169,400000000.0
FMNoiseAimedJam,20.0,4500,offset_+32,20,20,0,-2.477117077639145,2.9776381510383203,1.30500745835122,-60.61837156184881,-60.61837156184882,0.0,32.0,16.85,1.2313243755970757,1.4096558303359936,0.019001998589374125,400000000.0
FMNoiseAimedJam,20.0,4500,offset_+4,20,20,0,28.42133486089305,2.9776381510373464,1.3050074583507931,-4.8340258525820134,-4.834025852582013,1.0,4.0,11.6,0.8003901720000599,1.793722127718004,0.019029196118935943,400000000.0
FMNoiseAimedJam,20.0,4500,offset_+8,20,20,0,27.49868496326559,2.97763815103823,1.3050074583511804,-24.700386836751925,-24.70038683675192,1.0,8.0,14.85,1.1593211987570387,1.3581743260785106,0.01920839713420719,400000000.0
FMNoiseAimedJam,20.0,4500,offset_-1,20,20,0,28.627141115423445,2.9776381510382963,1.3050074583512095,-0.3035923747676373,-0.30359237476763723,1.0,1.0,14.05,0.22469320228595507,1.7761505289286288,0.018916843691840768,400000000.0
FMNoiseAimedJam,20.0,4500,offset_-16,20,20,0,17.782607789765045,2.977638151038095,1.3050074583511215,-28.5297185319765,-28.529718531976496,0.0,16.0,18.6,1.1503742886346218,1.298350632869114,0.01926864788401872,400000000.0
FMNoiseAimedJam,20.0,4500,offset_-2,20,20,0,28.62323767801999,2.9776381510382963,1.3050074583512095,-1.1886192315169701,-1.1886192315169701,1.0,2.0,13.5,0.43467767790891304,1.6057022577815663,0.018964451737701893,400000000.0
FMNoiseAimedJam,20.0,4500,offset_-32,20,20,0,-2.5100775811182365,2.9776381510383274,1.3050074583512232,-60.90086154434166,-60.90086154434164,0.0,32.0,18.95,1.2263227481992822,1.4209607876364,0.019441699259914458,400000000.0
FMNoiseAimedJam,20.0,4500,offset_-4,20,20,0,28.472339843616812,2.977638151038295,1.305007458351209,-4.868838735280623,-4.868838735280624,1.0,4.0,13.7,0.7934955774107865,1.7948367812882602,0.019097895710729063,400000000.0
FMNoiseAimedJam,20.0,4500,offset_-8,20,20,0,27.56994240823433,2.9776381510374748,1.3050074583508493,-24.770152693200416,-24.770152693200412,1.0,8.0,17.5,1.1599221656588228,1.3611162698384054,0.019181205425411463,400000000.0
FMNoiseAimedJam,20.0,4500,random,20,20,13,-110.71795510873673,145.50067754776026,90.18225426113445,-89.16008305654647,-112.52392943237498,0.2,2625.5,34.65,1.0984810089003303,1.4065982582252399,0.019347906345501542,400000000.0
FMNoiseAimedJam,20.0,4500,true,20,20,0,28.62435911919775,2.977638151038294,1.3050074583512086,-8.685846209726872e-05,-8.685846209726874e-05,1.0,0.0,13.35,0.0,0.0,0.021168793318793178,400000000.0
FMNoiseAimedJam,20.0,500,fixed_0,20,20,0,24.93708442387045,2.9427687720369655,1.2897252792022944,-8.685846209919741e-05,-8.685846209919741e-05,1.0,0.0,622.8,0.0,0.0,0.019251997582614422,400000000.0
FMNoiseAimedJam,20.0,500,missing,20,20,0,24.93708442387045,2.9427687720369655,1.2897252792022944,-8.685846209919741e-05,-8.685846209919741e-05,1.0,0.0,622.8,0.0,0.0,0.019174994667991996,400000000.0
FMNoiseAimedJam,20.0,500,offset_+1,20,20,0,24.939866420059293,2.9427687720369615,1.2897252792022926,-0.3035923747676373,-0.30359237476763723,1.0,1.0,624.8,0.22547103885124659,1.7761505289286288,0.019395904382690787,400000000.0
FMNoiseAimedJam,20.0,500,offset_+16,20,20,0,14.09533236481162,2.942768772036982,1.2897252792023015,-28.529718531976492,-28.529718531976492,0.0,16.0,620.15,1.1367712861924724,1.298350632869114,0.01895625318866223,400000000.0
FMNoiseAimedJam,20.0,500,offset_+2,20,20,0,24.935962982106012,2.9427687720369486,1.289725279202287,-1.1886192315169701,-1.1886192315169701,1.0,2.0,624.9,0.4376500728827433,1.6057022577815663,0.019337452249601483,400000000.0
FMNoiseAimedJam,20.0,500,offset_+32,20,20,0,-6.19735391151134,2.9427687720369935,1.2897252792023068,-60.90086154434166,-60.900861544341645,0.0,32.0,621.75,1.2252094189693115,1.4209607876364,0.01906665274873376,400000000.0
FMNoiseAimedJam,20.0,500,offset_+4,20,20,0,24.785065139294403,2.942768772036206,1.2897252792019616,-4.868838735280629,-4.868838735280628,1.0,4.0,624.75,0.8014940252806255,1.7948367812882602,0.019350051297806203,400000000.0
FMNoiseAimedJam,20.0,500,offset_+8,20,20,0,23.882667597831812,2.9427687720368922,1.2897252792022622,-24.77015269320042,-24.770152693200416,1.0,8.0,623.45,1.15821434498443,1.3611162698384054,0.019118745694868267,400000000.0
FMNoiseAimedJam,20.0,500,offset_-1,20,20,0,24.93708442387045,2.9427687720369655,1.2897252792022944,-8.685846209919741e-05,-8.685846209919741e-05,1.0,0.0,622.8,0.0,0.0,0.019056099699810147,400000000.0
FMNoiseAimedJam,20.0,500,offset_-16,20,20,0,24.93708442387045,2.9427687720369655,1.2897252792022944,-8.685846209919741e-05,-8.685846209919741e-05,1.0,0.0,622.8,0.0,0.0,0.019374993280507624,400000000.0
FMNoiseAimedJam,20.0,500,offset_-2,20,20,0,24.93708442387045,2.9427687720369655,1.2897252792022944,-8.685846209919741e-05,-8.685846209919741e-05,1.0,0.0,622.8,0.0,0.0,0.01901676005218178,400000000.0
FMNoiseAimedJam,20.0,500,offset_-32,20,20,0,24.93708442387045,2.9427687720369655,1.2897252792022944,-8.685846209919741e-05,-8.685846209919741e-05,1.0,0.0,622.8,0.0,0.0,0.019527101540006697,400000000.0
FMNoiseAimedJam,20.0,500,offset_-4,20,20,0,24.93708442387045,2.9427687720369655,1.2897252792022944,-8.685846209919741e-05,-8.685846209919741e-05,1.0,0.0,622.8,0.0,0.0,0.019193650223314762,400000000.0
FMNoiseAimedJam,20.0,500,offset_-8,20,20,0,24.93708442387045,2.9427687720369655,1.2897252792022944,-8.685846209919741e-05,-8.685846209919741e-05,1.0,0.0,622.8,0.0,0.0,0.019179159426130354,400000000.0
FMNoiseAimedJam,20.0,500,random,20,20,14,-221.22833332419708,145.6525131895823,67.28802811850157,-79.32189046112181,-105.61224113726247,0.1,1817.65,255.5,0.951000751404267,1.3346239807235416,0.019156353664584458,400000000.0
FMNoiseAimedJam,20.0,500,true,20,20,0,24.93708442387045,2.9427687720369655,1.2897252792022944,-8.685846209919741e-05,-8.685846209919741e-05,1.0,0.0,622.8,0.0,0.0,0.020897795911878347,400000000.0
FMNoiseAimedJam,30.0,1250,fixed_0,20,20,0,-27.9363236331453,4.152206754830405,1.8197848458451795,-100.74809690831708,-100.74809690831707,0.0,750.0,626.45,1.6683892985301796,1.4162946809990093,0.01942504895851016,400000000.0
FMNoiseAimedJam,30.0,1250,missing,20,20,0,-27.9363236331453,4.152206754830405,1.8197848458451795,-100.74809690831708,-100.74809690831707,0.0,750.0,626.45,1.6683892985301796,1.4162946809990093,0.019208193407393992,400000000.0
FMNoiseAimedJam,30.0,1250,offset_+1,20,20,0,32.6769084740262,4.152206754830337,1.8197848458451495,-0.3035923747676373,-0.30359237476763723,1.0,1.0,490.3,0.3346759808451525,1.7761505289286288,0.019164549303241074,400000000.0
FMNoiseAimedJam,30.0,1250,offset_+16,20,20,0,21.86110671934567,4.1522067548304,1.819784845845177,-28.5297185319765,-28.529718531976496,0.0,16.0,491.15,1.901165621017198,1.298350632869114,0.01919170026667416,400000000.0
FMNoiseAimedJam,30.0,1250,offset_+2,20,20,0,32.67304292805403,4.152206754830288,1.8197848458451278,-1.188619231516971,-1.1886192315169712,1.0,2.0,489.85,0.6584191501591979,1.6057022577815663,0.018931302474811673,400000000.0
FMNoiseAimedJam,30.0,1250,offset_+32,20,20,0,1.5799811081651653,4.152206754830403,1.8197848458451786,-60.90086154434167,-60.90086154434165,0.0,32.0,487.5,2.0773793709971753,1.4209607876364,0.01897695183288306,400000000.0
FMNoiseAimedJam,30.0,1250,offset_+4,20,20,0,32.52358433300486,4.152206754830323,1.8197848458451433,-4.868838735280629,-4.868838735280628,1.0,4.0,490.6,1.2183854931698619,1.7948367812882602,0.019070893176831305,400000000.0
FMNoiseAimedJam,30.0,1250,offset_+8,20,20,0,31.628832340774643,4.152206754830383,1.8197848458451695,-24.77015269320042,-24.770152693200416,1.0,8.0,489.1,1.763282300653406,1.3611162698384054,0.019139648065902293,400000000.0
FMNoiseAimedJam,30.0,1250,offset_-1,20,20,0,32.67690847402618,4.152206754830342,1.8197848458451515,-0.3035923747676373,-0.30359237476763723,1.0,1.0,491.7,0.33011774931867777,1.7761505289286288,0.019193903426639736,400000000.0
FMNoiseAimedJam,30.0,1250,offset_-16,20,20,0,21.861106719345667,4.1522067548304,1.819784845845177,-28.5297185319765,-28.529718531976496,0.0,16.0,494.45,1.8225108760623954,1.298350632869114,0.019383401377126575,400000000.0
FMNoiseAimedJam,30.0,1250,offset_-2,20,20,0,32.67304292805405,4.152206754830357,1.8197848458451584,-1.188619231516971,-1.1886192315169712,1.0,2.0,490.6,0.6413501005799017,1.6057022577815663,0.018979102605953813,400000000.0
FMNoiseAimedJam,30.0,1250,offset_-32,20,20,0,1.579981108165167,4.152206754830402,1.8197848458451782,-60.90086154434166,-60.90086154434164,0.0,32.0,496.8,2.26328381104719,1.4209607876364,0.01939590147230774,400000000.0
FMNoiseAimedJam,30.0,1250,offset_-4,20,20,0,32.52358433300484,4.152206754830341,1.8197848458451513,-4.868838735280629,-4.868838735280628,1.0,4.0,490.8,1.1811269282234922,1.7948367812882602,0.01912500010803342,400000000.0
FMNoiseAimedJam,30.0,1250,offset_-8,20,20,0,31.628832340774647,4.152206754830382,1.819784845845169,-24.77015269320042,-24.770152693200416,1.0,8.0,491.55,1.79679737448179,1.3611162698384054,0.018997755250893533,400000000.0
FMNoiseAimedJam,30.0,1250,random,20,20,11,-183.78159855327914,145.37527845750088,63.71352495627081,-104.1076089918767,-126.6771315657612,0.1,1397.65,279.0,1.1942904366203067,1.407624122522626,0.019231310579925776,400000000.0
FMNoiseAimedJam,30.0,1250,true,20,20,0,32.674153486609306,4.152206754830336,1.8197848458451489,-8.685846209919741e-05,-8.685846209919741e-05,1.0,0.0,491.35,0.0,0.0,0.02092929498758167,400000000.0
FMNoiseAimedJam,30.0,2500,fixed_0,20,20,20,nan,0.0,0.0,nan,nan,0.0,2500.0,0.0,0.9999999999999705,1.4142135623730503,0.019339649588800967,400000000.0
FMNoiseAimedJam,30.0,2500,missing,20,20,20,nan,0.0,0.0,nan,nan,0.0,2500.0,0.0,0.9999999999999705,1.4142135623730503,0.019193801563233137,400000000.0
FMNoiseAimedJam,30.0,2500,offset_+1,20,20,0,32.728324553348486,4.154633177774387,1.8208482725875814,-0.3035923747676373,-0.30359237476763723,1.0,1.0,271.45,0.3346759808451525,1.7761505289286288,0.01915409811772406,400000000.0
FMNoiseAimedJam,30.0,2500,offset_+16,20,20,0,21.912522798667972,4.154633177774447,1.8208482725876076,-28.529718531976492,-28.529718531976492,0.0,16.0,270.9,1.901165621017198,1.298350632869114,0.019277192768640816,400000000.0
FMNoiseAimedJam,30.0,2500,offset_+2,20,20,0,32.724459007376346,4.154633177774336,1.8208482725875592,-1.188619231516971,-1.1886192315169712,1.0,2.0,270.6,0.6584191501591979,1.6057022577815663,0.01923550444189459,400000000.0
FMNoiseAimedJam,30.0,2500,offset_+32,20,20,0,1.631397187487466,4.15463317777445,1.820848272587609,-60.90086154434167,-60.90086154434165,0.0,32.0,269.3,2.0773793709971753,1.4209607876364,0.01911860308609903,400000000.0
FMNoiseAimedJam,30.0,2500,offset_+4,20,20,0,32.575000412327164,4.154633177774371,1.8208482725875743,-4.868838735280628,-4.868838735280626,1.0,4.0,273.05,1.2183854931698619,1.7948367812882602,0.01926464610733092,400000000.0
FMNoiseAimedJam,30.0,2500,offset_+8,20,20,0,31.680248420096945,4.154633177774429,1.8208482725876,-24.77015269320042,-24.770152693200416,1.0,8.0,271.1,1.763282300653406,1.3611162698384054,0.019200245151296258,400000000.0
FMNoiseAimedJam,30.0,2500,offset_-1,20,20,0,32.728324553348486,4.15463317777439,1.820848272587583,-0.3035923747676373,-0.30359237476763723,1.0,1.0,273.05,0.33011774931867777,1.7761505289286288,0.019162491662427783,400000000.0
FMNoiseAimedJam,30.0,2500,offset_-16,20,20,0,21.912522798667972,4.154633177774448,1.820848272587608,-28.5297185319765,-28.529718531976496,0.0,16.0,275.1,1.8225108760623954,1.298350632869114,0.019204107229597867,400000000.0
FMNoiseAimedJam,30.0,2500,offset_-2,20,20,0,32.72445900737635,4.154633177774404,1.8208482725875885,-1.188619231516971,-1.1886192315169712,1.0,2.0,272.55,0.6413501005799017,1.6057022577815663,0.01915015745908022,400000000.0
FMNoiseAimedJam,30.0,2500,offset_-32,20,20,0,1.631397187487466,4.154633177774451,1.8208482725876092,-60.90086154434166,-60.90086154434164,0.0,32.0,281.45,2.26328381104719,1.4209607876364,0.019618691294454038,400000000.0
FMNoiseAimedJam,30.0,2500,offset_-4,20,20,0,32.57500041232715,4.15463317777439,1.820848272587583,-4.868838735280629,-4.868838735280628,1.0,4.0,276.75,1.1811269282234922,1.7948367812882602,0.019241799600422382,400000000.0
FMNoiseAimedJam,30.0,2500,offset_-8,20,20,0,31.680248420096955,4.154633177774431,1.820848272587601,-24.770152693200416,-24.770152693200412,1.0,8.0,273.2,1.79679737448179,1.3611162698384054,0.018995898426510394,400000000.0
FMNoiseAimedJam,30.0,2500,random,20,20,14,-204.03525539015945,149.2835071676626,73.14891851215468,-100.81109946924312,-112.95789962239262,0.2,1458.7,178.3,1.3281520850363804,1.4033412024859502,0.019147901912219822,400000000.0
FMNoiseAimedJam,30.0,2500,true,20,20,0,32.7255695659316,4.154633177774384,1.8208482725875803,-8.685846209726872e-05,-8.685846209726874e-05,1.0,0.0,274.8,0.0,0.0,0.020856253104284406,400000000.0
FMNoiseAimedJam,30.0,3750,fixed_0,20,20,20,nan,0.0,0.0,nan,nan,0.0,3750.0,0.0,0.9999999999999705,1.4142135623730503,0.019208260346204042,400000000.0
FMNoiseAimedJam,30.0,3750,missing,20,20,20,nan,0.0,0.0,nan,nan,0.0,3750.0,0.0,0.9999999999999705,1.4142135623730503,0.019262655405327678,400000000.0
FMNoiseAimedJam,30.0,3750,offset_+1,20,20,0,32.72820778191965,4.154638907647713,1.8208507838152883,-0.3035923747676373,-0.30359237476763723,1.0,1.0,55.3,0.3346759808451525,1.7761505289286288,0.01897485344670713,400000000.0
FMNoiseAimedJam,30.0,3750,offset_+16,20,20,0,21.912406027239136,4.154638907647773,1.820850783815315,-28.529718531976492,-28.529718531976492,0.0,16.0,52.75,1.901165621017198,1.298350632869114,0.019097846234217286,400000000.0
FMNoiseAimedJam,30.0,3750,offset_+2,20,20,0,32.7243422359475,4.154638907647661,1.8208507838152657,-1.188619231516971,-1.1886192315169712,1.0,2.0,53.55,0.6584191501591979,1.6057022577815663,0.018945708870887756,400000000.0
FMNoiseAimedJam,30.0,3750,offset_+32,20,20,0,1.6312804160586303,4.154638907647776,1.8208507838153156,-60.90086154434167,-60.90086154434165,0.0,32.0,46.85,2.0773793709971753,1.4209607876364,0.01911059662234038,400000000.0
FMNoiseAimedJam,30.0,3750,offset_+4,20,20,0,32.57488364089832,4.154638907647697,1.8208507838152812,-4.868838735280629,-4.868838735280628,1.0,4.0,53.9,1.2183854931698619,1.7948367812882602,0.01905211538542062,400000000.0
FMNoiseAimedJam,30.0,3750,offset_+8,20,20,0,31.680131648668105,4.1546389076477555,1.820850783815307,-24.770152693200423,-24.77015269320042,1.0,8.0,53.35,1.763282300653406,1.3611162698384054,0.018975103739649057,400000000.0
FMNoiseAimedJam,30.0,3750,offset_-1,20,20,0,32.72820778191965,4.154638907647717,1.8208507838152903,-0.30359237476763823,-0.30359237476763823,1.0,1.0,54.5,0.33011774931867777,1.7761505289286288,0.01897504844237119,400000000.0
FMNoiseAimedJam,30.0,3750,offset_-16,20,20,0,21.912406027239133,4.154638907647774,1.8208507838153152,-28.5297185319765,-28.529718531976496,0.0,16.0,56.1,1.8225108760623954,1.298350632869114,0.019106193212792277,400000000.0
FMNoiseAimedJam,30.0,3750,offset_-2,20,20,0,32.72434223594752,4.15463890764773,1.8208507838152959,-1.188619231516971,-1.1886192315169712,1.0,2.0,55.75,0.6413501005799017,1.6057022577815663,0.0189479993423447,400000000.0
FMNoiseAimedJam,30.0,3750,offset_-32,20,20,0,1.631280416058629,4.154638907647777,1.820850783815316,-60.90086154434166,-60.90086154434164,0.0,32.0,60.15,2.26328381104719,1.4209607876364,0.019306351896375418,400000000.0
FMNoiseAimedJam,30.0,3750,offset_-4,20,20,0,32.5748836408983,4.1546389076477155,1.8208507838152894,-4.868838735280628,-4.868838735280626,1.0,4.0,55.1,1.1811269282234922,1.7948367812882602,0.019170838641002774,400000000.0
FMNoiseAimedJam,30.0,3750,offset_-8,20,20,0,31.680131648668112,4.154638907647757,1.8208507838153076,-24.77015269320042,-24.770152693200416,1.0,8.0,56.55,1.79679737448179,1.3611162698384054,0.019099944620393217,400000000.0
FMNoiseAimedJam,30.0,3750,random,20,20,12,-157.35548589178333,151.00743417236845,76.42030561987119,-89.77558969896556,-137.90359686079853,0.2,1532.0,89.1,1.285466886234673,1.3905057385755513,0.019185448763892055,400000000.0
FMNoiseAimedJam,30.0,3750,true,20,20,0,32.72545279450277,4.154638907647709,1.8208507838152868,-8.685846209919741e-05,-8.685846209919741e-05,1.0,0.0,54.3,0.0,0.0,0.0210792466532439,400000000.0
FMNoiseAimedJam,30.0,4500,fixed_0,20,20,20,nan,0.0,0.0,nan,nan,0.0,4500.0,0.0,0.9999999999999705,1.4142135623730503,0.01917920308187604,400000000.0
FMNoiseAimedJam,30.0,4500,missing,20,20,20,nan,0.0,0.0,nan,nan,0.0,4500.0,0.0,0.9999999999999705,1.4142135623730503,0.019079205230809748,400000000.0
FMNoiseAimedJam,30.0,4500,offset_+1,20,20,0,32.76227798981303,4.154794955731633,1.8209191749034757,-0.29490222623225715,-0.2949022262322571,1.0,1.0,13.85,0.33293335680817926,1.775868998944868,0.01877500326372683,400000000.0
FMNoiseAimedJam,30.0,4500,offset_+16,20,20,0,21.937148258369326,4.15479495573169,1.8209191749035005,-28.389621912928863,-28.389621912928863,0.0,16.0,16.0,1.910760992736373,1.292174278443752,0.018873007502406836,400000000.0
FMNoiseAimedJam,30.0,4500,offset_+2,20,20,0,32.747323085634676,4.154794955731579,1.8209191749034517,-1.1712302313285752,-1.1712302313285752,1.0,2.0,13.5,0.6571250340375416,1.6050793564945063,0.018954052939079702,400000000.0
FMNoiseAimedJam,30.0,4500,offset_+32,20,20,0,1.6664645047888325,4.1547949557316946,1.8209191749035025,-60.61837156184881,-60.61837156184882,0.0,32.0,16.1,2.100469865843416,1.4096558303359936,0.018839703989215195,400000000.0
FMNoiseAimedJam,30.0,4500,offset_+4,20,20,0,32.564916443321756,4.154794955731616,1.820919174903468,-4.8340258525820134,-4.834025852582013,1.0,4.0,12.9,1.2185513475005716,1.793722127718004,0.018897949485108256,400000000.0
FMNoiseAimedJam,30.0,4500,offset_+8,20,20,0,31.64226654569388,4.154794955731676,1.8209191749034943,-24.700386836751925,-24.70038683675192,1.0,8.0,14.8,1.7677305394691711,1.3581743260785106,0.018733448814600706,400000000.0
FMNoiseAimedJam,30.0,4500,offset_-1,20,20,0,32.77072269785139,4.154794955731638,1.8209191749034774,-0.3035923747676373,-0.30359237476763723,1.0,1.0,13.0,0.33011774931867777,1.7761505289286288,0.018793699564412236,400000000.0
FMNoiseAimedJam,30.0,4500,offset_-16,20,20,0,21.926189372193228,4.154794955731691,1.820919174903501,-28.5297185319765,-28.529718531976496,0.0,16.0,20.0,1.8225108760623954,1.298350632869114,0.019104205421172082,400000000.0
FMNoiseAimedJam,30.0,4500,offset_-2,20,20,0,32.766819260447946,4.154794955731649,1.8209191749034828,-1.1886192315169701,-1.1886192315169701,1.0,2.0,13.4,0.6413501005799017,1.6057022577815663,0.018656300380825996,400000000.0
FMNoiseAimedJam,30.0,4500,offset_-32,20,20,0,1.6335040013097324,4.1547949557316946,1.8209191749035025,-60.90086154434166,-60.90086154434164,0.0,32.0,18.0,2.26328381104719,1.4209607876364,0.019139540381729603,400000000.0
FMNoiseAimedJam,30.0,4500,offset_-4,20,20,0,32.61592142604476,4.154794955731634,1.8209191749034759,-4.868838735280623,-4.868838735280624,1.0,4.0,13.3,1.1811269282234922,1.7948367812882602,0.018900042050518095,400000000.0
FMNoiseAimedJam,30.0,4500,offset_-8,20,20,0,31.71352399066434,4.154794955731674,1.8209191749034934,-24.770152693200416,-24.770152693200412,1.0,8.0,17.05,1.79679737448179,1.3611162698384054,0.018906203331425786,400000000.0
FMNoiseAimedJam,30.0,4500,random,20,20,13,-106.25131118419759,145.87089144942183,90.41171521467324,-89.16008305654647,-112.52392943237498,0.2,2625.5,34.75,1.3314556803419415,1.4065982582252399,0.019210553728044033,400000000.0
FMNoiseAimedJam,30.0,4500,true,20,20,0,32.767940701625704,4.154794955731631,1.8209191749034743,-8.685846209726872e-05,-8.685846209726874e-05,1.0,0.0,13.35,0.0,0.0,0.020885502453893423,400000000.0
FMNoiseAimedJam,30.0,500,fixed_0,20,20,0,29.067495971176537,4.181712577617574,1.8327163428400772,-8.685846209919741e-05,-8.685846209919741e-05,1.0,0.0,627.7,0.0,0.0,0.019308351329527795,400000000.0
FMNoiseAimedJam,30.0,500,missing,20,20,0,29.067495971176537,4.181712577617574,1.8327163428400772,-8.685846209919741e-05,-8.685846209919741e-05,1.0,0.0,627.7,0.0,0.0,0.019131205044686794,400000000.0
FMNoiseAimedJam,30.0,500,offset_+1,20,20,0,29.070277967365417,4.181712577617579,1.8327163428400792,-0.3035923747676373,-0.30359237476763723,1.0,1.0,623.35,0.3346759808451525,1.7761505289286288,0.01897714100778103,400000000.0
FMNoiseAimedJam,30.0,500,offset_+16,20,20,0,18.22574391211784,4.181712577617642,1.8327163428401068,-28.529718531976492,-28.529718531976492,0.0,16.0,626.05,1.901165621017198,1.298350632869114,0.01912705192808062,400000000.0
FMNoiseAimedJam,30.0,500,offset_+2,20,20,0,29.06637452941215,4.181712577617522,1.8327163428400541,-1.1886192315169701,-1.1886192315169701,1.0,2.0,623.3,0.6584191501591979,1.6057022577815663,0.019306197646073997,400000000.0
FMNoiseAimedJam,30.0,500,offset_+32,20,20,0,-2.0669423642052065,4.181712577617645,1.8327163428401083,-60.90086154434166,-60.900861544341645,0.0,32.0,618.35,2.0773793709971753,1.4209607876364,0.01901250216178596,400000000.0
FMNoiseAimedJam,30.0,500,offset_+4,20,20,0,28.91547668660125,4.181712577617562,1.8327163428400717,-4.868838735280629,-4.868838735280628,1.0,4.0,622.25,1.2183854931698619,1.7948367812882602,0.019060511840507388,400000000.0
FMNoiseAimedJam,30.0,500,offset_+8,20,20,0,28.013079145138267,4.181712577617625,1.8327163428400994,-24.77015269320042,-24.770152693200416,1.0,8.0,624.15,1.763282300653406,1.3611162698384054,0.018991794786415994,400000000.0
FMNoiseAimedJam,30.0,500,offset_-1,20,20,0,29.067495971176537,4.181712577617574,1.8327163428400772,-8.685846209919741e-05,-8.685846209919741e-05,1.0,0.0,627.7,0.0,0.0,0.019012458506040275,400000000.0
FMNoiseAimedJam,30.0,500,offset_-16,20,20,0,29.067495971176537,4.181712577617574,1.8327163428400772,-8.685846209919741e-05,-8.685846209919741e-05,1.0,0.0,627.7,0.0,0.0,0.019343799795024097,400000000.0
FMNoiseAimedJam,30.0,500,offset_-2,20,20,0,29.067495971176537,4.181712577617574,1.8327163428400772,-8.685846209919741e-05,-8.685846209919741e-05,1.0,0.0,627.7,0.0,0.0,0.01910630671773106,400000000.0
FMNoiseAimedJam,30.0,500,offset_-32,20,20,0,29.067495971176537,4.181712577617574,1.8327163428400772,-8.685846209919741e-05,-8.685846209919741e-05,1.0,0.0,627.7,0.0,0.0,0.019345845794305205,400000000.0
FMNoiseAimedJam,30.0,500,offset_-4,20,20,0,29.067495971176537,4.181712577617574,1.8327163428400772,-8.685846209919741e-05,-8.685846209919741e-05,1.0,0.0,627.7,0.0,0.0,0.019306354806758463,400000000.0
FMNoiseAimedJam,30.0,500,offset_-8,20,20,0,29.067495971176537,4.181712577617574,1.8327163428400772,-8.685846209919741e-05,-8.685846209919741e-05,1.0,0.0,627.7,0.0,0.0,0.019158347276970744,400000000.0
FMNoiseAimedJam,30.0,500,random,20,20,14,-217.10060238972144,146.45945330775626,67.66081543382215,-79.32189046112181,-105.61224113726247,0.1,1817.65,255.65,0.9655638334894994,1.3346239807235416,0.019233301281929016,400000000.0
FMNoiseAimedJam,30.0,500,true,20,20,0,29.067495971176537,4.181712577617574,1.8327163428400772,-8.685846209919741e-05,-8.685846209919741e-05,1.0,0.0,627.7,0.0,0.0,0.021008303156122565,400000000.0
NoJammer,0.0,1250,fixed_0,20,20,0,-55.95710056203236,0.24094466951929144,0.10559865733282602,-100.74809690831708,-100.74809690831707,0.0,750.0,624.1,1.0000577061680769,1.4162946809990093,0.018881246796809137,400000000.0
NoJammer,0.0,1250,missing,20,20,0,-55.95710056203236,0.24094466951929144,0.10559865733282602,-100.74809690831708,-100.74809690831707,0.0,750.0,624.1,1.0000577061680769,1.4162946809990093,0.018691649893298745,400000000.0
NoJammer,0.0,1250,offset_+1,20,20,0,4.656131545181864,0.2409446694992167,0.10559865732402786,-0.3035923747676373,-0.30359237476763723,1.0,1.0,489.7,0.18533147148330892,1.7761505289286288,0.019002007320523262,400000000.0
NoJammer,0.0,1250,offset_+16,20,20,0,-6.159670209499046,0.24094466949922183,0.1055986573240301,-28.5297185319765,-28.529718531976496,0.0,16.0,488.85,0.9812213275335973,1.298350632869114,0.01890849380288273,400000000.0
NoJammer,0.0,1250,offset_+2,20,20,0,4.6522659992097255,0.24094466949921597,0.10559865732402755,-1.188619231516971,-1.1886192315169712,1.0,2.0,491.3,0.3576572123451556,1.6057022577815663,0.018920798902399838,400000000.0
NoJammer,0.0,1250,offset_+32,20,20,0,-26.44079582068257,0.2409446695006434,0.10559865732465314,-60.90086154434167,-60.90086154434165,0.0,32.0,484.2,0.9996578368032096,1.4209607876364,0.018845809972845018,400000000.0
NoJammer,0.0,1250,offset_+4,20,20,0,4.50280740416051,0.2409446694992159,0.10559865732402751,-4.868838735280629,-4.868838735280628,1.0,4.0,490.7,0.655135191082821,1.7948367812882602,0.018887556507252157,400000000.0
NoJammer,0.0,1250,offset_+8,20,20,0,3.6080554119297354,0.24094466949916551,0.10559865732400543,-24.77015269320042,-24.770152693200416,1.0,8.0,490.75,0.9708306050426853,1.3611162698384054,0.018850193009711802,400000000.0
NoJammer,0.0,1250,offset_-1,20,20,0,4.656131545181864,0.2409446694992168,0.10559865732402791,-0.3035923747676373,-0.30359237476763723,1.0,1.0,492.9,0.18532488887032023,1.7761505289286288,0.018970953533425927,400000000.0
NoJammer,0.0,1250,offset_-16,20,20,0,-6.159670209499051,0.24094466949922252,0.10559865732403043,-28.5297185319765,-28.529718531976496,0.0,16.0,495.2,0.9811937326929872,1.298350632869114,0.019072898430749774,400000000.0
NoJammer,0.0,1250,offset_-2,20,20,0,4.652265999209726,0.24094466949921733,0.10559865732402815,-1.188619231516971,-1.1886192315169712,1.0,2.0,492.35,0.35764496791246664,1.6057022577815663,0.019789658836089075,400000000.0
NoJammer,0.0,1250,offset_-32,20,20,0,-26.440795820681835,0.2409446694992384,0.10559865732403738,-60.90086154434166,-60.90086154434164,0.0,32.0,496.75,0.9996798732391508,1.4209607876364,0.019306348985992372,400000000.0
NoJammer,0.0,1250,offset_-4,20,20,0,4.50280740416051,0.24094466949921714,0.10559865732402807,-4.868838735280629,-4.868838735280628,1.0,4.0,492.0,0.655110814030173,1.7948367812882602,0.019060459453612566,400000000.0
NoJammer,0.0,1250,offset_-8,20,20,0,3.6080554119297132,0.24094466949920657,0.10559865732402342,-24.77015269320042,-24.770152693200416,1.0,8.0,494.3,0.9707671590119015,1.3611162698384054,0.019249905017204583,400000000.0
NoJammer,0.0,1250,random,20,20,11,-212.24213521736857,146.5532246516383,64.22978263800077,-104.1076089918767,-126.6771315657612,0.1,1397.65,275.85,1.0001309531668627,1.407624122522626,0.018783347331918776,400000000.0
NoJammer,0.0,1250,true,20,20,0,4.6533765577649975,0.2409446694992175,0.10559865732402822,-8.685846209919741e-05,-8.685846209919741e-05,1.0,0.0,492.2,0.0,0.0,0.02049585455097258,400000000.0
NoJammer,0.0,2500,fixed_0,20,20,20,nan,0.0,0.0,nan,nan,0.0,2500.0,0.0,0.9999999999999684,1.4142135623730503,0.01901250216178596,400000000.0
NoJammer,0.0,2500,missing,20,20,20,nan,0.0,0.0,nan,nan,0.0,2500.0,0.0,0.9999999999999684,1.4142135623730503,0.018852046923711896,400000000.0
NoJammer,0.0,2500,offset_+1,20,20,0,4.186771911451861,0.24452572940877268,0.10716812602832408,-0.3035923747676373,-0.30359237476763723,1.0,1.0,272.3,0.18533147148330892,1.7761505289286288,0.018962493049912155,400000000.0
NoJammer,0.0,2500,offset_+16,20,20,0,-6.629029843229048,0.2445257294087764,0.10716812602832572,-28.529718531976492,-28.529718531976492,0.0,16.0,271.1,0.9812213275335973,1.298350632869114,0.019050005357712507,400000000.0
NoJammer,0.0,2500,offset_+2,20,20,0,4.182906365479722,0.24452572940877185,0.10716812602832372,-1.188619231516971,-1.1886192315169712,1.0,2.0,272.8,0.3576572123451556,1.6057022577815663,0.019204060663469136,400000000.0
NoJammer,0.0,2500,offset_+32,20,20,0,-26.910155454412582,0.24452572941047235,0.107168126029069,-60.90086154434167,-60.90086154434165,0.0,32.0,268.75,0.9996578368032096,1.4209607876364,0.018968645599670708,400000000.0
NoJammer,0.0,2500,offset_+4,20,20,0,4.033447770430507,0.24452572940877232,0.10716812602832393,-4.868838735280628,-4.868838735280626,1.0,4.0,270.4,0.655135191082821,1.7948367812882602,0.01907490659505129,400000000.0
NoJammer,0.0,2500,offset_+8,20,20,0,3.138695778199733,0.24452572940872022,0.1071681260283011,-24.77015269320042,-24.770152693200416,1.0,8.0,271.95,0.9708306050426853,1.3611162698384054,0.019172803149558604,400000000.0
NoJammer,0.0,2500,offset_-1,20,20,0,4.186771911451861,0.24452572940877396,0.10716812602832464,-0.3035923747676373,-0.30359237476763723,1.0,1.0,273.35,0.18532488887032023,1.7761505289286288,0.018993645790033042,400000000.0
NoJammer,0.0,2500,offset_-16,20,20,0,-6.629029843229054,0.24452572940877576,0.10716812602832544,-28.5297185319765,-28.529718531976496,0.0,16.0,276.35,0.9811937326929872,1.298350632869114,0.019060398335568607,400000000.0
NoJammer,0.0,2500,offset_-2,20,20,0,4.182906365479722,0.24452572940877293,0.10716812602832419,-1.188619231516971,-1.1886192315169712,1.0,2.0,277.0,0.35764496791246664,1.6057022577815663,0.018958450527861714,400000000.0
NoJammer,0.0,2500,offset_-32,20,20,0,-26.910155454411843,0.24452572940872494,0.10716812602830317,-60.90086154434166,-60.90086154434164,0.0,32.0,279.8,0.9996798732391508,1.4209607876364,0.01946025586221367,400000000.0
NoJammer,0.0,2500,offset_-4,20,20,0,4.033447770430507,0.24452572940877376,0.10716812602832455,-4.868838735280629,-4.868838735280628,1.0,4.0,273.2,0.655110814030173,1.7948367812882602,0.019200006499886513,400000000.0
NoJammer,0.0,2500,offset_-8,20,20,0,3.1386957781997094,0.24452572940876222,0.1071681260283195,-24.770152693200416,-24.770152693200412,1.0,8.0,275.35,0.9707671590119015,1.3611162698384054,0.01908334670588374,400000000.0
NoJammer,0.0,2500,random,20,20,14,-232.85089429581592,147.56779533175322,72.30821971255908,-100.81109946924312,-112.95789962239262,0.2,1458.7,178.2,1.000064993154218,1.4033412024859502,0.018970746896229684,400000000.0
NoJammer,0.0,2500,true,20,20,0,4.184016924034994,0.24452572940877376,0.10716812602832455,-8.685846209726872e-05,-8.685846209726874e-05,1.0,0.0,272.5,0.0,0.0,0.02028739545494318,400000000.0
NoJammer,0.0,3750,fixed_0,20,20,20,nan,0.0,0.0,nan,nan,0.0,3750.0,0.0,0.9999999999999684,1.4142135623730503,0.019231202895753086,400000000.0
NoJammer,0.0,3750,missing,20,20,20,nan,0.0,0.0,nan,nan,0.0,3750.0,0.0,0.9999999999999684,1.4142135623730503,0.019185352721251547,400000000.0
NoJammer,0.0,3750,offset_+1,20,20,0,3.2039327824065706,0.28257348679170907,0.12384329092065847,-0.3035923747676373,-0.30359237476763723,1.0,1.0,53.35,0.18533147148330892,1.7761505289286288,0.018814607756212354,400000000.0
NoJammer,0.0,3750,offset_+16,20,20,0,-7.611868972274341,0.28257348679170863,0.12384329092065828,-28.529718531976492,-28.529718531976492,0.0,16.0,51.9,0.9812213275335973,1.298350632869114,0.01953544851858169,400000000.0
NoJammer,0.0,3750,offset_+2,20,20,0,3.2000672364344327,0.2825734867917078,0.12384329092065793,-1.188619231516971,-1.1886192315169712,1.0,2.0,53.05,0.3576572123451556,1.6057022577815663,0.018939541769213974,400000000.0
NoJammer,0.0,3750,offset_+32,20,20,0,-27.89299458345787,0.28257348679338806,0.12384329092139433,-60.90086154434167,-60.90086154434165,0.0,32.0,45.9,0.9996578368032096,1.4209607876364,0.019060596241615713,400000000.0
NoJammer,0.0,3750,offset_+4,20,20,0,3.0506086413852165,0.28257348679170763,0.12384329092065785,-4.868838735280629,-4.868838735280628,1.0,4.0,54.75,0.655135191082821,1.7948367812882602,0.018891741638071835,400000000.0
NoJammer,0.0,3750,offset_+8,20,20,0,2.1558566491544418,0.28257348679165967,0.12384329092063683,-24.770152693200423,-24.77015269320042,1.0,8.0,53.25,0.9708306050426853,1.3611162698384054,0.019016506848856807,400000000.0
NoJammer,0.0,3750,offset_-1,20,20,0,3.2039327824065693,0.28257348679170957,0.1238432909206587,-0.30359237476763823,-0.30359237476763823,1.0,1.0,54.35,0.18532488887032023,1.7761505289286288,0.018795800860971212,400000000.0
NoJammer,0.0,3750,offset_-16,20,20,0,-7.611868972274342,0.28257348679171085,0.12384329092065925,-28.5297185319765,-28.529718531976496,0.0,16.0,56.25,0.9811937326929872,1.298350632869114,0.01889774575829506,400000000.0
NoJammer,0.0,3750,offset_-2,20,20,0,3.200067236434431,0.2825734867917087,0.12384329092065831,-1.188619231516971,-1.1886192315169712,1.0,2.0,54.55,0.35764496791246664,1.6057022577815663,0.018664650269784033,400000000.0
NoJammer,0.0,3750,offset_-32,20,20,0,-27.89299458345713,0.2825734867917949,0.12384329092069608,-60.90086154434166,-60.90086154434164,0.0,32.0,59.45,0.9996798732391508,1.4209607876364,0.019210251048207283,400000000.0
NoJammer,0.0,3750,offset_-4,20,20,0,3.0506086413852174,0.28257348679170957,0.1238432909206587,-4.868838735280628,-4.868838735280626,1.0,4.0,56.8,0.655110814030173,1.7948367812882602,0.01873754372354597,400000000.0
NoJammer,0.0,3750,offset_-8,20,20,0,2.1558566491544187,0.2825734867916976,0.12384329092065344,-24.77015269320042,-24.770152693200416,1.0,8.0,54.65,0.9707671590119015,1.3611162698384054,0.018972952966578305,400000000.0
NoJammer,0.0,3750,random,20,20,12,-186.96367757899088,150.3341269268599,76.0795651407031,-89.77558969896556,-137.90359686079853,0.25,1532.0,88.5,1.0000145480739142,1.3905057385755513,0.019133405294269323,400000000.0
NoJammer,0.0,3750,true,20,20,0,3.201177794989704,0.28257348679170957,0.1238432909206587,-8.685846209919741e-05,-8.685846209919741e-05,1.0,0.0,53.7,0.0,0.0,0.020293655688874424,400000000.0
NoJammer,0.0,4500,fixed_0,20,20,20,nan,0.0,0.0,nan,nan,0.0,4500.0,0.0,0.9999999999999684,1.4142135623730503,0.019054202130064368,400000000.0
NoJammer,0.0,4500,missing,20,20,20,nan,0.0,0.0,nan,nan,0.0,4500.0,0.0,0.9999999999999684,1.4142135623730503,0.019195949425920844,400000000.0
NoJammer,0.0,4500,offset_+1,20,20,0,2.5184044897258673,0.28588797404890387,0.12529592900891678,-0.29490222623225715,-0.2949022262322571,1.0,1.0,13.2,0.18270227977980696,1.775868998944868,0.019043651991523802,400000000.0
NoJammer,0.0,4500,offset_+16,20,20,0,-8.306725241718206,0.28588797404890304,0.1252959290089164,-28.389621912928863,-28.389621912928863,0.0,16.0,17.25,0.9809156524285554,1.292174278443752,0.019168798462487757,400000000.0
NoJammer,0.0,4500,offset_+2,20,20,0,2.5034495855475245,0.28588797404890465,0.12529592900891712,-1.1712302313285752,-1.1712302313285752,1.0,2.0,11.95,0.35520235959328605,1.6050793564945063,0.01904164964798838,400000000.0
NoJammer,0.0,4500,offset_+32,20,20,0,-28.577408995301596,0.2858879740500522,0.12529592900942005,-60.61837156184881,-60.61837156184882,0.0,32.0,15.2,0.9996491073038871,1.4096558303359936,0.018933351384475827,400000000.0
NoJammer,0.0,4500,offset_+4,20,20,0,2.3210429432345583,0.28588797404890376,0.12529592900891673,-4.8340258525820134,-4.834025852582013,1.0,4.0,14.8,0.6533866302297378,1.793722127718004,0.01897295005619526,400000000.0
NoJammer,0.0,4500,offset_+8,20,20,0,1.398393045606144,0.28588797404886124,0.12529592900889808,-24.700386836751925,-24.70038683675192,1.0,8.0,13.1,0.970593239719088,1.3581743260785106,0.0191437458852306,400000000.0
NoJammer,0.0,4500,offset_-1,20,20,0,2.5268491977642453,0.28588797404890487,0.12529592900891723,-0.3035923747676373,-0.30359237476763723,1.0,1.0,13.05,0.18532488887032023,1.7761505289286288,0.019218804663978517,400000000.0
NoJammer,0.0,4500,offset_-16,20,20,0,-8.317684127894335,0.28588797404890537,0.12529592900891742,-28.5297185319765,-28.529718531976496,0.0,16.0,20.4,0.9811937326929872,1.298350632869114,0.01901249634101987,400000000.0
NoJammer,0.0,4500,offset_-2,20,20,0,2.522945760360784,0.285887974048906,0.1252959290089177,-1.1886192315169701,-1.1886192315169701,1.0,2.0,14.3,0.35764496791246664,1.6057022577815663,0.01904579985421151,400000000.0
NoJammer,0.0,4500,offset_-32,20,20,0,-28.610369498780102,0.28588797404900834,0.12529592900896255,-60.90086154434166,-60.90086154434164,0.0,32.0,17.25,0.9996798732391508,1.4209607876364,0.01919379865285009,400000000.0
NoJammer,0.0,4500,offset_-4,20,20,0,2.3720479259575873,0.2858879740489042,0.12529592900891692,-4.868838735280623,-4.868838735280624,1.0,4.0,15.35,0.655110814030173,1.7948367812882602,0.018950054072774947,400000000.0
NoJammer,0.0,4500,offset_-8,20,20,0,1.469650490576559,0.2858879740488941,0.12529592900891248,-24.770152693200416,-24.770152693200412,1.0,8.0,17.7,0.9707671590119015,1.3611162698384054,0.019081353093497455,400000000.0
NoJammer,0.0,4500,random,20,20,13,-136.3256563529711,144.21219958721687,89.38364734736629,-89.16008305654647,-112.52392943237498,0.2,2625.5,35.55,0.998575123260817,1.4065982582252399,0.01912504667416215,400000000.0
NoJammer,0.0,4500,true,20,20,0,2.52406720153855,0.2858879740489042,0.12529592900891692,-8.685846209726872e-05,-8.685846209726874e-05,1.0,0.0,12.3,0.0,0.0,0.0203771487576887,400000000.0
NoJammer,0.0,500,fixed_0,20,20,0,4.195331095426438,0.2640970573090741,0.1157456386689465,-8.685846209919741e-05,-8.685846209919741e-05,1.0,0.0,623.65,0.0,0.0,0.019174953922629356,400000000.0
NoJammer,0.0,500,missing,20,20,0,4.195331095426438,0.2640970573090741,0.1157456386689465,-8.685846209919741e-05,-8.685846209919741e-05,1.0,0.0,623.65,0.0,0.0,0.01913334708660841,400000000.0
NoJammer,0.0,500,offset_+1,20,20,0,4.198113091615292,0.26409705730907457,0.11574563866894667,-0.3035923747676373,-0.30359237476763723,1.0,1.0,627.3,0.18533147148330892,1.7761505289286288,0.01907714467961341,400000000.0
NoJammer,0.0,500,offset_+16,20,20,0,-6.6464209636326785,0.26409705730908206,0.11574563866894998,-28.529718531976492,-28.529718531976492,0.0,16.0,623.35,0.9812213275335973,1.298350632869114,0.019093751325272024,400000000.0
NoJammer,0.0,500,offset_+2,20,20,0,4.19420965366203,0.26409705730907446,0.11574563866894665,-1.1886192315169701,-1.1886192315169701,1.0,2.0,625.3,0.3576572123451556,1.6057022577815663,0.0190520629985258,400000000.0
NoJammer,0.0,500,offset_+32,20,20,0,-26.939107239958748,0.2640970573110022,0.1157456386697915,-60.90086154434166,-60.900861544341645,0.0,32.0,619.4,0.9996578368032096,1.4209607876364,0.01931440201587975,400000000.0
NoJammer,0.0,500,offset_+4,20,20,0,4.043311810851092,0.2640970573090709,0.11574563866894508,-4.868838735280629,-4.868838735280628,1.0,4.0,623.9,0.655135191082821,1.7948367812882602,0.01900226343423128,400000000.0
NoJammer,0.0,500,offset_+8,20,20,0,3.140914269387551,0.26409705730902094,0.11574563866892319,-24.77015269320042,-24.770152693200416,1.0,8.0,625.0,0.9708306050426853,1.3611162698384054,0.0191854516742751,400000000.0
NoJammer,0.0,500,offset_-1,20,20,0,4.195331095426438,0.2640970573090741,0.1157456386689465,-8.685846209919741e-05,-8.685846209919741e-05,1.0,0.0,623.65,0.0,0.0,0.01888544938992709,400000000.0
NoJammer,0.0,500,offset_-16,20,20,0,4.195331095426438,0.2640970573090741,0.1157456386689465,-8.685846209919741e-05,-8.685846209919741e-05,1.0,0.0,623.65,0.0,0.0,0.019047802197746933,400000000.0
NoJammer,0.0,500,offset_-2,20,20,0,4.195331095426438,0.2640970573090741,0.1157456386689465,-8.685846209919741e-05,-8.685846209919741e-05,1.0,0.0,623.65,0.0,0.0,0.018849896150641143,400000000.0
NoJammer,0.0,500,offset_-32,20,20,0,4.195331095426438,0.2640970573090741,0.1157456386689465,-8.685846209919741e-05,-8.685846209919741e-05,1.0,0.0,623.65,0.0,0.0,0.019464499200694263,400000000.0
NoJammer,0.0,500,offset_-4,20,20,0,4.195331095426438,0.2640970573090741,0.1157456386689465,-8.685846209919741e-05,-8.685846209919741e-05,1.0,0.0,623.65,0.0,0.0,0.019029100076295435,400000000.0
NoJammer,0.0,500,offset_-8,20,20,0,4.195331095426438,0.2640970573090741,0.1157456386689465,-8.685846209919741e-05,-8.685846209919741e-05,1.0,0.0,623.65,0.0,0.0,0.019072848954237998,400000000.0
NoJammer,0.0,500,random,20,20,14,-242.23024700343876,145.06063807998146,67.01459576814025,-79.32189046112181,-105.61224113726247,0.15,1817.65,253.25,0.9501003118002117,1.3346239807235416,0.019154048641212285,400000000.0
NoJammer,0.0,500,true,20,20,0,4.195331095426438,0.2640970573090741,0.1157456386689465,-8.685846209919741e-05,-8.685846209919741e-05,1.0,0.0,623.65,0.0,0.0,0.020414547179825604,400000000.0
NoJammer,10.0,1250,fixed_0,20,20,0,-55.95710056203236,0.24094466951929144,0.10559865733282602,-100.74809690831708,-100.74809690831707,0.0,750.0,624.1,1.0000577061680769,1.4162946809990093,0.019129307474941015,400000000.0
NoJammer,10.0,1250,missing,20,20,0,-55.95710056203236,0.24094466951929144,0.10559865733282602,-100.74809690831708,-100.74809690831707,0.0,750.0,624.1,1.0000577061680769,1.4162946809990093,0.01899169583339244,400000000.0
NoJammer,10.0,1250,offset_+1,20,20,0,4.656131545181864,0.2409446694992167,0.10559865732402786,-0.3035923747676373,-0.30359237476763723,1.0,1.0,489.7,0.18533147148330892,1.7761505289286288,0.01924585085362196,400000000.0
NoJammer,10.0,1250,offset_+16,20,20,0,-6.159670209499046,0.24094466949922183,0.1055986573240301,-28.5297185319765,-28.529718531976496,0.0,16.0,488.85,0.9812213275335973,1.298350632869114,0.01921860093716532,400000000.0
NoJammer,10.0,1250,offset_+2,20,20,0,4.6522659992097255,0.24094466949921597,0.10559865732402755,-1.188619231516971,-1.1886192315169712,1.0,2.0,491.3,0.3576572123451556,1.6057022577815663,0.01936484477482736,400000000.0
NoJammer,10.0,1250,offset_+32,20,20,0,-26.44079582068257,0.2409446695006434,0.10559865732465314,-60.90086154434167,-60.90086154434165,0.0,32.0,484.2,0.9996578368032096,1.4209607876364,0.019049941329285502,400000000.0
NoJammer,10.0,1250,offset_+4,20,20,0,4.50280740416051,0.2409446694992159,0.10559865732402751,-4.868838735280629,-4.868838735280628,1.0,4.0,490.7,0.655135191082821,1.7948367812882602,0.019081204663962126,400000000.0
NoJammer,10.0,1250,offset_+8,20,20,0,3.6080554119297354,0.24094466949916551,0.10559865732400543,-24.77015269320042,-24.770152693200416,1.0,8.0,490.75,0.9708306050426853,1.3611162698384054,0.019081143545918167,400000000.0
NoJammer,10.0,1250,offset_-1,20,20,0,4.656131545181864,0.2409446694992168,0.10559865732402791,-0.3035923747676373,-0.30359237476763723,1.0,1.0,492.9,0.18532488887032023,1.7761505289286288,0.01908543927129358,400000000.0
NoJammer,10.0,1250,offset_-16,20,20,0,-6.159670209499051,0.24094466949922252,0.10559865732403043,-28.5297185319765,-28.529718531976496,0.0,16.0,495.2,0.9811937326929872,1.298350632869114,0.019156301277689636,400000000.0
NoJammer,10.0,1250,offset_-2,20,20,0,4.652265999209726,0.24094466949921733,0.10559865732402815,-1.188619231516971,-1.1886192315169712,1.0,2.0,492.35,0.35764496791246664,1.6057022577815663,0.019041605992242694,400000000.0
NoJammer,10.0,1250,offset_-32,20,20,0,-26.440795820681835,0.2409446694992384,0.10559865732403738,-60.90086154434166,-60.90086154434164,0.0,32.0,496.75,0.9996798732391508,1.4209607876364,0.019550046999938786,400000000.0
NoJammer,10.0,1250,offset_-4,20,20,0,4.50280740416051,0.24094466949921714,0.10559865732402807,-4.868838735280629,-4.868838735280628,1.0,4.0,492.0,0.655110814030173,1.7948367812882602,0.019150099251419306,400000000.0
NoJammer,10.0,1250,offset_-8,20,20,0,3.6080554119297132,0.24094466949920657,0.10559865732402342,-24.77015269320042,-24.770152693200416,1.0,8.0,494.3,0.9707671590119015,1.3611162698384054,0.01930815924424678,400000000.0
NoJammer,10.0,1250,random,20,20,11,-212.24213521736857,146.5532246516383,64.22978263800077,-104.1076089918767,-126.6771315657612,0.1,1397.65,275.85,1.0001309531668627,1.407624122522626,0.019058494945056736,400000000.0
NoJammer,10.0,1250,true,20,20,0,4.6533765577649975,0.2409446694992175,0.10559865732402822,-8.685846209919741e-05,-8.685846209919741e-05,1.0,0.0,492.2,0.0,0.0,0.02059995022136718,400000000.0
NoJammer,10.0,2500,fixed_0,20,20,20,nan,0.0,0.0,nan,nan,0.0,2500.0,0.0,0.9999999999999684,1.4142135623730503,0.019129348220303655,400000000.0
NoJammer,10.0,2500,missing,20,20,20,nan,0.0,0.0,nan,nan,0.0,2500.0,0.0,0.9999999999999684,1.4142135623730503,0.018862547585740685,400000000.0
NoJammer,10.0,2500,offset_+1,20,20,0,4.186771911451861,0.24452572940877268,0.10716812602832408,-0.3035923747676373,-0.30359237476763723,1.0,1.0,272.3,0.18533147148330892,1.7761505289286288,0.01889370323624462,400000000.0
NoJammer,10.0,2500,offset_+16,20,20,0,-6.629029843229048,0.2445257294087764,0.10716812602832572,-28.529718531976492,-28.529718531976492,0.0,16.0,271.1,0.9812213275335973,1.298350632869114,0.018985345377586782,400000000.0
NoJammer,10.0,2500,offset_+2,20,20,0,4.182906365479722,0.24452572940877185,0.10716812602832372,-1.188619231516971,-1.1886192315169712,1.0,2.0,272.8,0.3576572123451556,1.6057022577815663,0.0190542486961931,400000000.0
NoJammer,10.0,2500,offset_+32,20,20,0,-26.910155454412582,0.24452572941047235,0.107168126029069,-60.90086154434167,-60.90086154434165,0.0,32.0,268.75,0.9996578368032096,1.4209607876364,0.018933258252218366,400000000.0
NoJammer,10.0,2500,offset_+4,20,20,0,4.033447770430507,0.24452572940877232,0.10716812602832393,-4.868838735280628,-4.868838735280626,1.0,4.0,270.4,0.655135191082821,1.7948367812882602,0.018933293176814914,400000000.0
NoJammer,10.0,2500,offset_+8,20,20,0,3.138695778199733,0.24452572940872022,0.1071681260283011,-24.77015269320042,-24.770152693200416,1.0,8.0,271.95,0.9708306050426853,1.3611162698384054,0.01908975245896727,400000000.0
NoJammer,10.0,2500,offset_-1,20,20,0,4.186771911451861,0.24452572940877396,0.10716812602832464,-0.3035923747676373,-0.30359237476763723,1.0,1.0,273.35,0.18532488887032023,1.7761505289286288,0.01902495278045535,400000000.0
NoJammer,10.0,2500,offset_-16,20,20,0,-6.629029843229054,0.24452572940877576,0.10716812602832544,-28.5297185319765,-28.529718531976496,0.0,16.0,276.35,0.9811937326929872,1.298350632869114,0.01903739175759256,400000000.0
NoJammer,10.0,2500,offset_-2,20,20,0,4.182906365479722,0.24452572940877293,0.10716812602832419,-1.188619231516971,-1.1886192315169712,1.0,2.0,277.0,0.35764496791246664,1.6057022577815663,0.01891880529001355,400000000.0
NoJammer,10.0,2500,offset_-32,20,20,0,-26.910155454411843,0.24452572940872494,0.10716812602830317,-60.90086154434166,-60.90086154434164,0.0,32.0,279.8,0.9996798732391508,1.4209607876364,0.01942923991009593,400000000.0
NoJammer,10.0,2500,offset_-4,20,20,0,4.033447770430507,0.24452572940877376,0.10716812602832455,-4.868838735280629,-4.868838735280628,1.0,4.0,273.2,0.655110814030173,1.7948367812882602,0.01921670336741954,400000000.0
NoJammer,10.0,2500,offset_-8,20,20,0,3.1386957781997094,0.24452572940876222,0.1071681260283195,-24.770152693200416,-24.770152693200412,1.0,8.0,275.35,0.9707671590119015,1.3611162698384054,0.01898334303405136,400000000.0
NoJammer,10.0,2500,random,20,20,14,-232.85089429581592,147.56779533175322,72.30821971255908,-100.81109946924312,-112.95789962239262,0.2,1458.7,178.2,1.000064993154218,1.4033412024859502,0.019016704754903913,400000000.0
NoJammer,10.0,2500,true,20,20,0,4.184016924034994,0.24452572940877376,0.10716812602832455,-8.685846209726872e-05,-8.685846209726874e-05,1.0,0.0,272.5,0.0,0.0,0.020337497699074447,400000000.0
NoJammer,10.0,3750,fixed_0,20,20,20,nan,0.0,0.0,nan,nan,0.0,3750.0,0.0,0.9999999999999684,1.4142135623730503,0.019093643641099334,400000000.0
NoJammer,10.0,3750,missing,20,20,20,nan,0.0,0.0,nan,nan,0.0,3750.0,0.0,0.9999999999999684,1.4142135623730503,0.01925435208249837,400000000.0
NoJammer,10.0,3750,offset_+1,20,20,0,3.2039327824065706,0.28257348679170907,0.12384329092065847,-0.3035923747676373,-0.30359237476763723,1.0,1.0,53.35,0.18533147148330892,1.7761505289286288,0.019050014088861644,400000000.0
NoJammer,10.0,3750,offset_+16,20,20,0,-7.611868972274341,0.28257348679170863,0.12384329092065828,-28.529718531976492,-28.529718531976492,0.0,16.0,51.9,0.9812213275335973,1.298350632869114,0.019206348224543035,400000000.0
NoJammer,10.0,3750,offset_+2,20,20,0,3.2000672364344327,0.2825734867917078,0.12384329092065793,-1.188619231516971,-1.1886192315169712,1.0,2.0,53.05,0.3576572123451556,1.6057022577815663,0.019172957399860024,400000000.0
NoJammer,10.0,3750,offset_+32,20,20,0,-27.89299458345787,0.28257348679338806,0.12384329092139433,-60.90086154434167,-60.90086154434165,0.0,32.0,45.9,0.9996578368032096,1.4209607876364,0.019120704382658005,400000000.0
NoJammer,10.0,3750,offset_+4,20,20,0,3.0506086413852165,0.28257348679170763,0.12384329092065785,-4.868838735280629,-4.868838735280628,1.0,4.0,54.75,0.655135191082821,1.7948367812882602,0.01918544585350901,400000000.0
NoJammer,10.0,3750,offset_+8,20,20,0,2.1558566491544418,0.28257348679165967,0.12384329092063683,-24.770152693200423,-24.77015269320042,1.0,8.0,53.25,0.9708306050426853,1.3611162698384054,0.019154101028107107,400000000.0
NoJammer,10.0,3750,offset_-1,20,20,0,3.2039327824065693,0.28257348679170957,0.1238432909206587,-0.30359237476763823,-0.30359237476763823,1.0,1.0,54.35,0.18532488887032023,1.7761505289286288,0.01915214816108346,400000000.0
NoJammer,10.0,3750,offset_-16,20,20,0,-7.611868972274342,0.28257348679171085,0.12384329092065925,-28.5297185319765,-28.529718531976496,0.0,16.0,56.25,0.9811937326929872,1.298350632869114,0.019101944053545594,400000000.0
NoJammer,10.0,3750,offset_-2,20,20,0,3.200067236434431,0.2825734867917087,0.12384329092065831,-1.188619231516971,-1.1886192315169712,1.0,2.0,54.55,0.35764496791246664,1.6057022577815663,0.018908444326370955,400000000.0
NoJammer,10.0,3750,offset_-32,20,20,0,-27.89299458345713,0.2825734867917949,0.12384329092069608,-60.90086154434166,-60.90086154434164,0.0,32.0,59.45,0.9996798732391508,1.4209607876364,0.01926035329233855,400000000.0
NoJammer,10.0,3750,offset_-4,20,20,0,3.0506086413852174,0.28257348679170957,0.1238432909206587,-4.868838735280628,-4.868838735280626,1.0,4.0,56.8,0.655110814030173,1.7948367812882602,0.01904379460029304,400000000.0
NoJammer,10.0,3750,offset_-8,20,20,0,2.1558566491544187,0.2825734867916976,0.12384329092065344,-24.77015269320042,-24.770152693200416,1.0,8.0,54.65,0.9707671590119015,1.3611162698384054,0.019091603462584317,400000000.0
NoJammer,10.0,3750,random,20,20,12,-186.96367757899088,150.3341269268599,76.0795651407031,-89.77558969896556,-137.90359686079853,0.25,1532.0,88.5,1.0000145480739142,1.3905057385755513,0.019175058696419,400000000.0
NoJammer,10.0,3750,true,20,20,0,3.201177794989704,0.28257348679170957,0.1238432909206587,-8.685846209919741e-05,-8.685846209919741e-05,1.0,0.0,53.7,0.0,0.0,0.020591553766280413,400000000.0
NoJammer,10.0,4500,fixed_0,20,20,20,nan,0.0,0.0,nan,nan,0.0,4500.0,0.0,0.9999999999999684,1.4142135623730503,0.019245842122472823,400000000.0
NoJammer,10.0,4500,missing,20,20,20,nan,0.0,0.0,nan,nan,0.0,4500.0,0.0,0.9999999999999684,1.4142135623730503,0.01907500554807484,400000000.0
NoJammer,10.0,4500,offset_+1,20,20,0,2.5184044897258673,0.28588797404890387,0.12529592900891678,-0.29490222623225715,-0.2949022262322571,1.0,1.0,13.2,0.18270227977980696,1.775868998944868,0.0191374565474689,400000000.0
NoJammer,10.0,4500,offset_+16,20,20,0,-8.306725241718206,0.28588797404890304,0.1252959290089164,-28.389621912928863,-28.389621912928863,0.0,16.0,17.25,0.9809156524285554,1.292174278443752,0.019104150123894215,400000000.0
NoJammer,10.0,4500,offset_+2,20,20,0,2.5034495855475245,0.28588797404890465,0.12529592900891712,-1.1712302313285752,-1.1712302313285752,1.0,2.0,11.95,0.35520235959328605,1.6050793564945063,0.019087540567852557,400000000.0
NoJammer,10.0,4500,offset_+32,20,20,0,-28.577408995301596,0.2858879740500522,0.12529592900942005,-60.61837156184881,-60.61837156184882,0.0,32.0,15.2,0.9996491073038871,1.4096558303359936,0.019079059711657465,400000000.0
NoJammer,10.0,4500,offset_+4,20,20,0,2.3210429432345583,0.28588797404890376,0.12529592900891673,-4.8340258525820134,-4.834025852582013,1.0,4.0,14.8,0.6533866302297378,1.793722127718004,0.019027048256248236,400000000.0
NoJammer,10.0,4500,offset_+8,20,20,0,1.398393045606144,0.28588797404886124,0.12529592900889808,-24.700386836751925,-24.70038683675192,1.0,8.0,13.1,0.970593239719088,1.3581743260785106,0.019131405861116946,400000000.0
NoJammer,10.0,4500,offset_-1,20,20,0,2.5268491977642453,0.28588797404890487,0.12529592900891723,-0.3035923747676373,-0.30359237476763723,1.0,1.0,13.05,0.18532488887032023,1.7761505289286288,0.0189103971933946,400000000.0
NoJammer,10.0,4500,offset_-16,20,20,0,-8.317684127894335,0.28588797404890537,0.12529592900891742,-28.5297185319765,-28.529718531976496,0.0,16.0,20.4,0.9811937326929872,1.298350632869114,0.019052039715461433,400000000.0
NoJammer,10.0,4500,offset_-2,20,20,0,2.522945760360784,0.285887974048906,0.1252959290089177,-1.1886192315169701,-1.1886192315169701,1.0,2.0,14.3,0.35764496791246664,1.6057022577815663,0.018966608331538737,400000000.0
NoJammer,10.0,4500,offset_-32,20,20,0,-28.610369498780102,0.28588797404900834,0.12529592900896255,-60.90086154434166,-60.90086154434164,0.0,32.0,17.25,0.9996798732391508,1.4209607876364,0.01926664263010025,400000000.0
NoJammer,10.0,4500,offset_-4,20,20,0,2.3720479259575873,0.2858879740489042,0.12529592900891692,-4.868838735280623,-4.868838735280624,1.0,4.0,15.35,0.655110814030173,1.7948367812882602,0.018916805856861174,400000000.0
NoJammer,10.0,4500,offset_-8,20,20,0,1.469650490576559,0.2858879740488941,0.12529592900891248,-24.770152693200416,-24.770152693200412,1.0,8.0,17.7,0.9707671590119015,1.3611162698384054,0.0190563005162403,400000000.0
NoJammer,10.0,4500,random,20,20,13,-136.3256563529711,144.21219958721687,89.38364734736629,-89.16008305654647,-112.52392943237498,0.2,2625.5,35.55,0.998575123260817,1.4065982582252399,0.019220795365981758,400000000.0
NoJammer,10.0,4500,true,20,20,0,2.52406720153855,0.2858879740489042,0.12529592900891692,-8.685846209726872e-05,-8.685846209726874e-05,1.0,0.0,12.3,0.0,0.0,0.02047289744950831,400000000.0
NoJammer,10.0,500,fixed_0,20,20,0,4.195331095426438,0.2640970573090741,0.1157456386689465,-8.685846209919741e-05,-8.685846209919741e-05,1.0,0.0,623.65,0.0,0.0,0.01912275329232216,400000000.0
NoJammer,10.0,500,missing,20,20,0,4.195331095426438,0.2640970573090741,0.1157456386689465,-8.685846209919741e-05,-8.685846209919741e-05,1.0,0.0,623.65,0.0,0.0,0.019124848768115044,400000000.0
NoJammer,10.0,500,offset_+1,20,20,0,4.198113091615292,0.26409705730907457,0.11574563866894667,-0.3035923747676373,-0.30359237476763723,1.0,1.0,627.3,0.18533147148330892,1.7761505289286288,0.01920205249916762,400000000.0
NoJammer,10.0,500,offset_+16,20,20,0,-6.6464209636326785,0.26409705730908206,0.11574563866894998,-28.529718531976492,-28.529718531976492,0.0,16.0,623.35,0.9812213275335973,1.298350632869114,0.01915835018735379,400000000.0
NoJammer,10.0,500,offset_+2,20,20,0,4.19420965366203,0.26409705730907446,0.11574563866894665,-1.1886192315169701,-1.1886192315169701,1.0,2.0,625.3,0.3576572123451556,1.6057022577815663,0.019256194354966283,400000000.0
NoJammer,10.0,500,offset_+32,20,20,0,-26.939107239958748,0.2640970573110022,0.1157456386697915,-60.90086154434166,-60.900861544341645,0.0,32.0,619.4,0.9996578368032096,1.4209607876364,0.02000624663196504,400000000.0
NoJammer,10.0,500,offset_+4,20,20,0,4.043311810851092,0.2640970573090709,0.11574563866894508,-4.868838735280629,-4.868838735280628,1.0,4.0,623.9,0.655135191082821,1.7948367812882602,0.01915405737236142,400000000.0
NoJammer,10.0,500,offset_+8,20,20,0,3.140914269387551,0.26409705730902094,0.11574563866892319,-24.77015269320042,-24.770152693200416,1.0,8.0,625.0,0.9708306050426853,1.3611162698384054,0.019227160373702645,400000000.0
NoJammer,10.0,500,offset_-1,20,20,0,4.195331095426438,0.2640970573090741,0.1157456386689465,-8.685846209919741e-05,-8.685846209919741e-05,1.0,0.0,623.65,0.0,0.0,0.01905204262584448,400000000.0
NoJammer,10.0,500,offset_-16,20,20,0,4.195331095426438,0.2640970573090741,0.1157456386689465,-8.685846209919741e-05,-8.685846209919741e-05,1.0,0.0,623.65,0.0,0.0,0.019343799795024097,400000000.0
NoJammer,10.0,500,offset_-2,20,20,0,4.195331095426438,0.2640970573090741,0.1157456386689465,-8.685846209919741e-05,-8.685846209919741e-05,1.0,0.0,623.65,0.0,0.0,0.019029149552807212,400000000.0
NoJammer,10.0,500,offset_-32,20,20,0,4.195331095426438,0.2640970573090741,0.1157456386689465,-8.685846209919741e-05,-8.685846209919741e-05,1.0,0.0,623.65,0.0,0.0,0.019662600243464112,400000000.0
NoJammer,10.0,500,offset_-4,20,20,0,4.195331095426438,0.2640970573090741,0.1157456386689465,-8.685846209919741e-05,-8.685846209919741e-05,1.0,0.0,623.65,0.0,0.0,0.01919995411299169,400000000.0
NoJammer,10.0,500,offset_-8,20,20,0,4.195331095426438,0.2640970573090741,0.1157456386689465,-8.685846209919741e-05,-8.685846209919741e-05,1.0,0.0,623.65,0.0,0.0,0.019422898185439408,400000000.0
NoJammer,10.0,500,random,20,20,14,-242.23024700343876,145.06063807998146,67.01459576814025,-79.32189046112181,-105.61224113726247,0.15,1817.65,253.25,0.9501003118002117,1.3346239807235416,0.01923314994201064,400000000.0
NoJammer,10.0,500,true,20,20,0,4.195331095426438,0.2640970573090741,0.1157456386689465,-8.685846209919741e-05,-8.685846209919741e-05,1.0,0.0,623.65,0.0,0.0,0.02072289353236556,400000000.0
NoJammer,20.0,1250,fixed_0,20,20,0,-55.95710056203236,0.24094466951929144,0.10559865733282602,-100.74809690831708,-100.74809690831707,0.0,750.0,624.1,1.0000577061680769,1.4162946809990093,0.019095840980298817,400000000.0
NoJammer,20.0,1250,missing,20,20,0,-55.95710056203236,0.24094466951929144,0.10559865733282602,-100.74809690831708,-100.74809690831707,0.0,750.0,624.1,1.0000577061680769,1.4162946809990093,0.019006297225132585,400000000.0
NoJammer,20.0,1250,offset_+1,20,20,0,4.656131545181864,0.2409446694992167,0.10559865732402786,-0.3035923747676373,-0.30359237476763723,1.0,1.0,489.7,0.18533147148330892,1.7761505289286288,0.018612449639476836,400000000.0
NoJammer,20.0,1250,offset_+16,20,20,0,-6.159670209499046,0.24094466949922183,0.1055986573240301,-28.5297185319765,-28.529718531976496,0.0,16.0,488.85,0.9812213275335973,1.298350632869114,0.01913529704324901,400000000.0
NoJammer,20.0,1250,offset_+2,20,20,0,4.6522659992097255,0.24094466949921597,0.10559865732402755,-1.188619231516971,-1.1886192315169712,1.0,2.0,491.3,0.3576572123451556,1.6057022577815663,0.018814747454598546,400000000.0
NoJammer,20.0,1250,offset_+32,20,20,0,-26.44079582068257,0.2409446695006434,0.10559865732465314,-60.90086154434167,-60.90086154434165,0.0,32.0,484.2,0.9996578368032096,1.4209607876364,0.01898965856526047,400000000.0
NoJammer,20.0,1250,offset_+4,20,20,0,4.50280740416051,0.2409446694992159,0.10559865732402751,-4.868838735280629,-4.868838735280628,1.0,4.0,490.7,0.655135191082821,1.7948367812882602,0.018891855143010616,400000000.0
NoJammer,20.0,1250,offset_+8,20,20,0,3.6080554119297354,0.24094466949916551,0.10559865732400543,-24.77015269320042,-24.770152693200416,1.0,8.0,490.75,0.9708306050426853,1.3611162698384054,0.018956302665174007,400000000.0
NoJammer,20.0,1250,offset_-1,20,20,0,4.656131545181864,0.2409446694992168,0.10559865732402791,-0.3035923747676373,-0.30359237476763723,1.0,1.0,492.9,0.18532488887032023,1.7761505289286288,0.018737249774858356,400000000.0
NoJammer,20.0,1250,offset_-16,20,20,0,-6.159670209499051,0.24094466949922252,0.10559865732403043,-28.5297185319765,-28.529718531976496,0.0,16.0,495.2,0.9811937326929872,1.298350632869114,0.019006303045898676,400000000.0
NoJammer,20.0,1250,offset_-2,20,20,0,4.652265999209726,0.24094466949921733,0.10559865732402815,-1.188619231516971,-1.1886192315169712,1.0,2.0,492.35,0.35764496791246664,1.6057022577815663,0.019658353994600475,400000000.0
NoJammer,20.0,1250,offset_-32,20,20,0,-26.440795820681835,0.2409446694992384,0.10559865732403738,-60.90086154434166,-60.90086154434164,0.0,32.0,496.75,0.9996798732391508,1.4209607876364,0.019135349430143833,400000000.0
NoJammer,20.0,1250,offset_-4,20,20,0,4.50280740416051,0.24094466949921714,0.10559865732402807,-4.868838735280629,-4.868838735280628,1.0,4.0,492.0,0.655110814030173,1.7948367812882602,0.018872847431339324,400000000.0
NoJammer,20.0,1250,offset_-8,20,20,0,3.6080554119297132,0.24094466949920657,0.10559865732402342,-24.77015269320042,-24.770152693200416,1.0,8.0,494.3,0.9707671590119015,1.3611162698384054,0.018914754036813974,400000000.0
NoJammer,20.0,1250,random,20,20,11,-212.24213521736857,146.5532246516383,64.22978263800077,-104.1076089918767,-126.6771315657612,0.1,1397.65,275.85,1.0001309531668627,1.407624122522626,0.019179153605364263,400000000.0
NoJammer,20.0,1250,true,20,20,0,4.6533765577649975,0.2409446694992175,0.10559865732402822,-8.685846209919741e-05,-8.685846209919741e-05,1.0,0.0,492.2,0.0,0.0,0.020435306942090392,400000000.0
NoJammer,20.0,2500,fixed_0,20,20,20,nan,0.0,0.0,nan,nan,0.0,2500.0,0.0,0.9999999999999684,1.4142135623730503,0.018920740694738925,400000000.0
NoJammer,20.0,2500,missing,20,20,20,nan,0.0,0.0,nan,nan,0.0,2500.0,0.0,0.9999999999999684,1.4142135623730503,0.018874998204410076,400000000.0
NoJammer,20.0,2500,offset_+1,20,20,0,4.186771911451861,0.24452572940877268,0.10716812602832408,-0.3035923747676373,-0.30359237476763723,1.0,1.0,272.3,0.18533147148330892,1.7761505289286288,0.01884584198705852,400000000.0
NoJammer,20.0,2500,offset_+16,20,20,0,-6.629029843229048,0.2445257294087764,0.10716812602832572,-28.529718531976492,-28.529718531976492,0.0,16.0,271.1,0.9812213275335973,1.298350632869114,0.018931194790638983,400000000.0
NoJammer,20.0,2500,offset_+2,20,20,0,4.182906365479722,0.24452572940877185,0.10716812602832372,-1.188619231516971,-1.1886192315169712,1.0,2.0,272.8,0.3576572123451556,1.6057022577815663,0.018860353156924248,400000000.0
NoJammer,20.0,2500,offset_+32,20,20,0,-26.910155454412582,0.24452572941047235,0.107168126029069,-60.90086154434167,-60.90086154434165,0.0,32.0,268.75,0.9996578368032096,1.4209607876364,0.018806199659593403,400000000.0
NoJammer,20.0,2500,offset_+4,20,20,0,4.033447770430507,0.24452572940877232,0.10716812602832393,-4.868838735280628,-4.868838735280626,1.0,4.0,270.4,0.655135191082821,1.7948367812882602,0.018856197129935026,400000000.0
NoJammer,20.0,2500,offset_+8,20,20,0,3.138695778199733,0.24452572940872022,0.1071681260283011,-24.77015269320042,-24.770152693200416,1.0,8.0,271.95,0.9708306050426853,1.3611162698384054,0.018929308862425387,400000000.0
NoJammer,20.0,2500,offset_-1,20,20,0,4.186771911451861,0.24452572940877396,0.10716812602832464,-0.3035923747676373,-0.30359237476763723,1.0,1.0,273.35,0.18532488887032023,1.7761505289286288,0.018820911645889282,400000000.0
NoJammer,20.0,2500,offset_-16,20,20,0,-6.629029843229054,0.24452572940877576,0.10716812602832544,-28.5297185319765,-28.529718531976496,0.0,16.0,276.35,0.9811937326929872,1.298350632869114,0.019001998589374125,400000000.0
NoJammer,20.0,2500,offset_-2,20,20,0,4.182906365479722,0.24452572940877293,0.10716812602832419,-1.188619231516971,-1.1886192315169712,1.0,2.0,277.0,0.35764496791246664,1.6057022577815663,0.018839555559679866,400000000.0
NoJammer,20.0,2500,offset_-32,20,20,0,-26.910155454411843,0.24452572940872494,0.10716812602830317,-60.90086154434166,-60.90086154434164,0.0,32.0,279.8,0.9996798732391508,1.4209607876364,0.01921675866469741,400000000.0
NoJammer,20.0,2500,offset_-4,20,20,0,4.033447770430507,0.24452572940877376,0.10716812602832455,-4.868838735280629,-4.868838735280628,1.0,4.0,273.2,0.655110814030173,1.7948367812882602,0.01898125046864152,400000000.0
NoJammer,20.0,2500,offset_-8,20,20,0,3.1386957781997094,0.24452572940876222,0.1071681260283195,-24.770152693200416,-24.770152693200412,1.0,8.0,275.35,0.9707671590119015,1.3611162698384054,0.019045951194129884,400000000.0
NoJammer,20.0,2500,random,20,20,14,-232.85089429581592,147.56779533175322,72.30821971255908,-100.81109946924312,-112.95789962239262,0.2,1458.7,178.2,1.000064993154218,1.4033412024859502,0.01891050487756729,400000000.0
NoJammer,20.0,2500,true,20,20,0,4.184016924034994,0.24452572940877376,0.10716812602832455,-8.685846209726872e-05,-8.685846209726874e-05,1.0,0.0,272.5,0.0,0.0,0.020481148385442793,400000000.0
NoJammer,20.0,3750,fixed_0,20,20,20,nan,0.0,0.0,nan,nan,0.0,3750.0,0.0,0.9999999999999684,1.4142135623730503,0.018945749616250396,400000000.0
NoJammer,20.0,3750,missing,20,20,20,nan,0.0,0.0,nan,nan,0.0,3750.0,0.0,0.9999999999999684,1.4142135623730503,0.018933400860987604,400000000.0
NoJammer,20.0,3750,offset_+1,20,20,0,3.2039327824065706,0.28257348679170907,0.12384329092065847,-0.3035923747676373,-0.30359237476763723,1.0,1.0,53.35,0.18533147148330892,1.7761505289286288,0.019785400945693254,400000000.0
NoJammer,20.0,3750,offset_+16,20,20,0,-7.611868972274341,0.28257348679170863,0.12384329092065828,-28.529718531976492,-28.529718531976492,0.0,16.0,51.9,0.9812213275335973,1.298350632869114,0.018985490896739066,400000000.0
NoJammer,20.0,3750,offset_+2,20,20,0,3.2000672364344327,0.2825734867917078,0.12384329092065793,-1.188619231516971,-1.1886192315169712,1.0,2.0,53.05,0.3576572123451556,1.6057022577815663,0.018912646919488907,400000000.0
NoJammer,20.0,3750,offset_+32,20,20,0,-27.89299458345787,0.28257348679338806,0.12384329092139433,-60.90086154434167,-60.90086154434165,0.0,32.0,45.9,0.9996578368032096,1.4209607876364,0.01886454992927611,400000000.0
NoJammer,20.0,3750,offset_+4,20,20,0,3.0506086413852165,0.28257348679170763,0.12384329092065785,-4.868838735280629,-4.868838735280628,1.0,4.0,54.75,0.655135191082821,1.7948367812882602,0.018952100072056055,400000000.0
NoJammer,20.0,3750,offset_+8,20,20,0,2.1558566491544418,0.28257348679165967,0.12384329092063683,-24.770152693200423,-24.77015269320042,1.0,8.0,53.25,0.9708306050426853,1.3611162698384054,0.019064650405198336,400000000.0
NoJammer,20.0,3750,offset_-1,20,20,0,3.2039327824065693,0.28257348679170957,0.1238432909206587,-0.30359237476763823,-0.30359237476763823,1.0,1.0,54.35,0.18532488887032023,1.7761505289286288,0.01901250216178596,400000000.0
NoJammer,20.0,3750,offset_-16,20,20,0,-7.611868972274342,0.28257348679171085,0.12384329092065925,-28.5297185319765,-28.529718531976496,0.0,16.0,56.25,0.9811937326929872,1.298350632869114,0.0190397520782426,400000000.0
NoJammer,20.0,3750,offset_-2,20,20,0,3.200067236434431,0.2825734867917087,0.12384329092065831,-1.188619231516971,-1.1886192315169712,1.0,2.0,54.55,0.35764496791246664,1.6057022577815663,0.01881259959191084,400000000.0
NoJammer,20.0,3750,offset_-32,20,20,0,-27.89299458345713,0.2825734867917949,0.12384329092069608,-60.90086154434166,-60.90086154434164,0.0,32.0,59.45,0.9996798732391508,1.4209607876364,0.019126952975057065,400000000.0
NoJammer,20.0,3750,offset_-4,20,20,0,3.0506086413852174,0.28257348679170957,0.1238432909206587,-4.868838735280628,-4.868838735280626,1.0,4.0,56.8,0.655110814030173,1.7948367812882602,0.018856246606446803,400000000.0
NoJammer,20.0,3750,offset_-8,20,20,0,2.1558566491544187,0.2825734867916976,0.12384329092065344,-24.77015269320042,-24.770152693200416,1.0,8.0,54.65,0.9707671590119015,1.3611162698384054,0.01892709988169372,400000000.0
NoJammer,20.0,3750,random,20,20,12,-186.96367757899088,150.3341269268599,76.0795651407031,-89.77558969896556,-137.90359686079853,0.25,1532.0,88.5,1.0000145480739142,1.3905057385755513,0.018858403200283647,400000000.0
NoJammer,20.0,3750,true,20,20,0,3.201177794989704,0.28257348679170957,0.1238432909206587,-8.685846209919741e-05,-8.685846209919741e-05,1.0,0.0,53.7,0.0,0.0,0.02032504417002201,400000000.0
NoJammer,20.0,4500,fixed_0,20,20,20,nan,0.0,0.0,nan,nan,0.0,4500.0,0.0,0.9999999999999684,1.4142135623730503,0.01908770645968616,400000000.0
NoJammer,20.0,4500,missing,20,20,20,nan,0.0,0.0,nan,nan,0.0,4500.0,0.0,0.9999999999999684,1.4142135623730503,0.019022749620489776,400000000.0
NoJammer,20.0,4500,offset_+1,20,20,0,2.5184044897258673,0.28588797404890387,0.12529592900891678,-0.29490222623225715,-0.2949022262322571,1.0,1.0,13.2,0.18270227977980696,1.775868998944868,0.01891240244731307,400000000.0
NoJammer,20.0,4500,offset_+16,20,20,0,-8.306725241718206,0.28588797404890304,0.1252959290089164,-28.389621912928863,-28.389621912928863,0.0,16.0,17.25,0.9809156524285554,1.292174278443752,0.01890835410449654,400000000.0
NoJammer,20.0,4500,offset_+2,20,20,0,2.5034495855475245,0.28588797404890465,0.12529592900891712,-1.1712302313285752,-1.1712302313285752,1.0,2.0,11.95,0.35520235959328605,1.6050793564945063,0.018939594156108797,400000000.0
NoJammer,20.0,4500,offset_+32,20,20,0,-28.577408995301596,0.2858879740500522,0.12529592900942005,-60.61837156184881,-60.61837156184882,0.0,32.0,15.2,0.9996491073038871,1.4096558303359936,0.0189290993148461,400000000.0
NoJammer,20.0,4500,offset_+4,20,20,0,2.3210429432345583,0.28588797404890376,0.12529592900891673,-4.8340258525820134,-4.834025852582013,1.0,4.0,14.8,0.6533866302297378,1.793722127718004,0.018993686535395682,400000000.0
NoJammer,20.0,4500,offset_+8,20,20,0,1.398393045606144,0.28588797404886124,0.12529592900889808,-24.700386836751925,-24.70038683675192,1.0,8.0,13.1,0.970593239719088,1.3581743260785106,0.018981247558258474,400000000.0
NoJammer,20.0,4500,offset_-1,20,20,0,2.5268491977642453,0.28588797404890487,0.12529592900891723,-0.3035923747676373,-0.30359237476763723,1.0,1.0,13.05,0.18532488887032023,1.7761505289286288,0.01889580744318664,400000000.0
NoJammer,20.0,4500,offset_-16,20,20,0,-8.317684127894335,0.28588797404890537,0.12529592900891742,-28.5297185319765,-28.529718531976496,0.0,16.0,20.4,0.9811937326929872,1.298350632869114,0.01890205021481961,400000000.0
NoJammer,20.0,4500,offset_-2,20,20,0,2.522945760360784,0.285887974048906,0.1252959290089177,-1.1886192315169701,-1.1886192315169701,1.0,2.0,14.3,0.35764496791246664,1.6057022577815663,0.018812596681527793,400000000.0
NoJammer,20.0,4500,offset_-32,20,20,0,-28.610369498780102,0.28588797404900834,0.12529592900896255,-60.90086154434166,-60.90086154434164,0.0,32.0,17.25,0.9996798732391508,1.4209607876364,0.019077048636972904,400000000.0
NoJammer,20.0,4500,offset_-4,20,20,0,2.3720479259575873,0.2858879740489042,0.12529592900891692,-4.868838735280623,-4.868838735280624,1.0,4.0,15.35,0.655110814030173,1.7948367812882602,0.018904099124483764,400000000.0
NoJammer,20.0,4500,offset_-8,20,20,0,1.469650490576559,0.2858879740488941,0.12529592900891248,-24.770152693200416,-24.770152693200412,1.0,8.0,17.7,0.9707671590119015,1.3611162698384054,0.018860455020330846,400000000.0
NoJammer,20.0,4500,random,20,20,13,-136.3256563529711,144.21219958721687,89.38364734736629,-89.16008305654647,-112.52392943237498,0.2,2625.5,35.55,0.998575123260817,1.4065982582252399,0.019047950627282262,400000000.0
NoJammer,20.0,4500,true,20,20,0,2.52406720153855,0.2858879740489042,0.12529592900891692,-8.685846209726872e-05,-8.685846209726874e-05,1.0,0.0,12.3,0.0,0.0,0.02029988681897521,400000000.0
NoJammer,20.0,500,fixed_0,20,20,0,4.195331095426438,0.2640970573090741,0.1157456386689465,-8.685846209919741e-05,-8.685846209919741e-05,1.0,0.0,623.65,0.0,0.0,0.019127101404592395,400000000.0
NoJammer,20.0,500,missing,20,20,0,4.195331095426438,0.2640970573090741,0.1157456386689465,-8.685846209919741e-05,-8.685846209919741e-05,1.0,0.0,623.65,0.0,0.0,0.018952001119032502,400000000.0
NoJammer,20.0,500,offset_+1,20,20,0,4.198113091615292,0.26409705730907457,0.11574563866894667,-0.3035923747676373,-0.30359237476763723,1.0,1.0,627.3,0.18533147148330892,1.7761505289286288,0.01912299485411495,400000000.0
NoJammer,20.0,500,offset_+16,20,20,0,-6.6464209636326785,0.26409705730908206,0.11574563866894998,-28.529718531976492,-28.529718531976492,0.0,16.0,623.35,0.9812213275335973,1.298350632869114,0.0191479513887316,400000000.0
NoJammer,20.0,500,offset_+2,20,20,0,4.19420965366203,0.26409705730907446,0.11574563866894665,-1.1886192315169701,-1.1886192315169701,1.0,2.0,625.3,0.3576572123451556,1.6057022577815663,0.019231156329624355,400000000.0
NoJammer,20.0,500,offset_+32,20,20,0,-26.939107239958748,0.2640970573110022,0.1157456386697915,-60.90086154434166,-60.900861544341645,0.0,32.0,619.4,0.9996578368032096,1.4209607876364,0.019041748601011932,400000000.0
NoJammer,20.0,500,offset_+4,20,20,0,4.043311810851092,0.2640970573090709,0.11574563866894508,-4.868838735280629,-4.868838735280628,1.0,4.0,623.9,0.655135191082821,1.7948367812882602,0.01911241270136088,400000000.0
NoJammer,20.0,500,offset_+8,20,20,0,3.140914269387551,0.26409705730902094,0.11574563866892319,-24.77015269320042,-24.770152693200416,1.0,8.0,625.0,0.9708306050426853,1.3611162698384054,0.019189558224752545,400000000.0
NoJammer,20.0,500,offset_-1,20,20,0,4.195331095426438,0.2640970573090741,0.1157456386689465,-8.685846209919741e-05,-8.685846209919741e-05,1.0,0.0,623.65,0.0,0.0,0.019187547150067985,400000000.0
NoJammer,20.0,500,offset_-16,20,20,0,4.195331095426438,0.2640970573090741,0.1157456386689465,-8.685846209919741e-05,-8.685846209919741e-05,1.0,0.0,623.65,0.0,0.0,0.019125090329907835,400000000.0
NoJammer,20.0,500,offset_-2,20,20,0,4.195331095426438,0.2640970573090741,0.1157456386689465,-8.685846209919741e-05,-8.685846209919741e-05,1.0,0.0,623.65,0.0,0.0,0.019154147594235837,400000000.0
NoJammer,20.0,500,offset_-32,20,20,0,4.195331095426438,0.2640970573090741,0.1157456386689465,-8.685846209919741e-05,-8.685846209919741e-05,1.0,0.0,623.65,0.0,0.0,0.019418695592321455,400000000.0
NoJammer,20.0,500,offset_-4,20,20,0,4.195331095426438,0.2640970573090741,0.1157456386689465,-8.685846209919741e-05,-8.685846209919741e-05,1.0,0.0,623.65,0.0,0.0,0.019195897039026022,400000000.0
NoJammer,20.0,500,offset_-8,20,20,0,4.195331095426438,0.2640970573090741,0.1157456386689465,-8.685846209919741e-05,-8.685846209919741e-05,1.0,0.0,623.65,0.0,0.0,0.01923345262184739,400000000.0
NoJammer,20.0,500,random,20,20,14,-242.23024700343876,145.06063807998146,67.01459576814025,-79.32189046112181,-105.61224113726247,0.15,1817.65,253.25,0.9501003118002117,1.3346239807235416,0.019112398149445653,400000000.0
NoJammer,20.0,500,true,20,20,0,4.195331095426438,0.2640970573090741,0.1157456386689465,-8.685846209919741e-05,-8.685846209919741e-05,1.0,0.0,623.65,0.0,0.0,0.02053740026894957,400000000.0
NoJammer,30.0,1250,fixed_0,20,20,0,-55.95710056203236,0.24094466951929144,0.10559865733282602,-100.74809690831708,-100.74809690831707,0.0,750.0,624.1,1.0000577061680769,1.4162946809990093,0.019160445663146675,400000000.0
NoJammer,30.0,1250,missing,20,20,0,-55.95710056203236,0.24094466951929144,0.10559865733282602,-100.74809690831708,-100.74809690831707,0.0,750.0,624.1,1.0000577061680769,1.4162946809990093,0.01997090585064143,400000000.0
NoJammer,30.0,1250,offset_+1,20,20,0,4.656131545181864,0.2409446694992167,0.10559865732402786,-0.3035923747676373,-0.30359237476763723,1.0,1.0,489.7,0.18533147148330892,1.7761505289286288,0.018958398140966892,400000000.0
NoJammer,30.0,1250,offset_+16,20,20,0,-6.159670209499046,0.24094466949922183,0.1055986573240301,-28.5297185319765,-28.529718531976496,0.0,16.0,488.85,0.9812213275335973,1.298350632869114,0.019264902221038938,400000000.0
NoJammer,30.0,1250,offset_+2,20,20,0,4.6522659992097255,0.24094466949921597,0.10559865732402755,-1.188619231516971,-1.1886192315169712,1.0,2.0,491.3,0.3576572123451556,1.6057022577815663,0.019043710199184716,400000000.0
NoJammer,30.0,1250,offset_+32,20,20,0,-26.44079582068257,0.2409446695006434,0.10559865732465314,-60.90086154434167,-60.90086154434165,0.0,32.0,484.2,0.9996578368032096,1.4209607876364,0.0192374485777691,400000000.0
NoJammer,30.0,1250,offset_+4,20,20,0,4.50280740416051,0.2409446694992159,0.10559865732402751,-4.868838735280629,-4.868838735280628,1.0,4.0,490.7,0.655135191082821,1.7948367812882602,0.01907914411276579,400000000.0
NoJammer,30.0,1250,offset_+8,20,20,0,3.6080554119297354,0.24094466949916551,0.10559865732400543,-24.77015269320042,-24.770152693200416,1.0,8.0,490.75,0.9708306050426853,1.3611162698384054,0.019166598212905228,400000000.0
NoJammer,30.0,1250,offset_-1,20,20,0,4.656131545181864,0.2409446694992168,0.10559865732402791,-0.3035923747676373,-0.30359237476763723,1.0,1.0,492.9,0.18532488887032023,1.7761505289286288,0.019212448387406766,400000000.0
NoJammer,30.0,1250,offset_-16,20,20,0,-6.159670209499051,0.24094466949922252,0.10559865732403043,-28.5297185319765,-28.529718531976496,0.0,16.0,495.2,0.9811937326929872,1.298350632869114,0.019316698308102787,400000000.0
NoJammer,30.0,1250,offset_-2,20,20,0,4.652265999209726,0.24094466949921733,0.10559865732402815,-1.188619231516971,-1.1886192315169712,1.0,2.0,492.35,0.35764496791246664,1.6057022577815663,0.01890410203486681,400000000.0
NoJammer,30.0,1250,offset_-32,20,20,0,-26.440795820681835,0.2409446694992384,0.10559865732403738,-60.90086154434166,-60.90086154434164,0.0,32.0,496.75,0.9996798732391508,1.4209607876364,0.019374853582121432,400000000.0
NoJammer,30.0,1250,offset_-4,20,20,0,4.50280740416051,0.24094466949921714,0.10559865732402807,-4.868838735280629,-4.868838735280628,1.0,4.0,492.0,0.655110814030173,1.7948367812882602,0.019139499636366963,400000000.0
NoJammer,30.0,1250,offset_-8,20,20,0,3.6080554119297132,0.24094466949920657,0.10559865732402342,-24.77015269320042,-24.770152693200416,1.0,8.0,494.3,0.9707671590119015,1.3611162698384054,0.01914574531838298,400000000.0
NoJammer,30.0,1250,random,20,20,11,-212.24213521736857,146.5532246516383,64.22978263800077,-104.1076089918767,-126.6771315657612,0.1,1397.65,275.85,1.0001309531668627,1.407624122522626,0.01927724515553564,400000000.0
NoJammer,30.0,1250,true,20,20,0,4.6533765577649975,0.2409446694992175,0.10559865732402822,-8.685846209919741e-05,-8.685846209919741e-05,1.0,0.0,492.2,0.0,0.0,0.02062905696220696,400000000.0
NoJammer,30.0,2500,fixed_0,20,20,20,nan,0.0,0.0,nan,nan,0.0,2500.0,0.0,0.9999999999999684,1.4142135623730503,0.019058596808463335,400000000.0
NoJammer,30.0,2500,missing,20,20,20,nan,0.0,0.0,nan,nan,0.0,2500.0,0.0,0.9999999999999684,1.4142135623730503,0.01897089823614806,400000000.0
NoJammer,30.0,2500,offset_+1,20,20,0,4.186771911451861,0.24452572940877268,0.10716812602832408,-0.3035923747676373,-0.30359237476763723,1.0,1.0,272.3,0.18533147148330892,1.7761505289286288,0.018864645971916616,400000000.0
NoJammer,30.0,2500,offset_+16,20,20,0,-6.629029843229048,0.2445257294087764,0.10716812602832572,-28.529718531976492,-28.529718531976492,0.0,16.0,271.1,0.9812213275335973,1.298350632869114,0.019020846229977906,400000000.0
NoJammer,30.0,2500,offset_+2,20,20,0,4.182906365479722,0.24452572940877185,0.10716812602832372,-1.188619231516971,-1.1886192315169712,1.0,2.0,272.8,0.3576572123451556,1.6057022577815663,0.01895631430670619,400000000.0
NoJammer,30.0,2500,offset_+32,20,20,0,-26.910155454412582,0.24452572941047235,0.107168126029069,-60.90086154434167,-60.90086154434165,0.0,32.0,268.75,0.9996578368032096,1.4209607876364,0.018858490511775017,400000000.0
NoJammer,30.0,2500,offset_+4,20,20,0,4.033447770430507,0.24452572940877232,0.10716812602832393,-4.868838735280628,-4.868838735280626,1.0,4.0,270.4,0.655135191082821,1.7948367812882602,0.018995697610080242,400000000.0
NoJammer,30.0,2500,offset_+8,20,20,0,3.138695778199733,0.24452572940872022,0.1071681260283011,-24.77015269320042,-24.770152693200416,1.0,8.0,271.95,0.9708306050426853,1.3611162698384054,0.019016649457626045,400000000.0
NoJammer,30.0,2500,offset_-1,20,20,0,4.186771911451861,0.24452572940877396,0.10716812602832464,-0.3035923747676373,-0.30359237476763723,1.0,1.0,273.35,0.18532488887032023,1.7761505289286288,0.01888759434223175,400000000.0
NoJammer,30.0,2500,offset_-16,20,20,0,-6.629029843229054,0.24452572940877576,0.10716812602832544,-28.5297185319765,-28.529718531976496,0.0,16.0,276.35,0.9811937326929872,1.298350632869114,0.01902090443763882,400000000.0
NoJammer,30.0,2500,offset_-2,20,20,0,4.182906365479722,0.24452572940877293,0.10716812602832419,-1.188619231516971,-1.1886192315169712,1.0,2.0,277.0,0.35764496791246664,1.6057022577815663,0.019008296658284962,400000000.0
NoJammer,30.0,2500,offset_-32,20,20,0,-26.910155454411843,0.24452572940872494,0.10716812602830317,-60.90086154434166,-60.90086154434164,0.0,32.0,279.8,0.9996798732391508,1.4209607876364,0.01927498960867524,400000000.0
NoJammer,30.0,2500,offset_-4,20,20,0,4.033447770430507,0.24452572940877376,0.10716812602832455,-4.868838735280629,-4.868838735280628,1.0,4.0,273.2,0.655110814030173,1.7948367812882602,0.01897300244309008,400000000.0
NoJammer,30.0,2500,offset_-8,20,20,0,3.1386957781997094,0.24452572940876222,0.1071681260283195,-24.770152693200416,-24.770152693200412,1.0,8.0,275.35,0.9707671590119015,1.3611162698384054,0.01907290134113282,400000000.0
NoJammer,30.0,2500,random,20,20,14,-232.85089429581592,147.56779533175322,72.30821971255908,-100.81109946924312,-112.95789962239262,0.2,1458.7,178.2,1.000064993154218,1.4033412024859502,0.01910830324050039,400000000.0
NoJammer,30.0,2500,true,20,20,0,4.184016924034994,0.24452572940877376,0.10716812602832455,-8.685846209726872e-05,-8.685846209726874e-05,1.0,0.0,272.5,0.0,0.0,0.020514451898634434,400000000.0
NoJammer,30.0,3750,fixed_0,20,20,20,nan,0.0,0.0,nan,nan,0.0,3750.0,0.0,0.9999999999999684,1.4142135623730503,0.0191853498108685,400000000.0
NoJammer,30.0,3750,missing,20,20,20,nan,0.0,0.0,nan,nan,0.0,3750.0,0.0,0.9999999999999684,1.4142135623730503,0.019181196694262326,400000000.0
NoJammer,30.0,3750,offset_+1,20,20,0,3.2039327824065706,0.28257348679170907,0.12384329092065847,-0.3035923747676373,-0.30359237476763723,1.0,1.0,53.35,0.18533147148330892,1.7761505289286288,0.01914365275297314,400000000.0
NoJammer,30.0,3750,offset_+16,20,20,0,-7.611868972274341,0.28257348679170863,0.12384329092065828,-28.529718531976492,-28.529718531976492,0.0,16.0,51.9,0.9812213275335973,1.298350632869114,0.01919170026667416,400000000.0
NoJammer,30.0,3750,offset_+2,20,20,0,3.2000672364344327,0.2825734867917078,0.12384329092065793,-1.188619231516971,-1.1886192315169712,1.0,2.0,53.05,0.3576572123451556,1.6057022577815663,0.019245949806645513,400000000.0
NoJammer,30.0,3750,offset_+32,20,20,0,-27.89299458345787,0.28257348679338806,0.12384329092139433,-60.90086154434167,-60.90086154434165,0.0,32.0,45.9,0.9996578368032096,1.4209607876364,0.019137447816319764,400000000.0
NoJammer,30.0,3750,offset_+4,20,20,0,3.0506086413852165,0.28257348679170763,0.12384329092065785,-4.868838735280629,-4.868838735280628,1.0,4.0,54.75,0.655135191082821,1.7948367812882602,0.019197852816432714,400000000.0
NoJammer,30.0,3750,offset_+8,20,20,0,2.1558566491544418,0.28257348679165967,0.12384329092063683,-24.770152693200423,-24.77015269320042,1.0,8.0,53.25,0.9708306050426853,1.3611162698384054,0.01915824832394719,400000000.0
NoJammer,30.0,3750,offset_-1,20,20,0,3.2039327824065693,0.28257348679170957,0.1238432909206587,-0.30359237476763823,-0.30359237476763823,1.0,1.0,54.35,0.18532488887032023,1.7761505289286288,0.019147907732985914,400000000.0
NoJammer,30.0,3750,offset_-16,20,20,0,-7.611868972274342,0.28257348679171085,0.12384329092065925,-28.5297185319765,-28.529718531976496,0.0,16.0,56.25,0.9811937326929872,1.298350632869114,0.01913750311359763,400000000.0
NoJammer,30.0,3750,offset_-2,20,20,0,3.200067236434431,0.2825734867917087,0.12384329092065831,-1.188619231516971,-1.1886192315169712,1.0,2.0,54.55,0.35764496791246664,1.6057022577815663,0.0189897051313892,400000000.0
NoJammer,30.0,3750,offset_-32,20,20,0,-27.89299458345713,0.2825734867917949,0.12384329092069608,-60.90086154434166,-60.90086154434164,0.0,32.0,59.45,0.9996798732391508,1.4209607876364,0.019206255092285573,400000000.0
NoJammer,30.0,3750,offset_-4,20,20,0,3.0506086413852174,0.28257348679170957,0.1238432909206587,-4.868838735280628,-4.868838735280626,1.0,4.0,56.8,0.655110814030173,1.7948367812882602,0.019174942281097174,400000000.0
NoJammer,30.0,3750,offset_-8,20,20,0,2.1558566491544187,0.2825734867916976,0.12384329092065344,-24.77015269320042,-24.770152693200416,1.0,8.0,54.65,0.9707671590119015,1.3611162698384054,0.01916060282383114,400000000.0
NoJammer,30.0,3750,random,20,20,12,-186.96367757899088,150.3341269268599,76.0795651407031,-89.77558969896556,-137.90359686079853,0.25,1532.0,88.5,1.0000145480739142,1.3905057385755513,0.019287600298412144,400000000.0
NoJammer,30.0,3750,true,20,20,0,3.201177794989704,0.28257348679170957,0.1238432909206587,-8.685846209919741e-05,-8.685846209919741e-05,1.0,0.0,53.7,0.0,0.0,0.020349945407360792,400000000.0
NoJammer,30.0,4500,fixed_0,20,20,20,nan,0.0,0.0,nan,nan,0.0,4500.0,0.0,0.9999999999999684,1.4142135623730503,0.019004143541678786,400000000.0
NoJammer,30.0,4500,missing,20,20,20,nan,0.0,0.0,nan,nan,0.0,4500.0,0.0,0.9999999999999684,1.4142135623730503,0.01885410165414214,400000000.0
NoJammer,30.0,4500,offset_+1,20,20,0,2.5184044897258673,0.28588797404890387,0.12529592900891678,-0.29490222623225715,-0.2949022262322571,1.0,1.0,13.2,0.18270227977980696,1.775868998944868,0.019054001313634217,400000000.0
NoJammer,30.0,4500,offset_+16,20,20,0,-8.306725241718206,0.28588797404890304,0.1252959290089164,-28.389621912928863,-28.389621912928863,0.0,16.0,17.25,0.9809156524285554,1.292174278443752,0.01897703914437443,400000000.0
NoJammer,30.0,4500,offset_+2,20,20,0,2.5034495855475245,0.28588797404890465,0.12529592900891712,-1.1712302313285752,-1.1712302313285752,1.0,2.0,11.95,0.35520235959328605,1.6050793564945063,0.019002094632014632,400000000.0
NoJammer,30.0,4500,offset_+32,20,20,0,-28.577408995301596,0.2858879740500522,0.12529592900942005,-60.61837156184881,-60.61837156184882,0.0,32.0,15.2,0.9996491073038871,1.4096558303359936,0.018937591812573373,400000000.0
NoJammer,30.0,4500,offset_+4,20,20,0,2.3210429432345583,0.28588797404890376,0.12529592900891673,-4.8340258525820134,-4.834025852582013,1.0,4.0,14.8,0.6533866302297378,1.793722127718004,0.018931104568764567,400000000.0
NoJammer,30.0,4500,offset_+8,20,20,0,1.398393045606144,0.28588797404886124,0.12529592900889808,-24.700386836751925,-24.70038683675192,1.0,8.0,13.1,0.970593239719088,1.3581743260785106,0.019039548351429403,400000000.0
NoJammer,30.0,4500,offset_-1,20,20,0,2.5268491977642453,0.28588797404890487,0.12529592900891723,-0.3035923747676373,-0.30359237476763723,1.0,1.0,13.05,0.18532488887032023,1.7761505289286288,0.019093748414888978,400000000.0
NoJammer,30.0,4500,offset_-16,20,20,0,-8.317684127894335,0.28588797404890537,0.12529592900891742,-28.5297185319765,-28.529718531976496,0.0,16.0,20.4,0.9811937326929872,1.298350632869114,0.019291802891530097,400000000.0
NoJammer,30.0,4500,offset_-2,20,20,0,2.522945760360784,0.285887974048906,0.1252959290089177,-1.1886192315169701,-1.1886192315169701,1.0,2.0,14.3,0.35764496791246664,1.6057022577815663,0.019006297225132585,400000000.0
NoJammer,30.0,4500,offset_-32,20,20,0,-28.610369498780102,0.28588797404900834,0.12529592900896255,-60.90086154434166,-60.90086154434164,0.0,32.0,17.25,0.9996798732391508,1.4209607876364,0.019368703942745924,400000000.0
NoJammer,30.0,4500,offset_-4,20,20,0,2.3720479259575873,0.2858879740489042,0.12529592900891692,-4.868838735280623,-4.868838735280624,1.0,4.0,15.35,0.655110814030173,1.7948367812882602,0.019216802320443094,400000000.0
NoJammer,30.0,4500,offset_-8,20,20,0,1.469650490576559,0.2858879740488941,0.12529592900891248,-24.770152693200416,-24.770152693200412,1.0,8.0,17.7,0.9707671590119015,1.3611162698384054,0.019177101785317063,400000000.0
NoJammer,30.0,4500,random,20,20,13,-136.3256563529711,144.21219958721687,89.38364734736629,-89.16008305654647,-112.52392943237498,0.2,2625.5,35.55,0.998575123260817,1.4065982582252399,0.01901885843835771,400000000.0
NoJammer,30.0,4500,true,20,20,0,2.52406720153855,0.2858879740489042,0.12529592900891692,-8.685846209726872e-05,-8.685846209726874e-05,1.0,0.0,12.3,0.0,0.0,0.020597799448296428,400000000.0
NoJammer,30.0,500,fixed_0,20,20,0,4.195331095426438,0.2640970573090741,0.1157456386689465,-8.685846209919741e-05,-8.685846209919741e-05,1.0,0.0,623.65,0.0,0.0,0.01952495367731899,400000000.0
NoJammer,30.0,500,missing,20,20,0,4.195331095426438,0.2640970573090741,0.1157456386689465,-8.685846209919741e-05,-8.685846209919741e-05,1.0,0.0,623.65,0.0,0.0,0.019131155568175018,400000000.0
NoJammer,30.0,500,offset_+1,20,20,0,4.198113091615292,0.26409705730907457,0.11574563866894667,-0.3035923747676373,-0.30359237476763723,1.0,1.0,627.3,0.18533147148330892,1.7761505289286288,0.019135454203933477,400000000.0
NoJammer,30.0,500,offset_+16,20,20,0,-6.6464209636326785,0.26409705730908206,0.11574563866894998,-28.529718531976492,-28.529718531976492,0.0,16.0,623.35,0.9812213275335973,1.298350632869114,0.019287405302748084,400000000.0
NoJammer,30.0,500,offset_+2,20,20,0,4.19420965366203,0.26409705730907446,0.11574563866894665,-1.1886192315169701,-1.1886192315169701,1.0,2.0,625.3,0.3576572123451556,1.6057022577815663,0.019312495714984834,400000000.0
NoJammer,30.0,500,offset_+32,20,20,0,-26.939107239958748,0.2640970573110022,0.1157456386697915,-60.90086154434166,-60.900861544341645,0.0,32.0,619.4,0.9996578368032096,1.4209607876364,0.0191293511306867,400000000.0
NoJammer,30.0,500,offset_+4,20,20,0,4.043311810851092,0.2640970573090709,0.11574563866894508,-4.868838735280629,-4.868838735280628,1.0,4.0,623.9,0.655135191082821,1.7948367812882602,0.01925214601214975,400000000.0
NoJammer,30.0,500,offset_+8,20,20,0,3.140914269387551,0.26409705730902094,0.11574563866892319,-24.77015269320042,-24.770152693200416,1.0,8.0,625.0,0.9708306050426853,1.3611162698384054,0.019691753550432622,400000000.0
NoJammer,30.0,500,offset_-1,20,20,0,4.195331095426438,0.2640970573090741,0.1157456386689465,-8.685846209919741e-05,-8.685846209919741e-05,1.0,0.0,623.65,0.0,0.0,0.019029140821658075,400000000.0
NoJammer,30.0,500,offset_-16,20,20,0,4.195331095426438,0.2640970573090741,0.1157456386689465,-8.685846209919741e-05,-8.685846209919741e-05,1.0,0.0,623.65,0.0,0.0,0.019093655282631516,400000000.0
NoJammer,30.0,500,offset_-2,20,20,0,4.195331095426438,0.2640970573090741,0.1157456386689465,-8.685846209919741e-05,-8.685846209919741e-05,1.0,0.0,623.65,0.0,0.0,0.01907279365696013,400000000.0
NoJammer,30.0,500,offset_-32,20,20,0,4.195331095426438,0.2640970573090741,0.1157456386689465,-8.685846209919741e-05,-8.685846209919741e-05,1.0,0.0,623.65,0.0,0.0,0.019387455540709198,400000000.0
NoJammer,30.0,500,offset_-4,20,20,0,4.195331095426438,0.2640970573090741,0.1157456386689465,-8.685846209919741e-05,-8.685846209919741e-05,1.0,0.0,623.65,0.0,0.0,0.019127086852677166,400000000.0
NoJammer,30.0,500,offset_-8,20,20,0,4.195331095426438,0.2640970573090741,0.1157456386689465,-8.685846209919741e-05,-8.685846209919741e-05,1.0,0.0,623.65,0.0,0.0,0.01907914993353188,400000000.0
NoJammer,30.0,500,random,20,20,14,-242.23024700343876,145.06063807998146,67.01459576814025,-79.32189046112181,-105.61224113726247,0.15,1817.65,253.25,0.9501003118002117,1.3346239807235416,0.019333450472913682,400000000.0
NoJammer,30.0,500,true,20,20,0,4.195331095426438,0.2640970573090741,0.1157456386689465,-8.685846209919741e-05,-8.685846209919741e-05,1.0,0.0,623.65,0.0,0.0,0.020324939396232367,400000000.0
NoiseConvolutionJamming,0.0,1250,fixed_0,20,20,0,-46.98856114569196,0.42340282327466416,0.1855644689626659,-100.74809690831708,-100.74809690831707,0.0,750.0,626.35,1.0042138218274919,1.4162946809990093,0.019516758038662374,400000000.0
NoiseConvolutionJamming,0.0,1250,missing,20,20,0,-46.98856114569196,0.42340282327466416,0.1855644689626659,-100.74809690831708,-100.74809690831707,0.0,750.0,626.35,1.0042138218274919,1.4162946809990093,0.019427004735916853,400000000.0
NoiseConvolutionJamming,0.0,1250,offset_+1,20,20,0,13.624670961480817,0.4234028232753414,0.18556446896296272,-0.3035923747676373,-0.30359237476763723,1.0,1.0,491.5,0.18882600838494792,1.7761505289286288,0.01933950698003173,400000000.0
NoiseConvolutionJamming,0.0,1250,offset_+16,20,20,0,2.808869206799533,0.42340282327501344,0.185564468962819,-28.5297185319765,-28.529718531976496,0.0,16.0,491.6,0.9872623797364485,1.298350632869114,0.019433294073678553,400000000.0
NoiseConvolutionJamming,0.0,1250,offset_+2,20,20,0,13.620805415508675,0.42340282327534084,0.1855644689629625,-1.188619231516971,-1.1886192315169712,1.0,2.0,492.3,0.36446191694458635,1.6057022577815663,0.01923740201164037,400000000.0
NoiseConvolutionJamming,0.0,1250,offset_+32,20,20,0,-17.472256404380712,0.42340282327537493,0.1855644689629774,-60.90086154434167,-60.90086154434165,0.0,32.0,487.65,1.0048123319250328,1.4209607876364,0.01946469710674137,400000000.0
NoiseConvolutionJamming,0.0,1250,offset_+4,20,20,0,13.471346820459427,0.4234028232753347,0.18556446896295978,-4.868838735280629,-4.868838735280628,1.0,4.0,491.9,0.6670851650278773,1.7948367812882602,0.019529202836565673,400000000.0
NoiseConvolutionJamming,0.0,1250,offset_+8,20,20,0,12.576594828222898,0.4234028232754511,0.1855644689630108,-24.77015269320042,-24.770152693200416,1.0,8.0,487.45,0.9837844812853112,1.3611162698384054,0.01936040644068271,400000000.0
NoiseConvolutionJamming,0.0,1250,offset_-1,20,20,0,13.624670961480822,0.4234028232753421,0.18556446896296303,-0.3035923747676373,-0.30359237476763723,1.0,1.0,493.45,0.18881499151880213,1.7761505289286288,0.0192895473446697,400000000.0
NoiseConvolutionJamming,0.0,1250,offset_-16,20,20,0,2.8088692067998267,0.42340282327546425,0.18556446896301657,-28.5297185319765,-28.529718531976496,0.0,16.0,495.55,0.9857968370313831,1.298350632869114,0.019908405374735594,400000000.0
NoiseConvolutionJamming,0.0,1250,offset_-2,20,20,0,13.620805415508688,0.4234028232753425,0.18556446896296322,-1.188619231516971,-1.1886192315169712,1.0,2.0,493.5,0.3644373324625823,1.6057022577815663,0.019306293688714504,400000000.0
NoiseConvolutionJamming,0.0,1250,offset_-32,20,20,0,-17.47225640438061,0.4234028232753053,0.1855644689629469,-60.90086154434166,-60.90086154434164,0.0,32.0,498.3,1.0065562710253446,1.4209607876364,0.019741649157367647,400000000.0
NoiseConvolutionJamming,0.0,1250,offset_-4,20,20,0,13.471346820459482,0.4234028232753423,0.1855644689629631,-4.868838735280629,-4.868838735280628,1.0,4.0,495.2,0.6669163052261838,1.7948367812882602,0.019435404101386666,400000000.0
NoiseConvolutionJamming,0.0,1250,offset_-8,20,20,0,12.576594828229018,0.4234028232753282,0.18556446896295692,-24.77015269320042,-24.770152693200416,1.0,8.0,491.25,0.9838677178302417,1.3611162698384054,0.019418797455728054,400000000.0
NoiseConvolutionJamming,0.0,1250,random,20,20,11,-202.16105903316517,145.45048702510573,63.74648656432316,-104.1076089918767,-126.6771315657612,0.1,1397.65,277.05,1.00045440694273,1.407624122522626,0.01952294260263443,400000000.0
NoiseConvolutionJamming,0.0,1250,true,20,20,0,13.621915974063953,0.42340282327534295,0.1855644689629634,-8.685846209919741e-05,-8.685846209919741e-05,1.0,0.0,492.45,0.0,0.0,0.021189398830756545,400000000.0
NoiseConvolutionJamming,0.0,2500,fixed_0,20,20,20,nan,0.0,0.0,nan,nan,0.0,2500.0,0.0,0.9999999999999669,1.4142135623730503,0.019366646301932633,400000000.0
NoiseConvolutionJamming,0.0,2500,missing,20,20,20,nan,0.0,0.0,nan,nan,0.0,2500.0,0.0,0.9999999999999669,1.4142135623730503,0.019249998149462044,400000000.0
NoiseConvolutionJamming,0.0,2500,offset_+1,20,20,0,13.593222034203894,0.4216167521416594,0.18478168877532036,-0.3035923747676373,-0.30359237476763723,1.0,1.0,273.15,0.18882600838494792,1.7761505289286288,0.019481396884657443,400000000.0
NoiseConvolutionJamming,0.0,2500,offset_+16,20,20,0,2.7774202795226066,0.42161675214133304,0.18478168877517734,-28.529718531976492,-28.529718531976492,0.0,16.0,269.75,0.9872623797364485,1.298350632869114,0.01927495759446174,400000000.0
NoiseConvolutionJamming,0.0,2500,offset_+2,20,20,0,13.589356488231749,0.4216167521416578,0.18478168877531967,-1.188619231516971,-1.1886192315169712,1.0,2.0,271.6,0.36446191694458635,1.6057022577815663,0.019385552150197327,400000000.0
NoiseConvolutionJamming,0.0,2500,offset_+32,20,20,0,-17.503705331657645,0.42161675214169136,0.18478168877533435,-60.90086154434167,-60.90086154434165,0.0,32.0,269.75,1.0048123319250328,1.4209607876364,0.019237451488152146,400000000.0
NoiseConvolutionJamming,0.0,2500,offset_+4,20,20,0,13.439897893182504,0.42161675214165256,0.18478168877531734,-4.868838735280628,-4.868838735280626,1.0,4.0,271.5,0.6670851650278773,1.7948367812882602,0.01931865408550948,400000000.0
NoiseConvolutionJamming,0.0,2500,offset_+8,20,20,0,12.545145900945974,0.42161675214174266,0.18478168877535683,-24.77015269320042,-24.770152693200416,1.0,8.0,271.6,0.9837844812853112,1.3611162698384054,0.01925844990182668,400000000.0
NoiseConvolutionJamming,0.0,2500,offset_-1,20,20,0,13.5932220342039,0.42161675214165834,0.1847816887753199,-0.3035923747676373,-0.30359237476763723,1.0,1.0,274.5,0.18881499151880213,1.7761505289286288,0.0191438477486372,400000000.0
NoiseConvolutionJamming,0.0,2500,offset_-16,20,20,0,2.7774202795229,0.42161675214178174,0.184781688775374,-28.5297185319765,-28.529718531976496,0.0,16.0,275.6,0.9857968370313831,1.298350632869114,0.01954794570337981,400000000.0
NoiseConvolutionJamming,0.0,2500,offset_-2,20,20,0,13.589356488231761,0.42161675214165956,0.18478168877532042,-1.188619231516971,-1.1886192315169712,1.0,2.0,273.35,0.3644373324625823,1.6057022577815663,0.019318860722705722,400000000.0
NoiseConvolutionJamming,0.0,2500,offset_-32,20,20,0,-17.503705331657528,0.4216167521416231,0.18478168877530443,-60.90086154434166,-60.90086154434164,0.0,32.0,280.3,1.0065562710253446,1.4209607876364,0.019772796076722443,400000000.0
NoiseConvolutionJamming,0.0,2500,offset_-4,20,20,0,13.439897893182556,0.4216167521416597,0.1847816887753205,-4.868838735280629,-4.868838735280628,1.0,4.0,273.55,0.6669163052261838,1.7948367812882602,0.019383299513719976,400000000.0
NoiseConvolutionJamming,0.0,2500,offset_-8,20,20,0,12.545145900952093,0.4216167521416461,0.18478168877531453,-24.770152693200416,-24.770152693200412,1.0,8.0,273.8,0.9838677178302417,1.3611162698384054,0.019389548106119037,400000000.0
NoiseConvolutionJamming,0.0,2500,random,20,20,14,-222.96810389027794,147.23466485963013,72.14498578121876,-100.81109946924312,-112.95789962239262,0.2,1458.7,176.45,1.000778875721473,1.4033412024859502,0.01930824655573815,400000000.0
NoiseConvolutionJamming,0.0,2500,true,20,20,0,13.59046704678703,0.42161675214165917,0.18478168877532025,-8.685846209726872e-05,-8.685846209726874e-05,1.0,0.0,272.7,0.0,0.0,0.021231197752058506,400000000.0
NoiseConvolutionJamming,0.0,3750,fixed_0,20,20,20,nan,0.0,0.0,nan,nan,0.0,3750.0,0.0,0.9999999999999669,1.4142135623730503,0.01931475126184523,400000000.0
NoiseConvolutionJamming,0.0,3750,missing,20,20,20,nan,0.0,0.0,nan,nan,0.0,3750.0,0.0,0.9999999999999669,1.4142135623730503,0.01927714911289513,400000000.0
NoiseConvolutionJamming,0.0,3750,offset_+1,20,20,0,13.542268173822105,0.42210428823590745,0.18499536088957214,-0.3035923747676373,-0.30359237476763723,1.0,1.0,53.7,0.18882600838494792,1.7761505289286288,0.01930405560415238,400000000.0
NoiseConvolutionJamming,0.0,3750,offset_+16,20,20,0,2.726466419140821,0.42210428823557755,0.18499536088942756,-28.529718531976492,-28.529718531976492,0.0,16.0,52.0,0.9872623797364485,1.298350632869114,0.019306351896375418,400000000.0
NoiseConvolutionJamming,0.0,3750,offset_+2,20,20,0,13.538402627849962,0.422104288235905,0.18499536088957108,-1.188619231516971,-1.1886192315169712,1.0,2.0,54.85,0.36446191694458635,1.6057022577815663,0.019216607324779034,400000000.0
NoiseConvolutionJamming,0.0,3750,offset_+32,20,20,0,-17.554659192039427,0.4221042882359388,0.1849953608895859,-60.90086154434167,-60.90086154434165,0.0,32.0,47.55,1.0048123319250328,1.4209607876364,0.01927295234054327,400000000.0
NoiseConvolutionJamming,0.0,3750,offset_+4,20,20,0,13.388944032800717,0.42210428823590146,0.1849953608895695,-4.868838735280629,-4.868838735280628,1.0,4.0,53.65,0.6670851650278773,1.7948367812882602,0.01948330318555236,400000000.0
NoiseConvolutionJamming,0.0,3750,offset_+8,20,20,0,12.494192040564188,0.42210428823604085,0.1849953608896306,-24.770152693200423,-24.77015269320042,1.0,8.0,51.3,0.9837844812853112,1.3611162698384054,0.01924164535012096,400000000.0
NoiseConvolutionJamming,0.0,3750,offset_-1,20,20,0,13.542268173822112,0.4221042882359085,0.1849953608895726,-0.30359237476763823,-0.30359237476763823,1.0,1.0,52.75,0.18881499151880213,1.7761505289286288,0.019077202887274325,400000000.0
NoiseConvolutionJamming,0.0,3750,offset_-16,20,20,0,2.726466419141116,0.4221042882360316,0.18499536088962654,-28.5297185319765,-28.529718531976496,0.0,16.0,56.7,0.9857968370313831,1.298350632869114,0.01942079688888043,400000000.0
NoiseConvolutionJamming,0.0,3750,offset_-2,20,20,0,13.538402627849973,0.42210428823590834,0.18499536088957252,-1.188619231516971,-1.1886192315169712,1.0,2.0,54.9,0.3644373324625823,1.6057022577815663,0.019279101979918778,400000000.0
NoiseConvolutionJamming,0.0,3750,offset_-32,20,20,0,-17.554659192039313,0.4221042882358712,0.18499536088955626,-60.90086154434166,-60.90086154434164,0.0,32.0,60.15,1.0065562710253446,1.4209607876364,0.019558295025490224,400000000.0
NoiseConvolutionJamming,0.0,3750,offset_-4,20,20,0,13.38894403280077,0.42210428823590773,0.18499536088957227,-4.868838735280628,-4.868838735280626,1.0,4.0,55.35,0.6669163052261838,1.7948367812882602,0.019237399101257324,400000000.0
NoiseConvolutionJamming,0.0,3750,offset_-8,20,20,0,12.494192040570303,0.422104288235893,0.1849953608895658,-24.77015269320042,-24.770152693200416,1.0,8.0,56.45,0.9838677178302417,1.3611162698384054,0.01918130146805197,400000000.0
NoiseConvolutionJamming,0.0,3750,random,20,20,12,-176.81522805823593,150.46543011778266,76.14601372341146,-89.77558969896556,-137.90359686079853,0.25,1532.0,90.1,1.0007161333428283,1.3905057385755513,0.019502101349644363,400000000.0
NoiseConvolutionJamming,0.0,3750,true,20,20,0,13.539513186405241,0.42210428823590923,0.18499536088957294,-8.685846209919741e-05,-8.685846209919741e-05,1.0,0.0,53.85,0.0,0.0,0.0210352533031255,400000000.0
NoiseConvolutionJamming,0.0,4500,fixed_0,20,20,20,nan,0.0,0.0,nan,nan,0.0,4500.0,0.0,0.9999999999999669,1.4142135623730503,0.019650007016025484,400000000.0
NoiseConvolutionJamming,0.0,4500,missing,20,20,20,nan,0.0,0.0,nan,nan,0.0,4500.0,0.0,0.9999999999999669,1.4142135623730503,0.01936254557222128,400000000.0
NoiseConvolutionJamming,0.0,4500,offset_+1,20,20,0,13.543121064114194,0.42262727317835747,0.18522456914654745,-0.29490222623225715,-0.2949022262322571,1.0,1.0,13.4,0.18625897112760387,1.775868998944868,0.019133405294269323,400000000.0
NoiseConvolutionJamming,0.0,4500,offset_+16,20,20,0,2.7179913326697736,0.4226272731780452,0.1852245691464106,-28.389621912928863,-28.389621912928863,0.0,16.0,15.8,0.9870335399226311,1.292174278443752,0.01922919473145157,400000000.0
NoiseConvolutionJamming,0.0,4500,offset_+2,20,20,0,13.52816615993585,0.42262727317835636,0.18522456914654697,-1.1712302313285752,-1.1712302313285752,1.0,2.0,13.1,0.36209323395673115,1.6050793564945063,0.019133349996991456,400000000.0
NoiseConvolutionJamming,0.0,4500,offset_+32,20,20,0,-17.55269242091048,0.4226272731783886,0.1852245691465611,-60.61837156184881,-60.61837156184882,0.0,32.0,16.85,1.0049672604083608,1.4096558303359936,0.019164604600518942,400000000.0
NoiseConvolutionJamming,0.0,4500,offset_+4,20,20,0,13.345759517622861,0.42262727317835114,0.18522456914654467,-4.8340258525820134,-4.834025852582013,1.0,4.0,13.4,0.6654159922591687,1.793722127718004,0.01918954076245427,400000000.0
NoiseConvolutionJamming,0.0,4500,offset_+8,20,20,0,12.423109619988743,0.4226272731785782,0.18522456914664417,-24.700386836751925,-24.70038683675192,1.0,8.0,14.5,0.9836367522093656,1.3581743260785106,0.019227055599913,400000000.0
NoiseConvolutionJamming,0.0,4500,offset_-1,20,20,0,13.551565772152586,0.42262727317836113,0.18522456914654906,-0.3035923747676373,-0.30359237476763723,1.0,1.0,12.4,0.18881499151880213,1.7761505289286288,0.019129208521917462,400000000.0
NoiseConvolutionJamming,0.0,4500,offset_-16,20,20,0,2.7070324464939235,0.42262727317848514,0.1852245691466034,-28.5297185319765,-28.529718531976496,0.0,16.0,20.6,0.9857968370313831,1.298350632869114,0.019502040231600404,400000000.0
NoiseConvolutionJamming,0.0,4500,offset_-2,20,20,0,13.547662334749123,0.4226272731783585,0.18522456914654792,-1.1886192315169701,-1.1886192315169701,1.0,2.0,13.65,0.3644373324625823,1.6057022577815663,0.019383351900614798,400000000.0
NoiseConvolutionJamming,0.0,4500,offset_-32,20,20,0,-17.585652924389493,0.42262727317832194,0.18522456914653188,-60.90086154434166,-60.90086154434164,0.0,32.0,18.1,1.0065562710253446,1.4209607876364,0.01961255620699376,400000000.0
NoiseConvolutionJamming,0.0,4500,offset_-4,20,20,0,13.396764500345938,0.4226272731783572,0.1852245691465473,-4.868838735280623,-4.868838735280624,1.0,4.0,14.0,0.6669163052261838,1.7948367812882602,0.01917489862535149,400000000.0
NoiseConvolutionJamming,0.0,4500,offset_-8,20,20,0,12.49436706496525,0.4226272731783459,0.18522456914654237,-24.770152693200416,-24.770152693200412,1.0,8.0,16.75,0.9838677178302417,1.3611162698384054,0.019222786067984998,400000000.0
NoiseConvolutionJamming,0.0,4500,random,20,20,13,-125.36867122505029,144.54108278876788,89.58749126757588,-89.16008305654647,-112.52392943237498,0.2,2625.5,34.9,0.9998323405747636,1.4065982582252399,0.019277207320556045,400000000.0
NoiseConvolutionJamming,0.0,4500,true,20,20,0,13.548783775926884,0.42262727317836013,0.1852245691465486,-8.685846209726872e-05,-8.685846209726874e-05,1.0,0.0,13.0,0.0,0.0,0.020931201288476586,400000000.0
NoiseConvolutionJamming,0.0,500,fixed_0,20,20,0,10.794077420435508,0.7401602382775301,0.32438952697807577,-8.685846209919741e-05,-8.685846209919741e-05,1.0,0.0,623.9,0.0,0.0,0.01957500062417239,400000000.0
NoiseConvolutionJamming,0.0,500,missing,20,20,0,10.794077420435508,0.7401602382775301,0.32438952697807577,-8.685846209919741e-05,-8.685846209919741e-05,1.0,0.0,623.9,0.0,0.0,0.01954576000571251,400000000.0
NoiseConvolutionJamming,0.0,500,offset_+1,20,20,0,10.796859416624352,0.7401602382775303,0.3243895269780759,-0.3035923747676373,-0.30359237476763723,1.0,1.0,627.0,0.18882600838494792,1.7761505289286288,0.019408407388255,400000000.0
NoiseConvolutionJamming,0.0,500,offset_+16,20,20,0,-0.04767463862398724,0.7401602382780111,0.32438952697828666,-28.529718531976492,-28.529718531976492,0.0,16.0,624.6,0.9872623797364485,1.298350632869114,0.019499901100061834,400000000.0
NoiseConvolutionJamming,0.0,500,offset_+2,20,20,0,10.792955978671094,0.7401602382775299,0.3243895269780757,-1.1886192315169701,-1.1886192315169701,1.0,2.0,623.8,0.36446191694458635,1.6057022577815663,0.01930830185301602,400000000.0
NoiseConvolutionJamming,0.0,500,offset_+32,20,20,0,-20.340360914946775,0.7401602382773496,0.3243895269779967,-60.90086154434166,-60.900861544341645,0.0,32.0,619.05,1.0048123319250328,1.4209607876364,0.019443751079961658,400000000.0
NoiseConvolutionJamming,0.0,500,offset_+4,20,20,0,10.642058135860125,0.7401602382775277,0.3243895269780748,-4.868838735280629,-4.868838735280628,1.0,4.0,624.0,0.6670851650278773,1.7948367812882602,0.01959989604074508,400000000.0
NoiseConvolutionJamming,0.0,500,offset_+8,20,20,0,9.73966059439078,0.7401602382749989,0.32438952697696644,-24.77015269320042,-24.770152693200416,1.0,8.0,624.35,0.9837844812853112,1.3611162698384054,0.019406253704801202,400000000.0
NoiseConvolutionJamming,0.0,500,offset_-1,20,20,0,10.794077420435508,0.7401602382775301,0.32438952697807577,-8.685846209919741e-05,-8.685846209919741e-05,1.0,0.0,623.9,0.0,0.0,0.019252041238360107,400000000.0
NoiseConvolutionJamming,0.0,500,offset_-16,20,20,0,10.794077420435508,0.7401602382775301,0.32438952697807577,-8.685846209919741e-05,-8.685846209919741e-05,1.0,0.0,623.9,0.0,0.0,0.01937704801093787,400000000.0
NoiseConvolutionJamming,0.0,500,offset_-2,20,20,0,10.794077420435508,0.7401602382775301,0.32438952697807577,-8.685846209919741e-05,-8.685846209919741e-05,1.0,0.0,623.9,0.0,0.0,0.019256194354966283,400000000.0
NoiseConvolutionJamming,0.0,500,offset_-32,20,20,0,10.794077420435508,0.7401602382775301,0.32438952697807577,-8.685846209919741e-05,-8.685846209919741e-05,1.0,0.0,623.9,0.0,0.0,0.019735342357307673,400000000.0
NoiseConvolutionJamming,0.0,500,offset_-4,20,20,0,10.794077420435508,0.7401602382775301,0.32438952697807577,-8.685846209919741e-05,-8.685846209919741e-05,1.0,0.0,623.9,0.0,0.0,0.019406143110245466,400000000.0
NoiseConvolutionJamming,0.0,500,offset_-8,20,20,0,10.794077420435508,0.7401602382775301,0.32438952697807577,-8.685846209919741e-05,-8.685846209919741e-05,1.0,0.0,623.9,0.0,0.0,0.01939786016009748,400000000.0
NoiseConvolutionJamming,0.0,500,random,20,20,14,-235.40308569741558,144.96234899593122,66.96918852794587,-79.32189046112181,-105.61224113726247,0.2,1817.65,252.6,0.9503789100250772,1.3346239807235416,0.01968535070773214,400000000.0
NoiseConvolutionJamming,0.0,500,true,20,20,0,10.794077420435508,0.7401602382775301,0.32438952697807577,-8.685846209919741e-05,-8.685846209919741e-05,1.0,0.0,623.9,0.0,0.0,0.021148001542314887,400000000.0
NoiseConvolutionJamming,10.0,1250,fixed_0,20,20,0,-37.1227576440351,1.5825448439598184,0.6935808583130464,-100.74809690831708,-100.74809690831707,0.0,750.0,625.8,1.0440324307156852,1.4162946809990093,0.0191542407264933,400000000.0
NoiseConvolutionJamming,10.0,1250,missing,20,20,0,-37.1227576440351,1.5825448439598184,0.6935808583130464,-100.74809690831708,-100.74809690831707,0.0,750.0,625.8,1.0440324307156852,1.4162946809990093,0.019283348228782415,400000000.0
NoiseConvolutionJamming,10.0,1250,offset_+1,20,20,0,23.49047446313655,1.5825448439598704,0.6935808583130691,-0.3035923747676373,-0.30359237476763723,1.0,1.0,491.85,0.1965576241917606,1.7761505289286288,0.018904206808656454,400000000.0
NoiseConvolutionJamming,10.0,1250,offset_+16,20,20,0,12.674672708455123,1.5825448439590475,0.6935808583127087,-28.5297185319765,-28.529718531976496,0.0,16.0,489.85,1.0406506951427015,1.298350632869114,0.01906050310935825,400000000.0
NoiseConvolutionJamming,10.0,1250,offset_+2,20,20,0,23.486608917164403,1.582544843959869,0.6935808583130687,-1.188619231516971,-1.1886192315169712,1.0,2.0,491.85,0.38039065884483264,1.6057022577815663,0.019029140821658075,400000000.0
NoiseConvolutionJamming,10.0,1250,offset_+32,20,20,0,-7.60645290272452,1.5825448439598901,0.6935808583130779,-60.90086154434167,-60.90086154434165,0.0,32.0,488.4,1.0526554380284714,1.4209607876364,0.019045750377699733,400000000.0
NoiseConvolutionJamming,10.0,1250,offset_+4,20,20,0,23.33715032211513,1.5825448439598562,0.693580858313063,-4.868838735280629,-4.868838735280628,1.0,4.0,489.8,0.6987801551759582,1.7948367812882602,0.019087502732872963,400000000.0
NoiseConvolutionJamming,10.0,1250,offset_+8,20,20,0,22.44239832988416,1.5825448439597865,0.6935808583130324,-24.77015269320042,-24.770152693200416,1.0,8.0,490.2,1.0358024836851267,1.3611162698384054,0.019312597578391433,400000000.0
NoiseConvolutionJamming,10.0,1250,offset_-1,20,20,0,23.490474463136557,1.5825448439598737,0.6935808583130707,-0.3035923747676373,-0.30359237476763723,1.0,1.0,493.0,0.19599062414776944,1.7761505289286288,0.018806205480359495,400000000.0
NoiseConvolutionJamming,10.0,1250,offset_-16,20,20,0,12.674672708454272,1.5825448439602732,0.6935808583132457,-28.5297185319765,-28.529718531976496,0.0,16.0,492.25,1.0326243821707175,1.298350632869114,0.018974949489347637,400000000.0
NoiseConvolutionJamming,10.0,1250,offset_-2,20,20,0,23.486608917164418,1.5825448439598733,0.6935808583130705,-1.188619231516971,-1.1886192315169712,1.0,2.0,491.45,0.3782660931781169,1.6057022577815663,0.018816761439666152,400000000.0
NoiseConvolutionJamming,10.0,1250,offset_-32,20,20,0,-7.606452902724504,1.5825448439598886,0.6935808583130773,-60.90086154434166,-60.90086154434164,0.0,32.0,495.65,1.0673233243512832,1.4209607876364,0.019227055599913,400000000.0
NoiseConvolutionJamming,10.0,1250,offset_-4,20,20,0,23.337150322115203,1.5825448439598717,0.6935808583130698,-4.868838735280629,-4.868838735280628,1.0,4.0,490.0,0.6914010772650795,1.7948367812882602,0.018841560813598335,400000000.0
NoiseConvolutionJamming,10.0,1250,offset_-8,20,20,0,22.44239832988468,1.5825448439598402,0.6935808583130559,-24.77015269320042,-24.770152693200416,1.0,8.0,491.5,1.020433301768381,1.3611162698384054,0.019126947154290974,400000000.0
NoiseConvolutionJamming,10.0,1250,random,20,20,11,-192.29525553150944,145.3214603362581,63.68993812467686,-104.1076089918767,-126.6771315657612,0.1,1397.65,276.45,1.003565341499106,1.407624122522626,0.019066644017584622,400000000.0
NoiseConvolutionJamming,10.0,1250,true,20,20,0,23.487719475719683,1.582544843959874,0.6935808583130707,-8.685846209919741e-05,-8.685846209919741e-05,1.0,0.0,492.45,0.0,0.0,0.02065830340143293,400000000.0
NoiseConvolutionJamming,10.0,2500,fixed_0,20,20,20,nan,0.0,0.0,nan,nan,0.0,2500.0,0.0,0.9999999999999648,1.4142135623730503,0.018868906772695482,400000000.0
NoiseConvolutionJamming,10.0,2500,missing,20,20,20,nan,0.0,0.0,nan,nan,0.0,2500.0,0.0,0.9999999999999648,1.4142135623730503,0.018783193081617355,400000000.0
NoiseConvolutionJamming,10.0,2500,offset_+1,20,20,0,23.48876701008171,1.5820919398216637,0.6933823643227663,-0.3035923747676373,-0.30359237476763723,1.0,1.0,273.85,0.1965576241917606,1.7761505289286288,0.018754194024950266,400000000.0
NoiseConvolutionJamming,10.0,2500,offset_+16,20,20,0,12.672965255400275,1.5820919398208408,0.6933823643224056,-28.529718531976492,-28.529718531976492,0.0,16.0,272.6,1.0406506951427015,1.298350632869114,0.01872505818028003,400000000.0
NoiseConvolutionJamming,10.0,2500,offset_+2,20,20,0,23.48490146410956,1.5820919398216624,0.6933823643227657,-1.188619231516971,-1.1886192315169712,1.0,2.0,272.65,0.38039065884483264,1.6057022577815663,0.01898540067486465,400000000.0
NoiseConvolutionJamming,10.0,2500,offset_+32,20,20,0,-7.608160355779364,1.5820919398216833,0.6933823643227749,-60.90086154434167,-60.90086154434165,0.0,32.0,268.85,1.0526554380284714,1.4209607876364,0.01872079446911812,400000000.0
NoiseConvolutionJamming,10.0,2500,offset_+4,20,20,0,23.33544286906028,1.5820919398216486,0.6933823643227597,-4.868838735280628,-4.868838735280626,1.0,4.0,272.95,0.6987801551759582,1.7948367812882602,0.01876254682429135,400000000.0
NoiseConvolutionJamming,10.0,2500,offset_+8,20,20,0,22.440690876829315,1.5820919398215803,0.6933823643227297,-24.77015269320042,-24.770152693200416,1.0,8.0,270.95,1.0358024836851267,1.3611162698384054,0.01879164483398199,400000000.0
NoiseConvolutionJamming,10.0,2500,offset_-1,20,20,0,23.488767010081713,1.5820919398216675,0.6933823643227679,-0.3035923747676373,-0.30359237476763723,1.0,1.0,274.7,0.19599062414776944,1.7761505289286288,0.018847949104383588,400000000.0
NoiseConvolutionJamming,10.0,2500,offset_-16,20,20,0,12.672965255399426,1.582091939822067,0.693382364322943,-28.5297185319765,-28.529718531976496,0.0,16.0,275.35,1.0326243821707175,1.298350632869114,0.01903740339912474,400000000.0
NoiseConvolutionJamming,10.0,2500,offset_-2,20,20,0,23.484901464109573,1.5820919398216673,0.6933823643227678,-1.188619231516971,-1.1886192315169712,1.0,2.0,272.5,0.3782660931781169,1.6057022577815663,0.018872841610573232,400000000.0
NoiseConvolutionJamming,10.0,2500,offset_-32,20,20,0,-7.60816035577935,1.5820919398216822,0.6933823643227743,-60.90086154434166,-60.90086154434164,0.0,32.0,279.85,1.0673233243512832,1.4209607876364,0.019329143106006086,400000000.0
NoiseConvolutionJamming,10.0,2500,offset_-4,20,20,0,23.335442869060362,1.5820919398216642,0.6933823643227666,-4.868838735280629,-4.868838735280628,1.0,4.0,274.1,0.6914010772650795,1.7948367812882602,0.018889547209255397,400000000.0
NoiseConvolutionJamming,10.0,2500,offset_-8,20,20,0,22.440690876829837,1.5820919398216349,0.6933823643227536,-24.770152693200416,-24.770152693200412,1.0,8.0,273.65,1.020433301768381,1.3611162698384054,0.01886654063127935,400000000.0
NoiseConvolutionJamming,10.0,2500,random,20,20,14,-213.63680561439043,147.86988436256445,72.45624333765657,-100.81109946924312,-112.95789962239262,0.2,1458.7,175.8,1.0077004299583878,1.4033412024859502,0.018889547209255397,400000000.0
NoiseConvolutionJamming,10.0,2500,true,20,20,0,23.486012022664845,1.582091939821666,0.6933823643227672,-8.685846209726872e-05,-8.685846209726874e-05,1.0,0.0,274.7,0.0,0.0,0.020860397489741445,400000000.0
NoiseConvolutionJamming,10.0,3750,fixed_0,20,20,20,nan,0.0,0.0,nan,nan,0.0,3750.0,0.0,0.9999999999999648,1.4142135623730503,0.018800146062858403,400000000.0
NoiseConvolutionJamming,10.0,3750,missing,20,20,20,nan,0.0,0.0,nan,nan,0.0,3750.0,0.0,0.9999999999999648,1.4142135623730503,0.01898334885481745,400000000.0
NoiseConvolutionJamming,10.0,3750,offset_+1,20,20,0,23.48329064517258,1.5822155224749337,0.6934365268086223,-0.3035923747676373,-0.30359237476763723,1.0,1.0,54.35,0.1965576241917606,1.7761505289286288,0.01881035277619958,400000000.0
NoiseConvolutionJamming,10.0,3750,offset_+16,20,20,0,12.667488890491153,1.5822155224741106,0.6934365268082616,-28.529718531976492,-28.529718531976492,0.0,16.0,51.25,1.0406506951427015,1.298350632869114,0.018822948914021254,400000000.0
NoiseConvolutionJamming,10.0,3750,offset_+2,20,20,0,23.479425099200434,1.5822155224749315,0.6934365268086214,-1.188619231516971,-1.1886192315169712,1.0,2.0,54.8,0.38039065884483264,1.6057022577815663,0.018745748093351722,400000000.0
NoiseConvolutionJamming,10.0,3750,offset_+32,20,20,0,-7.613636720688487,1.5822155224749528,0.6934365268086308,-60.90086154434167,-60.90086154434165,0.0,32.0,46.85,1.0526554380284714,1.4209607876364,0.01878345792647451,400000000.0
NoiseConvolutionJamming,10.0,3750,offset_+4,20,20,0,23.329966504151162,1.582215522474918,0.6934365268086154,-4.868838735280629,-4.868838735280628,1.0,4.0,55.0,0.6987801551759582,1.7948367812882602,0.018820754485204816,400000000.0
NoiseConvolutionJamming,10.0,3750,offset_+8,20,20,0,22.43521451192019,1.5822155224748502,0.6934365268085858,-24.770152693200423,-24.77015269320042,1.0,8.0,50.95,1.0358024836851267,1.3611162698384054,0.018770754104480147,400000000.0
NoiseConvolutionJamming,10.0,3750,offset_-1,20,20,0,23.48329064517259,1.5822155224749377,0.6934365268086241,-0.30359237476763823,-0.30359237476763823,1.0,1.0,53.3,0.19599062414776944,1.7761505289286288,0.01880819909274578,400000000.0
NoiseConvolutionJamming,10.0,3750,offset_-16,20,20,0,12.667488890490302,1.5822155224753365,0.6934365268087989,-28.5297185319765,-28.529718531976496,0.0,16.0,55.65,1.0326243821707175,1.298350632869114,0.018937504501082003,400000000.0
NoiseConvolutionJamming,10.0,3750,offset_-2,20,20,0,23.479425099200455,1.5822155224749372,0.6934365268086239,-1.188619231516971,-1.1886192315169712,1.0,2.0,53.65,0.3782660931781169,1.6057022577815663,0.018708300194703043,400000000.0
NoiseConvolutionJamming,10.0,3750,offset_-32,20,20,0,-7.613636720688473,1.5822155224749521,0.6934365268086304,-60.90086154434166,-60.90086154434164,0.0,32.0,60.15,1.0673233243512832,1.4209607876364,0.019166551646776497,400000000.0
NoiseConvolutionJamming,10.0,3750,offset_-4,20,20,0,23.329966504151237,1.5822155224749364,0.6934365268086236,-4.868838735280628,-4.868838735280626,1.0,4.0,55.15,0.6914010772650795,1.7948367812882602,0.019016547594219446,400000000.0
NoiseConvolutionJamming,10.0,3750,offset_-8,20,20,0,22.43521451192071,1.582215522474904,0.6934365268086093,-24.77015269320042,-24.770152693200416,1.0,8.0,54.25,1.020433301768381,1.3611162698384054,0.018885498866438866,400000000.0
NoiseConvolutionJamming,10.0,3750,random,20,20,12,-166.8255743694453,150.39633686219187,76.11104771172164,-89.77558969896556,-137.90359686079853,0.25,1532.0,89.75,1.0078607295888502,1.3905057385755513,0.018899855786003172,400000000.0
NoiseConvolutionJamming,10.0,3750,true,20,20,0,23.48053565775572,1.5822155224749364,0.6934365268086236,-8.685846209919741e-05,-8.685846209919741e-05,1.0,0.0,54.5,0.0,0.0,0.020514646894298494,400000000.0
NoiseConvolutionJamming,10.0,4500,fixed_0,20,20,20,nan,0.0,0.0,nan,nan,0.0,4500.0,0.0,0.9999999999999648,1.4142135623730503,0.019029152463190258,400000000.0
NoiseConvolutionJamming,10.0,4500,missing,20,20,20,nan,0.0,0.0,nan,nan,0.0,4500.0,0.0,0.9999999999999648,1.4142135623730503,0.018927152268588543,400000000.0
NoiseConvolutionJamming,10.0,4500,offset_+1,20,20,0,23.51361769790362,1.58202578098998,0.6933533689363548,-0.29490222623225715,-0.2949022262322571,1.0,1.0,13.25,0.19410200987549975,1.775868998944868,0.01897085167001933,400000000.0
NoiseConvolutionJamming,10.0,4500,offset_+16,20,20,0,12.688487966459094,1.5820257809892537,0.6933533689360364,-28.389621912928863,-28.389621912928863,0.0,16.0,16.4,1.0412455071496753,1.292174278443752,0.018981099128723145,400000000.0
NoiseConvolutionJamming,10.0,4500,offset_+2,20,20,0,23.498662793725273,1.5820257809899787,0.6933533689363541,-1.1712302313285752,-1.1712302313285752,1.0,2.0,14.45,0.3781341095341791,1.6050793564945063,0.019189651357010007,400000000.0
NoiseConvolutionJamming,10.0,4500,offset_+32,20,20,0,-7.582195787120616,1.5820257809900016,0.6933533689363642,-60.61837156184881,-60.61837156184882,0.0,32.0,16.15,1.0543296296414797,1.4096558303359936,0.01890409621410072,400000000.0
NoiseConvolutionJamming,10.0,4500,offset_+4,20,20,0,23.31625615141225,1.5820257809899658,0.6933533689363485,-4.8340258525820134,-4.834025852582013,1.0,4.0,12.55,0.6972863253784672,1.793722127718004,0.018981093307957053,400000000.0
NoiseConvolutionJamming,10.0,4500,offset_+8,20,20,0,22.39360625378364,1.5820257809898997,0.6933533689363195,-24.700386836751925,-24.70038683675192,1.0,8.0,13.35,1.0360769054242485,1.3581743260785106,0.018966596690006554,400000000.0
NoiseConvolutionJamming,10.0,4500,offset_-1,20,20,0,23.52206240594201,1.5820257809899845,0.6933533689363568,-0.3035923747676373,-0.30359237476763723,1.0,1.0,13.65,0.19599062414776944,1.7761505289286288,0.018875001114793122,400000000.0
NoiseConvolutionJamming,10.0,4500,offset_-16,20,20,0,12.677529080282053,1.5820257809903842,0.6933533689365319,-28.5297185319765,-28.529718531976496,0.0,16.0,18.9,1.0326243821707175,1.298350632869114,0.01914349850267172,400000000.0
NoiseConvolutionJamming,10.0,4500,offset_-2,20,20,0,23.51815896853855,1.5820257809899845,0.6933533689363568,-1.1886192315169701,-1.1886192315169701,1.0,2.0,14.5,0.3782660931781169,1.6057022577815663,0.018987501971423626,400000000.0
NoiseConvolutionJamming,10.0,4500,offset_-32,20,20,0,-7.615156290599702,1.5820257809899987,0.6933533689363629,-60.90086154434166,-60.90086154434164,0.0,32.0,19.6,1.0673233243512832,1.4209607876364,0.019250003970228136,400000000.0
NoiseConvolutionJamming,10.0,4500,offset_-4,20,20,0,23.367261134135354,1.5820257809899807,0.693353368936355,-4.868838735280623,-4.868838735280624,1.0,4.0,13.5,0.6914010772650795,1.7948367812882602,0.018970840028487146,400000000.0
NoiseConvolutionJamming,10.0,4500,offset_-8,20,20,0,22.4648636987546,1.5820257809899498,0.6933533689363416,-24.770152693200416,-24.770152693200412,1.0,8.0,18.35,1.020433301768381,1.3611162698384054,0.01904374803416431,400000000.0
NoiseConvolutionJamming,10.0,4500,random,20,20,13,-116.17215162088624,145.78001606283874,90.35539006652246,-89.16008305654647,-112.52392943237498,0.2,2625.5,35.65,1.0061185036066922,1.4065982582252399,0.018950103549286723,400000000.0
NoiseConvolutionJamming,10.0,4500,true,20,20,0,23.51928040971631,1.5820257809899831,0.6933533689363561,-8.685846209726872e-05,-8.685846209726874e-05,1.0,0.0,14.4,0.0,0.0,0.02057295641861856,400000000.0
NoiseConvolutionJamming,10.0,500,fixed_0,20,20,0,20.320005685629358,1.3824018749070646,0.6058643346450099,-8.685846209919741e-05,-8.685846209919741e-05,1.0,0.0,624.6,0.0,0.0,0.018927195924334228,400000000.0
NoiseConvolutionJamming,10.0,500,missing,20,20,0,20.320005685629358,1.3824018749070646,0.6058643346450099,-8.685846209919741e-05,-8.685846209919741e-05,1.0,0.0,624.6,0.0,0.0,0.01889159029815346,400000000.0
NoiseConvolutionJamming,10.0,500,offset_+1,20,20,0,20.322787681818202,1.3824018749070612,0.6058643346450086,-0.3035923747676373,-0.30359237476763723,1.0,1.0,625.9,0.1965576241917606,1.7761505289286288,0.018947955686599016,400000000.0
NoiseConvolutionJamming,10.0,500,offset_+16,20,20,0,9.47825362656972,1.3824018749067224,0.60586433464486,-28.529718531976492,-28.529718531976492,0.0,16.0,623.6,1.0406506951427015,1.298350632869114,0.019018747843801975,400000000.0
NoiseConvolutionJamming,10.0,500,offset_+2,20,20,0,20.31888424386494,1.382401874907056,0.6058643346450061,-1.1886192315169701,-1.1886192315169701,1.0,2.0,623.05,0.38039065884483264,1.6057022577815663,0.018899899441748857,400000000.0
NoiseConvolutionJamming,10.0,500,offset_+32,20,20,0,-10.814432649752462,1.3824018749070714,0.605864334645013,-60.90086154434166,-60.900861544341645,0.0,32.0,621.6,1.0526554380284714,1.4209607876364,0.019133251043967903,400000000.0
NoiseConvolutionJamming,10.0,500,offset_+4,20,20,0,20.167986401053945,1.3824018749070353,0.6058643346449971,-4.868838735280629,-4.868838735280628,1.0,4.0,623.35,0.6987801551759582,1.7948367812882602,0.019022903870791197,400000000.0
NoiseConvolutionJamming,10.0,500,offset_+8,20,20,0,19.265588859590203,1.382401874906853,0.6058643346449172,-24.77015269320042,-24.770152693200416,1.0,8.0,626.55,1.0358024836851267,1.3611162698384054,0.018952001119032502,400000000.0
NoiseConvolutionJamming,10.0,500,offset_-1,20,20,0,20.320005685629358,1.3824018749070646,0.6058643346450099,-8.685846209919741e-05,-8.685846209919741e-05,1.0,0.0,624.6,0.0,0.0,0.018874960369430482,400000000.0
NoiseConvolutionJamming,10.0,500,offset_-16,20,20,0,20.320005685629358,1.3824018749070646,0.6058643346450099,-8.685846209919741e-05,-8.685846209919741e-05,1.0,0.0,624.6,0.0,0.0,0.01915634493343532,400000000.0
NoiseConvolutionJamming,10.0,500,offset_-2,20,20,0,20.320005685629358,1.3824018749070646,0.6058643346450099,-8.685846209919741e-05,-8.685846209919741e-05,1.0,0.0,624.6,0.0,0.0,0.018924896721728146,400000000.0
NoiseConvolutionJamming,10.0,500,offset_-32,20,20,0,20.320005685629358,1.3824018749070646,0.6058643346450099,-8.685846209919741e-05,-8.685846209919741e-05,1.0,0.0,624.6,0.0,0.0,0.019460602197796106,400000000.0
NoiseConvolutionJamming,10.0,500,offset_-4,20,20,0,20.320005685629358,1.3824018749070646,0.6058643346450099,-8.685846209919741e-05,-8.685846209919741e-05,1.0,0.0,624.6,0.0,0.0,0.018989748787134886,400000000.0
NoiseConvolutionJamming,10.0,500,offset_-8,20,20,0,20.320005685629358,1.3824018749070646,0.6058643346450099,-8.685846209919741e-05,-8.685846209919741e-05,1.0,0.0,624.6,0.0,0.0,0.019000147585757077,400000000.0
NoiseConvolutionJamming,10.0,500,random,20,20,14,-225.81697160356435,144.858743653677,66.92132530176347,-79.32189046112181,-105.61224113726247,0.2,1817.65,253.2,0.953464849959744,1.3346239807235416,0.0190103572094813,400000000.0
NoiseConvolutionJamming,10.0,500,true,20,20,0,20.320005685629358,1.3824018749070646,0.6058643346450099,-8.685846209919741e-05,-8.685846209919741e-05,1.0,0.0,624.6,0.0,0.0,0.020802256767638028,400000000.0
NoiseConvolutionJamming,20.0,1250,fixed_0,20,20,0,-30.32166075880037,2.5725914688856264,1.127487922941802,-100.74809690831708,-100.74809690831707,0.0,750.0,627.25,1.6487097200879641,1.4162946809990093,0.018795800860971212,400000000.0
NoiseConvolutionJamming,20.0,1250,missing,20,20,0,-30.32166075880037,2.5725914688856264,1.127487922941802,-100.74809690831708,-100.74809690831707,0.0,750.0,627.25,1.6487097200879641,1.4162946809990093,0.018466654000803828,400000000.0
NoiseConvolutionJamming,20.0,1250,offset_+1,20,20,0,30.291571348371065,2.572591468885461,1.1274879229417294,-0.3035923747676373,-0.30359237476763723,1.0,1.0,491.4,0.31537001060092057,1.7761505289286288,0.01853753929026425,400000000.0
NoiseConvolutionJamming,20.0,1250,offset_+16,20,20,0,19.47576959369058,2.5725914688856086,1.127487922941794,-28.5297185319765,-28.529718531976496,0.0,16.0,490.05,1.5243527670144155,1.298350632869114,0.018722951062954962,400000000.0
NoiseConvolutionJamming,20.0,1250,offset_+2,20,20,0,30.287705802398847,2.5725914688853004,1.127487922941659,-1.188619231516971,-1.1886192315169712,1.0,2.0,490.25,0.6224595243334422,1.6057022577815663,0.01859588664956391,400000000.0
NoiseConvolutionJamming,20.0,1250,offset_+32,20,20,0,-0.8053560174898944,2.572591468885625,1.1274879229418013,-60.90086154434167,-60.90086154434165,0.0,32.0,487.45,1.7057766208472418,1.4209607876364,0.018950056983157992,400000000.0
NoiseConvolutionJamming,20.0,1250,offset_+4,20,20,0,30.138247207349725,2.5725914688854883,1.1274879229417414,-4.868838735280629,-4.868838735280628,1.0,4.0,493.1,1.1724183798787684,1.7948367812882602,0.018710296717472374,400000000.0
NoiseConvolutionJamming,20.0,1250,offset_+8,20,20,0,29.243495215119488,2.5725914688856766,1.1274879229418238,-24.77015269320042,-24.770152693200416,1.0,8.0,488.6,1.7577718043733241,1.3611162698384054,0.018775148782879114,400000000.0
NoiseConvolutionJamming,20.0,1250,offset_-1,20,20,0,30.2915713483706,2.5725914688850717,1.1274879229415589,-0.3035923747676373,-0.30359237476763723,1.0,1.0,494.95,0.304367550568169,1.7761505289286288,0.018535254639573395,400000000.0
NoiseConvolutionJamming,20.0,1250,offset_-16,20,20,0,19.47576959369055,2.5725914688856513,1.1274879229418129,-28.5297185319765,-28.529718531976496,0.0,16.0,497.1,1.6879234472571543,1.298350632869114,0.018635502783581614,400000000.0
NoiseConvolutionJamming,20.0,1250,offset_-2,20,20,0,30.287705802398865,2.5725914688855287,1.1274879229417591,-1.188619231516971,-1.1886192315169712,1.0,2.0,492.4,0.5810560727550842,1.6057022577815663,0.018566736252978444,400000000.0
NoiseConvolutionJamming,20.0,1250,offset_-32,20,20,0,-0.8053560174898919,2.5725914688856237,1.1274879229418007,-60.90086154434166,-60.90086154434164,0.0,32.0,498.55,1.773048932237358,1.4209607876364,0.019164694822393358,400000000.0
NoiseConvolutionJamming,20.0,1250,offset_-4,20,20,0,30.138247207348922,2.5725914688847547,1.1274879229414199,-4.868838735280629,-4.868838735280628,1.0,4.0,493.7,1.0246309617137028,1.7948367812882602,0.018816551892086864,400000000.0
NoiseConvolutionJamming,20.0,1250,offset_-8,20,20,0,29.24349521511935,2.5725914688854803,1.1274879229417378,-24.77015269320042,-24.770152693200416,1.0,8.0,491.95,1.3716996851502437,1.3611162698384054,0.018887495389208198,400000000.0
NoiseConvolutionJamming,20.0,1250,random,20,20,11,-185.49415864627443,145.228444181231,63.64917199733019,-104.1076089918767,-126.6771315657612,0.1,1397.65,277.3,1.0213352892001777,1.407624122522626,0.018602143973112106,400000000.0
NoiseConvolutionJamming,20.0,1250,true,20,20,0,30.288816360954115,2.5725914688854323,1.1274879229417167,-8.685846209919741e-05,-8.685846209919741e-05,1.0,0.0,492.6,0.0,0.0,0.020354107255116105,400000000.0
NoiseConvolutionJamming,20.0,2500,fixed_0,20,20,20,nan,0.0,0.0,nan,nan,0.0,2500.0,0.0,0.9999999999999526,1.4142135623730503,0.018564602942205966,400000000.0
NoiseConvolutionJamming,20.0,2500,missing,20,20,20,nan,0.0,0.0,nan,nan,0.0,2500.0,0.0,0.9999999999999526,1.4142135623730503,0.018624949734658003,400000000.0
NoiseConvolutionJamming,20.0,2500,offset_+1,20,20,0,30.293192395514176,2.572351912414236,1.127382932689124,-0.3035923747676373,-0.30359237476763723,1.0,1.0,270.7,0.31537001060092057,1.7761505289286288,0.018497949349693954,400000000.0
NoiseConvolutionJamming,20.0,2500,offset_+16,20,20,0,19.477390640833697,2.5723519124143817,1.1273829326891878,-28.529718531976492,-28.529718531976492,0.0,16.0,270.4,1.5243527670144155,1.298350632869114,0.018654053565114737,400000000.0
NoiseConvolutionJamming,20.0,2500,offset_+2,20,20,0,30.289326849541965,2.5723519124140766,1.1273829326890543,-1.188619231516971,-1.1886192315169712,1.0,2.0,273.85,0.6224595243334422,1.6057022577815663,0.018537553842179477,400000000.0
NoiseConvolutionJamming,20.0,2500,offset_+32,20,20,0,-0.8037349703467758,2.572351912414399,1.1273829326891953,-60.90086154434167,-60.90086154434165,0.0,32.0,268.25,1.7057766208472418,1.4209607876364,0.018806345178745687,400000000.0
NoiseConvolutionJamming,20.0,2500,offset_+4,20,20,0,30.139868254492832,2.572351912414263,1.1273829326891358,-4.868838735280628,-4.868838735280626,1.0,4.0,270.4,1.1724183798787684,1.7948367812882602,0.018733442993834615,400000000.0
NoiseConvolutionJamming,20.0,2500,offset_+8,20,20,0,29.245116262262606,2.572351912414451,1.1273829326892182,-24.77015269320042,-24.770152693200416,1.0,8.0,273.3,1.7577718043733241,1.3611162698384054,0.018687313422560692,400000000.0
NoiseConvolutionJamming,20.0,2500,offset_-1,20,20,0,30.29319239551371,2.5723519124138456,1.1273829326889528,-0.3035923747676373,-0.30359237476763723,1.0,1.0,271.4,0.304367550568169,1.7761505289286288,0.01831260451581329,400000000.0
NoiseConvolutionJamming,20.0,2500,offset_-16,20,20,0,19.477390640833672,2.5723519124144243,1.1273829326892066,-28.5297185319765,-28.529718531976496,0.0,16.0,274.9,1.6879234472571543,1.298350632869114,0.0186020479304716,400000000.0
NoiseConvolutionJamming,20.0,2500,offset_-2,20,20,0,30.289326849541993,2.572351912414305,1.127382932689154,-1.188619231516971,-1.1886192315169712,1.0,2.0,273.15,0.5810560727550842,1.6057022577815663,0.018435550737194717,400000000.0
NoiseConvolutionJamming,20.0,2500,offset_-32,20,20,0,-0.8037349703467754,2.572351912414398,1.127382932689195,-60.90086154434166,-60.90086154434164,0.0,32.0,279.05,1.773048932237358,1.4209607876364,0.018845897284336388,400000000.0
NoiseConvolutionJamming,20.0,2500,offset_-4,20,20,0,30.139868254492047,2.572351912413529,1.127382932688814,-4.868838735280629,-4.868838735280628,1.0,4.0,274.4,1.0246309617137028,1.7948367812882602,0.018495810218155384,400000000.0
NoiseConvolutionJamming,20.0,2500,offset_-8,20,20,0,29.245116262262467,2.572351912414254,1.127382932689132,-24.770152693200416,-24.770152693200412,1.0,8.0,273.8,1.3716996851502437,1.3611162698384054,0.018570799147710204,400000000.0
NoiseConvolutionJamming,20.0,2500,random,20,20,14,-206.6049159956024,146.55747988067253,71.81316514152954,-100.81109946924312,-112.95789962239262,0.2,1458.7,177.45,1.0648563381369422,1.4033412024859502,0.01846875238697976,400000000.0
NoiseConvolutionJamming,20.0,2500,true,20,20,0,30.290437408097226,2.5723519124142076,1.1273829326891116,-8.685846209726872e-05,-8.685846209726874e-05,1.0,0.0,271.85,0.0,0.0,0.020181192667223513,400000000.0
NoiseConvolutionJamming,20.0,3750,fixed_0,20,20,20,nan,0.0,0.0,nan,nan,0.0,3750.0,0.0,0.9999999999999526,1.4142135623730503,0.018710352014750242,400000000.0
NoiseConvolutionJamming,20.0,3750,missing,20,20,20,nan,0.0,0.0,nan,nan,0.0,3750.0,0.0,0.9999999999999526,1.4142135623730503,0.01871255226433277,400000000.0
NoiseConvolutionJamming,20.0,3750,offset_+1,20,20,0,30.292640509844073,2.5723646995092584,1.1273885368806102,-0.3035923747676373,-0.30359237476763723,1.0,1.0,53.7,0.31537001060092057,1.7761505289286288,0.018564550555311143,400000000.0
NoiseConvolutionJamming,20.0,3750,offset_+16,20,20,0,19.47683875516359,2.5723646995094054,1.1273885368806746,-28.529718531976492,-28.529718531976492,0.0,16.0,52.1,1.5243527670144155,1.298350632869114,0.018618645844981074,400000000.0
NoiseConvolutionJamming,20.0,3750,offset_+2,20,20,0,30.288774963871862,2.5723646995090976,1.1273885368805396,-1.188619231516971,-1.1886192315169712,1.0,2.0,53.6,0.6224595243334422,1.6057022577815663,0.01856654416769743,400000000.0
NoiseConvolutionJamming,20.0,3750,offset_+32,20,20,0,-0.8042868560168767,2.572364699509423,1.1273885368806824,-60.90086154434167,-60.90086154434165,0.0,32.0,47.1,1.7057766208472418,1.4209607876364,0.01859364565461874,400000000.0
NoiseConvolutionJamming,20.0,3750,offset_+4,20,20,0,30.139316368822733,2.5723646995092864,1.1273885368806222,-4.868838735280629,-4.868838735280628,1.0,4.0,53.55,1.1724183798787684,1.7948367812882602,0.019685455481521785,400000000.0
NoiseConvolutionJamming,20.0,3750,offset_+8,20,20,0,29.2445643765925,2.5723646995094724,1.127388536880704,-24.770152693200423,-24.77015269320042,1.0,8.0,53.5,1.7577718043733241,1.3611162698384054,0.018727057613432407,400000000.0
NoiseConvolutionJamming,20.0,3750,offset_-1,20,20,0,30.292640509843608,2.572364699508867,1.1273885368804386,-0.30359237476763823,-0.30359237476763823,1.0,1.0,54.6,0.304367550568169,1.7761505289286288,0.01845404622144997,400000000.0
NoiseConvolutionJamming,20.0,3750,offset_-16,20,20,0,19.476838755163573,2.5723646995094485,1.1273885368806935,-28.5297185319765,-28.529718531976496,0.0,16.0,56.55,1.6879234472571543,1.298350632869114,0.018612496205605567,400000000.0
NoiseConvolutionJamming,20.0,3750,offset_-2,20,20,0,30.28877496387189,2.572364699509327,1.1273885368806402,-1.188619231516971,-1.1886192315169712,1.0,2.0,54.5,0.5810560727550842,1.6057022577815663,0.018577047740109265,400000000.0
NoiseConvolutionJamming,20.0,3750,offset_-32,20,20,0,-0.8042868560168758,2.5723646995094214,1.1273885368806815,-60.90086154434166,-60.90086154434164,0.0,32.0,60.15,1.773048932237358,1.4209607876364,0.018868694314733148,400000000.0
NoiseConvolutionJamming,20.0,3750,offset_-4,20,20,0,30.139316368821937,2.5723646995085523,1.1273885368803007,-4.868838735280628,-4.868838735280626,1.0,4.0,54.45,1.0246309617137028,1.7948367812882602,0.018591558909974992,400000000.0
NoiseConvolutionJamming,20.0,3750,offset_-8,20,20,0,29.244564376592365,2.572364699509276,1.127388536880618,-24.77015269320042,-24.770152693200416,1.0,8.0,55.2,1.3716996851502437,1.3611162698384054,0.01849575201049447,400000000.0
NoiseConvolutionJamming,20.0,3750,random,20,20,12,-159.9210675019609,150.1726465066655,75.9978447728913,-89.77558969896556,-137.90359686079853,0.25,1532.0,90.1,1.2116347215544205,1.3905057385755513,0.01910195278469473,400000000.0
NoiseConvolutionJamming,20.0,3750,true,20,20,0,30.28988552242713,2.5723646995092295,1.1273885368805976,-8.685846209919741e-05,-8.685846209919741e-05,1.0,0.0,54.6,0.0,0.0,0.020258358563296497,400000000.0
NoiseConvolutionJamming,20.0,4500,fixed_0,20,20,20,nan,0.0,0.0,nan,nan,0.0,4500.0,0.0,0.9999999999999526,1.4142135623730503,0.01855214941315353,400000000.0
NoiseConvolutionJamming,20.0,4500,missing,20,20,20,nan,0.0,0.0,nan,nan,0.0,4500.0,0.0,0.9999999999999526,1.4142135623730503,0.01889584236778319,400000000.0
NoiseConvolutionJamming,20.0,4500,offset_+1,20,20,0,30.32650389882668,2.5726455589738357,1.1275116289681744,-0.29490222623225715,-0.2949022262322571,1.0,1.0,13.45,0.3136349330054365,1.775868998944868,0.019172948668710887,400000000.0
NoiseConvolutionJamming,20.0,4500,offset_+16,20,20,0,19.501374167383027,2.572645558973984,1.1275116289682394,-28.389621912928863,-28.389621912928863,0.0,16.0,16.85,1.5305814996643272,1.292174278443752,0.018606302910484374,400000000.0
NoiseConvolutionJamming,20.0,4500,offset_+2,20,20,0,30.311548994648273,2.5726455589736736,1.1275116289681033,-1.1712302313285752,-1.1712302313285752,1.0,2.0,13.4,0.6211051231769154,1.6050793564945063,0.01970200682990253,400000000.0
NoiseConvolutionJamming,20.0,4500,offset_+32,20,20,0,-0.7693095861974373,2.572645558974001,1.1275116289682467,-60.61837156184881,-60.61837156184882,0.0,32.0,16.1,1.7227263982679417,1.4096558303359936,0.018395850202068686,400000000.0
NoiseConvolutionJamming,20.0,4500,offset_+4,20,20,0,30.129142352335396,2.5726455589738637,1.1275116289681866,-4.8340258525820134,-4.834025852582013,1.0,4.0,12.4,1.172514092428272,1.793722127718004,0.018560394528321922,400000000.0
NoiseConvolutionJamming,20.0,4500,offset_+8,20,20,0,29.20649245470752,2.5726455589740516,1.127511628968269,-24.700386836751925,-24.70038683675192,1.0,8.0,14.45,1.7618788062488562,1.3581743260785106,0.018422954599373043,400000000.0
NoiseConvolutionJamming,20.0,4500,offset_-1,20,20,0,30.334948606864582,2.57264555897344,1.1275116289680007,-0.3035923747676373,-0.30359237476763723,1.0,1.0,14.75,0.304367550568169,1.7761505289286288,0.018650051788426936,400000000.0
NoiseConvolutionJamming,20.0,4500,offset_-16,20,20,0,19.4904152812069,2.572645558974026,1.1275116289682576,-28.5297185319765,-28.529718531976496,0.0,16.0,20.65,1.6879234472571543,1.298350632869114,0.018797951634041965,400000000.0
NoiseConvolutionJamming,20.0,4500,offset_-2,20,20,0,30.33104516946155,2.5726455589739023,1.1275116289682037,-1.1886192315169701,-1.1886192315169701,1.0,2.0,12.65,0.5810560727550842,1.6057022577815663,0.01860835764091462,400000000.0
NoiseConvolutionJamming,20.0,4500,offset_-32,20,20,0,-0.8022700896765361,2.5726455589739987,1.1275116289682456,-60.90086154434166,-60.90086154434164,0.0,32.0,17.2,1.773048932237358,1.4209607876364,0.01901669893413782,400000000.0
NoiseConvolutionJamming,20.0,4500,offset_-4,20,20,0,30.18014733505762,2.572645558973121,1.1275116289678613,-4.868838735280623,-4.868838735280624,1.0,4.0,13.55,1.0246309617137028,1.7948367812882602,0.019612445612438023,400000000.0
NoiseConvolutionJamming,20.0,4500,offset_-8,20,20,0,29.277749899677822,2.5726455589738544,1.1275116289681826,-24.770152693200416,-24.770152693200412,1.0,8.0,17.05,1.3716996851502437,1.3611162698384054,0.018558348529040813,400000000.0
NoiseConvolutionJamming,20.0,4500,random,20,20,13,-109.37984620926105,145.69920639883622,90.3053037178631,-89.16008305654647,-112.52392943237498,0.2,2625.5,35.6,1.0573223371044396,1.4065982582252399,0.01855636073742062,400000000.0
NoiseConvolutionJamming,20.0,4500,true,20,20,0,30.33216661063929,2.5726455589738033,1.1275116289681602,-8.685846209726872e-05,-8.685846209726874e-05,1.0,0.0,13.15,0.0,0.0,0.02049174509011209,400000000.0
NoiseConvolutionJamming,20.0,500,fixed_0,20,20,0,27.094866339581138,2.6209426909104865,1.1486787803133853,-8.685846209919741e-05,-8.685846209919741e-05,1.0,0.0,624.65,0.0,0.0,0.0188688951311633,400000000.0
NoiseConvolutionJamming,20.0,500,missing,20,20,0,27.094866339581138,2.6209426909104865,1.1486787803133853,-8.685846209919741e-05,-8.685846209919741e-05,1.0,0.0,624.65,0.0,0.0,0.018995851860381663,400000000.0
NoiseConvolutionJamming,20.0,500,offset_+1,20,20,0,27.097648335770067,2.620942690910443,1.1486787803133662,-0.3035923747676373,-0.30359237476763723,1.0,1.0,624.15,0.31537001060092057,1.7761505289286288,0.019083396182395518,400000000.0
NoiseConvolutionJamming,20.0,500,offset_+16,20,20,0,16.25311428052253,2.6209426909105824,1.1486787803134273,-28.529718531976492,-28.529718531976492,0.0,16.0,623.35,1.5243527670144155,1.298350632869114,0.018868703045882285,400000000.0
NoiseConvolutionJamming,20.0,500,offset_+2,20,20,0,27.09374489781674,2.620942690910273,1.1486787803132916,-1.1886192315169701,-1.1886192315169701,1.0,2.0,622.25,0.6224595243334422,1.6057022577815663,0.019016762962564826,400000000.0
NoiseConvolutionJamming,20.0,500,offset_+32,20,20,0,-4.0395719958004825,2.6209426909105864,1.1486787803134288,-60.90086154434166,-60.900861544341645,0.0,32.0,619.9,1.7057766208472418,1.4209607876364,0.019008401432074606,400000000.0
NoiseConvolutionJamming,20.0,500,offset_+4,20,20,0,26.94284705500588,2.620942690910444,1.1486787803133667,-4.868838735280629,-4.868838735280628,1.0,4.0,622.2,1.1724183798787684,1.7948367812882602,0.018835294758901,400000000.0
NoiseConvolutionJamming,20.0,500,offset_+8,20,20,0,26.040449513542892,2.6209426909106197,1.1486787803134437,-24.77015269320042,-24.770152693200416,1.0,8.0,624.9,1.7577718043733241,1.3611162698384054,0.018812500638887286,400000000.0
NoiseConvolutionJamming,20.0,500,offset_-1,20,20,0,27.094866339581138,2.6209426909104865,1.1486787803133853,-8.685846209919741e-05,-8.685846209919741e-05,1.0,0.0,624.65,0.0,0.0,0.018708145944401622,400000000.0
NoiseConvolutionJamming,20.0,500,offset_-16,20,20,0,27.094866339581138,2.6209426909104865,1.1486787803133853,-8.685846209919741e-05,-8.685846209919741e-05,1.0,0.0,624.65,0.0,0.0,0.018735454068519175,400000000.0
NoiseConvolutionJamming,20.0,500,offset_-2,20,20,0,27.094866339581138,2.6209426909104865,1.1486787803133853,-8.685846209919741e-05,-8.685846209919741e-05,1.0,0.0,624.65,0.0,0.0,0.018741656094789505,400000000.0
NoiseConvolutionJamming,20.0,500,offset_-32,20,20,0,27.094866339581138,2.6209426909104865,1.1486787803133853,-8.685846209919741e-05,-8.685846209919741e-05,1.0,0.0,624.65,0.0,0.0,0.018933392129838467,400000000.0
NoiseConvolutionJamming,20.0,500,offset_-4,20,20,0,27.094866339581138,2.6209426909104865,1.1486787803133853,-8.685846209919741e-05,-8.685846209919741e-05,1.0,0.0,624.65,0.0,0.0,0.01882289652712643,400000000.0
NoiseConvolutionJamming,20.0,500,offset_-8,20,20,0,27.094866339581138,2.6209426909104865,1.1486787803133853,-8.685846209919741e-05,-8.685846209919741e-05,1.0,0.0,624.65,0.0,0.0,0.01874799490906298,400000000.0
NoiseConvolutionJamming,20.0,500,random,20,20,14,-219.0009045940921,145.42921273100532,67.18486856974704,-79.32189046112181,-105.61224113726247,0.2,1817.65,253.65,0.9935521356553387,1.3346239807235416,0.018843740690499544,400000000.0
NoiseConvolutionJamming,20.0,500,true,20,20,0,27.094866339581138,2.6209426909104865,1.1486787803133853,-8.685846209919741e-05,-8.685846209919741e-05,1.0,0.0,624.65,0.0,0.0,0.02032705524470657,400000000.0
NoiseConvolutionJamming,30.0,1250,fixed_0,20,20,0,-28.80563406232161,2.7491604577677404,1.204872694266129,-100.74809690831708,-100.74809690831707,0.0,750.0,628.0,2.1088505899510728,1.4162946809990093,0.019302009604871273,400000000.0
NoiseConvolutionJamming,30.0,1250,missing,20,20,0,-28.80563406232161,2.7491604577677404,1.204872694266129,-100.74809690831708,-100.74809690831707,0.0,750.0,628.0,2.1088505899510728,1.4162946809990093,0.01906879188027233,400000000.0
NoiseConvolutionJamming,30.0,1250,offset_+1,20,20,0,31.807598044849918,2.7491604577677244,1.204872694266122,-0.3035923747676373,-0.30359237476763723,1.0,1.0,490.7,0.28439941479916975,1.7761505289286288,0.019020953914150596,400000000.0
NoiseConvolutionJamming,30.0,1250,offset_+16,20,20,0,20.99179629016937,2.7491604577677364,1.2048726942661272,-28.5297185319765,-28.529718531976496,0.0,16.0,487.35,2.0134984357761128,1.298350632869114,0.019077147589996457,400000000.0
NoiseConvolutionJamming,30.0,1250,offset_+2,20,20,0,31.803732498877785,2.749160457767717,1.2048726942661188,-1.188619231516971,-1.1886192315169712,1.0,2.0,492.25,0.5673724503334753,1.6057022577815663,0.019147904822602868,400000000.0
NoiseConvolutionJamming,30.0,1250,offset_+32,20,20,0,0.7106706789888556,2.7491604577677378,1.2048726942661279,-60.90086154434167,-60.90086154434165,0.0,32.0,485.95,1.963988380649236,1.4209607876364,0.018995950813405216,400000000.0
NoiseConvolutionJamming,30.0,1250,offset_+4,20,20,0,31.654273903828578,2.7491604577677062,1.2048726942661139,-4.868838735280629,-4.868838735280628,1.0,4.0,491.1,1.1005894486705805,1.7948367812882602,0.018997752340510488,400000000.0
NoiseConvolutionJamming,30.0,1250,offset_+8,20,20,0,30.75952191159835,2.7491604577677395,1.2048726942661285,-24.77015269320042,-24.770152693200416,1.0,8.0,488.65,1.8058958996645522,1.3611162698384054,0.01910620485432446,400000000.0
NoiseConvolutionJamming,30.0,1250,offset_-1,20,20,0,31.807598044849914,2.749160457767725,1.2048726942661223,-0.3035923747676373,-0.30359237476763723,1.0,1.0,492.6,0.273497657235224,1.7761505289286288,0.019260545377619565,400000000.0
NoiseConvolutionJamming,30.0,1250,offset_-16,20,20,0,20.991796290169347,2.7491604577677613,1.204872694266138,-28.5297185319765,-28.529718531976496,0.0,16.0,496.2,1.9324133663293028,1.298350632869114,0.019035508739762008,400000000.0
NoiseConvolutionJamming,30.0,1250,offset_-2,20,20,0,31.803732498877775,2.749160457767725,1.2048726942661223,-1.188619231516971,-1.1886192315169712,1.0,2.0,491.35,0.527990011021237,1.6057022577815663,0.01888538827188313,400000000.0
NoiseConvolutionJamming,30.0,1250,offset_-32,20,20,0,0.7106706789888568,2.7491604577677378,1.2048726942661279,-60.90086154434166,-60.90086154434164,0.0,32.0,496.65,2.04632802218547,1.4209607876364,0.019354242249391973,400000000.0
NoiseConvolutionJamming,30.0,1250,offset_-4,20,20,0,31.654273903828585,2.7491604577677355,1.2048726942661268,-4.868838735280629,-4.868838735280628,1.0,4.0,492.25,0.9880719823339522,1.7948367812882602,0.01895850000437349,400000000.0
NoiseConvolutionJamming,30.0,1250,offset_-8,20,20,0,30.75952191159835,2.749160457767753,1.2048726942661343,-24.77015269320042,-24.770152693200416,1.0,8.0,494.8,1.6331925812216976,1.3611162698384054,0.01904579985421151,400000000.0
NoiseConvolutionJamming,30.0,1250,random,20,20,11,-183.97813194979565,145.7356734718488,63.87147503543427,-104.1076089918767,-126.6771315657612,0.1,1397.65,276.6,1.0696314624752847,1.407624122522626,0.01917084737215191,400000000.0
NoiseConvolutionJamming,30.0,1250,true,20,20,0,31.804843057433043,2.749160457767725,1.2048726942661223,-8.685846209919741e-05,-8.685846209919741e-05,1.0,0.0,492.15,0.0,0.0,0.02065814915113151,400000000.0
NoiseConvolutionJamming,30.0,2500,fixed_0,20,20,20,nan,0.0,0.0,nan,nan,0.0,2500.0,0.0,0.999999999999982,1.4142135623730503,0.019185352721251547,400000000.0
NoiseConvolutionJamming,30.0,2500,missing,20,20,20,nan,0.0,0.0,nan,nan,0.0,2500.0,0.0,0.999999999999982,1.4142135623730503,0.01897505426313728,400000000.0
NoiseConvolutionJamming,30.0,2500,offset_+1,20,20,0,31.809579281471095,2.749151413487042,1.204868730435345,-0.3035923747676373,-0.30359237476763723,1.0,1.0,271.7,0.28439941479916975,1.7761505289286288,0.01894790621008724,400000000.0
NoiseConvolutionJamming,30.0,2500,offset_+16,20,20,0,20.99377752679054,2.7491514134870516,1.2048687304353491,-28.529718531976492,-28.529718531976492,0.0,16.0,270.35,2.0134984357761128,1.298350632869114,0.018858350813388824,400000000.0
NoiseConvolutionJamming,30.0,2500,offset_+2,20,20,0,31.805713735498962,2.749151413487033,1.204868730435341,-1.188619231516971,-1.1886192315169712,1.0,2.0,272.65,0.5673724503334753,1.6057022577815663,0.018910353537648916,400000000.0
NoiseConvolutionJamming,30.0,2500,offset_+32,20,20,0,0.7126519156100337,2.7491514134870534,1.2048687304353498,-60.90086154434167,-60.90086154434165,0.0,32.0,267.7,1.963988380649236,1.4209607876364,0.01884995144791901,400000000.0
NoiseConvolutionJamming,30.0,2500,offset_+4,20,20,0,31.656255140449765,2.749151413487022,1.204868730435336,-4.868838735280628,-4.868838735280626,1.0,4.0,274.55,1.1005894486705805,1.7948367812882602,0.0188332429388538,400000000.0
NoiseConvolutionJamming,30.0,2500,offset_+8,20,20,0,30.761503148219532,2.749151413487055,1.2048687304353507,-24.77015269320042,-24.770152693200416,1.0,8.0,270.05,1.8058958996645522,1.3611162698384054,0.018912460654973984,400000000.0
NoiseConvolutionJamming,30.0,2500,offset_-1,20,20,0,31.809579281471095,2.7491514134870414,1.2048687304353447,-0.3035923747676373,-0.30359237476763723,1.0,1.0,273.05,0.273497657235224,1.7761505289286288,0.018800102407112718,400000000.0
NoiseConvolutionJamming,30.0,2500,offset_-16,20,20,0,20.993777526790524,2.749151413487077,1.2048687304353602,-28.5297185319765,-28.529718531976496,0.0,16.0,275.85,1.9324133663293028,1.298350632869114,0.019172794418409467,400000000.0
NoiseConvolutionJamming,30.0,2500,offset_-2,20,20,0,31.805713735498948,2.7491514134870427,1.2048687304353454,-1.188619231516971,-1.1886192315169712,1.0,2.0,271.8,0.527990011021237,1.6057022577815663,0.018964699120260775,400000000.0
NoiseConvolutionJamming,30.0,2500,offset_-32,20,20,0,0.7126519156100324,2.7491514134870525,1.2048687304353494,-60.90086154434166,-60.90086154434164,0.0,32.0,279.7,2.04632802218547,1.4209607876364,0.019216808141209185,400000000.0
NoiseConvolutionJamming,30.0,2500,offset_-4,20,20,0,31.656255140449765,2.7491514134870507,1.2048687304353487,-4.868838735280629,-4.868838735280628,1.0,4.0,273.15,0.9880719823339522,1.7948367812882602,0.018920842558145523,400000000.0
NoiseConvolutionJamming,30.0,2500,offset_-8,20,20,0,30.761503148219514,2.7491514134870685,1.2048687304353567,-24.770152693200416,-24.770152693200412,1.0,8.0,275.65,1.6331925812216976,1.3611162698384054,0.019016550504602492,400000000.0
NoiseConvolutionJamming,30.0,2500,random,20,20,14,-204.8887545824306,145.66077114447685,71.37377786079365,-100.81109946924312,-112.95789962239262,0.2,1458.7,177.4,1.0882840096642181,1.4033412024859502,0.018956203712150455,400000000.0
NoiseConvolutionJamming,30.0,2500,true,20,20,0,31.806824294054216,2.7491514134870405,1.2048687304353443,-8.685846209726872e-05,-8.685846209726874e-05,1.0,0.0,273.8,0.0,0.0,0.020600151037797332,400000000.0
NoiseConvolutionJamming,30.0,3750,fixed_0,20,20,20,nan,0.0,0.0,nan,nan,0.0,3750.0,0.0,0.999999999999982,1.4142135623730503,0.019187555881217122,400000000.0
NoiseConvolutionJamming,30.0,3750,missing,20,20,20,nan,0.0,0.0,nan,nan,0.0,3750.0,0.0,0.999999999999982,1.4142135623730503,0.019102010992355645,400000000.0
NoiseConvolutionJamming,30.0,3750,offset_+1,20,20,0,31.809524045972342,2.7491525667506242,1.204869235875395,-0.3035923747676373,-0.30359237476763723,1.0,1.0,54.55,0.28439941479916975,1.7761505289286288,0.01908549456857145,400000000.0
NoiseConvolutionJamming,30.0,3750,offset_+16,20,20,0,20.993722291291782,2.7491525667506362,1.2048692358754003,-28.529718531976492,-28.529718531976492,0.0,16.0,50.75,2.0134984357761128,1.298350632869114,0.01902495278045535,400000000.0
NoiseConvolutionJamming,30.0,3750,offset_+2,20,20,0,31.8056585000002,2.7491525667506167,1.2048692358753919,-1.188619231516971,-1.1886192315169712,1.0,2.0,54.4,0.5673724503334753,1.6057022577815663,0.019145800615660846,400000000.0
NoiseConvolutionJamming,30.0,3750,offset_+32,20,20,0,0.7125966801112795,2.7491525667506376,1.204869235875401,-60.90086154434167,-60.90086154434165,0.0,32.0,46.4,1.963988380649236,1.4209607876364,0.018985351198352873,400000000.0
NoiseConvolutionJamming,30.0,3750,offset_+4,20,20,0,31.656199904951002,2.7491525667506043,1.2048692358753863,-4.868838735280629,-4.868838735280628,1.0,4.0,54.85,1.1005894486705805,1.7948367812882602,0.018985301721841097,400000000.0
NoiseConvolutionJamming,30.0,3750,offset_+8,20,20,0,30.76144791272077,2.7491525667506385,1.2048692358754014,-24.770152693200423,-24.77015269320042,1.0,8.0,53.8,1.8058958996645522,1.3611162698384054,0.018991652177646756,400000000.0
NoiseConvolutionJamming,30.0,3750,offset_-1,20,20,0,31.80952404597233,2.7491525667506247,1.2048692358753952,-0.30359237476763823,-0.30359237476763823,1.0,1.0,55.15,0.273497657235224,1.7761505289286288,0.018956299754790962,400000000.0
NoiseConvolutionJamming,30.0,3750,offset_-16,20,20,0,20.99372229129177,2.749152566750661,1.2048692358754112,-28.5297185319765,-28.529718531976496,0.0,16.0,57.25,1.9324133663293028,1.298350632869114,0.01908329431898892,400000000.0
NoiseConvolutionJamming,30.0,3750,offset_-2,20,20,0,31.805658500000185,2.7491525667506242,1.204869235875395,-1.188619231516971,-1.1886192315169712,1.0,2.0,55.3,0.527990011021237,1.6057022577815663,0.01894794695544988,400000000.0
NoiseConvolutionJamming,30.0,3750,offset_-32,20,20,0,0.7125966801112779,2.7491525667506362,1.2048692358754003,-60.90086154434166,-60.90086154434164,0.0,32.0,60.45,2.04632802218547,1.4209607876364,0.01942490052897483,400000000.0
NoiseConvolutionJamming,30.0,3750,offset_-4,20,20,0,31.656199904951002,2.7491525667506336,1.2048692358753992,-4.868838735280628,-4.868838735280626,1.0,4.0,55.5,0.9880719823339522,1.7948367812882602,0.019379201694391668,400000000.0
NoiseConvolutionJamming,30.0,3750,offset_-8,20,20,0,30.761447912720758,2.7491525667506527,1.2048692358754074,-24.77015269320042,-24.770152693200416,1.0,8.0,55.9,1.6331925812216976,1.3611162698384054,0.019514546147547662,400000000.0
NoiseConvolutionJamming,30.0,3750,random,20,20,12,-158.8537404197104,150.3308874868613,76.07792575787344,-89.77558969896556,-137.90359686079853,0.25,1532.0,88.9,1.2940247164668979,1.3905057385755513,0.019093859009444714,400000000.0
NoiseConvolutionJamming,30.0,3750,true,20,20,0,31.80676905855546,2.749152566750624,1.2048692358753947,-8.685846209919741e-05,-8.685846209919741e-05,1.0,0.0,54.4,0.0,0.0,0.020706356735900044,400000000.0
NoiseConvolutionJamming,30.0,4500,fixed_0,20,20,20,nan,0.0,0.0,nan,nan,0.0,4500.0,0.0,0.999999999999982,1.4142135623730503,0.018997903680428863,400000000.0
NoiseConvolutionJamming,30.0,4500,missing,20,20,20,nan,0.0,0.0,nan,nan,0.0,4500.0,0.0,0.999999999999982,1.4142135623730503,0.019027100643143058,400000000.0
NoiseConvolutionJamming,30.0,4500,offset_+1,20,20,0,31.843189785894104,2.748753009093926,1.2046941220114586,-0.29490222623225715,-0.2949022262322571,1.0,1.0,13.5,0.2827146930533636,1.775868998944868,0.01881475036498159,400000000.0
NoiseConvolutionJamming,30.0,4500,offset_+16,20,20,0,21.01806005445038,2.748753009093936,1.204694122011463,-28.389621912928863,-28.389621912928863,0.0,16.0,16.7,2.0244154292546814,1.292174278443752,0.01878335024230182,400000000.0
NoiseConvolutionJamming,30.0,4500,offset_+2,20,20,0,31.828234881715776,2.74875300909392,1.2046941220114562,-1.1712302313285752,-1.1712302313285752,1.0,2.0,12.4,0.5661014318525666,1.6050793564945063,0.018858356634154916,400000000.0
NoiseConvolutionJamming,30.0,4500,offset_+32,20,20,0,0.7473763008698818,2.748753009093939,1.2046941220114644,-60.61837156184881,-60.61837156184882,0.0,32.0,15.8,1.985593311015696,1.4096558303359936,0.019160303054377437,400000000.0
NoiseConvolutionJamming,30.0,4500,offset_+4,20,20,0,31.645828239402828,2.7487530090939045,1.2046941220114493,-4.8340258525820134,-4.834025852582013,1.0,4.0,12.75,1.1008530464503057,1.793722127718004,0.019841562607325613,400000000.0
NoiseConvolutionJamming,30.0,4500,offset_+8,20,20,0,30.723178341774947,2.7487530090939396,1.2046941220114646,-24.700386836751925,-24.70038683675192,1.0,8.0,13.95,1.8105508014154128,1.3581743260785106,0.018797945813275874,400000000.0
NoiseConvolutionJamming,30.0,4500,offset_-1,20,20,0,31.851634493932483,2.7487530090939267,1.204694122011459,-0.3035923747676373,-0.30359237476763723,1.0,1.0,13.35,0.273497657235224,1.7761505289286288,0.018727104179561138,400000000.0
NoiseConvolutionJamming,30.0,4500,offset_-16,20,20,0,21.00710116827426,2.7487530090939623,1.2046941220114746,-28.5297185319765,-28.529718531976496,0.0,16.0,20.8,1.9324133663293028,1.298350632869114,0.01903745869640261,400000000.0
NoiseConvolutionJamming,30.0,4500,offset_-2,20,20,0,31.847731056529028,2.7487530090939285,1.2046941220114598,-1.1886192315169701,-1.1886192315169701,1.0,2.0,12.8,0.527990011021237,1.6057022577815663,0.0188083533430472,400000000.0
NoiseConvolutionJamming,30.0,4500,offset_-32,20,20,0,0.7144157973907806,2.7487530090939383,1.204694122011464,-60.90086154434166,-60.90086154434164,0.0,32.0,19.95,2.04632802218547,1.4209607876364,0.019329041242599487,400000000.0
NoiseConvolutionJamming,30.0,4500,offset_-4,20,20,0,31.696833222125854,2.748753009093935,1.2046941220114626,-4.868838735280623,-4.868838735280624,1.0,4.0,13.95,0.9880719823339522,1.7948367812882602,0.020124902948737144,400000000.0
NoiseConvolutionJamming,30.0,4500,offset_-8,20,20,0,30.794435786745385,2.7487530090939534,1.2046941220114706,-24.770152693200416,-24.770152693200412,1.0,8.0,16.55,1.6331925812216976,1.3611162698384054,0.01916669716592878,400000000.0
NoiseConvolutionJamming,30.0,4500,random,20,20,13,-106.79429844636067,144.89050107013256,89.80406296211784,-89.16008305654647,-112.52392943237498,0.2,2625.5,35.7,1.1633449226984287,1.4065982582252399,0.0191313010873273,400000000.0
NoiseConvolutionJamming,30.0,4500,true,20,20,0,31.84885249770678,2.7487530090939263,1.2046941220114589,-8.685846209726872e-05,-8.685846209726874e-05,1.0,0.0,14.7,0.0,0.0,0.020568707259371877,400000000.0
NoiseConvolutionJamming,30.0,500,fixed_0,20,20,0,28.603760569582533,2.9306467294627825,1.2844125598027785,-8.685846209919741e-05,-8.685846209919741e-05,1.0,0.0,625.15,0.0,0.0,0.01929384598042816,400000000.0
NoiseConvolutionJamming,30.0,500,missing,20,20,0,28.603760569582533,2.9306467294627825,1.2844125598027785,-8.685846209919741e-05,-8.685846209919741e-05,1.0,0.0,625.15,0.0,0.0,0.019156245980411768,400000000.0
NoiseConvolutionJamming,30.0,500,offset_+1,20,20,0,28.606542565771395,2.9306467294627816,1.284412559802778,-0.3035923747676373,-0.30359237476763723,1.0,1.0,627.6,0.28439941479916975,1.7761505289286288,0.01918115303851664,400000000.0
NoiseConvolutionJamming,30.0,500,offset_+16,20,20,0,17.762008510523785,2.930646729462795,1.284412559802784,-28.529718531976492,-28.529718531976492,0.0,16.0,623.65,2.0134984357761128,1.298350632869114,0.019118800992146134,400000000.0
NoiseConvolutionJamming,30.0,500,offset_+2,20,20,0,28.602639127818133,2.930646729462776,1.2844125598027756,-1.1886192315169701,-1.1886192315169701,1.0,2.0,624.25,0.5673724503334753,1.6057022577815663,0.019079158664681017,400000000.0
NoiseConvolutionJamming,30.0,500,offset_+32,20,20,0,-2.5306777657992643,2.930646729462795,1.284412559802784,-60.90086154434166,-60.900861544341645,0.0,32.0,622.5,1.963988380649236,1.4209607876364,0.019183297990821302,400000000.0
NoiseConvolutionJamming,30.0,500,offset_+4,20,20,0,28.451741285007216,2.9306467294627634,1.28441255980277,-4.868838735280629,-4.868838735280628,1.0,4.0,624.45,1.1005894486705805,1.7948367812882602,0.019258350948803127,400000000.0
NoiseConvolutionJamming,30.0,500,offset_+8,20,20,0,27.549343743544227,2.9306467294627923,1.284412559802783,-24.77015269320042,-24.770152693200416,1.0,8.0,622.45,1.8058958996645522,1.3611162698384054,0.01915634493343532,400000000.0
NoiseConvolutionJamming,30.0,500,offset_-1,20,20,0,28.603760569582533,2.9306467294627825,1.2844125598027785,-8.685846209919741e-05,-8.685846209919741e-05,1.0,0.0,625.15,0.0,0.0,0.01908120757434517,400000000.0
NoiseConvolutionJamming,30.0,500,offset_-16,20,20,0,28.603760569582533,2.9306467294627825,1.2844125598027785,-8.685846209919741e-05,-8.685846209919741e-05,1.0,0.0,625.15,0.0,0.0,0.019987550331279635,400000000.0
NoiseConvolutionJamming,30.0,500,offset_-2,20,20,0,28.603760569582533,2.9306467294627825,1.2844125598027785,-8.685846209919741e-05,-8.685846209919741e-05,1.0,0.0,625.15,0.0,0.0,0.019079295452684164,400000000.0
NoiseConvolutionJamming,30.0,500,offset_-32,20,20,0,28.603760569582533,2.9306467294627825,1.2844125598027785,-8.685846209919741e-05,-8.685846209919741e-05,1.0,0.0,625.15,0.0,0.0,0.019602052634581923,400000000.0
NoiseConvolutionJamming,30.0,500,offset_-4,20,20,0,28.603760569582533,2.9306467294627825,1.2844125598027785,-8.685846209919741e-05,-8.685846209919741e-05,1.0,0.0,625.15,0.0,0.0,0.01913524465635419,400000000.0
NoiseConvolutionJamming,30.0,500,offset_-8,20,20,0,28.603760569582533,2.9306467294627825,1.2844125598027785,-8.685846209919741e-05,-8.685846209919741e-05,1.0,0.0,625.15,0.0,0.0,0.019383197650313377,400000000.0
NoiseConvolutionJamming,30.0,500,random,20,20,14,-217.4215592324805,146.08432346273986,67.48751428709426,-79.32189046112181,-105.61224113726247,0.2,1817.65,255.8,0.977508217292781,1.3346239807235416,0.01912284060381353,400000000.0
NoiseConvolutionJamming,30.0,500,true,20,20,0,28.603760569582533,2.9306467294627825,1.2844125598027785,-8.685846209919741e-05,-8.685846209919741e-05,1.0,0.0,625.15,0.0,0.0,0.02064369327854365,400000000.0
NoiseProductJamming,0.0,1250,fixed_0,20,20,0,-48.433612087392284,0.6616027291544028,0.28996018059177076,-100.74809690831708,-100.74809690831707,0.0,750.0,627.95,1.00010315667534,1.4162946809990093,0.017125101294368505,400000000.0
NoiseProductJamming,0.0,1250,missing,20,20,0,-48.433612087392284,0.6616027291544028,0.28996018059177076,-100.74809690831708,-100.74809690831707,0.0,750.0,627.95,1.00010315667534,1.4162946809990093,0.016937596956267953,400000000.0
NoiseProductJamming,0.0,1250,offset_+1,20,20,0,12.179620019874495,0.6616027292469924,0.28996018063234996,-0.3035923747676373,-0.30359237476763723,1.0,1.0,491.65,0.18894713688542733,1.7761505289286288,0.01673340448178351,400000000.0
NoiseProductJamming,0.0,1250,offset_+16,20,20,0,1.3638182651925428,0.6616027292466035,0.28996018063217954,-28.5297185319765,-28.529718531976496,0.0,16.0,489.45,0.9893179108960432,1.298350632869114,0.016924942610785365,400000000.0
NoiseProductJamming,0.0,1250,offset_+2,20,20,0,12.17575447390235,0.6616027292469919,0.2899601806323498,-1.188619231516971,-1.1886192315169712,1.0,2.0,490.7,0.36460723939654405,1.6057022577815663,0.0169791019288823,400000000.0
NoiseProductJamming,0.0,1250,offset_+32,20,20,0,-18.9173073459869,0.6616027292471212,0.2899601806324064,-60.90086154434167,-60.90086154434165,0.0,32.0,485.7,1.0055517097992652,1.4209607876364,0.01691875804681331,400000000.0
NoiseProductJamming,0.0,1250,offset_+4,20,20,0,12.026295878853109,0.6616027292469807,0.28996018063234485,-4.868838735280629,-4.868838735280628,1.0,4.0,492.55,0.6670572057766677,1.7948367812882602,0.016943755326792598,400000000.0
NoiseProductJamming,0.0,1250,offset_+8,20,20,0,11.13154388661781,0.661602729244534,0.2899601806312725,-24.77015269320042,-24.770152693200416,1.0,8.0,490.1,0.9825915849908112,1.3611162698384054,0.016852139378897846,400000000.0
NoiseProductJamming,0.0,1250,offset_-1,20,20,0,12.1796200198745,0.6616027292469931,0.2899601806323503,-0.3035923747676373,-0.30359237476763723,1.0,1.0,494.15,0.18891473099226755,1.7761505289286288,0.016835349379107356,400000000.0
NoiseProductJamming,0.0,1250,offset_-16,20,20,0,1.3638182651933701,0.6616027292469476,0.28996018063233037,-28.5297185319765,-28.529718531976496,0.0,16.0,497.35,0.990155312572235,1.298350632869114,0.01731665397528559,400000000.0
NoiseProductJamming,0.0,1250,offset_-2,20,20,0,12.175754473902362,0.6616027292469948,0.289960180632351,-1.188619231516971,-1.1886192315169712,1.0,2.0,491.9,0.3646777256203496,1.6057022577815663,0.01690419449005276,400000000.0
NoiseProductJamming,0.0,1250,offset_-32,20,20,0,-18.917307345987233,0.6616027292471366,0.2899601806324132,-60.90086154434166,-60.90086154434164,0.0,32.0,497.4,1.0041357232974808,1.4209607876364,0.017218742868863046,400000000.0
NoiseProductJamming,0.0,1250,offset_-4,20,20,0,12.026295878853158,0.6616027292469943,0.2899601806323508,-4.868838735280629,-4.868838735280628,1.0,4.0,492.0,0.6674979147326883,1.7948367812882602,0.016893696738407016,400000000.0
NoiseProductJamming,0.0,1250,offset_-8,20,20,0,11.13154388662266,0.66160272924696,0.28996018063233575,-24.77015269320042,-24.770152693200416,1.0,8.0,492.3,0.9851106069247321,1.3611162698384054,0.016860305913724005,400000000.0
NoiseProductJamming,0.0,1250,random,20,20,11,-203.60610997477113,145.62616586416107,63.82348121028502,-104.1076089918767,-126.6771315657612,0.1,1397.65,277.25,1.0008890225408584,1.407624122522626,0.017243798356503248,400000000.0
NoiseProductJamming,0.0,1250,true,20,20,0,12.176865032457627,0.661602729246994,0.2899601806323507,-8.685846209919741e-05,-8.685846209919741e-05,1.0,0.0,491.05,0.0,0.0,0.018891695071943104,400000000.0
NoiseProductJamming,0.0,2500,fixed_0,20,20,20,nan,0.0,0.0,nan,nan,0.0,2500.0,0.0,0.9999999999999678,1.4142135623730503,0.01706039474811405,400000000.0
NoiseProductJamming,0.0,2500,missing,20,20,20,nan,0.0,0.0,nan,nan,0.0,2500.0,0.0,0.9999999999999678,1.4142135623730503,0.017002198728732765,400000000.0
NoiseProductJamming,0.0,2500,offset_+1,20,20,0,12.136354474816116,0.6665404926632948,0.2921242508648601,-0.3035923747676373,-0.30359237476763723,1.0,1.0,273.2,0.18894713688542733,1.7761505289286288,0.016820753808133304,400000000.0
NoiseProductJamming,0.0,2500,offset_+16,20,20,0,1.3205527201341638,0.666540492662902,0.29212425086468796,-28.529718531976492,-28.529718531976492,0.0,16.0,271.1,0.9893179108960432,1.298350632869114,0.016889654216356575,400000000.0
NoiseProductJamming,0.0,2500,offset_+2,20,20,0,12.132488928843973,0.6665404926632945,0.29212425086485994,-1.188619231516971,-1.1886192315169712,1.0,2.0,271.55,0.36460723939654405,1.6057022577815663,0.0171229534316808,400000000.0
NoiseProductJamming,0.0,2500,offset_+32,20,20,0,-18.960572891045278,0.666540492663424,0.29212425086491667,-60.90086154434167,-60.90086154434165,0.0,32.0,267.65,1.0055517097992652,1.4209607876364,0.017610349459573627,400000000.0
NoiseProductJamming,0.0,2500,offset_+4,20,20,0,11.983030333794732,0.6665404926632832,0.292124250864855,-4.868838735280628,-4.868838735280626,1.0,4.0,271.25,0.6670572057766677,1.7948367812882602,0.01685414754319936,400000000.0
NoiseProductJamming,0.0,2500,offset_+8,20,20,0,11.08827834155943,0.6665404926608655,0.29212425086379534,-24.77015269320042,-24.770152693200416,1.0,8.0,272.75,0.9825915849908112,1.3611162698384054,0.016822951147332788,400000000.0
NoiseProductJamming,0.0,2500,offset_-1,20,20,0,12.136354474816121,0.6665404926632955,0.2921242508648604,-0.3035923747676373,-0.30359237476763723,1.0,1.0,274.2,0.18891473099226755,1.7761505289286288,0.016770849470049143,400000000.0
NoiseProductJamming,0.0,2500,offset_-16,20,20,0,1.320552720134991,0.6665404926632469,0.29212425086483906,-28.5297185319765,-28.529718531976496,0.0,16.0,276.6,0.990155312572235,1.298350632869114,0.016989692812785506,400000000.0
NoiseProductJamming,0.0,2500,offset_-2,20,20,0,12.132488928843982,0.6665404926632971,0.29212425086486105,-1.188619231516971,-1.1886192315169712,1.0,2.0,273.8,0.3646777256203496,1.6057022577815663,0.01691675279289484,400000000.0
NoiseProductJamming,0.0,2500,offset_-32,20,20,0,-18.96057289104561,0.6665404926634414,0.29212425086492433,-60.90086154434166,-60.90086154434164,0.0,32.0,278.9,1.0041357232974808,1.4209607876364,0.017216798732988536,400000000.0
NoiseProductJamming,0.0,2500,offset_-4,20,20,0,11.983030333794778,0.6665404926632965,0.2921242508648608,-4.868838735280629,-4.868838735280628,1.0,4.0,273.0,0.6674979147326883,1.7948367812882602,0.01681254361756146,400000000.0
NoiseProductJamming,0.0,2500,offset_-8,20,20,0,11.088278341564282,0.6665404926632632,0.2921242508648462,-24.770152693200416,-24.770152693200412,1.0,8.0,273.45,0.9851106069247321,1.3611162698384054,0.01694584498181939,400000000.0
NoiseProductJamming,0.0,2500,random,20,20,14,-224.07278725058512,146.7201374922307,71.89286737119303,-100.81109946924312,-112.95789962239262,0.2,1458.7,177.8,1.0006312382290325,1.4033412024859502,0.017187505727633834,400000000.0
NoiseProductJamming,0.0,2500,true,20,20,0,12.133599487399248,0.6665404926632968,0.292124250864861,-8.685846209726872e-05,-8.685846209726874e-05,1.0,0.0,274.4,0.0,0.0,0.01900005736388266,400000000.0
NoiseProductJamming,0.0,3750,fixed_0,20,20,20,nan,0.0,0.0,nan,nan,0.0,3750.0,0.0,0.9999999999999678,1.4142135623730503,0.017008345457725227,400000000.0
NoiseProductJamming,0.0,3750,missing,20,20,20,nan,0.0,0.0,nan,nan,0.0,3750.0,0.0,0.9999999999999678,1.4142135623730503,0.016945795505307615,400000000.0
NoiseProductJamming,0.0,3750,offset_+1,20,20,0,12.069010247384714,0.6716941922926636,0.29438295931540936,-0.3035923747676373,-0.30359237476763723,1.0,1.0,55.45,0.18894713688542733,1.7761505289286288,0.017893704352900386,400000000.0
NoiseProductJamming,0.0,3750,offset_+16,20,20,0,1.253208492702762,0.6716941922922719,0.2943829593152377,-28.529718531976492,-28.529718531976492,0.0,16.0,53.9,0.9893179108960432,1.298350632869114,0.01691465440671891,400000000.0
NoiseProductJamming,0.0,3750,offset_+2,20,20,0,12.065144701412567,0.6716941922926631,0.29438295931540914,-1.188619231516971,-1.1886192315169712,1.0,2.0,54.3,0.36460723939654405,1.6057022577815663,0.016872849664650857,400000000.0
NoiseProductJamming,0.0,3750,offset_+32,20,20,0,-19.027917118476683,0.6716941922927914,0.2943829593154653,-60.90086154434167,-60.90086154434165,0.0,32.0,46.45,1.0055517097992652,1.4209607876364,0.01695210812613368,400000000.0
NoiseProductJamming,0.0,3750,offset_+4,20,20,0,11.915686106363328,0.6716941922926521,0.2943829593154043,-4.868838735280629,-4.868838735280628,1.0,4.0,55.25,0.6670572057766677,1.7948367812882602,0.016854156274348497,400000000.0
NoiseProductJamming,0.0,3750,offset_+8,20,20,0,11.020934114128028,0.6716941922902263,0.29438295931434116,-24.770152693200423,-24.77015269320042,1.0,8.0,53.75,0.9825915849908112,1.3611162698384054,0.01702715817373246,400000000.0
NoiseProductJamming,0.0,3750,offset_-1,20,20,0,12.06901024738472,0.6716941922926647,0.29438295931540986,-0.30359237476763823,-0.30359237476763823,1.0,1.0,54.95,0.18891473099226755,1.7761505289286288,0.016712650540284812,400000000.0
NoiseProductJamming,0.0,3750,offset_-16,20,20,0,1.2532084927035905,0.6716941922926173,0.2943829593153891,-28.5297185319765,-28.529718531976496,0.0,16.0,55.8,0.990155312572235,1.298350632869114,0.017135401139967144,400000000.0
NoiseProductJamming,0.0,3750,offset_-2,20,20,0,12.065144701412581,0.671694192292666,0.2943829593154104,-1.188619231516971,-1.1886192315169712,1.0,2.0,53.1,0.3646777256203496,1.6057022577815663,0.016906243399716914,400000000.0
NoiseProductJamming,0.0,3750,offset_-32,20,20,0,-19.027917118477014,0.6716941922928128,0.29438295931547476,-60.90086154434166,-60.90086154434164,0.0,32.0,60.2,1.0041357232974808,1.4209607876364,0.017193894018419087,400000000.0
NoiseProductJamming,0.0,3750,offset_-4,20,20,0,11.915686106363378,0.6716941922926656,0.29438295931541025,-4.868838735280628,-4.868838735280626,1.0,4.0,56.0,0.6674979147326883,1.7948367812882602,0.017135398229584098,400000000.0
NoiseProductJamming,0.0,3750,offset_-8,20,20,0,11.020934114132878,0.6716941922926336,0.2943829593153962,-24.77015269320042,-24.770152693200416,1.0,8.0,56.05,0.9851106069247321,1.3611162698384054,0.016960504581220448,400000000.0
NoiseProductJamming,0.0,3750,random,20,20,12,-178.10684189288946,150.44578214409276,76.13607047682613,-89.77558969896556,-137.90359686079853,0.25,1532.0,90.55,1.0015562502136768,1.3905057385755513,0.01710605574771762,400000000.0
NoiseProductJamming,0.0,3750,true,20,20,0,12.066255259967848,0.6716941922926657,0.2943829593154103,-8.685846209919741e-05,-8.685846209919741e-05,1.0,0.0,54.7,0.0,0.0,0.018810303299687803,400000000.0
NoiseProductJamming,0.0,4500,fixed_0,20,20,20,nan,0.0,0.0,nan,nan,0.0,4500.0,0.0,0.9999999999999678,1.4142135623730503,0.017091698828153312,400000000.0
NoiseProductJamming,0.0,4500,missing,20,20,20,nan,0.0,0.0,nan,nan,0.0,4500.0,0.0,0.9999999999999678,1.4142135623730503,0.01690614444669336,400000000.0
NoiseProductJamming,0.0,4500,offset_+1,20,20,0,12.059275322033285,0.6755739240975108,0.2960833267492302,-0.29490222623225715,-0.2949022262322571,1.0,1.0,13.65,0.1863807228136242,1.775868998944868,0.01682499423623085,400000000.0
NoiseProductJamming,0.0,4500,offset_+16,20,20,0,1.234145590588228,0.6755739240971548,0.29608332674907417,-28.389621912928863,-28.389621912928863,0.0,16.0,16.1,0.9891400047331963,1.292174278443752,0.016831199172884226,400000000.0
NoiseProductJamming,0.0,4500,offset_+2,20,20,0,12.044320417854944,0.6755739240975105,0.29608332674923005,-1.1712302313285752,-1.1712302313285752,1.0,2.0,14.45,0.3622500332772836,1.6050793564945063,0.01692684891168028,400000000.0
NoiseProductJamming,0.0,4500,offset_+32,20,20,0,-19.036538162991256,0.6755739240976248,0.2960833267492802,-60.61837156184881,-60.61837156184882,0.0,32.0,16.35,1.0057349624208012,1.4096558303359936,0.016964643145911396,400000000.0
NoiseProductJamming,0.0,4500,offset_+4,20,20,0,11.861913775541954,0.6755739240975025,0.29608332674922655,-4.8340258525820134,-4.834025852582013,1.0,4.0,13.45,0.6653944150184905,1.793722127718004,0.016818646690808237,400000000.0
NoiseProductJamming,0.0,4500,offset_+8,20,20,0,10.939263877909303,0.675573924095333,0.2960833267482757,-24.700386836751925,-24.70038683675192,1.0,8.0,14.55,0.9824296582000311,1.3581743260785106,0.016910405247472227,400000000.0
NoiseProductJamming,0.0,4500,offset_-1,20,20,0,12.067720030071678,0.6755739240975145,0.29608332674923177,-0.3035923747676373,-0.30359237476763723,1.0,1.0,12.45,0.18891473099226755,1.7761505289286288,0.016749900532886386,400000000.0
NoiseProductJamming,0.0,4500,offset_-16,20,20,0,1.223186704412882,0.6755739240974684,0.2960833267492116,-28.5297185319765,-28.529718531976496,0.0,16.0,18.85,0.990155312572235,1.298350632869114,0.01709380012471229,400000000.0
NoiseProductJamming,0.0,4500,offset_-2,20,20,0,12.063816592668214,0.6755739240975147,0.2960833267492319,-1.1886192315169701,-1.1886192315169701,1.0,2.0,12.75,0.3646777256203496,1.6057022577815663,0.01711649529170245,400000000.0
NoiseProductJamming,0.0,4500,offset_-32,20,20,0,-19.069498666470704,0.6755739240976639,0.29608332674929727,-60.90086154434166,-60.90086154434164,0.0,32.0,19.4,1.0041357232974808,1.4209607876364,0.017329296679235995,400000000.0
NoiseProductJamming,0.0,4500,offset_-4,20,20,0,11.912918758265032,0.6755739240975129,0.29608332674923116,-4.868838735280623,-4.868838735280624,1.0,4.0,14.2,0.6674979147326883,1.7948367812882602,0.017108293832279742,400000000.0
NoiseProductJamming,0.0,4500,offset_-8,20,20,0,11.010521322884305,0.6755739240974834,0.29608332674921817,-24.770152693200416,-24.770152693200412,1.0,8.0,17.25,0.9851106069247321,1.3611162698384054,0.0170209095813334,400000000.0
NoiseProductJamming,0.0,4500,random,20,20,13,-127.32020940675542,144.7771193589457,89.73378824945569,-89.16008305654647,-112.52392943237498,0.2,2625.5,34.6,0.9992328268329225,1.4065982582252399,0.017033342737704515,400000000.0
NoiseProductJamming,0.0,4500,true,20,20,0,12.06493803384598,0.6755739240975142,0.29608332674923166,-8.685846209726872e-05,-8.685846209726874e-05,1.0,0.0,12.6,0.0,0.0,0.01883335644379258,400000000.0
NoiseProductJamming,0.0,500,fixed_0,20,20,0,11.980795754798187,0.6464971898378945,0.28333988609306315,-8.685846209919741e-05,-8.685846209919741e-05,1.0,0.0,627.75,0.0,0.0,0.01695420069154352,400000000.0
NoiseProductJamming,0.0,500,missing,20,20,0,11.980795754798187,0.6464971898378945,0.28333988609306315,-8.685846209919741e-05,-8.685846209919741e-05,1.0,0.0,627.75,0.0,0.0,0.01712095399852842,400000000.0
NoiseProductJamming,0.0,500,offset_+1,20,20,0,11.983577750987035,0.646497189837892,0.28333988609306204,-0.3035923747676373,-0.30359237476763723,1.0,1.0,623.85,0.18894713688542733,1.7761505289286288,0.01671034551691264,400000000.0
NoiseProductJamming,0.0,500,offset_+16,20,20,0,1.1390436957380259,0.6464971898374554,0.2833398860928707,-28.529718531976492,-28.529718531976492,0.0,16.0,626.85,0.9893179108960432,1.298350632869114,0.017018849030137062,400000000.0
NoiseProductJamming,0.0,500,offset_+2,20,20,0,11.979674313033772,0.6464971898378928,0.2833398860930625,-1.1886192315169701,-1.1886192315169701,1.0,2.0,623.55,0.36460723939654405,1.6057022577815663,0.016831239918246865,400000000.0
NoiseProductJamming,0.0,500,offset_+32,20,20,0,-19.153642580583956,0.6464971898380181,0.28333988609311733,-60.90086154434166,-60.900861544341645,0.0,32.0,618.9,1.0055517097992652,1.4209607876364,0.016820861492305994,400000000.0
NoiseProductJamming,0.0,500,offset_+4,20,20,0,11.82877647022281,0.646497189837882,0.2833398860930577,-4.868838735280629,-4.868838735280628,1.0,4.0,623.3,0.6670572057766677,1.7948367812882602,0.016777112614363432,400000000.0
NoiseProductJamming,0.0,500,offset_+8,20,20,0,10.926378928754708,0.6464971898354905,0.28333988609200955,-24.77015269320042,-24.770152693200416,1.0,8.0,623.55,0.9825915849908112,1.3611162698384054,0.016766751650720835,400000000.0
NoiseProductJamming,0.0,500,offset_-1,20,20,0,11.980795754798187,0.6464971898378945,0.28333988609306315,-8.685846209919741e-05,-8.685846209919741e-05,1.0,0.0,627.75,0.0,0.0,0.016681291162967682,400000000.0
NoiseProductJamming,0.0,500,offset_-16,20,20,0,11.980795754798187,0.6464971898378945,0.28333988609306315,-8.685846209919741e-05,-8.685846209919741e-05,1.0,0.0,627.75,0.0,0.0,0.017072950140573084,400000000.0
NoiseProductJamming,0.0,500,offset_-2,20,20,0,11.980795754798187,0.6464971898378945,0.28333988609306315,-8.685846209919741e-05,-8.685846209919741e-05,1.0,0.0,627.75,0.0,0.0,0.0168751081218943,400000000.0
NoiseProductJamming,0.0,500,offset_-32,20,20,0,11.980795754798187,0.6464971898378945,0.28333988609306315,-8.685846209919741e-05,-8.685846209919741e-05,1.0,0.0,627.75,0.0,0.0,0.017424995894543827,400000000.0
NoiseProductJamming,0.0,500,offset_-4,20,20,0,11.980795754798187,0.6464971898378945,0.28333988609306315,-8.685846209919741e-05,-8.685846209919741e-05,1.0,0.0,627.75,0.0,0.0,0.016864552162587643,400000000.0
NoiseProductJamming,0.0,500,offset_-8,20,20,0,11.980795754798187,0.6464971898378945,0.28333988609306315,-8.685846209919741e-05,-8.685846209919741e-05,1.0,0.0,627.75,0.0,0.0,0.016874950961209834,400000000.0
NoiseProductJamming,0.0,500,random,20,20,14,-234.11873793394625,145.19282597305119,67.07566345911943,-79.32189046112181,-105.61224113726247,0.2,1817.65,254.2,0.9501445873337439,1.3346239807235416,0.016983505338430405,400000000.0
NoiseProductJamming,0.0,500,true,20,20,0,11.980795754798187,0.6464971898378945,0.28333988609306315,-8.685846209919741e-05,-8.685846209919741e-05,1.0,0.0,627.75,0.0,0.0,0.019218699890188873,400000000.0
NoiseProductJamming,10.0,1250,fixed_0,20,20,0,-39.32785542447483,1.562247703614576,0.6846852443431267,-100.74809690831708,-100.74809690831707,0.0,750.0,623.8,1.0005798883686465,1.4162946809990093,0.02068139147013426,400000000.0
NoiseProductJamming,10.0,1250,missing,20,20,0,-39.32785542447483,1.562247703614576,0.6846852443431267,-100.74809690831708,-100.74809690831707,0.0,750.0,623.8,1.0005798883686465,1.4162946809990093,0.020410495926626027,400000000.0
NoiseProductJamming,10.0,1250,offset_+1,20,20,0,21.285376682729797,1.5622477036268834,0.6846852443485205,-0.3035923747676373,-0.30359237476763723,1.0,1.0,490.7,0.19597332838167744,1.7761505289286288,0.02049585455097258,400000000.0
NoiseProductJamming,10.0,1250,offset_+16,20,20,0,10.469574928048972,1.562247703626914,0.684685244348534,-28.5297185319765,-28.529718531976496,0.0,16.0,487.55,1.0524192158904544,1.298350632869114,0.02052304334938526,400000000.0
NoiseProductJamming,10.0,1250,offset_+2,20,20,0,21.28151113675765,1.5622477036268787,0.6846852443485184,-1.188619231516971,-1.1886192315169712,1.0,2.0,491.75,0.37871056263225217,1.6057022577815663,0.02056234225165099,400000000.0
NoiseProductJamming,10.0,1250,offset_+32,20,20,0,-9.811550683131554,1.5622477036272049,0.6846852443486614,-60.90086154434167,-60.90086154434165,0.0,32.0,487.05,1.050218408978345,1.4209607876364,0.020522851264104247,400000000.0
NoiseProductJamming,10.0,1250,offset_+4,20,20,0,21.132052541708397,1.5622477036268485,0.6846852443485052,-4.868838735280629,-4.868838735280628,1.0,4.0,490.45,0.694517247945683,1.7948367812882602,0.020560499979183078,400000000.0
NoiseProductJamming,10.0,1250,offset_+8,20,20,0,20.23730054947738,1.5622477036267084,0.6846852443484439,-24.77015269320042,-24.770152693200416,1.0,8.0,490.35,1.0286236950711618,1.3611162698384054,0.020472804317250848,400000000.0
NoiseProductJamming,10.0,1250,offset_-1,20,20,0,21.285376682729797,1.5622477036268856,0.6846852443485215,-0.3035923747676373,-0.30359237476763723,1.0,1.0,491.2,0.19579837478837792,1.7761505289286288,0.020479157683439553,400000000.0
NoiseProductJamming,10.0,1250,offset_-16,20,20,0,10.469574928048868,1.562247703627187,0.6846852443486536,-28.5297185319765,-28.529718531976496,0.0,16.0,494.85,1.0632483897384009,1.298350632869114,0.02069994807243347,400000000.0
NoiseProductJamming,10.0,1250,offset_-2,20,20,0,21.28151113675766,1.5622477036268858,0.6846852443485216,-1.188619231516971,-1.1886192315169712,1.0,2.0,493.65,0.37847740474097097,1.6057022577815663,0.020937700173817575,400000000.0
NoiseProductJamming,10.0,1250,offset_-32,20,20,0,-9.8115506831313,1.5622477036269042,0.6846852443485296,-60.90086154434166,-60.90086154434164,0.0,32.0,498.45,1.0385032513863097,1.4209607876364,0.020791555289179087,400000000.0
NoiseProductJamming,10.0,1250,offset_-4,20,20,0,21.132052541708443,1.5622477036268767,0.6846852443485176,-4.868838735280629,-4.868838735280628,1.0,4.0,493.15,0.6944131204727269,1.7948367812882602,0.020608300110325217,400000000.0
NoiseProductJamming,10.0,1250,offset_-8,20,20,0,20.237300549477904,1.5622477036268632,0.6846852443485116,-24.77015269320042,-24.770152693200416,1.0,8.0,492.55,1.0354573163327205,1.3611162698384054,0.020593692897818983,400000000.0
NoiseProductJamming,10.0,1250,random,20,20,11,-194.50035331191572,145.7758788598008,63.88909582361666,-104.1076089918767,-126.6771315657612,0.1,1397.65,276.55,1.0090427420507297,1.407624122522626,0.020668742945417762,400000000.0
NoiseProductJamming,10.0,1250,true,20,20,0,21.282621695312926,1.562247703626886,0.6846852443485217,-8.685846209919741e-05,-8.685846209919741e-05,1.0,0.0,491.9,0.0,0.0,0.02322290383744985,400000000.0
NoiseProductJamming,10.0,2500,fixed_0,20,20,20,nan,0.0,0.0,nan,nan,0.0,2500.0,0.0,0.9999999999999682,1.4142135623730503,0.02059589314740151,400000000.0
NoiseProductJamming,10.0,2500,missing,20,20,20,nan,0.0,0.0,nan,nan,0.0,2500.0,0.0,0.9999999999999682,1.4142135623730503,0.02025629801210016,400000000.0
NoiseProductJamming,10.0,2500,offset_+1,20,20,0,21.280530718220255,1.5626598917409238,0.6848658937544528,-0.3035923747676373,-0.30359237476763723,1.0,1.0,268.7,0.19597332838167744,1.7761505289286288,0.020293748821131885,400000000.0
NoiseProductJamming,10.0,2500,offset_+16,20,20,0,10.464728963539436,1.5626598917409538,0.6848658937544659,-28.529718531976492,-28.529718531976492,0.0,16.0,269.8,1.0524192158904544,1.298350632869114,0.02036465157289058,400000000.0
NoiseProductJamming,10.0,2500,offset_+2,20,20,0,21.27666517224811,1.5626598917409176,0.6848658937544502,-1.188619231516971,-1.1886192315169712,1.0,2.0,272.7,0.37871056263225217,1.6057022577815663,0.020395952742546797,400000000.0
NoiseProductJamming,10.0,2500,offset_+32,20,20,0,-9.816396647641088,1.562659891741245,0.6848658937545936,-60.90086154434167,-60.90086154434165,0.0,32.0,267.7,1.050218408978345,1.4209607876364,0.020368705736473203,400000000.0
NoiseProductJamming,10.0,2500,offset_+4,20,20,0,21.12720657719886,1.5626598917408885,0.6848658937544373,-4.868838735280628,-4.868838735280626,1.0,4.0,272.35,0.694517247945683,1.7948367812882602,0.020349991973489523,400000000.0
NoiseProductJamming,10.0,2500,offset_+8,20,20,0,20.23245458496784,1.5626598917407484,0.684865893754376,-24.77015269320042,-24.770152693200416,1.0,8.0,273.75,1.0286236950711618,1.3611162698384054,0.020539501565508544,400000000.0
NoiseProductJamming,10.0,2500,offset_-1,20,20,0,21.280530718220263,1.5626598917409267,0.6848658937544542,-0.3035923747676373,-0.30359237476763723,1.0,1.0,272.8,0.19579837478837792,1.7761505289286288,0.02036860096268356,400000000.0
NoiseProductJamming,10.0,2500,offset_-16,20,20,0,10.464728963539331,1.5626598917412264,0.6848658937545855,-28.5297185319765,-28.529718531976496,0.0,16.0,276.15,1.0632483897384009,1.298350632869114,0.020493805641308427,400000000.0
NoiseProductJamming,10.0,2500,offset_-2,20,20,0,21.276665172248123,1.5626598917409265,0.6848658937544541,-1.188619231516971,-1.1886192315169712,1.0,2.0,271.75,0.37847740474097097,1.6057022577815663,0.020508302259258926,400000000.0
NoiseProductJamming,10.0,2500,offset_-32,20,20,0,-9.816396647640836,1.5626598917409442,0.6848658937544618,-60.90086154434166,-60.90086154434164,0.0,32.0,281.0,1.0385032513863097,1.4209607876364,0.020725000649690628,400000000.0
NoiseProductJamming,10.0,2500,offset_-4,20,20,0,21.127206577198905,1.5626598917409167,0.6848658937544497,-4.868838735280629,-4.868838735280628,1.0,4.0,273.1,0.6944131204727269,1.7948367812882602,0.02033539640251547,400000000.0
NoiseProductJamming,10.0,2500,offset_-8,20,20,0,20.23245458496837,1.562659891740903,0.6848658937544437,-24.770152693200416,-24.770152693200412,1.0,8.0,275.3,1.0354573163327205,1.3611162698384054,0.02039989922195673,400000000.0
NoiseProductJamming,10.0,2500,random,20,20,14,-214.90326568842545,146.72209408324318,71.89382610078916,-100.81109946924312,-112.95789962239262,0.2,1458.7,176.75,1.0046228252007512,1.4033412024859502,0.020479244994930923,400000000.0
NoiseProductJamming,10.0,2500,true,20,20,0,21.27777573080339,1.562659891740927,0.6848658937544543,-8.685846209726872e-05,-8.685846209726874e-05,1.0,0.0,273.05,0.0,0.0,0.022933489526621997,400000000.0
NoiseProductJamming,10.0,3750,fixed_0,20,20,20,nan,0.0,0.0,nan,nan,0.0,3750.0,0.0,0.9999999999999682,1.4142135623730503,0.02085430605802685,400000000.0
NoiseProductJamming,10.0,3750,missing,20,20,20,nan,0.0,0.0,nan,nan,0.0,3750.0,0.0,0.9999999999999682,1.4142135623730503,0.0203374947886914,400000000.0
NoiseProductJamming,10.0,3750,offset_+1,20,20,0,21.273080400815864,1.5627982590307823,0.6849265358929861,-0.3035923747676373,-0.30359237476763723,1.0,1.0,53.0,0.19597332838167744,1.7761505289286288,0.02022705157287419,400000000.0
NoiseProductJamming,10.0,3750,offset_+16,20,20,0,10.457278646135046,1.5627982590308123,0.6849265358929992,-28.529718531976492,-28.529718531976492,0.0,16.0,51.35,1.0524192158904544,1.298350632869114,0.0203334930120036,400000000.0
NoiseProductJamming,10.0,3750,offset_+2,20,20,0,21.269214854843717,1.562798259030776,0.6849265358929835,-1.188619231516971,-1.1886192315169712,1.0,2.0,53.95,0.37871056263225217,1.6057022577815663,0.02045835426542908,400000000.0
NoiseProductJamming,10.0,3750,offset_+32,20,20,0,-9.82384696504548,1.5627982590311038,0.684926535893127,-60.90086154434167,-60.90086154434165,0.0,32.0,46.2,1.050218408978345,1.4209607876364,0.0206645461730659,400000000.0
NoiseProductJamming,10.0,3750,offset_+4,20,20,0,21.119756259794467,1.5627982590307468,0.6849265358929705,-4.868838735280629,-4.868838735280628,1.0,4.0,53.85,0.694517247945683,1.7948367812882602,0.020227101049385965,400000000.0
NoiseProductJamming,10.0,3750,offset_+8,20,20,0,20.225004267563452,1.562798259030607,0.6849265358929093,-24.770152693200423,-24.77015269320042,1.0,8.0,52.4,1.0286236950711618,1.3611162698384054,0.020231149392202497,400000000.0
NoiseProductJamming,10.0,3750,offset_-1,20,20,0,21.273080400815875,1.5627982590307863,0.6849265358929879,-0.30359237476763823,-0.30359237476763823,1.0,1.0,54.2,0.19579837478837792,1.7761505289286288,0.02017084916587919,400000000.0
NoiseProductJamming,10.0,3750,offset_-16,20,20,0,10.457278646134943,1.562798259031086,0.6849265358931192,-28.5297185319765,-28.529718531976496,0.0,16.0,56.65,1.0632483897384009,1.298350632869114,0.020472847972996533,400000000.0
NoiseProductJamming,10.0,3750,offset_-2,20,20,0,21.269214854843735,1.5627982590307863,0.6849265358929879,-1.188619231516971,-1.1886192315169712,1.0,2.0,54.6,0.37847740474097097,1.6057022577815663,0.020358405890874565,400000000.0
NoiseProductJamming,10.0,3750,offset_-32,20,20,0,-9.823846965045224,1.5627982590308036,0.6849265358929955,-60.90086154434166,-60.90086154434164,0.0,32.0,58.25,1.0385032513863097,1.4209607876364,0.020833444432355464,400000000.0
NoiseProductJamming,10.0,3750,offset_-4,20,20,0,21.11975625979452,1.5627982590307754,0.6849265358929831,-4.868838735280628,-4.868838735280626,1.0,4.0,54.45,0.6944131204727269,1.7948367812882602,0.02020415267907083,400000000.0
NoiseProductJamming,10.0,3750,offset_-8,20,20,0,20.22500426756398,1.5627982590307627,0.6849265358929776,-24.77015269320042,-24.770152693200416,1.0,8.0,56.4,1.0354573163327205,1.3611162698384054,0.02038544917013496,400000000.0
NoiseProductJamming,10.0,3750,random,20,20,12,-168.76177192419087,150.41907366348656,76.122554120749,-89.77558969896556,-137.90359686079853,0.25,1532.0,90.25,1.0158134379146255,1.3905057385755513,0.020493732881732285,400000000.0
NoiseProductJamming,10.0,3750,true,20,20,0,21.270325413398997,1.5627982590307865,0.684926535892988,-8.685846209919741e-05,-8.685846209919741e-05,1.0,0.0,54.6,0.0,0.0,0.02273124409839511,400000000.0
NoiseProductJamming,10.0,4500,fixed_0,20,20,20,nan,0.0,0.0,nan,nan,0.0,4500.0,0.0,0.9999999999999682,1.4142135623730503,0.020501998369581997,400000000.0
NoiseProductJamming,10.0,4500,missing,20,20,20,nan,0.0,0.0,nan,nan,0.0,4500.0,0.0,0.9999999999999682,1.4142135623730503,0.02029784955084324,400000000.0
NoiseProductJamming,10.0,4500,offset_+1,20,20,0,21.30230256860852,1.5628480745780569,0.6849483685191944,-0.29490222623225715,-0.2949022262322571,1.0,1.0,13.8,0.1934925117662663,1.775868998944868,0.020241597667336464,400000000.0
NoiseProductJamming,10.0,4500,offset_+16,20,20,0,10.477172837164535,1.5628480745780888,0.6849483685192084,-28.389621912928863,-28.389621912928863,0.0,16.0,16.85,1.0532420708601102,1.292174278443752,0.0203458039322868,400000000.0
NoiseProductJamming,10.0,4500,offset_+2,20,20,0,21.287347664430172,1.5628480745780504,0.6849483685191916,-1.1712302313285752,-1.1712302313285752,1.0,2.0,13.95,0.3764649265699519,1.6050793564945063,0.02020845131482929,400000000.0
NoiseProductJamming,10.0,4500,offset_+32,20,20,0,-9.793510916416023,1.5628480745784181,0.6849483685193527,-60.61837156184881,-60.61837156184882,0.0,32.0,16.5,1.0517962254555024,1.4096558303359936,0.020495793432928622,400000000.0
NoiseProductJamming,10.0,4500,offset_+4,20,20,0,21.104941022117178,1.5628480745780229,0.6849483685191795,-4.8340258525820134,-4.834025852582013,1.0,4.0,13.9,0.6930213264709721,1.793722127718004,0.020297951414249837,400000000.0
NoiseProductJamming,10.0,4500,offset_+8,20,20,0,20.182291124488515,1.5628480745778701,0.6849483685191126,-24.700386836751925,-24.70038683675192,1.0,8.0,13.35,1.0288335802376822,1.3581743260785106,0.02042479463852942,400000000.0
NoiseProductJamming,10.0,4500,offset_-1,20,20,0,21.310747276646907,1.562848074578063,0.6849483685191972,-0.3035923747676373,-0.30359237476763723,1.0,1.0,14.7,0.19579837478837792,1.7761505289286288,0.020287439110688865,400000000.0
NoiseProductJamming,10.0,4500,offset_-16,20,20,0,10.466213950988314,1.5628480745783617,0.684948368519328,-28.5297185319765,-28.529718531976496,0.0,16.0,20.05,1.0632483897384009,1.298350632869114,0.020512452465482056,400000000.0
NoiseProductJamming,10.0,4500,offset_-2,20,20,0,21.30684383924345,1.5628480745780609,0.6849483685191962,-1.1886192315169701,-1.1886192315169701,1.0,2.0,13.75,0.37847740474097097,1.6057022577815663,0.020512405899353325,400000000.0
NoiseProductJamming,10.0,4500,offset_-32,20,20,0,-9.826471419894839,1.5628480745780777,0.6849483685192035,-60.90086154434166,-60.90086154434164,0.0,32.0,17.1,1.0385032513863097,1.4209607876364,0.02078964316751808,400000000.0
NoiseProductJamming,10.0,4500,offset_-4,20,20,0,21.155946004840256,1.5628480745780509,0.6849483685191918,-4.868838735280623,-4.868838735280624,1.0,4.0,14.25,0.6944131204727269,1.7948367812882602,0.02045205037575215,400000000.0
NoiseProductJamming,10.0,4500,offset_-8,20,20,0,20.253548569459483,1.5628480745780362,0.6849483685191853,-24.770152693200416,-24.770152693200412,1.0,8.0,17.6,1.0354573163327205,1.3611162698384054,0.020608154591172934,400000000.0
NoiseProductJamming,10.0,4500,random,20,20,13,-118.32635683776148,144.70485703587815,89.68899959759364,-89.16008305654647,-112.52392943237498,0.2,2625.5,35.55,1.0061354302589955,1.4065982582252399,0.0204291456611827,400000000.0
NoiseProductJamming,10.0,4500,true,20,20,0,21.307965280421207,1.5628480745780602,0.6849483685191958,-8.685846209726872e-05,-8.685846209726874e-05,1.0,0.0,14.5,0.0,0.0,0.022381360759027302,400000000.0
NoiseProductJamming,10.0,500,fixed_0,20,20,0,21.104220973173035,1.5441816597898437,0.6767674515361146,-8.685846209919741e-05,-8.685846209919741e-05,1.0,0.0,623.8,0.0,0.0,0.020658349967561662,400000000.0
NoiseProductJamming,10.0,500,missing,20,20,0,21.104220973173035,1.5441816597898437,0.6767674515361146,-8.685846209919741e-05,-8.685846209919741e-05,1.0,0.0,623.8,0.0,0.0,0.02048519963864237,400000000.0
NoiseProductJamming,10.0,500,offset_+1,20,20,0,21.107002969361883,1.5441816597898388,0.6767674515361124,-0.3035923747676373,-0.30359237476763723,1.0,1.0,628.65,0.19597332838167744,1.7761505289286288,0.020462344400584698,400000000.0
NoiseProductJamming,10.0,500,offset_+16,20,20,0,10.26246891411401,1.5441816597898794,0.6767674515361303,-28.529718531976492,-28.529718531976492,0.0,16.0,623.4,1.0524192158904544,1.298350632869114,0.020543744903989136,400000000.0
NoiseProductJamming,10.0,500,offset_+2,20,20,0,21.103099531408617,1.544181659789836,0.6767674515361112,-1.1886192315169701,-1.1886192315169701,1.0,2.0,624.05,0.37871056263225217,1.6057022577815663,0.02047490270342678,400000000.0
NoiseProductJamming,10.0,500,offset_+32,20,20,0,-10.030217362209054,1.5441816597901652,0.6767674515362555,-60.90086154434166,-60.900861544341645,0.0,32.0,621.6,1.050218408978345,1.4209607876364,0.020725090871565044,400000000.0
NoiseProductJamming,10.0,500,offset_+4,20,20,0,20.952201688597647,1.5441816597898035,0.676767451536097,-4.868838735280629,-4.868838735280628,1.0,4.0,624.25,0.694517247945683,1.7948367812882602,0.02053758653346449,400000000.0
NoiseProductJamming,10.0,500,offset_+8,20,20,0,20.049804147133855,1.5441816597896791,0.6767674515360425,-24.77015269320042,-24.770152693200416,1.0,8.0,624.5,1.0286236950711618,1.3611162698384054,0.020549996406771243,400000000.0
NoiseProductJamming,10.0,500,offset_-1,20,20,0,21.104220973173035,1.5441816597898437,0.6767674515361146,-8.685846209919741e-05,-8.685846209919741e-05,1.0,0.0,623.8,0.0,0.0,0.020447754650376737,400000000.0
NoiseProductJamming,10.0,500,offset_-16,20,20,0,21.104220973173035,1.5441816597898437,0.6767674515361146,-8.685846209919741e-05,-8.685846209919741e-05,1.0,0.0,623.8,0.0,0.0,0.020716545986942947,400000000.0
NoiseProductJamming,10.0,500,offset_-2,20,20,0,21.104220973173035,1.5441816597898437,0.6767674515361146,-8.685846209919741e-05,-8.685846209919741e-05,1.0,0.0,623.8,0.0,0.0,0.020731252152472734,400000000.0
NoiseProductJamming,10.0,500,offset_-32,20,20,0,21.104220973173035,1.5441816597898437,0.6767674515361146,-8.685846209919741e-05,-8.685846209919741e-05,1.0,0.0,623.8,0.0,0.0,0.021014505182392895,400000000.0
NoiseProductJamming,10.0,500,offset_-4,20,20,0,21.104220973173035,1.5441816597898437,0.6767674515361146,-8.685846209919741e-05,-8.685846209919741e-05,1.0,0.0,623.8,0.0,0.0,0.02054589567705989,400000000.0
NoiseProductJamming,10.0,500,offset_-8,20,20,0,21.104220973173035,1.5441816597898437,0.6767674515361146,-8.685846209919741e-05,-8.685846209919741e-05,1.0,0.0,623.8,0.0,0.0,0.020539548131637275,400000000.0
NoiseProductJamming,10.0,500,random,20,20,14,-225.00923805372778,145.49779772868632,67.21655322215301,-79.32189046112181,-105.61224113726247,0.2,1817.65,252.5,0.9515595611774004,1.3346239807235416,0.02058545360341668,400000000.0
NoiseProductJamming,10.0,500,true,20,20,0,21.104220973173035,1.5441816597898437,0.6767674515361146,-8.685846209919741e-05,-8.685846209919741e-05,1.0,0.0,623.8,0.0,0.0,0.02285415248479694,400000000.0
NoiseProductJamming,20.0,1250,fixed_0,20,20,0,-33.31366384034402,2.128280629170723,0.9327601117562646,-100.74809690831708,-100.74809690831707,0.0,750.0,623.35,1.007149139554298,1.4162946809990093,0.01958950306288898,400000000.0
NoiseProductJamming,20.0,1250,missing,20,20,0,-33.31366384034402,2.128280629170723,0.9327601117562646,-100.74809690831708,-100.74809690831707,0.0,750.0,623.35,1.007149139554298,1.4162946809990093,0.019656194490380585,400000000.0
NoiseProductJamming,20.0,1250,offset_+1,20,20,0,27.299568266828448,2.128280629170677,0.9327601117562445,-0.3035923747676373,-0.30359237476763723,1.0,1.0,487.7,0.2600275750969674,1.7761505289286288,0.019372906535863876,400000000.0
NoiseProductJamming,20.0,1250,offset_+16,20,20,0,16.483766512147906,2.1282806291706935,0.9327601117562516,-28.5297185319765,-28.529718531976496,0.0,16.0,489.05,1.5293426243911545,1.298350632869114,0.01992909819819033,400000000.0
NoiseProductJamming,20.0,1250,offset_+2,20,20,0,27.295702720856287,2.12828062917064,0.9327601117562284,-1.188619231516971,-1.1886192315169712,1.0,2.0,491.75,0.5079509466894007,1.6057022577815663,0.0193395942915231,400000000.0
NoiseProductJamming,20.0,1250,offset_+32,20,20,0,-3.797359099032582,2.1282806291707006,0.9327601117562548,-60.90086154434167,-60.90086154434165,0.0,32.0,488.2,1.3331014081985209,1.4209607876364,0.019547948613762856,400000000.0
NoiseProductJamming,20.0,1250,offset_+4,20,20,0,27.14624412580671,2.128280629170625,0.9327601117562216,-4.868838735280629,-4.868838735280628,1.0,4.0,490.55,0.9495607947385578,1.7948367812882602,0.01933739986270666,400000000.0
NoiseProductJamming,20.0,1250,offset_+8,20,20,0,26.251492133576885,2.1282806291706864,0.9327601117562485,-24.77015269320042,-24.770152693200416,1.0,8.0,488.4,1.465459024453159,1.3611162698384054,0.019333395175635815,400000000.0
NoiseProductJamming,20.0,1250,offset_-1,20,20,0,27.299568266828395,2.12828062917071,0.9327601117562588,-0.3035923747676373,-0.30359237476763723,1.0,1.0,492.5,0.26035427631222874,1.7761505289286288,0.019243749557062984,400000000.0
NoiseProductJamming,20.0,1250,offset_-16,20,20,0,16.483766512147913,2.1282806291707055,0.9327601117562571,-28.5297185319765,-28.529718531976496,0.0,16.0,496.95,1.576357137653234,1.298350632869114,0.019500148482620716,400000000.0
NoiseProductJamming,20.0,1250,offset_-2,20,20,0,27.295702720855815,2.1282806291708045,0.9327601117563004,-1.188619231516971,-1.1886192315169712,1.0,2.0,492.15,0.5057377054004476,1.6057022577815663,0.019704195437952876,400000000.0
NoiseProductJamming,20.0,1250,offset_-32,20,20,0,-3.797359099032571,2.1282806291707024,0.9327601117562556,-60.90086154434166,-60.90086154434164,0.0,32.0,497.9,1.3109933635000492,1.4209607876364,0.01980405068024993,400000000.0
NoiseProductJamming,20.0,1250,offset_-4,20,20,0,27.14624412580712,2.128280629170706,0.9327601117562572,-4.868838735280629,-4.868838735280628,1.0,4.0,491.95,0.933964546760229,1.7948367812882602,0.01991249737329781,400000000.0
NoiseProductJamming,20.0,1250,offset_-8,20,20,0,26.251492133576896,2.128280629170673,0.9327601117562427,-24.77015269320042,-24.770152693200416,1.0,8.0,493.0,1.4310041448956448,1.3611162698384054,0.01936250482685864,400000000.0
NoiseProductJamming,20.0,1250,random,20,20,11,-188.4861617278171,146.0965685296268,64.0296442682936,-104.1076089918767,-126.6771315657612,0.1,1397.65,276.4,1.0860753925323137,1.407624122522626,0.01943129173014313,400000000.0
NoiseProductJamming,20.0,1250,true,20,20,0,27.296813279411584,2.1282806291706917,0.9327601117562508,-8.685846209919741e-05,-8.685846209919741e-05,1.0,0.0,493.2,0.0,0.0,0.02157304552383721,400000000.0
NoiseProductJamming,20.0,2500,fixed_0,20,20,20,nan,0.0,0.0,nan,nan,0.0,2500.0,0.0,0.9999999999999696,1.4142135623730503,0.019497956964187324,400000000.0
NoiseProductJamming,20.0,2500,missing,20,20,20,nan,0.0,0.0,nan,nan,0.0,2500.0,0.0,0.9999999999999696,1.4142135623730503,0.019406399223953485,400000000.0
NoiseProductJamming,20.0,2500,offset_+1,20,20,0,27.29907663100762,2.128315150554137,0.9327752414196228,-0.3035923747676373,-0.30359237476763723,1.0,1.0,272.6,0.2600275750969674,1.7761505289286288,0.019266700837761164,400000000.0
NoiseProductJamming,20.0,2500,offset_+16,20,20,0,16.483274876327084,2.1283151505541524,0.9327752414196295,-28.529718531976492,-28.529718531976492,0.0,16.0,270.75,1.5293426243911545,1.298350632869114,0.019347851048223674,400000000.0
NoiseProductJamming,20.0,2500,offset_+2,20,20,0,27.29521108503547,2.1283151505541005,0.9327752414196069,-1.188619231516971,-1.1886192315169712,1.0,2.0,271.85,0.5079509466894007,1.6057022577815663,0.019387551583349705,400000000.0
NoiseProductJamming,20.0,2500,offset_+32,20,20,0,-3.7978507348534016,2.1283151505541604,0.9327752414196331,-60.90086154434167,-60.90086154434165,0.0,32.0,266.95,1.3331014081985209,1.4209607876364,0.019318851991556585,400000000.0
NoiseProductJamming,20.0,2500,offset_+4,20,20,0,27.145752489985888,2.1283151505540854,0.9327752414196001,-4.868838735280628,-4.868838735280626,1.0,4.0,271.2,0.9495607947385578,1.7948367812882602,0.019843655172735453,400000000.0
NoiseProductJamming,20.0,2500,offset_+8,20,20,0,26.251000497756063,2.1283151505541458,0.9327752414196268,-24.77015269320042,-24.770152693200416,1.0,8.0,271.65,1.465459024453159,1.3611162698384054,0.01933750172611326,400000000.0
NoiseProductJamming,20.0,2500,offset_-1,20,20,0,27.29907663100758,2.12831515055417,0.9327752414196373,-0.3035923747676373,-0.30359237476763723,1.0,1.0,272.7,0.26035427631222874,1.7761505289286288,0.01935204491019249,400000000.0
NoiseProductJamming,20.0,2500,offset_-16,20,20,0,16.48327487632709,2.1283151505541658,0.9327752414196355,-28.5297185319765,-28.529718531976496,0.0,16.0,274.25,1.576357137653234,1.298350632869114,0.019648150191642344,400000000.0
NoiseProductJamming,20.0,2500,offset_-2,20,20,0,27.295211085034992,2.1283151505542643,0.9327752414196786,-1.188619231516971,-1.1886192315169712,1.0,2.0,272.05,0.5057377054004476,1.6057022577815663,0.01941045338753611,400000000.0
NoiseProductJamming,20.0,2500,offset_-32,20,20,0,-3.7978507348533945,2.128315150554162,0.932775241419634,-60.90086154434166,-60.90086154434164,0.0,32.0,281.6,1.3109933635000492,1.4209607876364,0.01968525757547468,400000000.0
NoiseProductJamming,20.0,2500,offset_-4,20,20,0,27.1457524899863,2.1283151505541658,0.9327752414196355,-4.868838735280629,-4.868838735280628,1.0,4.0,275.2,0.933964546760229,1.7948367812882602,0.0195500033441931,400000000.0
NoiseProductJamming,20.0,2500,offset_-8,20,20,0,26.251000497756074,2.1283151505541342,0.9327752414196216,-24.770152693200416,-24.770152693200412,1.0,8.0,272.7,1.4310041448956448,1.3611162698384054,0.01939584908541292,400000000.0
NoiseProductJamming,20.0,2500,random,20,20,14,-208.99268419542378,146.12536738619332,71.60143001923473,-100.81109946924312,-112.95789962239262,0.2,1458.7,177.0,1.0232604733939044,1.4033412024859502,0.019293854711577296,400000000.0
NoiseProductJamming,20.0,2500,true,20,20,0,27.296321643590762,2.128315150554152,0.9327752414196293,-8.685846209726872e-05,-8.685846209726874e-05,1.0,0.0,272.0,0.0,0.0,0.02154580142814666,400000000.0
NoiseProductJamming,20.0,3750,fixed_0,20,20,20,nan,0.0,0.0,nan,nan,0.0,3750.0,0.0,0.9999999999999696,1.4142135623730503,0.01947289565578103,400000000.0
NoiseProductJamming,20.0,3750,missing,20,20,20,nan,0.0,0.0,nan,nan,0.0,3750.0,0.0,0.9999999999999696,1.4142135623730503,0.019347906345501542,400000000.0
NoiseProductJamming,20.0,3750,offset_+1,20,20,0,27.29832299199911,2.1283475595643524,0.9327894452946083,-0.3035923747676373,-0.30359237476763723,1.0,1.0,53.6,0.2600275750969674,1.7761505289286288,0.019145748228766024,400000000.0
NoiseProductJamming,20.0,3750,offset_+16,20,20,0,16.482521237318565,2.1283475595643675,0.9327894452946148,-28.529718531976492,-28.529718531976492,0.0,16.0,52.0,1.5293426243911545,1.298350632869114,0.019306247122585773,400000000.0
NoiseProductJamming,20.0,3750,offset_+2,20,20,0,27.294457446026957,2.1283475595643164,0.9327894452945923,-1.188619231516971,-1.1886192315169712,1.0,2.0,54.55,0.5079509466894007,1.6057022577815663,0.019197945948690176,400000000.0
NoiseProductJamming,20.0,3750,offset_+32,20,20,0,-3.7986043738619157,2.1283475595643755,0.9327894452946184,-60.90086154434167,-60.90086154434165,0.0,32.0,46.75,1.3331014081985209,1.4209607876364,0.019266753224655986,400000000.0
NoiseProductJamming,20.0,3750,offset_+4,20,20,0,27.144998850977366,2.1283475595643013,0.9327894452945857,-4.868838735280629,-4.868838735280628,1.0,4.0,54.45,0.9495607947385578,1.7948367812882602,0.0191497994819656,400000000.0
NoiseProductJamming,20.0,3750,offset_+8,20,20,0,26.250246858747545,2.128347559564362,0.9327894452946124,-24.770152693200423,-24.77015269320042,1.0,8.0,53.1,1.465459024453159,1.3611162698384054,0.019170742598362267,400000000.0
NoiseProductJamming,20.0,3750,offset_-1,20,20,0,27.298322991999065,2.128347559564385,0.9327894452946224,-0.30359237476763823,-0.30359237476763823,1.0,1.0,55.0,0.26035427631222874,1.7761505289286288,0.01921669754665345,400000000.0
NoiseProductJamming,20.0,3750,offset_-16,20,20,0,16.482521237318576,2.1283475595643804,0.9327894452946204,-28.5297185319765,-28.529718531976496,0.0,16.0,57.75,1.576357137653234,1.298350632869114,0.019575003534555435,400000000.0
NoiseProductJamming,20.0,3750,offset_-2,20,20,0,27.294457446026474,2.12834755956448,0.932789445294664,-1.188619231516971,-1.1886192315169712,1.0,2.0,55.15,0.5057377054004476,1.6057022577815663,0.019360409351065755,400000000.0
NoiseProductJamming,20.0,3750,offset_-32,20,20,0,-3.7986043738619086,2.1283475595643773,0.9327894452946192,-60.90086154434166,-60.90086154434164,0.0,32.0,61.15,1.3109933635000492,1.4209607876364,0.01985835551749915,400000000.0
NoiseProductJamming,20.0,3750,offset_-4,20,20,0,27.144998850977792,2.12834755956438,0.9327894452946202,-4.868838735280628,-4.868838735280626,1.0,4.0,55.45,0.933964546760229,1.7948367812882602,0.019354294636286795,400000000.0
NoiseProductJamming,20.0,3750,offset_-8,20,20,0,26.250246858747555,2.1283475595643475,0.9327894452946061,-24.77015269320042,-24.770152693200416,1.0,8.0,55.9,1.4310041448956448,1.3611162698384054,0.019452141714282334,400000000.0
NoiseProductJamming,20.0,3750,random,20,20,12,-162.98936078009413,150.60028853873695,76.21426150075582,-89.77558969896556,-137.90359686079853,0.25,1532.0,90.1,1.1087675404040653,1.3905057385755513,0.019214602070860565,400000000.0
NoiseProductJamming,20.0,3750,true,20,20,0,27.295568004582247,2.1283475595643644,0.9327894452946134,-8.685846209919741e-05,-8.685846209919741e-05,1.0,0.0,54.0,0.0,0.0,0.021316806669346988,400000000.0
NoiseProductJamming,20.0,4500,fixed_0,20,20,20,nan,0.0,0.0,nan,nan,0.0,4500.0,0.0,0.9999999999999696,1.4142135623730503,0.019427144434303045,400000000.0
NoiseProductJamming,20.0,4500,missing,20,20,20,nan,0.0,0.0,nan,nan,0.0,4500.0,0.0,0.9999999999999696,1.4142135623730503,0.019408352090977132,400000000.0
NoiseProductJamming,20.0,4500,offset_+1,20,20,0,27.331839398416527,2.1283458952928194,0.9327887158954491,-0.29490222623225715,-0.2949022262322571,1.0,1.0,14.5,0.2579937538950128,1.775868998944868,0.019295947276987135,400000000.0
NoiseProductJamming,20.0,4500,offset_+16,20,20,0,16.50670966697281,2.1283458952928367,0.9327887158954566,-28.389621912928863,-28.389621912928863,0.0,16.0,17.15,1.5357576247216973,1.292174278443752,0.019264552975073457,400000000.0
NoiseProductJamming,20.0,4500,offset_+2,20,20,0,27.31688449423816,2.128345895292784,0.9327887158954336,-1.1712302313285752,-1.1712302313285752,1.0,2.0,14.35,0.5062883826288809,1.6050793564945063,0.019256200175732374,400000000.0
NoiseProductJamming,20.0,4500,offset_+32,20,20,0,-3.7639740866076714,2.128345895292844,0.9327887158954598,-60.61837156184881,-60.61837156184882,0.0,32.0,16.05,1.34195693402826,1.4096558303359936,0.019208245794288814,400000000.0
NoiseProductJamming,20.0,4500,offset_+4,20,20,0,27.13447785192484,2.1283458952927714,0.932788715895428,-4.8340258525820134,-4.834025852582013,1.0,4.0,14.3,0.9490650456276004,1.793722127718004,0.01913334126584232,400000000.0
NoiseProductJamming,20.0,4500,offset_+8,20,20,0,26.21182795429736,2.1283458952928296,0.9327887158954536,-24.700386836751925,-24.70038683675192,1.0,8.0,13.9,1.4682024294571723,1.3581743260785106,0.019387598149478436,400000000.0
NoiseProductJamming,20.0,4500,offset_-1,20,20,0,27.340284106454856,2.128345895292851,0.932788715895463,-0.3035923747676373,-0.30359237476763723,1.0,1.0,13.35,0.26035427631222874,1.7761505289286288,0.019197905203327537,400000000.0
NoiseProductJamming,20.0,4500,offset_-16,20,20,0,16.495750780796705,2.1283458952928487,0.932788715895462,-28.5297185319765,-28.529718531976496,0.0,16.0,18.55,1.576357137653234,1.298350632869114,0.019408308435231447,400000000.0
NoiseProductJamming,20.0,4500,offset_-2,20,20,0,27.336380669050936,2.128345895292945,0.9327887158955043,-1.1886192315169701,-1.1886192315169701,1.0,2.0,14.9,0.5057377054004476,1.6057022577815663,0.019293796503916383,400000000.0
NoiseProductJamming,20.0,4500,offset_-32,20,20,0,-3.796934590086766,2.1283458952928447,0.9327887158954602,-60.90086154434166,-60.90086154434164,0.0,32.0,18.5,1.3109933635000492,1.4209607876364,0.019589654402807355,400000000.0
NoiseProductJamming,20.0,4500,offset_-4,20,20,0,27.18548283464828,2.1283458952928487,0.932788715895462,-4.868838735280623,-4.868838735280624,1.0,4.0,14.05,0.933964546760229,1.7948367812882602,0.019381250604055822,400000000.0
NoiseProductJamming,20.0,4500,offset_-8,20,20,0,26.283085399267826,2.1283458952928167,0.9327887158954479,-24.770152693200416,-24.770152693200412,1.0,8.0,16.65,1.4310041448956448,1.3611162698384054,0.019299998530186713,400000000.0
NoiseProductJamming,20.0,4500,random,20,20,13,-112.67934322686465,145.19711751821364,89.9941058055432,-89.16008305654647,-112.52392943237498,0.2,2625.5,35.5,1.0756126800566175,1.4065982582252399,0.01937285123858601,400000000.0
NoiseProductJamming,20.0,4500,true,20,20,0,27.337502110229217,2.1283458952928336,0.9327887158954554,-8.685846209726872e-05,-8.685846209726874e-05,1.0,0.0,13.35,0.0,0.0,0.02135839604306966,400000000.0
NoiseProductJamming,20.0,500,fixed_0,20,20,0,27.120898291156806,2.0993053774961763,0.9200611478040122,-8.685846209919741e-05,-8.685846209919741e-05,1.0,0.0,623.3,0.0,0.0,0.019460500334389508,400000000.0
NoiseProductJamming,20.0,500,missing,20,20,0,27.120898291156806,2.0993053774961763,0.9200611478040122,-8.685846209919741e-05,-8.685846209919741e-05,1.0,0.0,623.3,0.0,0.0,0.019322801381349564,400000000.0
NoiseProductJamming,20.0,500,offset_+1,20,20,0,27.12368028734566,2.099305377496163,0.9200611478040064,-0.3035923747676373,-0.30359237476763723,1.0,1.0,622.3,0.2600275750969674,1.7761505289286288,0.019318805425427854,400000000.0
NoiseProductJamming,20.0,500,offset_+16,20,20,0,16.279146232098057,2.0993053774961803,0.9200611478040139,-28.529718531976492,-28.529718531976492,0.0,16.0,626.75,1.5293426243911545,1.298350632869114,0.019370843074284494,400000000.0
NoiseProductJamming,20.0,500,offset_+2,20,20,0,27.119776849392377,2.0993053774961266,0.9200611478039905,-1.1886192315169701,-1.1886192315169701,1.0,2.0,625.0,0.5079509466894007,1.6057022577815663,0.01972495228983462,400000000.0
NoiseProductJamming,20.0,500,offset_+32,20,20,0,-4.0135400442249685,2.0993053774961874,0.920061147804017,-60.90086154434166,-60.900861544341645,0.0,32.0,619.2,1.3331014081985209,1.4209607876364,0.01944800023920834,400000000.0
NoiseProductJamming,20.0,500,offset_+4,20,20,0,26.968879006581073,2.099305377496142,0.9200611478039973,-4.868838735280629,-4.868838735280628,1.0,4.0,622.65,0.9495607947385578,1.7948367812882602,0.01957079512067139,400000000.0
NoiseProductJamming,20.0,500,offset_+8,20,20,0,26.06648146511849,2.099305377496175,0.9200611478040115,-24.77015269320042,-24.770152693200416,1.0,8.0,625.05,1.465459024453159,1.3611162698384054,0.0193271494936198,400000000.0
NoiseProductJamming,20.0,500,offset_-1,20,20,0,27.120898291156806,2.0993053774961763,0.9200611478040122,-8.685846209919741e-05,-8.685846209919741e-05,1.0,0.0,623.3,0.0,0.0,0.019287600298412144,400000000.0
NoiseProductJamming,20.0,500,offset_-16,20,20,0,27.120898291156806,2.0993053774961763,0.9200611478040122,-8.685846209919741e-05,-8.685846209919741e-05,1.0,0.0,623.3,0.0,0.0,0.019672949565574527,400000000.0
NoiseProductJamming,20.0,500,offset_-2,20,20,0,27.120898291156806,2.0993053774961763,0.9200611478040122,-8.685846209919741e-05,-8.685846209919741e-05,1.0,0.0,623.3,0.0,0.0,0.019458349561318755,400000000.0
NoiseProductJamming,20.0,500,offset_-32,20,20,0,27.120898291156806,2.0993053774961763,0.9200611478040122,-8.685846209919741e-05,-8.685846209919741e-05,1.0,0.0,623.3,0.0,0.0,0.019847953808493912,400000000.0
NoiseProductJamming,20.0,500,offset_-4,20,20,0,27.120898291156806,2.0993053774961763,0.9200611478040122,-8.685846209919741e-05,-8.685846209919741e-05,1.0,0.0,623.3,0.0,0.0,0.019454146968200803,400000000.0
NoiseProductJamming,20.0,500,offset_-8,20,20,0,27.120898291156806,2.0993053774961763,0.9200611478040122,-8.685846209919741e-05,-8.685846209919741e-05,1.0,0.0,623.3,0.0,0.0,0.01963119430001825,400000000.0
NoiseProductJamming,20.0,500,random,20,20,14,-218.89416620602523,145.48029226470138,67.20846611038917,-79.32189046112181,-105.61224113726247,0.2,1817.65,253.25,0.9711476370793655,1.3346239807235416,0.019510299898684025,400000000.0
NoiseProductJamming,20.0,500,true,20,20,0,27.120898291156806,2.0993053774961763,0.9200611478040122,-8.685846209919741e-05,-8.685846209919741e-05,1.0,0.0,623.3,0.0,0.0,0.02174374822061509,400000000.0
NoiseProductJamming,30.0,1250,fixed_0,20,20,0,-31.965047430366553,2.5731412951062467,1.1277288949076052,-100.74809690831708,-100.74809690831707,0.0,750.0,628.05,1.0208963254076144,1.4162946809990093,0.019437348237261176,400000000.0
NoiseProductJamming,30.0,1250,missing,20,20,0,-31.965047430366553,2.5731412951062467,1.1277288949076052,-100.74809690831708,-100.74809690831707,0.0,750.0,628.05,1.0208963254076144,1.4162946809990093,0.01924581010825932,400000000.0
NoiseProductJamming,30.0,1250,offset_+1,20,20,0,28.64818467680497,2.5731412951063466,1.127728894907649,-0.3035923747676373,-0.30359237476763723,1.0,1.0,490.7,0.3908661443219492,1.7761505289286288,0.02007699804380536,400000000.0
NoiseProductJamming,30.0,1250,offset_+16,20,20,0,17.832382922124527,2.5731412951061996,1.1277288949075845,-28.5297185319765,-28.529718531976496,0.0,16.0,492.0,2.5620822060020303,1.298350632869114,0.019287451868876815,400000000.0
NoiseProductJamming,30.0,1250,offset_+2,20,20,0,28.64431913083295,2.5731412951062063,1.1277288949075874,-1.188619231516971,-1.1886192315169712,1.0,2.0,491.8,0.7656299086189993,1.6057022577815663,0.01925199176184833,400000000.0
NoiseProductJamming,30.0,1250,offset_+32,20,20,0,-2.4487426890559805,2.573141295106198,1.1277288949075839,-60.90086154434167,-60.90086154434165,0.0,32.0,487.65,1.8340183372153536,1.4209607876364,0.02013120101764798,400000000.0
NoiseProductJamming,30.0,1250,offset_+4,20,20,0,28.494860535783765,2.573141295106197,1.1277288949075834,-4.868838735280629,-4.868838735280628,1.0,4.0,489.15,1.4413360770637902,1.7948367812882602,0.019239549874328077,400000000.0
NoiseProductJamming,30.0,1250,offset_+8,20,20,0,27.600108543553528,2.573141295106196,1.127728894907583,-24.77015269320042,-24.770152693200416,1.0,8.0,491.0,2.321302451350654,1.3611162698384054,0.01914380700327456,400000000.0
NoiseProductJamming,30.0,1250,offset_-1,20,20,0,28.648184676805084,2.5731412951062054,1.127728894907587,-0.3035923747676373,-0.30359237476763723,1.0,1.0,491.95,0.39355755239332124,1.7761505289286288,0.019227058510296047,400000000.0
NoiseProductJamming,30.0,1250,offset_-16,20,20,0,17.83238292212453,2.5731412951061974,1.1277288949075837,-28.5297185319765,-28.529718531976496,0.0,16.0,497.5,2.9567235464489636,1.298350632869114,0.01953324826899916,400000000.0
NoiseProductJamming,30.0,1250,offset_-2,20,20,0,28.64431913083296,2.573141295106198,1.1277288949075839,-1.188619231516971,-1.1886192315169712,1.0,2.0,491.05,0.7722038089302189,1.6057022577815663,0.019560250802896917,400000000.0
NoiseProductJamming,30.0,1250,offset_-32,20,20,0,-2.4487426890559805,2.573141295106198,1.1277288949075839,-60.90086154434166,-60.90086154434164,0.0,32.0,497.3,1.8829865652743076,1.4209607876364,0.01968739670701325,400000000.0
NoiseProductJamming,30.0,1250,offset_-4,20,20,0,28.494860535783772,2.5731412951061965,1.1277288949075832,-4.868838735280629,-4.868838735280628,1.0,4.0,492.2,1.4565575436168559,1.7948367812882602,0.019577101920731366,400000000.0
NoiseProductJamming,30.0,1250,offset_-8,20,20,0,27.600108543553524,2.573141295106186,1.1277288949075783,-24.77015269320042,-24.770152693200416,1.0,8.0,492.1,2.3795076512319913,1.3611162698384054,0.01938339846674353,400000000.0
NoiseProductJamming,30.0,1250,random,20,20,11,-187.1375453178405,146.13285393713412,64.04554704929801,-104.1076089918767,-126.6771315657612,0.1,1397.65,277.1,1.1339723446152556,1.407624122522626,0.019233403145335615,400000000.0
NoiseProductJamming,30.0,1250,true,20,20,0,28.64542968938819,2.5731412951062262,1.1277288949075963,-8.685846209919741e-05,-8.685846209919741e-05,1.0,0.0,489.7,0.0,0.0,0.02123134909197688,400000000.0
NoiseProductJamming,30.0,2500,fixed_0,20,20,20,nan,0.0,0.0,nan,nan,0.0,2500.0,0.0,0.999999999999982,1.4142135623730503,0.019299998530186713,400000000.0
NoiseProductJamming,30.0,2500,missing,20,20,20,nan,0.0,0.0,nan,nan,0.0,2500.0,0.0,0.999999999999982,1.4142135623730503,0.018949952209368348,400000000.0
NoiseProductJamming,30.0,2500,offset_+1,20,20,0,28.64813521423556,2.5731440561322825,1.1277301049806183,-0.3035923747676373,-0.30359237476763723,1.0,1.0,270.8,0.3908661443219492,1.7761505289286288,0.019162509124726057,400000000.0
NoiseProductJamming,30.0,2500,offset_+16,20,20,0,17.83233345955511,2.5731440561321355,1.127730104980554,-28.529718531976492,-28.529718531976492,0.0,16.0,272.0,2.5620822060020303,1.298350632869114,0.019093701848760247,400000000.0
NoiseProductJamming,30.0,2500,offset_+2,20,20,0,28.64426966826353,2.573144056132143,1.1277301049805573,-1.188619231516971,-1.1886192315169712,1.0,2.0,273.55,0.7656299086189993,1.6057022577815663,0.019147948478348553,400000000.0
NoiseProductJamming,30.0,2500,offset_+32,20,20,0,-2.448792151625393,2.573144056132136,1.1277301049805541,-60.90086154434167,-60.90086154434165,0.0,32.0,266.6,1.8340183372153536,1.4209607876364,0.019143891404382885,400000000.0
NoiseProductJamming,30.0,2500,offset_+4,20,20,0,28.494811073214343,2.5731440561321337,1.127730104980553,-4.868838735280628,-4.868838735280626,1.0,4.0,272.95,1.4413360770637902,1.7948367812882602,0.019156245980411768,400000000.0
NoiseProductJamming,30.0,2500,offset_+8,20,20,0,27.600059080984114,2.5731440561321337,1.127730104980553,-24.77015269320042,-24.770152693200416,1.0,8.0,269.95,2.321302451350654,1.3611162698384054,0.01936655316967517,400000000.0
NoiseProductJamming,30.0,2500,offset_-1,20,20,0,28.648135214235673,2.573144056132142,1.1277301049805568,-0.3035923747676373,-0.30359237476763723,1.0,1.0,275.35,0.39355755239332124,1.7761505289286288,0.01903955708257854,400000000.0
NoiseProductJamming,30.0,2500,offset_-16,20,20,0,17.832333459555112,2.5731440561321346,1.1277301049805535,-28.5297185319765,-28.529718531976496,0.0,16.0,276.8,2.9567235464489636,1.298350632869114,0.019333246746100485,400000000.0
NoiseProductJamming,30.0,2500,offset_-2,20,20,0,28.64426966826354,2.573144056132135,1.1277301049805537,-1.188619231516971,-1.1886192315169712,1.0,2.0,275.05,0.7722038089302189,1.6057022577815663,0.0191082974197343,400000000.0
NoiseProductJamming,30.0,2500,offset_-32,20,20,0,-2.448792151625394,2.5731440561321355,1.127730104980554,-60.90086154434166,-60.90086154434164,0.0,32.0,280.35,1.8829865652743076,1.4209607876364,0.019483547657728195,400000000.0
NoiseProductJamming,30.0,2500,offset_-4,20,20,0,28.494811073214358,2.5731440561321337,1.127730104980553,-4.868838735280629,-4.868838735280628,1.0,4.0,273.9,1.4565575436168559,1.7948367812882602,0.019204147974960506,400000000.0
NoiseProductJamming,30.0,2500,offset_-8,20,20,0,27.600059080984106,2.5731440561321235,1.1277301049805488,-24.770152693200416,-24.770152693200412,1.0,8.0,274.25,2.3795076512319913,1.3611162698384054,0.01914994791150093,400000000.0
NoiseProductJamming,30.0,2500,random,20,20,14,-207.7649710092801,146.0381740298693,71.55870527463595,-100.81109946924312,-112.95789962239262,0.2,1458.7,176.6,1.050909511798509,1.4033412024859502,0.01908115518745035,400000000.0
NoiseProductJamming,30.0,2500,true,20,20,0,28.64538022681878,2.573144056132164,1.1277301049805664,-8.685846209726872e-05,-8.685846209726874e-05,1.0,0.0,273.4,0.0,0.0,0.02111034991685301,400000000.0
NoiseProductJamming,30.0,3750,fixed_0,20,20,20,nan,0.0,0.0,nan,nan,0.0,3750.0,0.0,0.999999999999982,1.4142135623730503,0.019208347657695413,400000000.0
NoiseProductJamming,30.0,3750,missing,20,20,20,nan,0.0,0.0,nan,nan,0.0,3750.0,0.0,0.999999999999982,1.4142135623730503,0.019191601313650608,400000000.0
NoiseProductJamming,30.0,3750,offset_+1,20,20,0,28.648059744074903,2.5731479299658933,1.1277318027630545,-0.3035923747676373,-0.30359237476763723,1.0,1.0,55.65,0.3908661443219492,1.7761505289286288,0.018947850912809372,400000000.0
NoiseProductJamming,30.0,3750,offset_+16,20,20,0,17.832257989394463,2.5731479299657463,1.1277318027629901,-28.529718531976492,-28.529718531976492,0.0,16.0,53.15,2.5620822060020303,1.298350632869114,0.019102150690741837,400000000.0
NoiseProductJamming,30.0,3750,offset_+2,20,20,0,28.644194198102888,2.5731479299657534,1.1277318027629935,-1.188619231516971,-1.1886192315169712,1.0,2.0,54.25,0.7656299086189993,1.6057022577815663,0.01902699877973646,400000000.0
NoiseProductJamming,30.0,3750,offset_+32,20,20,0,-2.4488676217860403,2.5731479299657454,1.1277318027629897,-60.90086154434167,-60.90086154434165,0.0,32.0,47.2,1.8340183372153536,1.4209607876364,0.019258350948803127,400000000.0
NoiseProductJamming,30.0,3750,offset_+4,20,20,0,28.494735603053705,2.5731479299657436,1.127731802762989,-4.868838735280629,-4.868838735280628,1.0,4.0,53.75,1.4413360770637902,1.7948367812882602,0.01909988932311535,400000000.0
NoiseProductJamming,30.0,3750,offset_+8,20,20,0,27.59998361082347,2.573147929965743,1.1277318027629888,-24.770152693200423,-24.77015269320042,1.0,8.0,52.35,2.321302451350654,1.3611162698384054,0.01902710646390915,400000000.0
NoiseProductJamming,30.0,3750,offset_-1,20,20,0,28.648059744075017,2.5731479299657507,1.1277318027629921,-0.30359237476763823,-0.30359237476763823,1.0,1.0,54.7,0.39355755239332124,1.7761505289286288,0.01895429741125554,400000000.0
NoiseProductJamming,30.0,3750,offset_-16,20,20,0,17.832257989394467,2.5731479299657454,1.1277318027629897,-28.5297185319765,-28.529718531976496,0.0,16.0,56.1,2.9567235464489636,1.298350632869114,0.019122796948067844,400000000.0
NoiseProductJamming,30.0,3750,offset_-2,20,20,0,28.644194198102895,2.573147929965745,1.1277318027629897,-1.188619231516971,-1.1886192315169712,1.0,2.0,54.8,0.7722038089302189,1.6057022577815663,0.019006358343176544,400000000.0
NoiseProductJamming,30.0,3750,offset_-32,20,20,0,-2.4488676217860426,2.5731479299657463,1.1277318027629901,-60.90086154434166,-60.90086154434164,0.0,32.0,60.3,1.8829865652743076,1.4209607876364,0.019291698117740452,400000000.0
NoiseProductJamming,30.0,3750,offset_-4,20,20,0,28.494735603053705,2.573147929965743,1.1277318027629888,-4.868838735280628,-4.868838735280626,1.0,4.0,53.75,1.4565575436168559,1.7948367812882602,0.01913959567900747,400000000.0
NoiseProductJamming,30.0,3750,offset_-8,20,20,0,27.599983610823454,2.573147929965734,1.1277318027629846,-24.77015269320042,-24.770152693200416,1.0,8.0,55.1,2.3795076512319913,1.3611162698384054,0.0190104910871014,400000000.0
NoiseProductJamming,30.0,3750,random,20,20,12,-161.69792774245263,150.96544593855387,76.39905664177857,-89.77558969896556,-137.90359686079853,0.25,1532.0,89.4,1.15612299007979,1.3905057385755513,0.019187599536962807,400000000.0
NoiseProductJamming,30.0,3750,true,20,20,0,28.645304756658128,2.573147929965774,1.1277318027630023,-8.685846209919741e-05,-8.685846209919741e-05,1.0,0.0,54.35,0.0,0.0,0.020706202485598624,400000000.0
NoiseProductJamming,30.0,4500,fixed_0,20,20,20,nan,0.0,0.0,nan,nan,0.0,4500.0,0.0,0.999999999999982,1.4142135623730503,0.01934989995788783,400000000.0
NoiseProductJamming,30.0,4500,missing,20,20,20,nan,0.0,0.0,nan,nan,0.0,4500.0,0.0,0.999999999999982,1.4142135623730503,0.019185396376997232,400000000.0
NoiseProductJamming,30.0,4500,offset_+1,20,20,0,28.682232927906057,2.5732558223315336,1.1277790886771641,-0.29490222623225715,-0.2949022262322571,1.0,1.0,13.7,0.38911437495638174,1.775868998944868,0.01907704572658986,400000000.0
NoiseProductJamming,30.0,4500,offset_+16,20,20,0,17.85710319646244,2.5732558223313844,1.1277790886770989,-28.389621912928863,-28.389621912928863,0.0,16.0,16.7,2.5776342292284395,1.292174278443752,0.01918755006045103,400000000.0
NoiseProductJamming,30.0,4500,offset_+2,20,20,0,28.667278023727835,2.5732558223313924,1.1277790886771024,-1.1712302313285752,-1.1712302313285752,1.0,2.0,13.15,0.7644261775070375,1.6050793564945063,0.019216607324779034,400000000.0
NoiseProductJamming,30.0,4500,offset_+32,20,20,0,-2.413580557118062,2.573255822331382,1.127779088677098,-60.61837156184881,-60.61837156184882,0.0,32.0,16.15,1.8527784109918097,1.4096558303359936,0.019183297990821302,400000000.0
NoiseProductJamming,30.0,4500,offset_+4,20,20,0,28.484871381414898,2.573255822331381,1.1277790886770973,-4.8340258525820134,-4.834025852582013,1.0,4.0,12.9,1.4420555702037925,1.793722127718004,0.019176994101144373,400000000.0
NoiseProductJamming,30.0,4500,offset_+8,20,20,0,27.562221483787017,2.573255822331381,1.1277790886770973,-24.700386836751925,-24.70038683675192,1.0,8.0,14.9,2.327783291883363,1.3581743260785106,0.019120803335681558,400000000.0
NoiseProductJamming,30.0,4500,offset_-1,20,20,0,28.690677635944546,2.57325582233139,1.1277790886771015,-0.3035923747676373,-0.30359237476763723,1.0,1.0,13.45,0.39355755239332124,1.7761505289286288,0.01916675246320665,400000000.0
NoiseProductJamming,30.0,4500,offset_-16,20,20,0,17.84614431028634,2.5732558223313813,1.1277790886770975,-28.5297185319765,-28.529718531976496,0.0,16.0,18.85,2.9567235464489636,1.298350632869114,0.019337597768753767,400000000.0
NoiseProductJamming,30.0,4500,offset_-2,20,20,0,28.686774198541094,2.5732558223313835,1.1277790886770984,-1.1886192315169701,-1.1886192315169701,1.0,2.0,12.8,0.7722038089302189,1.6057022577815663,0.019243694259785116,400000000.0
NoiseProductJamming,30.0,4500,offset_-32,20,20,0,-2.4465410605971623,2.573255822331382,1.127779088677098,-60.90086154434166,-60.90086154434164,0.0,32.0,18.5,1.8829865652743076,1.4209607876364,0.019787400378845632,400000000.0
NoiseProductJamming,30.0,4500,offset_-4,20,20,0,28.535876364137927,2.573255822331381,1.1277790886770973,-4.868838735280623,-4.868838735280624,1.0,4.0,14.6,1.4565575436168559,1.7948367812882602,0.019304256420582533,400000000.0
NoiseProductJamming,30.0,4500,offset_-8,20,20,0,27.633478928757462,2.5732558223313715,1.1277790886770933,-24.770152693200416,-24.770152693200412,1.0,8.0,17.35,2.3795076512319913,1.3611162698384054,0.019148000865243375,400000000.0
NoiseProductJamming,30.0,4500,random,20,20,13,-111.73159724769573,145.08986522806927,89.92763014740261,-89.16008305654647,-112.52392943237498,0.2,2625.5,34.75,1.123907304673032,1.4065982582252399,0.019352001254446805,400000000.0
NoiseProductJamming,30.0,4500,true,20,20,0,28.687895639718835,2.5732558223314093,1.1277790886771097,-8.685846209726872e-05,-8.685846209726874e-05,1.0,0.0,13.25,0.0,0.0,0.02091245842166245,400000000.0
NoiseProductJamming,30.0,500,fixed_0,20,20,0,28.469594935260016,2.542291266814912,1.114208273875631,-8.685846209919741e-05,-8.685846209919741e-05,1.0,0.0,624.2,0.0,0.0,0.0194083055248484,400000000.0
NoiseProductJamming,30.0,500,missing,20,20,0,28.469594935260016,2.542291266814912,1.114208273875631,-8.685846209919741e-05,-8.685846209919741e-05,1.0,0.0,624.2,0.0,0.0,0.019166700076311827,400000000.0
NoiseProductJamming,30.0,500,offset_+1,20,20,0,28.472376931448785,2.5422912668150346,1.1142082738756844,-0.3035923747676373,-0.30359237476763723,1.0,1.0,625.45,0.3908661443219492,1.7761505289286288,0.01921250077430159,400000000.0
NoiseProductJamming,30.0,500,offset_+16,20,20,0,17.62784287620129,2.5422912668148836,1.1142082738756183,-28.529718531976492,-28.529718531976492,0.0,16.0,624.55,2.5620822060020303,1.298350632869114,0.019272847566753626,400000000.0
NoiseProductJamming,30.0,500,offset_+2,20,20,0,28.468473493495644,2.542291266814893,1.1142082738756225,-1.1886192315169701,-1.1886192315169701,1.0,2.0,624.3,0.7656299086189993,1.6057022577815663,0.019310301286168396,400000000.0
NoiseProductJamming,30.0,500,offset_+32,20,20,0,-2.6648434001217627,2.5422912668148827,1.114208273875618,-60.90086154434166,-60.900861544341645,0.0,32.0,619.4,1.8340183372153536,1.4209607876364,0.019266695016995072,400000000.0
NoiseProductJamming,30.0,500,offset_+4,20,20,0,28.317575650684734,2.542291266814879,1.1142082738756163,-4.868838735280629,-4.868838735280628,1.0,4.0,621.75,1.4413360770637902,1.7948367812882602,0.019245842122472823,400000000.0
NoiseProductJamming,30.0,500,offset_+8,20,20,0,27.41517810922174,2.54229126681488,1.1142082738756167,-24.77015269320042,-24.770152693200416,1.0,8.0,624.75,2.321302451350654,1.3611162698384054,0.019170899759046733,400000000.0
NoiseProductJamming,30.0,500,offset_-1,20,20,0,28.469594935260016,2.542291266814912,1.114208273875631,-8.685846209919741e-05,-8.685846209919741e-05,1.0,0.0,624.2,0.0,0.0,0.019243700080551207,400000000.0
NoiseProductJamming,30.0,500,offset_-16,20,20,0,28.469594935260016,2.542291266814912,1.114208273875631,-8.685846209919741e-05,-8.685846209919741e-05,1.0,0.0,624.2,0.0,0.0,0.019391599926166236,400000000.0
NoiseProductJamming,30.0,500,offset_-2,20,20,0,28.469594935260016,2.542291266814912,1.114208273875631,-8.685846209919741e-05,-8.685846209919741e-05,1.0,0.0,624.2,0.0,0.0,0.019360397709533572,400000000.0
NoiseProductJamming,30.0,500,offset_-32,20,20,0,28.469594935260016,2.542291266814912,1.114208273875631,-8.685846209919741e-05,-8.685846209919741e-05,1.0,0.0,624.2,0.0,0.0,0.019729160703718662,400000000.0
NoiseProductJamming,30.0,500,offset_-4,20,20,0,28.469594935260016,2.542291266814912,1.114208273875631,-8.685846209919741e-05,-8.685846209919741e-05,1.0,0.0,624.2,0.0,0.0,0.019356253324076533,400000000.0
NoiseProductJamming,30.0,500,offset_-8,20,20,0,28.469594935260016,2.542291266814912,1.114208273875631,-8.685846209919741e-05,-8.685846209919741e-05,1.0,0.0,624.2,0.0,0.0,0.01921459916047752,400000000.0
NoiseProductJamming,30.0,500,random,20,20,14,-217.52578338239852,144.947796810703,66.96246576135998,-79.32189046112181,-105.61224113726247,0.2,1817.65,253.8,1.127723474960821,1.3346239807235416,0.0194666936295107,400000000.0
NoiseProductJamming,30.0,500,true,20,20,0,28.469594935260016,2.542291266814912,1.114208273875631,-8.685846209919741e-05,-8.685846209919741e-05,1.0,0.0,624.2,0.0,0.0,0.020989601034671068,400000000.0
SMSP,0.0,1250,fixed_0,20,20,0,-46.918652930803276,0.11179289684969929,0.048995397284479734,-100.74809690831708,-100.74809690831707,0.0,750.0,626.35,1.0001682575037183,1.4162946809990093,0.02025000285357237,400000000.0
SMSP,0.0,1250,missing,20,20,0,-46.918652930803276,0.11179289684969929,0.048995397284479734,-100.74809690831708,-100.74809690831707,0.0,750.0,626.35,1.0001682575037183,1.4162946809990093,0.020102100097574294,400000000.0
SMSP,0.0,1250,offset_+1,20,20,0,13.694579176377406,0.11179289684893565,0.04899539728414506,-0.3035923747676373,-0.30359237476763723,1.0,1.0,492.05,0.1916774610880098,1.7761505289286288,0.01988735457416624,400000000.0
SMSP,0.0,1250,offset_+16,20,20,0,2.8787774216962183,0.11179289684891582,0.04899539728413636,-28.5297185319765,-28.529718531976496,0.0,16.0,488.5,0.9828599131156844,1.298350632869114,0.020104192662984133,400000000.0
SMSP,0.0,1250,offset_+2,20,20,0,13.690713630405261,0.11179289684893404,0.04899539728414435,-1.188619231516971,-1.1886192315169712,1.0,2.0,489.2,0.370084542552361,1.6057022577815663,0.02030010800808668,400000000.0
SMSP,0.0,1250,offset_+32,20,20,0,-17.402348189483725,0.11179289684893398,0.04899539728414433,-60.90086154434167,-60.90086154434165,0.0,32.0,491.05,1.0075127778504946,1.4209607876364,0.01994785270653665,400000000.0
SMSP,0.0,1250,offset_+4,20,20,0,13.541255035355992,0.1117928968489318,0.04899539728414337,-4.868838735280629,-4.868838735280628,1.0,4.0,492.4,0.6768642729986212,1.7948367812882602,0.02001244865823537,400000000.0
SMSP,0.0,1250,offset_+8,20,20,0,12.64650304311504,0.11179289684956378,0.048995397284420344,-24.77015269320042,-24.770152693200416,1.0,8.0,489.75,0.9930106585260401,1.3611162698384054,0.019854147103615105,400000000.0
SMSP,0.0,1250,offset_-1,20,20,0,13.694579176377411,0.11179289684893565,0.04899539728414506,-0.3035923747676373,-0.30359237476763723,1.0,1.0,489.3,0.19160687777704266,1.7761505289286288,0.01986054703593254,400000000.0
SMSP,0.0,1250,offset_-16,20,20,0,2.878777421696598,0.11179289684893359,0.048995397284144156,-28.5297185319765,-28.529718531976496,0.0,16.0,495.85,0.983427565484344,1.298350632869114,0.020345862139947712,400000000.0
SMSP,0.0,1250,offset_-2,20,20,0,13.690713630405279,0.11179289684893483,0.0489953972841447,-1.188619231516971,-1.1886192315169712,1.0,2.0,492.45,0.36984816599824394,1.6057022577815663,0.019787545897997916,400000000.0
SMSP,0.0,1250,offset_-32,20,20,0,-17.402348189484016,0.11179289684890373,0.04899539728413107,-60.90086154434166,-60.90086154434164,0.0,32.0,500.3,1.0019134499442808,1.4209607876364,0.01999989035539329,400000000.0
SMSP,0.0,1250,offset_-4,20,20,0,13.541255035356079,0.11179289684893565,0.04899539728414506,-4.868838735280629,-4.868838735280628,1.0,4.0,490.55,0.6761284125411511,1.7948367812882602,0.020095804939046502,400000000.0
SMSP,0.0,1250,offset_-8,20,20,0,12.646503043125687,0.11179289684893369,0.048995397284144204,-24.77015269320042,-24.770152693200416,1.0,8.0,492.9,0.991476316272672,1.3611162698384054,0.01982065150514245,400000000.0
SMSP,0.0,1250,random,20,20,11,-202.581796011839,146.0105562528345,63.9919477259234,-104.1076089918767,-126.6771315657612,0.15,1397.65,278.65,1.000373134490747,1.407624122522626,0.020074998610652983,400000000.0
SMSP,0.0,1250,true,20,20,0,13.691824188960544,0.11179289684893565,0.04899539728414506,-8.685846209919741e-05,-8.685846209919741e-05,1.0,0.0,492.5,0.0,0.0,0.0216312037082389,400000000.0
SMSP,0.0,2500,fixed_0,20,20,20,nan,0.0,0.0,nan,nan,0.0,2500.0,0.0,0.9999999999999656,1.4142135623730503,0.020016540656797588,400000000.0
SMSP,0.0,2500,missing,20,20,20,nan,0.0,0.0,nan,nan,0.0,2500.0,0.0,0.9999999999999656,1.4142135623730503,0.01984374539460987,400000000.0
SMSP,0.0,2500,offset_+1,20,20,0,13.664423949983439,0.11074292222386092,0.04853522561542694,-0.3035923747676373,-0.30359237476763723,1.0,1.0,273.9,0.1916774610880098,1.7761505289286288,0.02026250003837049,400000000.0
SMSP,0.0,2500,offset_+16,20,20,0,2.84862219530225,0.11074292222384038,0.04853522561541793,-28.529718531976492,-28.529718531976492,0.0,16.0,269.3,0.9828599131156844,1.298350632869114,0.019987401901744306,400000000.0
SMSP,0.0,2500,offset_+2,20,20,0,13.660558404011287,0.11074292222385901,0.0485352256154261,-1.188619231516971,-1.1886192315169712,1.0,2.0,272.8,0.370084542552361,1.6057022577815663,0.02013335470110178,400000000.0
SMSP,0.0,2500,offset_+32,20,20,0,-17.43250341587769,0.11074292222385959,0.04853522561542636,-60.90086154434167,-60.90086154434165,0.0,32.0,268.05,1.0075127778504946,1.4209607876364,0.019881303887814283,400000000.0
SMSP,0.0,2500,offset_+4,20,20,0,13.511099808962024,0.11074292222385641,0.048535225615424955,-4.868838735280628,-4.868838735280626,1.0,4.0,272.55,0.6768642729986212,1.7948367812882602,0.01994579506572336,400000000.0
SMSP,0.0,2500,offset_+8,20,20,0,12.61634781672107,0.11074292222448902,0.04853522561570221,-24.77015269320042,-24.770152693200416,1.0,8.0,273.4,0.9930106585260401,1.3611162698384054,0.02011234755627811,400000000.0
SMSP,0.0,2500,offset_-1,20,20,0,13.664423949983448,0.11074292222386031,0.04853522561542667,-0.3035923747676373,-0.30359237476763723,1.0,1.0,273.15,0.19160687777704266,1.7761505289286288,0.0198435562197119,400000000.0
SMSP,0.0,2500,offset_-16,20,20,0,2.84862219530263,0.11074292222385954,0.04853522561542633,-28.5297185319765,-28.529718531976496,0.0,16.0,274.85,0.983427565484344,1.298350632869114,0.020566597231663764,400000000.0
SMSP,0.0,2500,offset_-2,20,20,0,13.660558404011311,0.11074292222386002,0.048535225615426544,-1.188619231516971,-1.1886192315169712,1.0,2.0,273.45,0.36984816599824394,1.6057022577815663,0.019908294780179858,400000000.0
SMSP,0.0,2500,offset_-32,20,20,0,-17.43250341587799,0.11074292222382986,0.048535225615413326,-60.90086154434166,-60.90086154434164,0.0,32.0,280.2,1.0019134499442808,1.4209607876364,0.021612399723380804,400000000.0
SMSP,0.0,2500,offset_-4,20,20,0,13.51109980896211,0.11074292222386092,0.04853522561542694,-4.868838735280629,-4.868838735280628,1.0,4.0,273.9,0.6761284125411511,1.7948367812882602,0.02022710395976901,400000000.0
SMSP,0.0,2500,offset_-8,20,20,0,12.616347816731722,0.11074292222385965,0.04853522561542638,-24.770152693200416,-24.770152693200412,1.0,8.0,272.85,0.991476316272672,1.3611162698384054,0.019923047511838377,400000000.0
SMSP,0.0,2500,random,20,20,14,-223.24546516481595,147.42936220527335,72.24038748058393,-100.81109946924312,-112.95789962239262,0.2,1458.7,176.2,1.0003717045143004,1.4033412024859502,0.019864708883687854,400000000.0
SMSP,0.0,2500,true,20,20,0,13.661668962566575,0.11074292222386092,0.04853522561542694,-8.685846209726872e-05,-8.685846209726874e-05,1.0,0.0,273.35,0.0,0.0,0.02206659992225468,400000000.0
SMSP,0.0,3750,fixed_0,20,20,20,nan,0.0,0.0,nan,nan,0.0,3750.0,0.0,0.9999999999999656,1.4142135623730503,0.02013549965340644,400000000.0
SMSP,0.0,3750,missing,20,20,20,nan,0.0,0.0,nan,nan,0.0,3750.0,0.0,0.9999999999999656,1.4142135623730503,0.020354101434350014,400000000.0
SMSP,0.0,3750,offset_+1,20,20,0,13.609092155962049,0.11129893940220106,0.04877891088808247,-0.3035923747676373,-0.30359237476763723,1.0,1.0,54.05,0.1916774610880098,1.7761505289286288,0.019895899458788335,400000000.0
SMSP,0.0,3750,offset_+16,20,20,0,2.793290401280861,0.11129893940218133,0.04877891088807382,-28.529718531976492,-28.529718531976492,0.0,16.0,52.1,0.9828599131156844,1.298350632869114,0.01997099898289889,400000000.0
SMSP,0.0,3750,offset_+2,20,20,0,13.605226609989899,0.111298939402199,0.04877891088808156,-1.188619231516971,-1.1886192315169712,1.0,2.0,55.85,0.370084542552361,1.6057022577815663,0.019966650870628655,400000000.0
SMSP,0.0,3750,offset_+32,20,20,0,-17.48783520989908,0.11129893940219983,0.04877891088808193,-60.90086154434167,-60.90086154434165,0.0,32.0,46.8,1.0075127778504946,1.4209607876364,0.020141643472015858,400000000.0
SMSP,0.0,3750,offset_+4,20,20,0,13.455768014940634,0.111298939402197,0.04877891088808069,-4.868838735280629,-4.868838735280628,1.0,4.0,53.55,0.6768642729986212,1.7948367812882602,0.02006271097343415,400000000.0
SMSP,0.0,3750,offset_+8,20,20,0,12.561016022699683,0.11129893940284988,0.048778910888366826,-24.770152693200423,-24.77015269320042,1.0,8.0,52.75,0.9930106585260401,1.3611162698384054,0.020052099716849625,400000000.0
SMSP,0.0,3750,offset_-1,20,20,0,13.609092155962056,0.11129893940220106,0.04877891088808247,-0.30359237476763823,-0.30359237476763823,1.0,1.0,53.4,0.19160687777704266,1.7761505289286288,0.019799996516667306,400000000.0
SMSP,0.0,3750,offset_-16,20,20,0,2.793290401281242,0.11129893940219945,0.04877891088808176,-28.5297185319765,-28.529718531976496,0.0,16.0,57.9,0.983427565484344,1.298350632869114,0.020052198669873178,400000000.0
SMSP,0.0,3750,offset_-2,20,20,0,13.605226609989924,0.11129893940220136,0.0487789108880826,-1.188619231516971,-1.1886192315169712,1.0,2.0,54.05,0.36984816599824394,1.6057022577815663,0.019791748491115868,400000000.0
SMSP,0.0,3750,offset_-32,20,20,0,-17.487835209899377,0.11129893940217118,0.04877891088806937,-60.90086154434166,-60.90086154434164,0.0,32.0,60.35,1.0019134499442808,1.4209607876364,0.020139594562351704,400000000.0
SMSP,0.0,3750,offset_-4,20,20,0,13.45576801494072,0.11129893940220047,0.04877891088808221,-4.868838735280628,-4.868838735280626,1.0,4.0,55.3,0.6761284125411511,1.7948367812882602,0.02038965467363596,400000000.0
SMSP,0.0,3750,offset_-8,20,20,0,12.56101602271033,0.1112989394021992,0.04877891088808166,-24.77015269320042,-24.770152693200416,1.0,8.0,55.65,0.991476316272672,1.3611162698384054,0.019891693955287337,400000000.0
SMSP,0.0,3750,random,20,20,12,-176.48718607575745,150.294664614228,76.0595944550986,-89.77558969896556,-137.90359686079853,0.2,1532.0,89.15,1.0011618804863391,1.3905057385755513,0.019983411766588688,400000000.0
SMSP,0.0,3750,true,20,20,0,13.606337168545187,0.11129893940220106,0.04877891088808247,-8.685846209919741e-05,-8.685846209919741e-05,1.0,0.0,54.15,0.0,0.0,0.021714792819693685,400000000.0
SMSP,0.0,4500,fixed_0,20,20,20,nan,0.0,0.0,nan,nan,0.0,4500.0,0.0,0.9999999999999656,1.4142135623730503,0.020297852461226285,400000000.0
SMSP,0.0,4500,missing,20,20,20,nan,0.0,0.0,nan,nan,0.0,4500.0,0.0,0.9999999999999656,1.4142135623730503,0.019972951849922538,400000000.0
SMSP,0.0,4500,offset_+1,20,20,0,13.609821633370865,0.11055984709922821,0.048454989404388006,-0.29490222623225715,-0.2949022262322571,1.0,1.0,14.1,0.18913196469240773,1.775868998944868,0.02039579558186233,400000000.0
SMSP,0.0,4500,offset_+16,20,20,0,2.7846919019265335,0.11055984709920778,0.04845498940437906,-28.389621912928863,-28.389621912928863,0.0,16.0,15.9,0.9825668636074238,1.292174278443752,0.020102004054933786,400000000.0
SMSP,0.0,4500,offset_+2,20,20,0,13.594866729192512,0.11055984709922632,0.04845498940438718,-1.1712302313285752,-1.1712302313285752,1.0,2.0,13.65,0.36775730636813575,1.6050793564945063,0.019883335335180163,400000000.0
SMSP,0.0,4500,offset_+32,20,20,0,-17.485991851653427,0.11055984709922619,0.04845498940438712,-60.61837156184881,-60.61837156184882,0.0,32.0,15.3,1.0077362010783564,1.4096558303359936,0.01986469724215567,400000000.0
SMSP,0.0,4500,offset_+4,20,20,0,13.4124600868795,0.11055984709922606,0.04845498940438707,-4.8340258525820134,-4.834025852582013,1.0,4.0,11.5,0.6752317119832069,1.793722127718004,0.020052047329954803,400000000.0
SMSP,0.0,4500,offset_+8,20,20,0,12.489810189241014,0.11055984709983877,0.048454989404655605,-24.700386836751925,-24.70038683675192,1.0,8.0,12.95,0.9929028795974162,1.3581743260785106,0.01990614691749215,400000000.0
SMSP,0.0,4500,offset_-1,20,20,0,13.618266341409258,0.1105598470992282,0.048454989404388,-0.3035923747676373,-0.30359237476763723,1.0,1.0,14.05,0.19160687777704266,1.7761505289286288,0.020166646572761238,400000000.0
SMSP,0.0,4500,offset_-16,20,20,0,2.7737330157507776,0.11055984709922623,0.04845498940438714,-28.5297185319765,-28.529718531976496,0.0,16.0,19.15,0.983427565484344,1.298350632869114,0.020285398932173848,400000000.0
SMSP,0.0,4500,offset_-2,20,20,0,13.614362904005798,0.1105598470992282,0.048454989404388,-1.1886192315169701,-1.1886192315169701,1.0,2.0,13.35,0.36984816599824394,1.6057022577815663,0.02018334635067731,400000000.0
SMSP,0.0,4500,offset_-32,20,20,0,-17.518952355132825,0.1105598470991977,0.048454989404374635,-60.90086154434166,-60.90086154434164,0.0,32.0,17.8,1.0019134499442808,1.4209607876364,0.020304039935581386,400000000.0
SMSP,0.0,4500,offset_-4,20,20,0,13.463465069602616,0.11055984709922756,0.04845498940438772,-4.868838735280623,-4.868838735280624,1.0,4.0,14.4,0.6761284125411511,1.7948367812882602,0.020179204875603318,400000000.0
SMSP,0.0,4500,offset_-8,20,20,0,12.561067634221999,0.11055984709922523,0.04845498940438671,-24.770152693200416,-24.770152693200412,1.0,8.0,16.9,0.991476316272672,1.3611162698384054,0.019874953432008624,400000000.0
SMSP,0.0,4500,random,20,20,13,-126.13910165772386,145.864585546425,90.40780677550312,-89.16008305654647,-112.52392943237498,0.2,2625.5,35.15,1.000610350197884,1.4065982582252399,0.020872859749943018,400000000.0
SMSP,0.0,4500,true,20,20,0,13.615484345183557,0.11055984709922627,0.04845498940438716,-8.685846209726872e-05,-8.685846209726874e-05,1.0,0.0,12.55,0.0,0.0,0.021712403395213187,400000000.0
SMSP,0.0,500,fixed_0,20,20,0,10.096711819415521,0.08342663930482001,0.036563336777506936,-8.685846209919741e-05,-8.685846209919741e-05,1.0,0.0,625.15,0.0,0.0,0.019927095854654908,400000000.0
SMSP,0.0,500,missing,20,20,0,10.096711819415521,0.08342663930482001,0.036563336777506936,-8.685846209919741e-05,-8.685846209919741e-05,1.0,0.0,625.15,0.0,0.0,0.019850049284286797,400000000.0
SMSP,0.0,500,offset_+1,20,20,0,10.09949381560436,0.08342663930481994,0.03656333677750691,-0.3035923747676373,-0.30359237476763723,1.0,1.0,627.55,0.1916774610880098,1.7761505289286288,0.02000414242502302,400000000.0
SMSP,0.0,500,offset_+16,20,20,0,-0.7450402396438784,0.08342663930480136,0.03656333677749876,-28.529718531976492,-28.529718531976492,0.0,16.0,624.2,0.9828599131156844,1.298350632869114,0.020048010628670454,400000000.0
SMSP,0.0,500,offset_+2,20,20,0,10.095590377651098,0.08342663930481957,0.036563336777506734,-1.1886192315169701,-1.1886192315169701,1.0,2.0,623.65,0.370084542552361,1.6057022577815663,0.019870896358042955,400000000.0
SMSP,0.0,500,offset_+32,20,20,0,-21.03772651596636,0.08342663930482146,0.03656333677750757,-60.90086154434166,-60.900861544341645,0.0,32.0,619.45,1.0075127778504946,1.4209607876364,0.019814452389255166,400000000.0
SMSP,0.0,500,offset_+4,20,20,0,9.944692534840105,0.08342663930481838,0.036563336777506214,-4.868838735280629,-4.868838735280628,1.0,4.0,622.25,0.6768642729986212,1.7948367812882602,0.01997505605686456,400000000.0
SMSP,0.0,500,offset_+8,20,20,0,9.042294993366315,0.0834266393059684,0.03656333677801024,-24.77015269320042,-24.770152693200416,1.0,8.0,625.25,0.9930106585260401,1.3611162698384054,0.019816699204966426,400000000.0
SMSP,0.0,500,offset_-1,20,20,0,10.096711819415521,0.08342663930482001,0.036563336777506936,-8.685846209919741e-05,-8.685846209919741e-05,1.0,0.0,625.15,0.0,0.0,0.01995839993469417,400000000.0
SMSP,0.0,500,offset_-16,20,20,0,10.096711819415521,0.08342663930482001,0.036563336777506936,-8.685846209919741e-05,-8.685846209919741e-05,1.0,0.0,625.15,0.0,0.0,0.020304101053625345,400000000.0
SMSP,0.0,500,offset_-2,20,20,0,10.096711819415521,0.08342663930482001,0.036563336777506936,-8.685846209919741e-05,-8.685846209919741e-05,1.0,0.0,625.15,0.0,0.0,0.020006101112812757,400000000.0
SMSP,0.0,500,offset_-32,20,20,0,10.096711819415521,0.08342663930482001,0.036563336777506936,-8.685846209919741e-05,-8.685846209919741e-05,1.0,0.0,625.15,0.0,0.0,0.02047294401563704,400000000.0
SMSP,0.0,500,offset_-4,20,20,0,10.096711819415521,0.08342663930482001,0.036563336777506936,-8.685846209919741e-05,-8.685846209919741e-05,1.0,0.0,625.15,0.0,0.0,0.020041593234054744,400000000.0
SMSP,0.0,500,offset_-8,20,20,0,10.096711819415521,0.08342663930482001,0.036563336777506936,-8.685846209919741e-05,-8.685846209919741e-05,1.0,0.0,625.15,0.0,0.0,0.02031665062531829,400000000.0
SMSP,0.0,500,random,20,20,14,-235.79214328867658,144.63096701830332,66.81609786483065,-79.32189046112181,-105.61224113726247,0.15,1817.65,254.3,0.9501013361150248,1.3346239807235416,0.019902200438082218,400000000.0
SMSP,0.0,500,true,20,20,0,10.096711819415521,0.08342663930482001,0.036563336777506936,-8.685846209919741e-05,-8.685846209919741e-05,1.0,0.0,625.15,0.0,0.0,0.021797898807562888,400000000.0
SMSP,10.0,1250,fixed_0,20,20,0,-36.69562570662513,0.08572507378759509,0.0375706701035886,-100.74809690831708,-100.74809690831707,0.0,750.0,625.75,1.0018791266054436,1.4162946809990093,0.02026664442382753,400000000.0
SMSP,10.0,1250,missing,20,20,0,-36.69562570662513,0.08572507378759509,0.0375706701035886,-100.74809690831708,-100.74809690831707,0.0,750.0,625.75,1.0018791266054436,1.4162946809990093,0.01934365718625486,400000000.0
SMSP,10.0,1250,offset_+1,20,20,0,23.91760640054721,0.08572507378761601,0.03757067010359778,-0.3035923747676373,-0.30359237476763723,1.0,1.0,491.1,0.2084404926594773,1.7761505289286288,0.01918319903779775,400000000.0
SMSP,10.0,1250,offset_+16,20,20,0,13.101804645866304,0.08572507378760816,0.03757067010359433,-28.5297185319765,-28.529718531976496,0.0,16.0,488.4,0.9960003153561298,1.298350632869114,0.019197893561795354,400000000.0
SMSP,10.0,1250,offset_+2,20,20,0,23.91374085457504,0.08572507378761536,0.03757067010359749,-1.188619231516971,-1.1886192315169712,1.0,2.0,490.15,0.40410127629145887,1.6057022577815663,0.019187599536962807,400000000.0
SMSP,10.0,1250,offset_+32,20,20,0,-7.179320965313802,0.08572507378761848,0.03757067010359885,-60.90086154434167,-60.90086154434165,0.0,32.0,486.1,1.0733670974918241,1.4209607876364,0.01912500592879951,400000000.0
SMSP,10.0,1250,offset_+4,20,20,0,23.76428225952558,0.08572507378760616,0.037570670103593454,-4.868838735280629,-4.868838735280628,1.0,4.0,489.95,0.7416568448216696,1.7948367812882602,0.019339608843438327,400000000.0
SMSP,10.0,1250,offset_+8,20,20,0,22.869530267294884,0.08572507378764087,0.037570670103608664,-24.77015269320042,-24.770152693200416,1.0,8.0,487.55,1.0800746786782942,1.3611162698384054,0.019137546769343317,400000000.0
SMSP,10.0,1250,offset_-1,20,20,0,23.91760640054724,0.0857250737876179,0.0375706701035986,-0.3035923747676373,-0.30359237476763723,1.0,1.0,487.1,0.2072198566737576,1.7761505289286288,0.01917710469570011,400000000.0
SMSP,10.0,1250,offset_-16,20,20,0,13.101804645866565,0.08572507378761701,0.03757067010359821,-28.5297185319765,-28.529718531976496,0.0,16.0,497.5,1.007282695779693,1.298350632869114,0.019429251551628113,400000000.0
SMSP,10.0,1250,offset_-2,20,20,0,23.913740854575106,0.0857250737876179,0.0375706701035986,-1.188619231516971,-1.1886192315169712,1.0,2.0,494.95,0.39955764659833987,1.6057022577815663,0.01917079498525709,400000000.0
SMSP,10.0,1250,offset_-32,20,20,0,-7.179320965313821,0.08572507378761693,0.03757067010359818,-60.90086154434166,-60.90086154434164,0.0,32.0,496.9,1.0405786868084381,1.4209607876364,0.01956259657163173,400000000.0
SMSP,10.0,1250,offset_-4,20,20,0,23.764282259525913,0.0857250737876179,0.0375706701035986,-4.868838735280629,-4.868838735280628,1.0,4.0,497.0,0.7256396730743864,1.7948367812882602,0.019454301218502223,400000000.0
SMSP,10.0,1250,offset_-8,20,20,0,22.869530267295584,0.08572507378761646,0.037570670103597964,-24.77015269320042,-24.770152693200416,1.0,8.0,492.65,1.0390232171835019,1.3611162698384054,0.01940630318131298,400000000.0
SMSP,10.0,1250,random,20,20,11,-192.3587687876684,146.01259352326232,63.99284059905577,-104.1076089918767,-126.6771315657612,0.15,1397.65,279.25,1.0042448063415892,1.407624122522626,0.01929574355017394,400000000.0
SMSP,10.0,1250,true,20,20,0,23.914851413130357,0.08572507378761568,0.037570670103597624,-8.685846209919741e-05,-8.685846209919741e-05,1.0,0.0,491.5,0.0,0.0,0.020956338266842067,400000000.0
SMSP,10.0,2500,fixed_0,20,20,20,nan,0.0,0.0,nan,nan,0.0,2500.0,0.0,0.9999999999999606,1.4142135623730503,0.019366643391549587,400000000.0
SMSP,10.0,2500,missing,20,20,20,nan,0.0,0.0,nan,nan,0.0,2500.0,0.0,0.9999999999999606,1.4142135623730503,0.01926249824464321,400000000.0
SMSP,10.0,2500,offset_+1,20,20,0,23.914823404866816,0.08548465394328618,0.03746530146104573,-0.3035923747676373,-0.30359237476763723,1.0,1.0,274.0,0.2084404926594773,1.7761505289286288,0.019220795365981758,400000000.0
SMSP,10.0,2500,offset_+16,20,20,0,13.099021650185914,0.08548465394327816,0.03746530146104222,-28.529718531976492,-28.529718531976492,0.0,16.0,271.55,0.9960003153561298,1.298350632869114,0.019210355821996927,400000000.0
SMSP,10.0,2500,offset_+2,20,20,0,23.91095785889464,0.08548465394328547,0.037465301461045424,-1.188619231516971,-1.1886192315169712,1.0,2.0,271.45,0.40410127629145887,1.6057022577815663,0.01932284503709525,400000000.0
SMSP,10.0,2500,offset_+32,20,20,0,-7.182103960994192,0.08548465394328841,0.037465301461046714,-60.90086154434167,-60.90086154434165,0.0,32.0,269.85,1.0733670974918241,1.4209607876364,0.01918130728881806,400000000.0
SMSP,10.0,2500,offset_+4,20,20,0,23.761499263845185,0.08548465394327645,0.03746530146104147,-4.868838735280628,-4.868838735280626,1.0,4.0,271.6,0.7416568448216696,1.7948367812882602,0.0192333449376747,400000000.0
SMSP,10.0,2500,offset_+8,20,20,0,22.86674727161449,0.08548465394331009,0.037465301461056214,-24.77015269320042,-24.770152693200416,1.0,8.0,270.8,1.0800746786782942,1.3611162698384054,0.01916459877975285,400000000.0
SMSP,10.0,2500,offset_-1,20,20,0,23.914823404866844,0.08548465394328827,0.03746530146104665,-0.3035923747676373,-0.30359237476763723,1.0,1.0,274.65,0.2072198566737576,1.7761505289286288,0.01919805654324591,400000000.0
SMSP,10.0,2500,offset_-16,20,20,0,13.09902165018617,0.08548465394328646,0.037465301461045854,-28.5297185319765,-28.529718531976496,0.0,16.0,276.2,1.007282695779693,1.298350632869114,0.019479304319247603,400000000.0
SMSP,10.0,2500,offset_-2,20,20,0,23.91095785889471,0.08548465394328827,0.03746530146104665,-1.188619231516971,-1.1886192315169712,1.0,2.0,273.35,0.39955764659833987,1.6057022577815663,0.019160506781190634,400000000.0
SMSP,10.0,2500,offset_-32,20,20,0,-7.1821039609942146,0.08548465394328691,0.037465301461046055,-60.90086154434166,-60.90086154434164,0.0,32.0,282.8,1.0405786868084381,1.4209607876364,0.019404050544835627,400000000.0
SMSP,10.0,2500,offset_-4,20,20,0,23.761499263845515,0.08548465394328827,0.03746530146104665,-4.868838735280629,-4.868838735280628,1.0,4.0,275.55,0.7256396730743864,1.7948367812882602,0.019437604350969195,400000000.0
SMSP,10.0,2500,offset_-8,20,20,0,22.866747271615186,0.08548465394328669,0.03746530146104596,-24.770152693200416,-24.770152693200412,1.0,8.0,274.95,1.0390232171835019,1.3611162698384054,0.01912295410875231,400000000.0
SMSP,10.0,2500,random,20,20,14,-212.8523442011545,147.31549880831597,72.18459441607482,-100.81109946924312,-112.95789962239262,0.2,1458.7,177.25,1.0041283209071303,1.4033412024859502,0.019454146968200803,400000000.0
SMSP,10.0,2500,true,20,20,0,23.912068417449966,0.08548465394328827,0.03746530146104665,-8.685846209726872e-05,-8.685846209726874e-05,1.0,0.0,274.4,0.0,0.0,0.020895799389109015,400000000.0
SMSP,10.0,3750,fixed_0,20,20,20,nan,0.0,0.0,nan,nan,0.0,3750.0,0.0,0.9999999999999606,1.4142135623730503,0.019249945762567222,400000000.0
SMSP,10.0,3750,missing,20,20,20,nan,0.0,0.0,nan,nan,0.0,3750.0,0.0,0.9999999999999606,1.4142135623730503,0.019200003589503467,400000000.0
SMSP,10.0,3750,offset_+1,20,20,0,23.90886956706128,0.085535677120606,0.03748766335445711,-0.3035923747676373,-0.30359237476763723,1.0,1.0,54.85,0.2084404926594773,1.7761505289286288,0.019212704501114786,400000000.0
SMSP,10.0,3750,offset_+16,20,20,0,13.093067812380378,0.08553567712059822,0.03748766335445369,-28.529718531976492,-28.529718531976492,0.0,16.0,51.5,0.9960003153561298,1.298350632869114,0.019260297995060682,400000000.0
SMSP,10.0,3750,offset_+2,20,20,0,23.905004021089113,0.08553567712060528,0.03748766335445679,-1.188619231516971,-1.1886192315169712,1.0,2.0,53.2,0.40410127629145887,1.6057022577815663,0.01921254734043032,400000000.0
SMSP,10.0,3750,offset_+32,20,20,0,-7.188057798799726,0.08553567712060735,0.0374876633544577,-60.90086154434167,-60.90086154434165,0.0,32.0,45.8,1.0733670974918241,1.4209607876364,0.01907290134113282,400000000.0
SMSP,10.0,3750,offset_+4,20,20,0,23.755545426039653,0.08553567712059641,0.0374876633544529,-4.868838735280629,-4.868838735280628,1.0,4.0,54.1,0.7416568448216696,1.7948367812882602,0.019279145635664463,400000000.0
SMSP,10.0,3750,offset_+8,20,20,0,22.86079343380895,0.08553567712063039,0.03748766335446779,-24.770152693200423,-24.77015269320042,1.0,8.0,52.25,1.0800746786782942,1.3611162698384054,0.019110392895527184,400000000.0
SMSP,10.0,3750,offset_-1,20,20,0,23.908869567061313,0.08553567712060783,0.037487663354457905,-0.30359237476763823,-0.30359237476763823,1.0,1.0,56.05,0.2072198566737576,1.7761505289286288,0.019343753228895366,400000000.0
SMSP,10.0,3750,offset_-16,20,20,0,13.093067812380642,0.08553567712060609,0.03748766335445714,-28.5297185319765,-28.529718531976496,0.0,16.0,57.7,1.007282695779693,1.298350632869114,0.01927275152411312,400000000.0
SMSP,10.0,3750,offset_-2,20,20,0,23.90500402108918,0.08553567712060757,0.03748766335445779,-1.188619231516971,-1.1886192315169712,1.0,2.0,54.65,0.39955764659833987,1.6057022577815663,0.019121001241728663,400000000.0
SMSP,10.0,3750,offset_-32,20,20,0,-7.188057798799744,0.08553567712060686,0.037487663354457475,-60.90086154434166,-60.90086154434164,0.0,32.0,61.0,1.0405786868084381,1.4209607876364,0.019514656742103398,400000000.0
SMSP,10.0,3750,offset_-4,20,20,0,23.755545426039983,0.08553567712060783,0.037487663354457905,-4.868838735280628,-4.868838735280626,1.0,4.0,55.85,0.7256396730743864,1.7948367812882602,0.019327152404002845,400000000.0
SMSP,10.0,3750,offset_-8,20,20,0,22.860793433809658,0.08553567712060668,0.037487663354457405,-24.77015269320042,-24.770152693200416,1.0,8.0,55.45,1.0390232171835019,1.3611162698384054,0.019195856293663383,400000000.0
SMSP,10.0,3750,random,20,20,12,-166.68789710094126,150.86203893117272,76.34672547576271,-89.77558969896556,-137.90359686079853,0.2,1532.0,89.75,1.015309743995047,1.3905057385755513,0.01923324598465115,400000000.0
SMSP,10.0,3750,true,20,20,0,23.906114579644438,0.08553567712060611,0.037487663354457156,-8.685846209919741e-05,-8.685846209919741e-05,1.0,0.0,55.7,0.0,0.0,0.020927147124893963,400000000.0
SMSP,10.0,4500,fixed_0,20,20,20,nan,0.0,0.0,nan,nan,0.0,4500.0,0.0,0.9999999999999606,1.4142135623730503,0.01934800238814205,400000000.0
SMSP,10.0,4500,missing,20,20,20,nan,0.0,0.0,nan,nan,0.0,4500.0,0.0,0.9999999999999606,1.4142135623730503,0.01921870280057192,400000000.0
SMSP,10.0,4500,offset_+1,20,20,0,23.93931783684457,0.08550263108187806,0.03747318028941648,-0.29490222623225715,-0.2949022262322571,1.0,1.0,15.05,0.20610304386271805,1.775868998944868,0.01922290539368987,400000000.0
SMSP,10.0,4500,offset_+16,20,20,0,13.114188105400507,0.08550263108187212,0.03747318028941388,-28.389621912928863,-28.389621912928863,0.0,16.0,18.1,0.9959309580489917,1.292174278443752,0.019243653514422476,400000000.0
SMSP,10.0,4500,offset_+2,20,20,0,23.924362932666195,0.0855026310818787,0.037473180289416756,-1.1712302313285752,-1.1712302313285752,1.0,2.0,13.65,0.4020459988282525,1.6050793564945063,0.019420901662670076,400000000.0
SMSP,10.0,4500,offset_+32,20,20,0,-7.15649564817961,0.08550263108188069,0.03747318028941763,-60.61837156184881,-60.61837156184882,0.0,32.0,18.35,1.0756216891482913,1.4096558303359936,0.01905204844661057,400000000.0
SMSP,10.0,4500,offset_+4,20,20,0,23.741956290352988,0.08550263108186994,0.03747318028941292,-4.8340258525820134,-4.834025852582013,1.0,4.0,13.9,0.7403611298506294,1.793722127718004,0.019204002455808222,400000000.0
SMSP,10.0,4500,offset_+8,20,20,0,22.819306392724645,0.085502631081902,0.03747318028942697,-24.700386836751925,-24.70038683675192,1.0,8.0,15.0,1.0805693875421725,1.3581743260785106,0.019050005357712507,400000000.0
SMSP,10.0,4500,offset_-1,20,20,0,23.94776254488298,0.08550263108187806,0.03747318028941648,-0.3035923747676373,-0.30359237476763723,1.0,1.0,14.45,0.2072198566737576,1.7761505289286288,0.019025104120373726,400000000.0
SMSP,10.0,4500,offset_-16,20,20,0,13.103229219224641,0.0855026310818796,0.03747318028941715,-28.5297185319765,-28.529718531976496,0.0,16.0,20.0,1.007282695779693,1.298350632869114,0.01933953317347914,400000000.0
SMSP,10.0,4500,offset_-2,20,20,0,23.94385910747952,0.08550263108188123,0.03747318028941787,-1.1886192315169701,-1.1886192315169701,1.0,2.0,13.55,0.39955764659833987,1.6057022577815663,0.019075203454121947,400000000.0
SMSP,10.0,4500,offset_-32,20,20,0,-7.18945615165873,0.08550263108187986,0.03747318028941727,-60.90086154434166,-60.90086154434164,0.0,32.0,18.65,1.0405786868084381,1.4209607876364,0.01928970159497112,400000000.0
SMSP,10.0,4500,offset_-4,20,20,0,23.792961273076347,0.08550263108187965,0.03747318028941718,-4.868838735280623,-4.868838735280624,1.0,4.0,13.85,0.7256396730743864,1.7948367812882602,0.019164601690135896,400000000.0
SMSP,10.0,4500,offset_-8,20,20,0,22.89056383769579,0.08550263108187876,0.03747318028941679,-24.770152693200416,-24.770152693200412,1.0,8.0,17.85,1.0390232171835019,1.3611162698384054,0.019185501150786877,400000000.0
SMSP,10.0,4500,random,20,20,13,-115.18767736018447,144.85123606204985,89.77972625797213,-89.16008305654647,-112.52392943237498,0.2,2625.5,35.2,1.015775146886578,1.4065982582252399,0.0192251056432724,400000000.0
SMSP,10.0,4500,true,20,20,0,23.944980548657277,0.08550263108187953,0.037473180289417124,-8.685846209726872e-05,-8.685846209726874e-05,1.0,0.0,13.65,0.0,0.0,0.020679194130934775,400000000.0
SMSP,10.0,500,fixed_0,20,20,0,19.856719394032382,0.07466533162553074,0.032723524387141316,-8.685846209919741e-05,-8.685846209919741e-05,1.0,0.0,626.15,0.0,0.0,0.01942515664268285,400000000.0
SMSP,10.0,500,missing,20,20,0,19.856719394032382,0.07466533162553074,0.032723524387141316,-8.685846209919741e-05,-8.685846209919741e-05,1.0,0.0,626.15,0.0,0.0,0.019243755377829075,400000000.0
SMSP,10.0,500,offset_+1,20,20,0,19.859501390221215,0.07466533162553349,0.032723524387142516,-0.3035923747676373,-0.30359237476763723,1.0,1.0,624.3,0.2084404926594773,1.7761505289286288,0.019329049973748624,400000000.0
SMSP,10.0,500,offset_+16,20,20,0,9.014967334973255,0.0746653316255265,0.03272352438713945,-28.529718531976492,-28.529718531976492,0.0,16.0,625.15,0.9960003153561298,1.298350632869114,0.01969374716281891,400000000.0
SMSP,10.0,500,offset_+2,20,20,0,19.85559795226792,0.07466533162553245,0.03272352438714206,-1.1886192315169701,-1.1886192315169701,1.0,2.0,626.95,0.40410127629145887,1.6057022577815663,0.019420849275775254,400000000.0
SMSP,10.0,500,offset_+32,20,20,0,-11.27771894134939,0.07466533162553386,0.032723524387142676,-60.90086154434166,-60.900861544341645,0.0,32.0,617.6,1.0733670974918241,1.4209607876364,0.019197841174900532,400000000.0
SMSP,10.0,500,offset_+4,20,20,0,19.704700109456745,0.07466533162552312,0.03272352438713798,-4.868838735280629,-4.868838735280628,1.0,4.0,621.95,0.7416568448216696,1.7948367812882602,0.019406253704801202,400000000.0
SMSP,10.0,500,offset_+8,20,20,0,18.802302567993276,0.07466533162555548,0.032723524387152154,-24.77015269320042,-24.770152693200416,1.0,8.0,625.75,1.0800746786782942,1.3611162698384054,0.01923755626194179,400000000.0
SMSP,10.0,500,offset_-1,20,20,0,19.856719394032382,0.07466533162553074,0.032723524387141316,-8.685846209919741e-05,-8.685846209919741e-05,1.0,0.0,626.15,0.0,0.0,0.019425051868893206,400000000.0
SMSP,10.0,500,offset_-16,20,20,0,19.856719394032382,0.07466533162553074,0.032723524387141316,-8.685846209919741e-05,-8.685846209919741e-05,1.0,0.0,626.15,0.0,0.0,0.019675001385621727,400000000.0
SMSP,10.0,500,offset_-2,20,20,0,19.856719394032382,0.07466533162553074,0.032723524387141316,-8.685846209919741e-05,-8.685846209919741e-05,1.0,0.0,626.15,0.0,0.0,0.019356401753611863,400000000.0
SMSP,10.0,500,offset_-32,20,20,0,19.856719394032382,0.07466533162553074,0.032723524387141316,-8.685846209919741e-05,-8.685846209919741e-05,1.0,0.0,626.15,0.0,0.0,0.019781303126364946,400000000.0
SMSP,10.0,500,offset_-4,20,20,0,19.856719394032382,0.07466533162553074,0.032723524387141316,-8.685846209919741e-05,-8.685846209919741e-05,1.0,0.0,626.15,0.0,0.0,0.01971675083041191,400000000.0
SMSP,10.0,500,offset_-8,20,20,0,19.856719394032382,0.07466533162553074,0.032723524387141316,-8.685846209919741e-05,-8.685846209919741e-05,1.0,0.0,626.15,0.0,0.0,0.019600047380663455,400000000.0
SMSP,10.0,500,random,20,20,14,-226.0335642828852,144.6207429514012,66.81137458689929,-79.32189046112181,-105.61224113726247,0.15,1817.65,255.1,0.9506141856594317,1.3346239807235416,0.019297946710139513,400000000.0
SMSP,10.0,500,true,20,20,0,19.856719394032382,0.07466533162553074,0.032723524387141316,-8.685846209919741e-05,-8.685846209919741e-05,1.0,0.0,626.15,0.0,0.0,0.020929047605022788,400000000.0
SMSP,20.0,1250,fixed_0,20,20,0,-27.71842139385443,0.0572530512011065,0.02509225602337022,-100.74809690831708,-100.74809690831707,0.0,750.0,625.45,1.028623782675535,1.4162946809990093,0.018920900765806437,400000000.0
SMSP,20.0,1250,missing,20,20,0,-27.71842139385443,0.0572530512011065,0.02509225602337022,-100.74809690831708,-100.74809690831707,0.0,750.0,625.45,1.028623782675535,1.4162946809990093,0.01874800364021212,400000000.0
SMSP,20.0,1250,offset_+1,20,20,0,32.89481071331701,0.057253051201104174,0.025092256023369203,-0.3035923747676373,-0.30359237476763723,1.0,1.0,488.0,0.3336981339989536,1.7761505289286288,0.018929195357486606,400000000.0
SMSP,20.0,1250,offset_+16,20,20,0,22.079008958636585,0.05725305120110813,0.025092256023370937,-28.5297185319765,-28.529718531976496,0.0,16.0,490.05,1.1780342148224976,1.298350632869114,0.018850050400942564,400000000.0
SMSP,20.0,1250,offset_+2,20,20,0,32.890945167344675,0.05725305120109951,0.02509225602336716,-1.188619231516971,-1.1886192315169712,1.0,2.0,490.85,0.6593122988066836,1.6057022577815663,0.018868755432777107,400000000.0
SMSP,20.0,1250,offset_+32,20,20,0,1.797883347456126,0.05725305120110773,0.02509225602337076,-60.90086154434167,-60.90086154434165,0.0,32.0,491.35,1.7640457439635866,1.4209607876364,0.01877515751402825,400000000.0
SMSP,20.0,1250,offset_+4,20,20,0,32.741486572295486,0.05725305120111352,0.025092256023373297,-4.868838735280629,-4.868838735280628,1.0,4.0,489.0,1.239121586021632,1.7948367812882602,0.018929358338937163,400000000.0
SMSP,20.0,1250,offset_+8,20,20,0,31.846734580065593,0.057253051201107234,0.025092256023370542,-24.77015269320042,-24.770152693200416,1.0,8.0,489.25,1.8242183923933464,1.3611162698384054,0.018789595924317837,400000000.0
SMSP,20.0,1250,offset_-1,20,20,0,32.894810713317135,0.05725305120110707,0.02509225602337047,-0.3035923747676373,-0.30359237476763723,1.0,1.0,489.55,0.3227491406371741,1.7761505289286288,0.01902504009194672,400000000.0
SMSP,20.0,1250,offset_-16,20,20,0,22.07900895863661,0.05725305120110734,0.025092256023370587,-28.5297185319765,-28.529718531976496,0.0,16.0,497.8,1.3219363606801053,1.298350632869114,0.019577101920731366,400000000.0
SMSP,20.0,1250,offset_-2,20,20,0,32.890945167345016,0.05725305120110707,0.02509225602337047,-1.188619231516971,-1.1886192315169712,1.0,2.0,494.3,0.6178257876856608,1.6057022577815663,0.01899574708659202,400000000.0
SMSP,20.0,1250,offset_-32,20,20,0,1.7978833474561249,0.05725305120110714,0.0250922560233705,-60.90086154434166,-60.90086154434164,0.0,32.0,498.75,1.5625647511186052,1.4209607876364,0.01936249900609255,400000000.0
SMSP,20.0,1250,offset_-4,20,20,0,32.741486572295834,0.05725305120110707,0.02509225602337047,-4.868838735280629,-4.868838735280628,1.0,4.0,492.35,1.0886720357025492,1.7948367812882602,0.01932930899783969,400000000.0
SMSP,20.0,1250,offset_-8,20,20,0,31.84673458006559,0.05725305120110742,0.025092256023370625,-24.77015269320042,-24.770152693200416,1.0,8.0,492.4,1.3984811305783338,1.3611162698384054,0.019251997582614422,400000000.0
SMSP,20.0,1250,random,20,20,11,-183.38156447489843,146.012438026849,63.992772449747875,-104.1076089918767,-126.6771315657612,0.15,1397.65,278.45,1.0536587487143234,1.407624122522626,0.018814546638168395,400000000.0
SMSP,20.0,1250,true,20,20,0,32.89205572590022,0.057253051201104764,0.02509225602336946,-8.685846209919741e-05,-8.685846209919741e-05,1.0,0.0,491.25,0.0,0.0,0.020810402929782867,400000000.0
SMSP,20.0,2500,fixed_0,20,20,20,nan,0.0,0.0,nan,nan,0.0,2500.0,0.0,0.9999999999999506,1.4142135623730503,0.019156245980411768,400000000.0
SMSP,20.0,2500,missing,20,20,20,nan,0.0,0.0,nan,nan,0.0,2500.0,0.0,0.9999999999999506,1.4142135623730503,0.018956305575557053,400000000.0
SMSP,20.0,2500,offset_+1,20,20,0,32.895030970842065,0.05721619595853952,0.02507610350113965,-0.3035923747676373,-0.30359237476763723,1.0,1.0,273.05,0.3336981339989536,1.7761505289286288,0.019068800611421466,400000000.0
SMSP,20.0,2500,offset_+16,20,20,0,22.079229216161636,0.057216195958541195,0.02507610350114038,-28.529718531976492,-28.529718531976492,0.0,16.0,270.8,1.1780342148224976,1.298350632869114,0.019033352145925164,400000000.0
SMSP,20.0,2500,offset_+2,20,20,0,32.891165424869726,0.05721619595853553,0.025076103501137897,-1.188619231516971,-1.1886192315169712,1.0,2.0,271.1,0.6593122988066836,1.6057022577815663,0.01922489609569311,400000000.0
SMSP,20.0,2500,offset_+32,20,20,0,1.7981036049811785,0.057216195958542646,0.025076103501141016,-60.90086154434167,-60.90086154434165,0.0,32.0,268.15,1.7640457439635866,1.4209607876364,0.018958293367177248,400000000.0
SMSP,20.0,2500,offset_+4,20,20,0,32.74170682982054,0.05721619595854691,0.02507610350114289,-4.868838735280628,-4.868838735280626,1.0,4.0,271.65,1.239121586021632,1.7948367812882602,0.01912915031425655,400000000.0
SMSP,20.0,2500,offset_+8,20,20,0,31.846954837590648,0.05721619595854203,0.025076103501140746,-24.77015269320042,-24.770152693200416,1.0,8.0,270.35,1.8242183923933464,1.3611162698384054,0.01993134501390159,400000000.0
SMSP,20.0,2500,offset_-1,20,20,0,32.895030970842186,0.057216195958540154,0.025076103501139924,-0.3035923747676373,-0.30359237476763723,1.0,1.0,274.2,0.3227491406371741,1.7761505289286288,0.01895599707495421,400000000.0
SMSP,20.0,2500,offset_-16,20,20,0,22.07922921616166,0.057216195958542534,0.025076103501140968,-28.5297185319765,-28.529718531976496,0.0,16.0,274.95,1.3219363606801053,1.298350632869114,0.019208452431485057,400000000.0
SMSP,20.0,2500,offset_-2,20,20,0,32.89116542487007,0.0572161959585426,0.025076103501140996,-1.188619231516971,-1.1886192315169712,1.0,2.0,275.1,0.6178257876856608,1.6057022577815663,0.01903339580167085,400000000.0
SMSP,20.0,2500,offset_-32,20,20,0,1.7981036049811756,0.05721619595854183,0.025076103501140656,-60.90086154434166,-60.90086154434164,0.0,32.0,281.25,1.5625647511186052,1.4209607876364,0.019229197641834617,400000000.0
SMSP,20.0,2500,offset_-4,20,20,0,32.741706829820885,0.0572161959585426,0.025076103501140996,-4.868838735280629,-4.868838735280628,1.0,4.0,274.0,1.0886720357025492,1.7948367812882602,0.019162549870088696,400000000.0
SMSP,20.0,2500,offset_-8,20,20,0,31.846954837590637,0.057216195958541535,0.02507610350114053,-24.770152693200416,-24.770152693200412,1.0,8.0,273.7,1.3984811305783338,1.3611162698384054,0.018999891472049057,400000000.0
SMSP,20.0,2500,random,20,20,14,-204.105838935093,147.50035888163325,72.27517585200029,-100.81109946924312,-112.95789962239262,0.2,1458.7,177.45,1.0524472872144246,1.4033412024859502,0.0189625978237018,400000000.0
SMSP,20.0,2500,true,20,20,0,32.89227598342527,0.05721619595853953,0.025076103501139653,-8.685846209726872e-05,-8.685846209726874e-05,1.0,0.0,273.05,0.0,0.0,0.020641545415855944,400000000.0
SMSP,20.0,3750,fixed_0,20,20,20,nan,0.0,0.0,nan,nan,0.0,3750.0,0.0,0.9999999999999506,1.4142135623730503,0.019095843890681863,400000000.0
SMSP,20.0,3750,missing,20,20,20,nan,0.0,0.0,nan,nan,0.0,3750.0,0.0,0.9999999999999506,1.4142135623730503,0.019004143541678786,400000000.0
SMSP,20.0,3750,offset_+1,20,20,0,32.894431107716834,0.05722574823441707,0.025080289970627244,-0.3035923747676373,-0.30359237476763723,1.0,1.0,54.85,0.3336981339989536,1.7761505289286288,0.019668953609652817,400000000.0
SMSP,20.0,3750,offset_+16,20,20,0,22.078629353036405,0.057225748234419116,0.025080289970628142,-28.529718531976492,-28.529718531976492,0.0,16.0,51.85,1.1780342148224976,1.298350632869114,0.01896040339488536,400000000.0
SMSP,20.0,3750,offset_+2,20,20,0,32.89056556174451,0.05722574823441253,0.025080289970625256,-1.188619231516971,-1.1886192315169712,1.0,2.0,55.25,0.6593122988066836,1.6057022577815663,0.018849995103664696,400000000.0
SMSP,20.0,3750,offset_+32,20,20,0,1.7975037418559445,0.057225748234420205,0.02508028997062862,-60.90086154434167,-60.90086154434165,0.0,32.0,47.0,1.7640457439635866,1.4209607876364,0.018939501023851335,400000000.0
SMSP,20.0,3750,offset_+4,20,20,0,32.74110696669529,0.057225748234424105,0.025080289970630328,-4.868838735280629,-4.868838735280628,1.0,4.0,54.75,1.239121586021632,1.7948367812882602,0.01902084914036095,400000000.0
SMSP,20.0,3750,offset_+8,20,20,0,31.846354974465406,0.0572257482344196,0.025080289970628358,-24.770152693200423,-24.77015269320042,1.0,8.0,52.25,1.8242183923933464,1.3611162698384054,0.01888949773274362,400000000.0
SMSP,20.0,3750,offset_-1,20,20,0,32.894431107716954,0.05722574823441933,0.025080289970628236,-0.30359237476763823,-0.30359237476763823,1.0,1.0,55.65,0.3227491406371741,1.7761505289286288,0.01899784547276795,400000000.0
SMSP,20.0,3750,offset_-16,20,20,0,22.078629353036426,0.05722574823442107,0.025080289970629,-28.5297185319765,-28.529718531976496,0.0,16.0,57.0,1.3219363606801053,1.298350632869114,0.019018756574951112,400000000.0
SMSP,20.0,3750,offset_-2,20,20,0,32.890565561744836,0.05722574823441918,0.02508028997062817,-1.188619231516971,-1.1886192315169712,1.0,2.0,56.0,0.6178257876856608,1.6057022577815663,0.01891674764920026,400000000.0
SMSP,20.0,3750,offset_-32,20,20,0,1.797503741855942,0.057225748234419574,0.025080289970628344,-60.90086154434166,-60.90086154434164,0.0,32.0,60.6,1.5625647511186052,1.4209607876364,0.019070800044573843,400000000.0
SMSP,20.0,3750,offset_-4,20,20,0,32.74110696669565,0.05722574823441963,0.025080289970628368,-4.868838735280628,-4.868838735280626,1.0,4.0,55.9,1.0886720357025492,1.7948367812882602,0.019066635286435485,400000000.0
SMSP,20.0,3750,offset_-8,20,20,0,31.846354974465395,0.05722574823441875,0.02508028997062798,-24.77015269320042,-24.770152693200416,1.0,8.0,57.05,1.3984811305783338,1.3611162698384054,0.01890200364869088,400000000.0
SMSP,20.0,3750,random,20,20,12,-157.30390081355048,150.4084624345114,76.11718409797012,-89.77558969896556,-137.90359686079853,0.2,1532.0,88.65,1.1783287163680825,1.3905057385755513,0.01902920485008508,400000000.0
SMSP,20.0,3750,true,20,20,0,32.89167612030004,0.05722574823441685,0.02508028997062715,-8.685846209919741e-05,-8.685846209919741e-05,1.0,0.0,55.05,0.0,0.0,0.020729147945530713,400000000.0
SMSP,20.0,4500,fixed_0,20,20,20,nan,0.0,0.0,nan,nan,0.0,4500.0,0.0,0.9999999999999506,1.4142135623730503,0.019241703557781875,400000000.0
SMSP,20.0,4500,missing,20,20,20,nan,0.0,0.0,nan,nan,0.0,4500.0,0.0,0.9999999999999506,1.4142135623730503,0.01906244724523276,400000000.0
SMSP,20.0,4500,offset_+1,20,20,0,32.928034545122365,0.05723997120175687,0.0250865234609027,-0.29490222623225715,-0.2949022262322571,1.0,1.0,12.9,0.33230183888150433,1.775868998944868,0.019074990996159613,400000000.0
SMSP,20.0,4500,offset_+16,20,20,0,22.10290481367877,0.057239971201761844,0.02508652346090488,-28.389621912928863,-28.389621912928863,0.0,16.0,15.8,1.18074782705326,1.292174278443752,0.019020747276954353,400000000.0
SMSP,20.0,4500,offset_+2,20,20,0,32.913079640943835,0.05723997120175342,0.025086523460901188,-1.1712302313285752,-1.1712302313285752,1.0,2.0,12.8,0.6584882973020326,1.6050793564945063,0.01902935327962041,400000000.0
SMSP,20.0,4500,offset_+32,20,20,0,1.8322210600983126,0.057239971201762524,0.025086523460905178,-60.61837156184881,-60.61837156184882,0.0,32.0,15.75,1.7834782389478387,1.4096558303359936,0.019049743423238397,400000000.0
SMSP,20.0,4500,offset_+4,20,20,0,32.73067299863089,0.057239971201766424,0.02508652346090689,-4.8340258525820134,-4.834025852582013,1.0,4.0,13.95,1.239776515393266,1.793722127718004,0.01905205426737666,400000000.0
SMSP,20.0,4500,offset_+8,20,20,0,31.80802310100335,0.05723997120176215,0.025086523460905015,-24.700386836751925,-24.70038683675192,1.0,8.0,14.4,1.8290572496403743,1.3581743260785106,0.018904241733253002,400000000.0
SMSP,20.0,4500,offset_-1,20,20,0,32.93647925316086,0.05723997120176126,0.025086523460904626,-0.3035923747676373,-0.30359237476763723,1.0,1.0,14.55,0.3227491406371741,1.7761505289286288,0.018925004405900836,400000000.0
SMSP,20.0,4500,offset_-16,20,20,0,22.09194592750268,0.057239971201762094,0.02508652346090499,-28.5297185319765,-28.529718531976496,0.0,16.0,20.45,1.3219363606801053,1.298350632869114,0.01919394126161933,400000000.0
SMSP,20.0,4500,offset_-2,20,20,0,32.932575815757424,0.05723997120176065,0.02508652346090436,-1.1886192315169701,-1.1886192315169701,1.0,2.0,14.2,0.6178257876856608,1.6057022577815663,0.019029309623874724,400000000.0
SMSP,20.0,4500,offset_-32,20,20,0,1.7992605566192104,0.05723997120176197,0.025086523460904935,-60.90086154434166,-60.90086154434164,0.0,32.0,18.45,1.5625647511186052,1.4209607876364,0.019431099644862115,400000000.0
SMSP,20.0,4500,offset_-4,20,20,0,32.781677981354264,0.05723997120176148,0.025086523460904724,-4.868838735280623,-4.868838735280624,1.0,4.0,12.4,1.0886720357025492,1.7948367812882602,0.01910629798658192,400000000.0
SMSP,20.0,4500,offset_-8,20,20,0,31.879280545973792,0.05723997120176157,0.02508652346090476,-24.770152693200416,-24.770152693200412,1.0,8.0,18.45,1.3984811305783338,1.3611162698384054,0.019068852998316288,400000000.0
SMSP,20.0,4500,random,20,20,13,-106.42051492434544,145.1770948041782,89.98169559881032,-89.16008305654647,-112.52392943237498,0.2,2625.5,35.3,1.1898434063548675,1.4065982582252399,0.019127101404592395,400000000.0
SMSP,20.0,4500,true,20,20,0,32.933697256935126,0.05723997120175941,0.025086523460903815,-8.685846209726872e-05,-8.685846209726874e-05,1.0,0.0,14.05,0.0,0.0,0.02070415357593447,400000000.0
SMSP,20.0,500,fixed_0,20,20,0,29.029431340306605,0.05629821201945913,0.02467377930109244,-8.685846209919741e-05,-8.685846209919741e-05,1.0,0.0,623.35,0.0,0.0,0.01919165370054543,400000000.0
SMSP,20.0,500,missing,20,20,0,29.029431340306605,0.05629821201945913,0.02467377930109244,-8.685846209919741e-05,-8.685846209919741e-05,1.0,0.0,623.35,0.0,0.0,0.01909170241560787,400000000.0
SMSP,20.0,500,offset_+1,20,20,0,29.032213336495374,0.056298212019457144,0.024673779301091568,-0.3035923747676373,-0.30359237476763723,1.0,1.0,622.4,0.3336981339989536,1.7761505289286288,0.01915425236802548,400000000.0
SMSP,20.0,500,offset_+16,20,20,0,18.18767928124789,0.056298212019460975,0.024673779301093247,-28.529718531976492,-28.529718531976492,0.0,16.0,625.15,1.1780342148224976,1.298350632869114,0.019120945944450796,400000000.0
SMSP,20.0,500,offset_+2,20,20,0,29.028309898541927,0.05629821201945459,0.02467377930109045,-1.1886192315169701,-1.1886192315169701,1.0,2.0,625.35,0.6593122988066836,1.6057022577815663,0.019039653125219047,400000000.0
SMSP,20.0,500,offset_+32,20,20,0,-2.105006995075109,0.05629821201946154,0.024673779301093494,-60.90086154434166,-60.900861544341645,0.0,32.0,618.55,1.7640457439635866,1.4209607876364,0.019054143922403455,400000000.0
SMSP,20.0,500,offset_+4,20,20,0,28.877412055730996,0.05629821201946649,0.024673779301095662,-4.868838735280629,-4.868838735280628,1.0,4.0,626.35,1.239121586021632,1.7948367812882602,0.01913955493364483,400000000.0
SMSP,20.0,500,offset_+8,20,20,0,27.97501451426835,0.05629821201946129,0.024673779301093383,-24.77015269320042,-24.770152693200416,1.0,8.0,626.4,1.8242183923933464,1.3611162698384054,0.018999847816303372,400000000.0
SMSP,20.0,500,offset_-1,20,20,0,29.029431340306605,0.05629821201945913,0.02467377930109244,-8.685846209919741e-05,-8.685846209919741e-05,1.0,0.0,623.35,0.0,0.0,0.01913124870043248,400000000.0
SMSP,20.0,500,offset_-16,20,20,0,29.029431340306605,0.05629821201945913,0.02467377930109244,-8.685846209919741e-05,-8.685846209919741e-05,1.0,0.0,623.35,0.0,0.0,0.019479147158563137,400000000.0
SMSP,20.0,500,offset_-2,20,20,0,29.029431340306605,0.05629821201945913,0.02467377930109244,-8.685846209919741e-05,-8.685846209919741e-05,1.0,0.0,623.35,0.0,0.0,0.019089507986791432,400000000.0
SMSP,20.0,500,offset_-32,20,20,0,29.029431340306605,0.05629821201945913,0.02467377930109244,-8.685846209919741e-05,-8.685846209919741e-05,1.0,0.0,623.35,0.0,0.0,0.019556249026209116,400000000.0
SMSP,20.0,500,offset_-4,20,20,0,29.029431340306605,0.05629821201945913,0.02467377930109244,-8.685846209919741e-05,-8.685846209919741e-05,1.0,0.0,623.35,0.0,0.0,0.0193250976735726,400000000.0
SMSP,20.0,500,offset_-8,20,20,0,29.029431340306605,0.05629821201945913,0.02467377930109244,-8.685846209919741e-05,-8.685846209919741e-05,1.0,0.0,623.35,0.0,0.0,0.019252105266787112,400000000.0
SMSP,20.0,500,random,20,20,14,-216.85444508408443,144.6265971717653,66.81407909872573,-79.32189046112181,-105.61224113726247,0.15,1817.65,254.25,0.9580088673902303,1.3346239807235416,0.019089505076408386,400000000.0
SMSP,20.0,500,true,20,20,0,29.029431340306605,0.05629821201945913,0.02467377930109244,-8.685846209919741e-05,-8.685846209919741e-05,1.0,0.0,623.35,0.0,0.0,0.020835344912484288,400000000.0
SMSP,30.0,1250,fixed_0,20,20,0,-27.051012510835722,0.025494813733306497,0.01117359476994823,-100.74809690831708,-100.74809690831707,0.0,750.0,627.35,1.0286687754149728,1.4162946809990093,0.019404100021347404,400000000.0
SMSP,30.0,1250,missing,20,20,0,-27.051012510835722,0.025494813733306497,0.01117359476994823,-100.74809690831708,-100.74809690831707,0.0,750.0,627.35,1.0286687754149728,1.4162946809990093,0.01934595056809485,400000000.0
SMSP,30.0,1250,offset_+1,20,20,0,33.56221959633582,0.025494813733303246,0.011173594769946804,-0.3035923747676373,-0.30359237476763723,1.0,1.0,489.9,0.30942332203936773,1.7761505289286288,0.01937919296324253,400000000.0
SMSP,30.0,1250,offset_+16,20,20,0,22.746417841655255,0.025494813733303683,0.011173594769946997,-28.5297185319765,-28.529718531976496,0.0,16.0,486.95,1.1755063313997658,1.298350632869114,0.0191999482922256,400000000.0
SMSP,30.0,1250,offset_+2,20,20,0,33.558354050363675,0.025494813733302882,0.011173594769946645,-1.188619231516971,-1.1886192315169712,1.0,2.0,491.65,0.6126635286148101,1.6057022577815663,0.019331296789459884,400000000.0
SMSP,30.0,1250,offset_+32,20,20,0,2.465292230474747,0.025494813733303822,0.011173594769947058,-60.90086154434167,-60.90086154434165,0.0,32.0,488.3,1.7403062074803788,1.4209607876364,0.019229197641834617,400000000.0
SMSP,30.0,1250,offset_+4,20,20,0,33.40889545531449,0.025494813733303093,0.011173594769946737,-4.868838735280629,-4.868838735280628,1.0,4.0,491.15,1.1593489365378251,1.7948367812882602,0.01939360226970166,400000000.0
SMSP,30.0,1250,offset_+8,20,20,0,32.51414346308426,0.025494813733302462,0.011173594769946461,-24.77015269320042,-24.770152693200416,1.0,8.0,490.55,1.7450630693205142,1.3611162698384054,0.01922080118674785,400000000.0
SMSP,30.0,1250,offset_-1,20,20,0,33.56221959633582,0.0254948137333029,0.011173594769946652,-0.3035923747676373,-0.30359237476763723,1.0,1.0,491.4,0.29820265728720224,1.7761505289286288,0.01928755664266646,400000000.0
SMSP,30.0,1250,offset_-16,20,20,0,22.746417841655255,0.025494813733304148,0.0111735947699472,-28.5297185319765,-28.529718531976496,0.0,16.0,497.9,1.3194097344293425,1.298350632869114,0.01944359391927719,400000000.0
SMSP,30.0,1250,offset_-2,20,20,0,33.558354050363675,0.025494813733302882,0.011173594769946645,-1.188619231516971,-1.1886192315169712,1.0,2.0,492.6,0.5697723005585831,1.6057022577815663,0.019191703177057207,400000000.0
SMSP,30.0,1250,offset_-32,20,20,0,2.4652922304747458,0.025494813733303996,0.011173594769947132,-60.90086154434166,-60.90086154434164,0.0,32.0,496.15,1.5773681524985608,1.4209607876364,0.01947915880009532,400000000.0
SMSP,30.0,1250,offset_-4,20,20,0,33.408895455314486,0.02549481373330329,0.011173594769946824,-4.868838735280629,-4.868838735280628,1.0,4.0,494.2,1.002757860186837,1.7948367812882602,0.019360388978384435,400000000.0
SMSP,30.0,1250,offset_-8,20,20,0,32.51414346308425,0.025494813733302084,0.011173594769946294,-24.77015269320042,-24.770152693200416,1.0,8.0,490.2,1.2997280080995686,1.3611162698384054,0.019343799795024097,400000000.0
SMSP,30.0,1250,random,20,20,11,-182.71415559187986,146.0236321066631,63.99767847153622,-104.1076089918767,-126.6771315657612,0.15,1397.65,279.05,1.0549532968298738,1.407624122522626,0.019329198403283954,400000000.0
SMSP,30.0,1250,true,20,20,0,33.559464608918944,0.02549481373330305,0.01117359476994672,-8.685846209919741e-05,-8.685846209919741e-05,1.0,0.0,491.3,0.0,0.0,0.021243805531412363,400000000.0
SMSP,30.0,2500,fixed_0,20,20,20,nan,0.0,0.0,nan,nan,0.0,2500.0,0.0,0.9999999999999847,1.4142135623730503,0.01933760941028595,400000000.0
SMSP,30.0,2500,missing,20,20,20,nan,0.0,0.0,nan,nan,0.0,2500.0,0.0,0.9999999999999847,1.4142135623730503,0.019179252558387816,400000000.0
SMSP,30.0,2500,offset_+1,20,20,0,33.562744756046264,0.02549565217110064,0.011173962231513141,-0.3035923747676373,-0.30359237476763723,1.0,1.0,271.75,0.30942332203936773,1.7761505289286288,0.01927490229718387,400000000.0
SMSP,30.0,2500,offset_+16,20,20,0,22.746943001365707,0.025495652171101398,0.011173962231513474,-28.529718531976492,-28.529718531976492,0.0,16.0,272.0,1.1755063313997658,1.298350632869114,0.019268642063252628,400000000.0
SMSP,30.0,2500,offset_+2,20,20,0,33.55887921007413,0.025495652171101814,0.011173962231513655,-1.188619231516971,-1.1886192315169712,1.0,2.0,270.65,0.6126635286148101,1.6057022577815663,0.019291695207357407,400000000.0
SMSP,30.0,2500,offset_+32,20,20,0,2.4658173901852014,0.025495652171102116,0.011173962231513786,-60.90086154434167,-60.90086154434165,0.0,32.0,268.6,1.7403062074803788,1.4209607876364,0.019256153609603643,400000000.0
SMSP,30.0,2500,offset_+4,20,20,0,33.40942061502495,0.02549565217110209,0.011173962231513778,-4.868838735280628,-4.868838735280626,1.0,4.0,270.35,1.1593489365378251,1.7948367812882602,0.0192520470591262,400000000.0
SMSP,30.0,2500,offset_+8,20,20,0,32.5146686227947,0.025495652171100846,0.011173962231513231,-24.77015269320042,-24.770152693200416,1.0,8.0,272.75,1.7450630693205142,1.3611162698384054,0.01917494519148022,400000000.0
SMSP,30.0,2500,offset_-1,20,20,0,33.56274475604627,0.025495652171102338,0.011173962231513885,-0.3035923747676373,-0.30359237476763723,1.0,1.0,272.45,0.29820265728720224,1.7761505289286288,0.01916665059980005,400000000.0
SMSP,30.0,2500,offset_-16,20,20,0,22.74694300136571,0.025495652171101276,0.011173962231513419,-28.5297185319765,-28.529718531976496,0.0,16.0,274.3,1.3194097344293425,1.298350632869114,0.019398098811507225,400000000.0
SMSP,30.0,2500,offset_-2,20,20,0,33.55887921007413,0.025495652171101814,0.011173962231513655,-1.188619231516971,-1.1886192315169712,1.0,2.0,272.5,0.5697723005585831,1.6057022577815663,0.01921250077430159,400000000.0
SMSP,30.0,2500,offset_-32,20,20,0,2.4658173901851996,0.025495652171101866,0.011173962231513679,-60.90086154434166,-60.90086154434164,0.0,32.0,278.6,1.5773681524985608,1.4209607876364,0.019487395184114575,400000000.0
SMSP,30.0,2500,offset_-4,20,20,0,33.40942061502494,0.025495652171104194,0.011173962231514699,-4.868838735280629,-4.868838735280628,1.0,4.0,274.1,1.002757860186837,1.7948367812882602,0.019433299894444644,400000000.0
SMSP,30.0,2500,offset_-8,20,20,0,32.5146686227947,0.025495652171102386,0.011173962231513906,-24.770152693200416,-24.770152693200412,1.0,8.0,273.45,1.2997280080995686,1.3611162698384054,0.019339597201906145,400000000.0
SMSP,30.0,2500,random,20,20,14,-203.629840415295,147.64810586495187,72.34757187382641,-100.81109946924312,-112.95789962239262,0.2,1458.7,176.3,1.0513878838372712,1.4033412024859502,0.019158393843099475,400000000.0
SMSP,30.0,2500,true,20,20,0,33.55998976862939,0.025495652171102483,0.011173962231513948,-8.685846209726872e-05,-8.685846209726874e-05,1.0,0.0,272.9,0.0,0.0,0.021170848049223423,400000000.0
SMSP,30.0,3750,fixed_0,20,20,20,nan,0.0,0.0,nan,nan,0.0,3750.0,0.0,0.9999999999999847,1.4142135623730503,0.019395851995795965,400000000.0
SMSP,30.0,3750,missing,20,20,20,nan,0.0,0.0,nan,nan,0.0,3750.0,0.0,0.9999999999999847,1.4142135623730503,0.019349853391759098,400000000.0
SMSP,30.0,3750,offset_+1,20,20,0,33.56268472716321,0.025495222202300043,0.011173773789377738,-0.3035923747676373,-0.30359237476763723,1.0,1.0,53.2,0.30942332203936773,1.7761505289286288,0.01921449729707092,400000000.0
SMSP,30.0,3750,offset_+16,20,20,0,22.746882972482638,0.025495222202300116,0.01117377378937777,-28.529718531976492,-28.529718531976492,0.0,16.0,52.3,1.1755063313997658,1.298350632869114,0.019558300846256316,400000000.0
SMSP,30.0,3750,offset_+2,20,20,0,33.558819181191055,0.025495222202299488,0.011173773789377495,-1.188619231516971,-1.1886192315169712,1.0,2.0,54.15,0.6126635286148101,1.6057022577815663,0.01914994209073484,400000000.0
SMSP,30.0,3750,offset_+32,20,20,0,2.4657573613021313,0.02549522220230014,0.011173773789377782,-60.90086154434167,-60.90086154434165,0.0,32.0,47.25,1.7403062074803788,1.4209607876364,0.019235306535847485,400000000.0
SMSP,30.0,3750,offset_+4,20,20,0,33.40936058614188,0.025495222202299484,0.011173773789377494,-4.868838735280629,-4.868838735280628,1.0,4.0,51.75,1.1593489365378251,1.7948367812882602,0.019479345064610243,400000000.0
SMSP,30.0,3750,offset_+8,20,20,0,32.51460859391163,0.02549522220230023,0.011173773789377821,-24.770152693200423,-24.77015269320042,1.0,8.0,52.3,1.7450630693205142,1.3611162698384054,0.019414545386098325,400000000.0
SMSP,30.0,3750,offset_-1,20,20,0,33.562684727163195,0.02549522220230249,0.01117377378937881,-0.30359237476763823,-0.30359237476763823,1.0,1.0,54.6,0.29820265728720224,1.7761505289286288,0.0192250037798658,400000000.0
SMSP,30.0,3750,offset_-16,20,20,0,22.74688297248264,0.025495222202299838,0.011173773789377648,-28.5297185319765,-28.529718531976496,0.0,16.0,56.0,1.3194097344293425,1.298350632869114,0.01933118619490415,400000000.0
SMSP,30.0,3750,offset_-2,20,20,0,33.558819181191055,0.025495222202299488,0.011173773789377495,-1.188619231516971,-1.1886192315169712,1.0,2.0,54.2,0.5697723005585831,1.6057022577815663,0.019170850282534957,400000000.0
SMSP,30.0,3750,offset_-32,20,20,0,2.4657573613021286,0.02549522220230012,0.011173773789377771,-60.90086154434166,-60.90086154434164,0.0,32.0,58.7,1.5773681524985608,1.4209607876364,0.019458442693576217,400000000.0
SMSP,30.0,3750,offset_-4,20,20,0,33.40936058614188,0.025495222202299415,0.011173773789377462,-4.868838735280628,-4.868838735280626,1.0,4.0,54.6,1.002757860186837,1.7948367812882602,0.019352100207470357,400000000.0
SMSP,30.0,3750,offset_-8,20,20,0,32.51460859391163,0.02549522220230078,0.011173773789378061,-24.77015269320042,-24.770152693200416,1.0,8.0,55.5,1.2997280080995686,1.3611162698384054,0.01936464395839721,400000000.0
SMSP,30.0,3750,random,20,20,12,-156.57091569704002,150.29581378688988,76.06017601670523,-89.77558969896556,-137.90359686079853,0.2,1532.0,89.6,1.178759978855323,1.3905057385755513,0.01930420403368771,400000000.0
SMSP,30.0,3750,true,20,20,0,33.55992973974632,0.025495222202300265,0.011173773789377835,-8.685846209919741e-05,-8.685846209919741e-05,1.0,0.0,54.45,0.0,0.0,0.020891751046292484,400000000.0
SMSP,30.0,4500,fixed_0,20,20,20,nan,0.0,0.0,nan,nan,0.0,4500.0,0.0,0.9999999999999847,1.4142135623730503,0.019321043509989977,400000000.0
SMSP,30.0,4500,missing,20,20,20,nan,0.0,0.0,nan,nan,0.0,4500.0,0.0,0.9999999999999847,1.4142135623730503,0.019287507166154683,400000000.0
SMSP,30.0,4500,offset_+1,20,20,0,33.5971833537719,0.025216148155119616,0.01105146419548846,-0.29490222623225715,-0.2949022262322571,1.0,1.0,12.6,0.3079397678368362,1.775868998944868,0.01933129387907684,400000000.0
SMSP,30.0,4500,offset_+16,20,20,0,22.77205362232815,0.025216148155120136,0.011051464195488688,-28.389621912928863,-28.389621912928863,0.0,16.0,16.9,1.178162460497847,1.292174278443752,0.01911475555971265,400000000.0
SMSP,30.0,4500,offset_+2,20,20,0,33.58222844959356,0.025216148155119685,0.01105146419548849,-1.1712302313285752,-1.1712302313285752,1.0,2.0,13.3,0.611649648083005,1.6050793564945063,0.0192874955246225,400000000.0
SMSP,30.0,4500,offset_+32,20,20,0,2.5013698687476555,0.02521614815512002,0.011051464195488638,-60.61837156184881,-60.61837156184882,0.0,32.0,17.75,1.7593900561884286,1.4096558303359936,0.01899579365272075,400000000.0
SMSP,30.0,4500,offset_+4,20,20,0,33.39982180728062,0.025216148155118027,0.011051464195487764,-4.8340258525820134,-4.834025852582013,1.0,4.0,13.2,1.1598754560316529,1.793722127718004,0.019193702610209584,400000000.0
SMSP,30.0,4500,offset_+8,20,20,0,32.47717190965274,0.025216148155119196,0.011051464195488277,-24.700386836751925,-24.70038683675192,1.0,8.0,15.15,1.7496917548291908,1.3581743260785106,0.0191313010873273,400000000.0
SMSP,30.0,4500,offset_-1,20,20,0,33.605628061810265,0.02521614815512004,0.011051464195488647,-0.3035923747676373,-0.30359237476763723,1.0,1.0,13.15,0.29820265728720224,1.7761505289286288,0.01919800997711718,400000000.0
SMSP,30.0,4500,offset_-16,20,20,0,22.761094736152053,0.02521614815512021,0.01105146419548872,-28.5297185319765,-28.529718531976496,0.0,16.0,18.8,1.3194097344293425,1.298350632869114,0.019570847507566214,400000000.0
SMSP,30.0,4500,offset_-2,20,20,0,33.60172462440681,0.025216148155119706,0.011051464195488499,-1.1886192315169701,-1.1886192315169701,1.0,2.0,12.95,0.5697723005585831,1.6057022577815663,0.01924174139276147,400000000.0
SMSP,30.0,4500,offset_-32,20,20,0,2.468409365268553,0.025216148155119817,0.011051464195488548,-60.90086154434166,-60.90086154434164,0.0,32.0,18.1,1.5773681524985608,1.4209607876364,0.019533291924744844,400000000.0
SMSP,30.0,4500,offset_-4,20,20,0,33.450826790003646,0.025216148155119758,0.011051464195488523,-4.868838735280623,-4.868838735280624,1.0,4.0,13.25,1.002757860186837,1.7948367812882602,0.019306252943351865,400000000.0
SMSP,30.0,4500,offset_-8,20,20,0,32.54842935462317,0.025216148155119533,0.011051464195488424,-24.770152693200416,-24.770152693200412,1.0,8.0,17.65,1.2997280080995686,1.3611162698384054,0.019266802701167762,400000000.0
SMSP,30.0,4500,random,20,20,13,-105.2222830780039,144.36527076744576,89.47852184780237,-89.16008305654647,-112.52392943237498,0.2,2625.5,35.25,1.1864669837605282,1.4065982582252399,0.01918541092891246,400000000.0
SMSP,30.0,4500,true,20,20,0,33.60284606558457,0.025216148155119064,0.01105146419548822,-8.685846209726872e-05,-8.685846209726874e-05,1.0,0.0,11.9,0.0,0.0,0.021006152383051813,400000000.0
SMSP,30.0,500,fixed_0,20,20,0,29.43795959936342,0.02557935169544802,0.011210645165433668,-8.685846209919741e-05,-8.685846209919741e-05,1.0,0.0,623.85,0.0,0.0,0.019447811064310372,400000000.0
SMSP,30.0,500,missing,20,20,0,29.43795959936342,0.02557935169544802,0.011210645165433668,-8.685846209919741e-05,-8.685846209919741e-05,1.0,0.0,623.85,0.0,0.0,0.019366602646186948,400000000.0
SMSP,30.0,500,offset_+1,20,20,0,29.440741595552275,0.025579351695448328,0.011210645165433804,-0.3035923747676373,-0.30359237476763723,1.0,1.0,624.0,0.30942332203936773,1.7761505289286288,0.019625050481408834,400000000.0
SMSP,30.0,500,offset_+16,20,20,0,18.596207540304665,0.025579351695448328,0.011210645165433804,-28.529718531976492,-28.529718531976492,0.0,16.0,624.7,1.1755063313997658,1.298350632869114,0.01933950698003173,400000000.0
SMSP,30.0,500,offset_+2,20,20,0,29.436838157599034,0.025579351695448328,0.011210645165433804,-1.1886192315169701,-1.1886192315169701,1.0,2.0,626.55,0.6126635286148101,1.6057022577815663,0.0193646497791633,400000000.0
SMSP,30.0,500,offset_+32,20,20,0,-1.6964787360183853,0.025579351695448026,0.011210645165433672,-60.90086154434166,-60.900861544341645,0.0,32.0,619.95,1.7403062074803788,1.4209607876364,0.01930215221364051,400000000.0
SMSP,30.0,500,offset_+4,20,20,0,29.28594031478811,0.02557935169544936,0.011210645165434257,-4.868838735280629,-4.868838735280628,1.0,4.0,624.05,1.1593489365378251,1.7948367812882602,0.019379149307496846,400000000.0
SMSP,30.0,500,offset_+8,20,20,0,28.383542773325114,0.02557935169544854,0.011210645165433896,-24.77015269320042,-24.770152693200416,1.0,8.0,623.15,1.7450630693205142,1.3611162698384054,0.019324893946759403,400000000.0
SMSP,30.0,500,offset_-1,20,20,0,29.43795959936342,0.02557935169544802,0.011210645165433668,-8.685846209919741e-05,-8.685846209919741e-05,1.0,0.0,623.85,0.0,0.0,0.019308249466121197,400000000.0
SMSP,30.0,500,offset_-16,20,20,0,29.43795959936342,0.02557935169544802,0.011210645165433668,-8.685846209919741e-05,-8.685846209919741e-05,1.0,0.0,623.85,0.0,0.0,0.019504298688843846,400000000.0
SMSP,30.0,500,offset_-2,20,20,0,29.43795959936342,0.02557935169544802,0.011210645165433668,-8.685846209919741e-05,-8.685846209919741e-05,1.0,0.0,623.85,0.0,0.0,0.01927090052049607,400000000.0
SMSP,30.0,500,offset_-32,20,20,0,29.43795959936342,0.02557935169544802,0.011210645165433668,-8.685846209919741e-05,-8.685846209919741e-05,1.0,0.0,623.85,0.0,0.0,0.01958764623850584,400000000.0
SMSP,30.0,500,offset_-4,20,20,0,29.43795959936342,0.02557935169544802,0.011210645165433668,-8.685846209919741e-05,-8.685846209919741e-05,1.0,0.0,623.85,0.0,0.0,0.01952704624272883,400000000.0
SMSP,30.0,500,offset_-8,20,20,0,29.43795959936342,0.02557935169544802,0.011210645165433668,-8.685846209919741e-05,-8.685846209919741e-05,1.0,0.0,623.85,0.0,0.0,0.019427144434303045,400000000.0
SMSP,30.0,500,random,20,20,14,-216.44222643648715,144.64803366589592,66.82398225376396,-79.32189046112181,-105.61224113726247,0.15,1817.65,255.4,0.9581246149565329,1.3346239807235416,0.019479147158563137,400000000.0
SMSP,30.0,500,true,20,20,0,29.43795959936342,0.02557935169544802,0.011210645165433668,-8.685846209919741e-05,-8.685846209919741e-05,1.0,0.0,623.85,0.0,0.0,0.02112089714501053,400000000.0
