trial_id,jammer,jsr_db,seed,target_position,algorithm,role,oracle_audit,jammer_contract,interface_status,sinr_before_db,sinr_after_db,delta_sinr_db,detected_before,detected_after,identity_detected,peak_error_before,peak_error_after,false_peak_count_before,false_peak_count_after,target_only_response_change_db,target_preservation_status,selected_order,theoretical_target_order,order_deviation_d4,mask_support_ratio,target_protection_overlap,fallback,fallback_ratio,runtime_ms,memory_usage_bytes,candidate_hash_sha256
SMSP|jsr=0|seed=10300|center=1000|Oracle_FrFT_UpperBound,SMSP,0.0,10300,1000,Oracle_FrFT_UpperBound,ORACLE_DIAGNOSTIC_ONLY;NOT_FAIR;NOT_RL_ELIGIBLE,ORACLE_DIAGNOSTIC_ONLY,unified/pass,PASS,26.682868626620213,26.01453187681456,-0.668336749805654,True,True,True,0,0,0,0,-0.9134157461729969,TARGET_PRESERVED,0.9,1.0,0.09999999999999998,0.089,0.5318973083343975,False,0.0,0.0,80000,8a015e3f860296dd3aca796cda326c3703d87c07b3f719b51b1eb7fb9b7d4abb
SMSP|jsr=0|seed=10300|center=1500|Oracle_FrFT_UpperBound,SMSP,0.0,10300,1500,Oracle_FrFT_UpperBound,ORACLE_DIAGNOSTIC_ONLY;NOT_FAIR;NOT_RL_ELIGIBLE,ORACLE_DIAGNOSTIC_ONLY,unified/pass,PASS,26.819480139424225,25.99273143540453,-0.8267487040196961,True,True,True,0,0,0,0,-0.913415746172999,TARGET_PRESERVED,0.9,1.0,0.09999999999999998,0.089,0.6370791897177097,False,0.0,0.0,80000,8a015e3f860296dd3aca796cda326c3703d87c07b3f719b51b1eb7fb9b7d4abb
SMSP|jsr=0|seed=10300|center=2500|Oracle_FrFT_UpperBound,SMSP,0.0,10300,2500,Oracle_FrFT_UpperBound,ORACLE_DIAGNOSTIC_ONLY;NOT_FAIR;NOT_RL_ELIGIBLE,ORACLE_DIAGNOSTIC_ONLY,unified/pass,PASS,26.8110145975549,25.785137028626576,-1.0258775689283262,True,True,True,0,0,1,0,-0.913415746172999,TARGET_PRESERVED,0.9,1.0,0.09999999999999998,0.089,0.0,False,0.0,0.0,80000,8a015e3f860296dd3aca796cda326c3703d87c07b3f719b51b1eb7fb9b7d4abb
SMSP|jsr=0|seed=10300|center=3500|Oracle_FrFT_UpperBound,SMSP,0.0,10300,3500,Oracle_FrFT_UpperBound,ORACLE_DIAGNOSTIC_ONLY;NOT_FAIR;NOT_RL_ELIGIBLE,ORACLE_DIAGNOSTIC_ONLY,unified/pass,PASS,26.844210005442832,25.850293386720544,-0.9939166187222881,True,True,True,0,0,1,0,-0.913415746172999,TARGET_PRESERVED,0.9,1.0,0.09999999999999998,0.089,0.0,False,0.0,0.0,80000,8a015e3f860296dd3aca796cda326c3703d87c07b3f719b51b1eb7fb9b7d4abb
SMSP|jsr=0|seed=10300|center=4000|Oracle_FrFT_UpperBound,SMSP,0.0,10300,4000,Oracle_FrFT_UpperBound,ORACLE_DIAGNOSTIC_ONLY;NOT_FAIR;NOT_RL_ELIGIBLE,ORACLE_DIAGNOSTIC_ONLY,unified/pass,PASS,26.805541553683536,25.80218310976835,-1.003358443915186,True,True,True,0,0,0,0,-0.913415746172999,TARGET_PRESERVED,0.9,1.0,0.09999999999999998,0.089,0.0,False,0.0,0.0,80000,8a015e3f860296dd3aca796cda326c3703d87c07b3f719b51b1eb7fb9b7d4abb
SMSP|jsr=0|seed=10301|center=1000|Oracle_FrFT_UpperBound,SMSP,0.0,10301,1000,Oracle_FrFT_UpperBound,ORACLE_DIAGNOSTIC_ONLY;NOT_FAIR;NOT_RL_ELIGIBLE,ORACLE_DIAGNOSTIC_ONLY,unified/pass,PASS,26.48579061565824,25.87095538835861,-0.6148352272996291,True,True,True,0,0,0,0,-0.9134157461729969,TARGET_PRESERVED,0.9,1.0,0.09999999999999998,0.089,0.5318973083343975,False,0.0,0.0,80000,8a015e3f860296dd3aca796cda326c3703d87c07b3f719b51b1eb7fb9b7d4abb
SMSP|jsr=0|seed=10301|center=1500|Oracle_FrFT_UpperBound,SMSP,0.0,10301,1500,Oracle_FrFT_UpperBound,ORACLE_DIAGNOSTIC_ONLY;NOT_FAIR;NOT_RL_ELIGIBLE,ORACLE_DIAGNOSTIC_ONLY,unified/pass,PASS,26.79673423793713,25.995141946019395,-0.8015922919177356,True,True,True,0,0,0,0,-0.913415746172999,TARGET_PRESERVED,0.9,1.0,0.09999999999999998,0.089,0.6370791897177097,False,0.0,0.0,80000,8a015e3f860296dd3aca796cda326c3703d87c07b3f719b51b1eb7fb9b7d4abb
SMSP|jsr=0|seed=10301|center=2500|Oracle_FrFT_UpperBound,SMSP,0.0,10301,2500,Oracle_FrFT_UpperBound,ORACLE_DIAGNOSTIC_ONLY;NOT_FAIR;NOT_RL_ELIGIBLE,ORACLE_DIAGNOSTIC_ONLY,unified/pass,PASS,26.76678755958244,25.732065228830955,-1.0347223307514852,True,True,True,0,0,0,0,-0.913415746172999,TARGET_PRESERVED,0.9,1.0,0.09999999999999998,0.089,0.0,False,0.0,0.0,80000,8a015e3f860296dd3aca796cda326c3703d87c07b3f719b51b1eb7fb9b7d4abb
SMSP|jsr=0|seed=10301|center=3500|Oracle_FrFT_UpperBound,SMSP,0.0,10301,3500,Oracle_FrFT_UpperBound,ORACLE_DIAGNOSTIC_ONLY;NOT_FAIR;NOT_RL_ELIGIBLE,ORACLE_DIAGNOSTIC_ONLY,unified/pass,PASS,26.853196747934945,25.85032246349602,-1.0028742844389242,True,True,True,0,0,0,0,-0.913415746172999,TARGET_PRESERVED,0.9,1.0,0.09999999999999998,0.089,0.0,False,0.0,0.0,80000,8a015e3f860296dd3aca796cda326c3703d87c07b3f719b51b1eb7fb9b7d4abb
SMSP|jsr=0|seed=10301|center=4000|Oracle_FrFT_UpperBound,SMSP,0.0,10301,4000,Oracle_FrFT_UpperBound,ORACLE_DIAGNOSTIC_ONLY;NOT_FAIR;NOT_RL_ELIGIBLE,ORACLE_DIAGNOSTIC_ONLY,unified/pass,PASS,26.779984891706164,25.758434167127,-1.0215507245791642,True,True,True,0,0,0,0,-0.913415746172999,TARGET_PRESERVED,0.9,1.0,0.09999999999999998,0.089,0.0,False,0.0,0.0,80000,8a015e3f860296dd3aca796cda326c3703d87c07b3f719b51b1eb7fb9b7d4abb
SMSP|jsr=0|seed=10302|center=1000|Oracle_FrFT_UpperBound,SMSP,0.0,10302,1000,Oracle_FrFT_UpperBound,ORACLE_DIAGNOSTIC_ONLY;NOT_FAIR;NOT_RL_ELIGIBLE,ORACLE_DIAGNOSTIC_ONLY,unified/pass,PASS,26.817778088160914,26.18211711527223,-0.6356609728886831,True,True,True,0,0,1,1,-0.9134157461729969,TARGET_PRESERVED,0.9,1.0,0.09999999999999998,0.089,0.5318973083343975,False,0.0,0.0,80000,8a015e3f860296dd3aca796cda326c3703d87c07b3f719b51b1eb7fb9b7d4abb
SMSP|jsr=0|seed=10302|center=1500|Oracle_FrFT_UpperBound,SMSP,0.0,10302,1500,Oracle_FrFT_UpperBound,ORACLE_DIAGNOSTIC_ONLY;NOT_FAIR;NOT_RL_ELIGIBLE,ORACLE_DIAGNOSTIC_ONLY,unified/pass,PASS,26.872689510958075,26.08916311125182,-0.783526399706254,True,True,True,0,0,1,2,-0.913415746172999,TARGET_PRESERVED,0.9,1.0,0.09999999999999998,0.089,0.6370791897177097,False,0.0,0.0,80000,8a015e3f860296dd3aca796cda326c3703d87c07b3f719b51b1eb7fb9b7d4abb
SMSP|jsr=0|seed=10302|center=2500|Oracle_FrFT_UpperBound,SMSP,0.0,10302,2500,Oracle_FrFT_UpperBound,ORACLE_DIAGNOSTIC_ONLY;NOT_FAIR;NOT_RL_ELIGIBLE,ORACLE_DIAGNOSTIC_ONLY,unified/pass,PASS,26.93061454682048,25.901470980545604,-1.0291435662748754,True,True,True,0,0,0,0,-0.913415746172999,TARGET_PRESERVED,0.9,1.0,0.09999999999999998,0.089,0.0,False,0.0,0.0,80000,8a015e3f860296dd3aca796cda326c3703d87c07b3f719b51b1eb7fb9b7d4abb
SMSP|jsr=0|seed=10302|center=3500|Oracle_FrFT_UpperBound,SMSP,0.0,10302,3500,Oracle_FrFT_UpperBound,ORACLE_DIAGNOSTIC_ONLY;NOT_FAIR;NOT_RL_ELIGIBLE,ORACLE_DIAGNOSTIC_ONLY,unified/pass,PASS,27.042704518133483,26.012330899122915,-1.0303736190105681,True,True,True,0,0,0,0,-0.913415746172999,TARGET_PRESERVED,0.9,1.0,0.09999999999999998,0.089,0.0,False,0.0,0.0,80000,8a015e3f860296dd3aca796cda326c3703d87c07b3f719b51b1eb7fb9b7d4abb
SMSP|jsr=0|seed=10302|center=4000|Oracle_FrFT_UpperBound,SMSP,0.0,10302,4000,Oracle_FrFT_UpperBound,ORACLE_DIAGNOSTIC_ONLY;NOT_FAIR;NOT_RL_ELIGIBLE,ORACLE_DIAGNOSTIC_ONLY,unified/pass,PASS,26.989688541021483,25.960295309097457,-1.0293932319240255,True,True,True,0,0,1,1,-0.913415746172999,TARGET_PRESERVED,0.9,1.0,0.09999999999999998,0.089,0.0,False,0.0,0.0,80000,8a015e3f860296dd3aca796cda326c3703d87c07b3f719b51b1eb7fb9b7d4abb
SMSP|jsr=0|seed=10303|center=1000|Oracle_FrFT_UpperBound,SMSP,0.0,10303,1000,Oracle_FrFT_UpperBound,ORACLE_DIAGNOSTIC_ONLY;NOT_FAIR;NOT_RL_ELIGIBLE,ORACLE_DIAGNOSTIC_ONLY,unified/pass,PASS,26.619798297885836,25.94547888917981,-0.674319408706026,True,True,True,0,0,1,1,-0.9134157461729969,TARGET_PRESERVED,0.9,1.0,0.09999999999999998,0.089,0.5318973083343975,False,0.0,0.0,80000,8a015e3f860296dd3aca796cda326c3703d87c07b3f719b51b1eb7fb9b7d4abb
SMSP|jsr=0|seed=10303|center=1500|Oracle_FrFT_UpperBound,SMSP,0.0,10303,1500,Oracle_FrFT_UpperBound,ORACLE_DIAGNOSTIC_ONLY;NOT_FAIR;NOT_RL_ELIGIBLE,ORACLE_DIAGNOSTIC_ONLY,unified/pass,PASS,26.66468232184446,25.83663874029011,-0.8280435815543505,True,True,True,0,0,1,1,-0.913415746172999,TARGET_PRESERVED,0.9,1.0,0.09999999999999998,0.089,0.6370791897177097,False,0.0,0.0,80000,8a015e3f860296dd3aca796cda326c3703d87c07b3f719b51b1eb7fb9b7d4abb
SMSP|jsr=0|seed=10303|center=2500|Oracle_FrFT_UpperBound,SMSP,0.0,10303,2500,Oracle_FrFT_UpperBound,ORACLE_DIAGNOSTIC_ONLY;NOT_FAIR;NOT_RL_ELIGIBLE,ORACLE_DIAGNOSTIC_ONLY,unified/pass,PASS,26.699359318847684,25.65514850681279,-1.044210812034894,True,True,True,0,0,1,1,-0.913415746172999,TARGET_PRESERVED,0.9,1.0,0.09999999999999998,0.089,0.0,False,0.0,0.0,80000,8a015e3f860296dd3aca796cda326c3703d87c07b3f719b51b1eb7fb9b7d4abb
SMSP|jsr=0|seed=10303|center=3500|Oracle_FrFT_UpperBound,SMSP,0.0,10303,3500,Oracle_FrFT_UpperBound,ORACLE_DIAGNOSTIC_ONLY;NOT_FAIR;NOT_RL_ELIGIBLE,ORACLE_DIAGNOSTIC_ONLY,unified/pass,PASS,26.83974473659488,25.848023729488734,-0.9917210071061469,True,True,True,0,0,0,0,-0.913415746172999,TARGET_PRESERVED,0.9,1.0,0.09999999999999998,0.089,0.0,False,0.0,0.0,80000,8a015e3f860296dd3aca796cda326c3703d87c07b3f719b51b1eb7fb9b7d4abb
SMSP|jsr=0|seed=10303|center=4000|Oracle_FrFT_UpperBound,SMSP,0.0,10303,4000,Oracle_FrFT_UpperBound,ORACLE_DIAGNOSTIC_ONLY;NOT_FAIR;NOT_RL_ELIGIBLE,ORACLE_DIAGNOSTIC_ONLY,unified/pass,PASS,26.73511286216752,25.681450891050414,-1.053661971117105,True,True,True,0,0,0,0,-0.913415746172999,TARGET_PRESERVED,0.9,1.0,0.09999999999999998,0.089,0.0,False,0.0,0.0,80000,8a015e3f860296dd3aca796cda326c3703d87c07b3f719b51b1eb7fb9b7d4abb
SMSP|jsr=0|seed=10304|center=1000|Oracle_FrFT_UpperBound,SMSP,0.0,10304,1000,Oracle_FrFT_UpperBound,ORACLE_DIAGNOSTIC_ONLY;NOT_FAIR;NOT_RL_ELIGIBLE,ORACLE_DIAGNOSTIC_ONLY,unified/pass,PASS,26.59539730313282,25.933796865473532,-0.6616004376592883,True,True,True,0,0,0,0,-0.9134157461729969,TARGET_PRESERVED,0.9,1.0,0.09999999999999998,0.089,0.5318973083343975,False,0.0,0.0,80000,8a015e3f860296dd3aca796cda326c3703d87c07b3f719b51b1eb7fb9b7d4abb
SMSP|jsr=0|seed=10304|center=1500|Oracle_FrFT_UpperBound,SMSP,0.0,10304,1500,Oracle_FrFT_UpperBound,ORACLE_DIAGNOSTIC_ONLY;NOT_FAIR;NOT_RL_ELIGIBLE,ORACLE_DIAGNOSTIC_ONLY,unified/pass,PASS,26.780279005024585,25.978875691711355,-0.8014033133132301,True,True,True,0,0,0,0,-0.913415746172999,TARGET_PRESERVED,0.9,1.0,0.09999999999999998,0.089,0.6370791897177097,False,0.0,0.0,80000,8a015e3f860296dd3aca796cda326c3703d87c07b3f719b51b1eb7fb9b7d4abb
SMSP|jsr=0|seed=10304|center=2500|Oracle_FrFT_UpperBound,SMSP,0.0,10304,2500,Oracle_FrFT_UpperBound,ORACLE_DIAGNOSTIC_ONLY;NOT_FAIR;NOT_RL_ELIGIBLE,ORACLE_DIAGNOSTIC_ONLY,unified/pass,PASS,26.907899595102442,25.892254750666766,-1.015644844435677,True,True,True,0,0,0,0,-0.913415746172999,TARGET_PRESERVED,0.9,1.0,0.09999999999999998,0.089,0.0,False,0.0,0.0,80000,8a015e3f860296dd3aca796cda326c3703d87c07b3f719b51b1eb7fb9b7d4abb
SMSP|jsr=0|seed=10304|center=3500|Oracle_FrFT_UpperBound,SMSP,0.0,10304,3500,Oracle_FrFT_UpperBound,ORACLE_DIAGNOSTIC_ONLY;NOT_FAIR;NOT_RL_ELIGIBLE,ORACLE_DIAGNOSTIC_ONLY,unified/pass,PASS,26.829848065253646,25.795279443938718,-1.0345686213149285,True,True,True,0,0,0,0,-0.913415746172999,TARGET_PRESERVED,0.9,1.0,0.09999999999999998,0.089,0.0,False,0.0,0.0,80000,8a015e3f860296dd3aca796cda326c3703d87c07b3f719b51b1eb7fb9b7d4abb
SMSP|jsr=0|seed=10304|center=4000|Oracle_FrFT_UpperBound,SMSP,0.0,10304,4000,Oracle_FrFT_UpperBound,ORACLE_DIAGNOSTIC_ONLY;NOT_FAIR;NOT_RL_ELIGIBLE,ORACLE_DIAGNOSTIC_ONLY,unified/pass,PASS,26.799174756961584,25.783213845866207,-1.0159609110953767,True,True,True,0,0,1,0,-0.913415746172999,TARGET_PRESERVED,0.9,1.0,0.09999999999999998,0.089,0.0,False,0.0,0.0,80000,8a015e3f860296dd3aca796cda326c3703d87c07b3f719b51b1eb7fb9b7d4abb
SMSP|jsr=0|seed=10305|center=1000|Oracle_FrFT_UpperBound,SMSP,0.0,10305,1000,Oracle_FrFT_UpperBound,ORACLE_DIAGNOSTIC_ONLY;NOT_FAIR;NOT_RL_ELIGIBLE,ORACLE_DIAGNOSTIC_ONLY,unified/pass,PASS,26.77399251855363,26.127662000239212,-0.6463305183144179,True,True,True,0,0,1,1,-0.9134157461729969,TARGET_PRESERVED,0.9,1.0,0.09999999999999998,0.089,0.5318973083343975,False,0.0,0.0,80000,8a015e3f860296dd3aca796cda326c3703d87c07b3f719b51b1eb7fb9b7d4abb
SMSP|jsr=0|seed=10305|center=1500|Oracle_FrFT_UpperBound,SMSP,0.0,10305,1500,Oracle_FrFT_UpperBound,ORACLE_DIAGNOSTIC_ONLY;NOT_FAIR;NOT_RL_ELIGIBLE,ORACLE_DIAGNOSTIC_ONLY,unified/pass,PASS,26.825781610315097,26.029866746208295,-0.7959148641068019,True,True,True,0,0,1,1,-0.913415746172999,TARGET_PRESERVED,0.9,1.0,0.09999999999999998,0.089,0.6370791897177097,False,0.0,0.0,80000,8a015e3f860296dd3aca796cda326c3703d87c07b3f719b51b1eb7fb9b7d4abb
SMSP|jsr=0|seed=10305|center=2500|Oracle_FrFT_UpperBound,SMSP,0.0,10305,2500,Oracle_FrFT_UpperBound,ORACLE_DIAGNOSTIC_ONLY;NOT_FAIR;NOT_RL_ELIGIBLE,ORACLE_DIAGNOSTIC_ONLY,unified/pass,PASS,26.88517884205138,25.854593729057974,-1.030585112993407,True,True,True,0,0,1,1,-0.913415746172999,TARGET_PRESERVED,0.9,1.0,0.09999999999999998,0.089,0.0,False,0.0,0.0,80000,8a015e3f860296dd3aca796cda326c3703d87c07b3f719b51b1eb7fb9b7d4abb
SMSP|jsr=0|seed=10305|center=3500|Oracle_FrFT_UpperBound,SMSP,0.0,10305,3500,Oracle_FrFT_UpperBound,ORACLE_DIAGNOSTIC_ONLY;NOT_FAIR;NOT_RL_ELIGIBLE,ORACLE_DIAGNOSTIC_ONLY,unified/pass,PASS,26.87430340346642,25.849143572197498,-1.0251598312689225,True,True,True,0,0,1,1,-0.913415746172999,TARGET_PRESERVED,0.9,1.0,0.09999999999999998,0.089,0.0,False,0.0,0.0,80000,8a015e3f860296dd3aca796cda326c3703d87c07b3f719b51b1eb7fb9b7d4abb
SMSP|jsr=0|seed=10305|center=4000|Oracle_FrFT_UpperBound,SMSP,0.0,10305,4000,Oracle_FrFT_UpperBound,ORACLE_DIAGNOSTIC_ONLY;NOT_FAIR;NOT_RL_ELIGIBLE,ORACLE_DIAGNOSTIC_ONLY,unified/pass,PASS,26.93325623052357,25.89972964096052,-1.0335265895630492,True,True,True,0,0,0,0,-0.913415746172999,TARGET_PRESERVED,0.9,1.0,0.09999999999999998,0.089,0.0,False,0.0,0.0,80000,8a015e3f860296dd3aca796cda326c3703d87c07b3f719b51b1eb7fb9b7d4abb
SMSP|jsr=0|seed=10306|center=1000|Oracle_FrFT_UpperBound,SMSP,0.0,10306,1000,Oracle_FrFT_UpperBound,ORACLE_DIAGNOSTIC_ONLY;NOT_FAIR;NOT_RL_ELIGIBLE,ORACLE_DIAGNOSTIC_ONLY,unified/pass,PASS,26.5548917609311,25.896778427950885,-0.6581133329802142,True,True,True,0,0,0,0,-0.9134157461729969,TARGET_PRESERVED,0.9,1.0,0.09999999999999998,0.089,0.5318973083343975,False,0.0,0.0,80000,8a015e3f860296dd3aca796cda326c3703d87c07b3f719b51b1eb7fb9b7d4abb
SMSP|jsr=0|seed=10306|center=1500|Oracle_FrFT_UpperBound,SMSP,0.0,10306,1500,Oracle_FrFT_UpperBound,ORACLE_DIAGNOSTIC_ONLY;NOT_FAIR;NOT_RL_ELIGIBLE,ORACLE_DIAGNOSTIC_ONLY,unified/pass,PASS,26.800733985493622,26.01535027683613,-0.7853837086574913,True,True,True,0,0,0,0,-0.913415746172999,TARGET_PRESERVED,0.9,1.0,0.09999999999999998,0.089,0.6370791897177097,False,0.0,0.0,80000,8a015e3f860296dd3aca796cda326c3703d87c07b3f719b51b1eb7fb9b7d4abb
SMSP|jsr=0|seed=10306|center=2500|Oracle_FrFT_UpperBound,SMSP,0.0,10306,2500,Oracle_FrFT_UpperBound,ORACLE_DIAGNOSTIC_ONLY;NOT_FAIR;NOT_RL_ELIGIBLE,ORACLE_DIAGNOSTIC_ONLY,unified/pass,PASS,26.86840378096452,25.84144061882924,-1.0269631621352815,True,True,True,0,0,0,0,-0.913415746172999,TARGET_PRESERVED,0.9,1.0,0.09999999999999998,0.089,0.0,False,0.0,0.0,80000,8a015e3f860296dd3aca796cda326c3703d87c07b3f719b51b1eb7fb9b7d4abb
SMSP|jsr=0|seed=10306|center=3500|Oracle_FrFT_UpperBound,SMSP,0.0,10306,3500,Oracle_FrFT_UpperBound,ORACLE_DIAGNOSTIC_ONLY;NOT_FAIR;NOT_RL_ELIGIBLE,ORACLE_DIAGNOSTIC_ONLY,unified/pass,PASS,26.781202975812903,25.718674768382535,-1.0625282074303684,True,True,True,0,0,0,0,-0.913415746172999,TARGET_PRESERVED,0.9,1.0,0.09999999999999998,0.089,0.0,False,0.0,0.0,80000,8a015e3f860296dd3aca796cda326c3703d87c07b3f719b51b1eb7fb9b7d4abb
SMSP|jsr=0|seed=10306|center=4000|Oracle_FrFT_UpperBound,SMSP,0.0,10306,4000,Oracle_FrFT_UpperBound,ORACLE_DIAGNOSTIC_ONLY;NOT_FAIR;NOT_RL_ELIGIBLE,ORACLE_DIAGNOSTIC_ONLY,unified/pass,PASS,26.852314212990883,25.814240129871035,-1.0380740831198487,True,True,True,0,0,0,0,-0.913415746172999,TARGET_PRESERVED,0.9,1.0,0.09999999999999998,0.089,0.0,False,0.0,0.0,80000,8a015e3f860296dd3aca796cda326c3703d87c07b3f719b51b1eb7fb9b7d4abb
SMSP|jsr=0|seed=10307|center=1000|Oracle_FrFT_UpperBound,SMSP,0.0,10307,1000,Oracle_FrFT_UpperBound,ORACLE_DIAGNOSTIC_ONLY;NOT_FAIR;NOT_RL_ELIGIBLE,ORACLE_DIAGNOSTIC_ONLY,unified/pass,PASS,26.499435897487807,25.846742016800306,-0.6526938806875009,True,True,True,0,0,0,0,-0.9134157461729969,TARGET_PRESERVED,0.9,1.0,0.09999999999999998,0.089,0.5318973083343975,False,0.0,0.0,80000,8a015e3f860296dd3aca796cda326c3703d87c07b3f719b51b1eb7fb9b7d4abb
SMSP|jsr=0|seed=10307|center=1500|Oracle_FrFT_UpperBound,SMSP,0.0,10307,1500,Oracle_FrFT_UpperBound,ORACLE_DIAGNOSTIC_ONLY;NOT_FAIR;NOT_RL_ELIGIBLE,ORACLE_DIAGNOSTIC_ONLY,unified/pass,PASS,26.52889220319041,25.723304453491643,-0.8055877496987662,True,True,True,0,0,0,0,-0.913415746172999,TARGET_PRESERVED,0.9,1.0,0.09999999999999998,0.089,0.6370791897177097,False,0.0,0.0,80000,8a015e3f860296dd3aca796cda326c3703d87c07b3f719b51b1eb7fb9b7d4abb
SMSP|jsr=0|seed=10307|center=2500|Oracle_FrFT_UpperBound,SMSP,0.0,10307,2500,Oracle_FrFT_UpperBound,ORACLE_DIAGNOSTIC_ONLY;NOT_FAIR;NOT_RL_ELIGIBLE,ORACLE_DIAGNOSTIC_ONLY,unified/pass,PASS,26.677018753876798,25.65570942497809,-1.021309328898706,True,True,True,0,0,0,0,-0.913415746172999,TARGET_PRESERVED,0.9,1.0,0.09999999999999998,0.089,0.0,False,0.0,0.0,80000,8a015e3f860296dd3aca796cda326c3703d87c07b3f719b51b1eb7fb9b7d4abb
SMSP|jsr=0|seed=10307|center=3500|Oracle_FrFT_UpperBound,SMSP,0.0,10307,3500,Oracle_FrFT_UpperBound,ORACLE_DIAGNOSTIC_ONLY;NOT_FAIR;NOT_RL_ELIGIBLE,ORACLE_DIAGNOSTIC_ONLY,unified/pass,PASS,26.717079660531695,25.67864905049229,-1.0384306100394056,True,True,True,0,0,0,0,-0.913415746172999,TARGET_PRESERVED,0.9,1.0,0.09999999999999998,0.089,0.0,False,0.0,0.0,80000,8a015e3f860296dd3aca796cda326c3703d87c07b3f719b51b1eb7fb9b7d4abb
SMSP|jsr=0|seed=10307|center=4000|Oracle_FrFT_UpperBound,SMSP,0.0,10307,4000,Oracle_FrFT_UpperBound,ORACLE_DIAGNOSTIC_ONLY;NOT_FAIR;NOT_RL_ELIGIBLE,ORACLE_DIAGNOSTIC_ONLY,unified/pass,PASS,26.71404404587443,25.72471076619606,-0.9893332796783696,True,True,True,0,0,0,0,-0.913415746172999,TARGET_PRESERVED,0.9,1.0,0.09999999999999998,0.089,0.0,False,0.0,0.0,80000,8a015e3f860296dd3aca796cda326c3703d87c07b3f719b51b1eb7fb9b7d4abb
SMSP|jsr=0|seed=10308|center=1000|Oracle_FrFT_UpperBound,SMSP,0.0,10308,1000,Oracle_FrFT_UpperBound,ORACLE_DIAGNOSTIC_ONLY;NOT_FAIR;NOT_RL_ELIGIBLE,ORACLE_DIAGNOSTIC_ONLY,unified/pass,PASS,26.493868193028156,25.84879163562445,-0.645076557403705,True,True,True,0,0,1,1,-0.9134157461729969,TARGET_PRESERVED,0.9,1.0,0.09999999999999998,0.089,0.5318973083343975,False,0.0,0.0,80000,8a015e3f860296dd3aca796cda326c3703d87c07b3f719b51b1eb7fb9b7d4abb
SMSP|jsr=0|seed=10308|center=1500|Oracle_FrFT_UpperBound,SMSP,0.0,10308,1500,Oracle_FrFT_UpperBound,ORACLE_DIAGNOSTIC_ONLY;NOT_FAIR;NOT_RL_ELIGIBLE,ORACLE_DIAGNOSTIC_ONLY,unified/pass,PASS,26.809975576851194,26.034036093256645,-0.7759394835945486,True,True,True,0,0,1,1,-0.913415746172999,TARGET_PRESERVED,0.9,1.0,0.09999999999999998,0.089,0.6370791897177098,False,0.0,0.0,80000,8a015e3f860296dd3aca796cda326c3703d87c07b3f719b51b1eb7fb9b7d4abb
SMSP|jsr=0|seed=10308|center=2500|Oracle_FrFT_UpperBound,SMSP,0.0,10308,2500,Oracle_FrFT_UpperBound,ORACLE_DIAGNOSTIC_ONLY;NOT_FAIR;NOT_RL_ELIGIBLE,ORACLE_DIAGNOSTIC_ONLY,unified/pass,PASS,26.69897586878655,25.67858451210862,-1.02039135667793,True,True,True,0,0,0,0,-0.913415746172999,TARGET_PRESERVED,0.9,1.0,0.09999999999999998,0.089,0.0,False,0.0,0.0,80000,8a015e3f860296dd3aca796cda326c3703d87c07b3f719b51b1eb7fb9b7d4abb
SMSP|jsr=0|seed=10308|center=3500|Oracle_FrFT_UpperBound,SMSP,0.0,10308,3500,Oracle_FrFT_UpperBound,ORACLE_DIAGNOSTIC_ONLY;NOT_FAIR;NOT_RL_ELIGIBLE,ORACLE_DIAGNOSTIC_ONLY,unified/pass,PASS,26.71134379065453,25.686764237094465,-1.0245795535600664,True,True,True,0,0,0,0,-0.913415746172999,TARGET_PRESERVED,0.9,1.0,0.09999999999999998,0.089,0.0,False,0.0,0.0,80000,8a015e3f860296dd3aca796cda326c3703d87c07b3f719b51b1eb7fb9b7d4abb
SMSP|jsr=0|seed=10308|center=4000|Oracle_FrFT_UpperBound,SMSP,0.0,10308,4000,Oracle_FrFT_UpperBound,ORACLE_DIAGNOSTIC_ONLY;NOT_FAIR;NOT_RL_ELIGIBLE,ORACLE_DIAGNOSTIC_ONLY,unified/pass,PASS,26.730702028959126,25.696447287612582,-1.034254741346544,True,True,True,0,0,1,1,-0.913415746172999,TARGET_PRESERVED,0.9,1.0,0.09999999999999998,0.089,0.0,False,0.0,0.0,80000,8a015e3f860296dd3aca796cda326c3703d87c07b3f719b51b1eb7fb9b7d4abb
SMSP|jsr=0|seed=10309|center=1000|Oracle_FrFT_UpperBound,SMSP,0.0,10309,1000,Oracle_FrFT_UpperBound,ORACLE_DIAGNOSTIC_ONLY;NOT_FAIR;NOT_RL_ELIGIBLE,ORACLE_DIAGNOSTIC_ONLY,unified/pass,PASS,26.52010748855816,25.879229270209155,-0.6408782183490054,True,True,True,0,0,0,0,-0.9134157461729969,TARGET_PRESERVED,0.9,1.0,0.09999999999999998,0.089,0.5318973083343975,False,0.0,0.0,80000,8a015e3f860296dd3aca796cda326c3703d87c07b3f719b51b1eb7fb9b7d4abb
SMSP|jsr=0|seed=10309|center=1500|Oracle_FrFT_UpperBound,SMSP,0.0,10309,1500,Oracle_FrFT_UpperBound,ORACLE_DIAGNOSTIC_ONLY;NOT_FAIR;NOT_RL_ELIGIBLE,ORACLE_DIAGNOSTIC_ONLY,unified/pass,PASS,26.70622296544415,25.917679316426046,-0.7885436490181057,True,True,True,0,0,0,0,-0.913415746172999,TARGET_PRESERVED,0.9,1.0,0.09999999999999998,0.089,0.6370791897177097,False,0.0,0.0,80000,8a015e3f860296dd3aca796cda326c3703d87c07b3f719b51b1eb7fb9b7d4abb
SMSP|jsr=0|seed=10309|center=2500|Oracle_FrFT_UpperBound,SMSP,0.0,10309,2500,Oracle_FrFT_UpperBound,ORACLE_DIAGNOSTIC_ONLY;NOT_FAIR;NOT_RL_ELIGIBLE,ORACLE_DIAGNOSTIC_ONLY,unified/pass,PASS,26.754652467431693,25.74531795753358,-1.009334509898114,True,True,True,0,0,0,0,-0.913415746172999,TARGET_PRESERVED,0.9,1.0,0.09999999999999998,0.089,0.0,False,0.0,0.0,80000,8a015e3f860296dd3aca796cda326c3703d87c07b3f719b51b1eb7fb9b7d4abb
SMSP|jsr=0|seed=10309|center=3500|Oracle_FrFT_UpperBound,SMSP,0.0,10309,3500,Oracle_FrFT_UpperBound,ORACLE_DIAGNOSTIC_ONLY;NOT_FAIR;NOT_RL_ELIGIBLE,ORACLE_DIAGNOSTIC_ONLY,unified/pass,PASS,26.76744627041883,25.773854562080988,-0.993591708337842,True,True,True,0,0,0,0,-0.913415746172999,TARGET_PRESERVED,0.9,1.0,0.09999999999999998,0.089,0.0,False,0.0,0.0,80000,8a015e3f860296dd3aca796cda326c3703d87c07b3f719b51b1eb7fb9b7d4abb
SMSP|jsr=0|seed=10309|center=4000|Oracle_FrFT_UpperBound,SMSP,0.0,10309,4000,Oracle_FrFT_UpperBound,ORACLE_DIAGNOSTIC_ONLY;NOT_FAIR;NOT_RL_ELIGIBLE,ORACLE_DIAGNOSTIC_ONLY,unified/pass,PASS,26.6825083529899,25.668839292409388,-1.0136690605805114,True,True,True,0,0,0,0,-0.913415746172999,TARGET_PRESERVED,0.9,1.0,0.09999999999999998,0.089,0.0,False,0.0,0.0,80000,8a015e3f860296dd3aca796cda326c3703d87c07b3f719b51b1eb7fb9b7d4abb
SMSP|jsr=0|seed=10310|center=1000|Oracle_FrFT_UpperBound,SMSP,0.0,10310,1000,Oracle_FrFT_UpperBound,ORACLE_DIAGNOSTIC_ONLY;NOT_FAIR;NOT_RL_ELIGIBLE,ORACLE_DIAGNOSTIC_ONLY,unified/pass,PASS,26.75025571210663,26.09697696286711,-0.6532787492395187,True,True,True,0,0,1,1,-0.9134157461729969,TARGET_PRESERVED,0.9,1.0,0.09999999999999998,0.089,0.5318973083343975,False,0.0,0.0,80000,8a015e3f860296dd3aca796cda326c3703d87c07b3f719b51b1eb7fb9b7d4abb
SMSP|jsr=0|seed=10310|center=1500|Oracle_FrFT_UpperBound,SMSP,0.0,10310,1500,Oracle_FrFT_UpperBound,ORACLE_DIAGNOSTIC_ONLY;NOT_FAIR;NOT_RL_ELIGIBLE,ORACLE_DIAGNOSTIC_ONLY,unified/pass,PASS,26.887907163905705,26.079556302397123,-0.8083508615085826,True,True,True,0,0,1,1,-0.913415746172999,TARGET_PRESERVED,0.9,1.0,0.09999999999999998,0.089,0.6370791897177097,False,0.0,0.0,80000,8a015e3f860296dd3aca796cda326c3703d87c07b3f719b51b1eb7fb9b7d4abb
SMSP|jsr=0|seed=10310|center=2500|Oracle_FrFT_UpperBound,SMSP,0.0,10310,2500,Oracle_FrFT_UpperBound,ORACLE_DIAGNOSTIC_ONLY;NOT_FAIR;NOT_RL_ELIGIBLE,ORACLE_DIAGNOSTIC_ONLY,unified/pass,PASS,26.996651263817363,25.96240282607485,-1.0342484377425123,True,True,True,0,0,1,1,-0.913415746172999,TARGET_PRESERVED,0.9,1.0,0.09999999999999998,0.089,0.0,False,0.0,0.0,80000,8a015e3f860296dd3aca796cda326c3703d87c07b3f719b51b1eb7fb9b7d4abb
SMSP|jsr=0|seed=10310|center=3500|Oracle_FrFT_UpperBound,SMSP,0.0,10310,3500,Oracle_FrFT_UpperBound,ORACLE_DIAGNOSTIC_ONLY;NOT_FAIR;NOT_RL_ELIGIBLE,ORACLE_DIAGNOSTIC_ONLY,unified/pass,PASS,26.923097008588176,25.89714498409432,-1.0259520244938543,True,True,True,0,0,0,0,-0.913415746172999,TARGET_PRESERVED,0.9,1.0,0.09999999999999998,0.089,0.0,False,0.0,0.0,80000,8a015e3f860296dd3aca796cda326c3703d87c07b3f719b51b1eb7fb9b7d4abb
SMSP|jsr=0|seed=10310|center=4000|Oracle_FrFT_UpperBound,SMSP,0.0,10310,4000,Oracle_FrFT_UpperBound,ORACLE_DIAGNOSTIC_ONLY;NOT_FAIR;NOT_RL_ELIGIBLE,ORACLE_DIAGNOSTIC_ONLY,unified/pass,PASS,26.980503117590704,25.962256671426363,-1.0182464461643406,True,True,True,0,0,0,0,-0.913415746172999,TARGET_PRESERVED,0.9,1.0,0.09999999999999998,0.089,0.0,False,0.0,0.0,80000,8a015e3f860296dd3aca796cda326c3703d87c07b3f719b51b1eb7fb9b7d4abb
SMSP|jsr=0|seed=10311|center=1000|Oracle_FrFT_UpperBound,SMSP,0.0,10311,1000,Oracle_FrFT_UpperBound,ORACLE_DIAGNOSTIC_ONLY;NOT_FAIR;NOT_RL_ELIGIBLE,ORACLE_DIAGNOSTIC_ONLY,unified/pass,PASS,26.569087903970402,25.889934106932394,-0.6791537970380084,True,True,True,0,0,1,1,-0.9134157461729969,TARGET_PRESERVED,0.9,1.0,0.09999999999999998,0.089,0.5318973083343975,False,0.0,0.0,80000,8a015e3f860296dd3aca796cda326c3703d87c07b3f719b51b1eb7fb9b7d4abb
SMSP|jsr=0|seed=10311|center=1500|Oracle_FrFT_UpperBound,SMSP,0.0,10311,1500,Oracle_FrFT_UpperBound,ORACLE_DIAGNOSTIC_ONLY;NOT_FAIR;NOT_RL_ELIGIBLE,ORACLE_DIAGNOSTIC_ONLY,unified/pass,PASS,26.726578946098904,25.930956385696344,-0.7956225604025597,True,True,True,0,0,1,1,-0.913415746172999,TARGET_PRESERVED,0.9,1.0,0.09999999999999998,0.089,0.6370791897177097,False,0.0,0.0,80000,8a015e3f860296dd3aca796cda326c3703d87c07b3f719b51b1eb7fb9b7d4abb
SMSP|jsr=0|seed=10311|center=2500|Oracle_FrFT_UpperBound,SMSP,0.0,10311,2500,Oracle_FrFT_UpperBound,ORACLE_DIAGNOSTIC_ONLY;NOT_FAIR;NOT_RL_ELIGIBLE,ORACLE_DIAGNOSTIC_ONLY,unified/pass,PASS,26.81538553389145,25.796012495968533,-1.019373037922918,True,True,True,0,0,1,1,-0.913415746172999,TARGET_PRESERVED,0.9,1.0,0.09999999999999998,0.089,0.0,False,0.0,0.0,80000,8a015e3f860296dd3aca796cda326c3703d87c07b3f719b51b1eb7fb9b7d4abb
SMSP|jsr=0|seed=10311|center=3500|Oracle_FrFT_UpperBound,SMSP,0.0,10311,3500,Oracle_FrFT_UpperBound,ORACLE_DIAGNOSTIC_ONLY;NOT_FAIR;NOT_RL_ELIGIBLE,ORACLE_DIAGNOSTIC_ONLY,unified/pass,PASS,26.960873049058137,25.95089752901011,-1.0099755200480267,True,True,True,0,0,1,1,-0.913415746172999,TARGET_PRESERVED,0.9,1.0,0.09999999999999998,0.089,0.0,False,0.0,0.0,80000,8a015e3f860296dd3aca796cda326c3703d87c07b3f719b51b1eb7fb9b7d4abb
SMSP|jsr=0|seed=10311|center=4000|Oracle_FrFT_UpperBound,SMSP,0.0,10311,4000,Oracle_FrFT_UpperBound,ORACLE_DIAGNOSTIC_ONLY;NOT_FAIR;NOT_RL_ELIGIBLE,ORACLE_DIAGNOSTIC_ONLY,unified/pass,PASS,26.769882607259206,25.709977707541366,-1.0599048997178393,True,True,True,0,0,0,1,-0.913415746172999,TARGET_PRESERVED,0.9,1.0,0.09999999999999998,0.089,0.0,False,0.0,0.0,80000,8a015e3f860296dd3aca796cda326c3703d87c07b3f719b51b1eb7fb9b7d4abb
SMSP|jsr=0|seed=10312|center=1000|Oracle_FrFT_UpperBound,SMSP,0.0,10312,1000,Oracle_FrFT_UpperBound,ORACLE_DIAGNOSTIC_ONLY;NOT_FAIR;NOT_RL_ELIGIBLE,ORACLE_DIAGNOSTIC_ONLY,unified/pass,PASS,26.559909244306542,25.91394725413886,-0.645961990167681,True,True,True,0,0,0,0,-0.9134157461729969,TARGET_PRESERVED,0.9,1.0,0.09999999999999998,0.089,0.5318973083343975,False,0.0,0.0,80000,8a015e3f860296dd3aca796cda326c3703d87c07b3f719b51b1eb7fb9b7d4abb
SMSP|jsr=0|seed=10312|center=1500|Oracle_FrFT_UpperBound,SMSP,0.0,10312,1500,Oracle_FrFT_UpperBound,ORACLE_DIAGNOSTIC_ONLY;NOT_FAIR;NOT_RL_ELIGIBLE,ORACLE_DIAGNOSTIC_ONLY,unified/pass,PASS,26.853498097333734,26.08948004033111,-0.7640180570026232,True,True,True,0,0,0,0,-0.913415746172999,TARGET_PRESERVED,0.9,1.0,0.09999999999999998,0.089,0.6370791897177097,False,0.0,0.0,80000,8a015e3f860296dd3aca796cda326c3703d87c07b3f719b51b1eb7fb9b7d4abb
SMSP|jsr=0|seed=10312|center=2500|Oracle_FrFT_UpperBound,SMSP,0.0,10312,2500,Oracle_FrFT_UpperBound,ORACLE_DIAGNOSTIC_ONLY;NOT_FAIR;NOT_RL_ELIGIBLE,ORACLE_DIAGNOSTIC_ONLY,unified/pass,PASS,26.898244847783197,25.867929318886446,-1.0303155288967503,True,True,True,0,0,0,0,-0.913415746172999,TARGET_PRESERVED,0.9,1.0,0.09999999999999998,0.089,0.0,False,0.0,0.0,80000,8a015e3f860296dd3aca796cda326c3703d87c07b3f719b51b1eb7fb9b7d4abb
SMSP|jsr=0|seed=10312|center=3500|Oracle_FrFT_UpperBound,SMSP,0.0,10312,3500,Oracle_FrFT_UpperBound,ORACLE_DIAGNOSTIC_ONLY;NOT_FAIR;NOT_RL_ELIGIBLE,ORACLE_DIAGNOSTIC_ONLY,unified/pass,PASS,26.81914929717671,25.791968601446378,-1.0271806957303333,True,True,True,0,0,0,0,-0.913415746172999,TARGET_PRESERVED,0.9,1.0,0.09999999999999998,0.089,0.0,False,0.0,0.0,80000,8a015e3f860296dd3aca796cda326c3703d87c07b3f719b51b1eb7fb9b7d4abb
SMSP|jsr=0|seed=10312|center=4000|Oracle_FrFT_UpperBound,SMSP,0.0,10312,4000,Oracle_FrFT_UpperBound,ORACLE_DIAGNOSTIC_ONLY;NOT_FAIR;NOT_RL_ELIGIBLE,ORACLE_DIAGNOSTIC_ONLY,unified/pass,PASS,26.712865382480278,25.657960888387432,-1.0549044940928454,True,True,True,0,0,0,0,-0.913415746172999,TARGET_PRESERVED,0.9,1.0,0.09999999999999998,0.089,0.0,False,0.0,0.0,80000,8a015e3f860296dd3aca796cda326c3703d87c07b3f719b51b1eb7fb9b7d4abb
SMSP|jsr=0|seed=10313|center=1000|Oracle_FrFT_UpperBound,SMSP,0.0,10313,1000,Oracle_FrFT_UpperBound,ORACLE_DIAGNOSTIC_ONLY;NOT_FAIR;NOT_RL_ELIGIBLE,ORACLE_DIAGNOSTIC_ONLY,unified/pass,PASS,26.55005513808353,25.93776283292638,-0.6122923051571476,True,True,True,0,0,0,0,-0.9134157461729969,TARGET_PRESERVED,0.9,1.0,0.09999999999999998,0.089,0.5318973083343975,False,0.0,0.0,80000,8a015e3f860296dd3aca796cda326c3703d87c07b3f719b51b1eb7fb9b7d4abb
SMSP|jsr=0|seed=10313|center=1500|Oracle_FrFT_UpperBound,SMSP,0.0,10313,1500,Oracle_FrFT_UpperBound,ORACLE_DIAGNOSTIC_ONLY;NOT_FAIR;NOT_RL_ELIGIBLE,ORACLE_DIAGNOSTIC_ONLY,unified/pass,PASS,26.730797040546715,25.970620015357856,-0.7601770251888595,True,True,True,0,0,0,0,-0.913415746172999,TARGET_PRESERVED,0.9,1.0,0.09999999999999998,0.089,0.6370791897177097,False,0.0,0.0,80000,8a015e3f860296dd3aca796cda326c3703d87c07b3f719b51b1eb7fb9b7d4abb
SMSP|jsr=0|seed=10313|center=2500|Oracle_FrFT_UpperBound,SMSP,0.0,10313,2500,Oracle_FrFT_UpperBound,ORACLE_DIAGNOSTIC_ONLY;NOT_FAIR;NOT_RL_ELIGIBLE,ORACLE_DIAGNOSTIC_ONLY,unified/pass,PASS,26.80841084014736,25.821237898364167,-0.9871729417831929,True,True,True,0,0,0,0,-0.913415746172999,TARGET_PRESERVED,0.9,1.0,0.09999999999999998,0.089,0.0,False,0.0,0.0,80000,8a015e3f860296dd3aca796cda326c3703d87c07b3f719b51b1eb7fb9b7d4abb
SMSP|jsr=0|seed=10313|center=3500|Oracle_FrFT_UpperBound,SMSP,0.0,10313,3500,Oracle_FrFT_UpperBound,ORACLE_DIAGNOSTIC_ONLY;NOT_FAIR;NOT_RL_ELIGIBLE,ORACLE_DIAGNOSTIC_ONLY,unified/pass,PASS,26.840885925138963,25.789153314063054,-1.0517326110759093,True,True,True,0,0,1,0,-0.913415746172999,TARGET_PRESERVED,0.9,1.0,0.09999999999999998,0.089,0.0,False,0.0,0.0,80000,8a015e3f860296dd3aca796cda326c3703d87c07b3f719b51b1eb7fb9b7d4abb
SMSP|jsr=0|seed=10313|center=4000|Oracle_FrFT_UpperBound,SMSP,0.0,10313,4000,Oracle_FrFT_UpperBound,ORACLE_DIAGNOSTIC_ONLY;NOT_FAIR;NOT_RL_ELIGIBLE,ORACLE_DIAGNOSTIC_ONLY,unified/pass,PASS,26.749608039682794,25.71470692219617,-1.0349011174866227,True,True,True,0,0,0,0,-0.913415746172999,TARGET_PRESERVED,0.9,1.0,0.09999999999999998,0.089,0.0,False,0.0,0.0,80000,8a015e3f860296dd3aca796cda326c3703d87c07b3f719b51b1eb7fb9b7d4abb
SMSP|jsr=0|seed=10314|center=1000|Oracle_FrFT_UpperBound,SMSP,0.0,10314,1000,Oracle_FrFT_UpperBound,ORACLE_DIAGNOSTIC_ONLY;NOT_FAIR;NOT_RL_ELIGIBLE,ORACLE_DIAGNOSTIC_ONLY,unified/pass,PASS,26.486309216568607,25.827164454113102,-0.6591447624555045,True,True,True,0,0,0,0,-0.9134157461729969,TARGET_PRESERVED,0.9,1.0,0.09999999999999998,0.089,0.5318973083343975,False,0.0,0.0,80000,8a015e3f860296dd3aca796cda326c3703d87c07b3f719b51b1eb7fb9b7d4abb
SMSP|jsr=0|seed=10314|center=1500|Oracle_FrFT_UpperBound,SMSP,0.0,10314,1500,Oracle_FrFT_UpperBound,ORACLE_DIAGNOSTIC_ONLY;NOT_FAIR;NOT_RL_ELIGIBLE,ORACLE_DIAGNOSTIC_ONLY,unified/pass,PASS,26.613192314326064,25.818686028909802,-0.7945062854162614,True,True,True,0,0,0,0,-0.913415746172999,TARGET_PRESERVED,0.9,1.0,0.09999999999999998,0.089,0.6370791897177097,False,0.0,0.0,80000,8a015e3f860296dd3aca796cda326c3703d87c07b3f719b51b1eb7fb9b7d4abb
SMSP|jsr=0|seed=10314|center=2500|Oracle_FrFT_UpperBound,SMSP,0.0,10314,2500,Oracle_FrFT_UpperBound,ORACLE_DIAGNOSTIC_ONLY;NOT_FAIR;NOT_RL_ELIGIBLE,ORACLE_DIAGNOSTIC_ONLY,unified/pass,PASS,26.778951819596315,25.7431801466652,-1.0357716729311157,True,True,True,0,0,0,0,-0.913415746172999,TARGET_PRESERVED,0.9,1.0,0.09999999999999998,0.089,0.0,False,0.0,0.0,80000,8a015e3f860296dd3aca796cda326c3703d87c07b3f719b51b1eb7fb9b7d4abb
SMSP|jsr=0|seed=10314|center=3500|Oracle_FrFT_UpperBound,SMSP,0.0,10314,3500,Oracle_FrFT_UpperBound,ORACLE_DIAGNOSTIC_ONLY;NOT_FAIR;NOT_RL_ELIGIBLE,ORACLE_DIAGNOSTIC_ONLY,unified/pass,PASS,26.83922758820808,25.845714926143252,-0.9935126620648269,True,True,True,0,0,0,0,-0.913415746172999,TARGET_PRESERVED,0.9,1.0,0.09999999999999998,0.089,0.0,False,0.0,0.0,80000,8a015e3f860296dd3aca796cda326c3703d87c07b3f719b51b1eb7fb9b7d4abb
SMSP|jsr=0|seed=10314|center=4000|Oracle_FrFT_UpperBound,SMSP,0.0,10314,4000,Oracle_FrFT_UpperBound,ORACLE_DIAGNOSTIC_ONLY;NOT_FAIR;NOT_RL_ELIGIBLE,ORACLE_DIAGNOSTIC_ONLY,unified/pass,PASS,26.75785030070955,25.776698614807508,-0.9811516859020415,True,True,True,0,0,0,0,-0.913415746172999,TARGET_PRESERVED,0.9,1.0,0.09999999999999998,0.089,0.0,False,0.0,0.0,80000,8a015e3f860296dd3aca796cda326c3703d87c07b3f719b51b1eb7fb9b7d4abb
SMSP|jsr=0|seed=10315|center=1000|Oracle_FrFT_UpperBound,SMSP,0.0,10315,1000,Oracle_FrFT_UpperBound,ORACLE_DIAGNOSTIC_ONLY;NOT_FAIR;NOT_RL_ELIGIBLE,ORACLE_DIAGNOSTIC_ONLY,unified/pass,PASS,26.476717850829683,25.802272285209074,-0.6744455656206085,True,True,True,0,0,1,1,-0.9134157461729969,TARGET_PRESERVED,0.9,1.0,0.09999999999999998,0.089,0.5318973083343975,False,0.0,0.0,80000,8a015e3f860296dd3aca796cda326c3703d87c07b3f719b51b1eb7fb9b7d4abb
SMSP|jsr=0|seed=10315|center=1500|Oracle_FrFT_UpperBound,SMSP,0.0,10315,1500,Oracle_FrFT_UpperBound,ORACLE_DIAGNOSTIC_ONLY;NOT_FAIR;NOT_RL_ELIGIBLE,ORACLE_DIAGNOSTIC_ONLY,unified/pass,PASS,26.6258433512991,25.823311788914474,-0.8025315623846261,True,True,True,0,0,1,1,-0.913415746172999,TARGET_PRESERVED,0.9,1.0,0.09999999999999998,0.089,0.6370791897177097,False,0.0,0.0,80000,8a015e3f860296dd3aca796cda326c3703d87c07b3f719b51b1eb7fb9b7d4abb
SMSP|jsr=0|seed=10315|center=2500|Oracle_FrFT_UpperBound,SMSP,0.0,10315,2500,Oracle_FrFT_UpperBound,ORACLE_DIAGNOSTIC_ONLY;NOT_FAIR;NOT_RL_ELIGIBLE,ORACLE_DIAGNOSTIC_ONLY,unified/pass,PASS,26.73891784089999,25.71555244430398,-1.0233653965960094,True,True,True,0,0,1,1,-0.913415746172999,TARGET_PRESERVED,0.9,1.0,0.09999999999999998,0.089,0.0,False,0.0,0.0,80000,8a015e3f860296dd3aca796cda326c3703d87c07b3f719b51b1eb7fb9b7d4abb
SMSP|jsr=0|seed=10315|center=3500|Oracle_FrFT_UpperBound,SMSP,0.0,10315,3500,Oracle_FrFT_UpperBound,ORACLE_DIAGNOSTIC_ONLY;NOT_FAIR;NOT_RL_ELIGIBLE,ORACLE_DIAGNOSTIC_ONLY,unified/pass,PASS,26.796406305789642,25.761979460398955,-1.034426845390687,True,True,True,0,0,0,0,-0.913415746172999,TARGET_PRESERVED,0.9,1.0,0.09999999999999998,0.089,0.0,False,0.0,0.0,80000,8a015e3f860296dd3aca796cda326c3703d87c07b3f719b51b1eb7fb9b7d4abb
SMSP|jsr=0|seed=10315|center=4000|Oracle_FrFT_UpperBound,SMSP,0.0,10315,4000,Oracle_FrFT_UpperBound,ORACLE_DIAGNOSTIC_ONLY;NOT_FAIR;NOT_RL_ELIGIBLE,ORACLE_DIAGNOSTIC_ONLY,unified/pass,PASS,26.724129164825754,25.71099655977146,-1.0131326050542953,True,True,True,0,0,0,0,-0.913415746172999,TARGET_PRESERVED,0.9,1.0,0.09999999999999998,0.089,0.0,False,0.0,0.0,80000,8a015e3f860296dd3aca796cda326c3703d87c07b3f719b51b1eb7fb9b7d4abb
SMSP|jsr=0|seed=10316|center=1000|Oracle_FrFT_UpperBound,SMSP,0.0,10316,1000,Oracle_FrFT_UpperBound,ORACLE_DIAGNOSTIC_ONLY;NOT_FAIR;NOT_RL_ELIGIBLE,ORACLE_DIAGNOSTIC_ONLY,unified/pass,PASS,26.504254223885294,25.8888609750437,-0.6153932488415954,True,True,True,0,0,1,1,-0.9134157461729969,TARGET_PRESERVED,0.9,1.0,0.09999999999999998,0.089,0.5318973083343975,False,0.0,0.0,80000,8a015e3f860296dd3aca796cda326c3703d87c07b3f719b51b1eb7fb9b7d4abb
SMSP|jsr=0|seed=10316|center=1500|Oracle_FrFT_UpperBound,SMSP,0.0,10316,1500,Oracle_FrFT_UpperBound,ORACLE_DIAGNOSTIC_ONLY;NOT_FAIR;NOT_RL_ELIGIBLE,ORACLE_DIAGNOSTIC_ONLY,unified/pass,PASS,26.56169396023319,25.716639774848463,-0.8450541853847255,True,True,True,0,0,1,1,-0.913415746172999,TARGET_PRESERVED,0.9,1.0,0.09999999999999998,0.089,0.6370791897177097,False,0.0,0.0,80000,8a015e3f860296dd3aca796cda326c3703d87c07b3f719b51b1eb7fb9b7d4abb
SMSP|jsr=0|seed=10316|center=2500|Oracle_FrFT_UpperBound,SMSP,0.0,10316,2500,Oracle_FrFT_UpperBound,ORACLE_DIAGNOSTIC_ONLY;NOT_FAIR;NOT_RL_ELIGIBLE,ORACLE_DIAGNOSTIC_ONLY,unified/pass,PASS,26.695276081270826,25.663001438530742,-1.0322746427400844,True,True,True,0,0,0,0,-0.913415746172999,TARGET_PRESERVED,0.9,1.0,0.09999999999999998,0.089,0.0,False,0.0,0.0,80000,8a015e3f860296dd3aca796cda326c3703d87c07b3f719b51b1eb7fb9b7d4abb
SMSP|jsr=0|seed=10316|center=3500|Oracle_FrFT_UpperBound,SMSP,0.0,10316,3500,Oracle_FrFT_UpperBound,ORACLE_DIAGNOSTIC_ONLY;NOT_FAIR;NOT_RL_ELIGIBLE,ORACLE_DIAGNOSTIC_ONLY,unified/pass,PASS,26.653587480689566,25.6176226534817,-1.0359648272078665,True,True,True,0,0,0,0,-0.913415746172999,TARGET_PRESERVED,0.9,1.0,0.09999999999999998,0.089,0.0,False,0.0,0.0,80000,8a015e3f860296dd3aca796cda326c3703d87c07b3f719b51b1eb7fb9b7d4abb
SMSP|jsr=0|seed=10316|center=4000|Oracle_FrFT_UpperBound,SMSP,0.0,10316,4000,Oracle_FrFT_UpperBound,ORACLE_DIAGNOSTIC_ONLY;NOT_FAIR;NOT_RL_ELIGIBLE,ORACLE_DIAGNOSTIC_ONLY,unified/pass,PASS,26.77987120397191,25.76676123373335,-1.0131099702385598,True,True,True,0,0,1,1,-0.913415746172999,TARGET_PRESERVED,0.9,1.0,0.09999999999999998,0.089,0.0,False,0.0,0.0,80000,8a015e3f860296dd3aca796cda326c3703d87c07b3f719b51b1eb7fb9b7d4abb
SMSP|jsr=0|seed=10317|center=1000|Oracle_FrFT_UpperBound,SMSP,0.0,10317,1000,Oracle_FrFT_UpperBound,ORACLE_DIAGNOSTIC_ONLY;NOT_FAIR;NOT_RL_ELIGIBLE,ORACLE_DIAGNOSTIC_ONLY,unified/pass,PASS,26.608628351659355,25.898368534382733,-0.7102598172766221,True,True,True,0,0,0,0,-0.9134157461729969,TARGET_PRESERVED,0.9,1.0,0.09999999999999998,0.089,0.5318973083343975,False,0.0,0.0,80000,8a015e3f860296dd3aca796cda326c3703d87c07b3f719b51b1eb7fb9b7d4abb
SMSP|jsr=0|seed=10317|center=1500|Oracle_FrFT_UpperBound,SMSP,0.0,10317,1500,Oracle_FrFT_UpperBound,ORACLE_DIAGNOSTIC_ONLY;NOT_FAIR;NOT_RL_ELIGIBLE,ORACLE_DIAGNOSTIC_ONLY,unified/pass,PASS,26.77274989740328,25.98645679265928,-0.7862931047440007,True,True,True,0,0,0,0,-0.913415746172999,TARGET_PRESERVED,0.9,1.0,0.09999999999999998,0.089,0.6370791897177097,False,0.0,0.0,80000,8a015e3f860296dd3aca796cda326c3703d87c07b3f719b51b1eb7fb9b7d4abb
SMSP|jsr=0|seed=10317|center=2500|Oracle_FrFT_UpperBound,SMSP,0.0,10317,2500,Oracle_FrFT_UpperBound,ORACLE_DIAGNOSTIC_ONLY;NOT_FAIR;NOT_RL_ELIGIBLE,ORACLE_DIAGNOSTIC_ONLY,unified/pass,PASS,26.754706017336574,25.690845126626314,-1.0638608907102594,True,True,True,0,0,0,0,-0.913415746172999,TARGET_PRESERVED,0.9,1.0,0.09999999999999998,0.089,0.0,False,0.0,0.0,80000,8a015e3f860296dd3aca796cda326c3703d87c07b3f719b51b1eb7fb9b7d4abb
SMSP|jsr=0|seed=10317|center=3500|Oracle_FrFT_UpperBound,SMSP,0.0,10317,3500,Oracle_FrFT_UpperBound,ORACLE_DIAGNOSTIC_ONLY;NOT_FAIR;NOT_RL_ELIGIBLE,ORACLE_DIAGNOSTIC_ONLY,unified/pass,PASS,26.79629439311798,25.77241944746245,-1.0238749456555283,True,True,True,0,0,0,0,-0.913415746172999,TARGET_PRESERVED,0.9,1.0,0.09999999999999998,0.089,0.0,False,0.0,0.0,80000,8a015e3f860296dd3aca796cda326c3703d87c07b3f719b51b1eb7fb9b7d4abb
SMSP|jsr=0|seed=10317|center=4000|Oracle_FrFT_UpperBound,SMSP,0.0,10317,4000,Oracle_FrFT_UpperBound,ORACLE_DIAGNOSTIC_ONLY;NOT_FAIR;NOT_RL_ELIGIBLE,ORACLE_DIAGNOSTIC_ONLY,unified/pass,PASS,26.772002230697993,25.717679846534747,-1.054322384163246,True,True,True,0,0,0,0,-0.913415746172999,TARGET_PRESERVED,0.9,1.0,0.09999999999999998,0.089,0.0,False,0.0,0.0,80000,8a015e3f860296dd3aca796cda326c3703d87c07b3f719b51b1eb7fb9b7d4abb
SMSP|jsr=0|seed=10318|center=1000|Oracle_FrFT_UpperBound,SMSP,0.0,10318,1000,Oracle_FrFT_UpperBound,ORACLE_DIAGNOSTIC_ONLY;NOT_FAIR;NOT_RL_ELIGIBLE,ORACLE_DIAGNOSTIC_ONLY,unified/pass,PASS,26.563655975666553,25.926073796349478,-0.6375821793170751,True,True,True,0,0,2,2,-0.9134157461729969,TARGET_PRESERVED,0.9,1.0,0.09999999999999998,0.089,0.5318973083343975,False,0.0,0.0,80000,8a015e3f860296dd3aca796cda326c3703d87c07b3f719b51b1eb7fb9b7d4abb
SMSP|jsr=0|seed=10318|center=1500|Oracle_FrFT_UpperBound,SMSP,0.0,10318,1500,Oracle_FrFT_UpperBound,ORACLE_DIAGNOSTIC_ONLY;NOT_FAIR;NOT_RL_ELIGIBLE,ORACLE_DIAGNOSTIC_ONLY,unified/pass,PASS,26.80937720862293,26.026873497958164,-0.7825037106647663,True,True,True,0,0,2,2,-0.913415746172999,TARGET_PRESERVED,0.9,1.0,0.09999999999999998,0.089,0.6370791897177097,False,0.0,0.0,80000,8a015e3f860296dd3aca796cda326c3703d87c07b3f719b51b1eb7fb9b7d4abb
SMSP|jsr=0|seed=10318|center=2500|Oracle_FrFT_UpperBound,SMSP,0.0,10318,2500,Oracle_FrFT_UpperBound,ORACLE_DIAGNOSTIC_ONLY;NOT_FAIR;NOT_RL_ELIGIBLE,ORACLE_DIAGNOSTIC_ONLY,unified/pass,PASS,26.737698830198337,25.697550554128803,-1.0401482760695338,True,True,True,0,0,0,0,-0.913415746172999,TARGET_PRESERVED,0.9,1.0,0.09999999999999998,0.089,0.0,False,0.0,0.0,80000,8a015e3f860296dd3aca796cda326c3703d87c07b3f719b51b1eb7fb9b7d4abb
SMSP|jsr=0|seed=10318|center=3500|Oracle_FrFT_UpperBound,SMSP,0.0,10318,3500,Oracle_FrFT_UpperBound,ORACLE_DIAGNOSTIC_ONLY;NOT_FAIR;NOT_RL_ELIGIBLE,ORACLE_DIAGNOSTIC_ONLY,unified/pass,PASS,26.830752959491846,25.830378590536117,-1.000374368955729,True,True,True,0,0,1,0,-0.913415746172999,TARGET_PRESERVED,0.9,1.0,0.09999999999999998,0.089,0.0,False,0.0,0.0,80000,8a015e3f860296dd3aca796cda326c3703d87c07b3f719b51b1eb7fb9b7d4abb
SMSP|jsr=0|seed=10318|center=4000|Oracle_FrFT_UpperBound,SMSP,0.0,10318,4000,Oracle_FrFT_UpperBound,ORACLE_DIAGNOSTIC_ONLY;NOT_FAIR;NOT_RL_ELIGIBLE,ORACLE_DIAGNOSTIC_ONLY,unified/pass,PASS,26.69579142447903,25.685517428676444,-1.010273995802585,True,True,True,0,0,2,1,-0.913415746172999,TARGET_PRESERVED,0.9,1.0,0.09999999999999998,0.089,0.0,False,0.0,0.0,80000,8a015e3f860296dd3aca796cda326c3703d87c07b3f719b51b1eb7fb9b7d4abb
SMSP|jsr=0|seed=10319|center=1000|Oracle_FrFT_UpperBound,SMSP,0.0,10319,1000,Oracle_FrFT_UpperBound,ORACLE_DIAGNOSTIC_ONLY;NOT_FAIR;NOT_RL_ELIGIBLE,ORACLE_DIAGNOSTIC_ONLY,unified/pass,PASS,26.617607920384177,26.00163887276122,-0.6159690476229578,True,True,True,0,0,0,0,-0.9134157461729969,TARGET_PRESERVED,0.9,1.0,0.09999999999999998,0.089,0.5318973083343975,False,0.0,0.0,80000,8a015e3f860296dd3aca796cda326c3703d87c07b3f719b51b1eb7fb9b7d4abb
SMSP|jsr=0|seed=10319|center=1500|Oracle_FrFT_UpperBound,SMSP,0.0,10319,1500,Oracle_FrFT_UpperBound,ORACLE_DIAGNOSTIC_ONLY;NOT_FAIR;NOT_RL_ELIGIBLE,ORACLE_DIAGNOSTIC_ONLY,unified/pass,PASS,26.718299836381494,25.958295475431555,-0.7600043609499387,True,True,True,0,0,0,0,-0.913415746172999,TARGET_PRESERVED,0.9,1.0,0.09999999999999998,0.089,0.6370791897177097,False,0.0,0.0,80000,8a015e3f860296dd3aca796cda326c3703d87c07b3f719b51b1eb7fb9b7d4abb
SMSP|jsr=0|seed=10319|center=2500|Oracle_FrFT_UpperBound,SMSP,0.0,10319,2500,Oracle_FrFT_UpperBound,ORACLE_DIAGNOSTIC_ONLY;NOT_FAIR;NOT_RL_ELIGIBLE,ORACLE_DIAGNOSTIC_ONLY,unified/pass,PASS,26.82296957181692,25.800182938222132,-1.0227866335947873,True,True,True,0,0,0,0,-0.913415746172999,TARGET_PRESERVED,0.9,1.0,0.09999999999999998,0.089,0.0,False,0.0,0.0,80000,8a015e3f860296dd3aca796cda326c3703d87c07b3f719b51b1eb7fb9b7d4abb
SMSP|jsr=0|seed=10319|center=3500|Oracle_FrFT_UpperBound,SMSP,0.0,10319,3500,Oracle_FrFT_UpperBound,ORACLE_DIAGNOSTIC_ONLY;NOT_FAIR;NOT_RL_ELIGIBLE,ORACLE_DIAGNOSTIC_ONLY,unified/pass,PASS,26.793973699278514,25.753465680851736,-1.0405080184267774,True,True,True,0,0,1,0,-0.913415746172999,TARGET_PRESERVED,0.9,1.0,0.09999999999999998,0.089,0.0,False,0.0,0.0,80000,8a015e3f860296dd3aca796cda326c3703d87c07b3f719b51b1eb7fb9b7d4abb
SMSP|jsr=0|seed=10319|center=4000|Oracle_FrFT_UpperBound,SMSP,0.0,10319,4000,Oracle_FrFT_UpperBound,ORACLE_DIAGNOSTIC_ONLY;NOT_FAIR;NOT_RL_ELIGIBLE,ORACLE_DIAGNOSTIC_ONLY,unified/pass,PASS,26.763916785278845,25.750304671730543,-1.0136121135483016,True,True,True,0,0,0,0,-0.913415746172999,TARGET_PRESERVED,0.9,1.0,0.09999999999999998,0.089,0.0,False,0.0,0.0,80000,8a015e3f860296dd3aca796cda326c3703d87c07b3f719b51b1eb7fb9b7d4abb
SMSP|jsr=0|seed=10320|center=1000|Oracle_FrFT_UpperBound,SMSP,0.0,10320,1000,Oracle_FrFT_UpperBound,ORACLE_DIAGNOSTIC_ONLY;NOT_FAIR;NOT_RL_ELIGIBLE,ORACLE_DIAGNOSTIC_ONLY,unified/pass,PASS,26.658708067679132,26.02812382613704,-0.6305842415420919,True,True,True,0,0,0,0,-0.9134157461729969,TARGET_PRESERVED,0.9,1.0,0.09999999999999998,0.089,0.5318973083343976,False,0.0,0.0,80000,8a015e3f860296dd3aca796cda326c3703d87c07b3f719b51b1eb7fb9b7d4abb
SMSP|jsr=0|seed=10320|center=1500|Oracle_FrFT_UpperBound,SMSP,0.0,10320,1500,Oracle_FrFT_UpperBound,ORACLE_DIAGNOSTIC_ONLY;NOT_FAIR;NOT_RL_ELIGIBLE,ORACLE_DIAGNOSTIC_ONLY,unified/pass,PASS,26.728862594392247,25.953208292676678,-0.7756543017155693,True,True,True,0,0,0,0,-0.913415746172999,TARGET_PRESERVED,0.9,1.0,0.09999999999999998,0.089,0.6370791897177097,False,0.0,0.0,80000,8a015e3f860296dd3aca796cda326c3703d87c07b3f719b51b1eb7fb9b7d4abb
SMSP|jsr=0|seed=10320|center=2500|Oracle_FrFT_UpperBound,SMSP,0.0,10320,2500,Oracle_FrFT_UpperBound,ORACLE_DIAGNOSTIC_ONLY;NOT_FAIR;NOT_RL_ELIGIBLE,ORACLE_DIAGNOSTIC_ONLY,unified/pass,PASS,26.832190509042555,25.829174319392543,-1.0030161896500118,True,True,True,0,0,0,0,-0.913415746172999,TARGET_PRESERVED,0.9,1.0,0.09999999999999998,0.089,0.0,False,0.0,0.0,80000,8a015e3f860296dd3aca796cda326c3703d87c07b3f719b51b1eb7fb9b7d4abb
SMSP|jsr=0|seed=10320|center=3500|Oracle_FrFT_UpperBound,SMSP,0.0,10320,3500,Oracle_FrFT_UpperBound,ORACLE_DIAGNOSTIC_ONLY;NOT_FAIR;NOT_RL_ELIGIBLE,ORACLE_DIAGNOSTIC_ONLY,unified/pass,PASS,26.9041524172008,25.928450128180422,-0.9757022890203793,True,True,True,0,0,1,0,-0.913415746172999,TARGET_PRESERVED,0.9,1.0,0.09999999999999998,0.089,0.0,False,0.0,0.0,80000,8a015e3f860296dd3aca796cda326c3703d87c07b3f719b51b1eb7fb9b7d4abb
SMSP|jsr=0|seed=10320|center=4000|Oracle_FrFT_UpperBound,SMSP,0.0,10320,4000,Oracle_FrFT_UpperBound,ORACLE_DIAGNOSTIC_ONLY;NOT_FAIR;NOT_RL_ELIGIBLE,ORACLE_DIAGNOSTIC_ONLY,unified/pass,PASS,26.769492889377503,25.75777642723895,-1.0117164621385513,True,True,True,0,0,0,1,-0.913415746172999,TARGET_PRESERVED,0.9,1.0,0.09999999999999998,0.089,0.0,False,0.0,0.0,80000,8a015e3f860296dd3aca796cda326c3703d87c07b3f719b51b1eb7fb9b7d4abb
SMSP|jsr=0|seed=10321|center=1000|Oracle_FrFT_UpperBound,SMSP,0.0,10321,1000,Oracle_FrFT_UpperBound,ORACLE_DIAGNOSTIC_ONLY;NOT_FAIR;NOT_RL_ELIGIBLE,ORACLE_DIAGNOSTIC_ONLY,unified/pass,PASS,26.767935362801538,26.130630314866035,-0.6373050479355022,True,True,True,0,0,0,0,-0.9134157461729969,TARGET_PRESERVED,0.9,1.0,0.09999999999999998,0.089,0.5318973083343975,False,0.0,0.0,80000,8a015e3f860296dd3aca796cda326c3703d87c07b3f719b51b1eb7fb9b7d4abb
SMSP|jsr=0|seed=10321|center=1500|Oracle_FrFT_UpperBound,SMSP,0.0,10321,1500,Oracle_FrFT_UpperBound,ORACLE_DIAGNOSTIC_ONLY;NOT_FAIR;NOT_RL_ELIGIBLE,ORACLE_DIAGNOSTIC_ONLY,unified/pass,PASS,26.80139349544018,25.987503758404756,-0.8138897370354243,True,True,True,0,0,0,0,-0.913415746172999,TARGET_PRESERVED,0.9,1.0,0.09999999999999998,0.089,0.6370791897177097,False,0.0,0.0,80000,8a015e3f860296dd3aca796cda326c3703d87c07b3f719b51b1eb7fb9b7d4abb
SMSP|jsr=0|seed=10321|center=2500|Oracle_FrFT_UpperBound,SMSP,0.0,10321,2500,Oracle_FrFT_UpperBound,ORACLE_DIAGNOSTIC_ONLY;NOT_FAIR;NOT_RL_ELIGIBLE,ORACLE_DIAGNOSTIC_ONLY,unified/pass,PASS,26.87428595601503,25.817779022727866,-1.0565069332871637,True,True,True,0,0,0,0,-0.913415746172999,TARGET_PRESERVED,0.9,1.0,0.09999999999999998,0.089,0.0,False,0.0,0.0,80000,8a015e3f860296dd3aca796cda326c3703d87c07b3f719b51b1eb7fb9b7d4abb
SMSP|jsr=0|seed=10321|center=3500|Oracle_FrFT_UpperBound,SMSP,0.0,10321,3500,Oracle_FrFT_UpperBound,ORACLE_DIAGNOSTIC_ONLY;NOT_FAIR;NOT_RL_ELIGIBLE,ORACLE_DIAGNOSTIC_ONLY,unified/pass,PASS,26.863963220251993,25.809448877446037,-1.0545143428059554,True,True,True,0,0,0,0,-0.913415746172999,TARGET_PRESERVED,0.9,1.0,0.09999999999999998,0.089,0.0,False,0.0,0.0,80000,8a015e3f860296dd3aca796cda326c3703d87c07b3f719b51b1eb7fb9b7d4abb
SMSP|jsr=0|seed=10321|center=4000|Oracle_FrFT_UpperBound,SMSP,0.0,10321,4000,Oracle_FrFT_UpperBound,ORACLE_DIAGNOSTIC_ONLY;NOT_FAIR;NOT_RL_ELIGIBLE,ORACLE_DIAGNOSTIC_ONLY,unified/pass,PASS,26.896148437793034,25.872767859360053,-1.023380578432981,True,True,True,0,0,0,1,-0.913415746172999,TARGET_PRESERVED,0.9,1.0,0.09999999999999998,0.089,0.0,False,0.0,0.0,80000,8a015e3f860296dd3aca796cda326c3703d87c07b3f719b51b1eb7fb9b7d4abb
SMSP|jsr=0|seed=10322|center=1000|Oracle_FrFT_UpperBound,SMSP,0.0,10322,1000,Oracle_FrFT_UpperBound,ORACLE_DIAGNOSTIC_ONLY;NOT_FAIR;NOT_RL_ELIGIBLE,ORACLE_DIAGNOSTIC_ONLY,unified/pass,PASS,26.515591546608466,25.88772623798284,-0.6278653086256263,True,True,True,0,0,0,0,-0.9134157461729969,TARGET_PRESERVED,0.9,1.0,0.09999999999999998,0.089,0.5318973083343975,False,0.0,0.0,80000,8a015e3f860296dd3aca796cda326c3703d87c07b3f719b51b1eb7fb9b7d4abb
SMSP|jsr=0|seed=10322|center=1500|Oracle_FrFT_UpperBound,SMSP,0.0,10322,1500,Oracle_FrFT_UpperBound,ORACLE_DIAGNOSTIC_ONLY;NOT_FAIR;NOT_RL_ELIGIBLE,ORACLE_DIAGNOSTIC_ONLY,unified/pass,PASS,26.693347958419032,25.89809570297211,-0.7952522554469219,True,True,True,0,0,1,0,-0.913415746172999,TARGET_PRESERVED,0.9,1.0,0.09999999999999998,0.089,0.6370791897177097,False,0.0,0.0,80000,8a015e3f860296dd3aca796cda326c3703d87c07b3f719b51b1eb7fb9b7d4abb
SMSP|jsr=0|seed=10322|center=2500|Oracle_FrFT_UpperBound,SMSP,0.0,10322,2500,Oracle_FrFT_UpperBound,ORACLE_DIAGNOSTIC_ONLY;NOT_FAIR;NOT_RL_ELIGIBLE,ORACLE_DIAGNOSTIC_ONLY,unified/pass,PASS,26.756840002785708,25.75038013592005,-1.006459866865658,True,True,True,0,0,1,0,-0.913415746172999,TARGET_PRESERVED,0.9,1.0,0.09999999999999998,0.089,0.0,False,0.0,0.0,80000,8a015e3f860296dd3aca796cda326c3703d87c07b3f719b51b1eb7fb9b7d4abb
SMSP|jsr=0|seed=10322|center=3500|Oracle_FrFT_UpperBound,SMSP,0.0,10322,3500,Oracle_FrFT_UpperBound,ORACLE_DIAGNOSTIC_ONLY;NOT_FAIR;NOT_RL_ELIGIBLE,ORACLE_DIAGNOSTIC_ONLY,unified/pass,PASS,26.76527521057475,25.767127211154705,-0.9981479994200448,True,True,True,0,0,0,0,-0.913415746172999,TARGET_PRESERVED,0.9,1.0,0.09999999999999998,0.089,0.0,False,0.0,0.0,80000,8a015e3f860296dd3aca796cda326c3703d87c07b3f719b51b1eb7fb9b7d4abb
SMSP|jsr=0|seed=10322|center=4000|Oracle_FrFT_UpperBound,SMSP,0.0,10322,4000,Oracle_FrFT_UpperBound,ORACLE_DIAGNOSTIC_ONLY;NOT_FAIR;NOT_RL_ELIGIBLE,ORACLE_DIAGNOSTIC_ONLY,unified/pass,PASS,26.821711256546102,25.791532340698172,-1.0301789158479302,True,True,True,0,0,0,0,-0.913415746172999,TARGET_PRESERVED,0.9,1.0,0.09999999999999998,0.089,0.0,False,0.0,0.0,80000,8a015e3f860296dd3aca796cda326c3703d87c07b3f719b51b1eb7fb9b7d4abb
SMSP|jsr=0|seed=10323|center=1000|Oracle_FrFT_UpperBound,SMSP,0.0,10323,1000,Oracle_FrFT_UpperBound,ORACLE_DIAGNOSTIC_ONLY;NOT_FAIR;NOT_RL_ELIGIBLE,ORACLE_DIAGNOSTIC_ONLY,unified/pass,PASS,26.62756255994902,25.944347048634224,-0.6832155113147955,True,True,True,0,0,1,0,-0.9134157461729969,TARGET_PRESERVED,0.9,1.0,0.09999999999999998,0.089,0.5318973083343975,False,0.0,0.0,80000,8a015e3f860296dd3aca796cda326c3703d87c07b3f719b51b1eb7fb9b7d4abb
SMSP|jsr=0|seed=10323|center=1500|Oracle_FrFT_UpperBound,SMSP,0.0,10323,1500,Oracle_FrFT_UpperBound,ORACLE_DIAGNOSTIC_ONLY;NOT_FAIR;NOT_RL_ELIGIBLE,ORACLE_DIAGNOSTIC_ONLY,unified/pass,PASS,26.803319285037574,25.99489251788295,-0.808426767154625,True,True,True,0,0,1,0,-0.913415746172999,TARGET_PRESERVED,0.9,1.0,0.09999999999999998,0.089,0.6370791897177097,False,0.0,0.0,80000,8a015e3f860296dd3aca796cda326c3703d87c07b3f719b51b1eb7fb9b7d4abb
SMSP|jsr=0|seed=10323|center=2500|Oracle_FrFT_UpperBound,SMSP,0.0,10323,2500,Oracle_FrFT_UpperBound,ORACLE_DIAGNOSTIC_ONLY;NOT_FAIR;NOT_RL_ELIGIBLE,ORACLE_DIAGNOSTIC_ONLY,unified/pass,PASS,27.016377369796693,25.969086476211118,-1.0472908935855756,True,True,True,0,0,0,0,-0.913415746172999,TARGET_PRESERVED,0.9,1.0,0.09999999999999998,0.089,0.0,False,0.0,0.0,80000,8a015e3f860296dd3aca796cda326c3703d87c07b3f719b51b1eb7fb9b7d4abb
SMSP|jsr=0|seed=10323|center=3500|Oracle_FrFT_UpperBound,SMSP,0.0,10323,3500,Oracle_FrFT_UpperBound,ORACLE_DIAGNOSTIC_ONLY;NOT_FAIR;NOT_RL_ELIGIBLE,ORACLE_DIAGNOSTIC_ONLY,unified/pass,PASS,26.866715448137203,25.897143171435395,-0.9695722767018076,True,True,True,0,0,0,0,-0.913415746172999,TARGET_PRESERVED,0.9,1.0,0.09999999999999998,0.089,0.0,False,0.0,0.0,80000,8a015e3f860296dd3aca796cda326c3703d87c07b3f719b51b1eb7fb9b7d4abb
SMSP|jsr=0|seed=10323|center=4000|Oracle_FrFT_UpperBound,SMSP,0.0,10323,4000,Oracle_FrFT_UpperBound,ORACLE_DIAGNOSTIC_ONLY;NOT_FAIR;NOT_RL_ELIGIBLE,ORACLE_DIAGNOSTIC_ONLY,unified/pass,PASS,26.865740620860326,25.814971325880073,-1.0507692949802525,True,True,True,0,0,0,0,-0.913415746172999,TARGET_PRESERVED,0.9,1.0,0.09999999999999998,0.089,0.0,False,0.0,0.0,80000,8a015e3f860296dd3aca796cda326c3703d87c07b3f719b51b1eb7fb9b7d4abb
SMSP|jsr=0|seed=10324|center=1000|Oracle_FrFT_UpperBound,SMSP,0.0,10324,1000,Oracle_FrFT_UpperBound,ORACLE_DIAGNOSTIC_ONLY;NOT_FAIR;NOT_RL_ELIGIBLE,ORACLE_DIAGNOSTIC_ONLY,unified/pass,PASS,26.620320649180947,25.962749285657925,-0.6575713635230223,True,True,True,0,0,0,0,-0.9134157461729969,TARGET_PRESERVED,0.9,1.0,0.09999999999999998,0.089,0.5318973083343975,False,0.0,0.0,80000,8a015e3f860296dd3aca796cda326c3703d87c07b3f719b51b1eb7fb9b7d4abb
SMSP|jsr=0|seed=10324|center=1500|Oracle_FrFT_UpperBound,SMSP,0.0,10324,1500,Oracle_FrFT_UpperBound,ORACLE_DIAGNOSTIC_ONLY;NOT_FAIR;NOT_RL_ELIGIBLE,ORACLE_DIAGNOSTIC_ONLY,unified/pass,PASS,26.765019697449514,25.953885088730885,-0.8111346087186284,True,True,True,0,0,0,0,-0.913415746172999,TARGET_PRESERVED,0.9,1.0,0.09999999999999998,0.089,0.6370791897177097,False,0.0,0.0,80000,8a015e3f860296dd3aca796cda326c3703d87c07b3f719b51b1eb7fb9b7d4abb
SMSP|jsr=0|seed=10324|center=2500|Oracle_FrFT_UpperBound,SMSP,0.0,10324,2500,Oracle_FrFT_UpperBound,ORACLE_DIAGNOSTIC_ONLY;NOT_FAIR;NOT_RL_ELIGIBLE,ORACLE_DIAGNOSTIC_ONLY,unified/pass,PASS,26.927401064779744,25.87456465950104,-1.052836405278704,True,True,True,0,0,0,2,-0.913415746172999,TARGET_PRESERVED,0.9,1.0,0.09999999999999998,0.089,0.0,False,0.0,0.0,80000,8a015e3f860296dd3aca796cda326c3703d87c07b3f719b51b1eb7fb9b7d4abb
SMSP|jsr=0|seed=10324|center=3500|Oracle_FrFT_UpperBound,SMSP,0.0,10324,3500,Oracle_FrFT_UpperBound,ORACLE_DIAGNOSTIC_ONLY;NOT_FAIR;NOT_RL_ELIGIBLE,ORACLE_DIAGNOSTIC_ONLY,unified/pass,PASS,26.93635177801304,25.92070275281897,-1.0156490251940724,True,True,True,0,0,0,0,-0.913415746172999,TARGET_PRESERVED,0.9,1.0,0.09999999999999998,0.089,0.0,False,0.0,0.0,80000,8a015e3f860296dd3aca796cda326c3703d87c07b3f719b51b1eb7fb9b7d4abb
SMSP|jsr=0|seed=10324|center=4000|Oracle_FrFT_UpperBound,SMSP,0.0,10324,4000,Oracle_FrFT_UpperBound,ORACLE_DIAGNOSTIC_ONLY;NOT_FAIR;NOT_RL_ELIGIBLE,ORACLE_DIAGNOSTIC_ONLY,unified/pass,PASS,27.041460595664923,25.989338634668076,-1.0521219609968462,True,True,True,0,0,0,0,-0.913415746172999,TARGET_PRESERVED,0.9,1.0,0.09999999999999998,0.089,0.0,False,0.0,0.0,80000,8a015e3f860296dd3aca796cda326c3703d87c07b3f719b51b1eb7fb9b7d4abb
SMSP|jsr=0|seed=10325|center=1000|Oracle_FrFT_UpperBound,SMSP,0.0,10325,1000,Oracle_FrFT_UpperBound,ORACLE_DIAGNOSTIC_ONLY;NOT_FAIR;NOT_RL_ELIGIBLE,ORACLE_DIAGNOSTIC_ONLY,unified/pass,PASS,26.464623838617474,25.830282220299125,-0.6343416183183486,True,True,True,0,0,1,1,-0.9134157461729969,TARGET_PRESERVED,0.9,1.0,0.09999999999999998,0.089,0.5318973083343975,False,0.0,0.0,80000,8a015e3f860296dd3aca796cda326c3703d87c07b3f719b51b1eb7fb9b7d4abb
SMSP|jsr=0|seed=10325|center=1500|Oracle_FrFT_UpperBound,SMSP,0.0,10325,1500,Oracle_FrFT_UpperBound,ORACLE_DIAGNOSTIC_ONLY;NOT_FAIR;NOT_RL_ELIGIBLE,ORACLE_DIAGNOSTIC_ONLY,unified/pass,PASS,26.688876561450748,25.93328592999614,-0.7555906314546093,True,True,True,0,0,1,1,-0.913415746172999,TARGET_PRESERVED,0.9,1.0,0.09999999999999998,0.089,0.6370791897177098,False,0.0,0.0,80000,8a015e3f860296dd3aca796cda326c3703d87c07b3f719b51b1eb7fb9b7d4abb
SMSP|jsr=0|seed=10325|center=2500|Oracle_FrFT_UpperBound,SMSP,0.0,10325,2500,Oracle_FrFT_UpperBound,ORACLE_DIAGNOSTIC_ONLY;NOT_FAIR;NOT_RL_ELIGIBLE,ORACLE_DIAGNOSTIC_ONLY,unified/pass,PASS,26.64053733020838,25.633700267652273,-1.0068370625561087,True,True,True,0,0,0,0,-0.913415746172999,TARGET_PRESERVED,0.9,1.0,0.09999999999999998,0.089,0.0,False,0.0,0.0,80000,8a015e3f860296dd3aca796cda326c3703d87c07b3f719b51b1eb7fb9b7d4abb
SMSP|jsr=0|seed=10325|center=3500|Oracle_FrFT_UpperBound,SMSP,0.0,10325,3500,Oracle_FrFT_UpperBound,ORACLE_DIAGNOSTIC_ONLY;NOT_FAIR;NOT_RL_ELIGIBLE,ORACLE_DIAGNOSTIC_ONLY,unified/pass,PASS,26.64940050420398,25.631666321107,-1.0177341830969802,True,True,True,0,0,1,0,-0.913415746172999,TARGET_PRESERVED,0.9,1.0,0.09999999999999998,0.089,0.0,False,0.0,0.0,80000,8a015e3f860296dd3aca796cda326c3703d87c07b3f719b51b1eb7fb9b7d4abb
SMSP|jsr=0|seed=10325|center=4000|Oracle_FrFT_UpperBound,SMSP,0.0,10325,4000,Oracle_FrFT_UpperBound,ORACLE_DIAGNOSTIC_ONLY;NOT_FAIR;NOT_RL_ELIGIBLE,ORACLE_DIAGNOSTIC_ONLY,unified/pass,PASS,26.72504158060187,25.67790521468135,-1.0471363659205224,True,True,True,0,0,1,1,-0.913415746172999,TARGET_PRESERVED,0.9,1.0,0.09999999999999998,0.089,0.0,False,0.0,0.0,80000,8a015e3f860296dd3aca796cda326c3703d87c07b3f719b51b1eb7fb9b7d4abb
SMSP|jsr=0|seed=10326|center=1000|Oracle_FrFT_UpperBound,SMSP,0.0,10326,1000,Oracle_FrFT_UpperBound,ORACLE_DIAGNOSTIC_ONLY;NOT_FAIR;NOT_RL_ELIGIBLE,ORACLE_DIAGNOSTIC_ONLY,unified/pass,PASS,26.54367508869983,25.9199550497963,-0.623720038903528,True,True,True,0,0,0,0,-0.9134157461729969,TARGET_PRESERVED,0.9,1.0,0.09999999999999998,0.089,0.5318973083343975,False,0.0,0.0,80000,8a015e3f860296dd3aca796cda326c3703d87c07b3f719b51b1eb7fb9b7d4abb
SMSP|jsr=0|seed=10326|center=1500|Oracle_FrFT_UpperBound,SMSP,0.0,10326,1500,Oracle_FrFT_UpperBound,ORACLE_DIAGNOSTIC_ONLY;NOT_FAIR;NOT_RL_ELIGIBLE,ORACLE_DIAGNOSTIC_ONLY,unified/pass,PASS,26.782075182398792,25.991595005487937,-0.7904801769108545,True,True,True,0,0,0,0,-0.913415746172999,TARGET_PRESERVED,0.9,1.0,0.09999999999999998,0.089,0.6370791897177097,False,0.0,0.0,80000,8a015e3f860296dd3aca796cda326c3703d87c07b3f719b51b1eb7fb9b7d4abb
SMSP|jsr=0|seed=10326|center=2500|Oracle_FrFT_UpperBound,SMSP,0.0,10326,2500,Oracle_FrFT_UpperBound,ORACLE_DIAGNOSTIC_ONLY;NOT_FAIR;NOT_RL_ELIGIBLE,ORACLE_DIAGNOSTIC_ONLY,unified/pass,PASS,26.817568941324815,25.801466314339898,-1.0161026269849174,True,True,True,0,0,0,0,-0.913415746172999,TARGET_PRESERVED,0.9,1.0,0.09999999999999998,0.089,0.0,False,0.0,0.0,80000,8a015e3f860296dd3aca796cda326c3703d87c07b3f719b51b1eb7fb9b7d4abb
SMSP|jsr=0|seed=10326|center=3500|Oracle_FrFT_UpperBound,SMSP,0.0,10326,3500,Oracle_FrFT_UpperBound,ORACLE_DIAGNOSTIC_ONLY;NOT_FAIR;NOT_RL_ELIGIBLE,ORACLE_DIAGNOSTIC_ONLY,unified/pass,PASS,26.903801997148975,25.855367861899587,-1.0484341352493871,True,True,True,0,0,0,0,-0.913415746172999,TARGET_PRESERVED,0.9,1.0,0.09999999999999998,0.089,0.0,False,0.0,0.0,80000,8a015e3f860296dd3aca796cda326c3703d87c07b3f719b51b1eb7fb9b7d4abb
SMSP|jsr=0|seed=10326|center=4000|Oracle_FrFT_UpperBound,SMSP,0.0,10326,4000,Oracle_FrFT_UpperBound,ORACLE_DIAGNOSTIC_ONLY;NOT_FAIR;NOT_RL_ELIGIBLE,ORACLE_DIAGNOSTIC_ONLY,unified/pass,PASS,26.85463542224161,25.79129333683579,-1.0633420854058215,True,True,True,0,0,0,0,-0.913415746172999,TARGET_PRESERVED,0.9,1.0,0.09999999999999998,0.089,0.0,False,0.0,0.0,80000,8a015e3f860296dd3aca796cda326c3703d87c07b3f719b51b1eb7fb9b7d4abb
SMSP|jsr=0|seed=10327|center=1000|Oracle_FrFT_UpperBound,SMSP,0.0,10327,1000,Oracle_FrFT_UpperBound,ORACLE_DIAGNOSTIC_ONLY;NOT_FAIR;NOT_RL_ELIGIBLE,ORACLE_DIAGNOSTIC_ONLY,unified/pass,PASS,26.65957144251944,26.021023989243414,-0.6385474532760256,True,True,True,0,0,0,0,-0.9134157461729969,TARGET_PRESERVED,0.9,1.0,0.09999999999999998,0.089,0.5318973083343975,False,0.0,0.0,80000,8a015e3f860296dd3aca796cda326c3703d87c07b3f719b51b1eb7fb9b7d4abb
SMSP|jsr=0|seed=10327|center=1500|Oracle_FrFT_UpperBound,SMSP,0.0,10327,1500,Oracle_FrFT_UpperBound,ORACLE_DIAGNOSTIC_ONLY;NOT_FAIR;NOT_RL_ELIGIBLE,ORACLE_DIAGNOSTIC_ONLY,unified/pass,PASS,26.766436328792192,25.969736784924407,-0.7966995438677849,True,True,True,0,0,0,0,-0.913415746172999,TARGET_PRESERVED,0.9,1.0,0.09999999999999998,0.089,0.6370791897177098,False,0.0,0.0,80000,8a015e3f860296dd3aca796cda326c3703d87c07b3f719b51b1eb7fb9b7d4abb
SMSP|jsr=0|seed=10327|center=2500|Oracle_FrFT_UpperBound,SMSP,0.0,10327,2500,Oracle_FrFT_UpperBound,ORACLE_DIAGNOSTIC_ONLY;NOT_FAIR;NOT_RL_ELIGIBLE,ORACLE_DIAGNOSTIC_ONLY,unified/pass,PASS,26.946062485347447,25.926504794934516,-1.019557690412931,True,True,True,0,0,0,0,-0.913415746172999,TARGET_PRESERVED,0.9,1.0,0.09999999999999998,0.089,0.0,False,0.0,0.0,80000,8a015e3f860296dd3aca796cda326c3703d87c07b3f719b51b1eb7fb9b7d4abb
SMSP|jsr=0|seed=10327|center=3500|Oracle_FrFT_UpperBound,SMSP,0.0,10327,3500,Oracle_FrFT_UpperBound,ORACLE_DIAGNOSTIC_ONLY;NOT_FAIR;NOT_RL_ELIGIBLE,ORACLE_DIAGNOSTIC_ONLY,unified/pass,PASS,26.970997659214135,25.936774683625814,-1.034222975588321,True,True,True,0,0,0,0,-0.913415746172999,TARGET_PRESERVED,0.9,1.0,0.09999999999999998,0.089,0.0,False,0.0,0.0,80000,8a015e3f860296dd3aca796cda326c3703d87c07b3f719b51b1eb7fb9b7d4abb
SMSP|jsr=0|seed=10327|center=4000|Oracle_FrFT_UpperBound,SMSP,0.0,10327,4000,Oracle_FrFT_UpperBound,ORACLE_DIAGNOSTIC_ONLY;NOT_FAIR;NOT_RL_ELIGIBLE,ORACLE_DIAGNOSTIC_ONLY,unified/pass,PASS,26.8755600891344,25.845007621059576,-1.0305524680748235,True,True,True,0,0,0,0,-0.913415746172999,TARGET_PRESERVED,0.9,1.0,0.09999999999999998,0.089,0.0,False,0.0,0.0,80000,8a015e3f860296dd3aca796cda326c3703d87c07b3f719b51b1eb7fb9b7d4abb
SMSP|jsr=0|seed=10328|center=1000|Oracle_FrFT_UpperBound,SMSP,0.0,10328,1000,Oracle_FrFT_UpperBound,ORACLE_DIAGNOSTIC_ONLY;NOT_FAIR;NOT_RL_ELIGIBLE,ORACLE_DIAGNOSTIC_ONLY,unified/pass,PASS,26.67419828522991,26.0078400770292,-0.6663582082007089,True,True,True,0,0,0,0,-0.9134157461729969,TARGET_PRESERVED,0.9,1.0,0.09999999999999998,0.089,0.5318973083343975,False,0.0,0.0,80000,8a015e3f860296dd3aca796cda326c3703d87c07b3f719b51b1eb7fb9b7d4abb
SMSP|jsr=0|seed=10328|center=1500|Oracle_FrFT_UpperBound,SMSP,0.0,10328,1500,Oracle_FrFT_UpperBound,ORACLE_DIAGNOSTIC_ONLY;NOT_FAIR;NOT_RL_ELIGIBLE,ORACLE_DIAGNOSTIC_ONLY,unified/pass,PASS,26.711307148628332,25.96836986934386,-0.7429372792844724,True,True,True,1,1,0,0,-0.913415746172999,TARGET_PRESERVED,0.9,1.0,0.09999999999999998,0.089,0.6370791897177097,False,0.0,0.0,80000,8a015e3f860296dd3aca796cda326c3703d87c07b3f719b51b1eb7fb9b7d4abb
SMSP|jsr=0|seed=10328|center=2500|Oracle_FrFT_UpperBound,SMSP,0.0,10328,2500,Oracle_FrFT_UpperBound,ORACLE_DIAGNOSTIC_ONLY;NOT_FAIR;NOT_RL_ELIGIBLE,ORACLE_DIAGNOSTIC_ONLY,unified/pass,PASS,26.824380971185814,25.796817915165967,-1.0275630560198472,True,True,True,0,0,0,0,-0.913415746172999,TARGET_PRESERVED,0.9,1.0,0.09999999999999998,0.089,0.0,False,0.0,0.0,80000,8a015e3f860296dd3aca796cda326c3703d87c07b3f719b51b1eb7fb9b7d4abb
SMSP|jsr=0|seed=10328|center=3500|Oracle_FrFT_UpperBound,SMSP,0.0,10328,3500,Oracle_FrFT_UpperBound,ORACLE_DIAGNOSTIC_ONLY;NOT_FAIR;NOT_RL_ELIGIBLE,ORACLE_DIAGNOSTIC_ONLY,unified/pass,PASS,26.874791119717997,25.841823979593364,-1.032967140124633,True,True,True,0,0,0,0,-0.913415746172999,TARGET_PRESERVED,0.9,1.0,0.09999999999999998,0.089,0.0,False,0.0,0.0,80000,8a015e3f860296dd3aca796cda326c3703d87c07b3f719b51b1eb7fb9b7d4abb
SMSP|jsr=0|seed=10328|center=4000|Oracle_FrFT_UpperBound,SMSP,0.0,10328,4000,Oracle_FrFT_UpperBound,ORACLE_DIAGNOSTIC_ONLY;NOT_FAIR;NOT_RL_ELIGIBLE,ORACLE_DIAGNOSTIC_ONLY,unified/pass,PASS,26.868793835368106,25.8373748152732,-1.031419020094905,True,True,True,0,0,1,0,-0.913415746172999,TARGET_PRESERVED,0.9,1.0,0.09999999999999998,0.089,0.0,False,0.0,0.0,80000,8a015e3f860296dd3aca796cda326c3703d87c07b3f719b51b1eb7fb9b7d4abb
SMSP|jsr=0|seed=10329|center=1000|Oracle_FrFT_UpperBound,SMSP,0.0,10329,1000,Oracle_FrFT_UpperBound,ORACLE_DIAGNOSTIC_ONLY;NOT_FAIR;NOT_RL_ELIGIBLE,ORACLE_DIAGNOSTIC_ONLY,unified/pass,PASS,26.460167621782876,25.85411457238311,-0.6060530493997653,True,True,True,0,0,1,1,-0.9134157461729969,TARGET_PRESERVED,0.9,1.0,0.09999999999999998,0.089,0.5318973083343976,False,0.0,0.0,80000,8a015e3f860296dd3aca796cda326c3703d87c07b3f719b51b1eb7fb9b7d4abb
SMSP|jsr=0|seed=10329|center=1500|Oracle_FrFT_UpperBound,SMSP,0.0,10329,1500,Oracle_FrFT_UpperBound,ORACLE_DIAGNOSTIC_ONLY;NOT_FAIR;NOT_RL_ELIGIBLE,ORACLE_DIAGNOSTIC_ONLY,unified/pass,PASS,26.706678330521044,25.894154448609545,-0.812523881911499,True,True,True,0,0,1,1,-0.913415746172999,TARGET_PRESERVED,0.9,1.0,0.09999999999999998,0.089,0.6370791897177097,False,0.0,0.0,80000,8a015e3f860296dd3aca796cda326c3703d87c07b3f719b51b1eb7fb9b7d4abb
SMSP|jsr=0|seed=10329|center=2500|Oracle_FrFT_UpperBound,SMSP,0.0,10329,2500,Oracle_FrFT_UpperBound,ORACLE_DIAGNOSTIC_ONLY;NOT_FAIR;NOT_RL_ELIGIBLE,ORACLE_DIAGNOSTIC_ONLY,unified/pass,PASS,26.733252112938068,25.732330327548162,-1.000921785389906,True,True,True,0,0,1,1,-0.913415746172999,TARGET_PRESERVED,0.9,1.0,0.09999999999999998,0.089,0.0,False,0.0,0.0,80000,8a015e3f860296dd3aca796cda326c3703d87c07b3f719b51b1eb7fb9b7d4abb
SMSP|jsr=0|seed=10329|center=3500|Oracle_FrFT_UpperBound,SMSP,0.0,10329,3500,Oracle_FrFT_UpperBound,ORACLE_DIAGNOSTIC_ONLY;NOT_FAIR;NOT_RL_ELIGIBLE,ORACLE_DIAGNOSTIC_ONLY,unified/pass,PASS,26.738419873861435,25.71753053230815,-1.0208893415532856,True,True,True,0,0,0,0,-0.913415746172999,TARGET_PRESERVED,0.9,1.0,0.09999999999999998,0.089,0.0,False,0.0,0.0,80000,8a015e3f860296dd3aca796cda326c3703d87c07b3f719b51b1eb7fb9b7d4abb
SMSP|jsr=0|seed=10329|center=4000|Oracle_FrFT_UpperBound,SMSP,0.0,10329,4000,Oracle_FrFT_UpperBound,ORACLE_DIAGNOSTIC_ONLY;NOT_FAIR;NOT_RL_ELIGIBLE,ORACLE_DIAGNOSTIC_ONLY,unified/pass,PASS,26.744073445786686,25.7284727040501,-1.0156007417365878,True,True,True,0,0,1,0,-0.913415746172999,TARGET_PRESERVED,0.9,1.0,0.09999999999999998,0.089,0.0,False,0.0,0.0,80000,8a015e3f860296dd3aca796cda326c3703d87c07b3f719b51b1eb7fb9b7d4abb
SMSP|jsr=0|seed=10330|center=1000|Oracle_FrFT_UpperBound,SMSP,0.0,10330,1000,Oracle_FrFT_UpperBound,ORACLE_DIAGNOSTIC_ONLY;NOT_FAIR;NOT_RL_ELIGIBLE,ORACLE_DIAGNOSTIC_ONLY,unified/pass,PASS,26.503160788432393,25.876128861483227,-0.6270319269491651,True,True,True,0,0,0,0,-0.9134157461729969,TARGET_PRESERVED,0.9,1.0,0.09999999999999998,0.089,0.5318973083343975,False,0.0,0.0,80000,8a015e3f860296dd3aca796cda326c3703d87c07b3f719b51b1eb7fb9b7d4abb
SMSP|jsr=0|seed=10330|center=1500|Oracle_FrFT_UpperBound,SMSP,0.0,10330,1500,Oracle_FrFT_UpperBound,ORACLE_DIAGNOSTIC_ONLY;NOT_FAIR;NOT_RL_ELIGIBLE,ORACLE_DIAGNOSTIC_ONLY,unified/pass,PASS,26.626421721155886,25.850623043821482,-0.7757986773344037,True,True,True,0,0,0,0,-0.913415746172999,TARGET_PRESERVED,0.9,1.0,0.09999999999999998,0.089,0.6370791897177097,False,0.0,0.0,80000,8a015e3f860296dd3aca796cda326c3703d87c07b3f719b51b1eb7fb9b7d4abb
SMSP|jsr=0|seed=10330|center=2500|Oracle_FrFT_UpperBound,SMSP,0.0,10330,2500,Oracle_FrFT_UpperBound,ORACLE_DIAGNOSTIC_ONLY;NOT_FAIR;NOT_RL_ELIGIBLE,ORACLE_DIAGNOSTIC_ONLY,unified/pass,PASS,26.795285830827282,25.7831493871284,-1.012136443698882,True,True,True,0,0,0,0,-0.913415746172999,TARGET_PRESERVED,0.9,1.0,0.09999999999999998,0.089,0.0,False,0.0,0.0,80000,8a015e3f860296dd3aca796cda326c3703d87c07b3f719b51b1eb7fb9b7d4abb
SMSP|jsr=0|seed=10330|center=3500|Oracle_FrFT_UpperBound,SMSP,0.0,10330,3500,Oracle_FrFT_UpperBound,ORACLE_DIAGNOSTIC_ONLY;NOT_FAIR;NOT_RL_ELIGIBLE,ORACLE_DIAGNOSTIC_ONLY,unified/pass,PASS,26.792373358254572,25.736472487492478,-1.0559008707620947,True,True,True,0,0,0,0,-0.913415746172999,TARGET_PRESERVED,0.9,1.0,0.09999999999999998,0.089,0.0,False,0.0,0.0,80000,8a015e3f860296dd3aca796cda326c3703d87c07b3f719b51b1eb7fb9b7d4abb
SMSP|jsr=0|seed=10330|center=4000|Oracle_FrFT_UpperBound,SMSP,0.0,10330,4000,Oracle_FrFT_UpperBound,ORACLE_DIAGNOSTIC_ONLY;NOT_FAIR;NOT_RL_ELIGIBLE,ORACLE_DIAGNOSTIC_ONLY,unified/pass,PASS,26.764794320603574,25.751207949362247,-1.0135863712413276,True,True,True,0,0,1,0,-0.913415746172999,TARGET_PRESERVED,0.9,1.0,0.09999999999999998,0.089,0.0,False,0.0,0.0,80000,8a015e3f860296dd3aca796cda326c3703d87c07b3f719b51b1eb7fb9b7d4abb
SMSP|jsr=0|seed=10331|center=1000|Oracle_FrFT_UpperBound,SMSP,0.0,10331,1000,Oracle_FrFT_UpperBound,ORACLE_DIAGNOSTIC_ONLY;NOT_FAIR;NOT_RL_ELIGIBLE,ORACLE_DIAGNOSTIC_ONLY,unified/pass,PASS,26.5342855596365,25.889191996427922,-0.6450935632085795,True,True,True,0,0,2,2,-0.9134157461729969,TARGET_PRESERVED,0.9,1.0,0.09999999999999998,0.089,0.5318973083343975,False,0.0,0.0,80000,8a015e3f860296dd3aca796cda326c3703d87c07b3f719b51b1eb7fb9b7d4abb
SMSP|jsr=0|seed=10331|center=1500|Oracle_FrFT_UpperBound,SMSP,0.0,10331,1500,Oracle_FrFT_UpperBound,ORACLE_DIAGNOSTIC_ONLY;NOT_FAIR;NOT_RL_ELIGIBLE,ORACLE_DIAGNOSTIC_ONLY,unified/pass,PASS,26.784996452845583,25.98876781613594,-0.7962286367096425,True,True,True,0,0,2,1,-0.913415746172999,TARGET_PRESERVED,0.9,1.0,0.09999999999999998,0.089,0.6370791897177097,False,0.0,0.0,80000,8a015e3f860296dd3aca796cda326c3703d87c07b3f719b51b1eb7fb9b7d4abb
SMSP|jsr=0|seed=10331|center=2500|Oracle_FrFT_UpperBound,SMSP,0.0,10331,2500,Oracle_FrFT_UpperBound,ORACLE_DIAGNOSTIC_ONLY;NOT_FAIR;NOT_RL_ELIGIBLE,ORACLE_DIAGNOSTIC_ONLY,unified/pass,PASS,26.672714021788387,25.640828931441412,-1.0318850903469752,True,True,True,0,0,1,1,-0.913415746172999,TARGET_PRESERVED,0.9,1.0,0.09999999999999998,0.089,0.0,False,0.0,0.0,80000,8a015e3f860296dd3aca796cda326c3703d87c07b3f719b51b1eb7fb9b7d4abb
SMSP|jsr=0|seed=10331|center=3500|Oracle_FrFT_UpperBound,SMSP,0.0,10331,3500,Oracle_FrFT_UpperBound,ORACLE_DIAGNOSTIC_ONLY;NOT_FAIR;NOT_RL_ELIGIBLE,ORACLE_DIAGNOSTIC_ONLY,unified/pass,PASS,26.676441915352093,25.65665691454185,-1.019785000810245,True,True,True,0,0,1,1,-0.913415746172999,TARGET_PRESERVED,0.9,1.0,0.09999999999999998,0.089,0.0,False,0.0,0.0,80000,8a015e3f860296dd3aca796cda326c3703d87c07b3f719b51b1eb7fb9b7d4abb
SMSP|jsr=0|seed=10331|center=4000|Oracle_FrFT_UpperBound,SMSP,0.0,10331,4000,Oracle_FrFT_UpperBound,ORACLE_DIAGNOSTIC_ONLY;NOT_FAIR;NOT_RL_ELIGIBLE,ORACLE_DIAGNOSTIC_ONLY,unified/pass,PASS,26.828804080392196,25.804509961088282,-1.0242941193039137,True,True,True,0,0,1,1,-0.913415746172999,TARGET_PRESERVED,0.9,1.0,0.09999999999999998,0.089,0.0,False,0.0,0.0,80000,8a015e3f860296dd3aca796cda326c3703d87c07b3f719b51b1eb7fb9b7d4abb
SMSP|jsr=0|seed=10332|center=1000|Oracle_FrFT_UpperBound,SMSP,0.0,10332,1000,Oracle_FrFT_UpperBound,ORACLE_DIAGNOSTIC_ONLY;NOT_FAIR;NOT_RL_ELIGIBLE,ORACLE_DIAGNOSTIC_ONLY,unified/pass,PASS,26.627210098096256,25.932514798588993,-0.6946952995072628,True,True,True,0,0,0,0,-0.9134157461729969,TARGET_PRESERVED,0.9,1.0,0.09999999999999998,0.089,0.5318973083343975,False,0.0,0.0,80000,8a015e3f860296dd3aca796cda326c3703d87c07b3f719b51b1eb7fb9b7d4abb
SMSP|jsr=0|seed=10332|center=1500|Oracle_FrFT_UpperBound,SMSP,0.0,10332,1500,Oracle_FrFT_UpperBound,ORACLE_DIAGNOSTIC_ONLY;NOT_FAIR;NOT_RL_ELIGIBLE,ORACLE_DIAGNOSTIC_ONLY,unified/pass,PASS,26.752691825820317,25.992739270602485,-0.7599525552178328,True,True,True,0,0,0,0,-0.913415746172999,TARGET_PRESERVED,0.9,1.0,0.09999999999999998,0.089,0.6370791897177097,False,0.0,0.0,80000,8a015e3f860296dd3aca796cda326c3703d87c07b3f719b51b1eb7fb9b7d4abb
SMSP|jsr=0|seed=10332|center=2500|Oracle_FrFT_UpperBound,SMSP,0.0,10332,2500,Oracle_FrFT_UpperBound,ORACLE_DIAGNOSTIC_ONLY;NOT_FAIR;NOT_RL_ELIGIBLE,ORACLE_DIAGNOSTIC_ONLY,unified/pass,PASS,26.886822464625,25.870416355985448,-1.0164061086395506,True,True,True,0,0,0,0,-0.913415746172999,TARGET_PRESERVED,0.9,1.0,0.09999999999999998,0.089,0.0,False,0.0,0.0,80000,8a015e3f860296dd3aca796cda326c3703d87c07b3f719b51b1eb7fb9b7d4abb
SMSP|jsr=0|seed=10332|center=3500|Oracle_FrFT_UpperBound,SMSP,0.0,10332,3500,Oracle_FrFT_UpperBound,ORACLE_DIAGNOSTIC_ONLY;NOT_FAIR;NOT_RL_ELIGIBLE,ORACLE_DIAGNOSTIC_ONLY,unified/pass,PASS,26.96461268238189,25.961302430982105,-1.0033102513997854,True,True,True,0,0,0,0,-0.913415746172999,TARGET_PRESERVED,0.9,1.0,0.09999999999999998,0.089,0.0,False,0.0,0.0,80000,8a015e3f860296dd3aca796cda326c3703d87c07b3f719b51b1eb7fb9b7d4abb
SMSP|jsr=0|seed=10332|center=4000|Oracle_FrFT_UpperBound,SMSP,0.0,10332,4000,Oracle_FrFT_UpperBound,ORACLE_DIAGNOSTIC_ONLY;NOT_FAIR;NOT_RL_ELIGIBLE,ORACLE_DIAGNOSTIC_ONLY,unified/pass,PASS,26.862690960624136,25.82518732803363,-1.0375036325905072,True,True,True,0,0,0,0,-0.913415746172999,TARGET_PRESERVED,0.9,1.0,0.09999999999999998,0.089,0.0,False,0.0,0.0,80000,8a015e3f860296dd3aca796cda326c3703d87c07b3f719b51b1eb7fb9b7d4abb
SMSP|jsr=0|seed=10333|center=1000|Oracle_FrFT_UpperBound,SMSP,0.0,10333,1000,Oracle_FrFT_UpperBound,ORACLE_DIAGNOSTIC_ONLY;NOT_FAIR;NOT_RL_ELIGIBLE,ORACLE_DIAGNOSTIC_ONLY,unified/pass,PASS,26.553919794434396,25.903750185276895,-0.6501696091575013,True,True,True,0,0,1,1,-0.9134157461729969,TARGET_PRESERVED,0.9,1.0,0.09999999999999998,0.089,0.5318973083343975,False,0.0,0.0,80000,8a015e3f860296dd3aca796cda326c3703d87c07b3f719b51b1eb7fb9b7d4abb
SMSP|jsr=0|seed=10333|center=1500|Oracle_FrFT_UpperBound,SMSP,0.0,10333,1500,Oracle_FrFT_UpperBound,ORACLE_DIAGNOSTIC_ONLY;NOT_FAIR;NOT_RL_ELIGIBLE,ORACLE_DIAGNOSTIC_ONLY,unified/pass,PASS,26.710926457488625,25.921613847494307,-0.7893126099943188,True,True,True,0,0,1,1,-0.913415746172999,TARGET_PRESERVED,0.9,1.0,0.09999999999999998,0.089,0.6370791897177097,False,0.0,0.0,80000,8a015e3f860296dd3aca796cda326c3703d87c07b3f719b51b1eb7fb9b7d4abb
SMSP|jsr=0|seed=10333|center=2500|Oracle_FrFT_UpperBound,SMSP,0.0,10333,2500,Oracle_FrFT_UpperBound,ORACLE_DIAGNOSTIC_ONLY;NOT_FAIR;NOT_RL_ELIGIBLE,ORACLE_DIAGNOSTIC_ONLY,unified/pass,PASS,26.717297628770705,25.709193346150325,-1.0081042826203799,True,True,True,0,0,1,0,-0.913415746172999,TARGET_PRESERVED,0.9,1.0,0.09999999999999998,0.089,0.0,False,0.0,0.0,80000,8a015e3f860296dd3aca796cda326c3703d87c07b3f719b51b1eb7fb9b7d4abb
SMSP|jsr=0|seed=10333|center=3500|Oracle_FrFT_UpperBound,SMSP,0.0,10333,3500,Oracle_FrFT_UpperBound,ORACLE_DIAGNOSTIC_ONLY;NOT_FAIR;NOT_RL_ELIGIBLE,ORACLE_DIAGNOSTIC_ONLY,unified/pass,PASS,26.7089864162973,25.6841574649947,-1.0248289513025988,True,True,True,0,0,0,0,-0.913415746172999,TARGET_PRESERVED,0.9,1.0,0.09999999999999998,0.089,0.0,False,0.0,0.0,80000,8a015e3f860296dd3aca796cda326c3703d87c07b3f719b51b1eb7fb9b7d4abb
SMSP|jsr=0|seed=10333|center=4000|Oracle_FrFT_UpperBound,SMSP,0.0,10333,4000,Oracle_FrFT_UpperBound,ORACLE_DIAGNOSTIC_ONLY;NOT_FAIR;NOT_RL_ELIGIBLE,ORACLE_DIAGNOSTIC_ONLY,unified/pass,PASS,26.79082818829905,25.7865660422838,-1.0042621460152503,True,True,True,0,0,0,0,-0.913415746172999,TARGET_PRESERVED,0.9,1.0,0.09999999999999998,0.089,0.0,False,0.0,0.0,80000,8a015e3f860296dd3aca796cda326c3703d87c07b3f719b51b1eb7fb9b7d4abb
SMSP|jsr=0|seed=10334|center=1000|Oracle_FrFT_UpperBound,SMSP,0.0,10334,1000,Oracle_FrFT_UpperBound,ORACLE_DIAGNOSTIC_ONLY;NOT_FAIR;NOT_RL_ELIGIBLE,ORACLE_DIAGNOSTIC_ONLY,unified/pass,PASS,26.477712110219784,25.870482056716348,-0.6072300535034358,True,True,True,0,0,2,2,-0.9134157461729969,TARGET_PRESERVED,0.9,1.0,0.09999999999999998,0.089,0.5318973083343975,False,0.0,0.0,80000,8a015e3f860296dd3aca796cda326c3703d87c07b3f719b51b1eb7fb9b7d4abb
SMSP|jsr=0|seed=10334|center=1500|Oracle_FrFT_UpperBound,SMSP,0.0,10334,1500,Oracle_FrFT_UpperBound,ORACLE_DIAGNOSTIC_ONLY;NOT_FAIR;NOT_RL_ELIGIBLE,ORACLE_DIAGNOSTIC_ONLY,unified/pass,PASS,26.719887880527313,25.945869032087106,-0.7740188484402069,True,True,True,0,0,2,2,-0.913415746172999,TARGET_PRESERVED,0.9,1.0,0.09999999999999998,0.089,0.6370791897177097,False,0.0,0.0,80000,8a015e3f860296dd3aca796cda326c3703d87c07b3f719b51b1eb7fb9b7d4abb
SMSP|jsr=0|seed=10334|center=2500|Oracle_FrFT_UpperBound,SMSP,0.0,10334,2500,Oracle_FrFT_UpperBound,ORACLE_DIAGNOSTIC_ONLY;NOT_FAIR;NOT_RL_ELIGIBLE,ORACLE_DIAGNOSTIC_ONLY,unified/pass,PASS,26.653634515002338,25.618156216389192,-1.035478298613146,True,True,True,0,0,3,2,-0.913415746172999,TARGET_PRESERVED,0.9,1.0,0.09999999999999998,0.089,0.0,False,0.0,0.0,80000,8a015e3f860296dd3aca796cda326c3703d87c07b3f719b51b1eb7fb9b7d4abb
SMSP|jsr=0|seed=10334|center=3500|Oracle_FrFT_UpperBound,SMSP,0.0,10334,3500,Oracle_FrFT_UpperBound,ORACLE_DIAGNOSTIC_ONLY;NOT_FAIR;NOT_RL_ELIGIBLE,ORACLE_DIAGNOSTIC_ONLY,unified/pass,PASS,26.652946238283665,25.646042128074782,-1.0069041102088825,True,True,True,0,0,1,0,-0.913415746172999,TARGET_PRESERVED,0.9,1.0,0.09999999999999998,0.089,0.0,False,0.0,0.0,80000,8a015e3f860296dd3aca796cda326c3703d87c07b3f719b51b1eb7fb9b7d4abb
SMSP|jsr=0|seed=10334|center=4000|Oracle_FrFT_UpperBound,SMSP,0.0,10334,4000,Oracle_FrFT_UpperBound,ORACLE_DIAGNOSTIC_ONLY;NOT_FAIR;NOT_RL_ELIGIBLE,ORACLE_DIAGNOSTIC_ONLY,unified/pass,PASS,26.583326563461704,25.55548412551742,-1.0278424379442832,True,True,True,0,0,0,1,-0.913415746172999,TARGET_PRESERVED,0.9,1.0,0.09999999999999998,0.089,0.0,False,0.0,0.0,80000,8a015e3f860296dd3aca796cda326c3703d87c07b3f719b51b1eb7fb9b7d4abb
SMSP|jsr=0|seed=10335|center=1000|Oracle_FrFT_UpperBound,SMSP,0.0,10335,1000,Oracle_FrFT_UpperBound,ORACLE_DIAGNOSTIC_ONLY;NOT_FAIR;NOT_RL_ELIGIBLE,ORACLE_DIAGNOSTIC_ONLY,unified/pass,PASS,26.62593300468876,26.024457634095267,-0.6014753705934943,True,True,True,0,0,0,0,-0.9134157461729969,TARGET_PRESERVED,0.9,1.0,0.09999999999999998,0.089,0.5318973083343975,False,0.0,0.0,80000,8a015e3f860296dd3aca796cda326c3703d87c07b3f719b51b1eb7fb9b7d4abb
SMSP|jsr=0|seed=10335|center=1500|Oracle_FrFT_UpperBound,SMSP,0.0,10335,1500,Oracle_FrFT_UpperBound,ORACLE_DIAGNOSTIC_ONLY;NOT_FAIR;NOT_RL_ELIGIBLE,ORACLE_DIAGNOSTIC_ONLY,unified/pass,PASS,26.7701078595221,25.991683795381334,-0.7784240641407649,True,True,True,0,0,0,0,-0.913415746172999,TARGET_PRESERVED,0.9,1.0,0.09999999999999998,0.089,0.6370791897177097,False,0.0,0.0,80000,8a015e3f860296dd3aca796cda326c3703d87c07b3f719b51b1eb7fb9b7d4abb
SMSP|jsr=0|seed=10335|center=2500|Oracle_FrFT_UpperBound,SMSP,0.0,10335,2500,Oracle_FrFT_UpperBound,ORACLE_DIAGNOSTIC_ONLY;NOT_FAIR;NOT_RL_ELIGIBLE,ORACLE_DIAGNOSTIC_ONLY,unified/pass,PASS,26.78553794635436,25.782557373670592,-1.002980572683768,True,True,True,0,0,0,0,-0.913415746172999,TARGET_PRESERVED,0.9,1.0,0.09999999999999998,0.089,0.0,False,0.0,0.0,80000,8a015e3f860296dd3aca796cda326c3703d87c07b3f719b51b1eb7fb9b7d4abb
SMSP|jsr=0|seed=10335|center=3500|Oracle_FrFT_UpperBound,SMSP,0.0,10335,3500,Oracle_FrFT_UpperBound,ORACLE_DIAGNOSTIC_ONLY;NOT_FAIR;NOT_RL_ELIGIBLE,ORACLE_DIAGNOSTIC_ONLY,unified/pass,PASS,26.843250826036417,25.817023238966378,-1.0262275870700392,True,True,True,0,0,0,0,-0.913415746172999,TARGET_PRESERVED,0.9,1.0,0.09999999999999998,0.089,0.0,False,0.0,0.0,80000,8a015e3f860296dd3aca796cda326c3703d87c07b3f719b51b1eb7fb9b7d4abb
SMSP|jsr=0|seed=10335|center=4000|Oracle_FrFT_UpperBound,SMSP,0.0,10335,4000,Oracle_FrFT_UpperBound,ORACLE_DIAGNOSTIC_ONLY;NOT_FAIR;NOT_RL_ELIGIBLE,ORACLE_DIAGNOSTIC_ONLY,unified/pass,PASS,26.83498965235144,25.82508320578293,-1.0099064465685075,True,True,True,0,0,0,0,-0.913415746172999,TARGET_PRESERVED,0.9,1.0,0.09999999999999998,0.089,0.0,False,0.0,0.0,80000,8a015e3f860296dd3aca796cda326c3703d87c07b3f719b51b1eb7fb9b7d4abb
SMSP|jsr=0|seed=10336|center=1000|Oracle_FrFT_UpperBound,SMSP,0.0,10336,1000,Oracle_FrFT_UpperBound,ORACLE_DIAGNOSTIC_ONLY;NOT_FAIR;NOT_RL_ELIGIBLE,ORACLE_DIAGNOSTIC_ONLY,unified/pass,PASS,26.407489788237296,25.76642913986827,-0.6410606483690273,True,True,True,0,0,0,0,-0.9134157461729969,TARGET_PRESERVED,0.9,1.0,0.09999999999999998,0.089,0.5318973083343975,False,0.0,0.0,80000,8a015e3f860296dd3aca796cda326c3703d87c07b3f719b51b1eb7fb9b7d4abb
SMSP|jsr=0|seed=10336|center=1500|Oracle_FrFT_UpperBound,SMSP,0.0,10336,1500,Oracle_FrFT_UpperBound,ORACLE_DIAGNOSTIC_ONLY;NOT_FAIR;NOT_RL_ELIGIBLE,ORACLE_DIAGNOSTIC_ONLY,unified/pass,PASS,26.668980621540218,25.8706355938066,-0.7983450277336175,True,True,True,0,0,0,0,-0.913415746172999,TARGET_PRESERVED,0.9,1.0,0.09999999999999998,0.089,0.6370791897177097,False,0.0,0.0,80000,8a015e3f860296dd3aca796cda326c3703d87c07b3f719b51b1eb7fb9b7d4abb
SMSP|jsr=0|seed=10336|center=2500|Oracle_FrFT_UpperBound,SMSP,0.0,10336,2500,Oracle_FrFT_UpperBound,ORACLE_DIAGNOSTIC_ONLY;NOT_FAIR;NOT_RL_ELIGIBLE,ORACLE_DIAGNOSTIC_ONLY,unified/pass,PASS,26.771969478505213,25.749066535796764,-1.0229029427084484,True,True,True,0,0,0,0,-0.913415746172999,TARGET_PRESERVED,0.9,1.0,0.09999999999999998,0.089,0.0,False,0.0,0.0,80000,8a015e3f860296dd3aca796cda326c3703d87c07b3f719b51b1eb7fb9b7d4abb
SMSP|jsr=0|seed=10336|center=3500|Oracle_FrFT_UpperBound,SMSP,0.0,10336,3500,Oracle_FrFT_UpperBound,ORACLE_DIAGNOSTIC_ONLY;NOT_FAIR;NOT_RL_ELIGIBLE,ORACLE_DIAGNOSTIC_ONLY,unified/pass,PASS,26.74566356552688,25.689766520266367,-1.0558970452605116,True,True,True,0,0,0,0,-0.913415746172999,TARGET_PRESERVED,0.9,1.0,0.09999999999999998,0.089,0.0,False,0.0,0.0,80000,8a015e3f860296dd3aca796cda326c3703d87c07b3f719b51b1eb7fb9b7d4abb
SMSP|jsr=0|seed=10336|center=4000|Oracle_FrFT_UpperBound,SMSP,0.0,10336,4000,Oracle_FrFT_UpperBound,ORACLE_DIAGNOSTIC_ONLY;NOT_FAIR;NOT_RL_ELIGIBLE,ORACLE_DIAGNOSTIC_ONLY,unified/pass,PASS,26.791689475673557,25.767705311114256,-1.0239841645593017,True,True,True,0,0,0,0,-0.913415746172999,TARGET_PRESERVED,0.9,1.0,0.09999999999999998,0.089,0.0,False,0.0,0.0,80000,8a015e3f860296dd3aca796cda326c3703d87c07b3f719b51b1eb7fb9b7d4abb
SMSP|jsr=0|seed=10337|center=1000|Oracle_FrFT_UpperBound,SMSP,0.0,10337,1000,Oracle_FrFT_UpperBound,ORACLE_DIAGNOSTIC_ONLY;NOT_FAIR;NOT_RL_ELIGIBLE,ORACLE_DIAGNOSTIC_ONLY,unified/pass,PASS,26.661638689573653,26.026400100254413,-0.6352385893192398,True,True,True,0,0,0,0,-0.9134157461729969,TARGET_PRESERVED,0.9,1.0,0.09999999999999998,0.089,0.5318973083343975,False,0.0,0.0,80000,8a015e3f860296dd3aca796cda326c3703d87c07b3f719b51b1eb7fb9b7d4abb
SMSP|jsr=0|seed=10337|center=1500|Oracle_FrFT_UpperBound,SMSP,0.0,10337,1500,Oracle_FrFT_UpperBound,ORACLE_DIAGNOSTIC_ONLY;NOT_FAIR;NOT_RL_ELIGIBLE,ORACLE_DIAGNOSTIC_ONLY,unified/pass,PASS,26.71299935648737,25.930695290294885,-0.7823040661924843,True,True,True,0,0,0,0,-0.913415746172999,TARGET_PRESERVED,0.9,1.0,0.09999999999999998,0.089,0.6370791897177097,False,0.0,0.0,80000,8a015e3f860296dd3aca796cda326c3703d87c07b3f719b51b1eb7fb9b7d4abb
SMSP|jsr=0|seed=10337|center=2500|Oracle_FrFT_UpperBound,SMSP,0.0,10337,2500,Oracle_FrFT_UpperBound,ORACLE_DIAGNOSTIC_ONLY;NOT_FAIR;NOT_RL_ELIGIBLE,ORACLE_DIAGNOSTIC_ONLY,unified/pass,PASS,26.80451188743753,25.786167189439308,-1.0183446979982236,True,True,True,0,0,0,0,-0.913415746172999,TARGET_PRESERVED,0.9,1.0,0.09999999999999998,0.089,0.0,False,0.0,0.0,80000,8a015e3f860296dd3aca796cda326c3703d87c07b3f719b51b1eb7fb9b7d4abb
SMSP|jsr=0|seed=10337|center=3500|Oracle_FrFT_UpperBound,SMSP,0.0,10337,3500,Oracle_FrFT_UpperBound,ORACLE_DIAGNOSTIC_ONLY;NOT_FAIR;NOT_RL_ELIGIBLE,ORACLE_DIAGNOSTIC_ONLY,unified/pass,PASS,26.764187141485117,25.753410576784898,-1.010776564700219,True,True,True,0,0,0,0,-0.913415746172999,TARGET_PRESERVED,0.9,1.0,0.09999999999999998,0.089,0.0,False,0.0,0.0,80000,8a015e3f860296dd3aca796cda326c3703d87c07b3f719b51b1eb7fb9b7d4abb
SMSP|jsr=0|seed=10337|center=4000|Oracle_FrFT_UpperBound,SMSP,0.0,10337,4000,Oracle_FrFT_UpperBound,ORACLE_DIAGNOSTIC_ONLY;NOT_FAIR;NOT_RL_ELIGIBLE,ORACLE_DIAGNOSTIC_ONLY,unified/pass,PASS,26.748329590856308,25.71765004608039,-1.0306795447759178,True,True,True,0,0,0,0,-0.913415746172999,TARGET_PRESERVED,0.9,1.0,0.09999999999999998,0.089,0.0,False,0.0,0.0,80000,8a015e3f860296dd3aca796cda326c3703d87c07b3f719b51b1eb7fb9b7d4abb
SMSP|jsr=0|seed=10338|center=1000|Oracle_FrFT_UpperBound,SMSP,0.0,10338,1000,Oracle_FrFT_UpperBound,ORACLE_DIAGNOSTIC_ONLY;NOT_FAIR;NOT_RL_ELIGIBLE,ORACLE_DIAGNOSTIC_ONLY,unified/pass,PASS,26.73610098859484,26.10389910966621,-0.6322018789286297,True,True,True,0,0,1,1,-0.9134157461729969,TARGET_PRESERVED,0.9,1.0,0.09999999999999998,0.089,0.5318973083343975,False,0.0,0.0,80000,8a015e3f860296dd3aca796cda326c3703d87c07b3f719b51b1eb7fb9b7d4abb
SMSP|jsr=0|seed=10338|center=1500|Oracle_FrFT_UpperBound,SMSP,0.0,10338,1500,Oracle_FrFT_UpperBound,ORACLE_DIAGNOSTIC_ONLY;NOT_FAIR;NOT_RL_ELIGIBLE,ORACLE_DIAGNOSTIC_ONLY,unified/pass,PASS,26.785532467698232,26.006820403765563,-0.7787120639326695,True,True,True,0,1,1,1,-0.913415746172999,TARGET_PRESERVED,0.9,1.0,0.09999999999999998,0.089,0.6370791897177097,False,0.0,0.0,80000,8a015e3f860296dd3aca796cda326c3703d87c07b3f719b51b1eb7fb9b7d4abb
SMSP|jsr=0|seed=10338|center=2500|Oracle_FrFT_UpperBound,SMSP,0.0,10338,2500,Oracle_FrFT_UpperBound,ORACLE_DIAGNOSTIC_ONLY;NOT_FAIR;NOT_RL_ELIGIBLE,ORACLE_DIAGNOSTIC_ONLY,unified/pass,PASS,27.0167396660859,26.033063300146488,-0.983676365939413,True,True,True,0,0,1,0,-0.913415746172999,TARGET_PRESERVED,0.9,1.0,0.09999999999999998,0.089,0.0,False,0.0,0.0,80000,8a015e3f860296dd3aca796cda326c3703d87c07b3f719b51b1eb7fb9b7d4abb
SMSP|jsr=0|seed=10338|center=3500|Oracle_FrFT_UpperBound,SMSP,0.0,10338,3500,Oracle_FrFT_UpperBound,ORACLE_DIAGNOSTIC_ONLY;NOT_FAIR;NOT_RL_ELIGIBLE,ORACLE_DIAGNOSTIC_ONLY,unified/pass,PASS,26.920137128547626,25.898898037526337,-1.0212390910212896,True,True,True,0,0,0,0,-0.913415746172999,TARGET_PRESERVED,0.9,1.0,0.09999999999999998,0.089,0.0,False,0.0,0.0,80000,8a015e3f860296dd3aca796cda326c3703d87c07b3f719b51b1eb7fb9b7d4abb
SMSP|jsr=0|seed=10338|center=4000|Oracle_FrFT_UpperBound,SMSP,0.0,10338,4000,Oracle_FrFT_UpperBound,ORACLE_DIAGNOSTIC_ONLY;NOT_FAIR;NOT_RL_ELIGIBLE,ORACLE_DIAGNOSTIC_ONLY,unified/pass,PASS,27.02918992993186,26.010124119141782,-1.019065810790078,True,True,True,0,0,0,0,-0.913415746172999,TARGET_PRESERVED,0.9,1.0,0.09999999999999998,0.089,0.0,False,0.0,0.0,80000,8a015e3f860296dd3aca796cda326c3703d87c07b3f719b51b1eb7fb9b7d4abb
SMSP|jsr=0|seed=10339|center=1000|Oracle_FrFT_UpperBound,SMSP,0.0,10339,1000,Oracle_FrFT_UpperBound,ORACLE_DIAGNOSTIC_ONLY;NOT_FAIR;NOT_RL_ELIGIBLE,ORACLE_DIAGNOSTIC_ONLY,unified/pass,PASS,26.587599455153736,25.96641113053705,-0.6211883246166856,True,True,True,0,0,1,1,-0.9134157461729969,TARGET_PRESERVED,0.9,1.0,0.09999999999999998,0.089,0.5318973083343975,False,0.0,0.0,80000,8a015e3f860296dd3aca796cda326c3703d87c07b3f719b51b1eb7fb9b7d4abb
SMSP|jsr=0|seed=10339|center=1500|Oracle_FrFT_UpperBound,SMSP,0.0,10339,1500,Oracle_FrFT_UpperBound,ORACLE_DIAGNOSTIC_ONLY;NOT_FAIR;NOT_RL_ELIGIBLE,ORACLE_DIAGNOSTIC_ONLY,unified/pass,PASS,26.839820716540792,26.05140636223065,-0.7884143543101416,True,True,True,0,0,1,1,-0.913415746172999,TARGET_PRESERVED,0.9,1.0,0.09999999999999998,0.089,0.6370791897177097,False,0.0,0.0,80000,8a015e3f860296dd3aca796cda326c3703d87c07b3f719b51b1eb7fb9b7d4abb
SMSP|jsr=0|seed=10339|center=2500|Oracle_FrFT_UpperBound,SMSP,0.0,10339,2500,Oracle_FrFT_UpperBound,ORACLE_DIAGNOSTIC_ONLY;NOT_FAIR;NOT_RL_ELIGIBLE,ORACLE_DIAGNOSTIC_ONLY,unified/pass,PASS,26.868258342484737,25.86098005859196,-1.0072782838927772,True,True,True,0,0,1,1,-0.913415746172999,TARGET_PRESERVED,0.9,1.0,0.09999999999999998,0.089,0.0,False,0.0,0.0,80000,8a015e3f860296dd3aca796cda326c3703d87c07b3f719b51b1eb7fb9b7d4abb
SMSP|jsr=0|seed=10339|center=3500|Oracle_FrFT_UpperBound,SMSP,0.0,10339,3500,Oracle_FrFT_UpperBound,ORACLE_DIAGNOSTIC_ONLY;NOT_FAIR;NOT_RL_ELIGIBLE,ORACLE_DIAGNOSTIC_ONLY,unified/pass,PASS,26.869960271528743,25.840026274046103,-1.0299339974826403,True,True,True,0,0,1,1,-0.913415746172999,TARGET_PRESERVED,0.9,1.0,0.09999999999999998,0.089,0.0,False,0.0,0.0,80000,8a015e3f860296dd3aca796cda326c3703d87c07b3f719b51b1eb7fb9b7d4abb
SMSP|jsr=0|seed=10339|center=4000|Oracle_FrFT_UpperBound,SMSP,0.0,10339,4000,Oracle_FrFT_UpperBound,ORACLE_DIAGNOSTIC_ONLY;NOT_FAIR;NOT_RL_ELIGIBLE,ORACLE_DIAGNOSTIC_ONLY,unified/pass,PASS,26.750960291963423,25.728527455357707,-1.0224328366057165,True,True,True,0,0,0,0,-0.913415746172999,TARGET_PRESERVED,0.9,1.0,0.09999999999999998,0.089,0.0,False,0.0,0.0,80000,8a015e3f860296dd3aca796cda326c3703d87c07b3f719b51b1eb7fb9b7d4abb
SMSP|jsr=0|seed=10340|center=1000|Oracle_FrFT_UpperBound,SMSP,0.0,10340,1000,Oracle_FrFT_UpperBound,ORACLE_DIAGNOSTIC_ONLY;NOT_FAIR;NOT_RL_ELIGIBLE,ORACLE_DIAGNOSTIC_ONLY,unified/pass,PASS,26.609939728177324,25.953396503044726,-0.656543225132598,True,True,True,0,0,0,0,-0.9134157461729969,TARGET_PRESERVED,0.9,1.0,0.09999999999999998,0.089,0.5318973083343975,False,0.0,0.0,80000,8a015e3f860296dd3aca796cda326c3703d87c07b3f719b51b1eb7fb9b7d4abb
SMSP|jsr=0|seed=10340|center=1500|Oracle_FrFT_UpperBound,SMSP,0.0,10340,1500,Oracle_FrFT_UpperBound,ORACLE_DIAGNOSTIC_ONLY;NOT_FAIR;NOT_RL_ELIGIBLE,ORACLE_DIAGNOSTIC_ONLY,unified/pass,PASS,26.654271646016948,25.87570074965953,-0.7785708963574187,True,True,True,0,0,0,0,-0.913415746172999,TARGET_PRESERVED,0.9,1.0,0.09999999999999998,0.089,0.6370791897177097,False,0.0,0.0,80000,8a015e3f860296dd3aca796cda326c3703d87c07b3f719b51b1eb7fb9b7d4abb
SMSP|jsr=0|seed=10340|center=2500|Oracle_FrFT_UpperBound,SMSP,0.0,10340,2500,Oracle_FrFT_UpperBound,ORACLE_DIAGNOSTIC_ONLY;NOT_FAIR;NOT_RL_ELIGIBLE,ORACLE_DIAGNOSTIC_ONLY,unified/pass,PASS,26.71624516935591,25.722190419644626,-0.9940547497112853,True,True,True,0,0,0,0,-0.913415746172999,TARGET_PRESERVED,0.9,1.0,0.09999999999999998,0.089,0.0,False,0.0,0.0,80000,8a015e3f860296dd3aca796cda326c3703d87c07b3f719b51b1eb7fb9b7d4abb
SMSP|jsr=0|seed=10340|center=3500|Oracle_FrFT_UpperBound,SMSP,0.0,10340,3500,Oracle_FrFT_UpperBound,ORACLE_DIAGNOSTIC_ONLY;NOT_FAIR;NOT_RL_ELIGIBLE,ORACLE_DIAGNOSTIC_ONLY,unified/pass,PASS,26.902847238159296,25.865948738506575,-1.0368984996527217,True,True,True,0,0,0,0,-0.913415746172999,TARGET_PRESERVED,0.9,1.0,0.09999999999999998,0.089,0.0,False,0.0,0.0,80000,8a015e3f860296dd3aca796cda326c3703d87c07b3f719b51b1eb7fb9b7d4abb
SMSP|jsr=0|seed=10340|center=4000|Oracle_FrFT_UpperBound,SMSP,0.0,10340,4000,Oracle_FrFT_UpperBound,ORACLE_DIAGNOSTIC_ONLY;NOT_FAIR;NOT_RL_ELIGIBLE,ORACLE_DIAGNOSTIC_ONLY,unified/pass,PASS,26.803552351761493,25.794175563282412,-1.0093767884790807,True,True,True,0,0,0,0,-0.913415746172999,TARGET_PRESERVED,0.9,1.0,0.09999999999999998,0.089,0.0,False,0.0,0.0,80000,8a015e3f860296dd3aca796cda326c3703d87c07b3f719b51b1eb7fb9b7d4abb
SMSP|jsr=0|seed=10341|center=1000|Oracle_FrFT_UpperBound,SMSP,0.0,10341,1000,Oracle_FrFT_UpperBound,ORACLE_DIAGNOSTIC_ONLY;NOT_FAIR;NOT_RL_ELIGIBLE,ORACLE_DIAGNOSTIC_ONLY,unified/pass,PASS,26.376369195846785,25.751283877904662,-0.6250853179421227,True,True,True,0,0,1,1,-0.9134157461729969,TARGET_PRESERVED,0.9,1.0,0.09999999999999998,0.089,0.5318973083343975,False,0.0,0.0,80000,8a015e3f860296dd3aca796cda326c3703d87c07b3f719b51b1eb7fb9b7d4abb
SMSP|jsr=0|seed=10341|center=1500|Oracle_FrFT_UpperBound,SMSP,0.0,10341,1500,Oracle_FrFT_UpperBound,ORACLE_DIAGNOSTIC_ONLY;NOT_FAIR;NOT_RL_ELIGIBLE,ORACLE_DIAGNOSTIC_ONLY,unified/pass,PASS,26.696512739077626,25.895957281338305,-0.8005554577393212,True,True,True,0,0,1,1,-0.913415746172999,TARGET_PRESERVED,0.9,1.0,0.09999999999999998,0.089,0.6370791897177098,False,0.0,0.0,80000,8a015e3f860296dd3aca796cda326c3703d87c07b3f719b51b1eb7fb9b7d4abb
SMSP|jsr=0|seed=10341|center=2500|Oracle_FrFT_UpperBound,SMSP,0.0,10341,2500,Oracle_FrFT_UpperBound,ORACLE_DIAGNOSTIC_ONLY;NOT_FAIR;NOT_RL_ELIGIBLE,ORACLE_DIAGNOSTIC_ONLY,unified/pass,PASS,26.84074252101919,25.795406552484096,-1.0453359685350954,True,True,True,0,0,0,0,-0.913415746172999,TARGET_PRESERVED,0.9,1.0,0.09999999999999998,0.089,0.0,False,0.0,0.0,80000,8a015e3f860296dd3aca796cda326c3703d87c07b3f719b51b1eb7fb9b7d4abb
SMSP|jsr=0|seed=10341|center=3500|Oracle_FrFT_UpperBound,SMSP,0.0,10341,3500,Oracle_FrFT_UpperBound,ORACLE_DIAGNOSTIC_ONLY;NOT_FAIR;NOT_RL_ELIGIBLE,ORACLE_DIAGNOSTIC_ONLY,unified/pass,PASS,26.782761669970036,25.788366646472628,-0.9943950234974075,True,True,True,0,0,0,0,-0.913415746172999,TARGET_PRESERVED,0.9,1.0,0.09999999999999998,0.089,0.0,False,0.0,0.0,80000,8a015e3f860296dd3aca796cda326c3703d87c07b3f719b51b1eb7fb9b7d4abb
SMSP|jsr=0|seed=10341|center=4000|Oracle_FrFT_UpperBound,SMSP,0.0,10341,4000,Oracle_FrFT_UpperBound,ORACLE_DIAGNOSTIC_ONLY;NOT_FAIR;NOT_RL_ELIGIBLE,ORACLE_DIAGNOSTIC_ONLY,unified/pass,PASS,26.726682985116494,25.704834817269884,-1.0218481678466098,True,True,True,0,0,1,0,-0.913415746172999,TARGET_PRESERVED,0.9,1.0,0.09999999999999998,0.089,0.0,False,0.0,0.0,80000,8a015e3f860296dd3aca796cda326c3703d87c07b3f719b51b1eb7fb9b7d4abb
SMSP|jsr=0|seed=10342|center=1000|Oracle_FrFT_UpperBound,SMSP,0.0,10342,1000,Oracle_FrFT_UpperBound,ORACLE_DIAGNOSTIC_ONLY;NOT_FAIR;NOT_RL_ELIGIBLE,ORACLE_DIAGNOSTIC_ONLY,unified/pass,PASS,26.609388079897336,25.958501644386462,-0.6508864355108734,True,True,True,0,0,0,0,-0.9134157461729969,TARGET_PRESERVED,0.9,1.0,0.09999999999999998,0.089,0.5318973083343975,False,0.0,0.0,80000,8a015e3f860296dd3aca796cda326c3703d87c07b3f719b51b1eb7fb9b7d4abb
SMSP|jsr=0|seed=10342|center=1500|Oracle_FrFT_UpperBound,SMSP,0.0,10342,1500,Oracle_FrFT_UpperBound,ORACLE_DIAGNOSTIC_ONLY;NOT_FAIR;NOT_RL_ELIGIBLE,ORACLE_DIAGNOSTIC_ONLY,unified/pass,PASS,26.730632328406664,25.92717493860809,-0.8034573897985737,True,True,True,0,0,0,0,-0.913415746172999,TARGET_PRESERVED,0.9,1.0,0.09999999999999998,0.089,0.6370791897177097,False,0.0,0.0,80000,8a015e3f860296dd3aca796cda326c3703d87c07b3f719b51b1eb7fb9b7d4abb
SMSP|jsr=0|seed=10342|center=2500|Oracle_FrFT_UpperBound,SMSP,0.0,10342,2500,Oracle_FrFT_UpperBound,ORACLE_DIAGNOSTIC_ONLY;NOT_FAIR;NOT_RL_ELIGIBLE,ORACLE_DIAGNOSTIC_ONLY,unified/pass,PASS,26.70311305453704,25.686950934124457,-1.0161621204125844,True,True,True,0,0,0,0,-0.913415746172999,TARGET_PRESERVED,0.9,1.0,0.09999999999999998,0.089,0.0,False,0.0,0.0,80000,8a015e3f860296dd3aca796cda326c3703d87c07b3f719b51b1eb7fb9b7d4abb
SMSP|jsr=0|seed=10342|center=3500|Oracle_FrFT_UpperBound,SMSP,0.0,10342,3500,Oracle_FrFT_UpperBound,ORACLE_DIAGNOSTIC_ONLY;NOT_FAIR;NOT_RL_ELIGIBLE,ORACLE_DIAGNOSTIC_ONLY,unified/pass,PASS,26.76379056463515,25.771463341214307,-0.992327223420844,True,True,True,0,0,0,0,-0.913415746172999,TARGET_PRESERVED,0.9,1.0,0.09999999999999998,0.089,0.0,False,0.0,0.0,80000,8a015e3f860296dd3aca796cda326c3703d87c07b3f719b51b1eb7fb9b7d4abb
SMSP|jsr=0|seed=10342|center=4000|Oracle_FrFT_UpperBound,SMSP,0.0,10342,4000,Oracle_FrFT_UpperBound,ORACLE_DIAGNOSTIC_ONLY;NOT_FAIR;NOT_RL_ELIGIBLE,ORACLE_DIAGNOSTIC_ONLY,unified/pass,PASS,26.63147831403931,25.612898056686344,-1.0185802573529656,True,True,True,0,0,0,0,-0.913415746172999,TARGET_PRESERVED,0.9,1.0,0.09999999999999998,0.089,0.0,False,0.0,0.0,80000,8a015e3f860296dd3aca796cda326c3703d87c07b3f719b51b1eb7fb9b7d4abb
SMSP|jsr=0|seed=10343|center=1000|Oracle_FrFT_UpperBound,SMSP,0.0,10343,1000,Oracle_FrFT_UpperBound,ORACLE_DIAGNOSTIC_ONLY;NOT_FAIR;NOT_RL_ELIGIBLE,ORACLE_DIAGNOSTIC_ONLY,unified/pass,PASS,26.545138106912415,25.916131244579454,-0.629006862332961,True,True,True,0,0,1,1,-0.9134157461729969,TARGET_PRESERVED,0.9,1.0,0.09999999999999998,0.089,0.5318973083343975,False,0.0,0.0,80000,8a015e3f860296dd3aca796cda326c3703d87c07b3f719b51b1eb7fb9b7d4abb
SMSP|jsr=0|seed=10343|center=1500|Oracle_FrFT_UpperBound,SMSP,0.0,10343,1500,Oracle_FrFT_UpperBound,ORACLE_DIAGNOSTIC_ONLY;NOT_FAIR;NOT_RL_ELIGIBLE,ORACLE_DIAGNOSTIC_ONLY,unified/pass,PASS,26.516869900572374,25.73181830116929,-0.7850515994030829,True,True,True,0,0,1,1,-0.913415746172999,TARGET_PRESERVED,0.9,1.0,0.09999999999999998,0.089,0.6370791897177097,False,0.0,0.0,80000,8a015e3f860296dd3aca796cda326c3703d87c07b3f719b51b1eb7fb9b7d4abb
SMSP|jsr=0|seed=10343|center=2500|Oracle_FrFT_UpperBound,SMSP,0.0,10343,2500,Oracle_FrFT_UpperBound,ORACLE_DIAGNOSTIC_ONLY;NOT_FAIR;NOT_RL_ELIGIBLE,ORACLE_DIAGNOSTIC_ONLY,unified/pass,PASS,26.676267659067957,25.689687809582008,-0.986579849485949,True,True,True,0,0,1,1,-0.913415746172999,TARGET_PRESERVED,0.9,1.0,0.09999999999999998,0.089,0.0,False,0.0,0.0,80000,8a015e3f860296dd3aca796cda326c3703d87c07b3f719b51b1eb7fb9b7d4abb
SMSP|jsr=0|seed=10343|center=3500|Oracle_FrFT_UpperBound,SMSP,0.0,10343,3500,Oracle_FrFT_UpperBound,ORACLE_DIAGNOSTIC_ONLY;NOT_FAIR;NOT_RL_ELIGIBLE,ORACLE_DIAGNOSTIC_ONLY,unified/pass,PASS,26.719873682752787,25.730147609444657,-0.9897260733081303,True,True,True,0,0,1,0,-0.913415746172999,TARGET_PRESERVED,0.9,1.0,0.09999999999999998,0.089,0.0,False,0.0,0.0,80000,8a015e3f860296dd3aca796cda326c3703d87c07b3f719b51b1eb7fb9b7d4abb
SMSP|jsr=0|seed=10343|center=4000|Oracle_FrFT_UpperBound,SMSP,0.0,10343,4000,Oracle_FrFT_UpperBound,ORACLE_DIAGNOSTIC_ONLY;NOT_FAIR;NOT_RL_ELIGIBLE,ORACLE_DIAGNOSTIC_ONLY,unified/pass,PASS,26.718529710027322,25.70322580352564,-1.015303906501682,True,True,True,0,0,0,0,-0.913415746172999,TARGET_PRESERVED,0.9,1.0,0.09999999999999998,0.089,0.0,False,0.0,0.0,80000,8a015e3f860296dd3aca796cda326c3703d87c07b3f719b51b1eb7fb9b7d4abb
SMSP|jsr=0|seed=10344|center=1000|Oracle_FrFT_UpperBound,SMSP,0.0,10344,1000,Oracle_FrFT_UpperBound,ORACLE_DIAGNOSTIC_ONLY;NOT_FAIR;NOT_RL_ELIGIBLE,ORACLE_DIAGNOSTIC_ONLY,unified/pass,PASS,26.53913204752478,25.917750168864973,-0.6213818786598075,True,True,True,0,0,0,0,-0.9134157461729969,TARGET_PRESERVED,0.9,1.0,0.09999999999999998,0.089,0.5318973083343975,False,0.0,0.0,80000,8a015e3f860296dd3aca796cda326c3703d87c07b3f719b51b1eb7fb9b7d4abb
SMSP|jsr=0|seed=10344|center=1500|Oracle_FrFT_UpperBound,SMSP,0.0,10344,1500,Oracle_FrFT_UpperBound,ORACLE_DIAGNOSTIC_ONLY;NOT_FAIR;NOT_RL_ELIGIBLE,ORACLE_DIAGNOSTIC_ONLY,unified/pass,PASS,26.61133982804319,25.81575088680776,-0.7955889412354296,True,True,True,0,0,0,0,-0.913415746172999,TARGET_PRESERVED,0.9,1.0,0.09999999999999998,0.089,0.6370791897177097,False,0.0,0.0,80000,8a015e3f860296dd3aca796cda326c3703d87c07b3f719b51b1eb7fb9b7d4abb
SMSP|jsr=0|seed=10344|center=2500|Oracle_FrFT_UpperBound,SMSP,0.0,10344,2500,Oracle_FrFT_UpperBound,ORACLE_DIAGNOSTIC_ONLY;NOT_FAIR;NOT_RL_ELIGIBLE,ORACLE_DIAGNOSTIC_ONLY,unified/pass,PASS,26.73973749112851,25.71190313928301,-1.0278343518454989,True,True,True,0,0,0,0,-0.913415746172999,TARGET_PRESERVED,0.9,1.0,0.09999999999999998,0.089,0.0,False,0.0,0.0,80000,8a015e3f860296dd3aca796cda326c3703d87c07b3f719b51b1eb7fb9b7d4abb
SMSP|jsr=0|seed=10344|center=3500|Oracle_FrFT_UpperBound,SMSP,0.0,10344,3500,Oracle_FrFT_UpperBound,ORACLE_DIAGNOSTIC_ONLY;NOT_FAIR;NOT_RL_ELIGIBLE,ORACLE_DIAGNOSTIC_ONLY,unified/pass,PASS,26.728549507916647,25.72326796894156,-1.0052815389750869,True,True,True,0,0,0,0,-0.913415746172999,TARGET_PRESERVED,0.9,1.0,0.09999999999999998,0.089,0.0,False,0.0,0.0,80000,8a015e3f860296dd3aca796cda326c3703d87c07b3f719b51b1eb7fb9b7d4abb
SMSP|jsr=0|seed=10344|center=4000|Oracle_FrFT_UpperBound,SMSP,0.0,10344,4000,Oracle_FrFT_UpperBound,ORACLE_DIAGNOSTIC_ONLY;NOT_FAIR;NOT_RL_ELIGIBLE,ORACLE_DIAGNOSTIC_ONLY,unified/pass,PASS,26.78212780542097,25.73314712328258,-1.0489806821383887,True,True,True,0,0,0,0,-0.913415746172999,TARGET_PRESERVED,0.9,1.0,0.09999999999999998,0.089,0.0,False,0.0,0.0,80000,8a015e3f860296dd3aca796cda326c3703d87c07b3f719b51b1eb7fb9b7d4abb
SMSP|jsr=0|seed=10345|center=1000|Oracle_FrFT_UpperBound,SMSP,0.0,10345,1000,Oracle_FrFT_UpperBound,ORACLE_DIAGNOSTIC_ONLY;NOT_FAIR;NOT_RL_ELIGIBLE,ORACLE_DIAGNOSTIC_ONLY,unified/pass,PASS,26.507500550120685,25.852557725050968,-0.6549428250697176,True,True,True,0,0,0,0,-0.9134157461729969,TARGET_PRESERVED,0.9,1.0,0.09999999999999998,0.089,0.5318973083343975,False,0.0,0.0,80000,8a015e3f860296dd3aca796cda326c3703d87c07b3f719b51b1eb7fb9b7d4abb
SMSP|jsr=0|seed=10345|center=1500|Oracle_FrFT_UpperBound,SMSP,0.0,10345,1500,Oracle_FrFT_UpperBound,ORACLE_DIAGNOSTIC_ONLY;NOT_FAIR;NOT_RL_ELIGIBLE,ORACLE_DIAGNOSTIC_ONLY,unified/pass,PASS,26.71741904208772,25.944853809937133,-0.7725652321505869,True,True,True,0,0,1,0,-0.913415746172999,TARGET_PRESERVED,0.9,1.0,0.09999999999999998,0.089,0.6370791897177097,False,0.0,0.0,80000,8a015e3f860296dd3aca796cda326c3703d87c07b3f719b51b1eb7fb9b7d4abb
SMSP|jsr=0|seed=10345|center=2500|Oracle_FrFT_UpperBound,SMSP,0.0,10345,2500,Oracle_FrFT_UpperBound,ORACLE_DIAGNOSTIC_ONLY;NOT_FAIR;NOT_RL_ELIGIBLE,ORACLE_DIAGNOSTIC_ONLY,unified/pass,PASS,26.756582694091033,25.70211933539143,-1.0544633586996035,True,True,True,0,0,0,0,-0.913415746172999,TARGET_PRESERVED,0.9,1.0,0.09999999999999998,0.089,0.0,False,0.0,0.0,80000,8a015e3f860296dd3aca796cda326c3703d87c07b3f719b51b1eb7fb9b7d4abb
SMSP|jsr=0|seed=10345|center=3500|Oracle_FrFT_UpperBound,SMSP,0.0,10345,3500,Oracle_FrFT_UpperBound,ORACLE_DIAGNOSTIC_ONLY;NOT_FAIR;NOT_RL_ELIGIBLE,ORACLE_DIAGNOSTIC_ONLY,unified/pass,PASS,26.786503493258188,25.72617598747997,-1.0603275057782184,True,True,True,0,0,0,0,-0.913415746172999,TARGET_PRESERVED,0.9,1.0,0.09999999999999998,0.089,0.0,False,0.0,0.0,80000,8a015e3f860296dd3aca796cda326c3703d87c07b3f719b51b1eb7fb9b7d4abb
SMSP|jsr=0|seed=10345|center=4000|Oracle_FrFT_UpperBound,SMSP,0.0,10345,4000,Oracle_FrFT_UpperBound,ORACLE_DIAGNOSTIC_ONLY;NOT_FAIR;NOT_RL_ELIGIBLE,ORACLE_DIAGNOSTIC_ONLY,unified/pass,PASS,26.79813225892031,25.79135738665901,-1.0067748722613032,True,True,True,0,0,0,0,-0.913415746172999,TARGET_PRESERVED,0.9,1.0,0.09999999999999998,0.089,0.0,False,0.0,0.0,80000,8a015e3f860296dd3aca796cda326c3703d87c07b3f719b51b1eb7fb9b7d4abb
SMSP|jsr=0|seed=10346|center=1000|Oracle_FrFT_UpperBound,SMSP,0.0,10346,1000,Oracle_FrFT_UpperBound,ORACLE_DIAGNOSTIC_ONLY;NOT_FAIR;NOT_RL_ELIGIBLE,ORACLE_DIAGNOSTIC_ONLY,unified/pass,PASS,26.58786173702978,25.96588655606581,-0.6219751809639682,True,True,True,0,0,1,1,-0.9134157461729969,TARGET_PRESERVED,0.9,1.0,0.09999999999999998,0.089,0.5318973083343975,False,0.0,0.0,80000,8a015e3f860296dd3aca796cda326c3703d87c07b3f719b51b1eb7fb9b7d4abb
SMSP|jsr=0|seed=10346|center=1500|Oracle_FrFT_UpperBound,SMSP,0.0,10346,1500,Oracle_FrFT_UpperBound,ORACLE_DIAGNOSTIC_ONLY;NOT_FAIR;NOT_RL_ELIGIBLE,ORACLE_DIAGNOSTIC_ONLY,unified/pass,PASS,26.77631827137018,26.001357135986204,-0.7749611353839754,True,True,True,0,0,1,0,-0.913415746172999,TARGET_PRESERVED,0.9,1.0,0.09999999999999998,0.089,0.6370791897177097,False,0.0,0.0,80000,8a015e3f860296dd3aca796cda326c3703d87c07b3f719b51b1eb7fb9b7d4abb
SMSP|jsr=0|seed=10346|center=2500|Oracle_FrFT_UpperBound,SMSP,0.0,10346,2500,Oracle_FrFT_UpperBound,ORACLE_DIAGNOSTIC_ONLY;NOT_FAIR;NOT_RL_ELIGIBLE,ORACLE_DIAGNOSTIC_ONLY,unified/pass,PASS,26.871680882132534,25.849785603685163,-1.0218952784473707,True,True,True,0,0,0,0,-0.913415746172999,TARGET_PRESERVED,0.9,1.0,0.09999999999999998,0.089,0.0,False,0.0,0.0,80000,8a015e3f860296dd3aca796cda326c3703d87c07b3f719b51b1eb7fb9b7d4abb
SMSP|jsr=0|seed=10346|center=3500|Oracle_FrFT_UpperBound,SMSP,0.0,10346,3500,Oracle_FrFT_UpperBound,ORACLE_DIAGNOSTIC_ONLY;NOT_FAIR;NOT_RL_ELIGIBLE,ORACLE_DIAGNOSTIC_ONLY,unified/pass,PASS,26.779710774753973,25.747611054953378,-1.0320997198005948,True,True,True,0,0,1,2,-0.913415746172999,TARGET_PRESERVED,0.9,1.0,0.09999999999999998,0.089,0.0,False,0.0,0.0,80000,8a015e3f860296dd3aca796cda326c3703d87c07b3f719b51b1eb7fb9b7d4abb
SMSP|jsr=0|seed=10346|center=4000|Oracle_FrFT_UpperBound,SMSP,0.0,10346,4000,Oracle_FrFT_UpperBound,ORACLE_DIAGNOSTIC_ONLY;NOT_FAIR;NOT_RL_ELIGIBLE,ORACLE_DIAGNOSTIC_ONLY,unified/pass,PASS,26.909340894784833,25.874168743950634,-1.0351721508341996,True,True,True,0,0,1,1,-0.913415746172999,TARGET_PRESERVED,0.9,1.0,0.09999999999999998,0.089,0.0,False,0.0,0.0,80000,8a015e3f860296dd3aca796cda326c3703d87c07b3f719b51b1eb7fb9b7d4abb
SMSP|jsr=0|seed=10347|center=1000|Oracle_FrFT_UpperBound,SMSP,0.0,10347,1000,Oracle_FrFT_UpperBound,ORACLE_DIAGNOSTIC_ONLY;NOT_FAIR;NOT_RL_ELIGIBLE,ORACLE_DIAGNOSTIC_ONLY,unified/pass,PASS,26.502517906620643,25.8590275413057,-0.6434903653149426,True,True,True,0,0,1,1,-0.9134157461729969,TARGET_PRESERVED,0.9,1.0,0.09999999999999998,0.089,0.5318973083343975,False,0.0,0.0,80000,8a015e3f860296dd3aca796cda326c3703d87c07b3f719b51b1eb7fb9b7d4abb
SMSP|jsr=0|seed=10347|center=1500|Oracle_FrFT_UpperBound,SMSP,0.0,10347,1500,Oracle_FrFT_UpperBound,ORACLE_DIAGNOSTIC_ONLY;NOT_FAIR;NOT_RL_ELIGIBLE,ORACLE_DIAGNOSTIC_ONLY,unified/pass,PASS,26.636013132533808,25.866792029786932,-0.7692211027468758,True,True,True,0,0,1,1,-0.913415746172999,TARGET_PRESERVED,0.9,1.0,0.09999999999999998,0.089,0.6370791897177097,False,0.0,0.0,80000,8a015e3f860296dd3aca796cda326c3703d87c07b3f719b51b1eb7fb9b7d4abb
SMSP|jsr=0|seed=10347|center=2500|Oracle_FrFT_UpperBound,SMSP,0.0,10347,2500,Oracle_FrFT_UpperBound,ORACLE_DIAGNOSTIC_ONLY;NOT_FAIR;NOT_RL_ELIGIBLE,ORACLE_DIAGNOSTIC_ONLY,unified/pass,PASS,26.771406562360642,25.757567944377087,-1.0138386179835557,True,True,True,0,0,0,0,-0.913415746172999,TARGET_PRESERVED,0.9,1.0,0.09999999999999998,0.089,0.0,False,0.0,0.0,80000,8a015e3f860296dd3aca796cda326c3703d87c07b3f719b51b1eb7fb9b7d4abb
SMSP|jsr=0|seed=10347|center=3500|Oracle_FrFT_UpperBound,SMSP,0.0,10347,3500,Oracle_FrFT_UpperBound,ORACLE_DIAGNOSTIC_ONLY;NOT_FAIR;NOT_RL_ELIGIBLE,ORACLE_DIAGNOSTIC_ONLY,unified/pass,PASS,26.859416758393206,25.82666782186503,-1.0327489365281757,True,True,True,0,0,0,0,-0.913415746172999,TARGET_PRESERVED,0.9,1.0,0.09999999999999998,0.089,0.0,False,0.0,0.0,80000,8a015e3f860296dd3aca796cda326c3703d87c07b3f719b51b1eb7fb9b7d4abb
SMSP|jsr=0|seed=10347|center=4000|Oracle_FrFT_UpperBound,SMSP,0.0,10347,4000,Oracle_FrFT_UpperBound,ORACLE_DIAGNOSTIC_ONLY;NOT_FAIR;NOT_RL_ELIGIBLE,ORACLE_DIAGNOSTIC_ONLY,unified/pass,PASS,26.77718667155322,25.724275916031463,-1.0529107555217578,True,True,True,0,0,2,1,-0.913415746172999,TARGET_PRESERVED,0.9,1.0,0.09999999999999998,0.089,0.0,False,0.0,0.0,80000,8a015e3f860296dd3aca796cda326c3703d87c07b3f719b51b1eb7fb9b7d4abb
SMSP|jsr=0|seed=10348|center=1000|Oracle_FrFT_UpperBound,SMSP,0.0,10348,1000,Oracle_FrFT_UpperBound,ORACLE_DIAGNOSTIC_ONLY;NOT_FAIR;NOT_RL_ELIGIBLE,ORACLE_DIAGNOSTIC_ONLY,unified/pass,PASS,26.712006232477,26.01657955496965,-0.6954266775073492,True,True,True,0,0,0,0,-0.9134157461729969,TARGET_PRESERVED,0.9,1.0,0.09999999999999998,0.089,0.5318973083343976,False,0.0,0.0,80000,8a015e3f860296dd3aca796cda326c3703d87c07b3f719b51b1eb7fb9b7d4abb
SMSP|jsr=0|seed=10348|center=1500|Oracle_FrFT_UpperBound,SMSP,0.0,10348,1500,Oracle_FrFT_UpperBound,ORACLE_DIAGNOSTIC_ONLY;NOT_FAIR;NOT_RL_ELIGIBLE,ORACLE_DIAGNOSTIC_ONLY,unified/pass,PASS,26.80570321003885,25.995714191520783,-0.8099890185180669,True,True,True,0,0,0,0,-0.913415746172999,TARGET_PRESERVED,0.9,1.0,0.09999999999999998,0.089,0.6370791897177097,False,0.0,0.0,80000,8a015e3f860296dd3aca796cda326c3703d87c07b3f719b51b1eb7fb9b7d4abb
SMSP|jsr=0|seed=10348|center=2500|Oracle_FrFT_UpperBound,SMSP,0.0,10348,2500,Oracle_FrFT_UpperBound,ORACLE_DIAGNOSTIC_ONLY;NOT_FAIR;NOT_RL_ELIGIBLE,ORACLE_DIAGNOSTIC_ONLY,unified/pass,PASS,27.003069356175242,25.93244867560704,-1.0706206805682008,True,True,True,0,0,0,0,-0.913415746172999,TARGET_PRESERVED,0.9,1.0,0.09999999999999998,0.089,0.0,False,0.0,0.0,80000,8a015e3f860296dd3aca796cda326c3703d87c07b3f719b51b1eb7fb9b7d4abb
SMSP|jsr=0|seed=10348|center=3500|Oracle_FrFT_UpperBound,SMSP,0.0,10348,3500,Oracle_FrFT_UpperBound,ORACLE_DIAGNOSTIC_ONLY;NOT_FAIR;NOT_RL_ELIGIBLE,ORACLE_DIAGNOSTIC_ONLY,unified/pass,PASS,26.919193613408076,25.85948743568696,-1.0597061777211145,True,True,True,0,0,0,0,-0.913415746172999,TARGET_PRESERVED,0.9,1.0,0.09999999999999998,0.089,0.0,False,0.0,0.0,80000,8a015e3f860296dd3aca796cda326c3703d87c07b3f719b51b1eb7fb9b7d4abb
SMSP|jsr=0|seed=10348|center=4000|Oracle_FrFT_UpperBound,SMSP,0.0,10348,4000,Oracle_FrFT_UpperBound,ORACLE_DIAGNOSTIC_ONLY;NOT_FAIR;NOT_RL_ELIGIBLE,ORACLE_DIAGNOSTIC_ONLY,unified/pass,PASS,26.88887694530377,25.868155654110176,-1.0207212911935954,True,True,True,0,0,0,0,-0.913415746172999,TARGET_PRESERVED,0.9,1.0,0.09999999999999998,0.089,0.0,False,0.0,0.0,80000,8a015e3f860296dd3aca796cda326c3703d87c07b3f719b51b1eb7fb9b7d4abb
SMSP|jsr=0|seed=10349|center=1000|Oracle_FrFT_UpperBound,SMSP,0.0,10349,1000,Oracle_FrFT_UpperBound,ORACLE_DIAGNOSTIC_ONLY;NOT_FAIR;NOT_RL_ELIGIBLE,ORACLE_DIAGNOSTIC_ONLY,unified/pass,PASS,26.70524489834594,26.05031017511444,-0.6549347232314986,True,True,True,0,0,1,1,-0.9134157461729969,TARGET_PRESERVED,0.9,1.0,0.09999999999999998,0.089,0.5318973083343975,False,0.0,0.0,80000,8a015e3f860296dd3aca796cda326c3703d87c07b3f719b51b1eb7fb9b7d4abb
SMSP|jsr=0|seed=10349|center=1500|Oracle_FrFT_UpperBound,SMSP,0.0,10349,1500,Oracle_FrFT_UpperBound,ORACLE_DIAGNOSTIC_ONLY;NOT_FAIR;NOT_RL_ELIGIBLE,ORACLE_DIAGNOSTIC_ONLY,unified/pass,PASS,26.76672837342823,25.992288614560444,-0.7744397588677856,True,True,True,0,0,1,1,-0.913415746172999,TARGET_PRESERVED,0.9,1.0,0.09999999999999998,0.089,0.6370791897177097,False,0.0,0.0,80000,8a015e3f860296dd3aca796cda326c3703d87c07b3f719b51b1eb7fb9b7d4abb
SMSP|jsr=0|seed=10349|center=2500|Oracle_FrFT_UpperBound,SMSP,0.0,10349,2500,Oracle_FrFT_UpperBound,ORACLE_DIAGNOSTIC_ONLY;NOT_FAIR;NOT_RL_ELIGIBLE,ORACLE_DIAGNOSTIC_ONLY,unified/pass,PASS,26.76029574775447,25.774259293588955,-0.9860364541655144,True,True,True,0,0,1,1,-0.913415746172999,TARGET_PRESERVED,0.9,1.0,0.09999999999999998,0.089,0.0,False,0.0,0.0,80000,8a015e3f860296dd3aca796cda326c3703d87c07b3f719b51b1eb7fb9b7d4abb
SMSP|jsr=0|seed=10349|center=3500|Oracle_FrFT_UpperBound,SMSP,0.0,10349,3500,Oracle_FrFT_UpperBound,ORACLE_DIAGNOSTIC_ONLY;NOT_FAIR;NOT_RL_ELIGIBLE,ORACLE_DIAGNOSTIC_ONLY,unified/pass,PASS,26.709277290043904,25.70259214391346,-1.0066851461304438,True,True,True,0,0,1,0,-0.913415746172999,TARGET_PRESERVED,0.9,1.0,0.09999999999999998,0.089,0.0,False,0.0,0.0,80000,8a015e3f860296dd3aca796cda326c3703d87c07b3f719b51b1eb7fb9b7d4abb
SMSP|jsr=0|seed=10349|center=4000|Oracle_FrFT_UpperBound,SMSP,0.0,10349,4000,Oracle_FrFT_UpperBound,ORACLE_DIAGNOSTIC_ONLY;NOT_FAIR;NOT_RL_ELIGIBLE,ORACLE_DIAGNOSTIC_ONLY,unified/pass,PASS,26.919594583535286,25.904805148189954,-1.0147894353453317,True,True,True,0,0,1,0,-0.913415746172999,TARGET_PRESERVED,0.9,1.0,0.09999999999999998,0.089,0.0,False,0.0,0.0,80000,8a015e3f860296dd3aca796cda326c3703d87c07b3f719b51b1eb7fb9b7d4abb
SMSP|jsr=10|seed=10300|center=1000|Oracle_FrFT_UpperBound,SMSP,10.0,10300,1000,Oracle_FrFT_UpperBound,ORACLE_DIAGNOSTIC_ONLY;NOT_FAIR;NOT_RL_ELIGIBLE,ORACLE_DIAGNOSTIC_ONLY,unified/pass,PASS,15.990495202251934,15.770031595290606,-0.22046360696132794,False,False,False,0,1,0,0,-0.9134157461729969,TARGET_PRESERVED,0.9,1.0,0.09999999999999998,0.089,0.5318973083343975,False,0.0,0.0,80000,8a015e3f860296dd3aca796cda326c3703d87c07b3f719b51b1eb7fb9b7d4abb
SMSP|jsr=10|seed=10300|center=1500|Oracle_FrFT_UpperBound,SMSP,10.0,10300,1500,Oracle_FrFT_UpperBound,ORACLE_DIAGNOSTIC_ONLY;NOT_FAIR;NOT_RL_ELIGIBLE,ORACLE_DIAGNOSTIC_ONLY,unified/pass,PASS,17.35353331272126,16.80847556949538,-0.5450577432258825,True,False,True,1,1,0,0,-0.913415746172999,TARGET_PRESERVED,0.9,1.0,0.09999999999999998,0.089,0.6370791897177097,False,0.0,0.0,80000,8a015e3f860296dd3aca796cda326c3703d87c07b3f719b51b1eb7fb9b7d4abb
SMSP|jsr=10|seed=10300|center=2500|Oracle_FrFT_UpperBound,SMSP,10.0,10300,2500,Oracle_FrFT_UpperBound,ORACLE_DIAGNOSTIC_ONLY;NOT_FAIR;NOT_RL_ELIGIBLE,ORACLE_DIAGNOSTIC_ONLY,unified/pass,PASS,17.14512650664529,16.21799346816443,-0.9271330384808607,True,True,True,0,0,1,0,-0.913415746172999,TARGET_PRESERVED,0.9,1.0,0.09999999999999998,0.089,0.0,False,0.0,0.0,80000,8a015e3f860296dd3aca796cda326c3703d87c07b3f719b51b1eb7fb9b7d4abb
SMSP|jsr=10|seed=10300|center=3500|Oracle_FrFT_UpperBound,SMSP,10.0,10300,3500,Oracle_FrFT_UpperBound,ORACLE_DIAGNOSTIC_ONLY;NOT_FAIR;NOT_RL_ELIGIBLE,ORACLE_DIAGNOSTIC_ONLY,unified/pass,PASS,17.194385477590227,16.303233904399434,-0.8911515731907933,True,True,True,0,0,1,0,-0.913415746172999,TARGET_PRESERVED,0.9,1.0,0.09999999999999998,0.089,0.0,False,0.0,0.0,80000,8a015e3f860296dd3aca796cda326c3703d87c07b3f719b51b1eb7fb9b7d4abb
SMSP|jsr=10|seed=10300|center=4000|Oracle_FrFT_UpperBound,SMSP,10.0,10300,4000,Oracle_FrFT_UpperBound,ORACLE_DIAGNOSTIC_ONLY;NOT_FAIR;NOT_RL_ELIGIBLE,ORACLE_DIAGNOSTIC_ONLY,unified/pass,PASS,17.14140009844059,16.236714870439243,-0.9046852280013482,True,True,True,0,0,0,0,-0.913415746172999,TARGET_PRESERVED,0.9,1.0,0.09999999999999998,0.089,0.0,False,0.0,0.0,80000,8a015e3f860296dd3aca796cda326c3703d87c07b3f719b51b1eb7fb9b7d4abb
SMSP|jsr=10|seed=10301|center=1000|Oracle_FrFT_UpperBound,SMSP,10.0,10301,1000,Oracle_FrFT_UpperBound,ORACLE_DIAGNOSTIC_ONLY;NOT_FAIR;NOT_RL_ELIGIBLE,ORACLE_DIAGNOSTIC_ONLY,unified/pass,PASS,15.834868437214269,15.62645689235151,-0.20841154486275926,False,False,False,1,1,0,0,-0.9134157461729969,TARGET_PRESERVED,0.9,1.0,0.09999999999999998,0.089,0.5318973083343975,False,0.0,0.0,80000,8a015e3f860296dd3aca796cda326c3703d87c07b3f719b51b1eb7fb9b7d4abb
SMSP|jsr=10|seed=10301|center=1500|Oracle_FrFT_UpperBound,SMSP,10.0,10301,1500,Oracle_FrFT_UpperBound,ORACLE_DIAGNOSTIC_ONLY;NOT_FAIR;NOT_RL_ELIGIBLE,ORACLE_DIAGNOSTIC_ONLY,unified/pass,PASS,17.41388672894891,16.89236256333863,-0.5215241656102805,True,False,True,1,1,0,0,-0.913415746172999,TARGET_PRESERVED,0.9,1.0,0.09999999999999998,0.089,0.6370791897177098,False,0.0,0.0,80000,8a015e3f860296dd3aca796cda326c3703d87c07b3f719b51b1eb7fb9b7d4abb
SMSP|jsr=10|seed=10301|center=2500|Oracle_FrFT_UpperBound,SMSP,10.0,10301,2500,Oracle_FrFT_UpperBound,ORACLE_DIAGNOSTIC_ONLY;NOT_FAIR;NOT_RL_ELIGIBLE,ORACLE_DIAGNOSTIC_ONLY,unified/pass,PASS,17.153416013864344,16.21928498916334,-0.9341310247010028,True,True,True,0,0,0,0,-0.913415746172999,TARGET_PRESERVED,0.9,1.0,0.09999999999999998,0.089,0.0,False,0.0,0.0,80000,8a015e3f860296dd3aca796cda326c3703d87c07b3f719b51b1eb7fb9b7d4abb
SMSP|jsr=10|seed=10301|center=3500|Oracle_FrFT_UpperBound,SMSP,10.0,10301,3500,Oracle_FrFT_UpperBound,ORACLE_DIAGNOSTIC_ONLY;NOT_FAIR;NOT_RL_ELIGIBLE,ORACLE_DIAGNOSTIC_ONLY,unified/pass,PASS,17.241592447205136,16.33941964992585,-0.9021727972792846,True,True,True,0,0,0,0,-0.913415746172999,TARGET_PRESERVED,0.9,1.0,0.09999999999999998,0.089,0.0,False,0.0,0.0,80000,8a015e3f860296dd3aca796cda326c3703d87c07b3f719b51b1eb7fb9b7d4abb
SMSP|jsr=10|seed=10301|center=4000|Oracle_FrFT_UpperBound,SMSP,10.0,10301,4000,Oracle_FrFT_UpperBound,ORACLE_DIAGNOSTIC_ONLY;NOT_FAIR;NOT_RL_ELIGIBLE,ORACLE_DIAGNOSTIC_ONLY,unified/pass,PASS,17.17623771314347,16.251593455957714,-0.9246442571857543,True,True,True,0,0,0,0,-0.913415746172999,TARGET_PRESERVED,0.9,1.0,0.09999999999999998,0.089,0.0,False,0.0,0.0,80000,8a015e3f860296dd3aca796cda326c3703d87c07b3f719b51b1eb7fb9b7d4abb
SMSP|jsr=10|seed=10302|center=1000|Oracle_FrFT_UpperBound,SMSP,10.0,10302,1000,Oracle_FrFT_UpperBound,ORACLE_DIAGNOSTIC_ONLY;NOT_FAIR;NOT_RL_ELIGIBLE,ORACLE_DIAGNOSTIC_ONLY,unified/pass,PASS,16.04228859214438,15.809046449849532,-0.23324214229484852,False,False,False,0,1,1,1,-0.9134157461729969,TARGET_PRESERVED,0.9,1.0,0.09999999999999998,0.089,0.5318973083343975,False,0.0,0.0,80000,8a015e3f860296dd3aca796cda326c3703d87c07b3f719b51b1eb7fb9b7d4abb
SMSP|jsr=10|seed=10302|center=1500|Oracle_FrFT_UpperBound,SMSP,10.0,10302,1500,Oracle_FrFT_UpperBound,ORACLE_DIAGNOSTIC_ONLY;NOT_FAIR;NOT_RL_ELIGIBLE,ORACLE_DIAGNOSTIC_ONLY,unified/pass,PASS,17.363621778039818,16.850070072341577,-0.5135517056982408,True,False,True,1,1,1,1,-0.913415746172999,TARGET_PRESERVED,0.9,1.0,0.09999999999999998,0.089,0.6370791897177097,False,0.0,0.0,80000,8a015e3f860296dd3aca796cda326c3703d87c07b3f719b51b1eb7fb9b7d4abb
SMSP|jsr=10|seed=10302|center=2500|Oracle_FrFT_UpperBound,SMSP,10.0,10302,2500,Oracle_FrFT_UpperBound,ORACLE_DIAGNOSTIC_ONLY;NOT_FAIR;NOT_RL_ELIGIBLE,ORACLE_DIAGNOSTIC_ONLY,unified/pass,PASS,17.22708433684642,16.303556766318444,-0.9235275705279768,True,True,True,0,0,0,0,-0.913415746172999,TARGET_PRESERVED,0.9,1.0,0.09999999999999998,0.089,0.0,False,0.0,0.0,80000,8a015e3f860296dd3aca796cda326c3703d87c07b3f719b51b1eb7fb9b7d4abb
SMSP|jsr=10|seed=10302|center=3500|Oracle_FrFT_UpperBound,SMSP,10.0,10302,3500,Oracle_FrFT_UpperBound,ORACLE_DIAGNOSTIC_ONLY;NOT_FAIR;NOT_RL_ELIGIBLE,ORACLE_DIAGNOSTIC_ONLY,unified/pass,PASS,17.336877796776538,16.40990110109857,-0.9269766956779684,True,True,True,0,0,0,0,-0.913415746172999,TARGET_PRESERVED,0.9,1.0,0.09999999999999998,0.089,0.0,False,0.0,0.0,80000,8a015e3f860296dd3aca796cda326c3703d87c07b3f719b51b1eb7fb9b7d4abb
SMSP|jsr=10|seed=10302|center=4000|Oracle_FrFT_UpperBound,SMSP,10.0,10302,4000,Oracle_FrFT_UpperBound,ORACLE_DIAGNOSTIC_ONLY;NOT_FAIR;NOT_RL_ELIGIBLE,ORACLE_DIAGNOSTIC_ONLY,unified/pass,PASS,17.27780595679477,16.348252033437934,-0.9295539233568348,True,True,True,0,0,1,1,-0.913415746172999,TARGET_PRESERVED,0.9,1.0,0.09999999999999998,0.089,0.0,False,0.0,0.0,80000,8a015e3f860296dd3aca796cda326c3703d87c07b3f719b51b1eb7fb9b7d4abb
SMSP|jsr=10|seed=10303|center=1000|Oracle_FrFT_UpperBound,SMSP,10.0,10303,1000,Oracle_FrFT_UpperBound,ORACLE_DIAGNOSTIC_ONLY;NOT_FAIR;NOT_RL_ELIGIBLE,ORACLE_DIAGNOSTIC_ONLY,unified/pass,PASS,15.98428704459917,15.729053206900115,-0.2552338376990555,False,False,False,0,1,1,1,-0.9134157461729969,TARGET_PRESERVED,0.9,1.0,0.09999999999999998,0.089,0.5318973083343975,False,0.0,0.0,80000,8a015e3f860296dd3aca796cda326c3703d87c07b3f719b51b1eb7fb9b7d4abb
SMSP|jsr=10|seed=10303|center=1500|Oracle_FrFT_UpperBound,SMSP,10.0,10303,1500,Oracle_FrFT_UpperBound,ORACLE_DIAGNOSTIC_ONLY;NOT_FAIR;NOT_RL_ELIGIBLE,ORACLE_DIAGNOSTIC_ONLY,unified/pass,PASS,17.280648441048406,16.72415991013468,-0.5564885309137253,True,False,True,1,1,1,1,-0.913415746172999,TARGET_PRESERVED,0.9,1.0,0.09999999999999998,0.089,0.6370791897177098,False,0.0,0.0,80000,8a015e3f860296dd3aca796cda326c3703d87c07b3f719b51b1eb7fb9b7d4abb
SMSP|jsr=10|seed=10303|center=2500|Oracle_FrFT_UpperBound,SMSP,10.0,10303,2500,Oracle_FrFT_UpperBound,ORACLE_DIAGNOSTIC_ONLY;NOT_FAIR;NOT_RL_ELIGIBLE,ORACLE_DIAGNOSTIC_ONLY,unified/pass,PASS,17.122175231875158,16.17218391512683,-0.9499913167483278,True,True,True,0,0,1,1,-0.913415746172999,TARGET_PRESERVED,0.9,1.0,0.09999999999999998,0.089,0.0,False,0.0,0.0,80000,8a015e3f860296dd3aca796cda326c3703d87c07b3f719b51b1eb7fb9b7d4abb
SMSP|jsr=10|seed=10303|center=3500|Oracle_FrFT_UpperBound,SMSP,10.0,10303,3500,Oracle_FrFT_UpperBound,ORACLE_DIAGNOSTIC_ONLY;NOT_FAIR;NOT_RL_ELIGIBLE,ORACLE_DIAGNOSTIC_ONLY,unified/pass,PASS,17.25341154376872,16.360450307369327,-0.892961236399394,True,True,True,0,0,0,0,-0.913415746172999,TARGET_PRESERVED,0.9,1.0,0.09999999999999998,0.089,0.0,False,0.0,0.0,80000,8a015e3f860296dd3aca796cda326c3703d87c07b3f719b51b1eb7fb9b7d4abb
SMSP|jsr=10|seed=10303|center=4000|Oracle_FrFT_UpperBound,SMSP,10.0,10303,4000,Oracle_FrFT_UpperBound,ORACLE_DIAGNOSTIC_ONLY;NOT_FAIR;NOT_RL_ELIGIBLE,ORACLE_DIAGNOSTIC_ONLY,unified/pass,PASS,17.14796869262385,16.19358685528336,-0.9543818373404882,True,True,True,0,0,0,0,-0.913415746172999,TARGET_PRESERVED,0.9,1.0,0.09999999999999998,0.089,0.0,False,0.0,0.0,80000,8a015e3f860296dd3aca796cda326c3703d87c07b3f719b51b1eb7fb9b7d4abb
SMSP|jsr=10|seed=10304|center=1000|Oracle_FrFT_UpperBound,SMSP,10.0,10304,1000,Oracle_FrFT_UpperBound,ORACLE_DIAGNOSTIC_ONLY;NOT_FAIR;NOT_RL_ELIGIBLE,ORACLE_DIAGNOSTIC_ONLY,unified/pass,PASS,15.888181457182744,15.673000612090682,-0.21518084509206226,False,False,False,0,1,0,0,-0.9134157461729969,TARGET_PRESERVED,0.9,1.0,0.09999999999999998,0.089,0.5318973083343975,False,0.0,0.0,80000,8a015e3f860296dd3aca796cda326c3703d87c07b3f719b51b1eb7fb9b7d4abb
SMSP|jsr=10|seed=10304|center=1500|Oracle_FrFT_UpperBound,SMSP,10.0,10304,1500,Oracle_FrFT_UpperBound,ORACLE_DIAGNOSTIC_ONLY;NOT_FAIR;NOT_RL_ELIGIBLE,ORACLE_DIAGNOSTIC_ONLY,unified/pass,PASS,17.316275696636474,16.793338736860687,-0.5229369597757874,True,False,True,1,1,0,0,-0.913415746172999,TARGET_PRESERVED,0.9,1.0,0.09999999999999998,0.089,0.6370791897177097,False,0.0,0.0,80000,8a015e3f860296dd3aca796cda326c3703d87c07b3f719b51b1eb7fb9b7d4abb
SMSP|jsr=10|seed=10304|center=2500|Oracle_FrFT_UpperBound,SMSP,10.0,10304,2500,Oracle_FrFT_UpperBound,ORACLE_DIAGNOSTIC_ONLY;NOT_FAIR;NOT_RL_ELIGIBLE,ORACLE_DIAGNOSTIC_ONLY,unified/pass,PASS,17.275384423099073,16.351592060813257,-0.9237923622858162,True,True,True,0,0,0,0,-0.913415746172999,TARGET_PRESERVED,0.9,1.0,0.09999999999999998,0.089,0.0,False,0.0,0.0,80000,8a015e3f860296dd3aca796cda326c3703d87c07b3f719b51b1eb7fb9b7d4abb
SMSP|jsr=10|seed=10304|center=3500|Oracle_FrFT_UpperBound,SMSP,10.0,10304,3500,Oracle_FrFT_UpperBound,ORACLE_DIAGNOSTIC_ONLY;NOT_FAIR;NOT_RL_ELIGIBLE,ORACLE_DIAGNOSTIC_ONLY,unified/pass,PASS,17.170500132481273,16.23668057303746,-0.9338195594438119,True,True,True,0,0,0,0,-0.913415746172999,TARGET_PRESERVED,0.9,1.0,0.09999999999999998,0.089,0.0,False,0.0,0.0,80000,8a015e3f860296dd3aca796cda326c3703d87c07b3f719b51b1eb7fb9b7d4abb
SMSP|jsr=10|seed=10304|center=4000|Oracle_FrFT_UpperBound,SMSP,10.0,10304,4000,Oracle_FrFT_UpperBound,ORACLE_DIAGNOSTIC_ONLY;NOT_FAIR;NOT_RL_ELIGIBLE,ORACLE_DIAGNOSTIC_ONLY,unified/pass,PASS,17.133905346400653,16.202073786907036,-0.9318315594936166,True,True,True,0,0,1,0,-0.913415746172999,TARGET_PRESERVED,0.9,1.0,0.09999999999999998,0.089,0.0,False,0.0,0.0,80000,8a015e3f860296dd3aca796cda326c3703d87c07b3f719b51b1eb7fb9b7d4abb
SMSP|jsr=10|seed=10305|center=1000|Oracle_FrFT_UpperBound,SMSP,10.0,10305,1000,Oracle_FrFT_UpperBound,ORACLE_DIAGNOSTIC_ONLY;NOT_FAIR;NOT_RL_ELIGIBLE,ORACLE_DIAGNOSTIC_ONLY,unified/pass,PASS,16.093575149536964,15.902121867991646,-0.19145328154531782,False,False,False,0,1,1,1,-0.9134157461729969,TARGET_PRESERVED,0.9,1.0,0.09999999999999998,0.089,0.5318973083343975,False,0.0,0.0,80000,8a015e3f860296dd3aca796cda326c3703d87c07b3f719b51b1eb7fb9b7d4abb
SMSP|jsr=10|seed=10305|center=1500|Oracle_FrFT_UpperBound,SMSP,10.0,10305,1500,Oracle_FrFT_UpperBound,ORACLE_DIAGNOSTIC_ONLY;NOT_FAIR;NOT_RL_ELIGIBLE,ORACLE_DIAGNOSTIC_ONLY,unified/pass,PASS,17.391686522192156,16.875064599502387,-0.5166219226897688,True,False,True,1,1,1,1,-0.913415746172999,TARGET_PRESERVED,0.9,1.0,0.09999999999999998,0.089,0.6370791897177097,False,0.0,0.0,80000,8a015e3f860296dd3aca796cda326c3703d87c07b3f719b51b1eb7fb9b7d4abb
SMSP|jsr=10|seed=10305|center=2500|Oracle_FrFT_UpperBound,SMSP,10.0,10305,2500,Oracle_FrFT_UpperBound,ORACLE_DIAGNOSTIC_ONLY;NOT_FAIR;NOT_RL_ELIGIBLE,ORACLE_DIAGNOSTIC_ONLY,unified/pass,PASS,17.238154804043017,16.300765115451675,-0.9373896885913418,True,True,True,0,0,1,1,-0.913415746172999,TARGET_PRESERVED,0.9,1.0,0.09999999999999998,0.089,0.0,False,0.0,0.0,80000,8a015e3f860296dd3aca796cda326c3703d87c07b3f719b51b1eb7fb9b7d4abb
SMSP|jsr=10|seed=10305|center=3500|Oracle_FrFT_UpperBound,SMSP,10.0,10305,3500,Oracle_FrFT_UpperBound,ORACLE_DIAGNOSTIC_ONLY;NOT_FAIR;NOT_RL_ELIGIBLE,ORACLE_DIAGNOSTIC_ONLY,unified/pass,PASS,17.236185551009783,16.31253079720777,-0.9236547538020119,True,True,True,0,0,1,1,-0.913415746172999,TARGET_PRESERVED,0.9,1.0,0.09999999999999998,0.089,0.0,False,0.0,0.0,80000,8a015e3f860296dd3aca796cda326c3703d87c07b3f719b51b1eb7fb9b7d4abb
SMSP|jsr=10|seed=10305|center=4000|Oracle_FrFT_UpperBound,SMSP,10.0,10305,4000,Oracle_FrFT_UpperBound,ORACLE_DIAGNOSTIC_ONLY;NOT_FAIR;NOT_RL_ELIGIBLE,ORACLE_DIAGNOSTIC_ONLY,unified/pass,PASS,17.285844066609503,16.34847445956407,-0.9373696070454329,True,True,True,0,0,0,0,-0.913415746172999,TARGET_PRESERVED,0.9,1.0,0.09999999999999998,0.089,0.0,False,0.0,0.0,80000,8a015e3f860296dd3aca796cda326c3703d87c07b3f719b51b1eb7fb9b7d4abb
SMSP|jsr=10|seed=10306|center=1000|Oracle_FrFT_UpperBound,SMSP,10.0,10306,1000,Oracle_FrFT_UpperBound,ORACLE_DIAGNOSTIC_ONLY;NOT_FAIR;NOT_RL_ELIGIBLE,ORACLE_DIAGNOSTIC_ONLY,unified/pass,PASS,15.82874281570054,15.601357481175844,-0.2273853345246959,False,False,False,0,1,0,0,-0.9134157461729969,TARGET_PRESERVED,0.9,1.0,0.09999999999999998,0.089,0.5318973083343975,False,0.0,0.0,80000,8a015e3f860296dd3aca796cda326c3703d87c07b3f719b51b1eb7fb9b7d4abb
SMSP|jsr=10|seed=10306|center=1500|Oracle_FrFT_UpperBound,SMSP,10.0,10306,1500,Oracle_FrFT_UpperBound,ORACLE_DIAGNOSTIC_ONLY;NOT_FAIR;NOT_RL_ELIGIBLE,ORACLE_DIAGNOSTIC_ONLY,unified/pass,PASS,17.348080342168345,16.84965349080169,-0.49842685136665565,True,False,True,1,1,0,0,-0.913415746172999,TARGET_PRESERVED,0.9,1.0,0.09999999999999998,0.089,0.6370791897177097,False,0.0,0.0,80000,8a015e3f860296dd3aca796cda326c3703d87c07b3f719b51b1eb7fb9b7d4abb
SMSP|jsr=10|seed=10306|center=2500|Oracle_FrFT_UpperBound,SMSP,10.0,10306,2500,Oracle_FrFT_UpperBound,ORACLE_DIAGNOSTIC_ONLY;NOT_FAIR;NOT_RL_ELIGIBLE,ORACLE_DIAGNOSTIC_ONLY,unified/pass,PASS,17.206014811863554,16.271934787757253,-0.9340800241063008,True,True,True,0,0,0,0,-0.913415746172999,TARGET_PRESERVED,0.9,1.0,0.09999999999999998,0.089,0.0,False,0.0,0.0,80000,8a015e3f860296dd3aca796cda326c3703d87c07b3f719b51b1eb7fb9b7d4abb
SMSP|jsr=10|seed=10306|center=3500|Oracle_FrFT_UpperBound,SMSP,10.0,10306,3500,Oracle_FrFT_UpperBound,ORACLE_DIAGNOSTIC_ONLY;NOT_FAIR;NOT_RL_ELIGIBLE,ORACLE_DIAGNOSTIC_ONLY,unified/pass,PASS,17.10918903973507,16.14007664846675,-0.9691123912683217,True,True,True,0,0,0,0,-0.913415746172999,TARGET_PRESERVED,0.9,1.0,0.09999999999999998,0.089,0.0,False,0.0,0.0,80000,8a015e3f860296dd3aca796cda326c3703d87c07b3f719b51b1eb7fb9b7d4abb
SMSP|jsr=10|seed=10306|center=4000|Oracle_FrFT_UpperBound,SMSP,10.0,10306,4000,Oracle_FrFT_UpperBound,ORACLE_DIAGNOSTIC_ONLY;NOT_FAIR;NOT_RL_ELIGIBLE,ORACLE_DIAGNOSTIC_ONLY,unified/pass,PASS,17.185978502011167,16.242068619848503,-0.9439098821626644,True,True,True,0,0,0,0,-0.913415746172999,TARGET_PRESERVED,0.9,1.0,0.09999999999999998,0.089,0.0,False,0.0,0.0,80000,8a015e3f860296dd3aca796cda326c3703d87c07b3f719b51b1eb7fb9b7d4abb
SMSP|jsr=10|seed=10307|center=1000|Oracle_FrFT_UpperBound,SMSP,10.0,10307,1000,Oracle_FrFT_UpperBound,ORACLE_DIAGNOSTIC_ONLY;NOT_FAIR;NOT_RL_ELIGIBLE,ORACLE_DIAGNOSTIC_ONLY,unified/pass,PASS,15.855695938758158,15.630924147439455,-0.2247717913187035,False,False,False,0,1,1,0,-0.9134157461729969,TARGET_PRESERVED,0.9,1.0,0.09999999999999998,0.089,0.5318973083343975,False,0.0,0.0,80000,8a015e3f860296dd3aca796cda326c3703d87c07b3f719b51b1eb7fb9b7d4abb
SMSP|jsr=10|seed=10307|center=1500|Oracle_FrFT_UpperBound,SMSP,10.0,10307,1500,Oracle_FrFT_UpperBound,ORACLE_DIAGNOSTIC_ONLY;NOT_FAIR;NOT_RL_ELIGIBLE,ORACLE_DIAGNOSTIC_ONLY,unified/pass,PASS,17.167065501048896,16.665850590256643,-0.5012149107922532,True,False,True,1,1,1,1,-0.913415746172999,TARGET_PRESERVED,0.9,1.0,0.09999999999999998,0.089,0.6370791897177097,False,0.0,0.0,80000,8a015e3f860296dd3aca796cda326c3703d87c07b3f719b51b1eb7fb9b7d4abb
SMSP|jsr=10|seed=10307|center=2500|Oracle_FrFT_UpperBound,SMSP,10.0,10307,2500,Oracle_FrFT_UpperBound,ORACLE_DIAGNOSTIC_ONLY;NOT_FAIR;NOT_RL_ELIGIBLE,ORACLE_DIAGNOSTIC_ONLY,unified/pass,PASS,17.100589479994767,16.172577502483165,-0.928011977511602,True,True,True,0,0,1,1,-0.913415746172999,TARGET_PRESERVED,0.9,1.0,0.09999999999999998,0.089,0.0,False,0.0,0.0,80000,8a015e3f860296dd3aca796cda326c3703d87c07b3f719b51b1eb7fb9b7d4abb
SMSP|jsr=10|seed=10307|center=3500|Oracle_FrFT_UpperBound,SMSP,10.0,10307,3500,Oracle_FrFT_UpperBound,ORACLE_DIAGNOSTIC_ONLY;NOT_FAIR;NOT_RL_ELIGIBLE,ORACLE_DIAGNOSTIC_ONLY,unified/pass,PASS,17.11505998567667,16.174361508349907,-0.9406984773267624,True,True,True,0,0,1,1,-0.913415746172999,TARGET_PRESERVED,0.9,1.0,0.09999999999999998,0.089,0.0,False,0.0,0.0,80000,8a015e3f860296dd3aca796cda326c3703d87c07b3f719b51b1eb7fb9b7d4abb
SMSP|jsr=10|seed=10307|center=4000|Oracle_FrFT_UpperBound,SMSP,10.0,10307,4000,Oracle_FrFT_UpperBound,ORACLE_DIAGNOSTIC_ONLY;NOT_FAIR;NOT_RL_ELIGIBLE,ORACLE_DIAGNOSTIC_ONLY,unified/pass,PASS,17.133428419154914,16.242886483681055,-0.8905419354738591,True,True,True,0,0,1,1,-0.913415746172999,TARGET_PRESERVED,0.9,1.0,0.09999999999999998,0.089,0.0,False,0.0,0.0,80000,8a015e3f860296dd3aca796cda326c3703d87c07b3f719b51b1eb7fb9b7d4abb
SMSP|jsr=10|seed=10308|center=1000|Oracle_FrFT_UpperBound,SMSP,10.0,10308,1000,Oracle_FrFT_UpperBound,ORACLE_DIAGNOSTIC_ONLY;NOT_FAIR;NOT_RL_ELIGIBLE,ORACLE_DIAGNOSTIC_ONLY,unified/pass,PASS,15.80799039289863,15.589171326664836,-0.21881906623379344,False,False,False,0,1,1,1,-0.9134157461729969,TARGET_PRESERVED,0.9,1.0,0.09999999999999998,0.089,0.5318973083343975,False,0.0,0.0,80000,8a015e3f860296dd3aca796cda326c3703d87c07b3f719b51b1eb7fb9b7d4abb
SMSP|jsr=10|seed=10308|center=1500|Oracle_FrFT_UpperBound,SMSP,10.0,10308,1500,Oracle_FrFT_UpperBound,ORACLE_DIAGNOSTIC_ONLY;NOT_FAIR;NOT_RL_ELIGIBLE,ORACLE_DIAGNOSTIC_ONLY,unified/pass,PASS,17.383218369891623,16.879819272154023,-0.5033990977375993,True,False,True,1,1,1,1,-0.913415746172999,TARGET_PRESERVED,0.9,1.0,0.09999999999999998,0.089,0.6370791897177097,False,0.0,0.0,80000,8a015e3f860296dd3aca796cda326c3703d87c07b3f719b51b1eb7fb9b7d4abb
SMSP|jsr=10|seed=10308|center=2500|Oracle_FrFT_UpperBound,SMSP,10.0,10308,2500,Oracle_FrFT_UpperBound,ORACLE_DIAGNOSTIC_ONLY;NOT_FAIR;NOT_RL_ELIGIBLE,ORACLE_DIAGNOSTIC_ONLY,unified/pass,PASS,17.061377655572663,16.128519365692316,-0.9328582898803468,True,True,True,0,0,0,0,-0.913415746172999,TARGET_PRESERVED,0.9,1.0,0.09999999999999998,0.089,0.0,False,0.0,0.0,80000,8a015e3f860296dd3aca796cda326c3703d87c07b3f719b51b1eb7fb9b7d4abb
SMSP|jsr=10|seed=10308|center=3500|Oracle_FrFT_UpperBound,SMSP,10.0,10308,3500,Oracle_FrFT_UpperBound,ORACLE_DIAGNOSTIC_ONLY;NOT_FAIR;NOT_RL_ELIGIBLE,ORACLE_DIAGNOSTIC_ONLY,unified/pass,PASS,17.101815713286534,16.173846056396993,-0.927969656889541,True,True,True,0,0,0,0,-0.913415746172999,TARGET_PRESERVED,0.9,1.0,0.09999999999999998,0.089,0.0,False,0.0,0.0,80000,8a015e3f860296dd3aca796cda326c3703d87c07b3f719b51b1eb7fb9b7d4abb
SMSP|jsr=10|seed=10308|center=4000|Oracle_FrFT_UpperBound,SMSP,10.0,10308,4000,Oracle_FrFT_UpperBound,ORACLE_DIAGNOSTIC_ONLY;NOT_FAIR;NOT_RL_ELIGIBLE,ORACLE_DIAGNOSTIC_ONLY,unified/pass,PASS,17.10868223543652,16.174072567866006,-0.9346096675705127,True,True,True,0,0,1,1,-0.913415746172999,TARGET_PRESERVED,0.9,1.0,0.09999999999999998,0.089,0.0,False,0.0,0.0,80000,8a015e3f860296dd3aca796cda326c3703d87c07b3f719b51b1eb7fb9b7d4abb
SMSP|jsr=10|seed=10309|center=1000|Oracle_FrFT_UpperBound,SMSP,10.0,10309,1000,Oracle_FrFT_UpperBound,ORACLE_DIAGNOSTIC_ONLY;NOT_FAIR;NOT_RL_ELIGIBLE,ORACLE_DIAGNOSTIC_ONLY,unified/pass,PASS,15.923614620990367,15.725834995425759,-0.1977796255646087,False,False,False,0,1,0,0,-0.9134157461729969,TARGET_PRESERVED,0.9,1.0,0.09999999999999998,0.089,0.5318973083343975,False,0.0,0.0,80000,8a015e3f860296dd3aca796cda326c3703d87c07b3f719b51b1eb7fb9b7d4abb
SMSP|jsr=10|seed=10309|center=1500|Oracle_FrFT_UpperBound,SMSP,10.0,10309,1500,Oracle_FrFT_UpperBound,ORACLE_DIAGNOSTIC_ONLY;NOT_FAIR;NOT_RL_ELIGIBLE,ORACLE_DIAGNOSTIC_ONLY,unified/pass,PASS,17.351065460234352,16.820684567944333,-0.5303808922900188,True,False,True,1,1,0,0,-0.913415746172999,TARGET_PRESERVED,0.9,1.0,0.09999999999999998,0.089,0.6370791897177098,False,0.0,0.0,80000,8a015e3f860296dd3aca796cda326c3703d87c07b3f719b51b1eb7fb9b7d4abb
SMSP|jsr=10|seed=10309|center=2500|Oracle_FrFT_UpperBound,SMSP,10.0,10309,2500,Oracle_FrFT_UpperBound,ORACLE_DIAGNOSTIC_ONLY;NOT_FAIR;NOT_RL_ELIGIBLE,ORACLE_DIAGNOSTIC_ONLY,unified/pass,PASS,17.1757089933041,16.25610568038578,-0.9196033129183192,True,True,True,0,0,0,0,-0.913415746172999,TARGET_PRESERVED,0.9,1.0,0.09999999999999998,0.089,0.0,False,0.0,0.0,80000,8a015e3f860296dd3aca796cda326c3703d87c07b3f719b51b1eb7fb9b7d4abb
SMSP|jsr=10|seed=10309|center=3500|Oracle_FrFT_UpperBound,SMSP,10.0,10309,3500,Oracle_FrFT_UpperBound,ORACLE_DIAGNOSTIC_ONLY;NOT_FAIR;NOT_RL_ELIGIBLE,ORACLE_DIAGNOSTIC_ONLY,unified/pass,PASS,17.186407173798,16.296917351887153,-0.8894898219108462,True,True,True,0,0,0,0,-0.913415746172999,TARGET_PRESERVED,0.9,1.0,0.09999999999999998,0.089,0.0,False,0.0,0.0,80000,8a015e3f860296dd3aca796cda326c3703d87c07b3f719b51b1eb7fb9b7d4abb
SMSP|jsr=10|seed=10309|center=4000|Oracle_FrFT_UpperBound,SMSP,10.0,10309,4000,Oracle_FrFT_UpperBound,ORACLE_DIAGNOSTIC_ONLY;NOT_FAIR;NOT_RL_ELIGIBLE,ORACLE_DIAGNOSTIC_ONLY,unified/pass,PASS,17.11038421037458,16.18784715113881,-0.9225370592357685,True,True,True,0,0,0,0,-0.913415746172999,TARGET_PRESERVED,0.9,1.0,0.09999999999999998,0.089,0.0,False,0.0,0.0,80000,8a015e3f860296dd3aca796cda326c3703d87c07b3f719b51b1eb7fb9b7d4abb
SMSP|jsr=10|seed=10310|center=1000|Oracle_FrFT_UpperBound,SMSP,10.0,10310,1000,Oracle_FrFT_UpperBound,ORACLE_DIAGNOSTIC_ONLY;NOT_FAIR;NOT_RL_ELIGIBLE,ORACLE_DIAGNOSTIC_ONLY,unified/pass,PASS,16.037487616307164,15.800726008938513,-0.23676160736865093,False,False,False,0,1,1,1,-0.9134157461729969,TARGET_PRESERVED,0.9,1.0,0.09999999999999998,0.089,0.5318973083343975,False,0.0,0.0,80000,8a015e3f860296dd3aca796cda326c3703d87c07b3f719b51b1eb7fb9b7d4abb
SMSP|jsr=10|seed=10310|center=1500|Oracle_FrFT_UpperBound,SMSP,10.0,10310,1500,Oracle_FrFT_UpperBound,ORACLE_DIAGNOSTIC_ONLY;NOT_FAIR;NOT_RL_ELIGIBLE,ORACLE_DIAGNOSTIC_ONLY,unified/pass,PASS,17.381496623113165,16.847668072523202,-0.5338285505899627,True,False,True,1,1,1,1,-0.913415746172999,TARGET_PRESERVED,0.9,1.0,0.09999999999999998,0.089,0.6370791897177097,False,0.0,0.0,80000,8a015e3f860296dd3aca796cda326c3703d87c07b3f719b51b1eb7fb9b7d4abb
SMSP|jsr=10|seed=10310|center=2500|Oracle_FrFT_UpperBound,SMSP,10.0,10310,2500,Oracle_FrFT_UpperBound,ORACLE_DIAGNOSTIC_ONLY;NOT_FAIR;NOT_RL_ELIGIBLE,ORACLE_DIAGNOSTIC_ONLY,unified/pass,PASS,17.319920746475916,16.38788659543235,-0.9320341510435668,True,True,True,0,0,1,1,-0.913415746172999,TARGET_PRESERVED,0.9,1.0,0.09999999999999998,0.089,0.0,False,0.0,0.0,80000,8a015e3f860296dd3aca796cda326c3703d87c07b3f719b51b1eb7fb9b7d4abb
SMSP|jsr=10|seed=10310|center=3500|Oracle_FrFT_UpperBound,SMSP,10.0,10310,3500,Oracle_FrFT_UpperBound,ORACLE_DIAGNOSTIC_ONLY;NOT_FAIR;NOT_RL_ELIGIBLE,ORACLE_DIAGNOSTIC_ONLY,unified/pass,PASS,17.199035633227176,16.272677137805264,-0.926358495421912,True,True,True,0,0,0,0,-0.913415746172999,TARGET_PRESERVED,0.9,1.0,0.09999999999999998,0.089,0.0,False,0.0,0.0,80000,8a015e3f860296dd3aca796cda326c3703d87c07b3f719b51b1eb7fb9b7d4abb
SMSP|jsr=10|seed=10310|center=4000|Oracle_FrFT_UpperBound,SMSP,10.0,10310,4000,Oracle_FrFT_UpperBound,ORACLE_DIAGNOSTIC_ONLY;NOT_FAIR;NOT_RL_ELIGIBLE,ORACLE_DIAGNOSTIC_ONLY,unified/pass,PASS,17.287182867304974,16.369604989124714,-0.9175778781802606,True,True,True,0,0,0,0,-0.913415746172999,TARGET_PRESERVED,0.9,1.0,0.09999999999999998,0.089,0.0,False,0.0,0.0,80000,8a015e3f860296dd3aca796cda326c3703d87c07b3f719b51b1eb7fb9b7d4abb
SMSP|jsr=10|seed=10311|center=1000|Oracle_FrFT_UpperBound,SMSP,10.0,10311,1000,Oracle_FrFT_UpperBound,ORACLE_DIAGNOSTIC_ONLY;NOT_FAIR;NOT_RL_ELIGIBLE,ORACLE_DIAGNOSTIC_ONLY,unified/pass,PASS,15.832635410627663,15.568419723747812,-0.26421568687985086,False,False,False,0,1,1,1,-0.9134157461729969,TARGET_PRESERVED,0.9,1.0,0.09999999999999998,0.089,0.5318973083343975,False,0.0,0.0,80000,8a015e3f860296dd3aca796cda326c3703d87c07b3f719b51b1eb7fb9b7d4abb
SMSP|jsr=10|seed=10311|center=1500|Oracle_FrFT_UpperBound,SMSP,10.0,10311,1500,Oracle_FrFT_UpperBound,ORACLE_DIAGNOSTIC_ONLY;NOT_FAIR;NOT_RL_ELIGIBLE,ORACLE_DIAGNOSTIC_ONLY,unified/pass,PASS,17.305398067809957,16.784529979315653,-0.5208680884943035,True,False,True,1,1,1,1,-0.913415746172999,TARGET_PRESERVED,0.9,1.0,0.09999999999999998,0.089,0.6370791897177098,False,0.0,0.0,80000,8a015e3f860296dd3aca796cda326c3703d87c07b3f719b51b1eb7fb9b7d4abb
SMSP|jsr=10|seed=10311|center=2500|Oracle_FrFT_UpperBound,SMSP,10.0,10311,2500,Oracle_FrFT_UpperBound,ORACLE_DIAGNOSTIC_ONLY;NOT_FAIR;NOT_RL_ELIGIBLE,ORACLE_DIAGNOSTIC_ONLY,unified/pass,PASS,17.188501974267556,16.268932222562643,-0.9195697517049126,True,True,True,0,0,1,1,-0.913415746172999,TARGET_PRESERVED,0.9,1.0,0.09999999999999998,0.089,0.0,False,0.0,0.0,80000,8a015e3f860296dd3aca796cda326c3703d87c07b3f719b51b1eb7fb9b7d4abb
SMSP|jsr=10|seed=10311|center=3500|Oracle_FrFT_UpperBound,SMSP,10.0,10311,3500,Oracle_FrFT_UpperBound,ORACLE_DIAGNOSTIC_ONLY;NOT_FAIR;NOT_RL_ELIGIBLE,ORACLE_DIAGNOSTIC_ONLY,unified/pass,PASS,17.319520033819742,16.42011289534119,-0.8994071384785514,True,True,True,0,0,1,1,-0.913415746172999,TARGET_PRESERVED,0.9,1.0,0.09999999999999998,0.089,0.0,False,0.0,0.0,80000,8a015e3f860296dd3aca796cda326c3703d87c07b3f719b51b1eb7fb9b7d4abb
SMSP|jsr=10|seed=10311|center=4000|Oracle_FrFT_UpperBound,SMSP,10.0,10311,4000,Oracle_FrFT_UpperBound,ORACLE_DIAGNOSTIC_ONLY;NOT_FAIR;NOT_RL_ELIGIBLE,ORACLE_DIAGNOSTIC_ONLY,unified/pass,PASS,17.133827344474923,16.16574190124136,-0.9680854432335622,True,True,True,0,0,0,1,-0.913415746172999,TARGET_PRESERVED,0.9,1.0,0.09999999999999998,0.089,0.0,False,0.0,0.0,80000,8a015e3f860296dd3aca796cda326c3703d87c07b3f719b51b1eb7fb9b7d4abb
SMSP|jsr=10|seed=10312|center=1000|Oracle_FrFT_UpperBound,SMSP,10.0,10312,1000,Oracle_FrFT_UpperBound,ORACLE_DIAGNOSTIC_ONLY;NOT_FAIR;NOT_RL_ELIGIBLE,ORACLE_DIAGNOSTIC_ONLY,unified/pass,PASS,15.88036726027491,15.64167995158851,-0.23868730868640142,False,False,False,0,1,0,0,-0.9134157461729969,TARGET_PRESERVED,0.9,1.0,0.09999999999999998,0.089,0.5318973083343975,False,0.0,0.0,80000,8a015e3f860296dd3aca796cda326c3703d87c07b3f719b51b1eb7fb9b7d4abb
SMSP|jsr=10|seed=10312|center=1500|Oracle_FrFT_UpperBound,SMSP,10.0,10312,1500,Oracle_FrFT_UpperBound,ORACLE_DIAGNOSTIC_ONLY;NOT_FAIR;NOT_RL_ELIGIBLE,ORACLE_DIAGNOSTIC_ONLY,unified/pass,PASS,17.450947009335138,16.958228902496195,-0.492718106838943,True,False,True,1,1,0,0,-0.913415746172999,TARGET_PRESERVED,0.9,1.0,0.09999999999999998,0.089,0.6370791897177097,False,0.0,0.0,80000,8a015e3f860296dd3aca796cda326c3703d87c07b3f719b51b1eb7fb9b7d4abb
SMSP|jsr=10|seed=10312|center=2500|Oracle_FrFT_UpperBound,SMSP,10.0,10312,2500,Oracle_FrFT_UpperBound,ORACLE_DIAGNOSTIC_ONLY;NOT_FAIR;NOT_RL_ELIGIBLE,ORACLE_DIAGNOSTIC_ONLY,unified/pass,PASS,17.2681025276123,16.337699660994335,-0.930402866617964,True,True,True,0,0,0,0,-0.913415746172999,TARGET_PRESERVED,0.9,1.0,0.09999999999999998,0.089,0.0,False,0.0,0.0,80000,8a015e3f860296dd3aca796cda326c3703d87c07b3f719b51b1eb7fb9b7d4abb
SMSP|jsr=10|seed=10312|center=3500|Oracle_FrFT_UpperBound,SMSP,10.0,10312,3500,Oracle_FrFT_UpperBound,ORACLE_DIAGNOSTIC_ONLY;NOT_FAIR;NOT_RL_ELIGIBLE,ORACLE_DIAGNOSTIC_ONLY,unified/pass,PASS,17.193224718855603,16.2682962020692,-0.9249285167864016,True,True,True,0,0,0,0,-0.913415746172999,TARGET_PRESERVED,0.9,1.0,0.09999999999999998,0.089,0.0,False,0.0,0.0,80000,8a015e3f860296dd3aca796cda326c3703d87c07b3f719b51b1eb7fb9b7d4abb
SMSP|jsr=10|seed=10312|center=4000|Oracle_FrFT_UpperBound,SMSP,10.0,10312,4000,Oracle_FrFT_UpperBound,ORACLE_DIAGNOSTIC_ONLY;NOT_FAIR;NOT_RL_ELIGIBLE,ORACLE_DIAGNOSTIC_ONLY,unified/pass,PASS,17.075185968876404,16.12155449935599,-0.9536314695204133,True,True,True,0,0,0,0,-0.913415746172999,TARGET_PRESERVED,0.9,1.0,0.09999999999999998,0.089,0.0,False,0.0,0.0,80000,8a015e3f860296dd3aca796cda326c3703d87c07b3f719b51b1eb7fb9b7d4abb
SMSP|jsr=10|seed=10313|center=1000|Oracle_FrFT_UpperBound,SMSP,10.0,10313,1000,Oracle_FrFT_UpperBound,ORACLE_DIAGNOSTIC_ONLY;NOT_FAIR;NOT_RL_ELIGIBLE,ORACLE_DIAGNOSTIC_ONLY,unified/pass,PASS,15.897167539460828,15.717610445199032,-0.17955709426179567,False,False,False,0,1,0,0,-0.9134157461729969,TARGET_PRESERVED,0.9,1.0,0.09999999999999998,0.089,0.5318973083343975,False,0.0,0.0,80000,8a015e3f860296dd3aca796cda326c3703d87c07b3f719b51b1eb7fb9b7d4abb
SMSP|jsr=10|seed=10313|center=1500|Oracle_FrFT_UpperBound,SMSP,10.0,10313,1500,Oracle_FrFT_UpperBound,ORACLE_DIAGNOSTIC_ONLY;NOT_FAIR;NOT_RL_ELIGIBLE,ORACLE_DIAGNOSTIC_ONLY,unified/pass,PASS,17.338980855555736,16.83669602260666,-0.5022848329490763,True,False,True,1,1,0,0,-0.913415746172999,TARGET_PRESERVED,0.9,1.0,0.09999999999999998,0.089,0.6370791897177097,False,0.0,0.0,80000,8a015e3f860296dd3aca796cda326c3703d87c07b3f719b51b1eb7fb9b7d4abb
SMSP|jsr=10|seed=10313|center=2500|Oracle_FrFT_UpperBound,SMSP,10.0,10313,2500,Oracle_FrFT_UpperBound,ORACLE_DIAGNOSTIC_ONLY;NOT_FAIR;NOT_RL_ELIGIBLE,ORACLE_DIAGNOSTIC_ONLY,unified/pass,PASS,17.204418724034024,16.31424750565793,-0.8901712183760928,True,True,True,0,0,0,0,-0.913415746172999,TARGET_PRESERVED,0.9,1.0,0.09999999999999998,0.089,0.0,False,0.0,0.0,80000,8a015e3f860296dd3aca796cda326c3703d87c07b3f719b51b1eb7fb9b7d4abb
SMSP|jsr=10|seed=10313|center=3500|Oracle_FrFT_UpperBound,SMSP,10.0,10313,3500,Oracle_FrFT_UpperBound,ORACLE_DIAGNOSTIC_ONLY;NOT_FAIR;NOT_RL_ELIGIBLE,ORACLE_DIAGNOSTIC_ONLY,unified/pass,PASS,17.219379497834876,16.269695222724852,-0.9496842751100232,True,True,True,0,0,1,0,-0.913415746172999,TARGET_PRESERVED,0.9,1.0,0.09999999999999998,0.089,0.0,False,0.0,0.0,80000,8a015e3f860296dd3aca796cda326c3703d87c07b3f719b51b1eb7fb9b7d4abb
SMSP|jsr=10|seed=10313|center=4000|Oracle_FrFT_UpperBound,SMSP,10.0,10313,4000,Oracle_FrFT_UpperBound,ORACLE_DIAGNOSTIC_ONLY;NOT_FAIR;NOT_RL_ELIGIBLE,ORACLE_DIAGNOSTIC_ONLY,unified/pass,PASS,17.16525781400203,16.2256094409277,-0.9396483730743306,True,True,True,0,0,0,0,-0.913415746172999,TARGET_PRESERVED,0.9,1.0,0.09999999999999998,0.089,0.0,False,0.0,0.0,80000,8a015e3f860296dd3aca796cda326c3703d87c07b3f719b51b1eb7fb9b7d4abb
SMSP|jsr=10|seed=10314|center=1000|Oracle_FrFT_UpperBound,SMSP,10.0,10314,1000,Oracle_FrFT_UpperBound,ORACLE_DIAGNOSTIC_ONLY;NOT_FAIR;NOT_RL_ELIGIBLE,ORACLE_DIAGNOSTIC_ONLY,unified/pass,PASS,15.833613034331236,15.583340137462878,-0.2502728968683581,False,False,False,0,1,0,0,-0.9134157461729969,TARGET_PRESERVED,0.9,1.0,0.09999999999999998,0.089,0.5318973083343975,False,0.0,0.0,80000,8a015e3f860296dd3aca796cda326c3703d87c07b3f719b51b1eb7fb9b7d4abb
SMSP|jsr=10|seed=10314|center=1500|Oracle_FrFT_UpperBound,SMSP,10.0,10314,1500,Oracle_FrFT_UpperBound,ORACLE_DIAGNOSTIC_ONLY;NOT_FAIR;NOT_RL_ELIGIBLE,ORACLE_DIAGNOSTIC_ONLY,unified/pass,PASS,17.250877887547393,16.722380707355043,-0.5284971801923497,True,False,True,1,1,0,0,-0.913415746172999,TARGET_PRESERVED,0.9,1.0,0.09999999999999998,0.089,0.6370791897177097,False,0.0,0.0,80000,8a015e3f860296dd3aca796cda326c3703d87c07b3f719b51b1eb7fb9b7d4abb
SMSP|jsr=10|seed=10314|center=2500|Oracle_FrFT_UpperBound,SMSP,10.0,10314,2500,Oracle_FrFT_UpperBound,ORACLE_DIAGNOSTIC_ONLY;NOT_FAIR;NOT_RL_ELIGIBLE,ORACLE_DIAGNOSTIC_ONLY,unified/pass,PASS,17.19331646608849,16.25274938992381,-0.9405670761646796,True,True,True,0,0,0,0,-0.913415746172999,TARGET_PRESERVED,0.9,1.0,0.09999999999999998,0.089,0.0,False,0.0,0.0,80000,8a015e3f860296dd3aca796cda326c3703d87c07b3f719b51b1eb7fb9b7d4abb
SMSP|jsr=10|seed=10314|center=3500|Oracle_FrFT_UpperBound,SMSP,10.0,10314,3500,Oracle_FrFT_UpperBound,ORACLE_DIAGNOSTIC_ONLY;NOT_FAIR;NOT_RL_ELIGIBLE,ORACLE_DIAGNOSTIC_ONLY,unified/pass,PASS,17.237111905750147,16.337504680635938,-0.8996072251142095,True,True,True,0,0,0,0,-0.913415746172999,TARGET_PRESERVED,0.9,1.0,0.09999999999999998,0.089,0.0,False,0.0,0.0,80000,8a015e3f860296dd3aca796cda326c3703d87c07b3f719b51b1eb7fb9b7d4abb
SMSP|jsr=10|seed=10314|center=4000|Oracle_FrFT_UpperBound,SMSP,10.0,10314,4000,Oracle_FrFT_UpperBound,ORACLE_DIAGNOSTIC_ONLY;NOT_FAIR;NOT_RL_ELIGIBLE,ORACLE_DIAGNOSTIC_ONLY,unified/pass,PASS,17.1690272774026,16.27883177172642,-0.8901955056761786,True,True,True,0,0,0,0,-0.913415746172999,TARGET_PRESERVED,0.9,1.0,0.09999999999999998,0.089,0.0,False,0.0,0.0,80000,8a015e3f860296dd3aca796cda326c3703d87c07b3f719b51b1eb7fb9b7d4abb
SMSP|jsr=10|seed=10315|center=1000|Oracle_FrFT_UpperBound,SMSP,10.0,10315,1000,Oracle_FrFT_UpperBound,ORACLE_DIAGNOSTIC_ONLY;NOT_FAIR;NOT_RL_ELIGIBLE,ORACLE_DIAGNOSTIC_ONLY,unified/pass,PASS,15.888236367124355,15.629426759857905,-0.25880960726644986,False,False,False,0,1,1,1,-0.9134157461729969,TARGET_PRESERVED,0.9,1.0,0.09999999999999998,0.089,0.5318973083343975,False,0.0,0.0,80000,8a015e3f860296dd3aca796cda326c3703d87c07b3f719b51b1eb7fb9b7d4abb
SMSP|jsr=10|seed=10315|center=1500|Oracle_FrFT_UpperBound,SMSP,10.0,10315,1500,Oracle_FrFT_UpperBound,ORACLE_DIAGNOSTIC_ONLY;NOT_FAIR;NOT_RL_ELIGIBLE,ORACLE_DIAGNOSTIC_ONLY,unified/pass,PASS,17.30617156514648,16.775675931048013,-0.5304956340984681,True,False,True,1,1,1,1,-0.913415746172999,TARGET_PRESERVED,0.9,1.0,0.09999999999999998,0.089,0.6370791897177097,False,0.0,0.0,80000,8a015e3f860296dd3aca796cda326c3703d87c07b3f719b51b1eb7fb9b7d4abb
SMSP|jsr=10|seed=10315|center=2500|Oracle_FrFT_UpperBound,SMSP,10.0,10315,2500,Oracle_FrFT_UpperBound,ORACLE_DIAGNOSTIC_ONLY;NOT_FAIR;NOT_RL_ELIGIBLE,ORACLE_DIAGNOSTIC_ONLY,unified/pass,PASS,17.189927809792287,16.261302568787436,-0.9286252410048519,True,True,True,0,0,1,1,-0.913415746172999,TARGET_PRESERVED,0.9,1.0,0.09999999999999998,0.089,0.0,False,0.0,0.0,80000,8a015e3f860296dd3aca796cda326c3703d87c07b3f719b51b1eb7fb9b7d4abb
SMSP|jsr=10|seed=10315|center=3500|Oracle_FrFT_UpperBound,SMSP,10.0,10315,3500,Oracle_FrFT_UpperBound,ORACLE_DIAGNOSTIC_ONLY;NOT_FAIR;NOT_RL_ELIGIBLE,ORACLE_DIAGNOSTIC_ONLY,unified/pass,PASS,17.235327998816445,16.30540332391436,-0.929924674902086,True,True,True,0,0,0,0,-0.913415746172999,TARGET_PRESERVED,0.9,1.0,0.09999999999999998,0.089,0.0,False,0.0,0.0,80000,8a015e3f860296dd3aca796cda326c3703d87c07b3f719b51b1eb7fb9b7d4abb
SMSP|jsr=10|seed=10315|center=4000|Oracle_FrFT_UpperBound,SMSP,10.0,10315,4000,Oracle_FrFT_UpperBound,ORACLE_DIAGNOSTIC_ONLY;NOT_FAIR;NOT_RL_ELIGIBLE,ORACLE_DIAGNOSTIC_ONLY,unified/pass,PASS,17.16354265108094,16.249142179029242,-0.9144004720516996,True,True,True,0,0,0,0,-0.913415746172999,TARGET_PRESERVED,0.9,1.0,0.09999999999999998,0.089,0.0,False,0.0,0.0,80000,8a015e3f860296dd3aca796cda326c3703d87c07b3f719b51b1eb7fb9b7d4abb
SMSP|jsr=10|seed=10316|center=1000|Oracle_FrFT_UpperBound,SMSP,10.0,10316,1000,Oracle_FrFT_UpperBound,ORACLE_DIAGNOSTIC_ONLY;NOT_FAIR;NOT_RL_ELIGIBLE,ORACLE_DIAGNOSTIC_ONLY,unified/pass,PASS,15.925489543447215,15.720972266546463,-0.20451727690075217,False,False,False,1,1,1,1,-0.9134157461729969,TARGET_PRESERVED,0.9,1.0,0.09999999999999998,0.089,0.5318973083343975,False,0.0,0.0,80000,8a015e3f860296dd3aca796cda326c3703d87c07b3f719b51b1eb7fb9b7d4abb
SMSP|jsr=10|seed=10316|center=1500|Oracle_FrFT_UpperBound,SMSP,10.0,10316,1500,Oracle_FrFT_UpperBound,ORACLE_DIAGNOSTIC_ONLY;NOT_FAIR;NOT_RL_ELIGIBLE,ORACLE_DIAGNOSTIC_ONLY,unified/pass,PASS,17.22853197589876,16.674318419417073,-0.5542135564816881,True,False,True,1,1,1,1,-0.913415746172999,TARGET_PRESERVED,0.9,1.0,0.09999999999999998,0.089,0.6370791897177097,False,0.0,0.0,80000,8a015e3f860296dd3aca796cda326c3703d87c07b3f719b51b1eb7fb9b7d4abb
SMSP|jsr=10|seed=10316|center=2500|Oracle_FrFT_UpperBound,SMSP,10.0,10316,2500,Oracle_FrFT_UpperBound,ORACLE_DIAGNOSTIC_ONLY;NOT_FAIR;NOT_RL_ELIGIBLE,ORACLE_DIAGNOSTIC_ONLY,unified/pass,PASS,17.144692354280295,16.207563423211766,-0.9371289310685285,True,True,True,0,0,0,0,-0.913415746172999,TARGET_PRESERVED,0.9,1.0,0.09999999999999998,0.089,0.0,False,0.0,0.0,80000,8a015e3f860296dd3aca796cda326c3703d87c07b3f719b51b1eb7fb9b7d4abb
SMSP|jsr=10|seed=10316|center=3500|Oracle_FrFT_UpperBound,SMSP,10.0,10316,3500,Oracle_FrFT_UpperBound,ORACLE_DIAGNOSTIC_ONLY;NOT_FAIR;NOT_RL_ELIGIBLE,ORACLE_DIAGNOSTIC_ONLY,unified/pass,PASS,17.11079747416201,16.16329057532131,-0.9475068988407003,True,True,True,0,0,0,0,-0.913415746172999,TARGET_PRESERVED,0.9,1.0,0.09999999999999998,0.089,0.0,False,0.0,0.0,80000,8a015e3f860296dd3aca796cda326c3703d87c07b3f719b51b1eb7fb9b7d4abb
SMSP|jsr=10|seed=10316|center=4000|Oracle_FrFT_UpperBound,SMSP,10.0,10316,4000,Oracle_FrFT_UpperBound,ORACLE_DIAGNOSTIC_ONLY;NOT_FAIR;NOT_RL_ELIGIBLE,ORACLE_DIAGNOSTIC_ONLY,unified/pass,PASS,17.22754522369865,16.314353913314413,-0.9131913103842386,True,True,True,0,0,1,1,-0.913415746172999,TARGET_PRESERVED,0.9,1.0,0.09999999999999998,0.089,0.0,False,0.0,0.0,80000,8a015e3f860296dd3aca796cda326c3703d87c07b3f719b51b1eb7fb9b7d4abb
SMSP|jsr=10|seed=10317|center=1000|Oracle_FrFT_UpperBound,SMSP,10.0,10317,1000,Oracle_FrFT_UpperBound,ORACLE_DIAGNOSTIC_ONLY;NOT_FAIR;NOT_RL_ELIGIBLE,ORACLE_DIAGNOSTIC_ONLY,unified/pass,PASS,15.982559409831174,15.669849639394881,-0.31270977043629244,False,False,False,0,1,0,0,-0.9134157461729969,TARGET_PRESERVED,0.9,1.0,0.09999999999999998,0.089,0.5318973083343975,False,0.0,0.0,80000,8a015e3f860296dd3aca796cda326c3703d87c07b3f719b51b1eb7fb9b7d4abb
SMSP|jsr=10|seed=10317|center=1500|Oracle_FrFT_UpperBound,SMSP,10.0,10317,1500,Oracle_FrFT_UpperBound,ORACLE_DIAGNOSTIC_ONLY;NOT_FAIR;NOT_RL_ELIGIBLE,ORACLE_DIAGNOSTIC_ONLY,unified/pass,PASS,17.409204580067744,16.88545119518676,-0.5237533848809832,True,False,True,1,1,0,0,-0.913415746172999,TARGET_PRESERVED,0.9,1.0,0.09999999999999998,0.089,0.6370791897177097,False,0.0,0.0,80000,8a015e3f860296dd3aca796cda326c3703d87c07b3f719b51b1eb7fb9b7d4abb
SMSP|jsr=10|seed=10317|center=2500|Oracle_FrFT_UpperBound,SMSP,10.0,10317,2500,Oracle_FrFT_UpperBound,ORACLE_DIAGNOSTIC_ONLY;NOT_FAIR;NOT_RL_ELIGIBLE,ORACLE_DIAGNOSTIC_ONLY,unified/pass,PASS,17.166633289179114,16.201468228955797,-0.9651650602233168,True,True,True,0,0,0,0,-0.913415746172999,TARGET_PRESERVED,0.9,1.0,0.09999999999999998,0.089,0.0,False,0.0,0.0,80000,8a015e3f860296dd3aca796cda326c3703d87c07b3f719b51b1eb7fb9b7d4abb
SMSP|jsr=10|seed=10317|center=3500|Oracle_FrFT_UpperBound,SMSP,10.0,10317,3500,Oracle_FrFT_UpperBound,ORACLE_DIAGNOSTIC_ONLY;NOT_FAIR;NOT_RL_ELIGIBLE,ORACLE_DIAGNOSTIC_ONLY,unified/pass,PASS,17.20664296654433,16.286274057626816,-0.9203689089175136,True,True,True,0,0,0,0,-0.913415746172999,TARGET_PRESERVED,0.9,1.0,0.09999999999999998,0.089,0.0,False,0.0,0.0,80000,8a015e3f860296dd3aca796cda326c3703d87c07b3f719b51b1eb7fb9b7d4abb
SMSP|jsr=10|seed=10317|center=4000|Oracle_FrFT_UpperBound,SMSP,10.0,10317,4000,Oracle_FrFT_UpperBound,ORACLE_DIAGNOSTIC_ONLY;NOT_FAIR;NOT_RL_ELIGIBLE,ORACLE_DIAGNOSTIC_ONLY,unified/pass,PASS,17.17765838672816,16.224852022838142,-0.9528063638900193,True,True,True,0,0,0,0,-0.913415746172999,TARGET_PRESERVED,0.9,1.0,0.09999999999999998,0.089,0.0,False,0.0,0.0,80000,8a015e3f860296dd3aca796cda326c3703d87c07b3f719b51b1eb7fb9b7d4abb
SMSP|jsr=10|seed=10318|center=1000|Oracle_FrFT_UpperBound,SMSP,10.0,10318,1000,Oracle_FrFT_UpperBound,ORACLE_DIAGNOSTIC_ONLY;NOT_FAIR;NOT_RL_ELIGIBLE,ORACLE_DIAGNOSTIC_ONLY,unified/pass,PASS,15.886403199096835,15.67443953773604,-0.21196366136079448,False,False,False,1,1,2,2,-0.9134157461729969,TARGET_PRESERVED,0.9,1.0,0.09999999999999998,0.089,0.5318973083343975,False,0.0,0.0,80000,8a015e3f860296dd3aca796cda326c3703d87c07b3f719b51b1eb7fb9b7d4abb
SMSP|jsr=10|seed=10318|center=1500|Oracle_FrFT_UpperBound,SMSP,10.0,10318,1500,Oracle_FrFT_UpperBound,ORACLE_DIAGNOSTIC_ONLY;NOT_FAIR;NOT_RL_ELIGIBLE,ORACLE_DIAGNOSTIC_ONLY,unified/pass,PASS,17.414994218521535,16.908047750924705,-0.5069464675968298,True,False,True,1,1,2,2,-0.913415746172999,TARGET_PRESERVED,0.9,1.0,0.09999999999999998,0.089,0.6370791897177097,False,0.0,0.0,80000,8a015e3f860296dd3aca796cda326c3703d87c07b3f719b51b1eb7fb9b7d4abb
SMSP|jsr=10|seed=10318|center=2500|Oracle_FrFT_UpperBound,SMSP,10.0,10318,2500,Oracle_FrFT_UpperBound,ORACLE_DIAGNOSTIC_ONLY;NOT_FAIR;NOT_RL_ELIGIBLE,ORACLE_DIAGNOSTIC_ONLY,unified/pass,PASS,17.12474173338843,16.19526764936461,-0.9294740840238198,True,True,True,0,0,0,0,-0.913415746172999,TARGET_PRESERVED,0.9,1.0,0.09999999999999998,0.089,0.0,False,0.0,0.0,80000,8a015e3f860296dd3aca796cda326c3703d87c07b3f719b51b1eb7fb9b7d4abb
SMSP|jsr=10|seed=10318|center=3500|Oracle_FrFT_UpperBound,SMSP,10.0,10318,3500,Oracle_FrFT_UpperBound,ORACLE_DIAGNOSTIC_ONLY;NOT_FAIR;NOT_RL_ELIGIBLE,ORACLE_DIAGNOSTIC_ONLY,unified/pass,PASS,17.216281533376314,16.31195012587517,-0.904331407501143,True,True,True,0,0,1,0,-0.913415746172999,TARGET_PRESERVED,0.9,1.0,0.09999999999999998,0.089,0.0,False,0.0,0.0,80000,8a015e3f860296dd3aca796cda326c3703d87c07b3f719b51b1eb7fb9b7d4abb
SMSP|jsr=10|seed=10318|center=4000|Oracle_FrFT_UpperBound,SMSP,10.0,10318,4000,Oracle_FrFT_UpperBound,ORACLE_DIAGNOSTIC_ONLY;NOT_FAIR;NOT_RL_ELIGIBLE,ORACLE_DIAGNOSTIC_ONLY,unified/pass,PASS,17.059570274681192,16.143268514924067,-0.9163017597571255,True,True,True,0,0,2,1,-0.913415746172999,TARGET_PRESERVED,0.9,1.0,0.09999999999999998,0.089,0.0,False,0.0,0.0,80000,8a015e3f860296dd3aca796cda326c3703d87c07b3f719b51b1eb7fb9b7d4abb
SMSP|jsr=10|seed=10319|center=1000|Oracle_FrFT_UpperBound,SMSP,10.0,10319,1000,Oracle_FrFT_UpperBound,ORACLE_DIAGNOSTIC_ONLY;NOT_FAIR;NOT_RL_ELIGIBLE,ORACLE_DIAGNOSTIC_ONLY,unified/pass,PASS,15.949596198411038,15.742435529198396,-0.20716066921264265,False,False,False,1,1,0,0,-0.9134157461729969,TARGET_PRESERVED,0.9,1.0,0.09999999999999998,0.089,0.5318973083343975,False,0.0,0.0,80000,8a015e3f860296dd3aca796cda326c3703d87c07b3f719b51b1eb7fb9b7d4abb
SMSP|jsr=10|seed=10319|center=1500|Oracle_FrFT_UpperBound,SMSP,10.0,10319,1500,Oracle_FrFT_UpperBound,ORACLE_DIAGNOSTIC_ONLY;NOT_FAIR;NOT_RL_ELIGIBLE,ORACLE_DIAGNOSTIC_ONLY,unified/pass,PASS,17.300147092633424,16.802391459273306,-0.49775563336011786,True,False,True,1,1,0,0,-0.913415746172999,TARGET_PRESERVED,0.9,1.0,0.09999999999999998,0.089,0.6370791897177097,False,0.0,0.0,80000,8a015e3f860296dd3aca796cda326c3703d87c07b3f719b51b1eb7fb9b7d4abb
SMSP|jsr=10|seed=10319|center=2500|Oracle_FrFT_UpperBound,SMSP,10.0,10319,2500,Oracle_FrFT_UpperBound,ORACLE_DIAGNOSTIC_ONLY;NOT_FAIR;NOT_RL_ELIGIBLE,ORACLE_DIAGNOSTIC_ONLY,unified/pass,PASS,17.173112284399245,16.256632728008203,-0.9164795563910424,True,True,True,0,0,0,0,-0.913415746172999,TARGET_PRESERVED,0.9,1.0,0.09999999999999998,0.089,0.0,False,0.0,0.0,80000,8a015e3f860296dd3aca796cda326c3703d87c07b3f719b51b1eb7fb9b7d4abb
SMSP|jsr=10|seed=10319|center=3500|Oracle_FrFT_UpperBound,SMSP,10.0,10319,3500,Oracle_FrFT_UpperBound,ORACLE_DIAGNOSTIC_ONLY;NOT_FAIR;NOT_RL_ELIGIBLE,ORACLE_DIAGNOSTIC_ONLY,unified/pass,PASS,17.160001891559425,16.220022233624903,-0.9399796579345221,True,True,True,0,0,1,0,-0.913415746172999,TARGET_PRESERVED,0.9,1.0,0.09999999999999998,0.089,0.0,False,0.0,0.0,80000,8a015e3f860296dd3aca796cda326c3703d87c07b3f719b51b1eb7fb9b7d4abb
SMSP|jsr=10|seed=10319|center=4000|Oracle_FrFT_UpperBound,SMSP,10.0,10319,4000,Oracle_FrFT_UpperBound,ORACLE_DIAGNOSTIC_ONLY;NOT_FAIR;NOT_RL_ELIGIBLE,ORACLE_DIAGNOSTIC_ONLY,unified/pass,PASS,17.122009668596352,16.196303081978133,-0.9257065866182188,True,True,True,0,0,0,0,-0.913415746172999,TARGET_PRESERVED,0.9,1.0,0.09999999999999998,0.089,0.0,False,0.0,0.0,80000,8a015e3f860296dd3aca796cda326c3703d87c07b3f719b51b1eb7fb9b7d4abb
SMSP|jsr=10|seed=10320|center=1000|Oracle_FrFT_UpperBound,SMSP,10.0,10320,1000,Oracle_FrFT_UpperBound,ORACLE_DIAGNOSTIC_ONLY;NOT_FAIR;NOT_RL_ELIGIBLE,ORACLE_DIAGNOSTIC_ONLY,unified/pass,PASS,15.971732173155313,15.777664647505553,-0.1940675256497606,False,False,False,1,1,0,0,-0.9134157461729969,TARGET_PRESERVED,0.9,1.0,0.09999999999999998,0.089,0.5318973083343975,False,0.0,0.0,80000,8a015e3f860296dd3aca796cda326c3703d87c07b3f719b51b1eb7fb9b7d4abb
SMSP|jsr=10|seed=10320|center=1500|Oracle_FrFT_UpperBound,SMSP,10.0,10320,1500,Oracle_FrFT_UpperBound,ORACLE_DIAGNOSTIC_ONLY;NOT_FAIR;NOT_RL_ELIGIBLE,ORACLE_DIAGNOSTIC_ONLY,unified/pass,PASS,17.32897318163937,16.8251451848758,-0.5038279967635688,True,False,True,1,1,0,0,-0.913415746172999,TARGET_PRESERVED,0.9,1.0,0.09999999999999998,0.089,0.6370791897177097,False,0.0,0.0,80000,8a015e3f860296dd3aca796cda326c3703d87c07b3f719b51b1eb7fb9b7d4abb
SMSP|jsr=10|seed=10320|center=2500|Oracle_FrFT_UpperBound,SMSP,10.0,10320,2500,Oracle_FrFT_UpperBound,ORACLE_DIAGNOSTIC_ONLY;NOT_FAIR;NOT_RL_ELIGIBLE,ORACLE_DIAGNOSTIC_ONLY,unified/pass,PASS,17.230714520641573,16.328722247608358,-0.9019922730332155,True,True,True,0,0,0,0,-0.913415746172999,TARGET_PRESERVED,0.9,1.0,0.09999999999999998,0.089,0.0,False,0.0,0.0,80000,8a015e3f860296dd3aca796cda326c3703d87c07b3f719b51b1eb7fb9b7d4abb
SMSP|jsr=10|seed=10320|center=3500|Oracle_FrFT_UpperBound,SMSP,10.0,10320,3500,Oracle_FrFT_UpperBound,ORACLE_DIAGNOSTIC_ONLY;NOT_FAIR;NOT_RL_ELIGIBLE,ORACLE_DIAGNOSTIC_ONLY,unified/pass,PASS,17.27635565718498,16.399233741700293,-0.8771219154846861,True,True,True,0,0,1,0,-0.913415746172999,TARGET_PRESERVED,0.9,1.0,0.09999999999999998,0.089,0.0,False,0.0,0.0,80000,8a015e3f860296dd3aca796cda326c3703d87c07b3f719b51b1eb7fb9b7d4abb
SMSP|jsr=10|seed=10320|center=4000|Oracle_FrFT_UpperBound,SMSP,10.0,10320,4000,Oracle_FrFT_UpperBound,ORACLE_DIAGNOSTIC_ONLY;NOT_FAIR;NOT_RL_ELIGIBLE,ORACLE_DIAGNOSTIC_ONLY,unified/pass,PASS,17.124226531023766,16.206915055069913,-0.9173114759538521,True,True,True,0,0,0,1,-0.913415746172999,TARGET_PRESERVED,0.9,1.0,0.09999999999999998,0.089,0.0,False,0.0,0.0,80000,8a015e3f860296dd3aca796cda326c3703d87c07b3f719b51b1eb7fb9b7d4abb
SMSP|jsr=10|seed=10321|center=1000|Oracle_FrFT_UpperBound,SMSP,10.0,10321,1000,Oracle_FrFT_UpperBound,ORACLE_DIAGNOSTIC_ONLY;NOT_FAIR;NOT_RL_ELIGIBLE,ORACLE_DIAGNOSTIC_ONLY,unified/pass,PASS,16.061771169082967,15.80297695565976,-0.2587942134232062,False,False,False,0,1,0,0,-0.9134157461729969,TARGET_PRESERVED,0.9,1.0,0.09999999999999998,0.089,0.5318973083343975,False,0.0,0.0,80000,8a015e3f860296dd3aca796cda326c3703d87c07b3f719b51b1eb7fb9b7d4abb
SMSP|jsr=10|seed=10321|center=1500|Oracle_FrFT_UpperBound,SMSP,10.0,10321,1500,Oracle_FrFT_UpperBound,ORACLE_DIAGNOSTIC_ONLY;NOT_FAIR;NOT_RL_ELIGIBLE,ORACLE_DIAGNOSTIC_ONLY,unified/pass,PASS,17.343564954637355,16.79456554682733,-0.548999407810026,True,False,True,1,1,0,0,-0.913415746172999,TARGET_PRESERVED,0.9,1.0,0.09999999999999998,0.089,0.6370791897177098,False,0.0,0.0,80000,8a015e3f860296dd3aca796cda326c3703d87c07b3f719b51b1eb7fb9b7d4abb
SMSP|jsr=10|seed=10321|center=2500|Oracle_FrFT_UpperBound,SMSP,10.0,10321,2500,Oracle_FrFT_UpperBound,ORACLE_DIAGNOSTIC_ONLY;NOT_FAIR;NOT_RL_ELIGIBLE,ORACLE_DIAGNOSTIC_ONLY,unified/pass,PASS,17.187715348976106,16.232742039305318,-0.9549733096707875,True,True,True,0,0,0,0,-0.913415746172999,TARGET_PRESERVED,0.9,1.0,0.09999999999999998,0.089,0.0,False,0.0,0.0,80000,8a015e3f860296dd3aca796cda326c3703d87c07b3f719b51b1eb7fb9b7d4abb
SMSP|jsr=10|seed=10321|center=3500|Oracle_FrFT_UpperBound,SMSP,10.0,10321,3500,Oracle_FrFT_UpperBound,ORACLE_DIAGNOSTIC_ONLY;NOT_FAIR;NOT_RL_ELIGIBLE,ORACLE_DIAGNOSTIC_ONLY,unified/pass,PASS,17.1861528293085,16.231567604546452,-0.9545852247620488,True,True,True,0,0,0,0,-0.913415746172999,TARGET_PRESERVED,0.9,1.0,0.09999999999999998,0.089,0.0,False,0.0,0.0,80000,8a015e3f860296dd3aca796cda326c3703d87c07b3f719b51b1eb7fb9b7d4abb
SMSP|jsr=10|seed=10321|center=4000|Oracle_FrFT_UpperBound,SMSP,10.0,10321,4000,Oracle_FrFT_UpperBound,ORACLE_DIAGNOSTIC_ONLY;NOT_FAIR;NOT_RL_ELIGIBLE,ORACLE_DIAGNOSTIC_ONLY,unified/pass,PASS,17.224435917333253,16.29858569084214,-0.9258502264911144,True,True,True,0,0,0,1,-0.913415746172999,TARGET_PRESERVED,0.9,1.0,0.09999999999999998,0.089,0.0,False,0.0,0.0,80000,8a015e3f860296dd3aca796cda326c3703d87c07b3f719b51b1eb7fb9b7d4abb
SMSP|jsr=10|seed=10322|center=1000|Oracle_FrFT_UpperBound,SMSP,10.0,10322,1000,Oracle_FrFT_UpperBound,ORACLE_DIAGNOSTIC_ONLY;NOT_FAIR;NOT_RL_ELIGIBLE,ORACLE_DIAGNOSTIC_ONLY,unified/pass,PASS,15.830577456753455,15.608956057616828,-0.2216213991366267,False,False,False,0,1,0,0,-0.9134157461729969,TARGET_PRESERVED,0.9,1.0,0.09999999999999998,0.089,0.5318973083343975,False,0.0,0.0,80000,8a015e3f860296dd3aca796cda326c3703d87c07b3f719b51b1eb7fb9b7d4abb
SMSP|jsr=10|seed=10322|center=1500|Oracle_FrFT_UpperBound,SMSP,10.0,10322,1500,Oracle_FrFT_UpperBound,ORACLE_DIAGNOSTIC_ONLY;NOT_FAIR;NOT_RL_ELIGIBLE,ORACLE_DIAGNOSTIC_ONLY,unified/pass,PASS,17.306996071276338,16.794014596936833,-0.5129814743395045,True,False,True,1,1,1,0,-0.913415746172999,TARGET_PRESERVED,0.9,1.0,0.09999999999999998,0.089,0.6370791897177097,False,0.0,0.0,80000,8a015e3f860296dd3aca796cda326c3703d87c07b3f719b51b1eb7fb9b7d4abb
SMSP|jsr=10|seed=10322|center=2500|Oracle_FrFT_UpperBound,SMSP,10.0,10322,2500,Oracle_FrFT_UpperBound,ORACLE_DIAGNOSTIC_ONLY;NOT_FAIR;NOT_RL_ELIGIBLE,ORACLE_DIAGNOSTIC_ONLY,unified/pass,PASS,17.15183330490994,16.241655247462926,-0.9101780574470126,True,True,True,0,0,1,0,-0.913415746172999,TARGET_PRESERVED,0.9,1.0,0.09999999999999998,0.089,0.0,False,0.0,0.0,80000,8a015e3f860296dd3aca796cda326c3703d87c07b3f719b51b1eb7fb9b7d4abb
SMSP|jsr=10|seed=10322|center=3500|Oracle_FrFT_UpperBound,SMSP,10.0,10322,3500,Oracle_FrFT_UpperBound,ORACLE_DIAGNOSTIC_ONLY;NOT_FAIR;NOT_RL_ELIGIBLE,ORACLE_DIAGNOSTIC_ONLY,unified/pass,PASS,17.14764600342401,16.25280420959955,-0.8948417938244617,True,True,True,0,0,0,0,-0.913415746172999,TARGET_PRESERVED,0.9,1.0,0.09999999999999998,0.089,0.0,False,0.0,0.0,80000,8a015e3f860296dd3aca796cda326c3703d87c07b3f719b51b1eb7fb9b7d4abb
SMSP|jsr=10|seed=10322|center=4000|Oracle_FrFT_UpperBound,SMSP,10.0,10322,4000,Oracle_FrFT_UpperBound,ORACLE_DIAGNOSTIC_ONLY;NOT_FAIR;NOT_RL_ELIGIBLE,ORACLE_DIAGNOSTIC_ONLY,unified/pass,PASS,17.238418731294434,16.304752196697127,-0.9336665345973074,True,True,True,0,0,0,0,-0.913415746172999,TARGET_PRESERVED,0.9,1.0,0.09999999999999998,0.089,0.0,False,0.0,0.0,80000,8a015e3f860296dd3aca796cda326c3703d87c07b3f719b51b1eb7fb9b7d4abb
SMSP|jsr=10|seed=10323|center=1000|Oracle_FrFT_UpperBound,SMSP,10.0,10323,1000,Oracle_FrFT_UpperBound,ORACLE_DIAGNOSTIC_ONLY;NOT_FAIR;NOT_RL_ELIGIBLE,ORACLE_DIAGNOSTIC_ONLY,unified/pass,PASS,15.945196398645727,15.677699448488765,-0.2674969501569624,False,False,False,0,1,1,0,-0.9134157461729969,TARGET_PRESERVED,0.9,1.0,0.09999999999999998,0.089,0.5318973083343975,False,0.0,0.0,80000,8a015e3f860296dd3aca796cda326c3703d87c07b3f719b51b1eb7fb9b7d4abb
SMSP|jsr=10|seed=10323|center=1500|Oracle_FrFT_UpperBound,SMSP,10.0,10323,1500,Oracle_FrFT_UpperBound,ORACLE_DIAGNOSTIC_ONLY;NOT_FAIR;NOT_RL_ELIGIBLE,ORACLE_DIAGNOSTIC_ONLY,unified/pass,PASS,17.346274202765745,16.815126797981176,-0.5311474047845692,True,False,True,1,1,2,0,-0.913415746172999,TARGET_PRESERVED,0.9,1.0,0.09999999999999998,0.089,0.6370791897177097,False,0.0,0.0,80000,8a015e3f860296dd3aca796cda326c3703d87c07b3f719b51b1eb7fb9b7d4abb
SMSP|jsr=10|seed=10323|center=2500|Oracle_FrFT_UpperBound,SMSP,10.0,10323,2500,Oracle_FrFT_UpperBound,ORACLE_DIAGNOSTIC_ONLY;NOT_FAIR;NOT_RL_ELIGIBLE,ORACLE_DIAGNOSTIC_ONLY,unified/pass,PASS,17.343206106933643,16.39847456603354,-0.9447315409001042,True,True,True,0,0,1,0,-0.913415746172999,TARGET_PRESERVED,0.9,1.0,0.09999999999999998,0.089,0.0,False,0.0,0.0,80000,8a015e3f860296dd3aca796cda326c3703d87c07b3f719b51b1eb7fb9b7d4abb
SMSP|jsr=10|seed=10323|center=3500|Oracle_FrFT_UpperBound,SMSP,10.0,10323,3500,Oracle_FrFT_UpperBound,ORACLE_DIAGNOSTIC_ONLY;NOT_FAIR;NOT_RL_ELIGIBLE,ORACLE_DIAGNOSTIC_ONLY,unified/pass,PASS,17.20949970459124,16.33520616692396,-0.8742935376672811,True,True,True,0,0,0,0,-0.913415746172999,TARGET_PRESERVED,0.9,1.0,0.09999999999999998,0.089,0.0,False,0.0,0.0,80000,8a015e3f860296dd3aca796cda326c3703d87c07b3f719b51b1eb7fb9b7d4abb
SMSP|jsr=10|seed=10323|center=4000|Oracle_FrFT_UpperBound,SMSP,10.0,10323,4000,Oracle_FrFT_UpperBound,ORACLE_DIAGNOSTIC_ONLY;NOT_FAIR;NOT_RL_ELIGIBLE,ORACLE_DIAGNOSTIC_ONLY,unified/pass,PASS,17.20266293772974,16.25262625156,-0.9500366861697422,True,True,True,0,0,0,0,-0.913415746172999,TARGET_PRESERVED,0.9,1.0,0.09999999999999998,0.089,0.0,False,0.0,0.0,80000,8a015e3f860296dd3aca796cda326c3703d87c07b3f719b51b1eb7fb9b7d4abb
SMSP|jsr=10|seed=10324|center=1000|Oracle_FrFT_UpperBound,SMSP,10.0,10324,1000,Oracle_FrFT_UpperBound,ORACLE_DIAGNOSTIC_ONLY;NOT_FAIR;NOT_RL_ELIGIBLE,ORACLE_DIAGNOSTIC_ONLY,unified/pass,PASS,15.849579916710638,15.622048894277178,-0.22753102243346035,False,False,False,1,1,0,0,-0.9134157461729969,TARGET_PRESERVED,0.9,1.0,0.09999999999999998,0.089,0.5318973083343975,False,0.0,0.0,80000,8a015e3f860296dd3aca796cda326c3703d87c07b3f719b51b1eb7fb9b7d4abb
SMSP|jsr=10|seed=10324|center=1500|Oracle_FrFT_UpperBound,SMSP,10.0,10324,1500,Oracle_FrFT_UpperBound,ORACLE_DIAGNOSTIC_ONLY;NOT_FAIR;NOT_RL_ELIGIBLE,ORACLE_DIAGNOSTIC_ONLY,unified/pass,PASS,17.29728797942996,16.774601348285266,-0.522686631144694,True,False,True,1,1,0,0,-0.913415746172999,TARGET_PRESERVED,0.9,1.0,0.09999999999999998,0.089,0.6370791897177097,False,0.0,0.0,80000,8a015e3f860296dd3aca796cda326c3703d87c07b3f719b51b1eb7fb9b7d4abb
SMSP|jsr=10|seed=10324|center=2500|Oracle_FrFT_UpperBound,SMSP,10.0,10324,2500,Oracle_FrFT_UpperBound,ORACLE_DIAGNOSTIC_ONLY;NOT_FAIR;NOT_RL_ELIGIBLE,ORACLE_DIAGNOSTIC_ONLY,unified/pass,PASS,17.250745345107173,16.304909643413247,-0.9458357016939267,True,True,True,0,0,0,2,-0.913415746172999,TARGET_PRESERVED,0.9,1.0,0.09999999999999998,0.089,0.0,False,0.0,0.0,80000,8a015e3f860296dd3aca796cda326c3703d87c07b3f719b51b1eb7fb9b7d4abb
SMSP|jsr=10|seed=10324|center=3500|Oracle_FrFT_UpperBound,SMSP,10.0,10324,3500,Oracle_FrFT_UpperBound,ORACLE_DIAGNOSTIC_ONLY;NOT_FAIR;NOT_RL_ELIGIBLE,ORACLE_DIAGNOSTIC_ONLY,unified/pass,PASS,17.269269351055733,16.364313624459864,-0.904955726595869,True,True,True,0,0,0,0,-0.913415746172999,TARGET_PRESERVED,0.9,1.0,0.09999999999999998,0.089,0.0,False,0.0,0.0,80000,8a015e3f860296dd3aca796cda326c3703d87c07b3f719b51b1eb7fb9b7d4abb
SMSP|jsr=10|seed=10324|center=4000|Oracle_FrFT_UpperBound,SMSP,10.0,10324,4000,Oracle_FrFT_UpperBound,ORACLE_DIAGNOSTIC_ONLY;NOT_FAIR;NOT_RL_ELIGIBLE,ORACLE_DIAGNOSTIC_ONLY,unified/pass,PASS,17.361552147839664,16.409018456244603,-0.9525336915950611,True,True,True,0,0,0,0,-0.913415746172999,TARGET_PRESERVED,0.9,1.0,0.09999999999999998,0.089,0.0,False,0.0,0.0,80000,8a015e3f860296dd3aca796cda326c3703d87c07b3f719b51b1eb7fb9b7d4abb
SMSP|jsr=10|seed=10325|center=1000|Oracle_FrFT_UpperBound,SMSP,10.0,10325,1000,Oracle_FrFT_UpperBound,ORACLE_DIAGNOSTIC_ONLY;NOT_FAIR;NOT_RL_ELIGIBLE,ORACLE_DIAGNOSTIC_ONLY,unified/pass,PASS,15.854894180481034,15.623745421506117,-0.2311487589749177,False,False,False,0,1,1,1,-0.9134157461729969,TARGET_PRESERVED,0.9,1.0,0.09999999999999998,0.089,0.5318973083343975,False,0.0,0.0,80000,8a015e3f860296dd3aca796cda326c3703d87c07b3f719b51b1eb7fb9b7d4abb
SMSP|jsr=10|seed=10325|center=1500|Oracle_FrFT_UpperBound,SMSP,10.0,10325,1500,Oracle_FrFT_UpperBound,ORACLE_DIAGNOSTIC_ONLY;NOT_FAIR;NOT_RL_ELIGIBLE,ORACLE_DIAGNOSTIC_ONLY,unified/pass,PASS,17.36844688239717,16.875260392003916,-0.4931864903932528,True,False,True,1,1,1,1,-0.913415746172999,TARGET_PRESERVED,0.9,1.0,0.09999999999999998,0.089,0.6370791897177097,False,0.0,0.0,80000,8a015e3f860296dd3aca796cda326c3703d87c07b3f719b51b1eb7fb9b7d4abb
SMSP|jsr=10|seed=10325|center=2500|Oracle_FrFT_UpperBound,SMSP,10.0,10325,2500,Oracle_FrFT_UpperBound,ORACLE_DIAGNOSTIC_ONLY;NOT_FAIR;NOT_RL_ELIGIBLE,ORACLE_DIAGNOSTIC_ONLY,unified/pass,PASS,17.091104481052987,16.18007681267886,-0.9110276683741283,True,True,True,0,0,0,0,-0.913415746172999,TARGET_PRESERVED,0.9,1.0,0.09999999999999998,0.089,0.0,False,0.0,0.0,80000,8a015e3f860296dd3aca796cda326c3703d87c07b3f719b51b1eb7fb9b7d4abb
SMSP|jsr=10|seed=10325|center=3500|Oracle_FrFT_UpperBound,SMSP,10.0,10325,3500,Oracle_FrFT_UpperBound,ORACLE_DIAGNOSTIC_ONLY;NOT_FAIR;NOT_RL_ELIGIBLE,ORACLE_DIAGNOSTIC_ONLY,unified/pass,PASS,17.098213550117375,16.178170560407665,-0.9200429897097102,True,True,True,0,0,1,0,-0.913415746172999,TARGET_PRESERVED,0.9,1.0,0.09999999999999998,0.089,0.0,False,0.0,0.0,80000,8a015e3f860296dd3aca796cda326c3703d87c07b3f719b51b1eb7fb9b7d4abb
SMSP|jsr=10|seed=10325|center=4000|Oracle_FrFT_UpperBound,SMSP,10.0,10325,4000,Oracle_FrFT_UpperBound,ORACLE_DIAGNOSTIC_ONLY;NOT_FAIR;NOT_RL_ELIGIBLE,ORACLE_DIAGNOSTIC_ONLY,unified/pass,PASS,17.170112080581173,16.226922471839593,-0.9431896087415801,True,True,True,0,0,1,1,-0.913415746172999,TARGET_PRESERVED,0.9,1.0,0.09999999999999998,0.089,0.0,False,0.0,0.0,80000,8a015e3f860296dd3aca796cda326c3703d87c07b3f719b51b1eb7fb9b7d4abb
SMSP|jsr=10|seed=10326|center=1000|Oracle_FrFT_UpperBound,SMSP,10.0,10326,1000,Oracle_FrFT_UpperBound,ORACLE_DIAGNOSTIC_ONLY;NOT_FAIR;NOT_RL_ELIGIBLE,ORACLE_DIAGNOSTIC_ONLY,unified/pass,PASS,15.839160596408819,15.599165705996771,-0.23999489041204747,False,False,False,0,1,0,0,-0.9134157461729969,TARGET_PRESERVED,0.9,1.0,0.09999999999999998,0.089,0.5318973083343975,False,0.0,0.0,80000,8a015e3f860296dd3aca796cda326c3703d87c07b3f719b51b1eb7fb9b7d4abb
SMSP|jsr=10|seed=10326|center=1500|Oracle_FrFT_UpperBound,SMSP,10.0,10326,1500,Oracle_FrFT_UpperBound,ORACLE_DIAGNOSTIC_ONLY;NOT_FAIR;NOT_RL_ELIGIBLE,ORACLE_DIAGNOSTIC_ONLY,unified/pass,PASS,17.362268947158096,16.840838795747153,-0.521430151410943,True,False,True,1,1,0,0,-0.913415746172999,TARGET_PRESERVED,0.9,1.0,0.09999999999999998,0.089,0.6370791897177097,False,0.0,0.0,80000,8a015e3f860296dd3aca796cda326c3703d87c07b3f719b51b1eb7fb9b7d4abb
SMSP|jsr=10|seed=10326|center=2500|Oracle_FrFT_UpperBound,SMSP,10.0,10326,2500,Oracle_FrFT_UpperBound,ORACLE_DIAGNOSTIC_ONLY;NOT_FAIR;NOT_RL_ELIGIBLE,ORACLE_DIAGNOSTIC_ONLY,unified/pass,PASS,17.186579203874874,16.267174497255837,-0.9194047066190372,True,True,True,0,0,0,0,-0.913415746172999,TARGET_PRESERVED,0.9,1.0,0.09999999999999998,0.089,0.0,False,0.0,0.0,80000,8a015e3f860296dd3aca796cda326c3703d87c07b3f719b51b1eb7fb9b7d4abb
SMSP|jsr=10|seed=10326|center=3500|Oracle_FrFT_UpperBound,SMSP,10.0,10326,3500,Oracle_FrFT_UpperBound,ORACLE_DIAGNOSTIC_ONLY;NOT_FAIR;NOT_RL_ELIGIBLE,ORACLE_DIAGNOSTIC_ONLY,unified/pass,PASS,17.259707058913946,16.309981587726156,-0.94972547118779,True,True,True,0,0,0,0,-0.913415746172999,TARGET_PRESERVED,0.9,1.0,0.09999999999999998,0.089,0.0,False,0.0,0.0,80000,8a015e3f860296dd3aca796cda326c3703d87c07b3f719b51b1eb7fb9b7d4abb
SMSP|jsr=10|seed=10326|center=4000|Oracle_FrFT_UpperBound,SMSP,10.0,10326,4000,Oracle_FrFT_UpperBound,ORACLE_DIAGNOSTIC_ONLY;NOT_FAIR;NOT_RL_ELIGIBLE,ORACLE_DIAGNOSTIC_ONLY,unified/pass,PASS,17.22540846558433,16.260920949325143,-0.9644875162591866,True,True,True,0,0,0,0,-0.913415746172999,TARGET_PRESERVED,0.9,1.0,0.09999999999999998,0.089,0.0,False,0.0,0.0,80000,8a015e3f860296dd3aca796cda326c3703d87c07b3f719b51b1eb7fb9b7d4abb
SMSP|jsr=10|seed=10327|center=1000|Oracle_FrFT_UpperBound,SMSP,10.0,10327,1000,Oracle_FrFT_UpperBound,ORACLE_DIAGNOSTIC_ONLY;NOT_FAIR;NOT_RL_ELIGIBLE,ORACLE_DIAGNOSTIC_ONLY,unified/pass,PASS,15.966217294001101,15.764611849018642,-0.2016054449824587,False,False,False,0,1,0,0,-0.9134157461729969,TARGET_PRESERVED,0.9,1.0,0.09999999999999998,0.089,0.5318973083343975,False,0.0,0.0,80000,8a015e3f860296dd3aca796cda326c3703d87c07b3f719b51b1eb7fb9b7d4abb
SMSP|jsr=10|seed=10327|center=1500|Oracle_FrFT_UpperBound,SMSP,10.0,10327,1500,Oracle_FrFT_UpperBound,ORACLE_DIAGNOSTIC_ONLY;NOT_FAIR;NOT_RL_ELIGIBLE,ORACLE_DIAGNOSTIC_ONLY,unified/pass,PASS,17.28956170098882,16.7582506207996,-0.5313110801892194,True,False,True,1,1,0,0,-0.913415746172999,TARGET_PRESERVED,0.9,1.0,0.09999999999999998,0.089,0.6370791897177097,False,0.0,0.0,80000,8a015e3f860296dd3aca796cda326c3703d87c07b3f719b51b1eb7fb9b7d4abb
SMSP|jsr=10|seed=10327|center=2500|Oracle_FrFT_UpperBound,SMSP,10.0,10327,2500,Oracle_FrFT_UpperBound,ORACLE_DIAGNOSTIC_ONLY;NOT_FAIR;NOT_RL_ELIGIBLE,ORACLE_DIAGNOSTIC_ONLY,unified/pass,PASS,17.283322667072255,16.36807529860006,-0.915247368472194,True,True,True,0,0,0,0,-0.913415746172999,TARGET_PRESERVED,0.9,1.0,0.09999999999999998,0.089,0.0,False,0.0,0.0,80000,8a015e3f860296dd3aca796cda326c3703d87c07b3f719b51b1eb7fb9b7d4abb
SMSP|jsr=10|seed=10327|center=3500|Oracle_FrFT_UpperBound,SMSP,10.0,10327,3500,Oracle_FrFT_UpperBound,ORACLE_DIAGNOSTIC_ONLY;NOT_FAIR;NOT_RL_ELIGIBLE,ORACLE_DIAGNOSTIC_ONLY,unified/pass,PASS,17.31342401523364,16.37787903135621,-0.9355449838774312,True,True,True,0,0,0,0,-0.913415746172999,TARGET_PRESERVED,0.9,1.0,0.09999999999999998,0.089,0.0,False,0.0,0.0,80000,8a015e3f860296dd3aca796cda326c3703d87c07b3f719b51b1eb7fb9b7d4abb
SMSP|jsr=10|seed=10327|center=4000|Oracle_FrFT_UpperBound,SMSP,10.0,10327,4000,Oracle_FrFT_UpperBound,ORACLE_DIAGNOSTIC_ONLY;NOT_FAIR;NOT_RL_ELIGIBLE,ORACLE_DIAGNOSTIC_ONLY,unified/pass,PASS,17.201727049864047,16.274725124576964,-0.9270019252870831,True,True,True,0,0,0,0,-0.913415746172999,TARGET_PRESERVED,0.9,1.0,0.09999999999999998,0.089,0.0,False,0.0,0.0,80000,8a015e3f860296dd3aca796cda326c3703d87c07b3f719b51b1eb7fb9b7d4abb
SMSP|jsr=10|seed=10328|center=1000|Oracle_FrFT_UpperBound,SMSP,10.0,10328,1000,Oracle_FrFT_UpperBound,ORACLE_DIAGNOSTIC_ONLY;NOT_FAIR;NOT_RL_ELIGIBLE,ORACLE_DIAGNOSTIC_ONLY,unified/pass,PASS,15.999138421398943,15.725911951955684,-0.2732264694432587,False,False,False,0,1,0,0,-0.9134157461729969,TARGET_PRESERVED,0.9,1.0,0.09999999999999998,0.089,0.5318973083343975,False,0.0,0.0,80000,8a015e3f860296dd3aca796cda326c3703d87c07b3f719b51b1eb7fb9b7d4abb
SMSP|jsr=10|seed=10328|center=1500|Oracle_FrFT_UpperBound,SMSP,10.0,10328,1500,Oracle_FrFT_UpperBound,ORACLE_DIAGNOSTIC_ONLY;NOT_FAIR;NOT_RL_ELIGIBLE,ORACLE_DIAGNOSTIC_ONLY,unified/pass,PASS,17.310620136125674,16.828796603849206,-0.48182353227646857,True,False,True,1,1,0,0,-0.913415746172999,TARGET_PRESERVED,0.9,1.0,0.09999999999999998,0.089,0.6370791897177098,False,0.0,0.0,80000,8a015e3f860296dd3aca796cda326c3703d87c07b3f719b51b1eb7fb9b7d4abb
SMSP|jsr=10|seed=10328|center=2500|Oracle_FrFT_UpperBound,SMSP,10.0,10328,2500,Oracle_FrFT_UpperBound,ORACLE_DIAGNOSTIC_ONLY;NOT_FAIR;NOT_RL_ELIGIBLE,ORACLE_DIAGNOSTIC_ONLY,unified/pass,PASS,17.199242674000253,16.270518297216938,-0.9287243767833147,True,True,True,0,0,0,0,-0.913415746172999,TARGET_PRESERVED,0.9,1.0,0.09999999999999998,0.089,0.0,False,0.0,0.0,80000,8a015e3f860296dd3aca796cda326c3703d87c07b3f719b51b1eb7fb9b7d4abb
SMSP|jsr=10|seed=10328|center=3500|Oracle_FrFT_UpperBound,SMSP,10.0,10328,3500,Oracle_FrFT_UpperBound,ORACLE_DIAGNOSTIC_ONLY;NOT_FAIR;NOT_RL_ELIGIBLE,ORACLE_DIAGNOSTIC_ONLY,unified/pass,PASS,17.2371449821285,16.301376345767263,-0.9357686363612352,True,True,True,0,0,0,0,-0.913415746172999,TARGET_PRESERVED,0.9,1.0,0.09999999999999998,0.089,0.0,False,0.0,0.0,80000,8a015e3f860296dd3aca796cda326c3703d87c07b3f719b51b1eb7fb9b7d4abb
SMSP|jsr=10|seed=10328|center=4000|Oracle_FrFT_UpperBound,SMSP,10.0,10328,4000,Oracle_FrFT_UpperBound,ORACLE_DIAGNOSTIC_ONLY;NOT_FAIR;NOT_RL_ELIGIBLE,ORACLE_DIAGNOSTIC_ONLY,unified/pass,PASS,17.245233371818276,16.318297076854385,-0.9269362949638911,True,True,True,0,0,1,0,-0.913415746172999,TARGET_PRESERVED,0.9,1.0,0.09999999999999998,0.089,0.0,False,0.0,0.0,80000,8a015e3f860296dd3aca796cda326c3703d87c07b3f719b51b1eb7fb9b7d4abb
SMSP|jsr=10|seed=10329|center=1000|Oracle_FrFT_UpperBound,SMSP,10.0,10329,1000,Oracle_FrFT_UpperBound,ORACLE_DIAGNOSTIC_ONLY;NOT_FAIR;NOT_RL_ELIGIBLE,ORACLE_DIAGNOSTIC_ONLY,unified/pass,PASS,15.882469866930508,15.660443228450545,-0.22202663847996362,False,False,False,0,1,1,1,-0.9134157461729969,TARGET_PRESERVED,0.9,1.0,0.09999999999999998,0.089,0.5318973083343975,False,0.0,0.0,80000,8a015e3f860296dd3aca796cda326c3703d87c07b3f719b51b1eb7fb9b7d4abb
SMSP|jsr=10|seed=10329|center=1500|Oracle_FrFT_UpperBound,SMSP,10.0,10329,1500,Oracle_FrFT_UpperBound,ORACLE_DIAGNOSTIC_ONLY;NOT_FAIR;NOT_RL_ELIGIBLE,ORACLE_DIAGNOSTIC_ONLY,unified/pass,PASS,17.378217204508836,16.837017126778893,-0.5412000777299433,True,False,True,1,1,1,1,-0.913415746172999,TARGET_PRESERVED,0.9,1.0,0.09999999999999998,0.089,0.6370791897177097,False,0.0,0.0,80000,8a015e3f860296dd3aca796cda326c3703d87c07b3f719b51b1eb7fb9b7d4abb
SMSP|jsr=10|seed=10329|center=2500|Oracle_FrFT_UpperBound,SMSP,10.0,10329,2500,Oracle_FrFT_UpperBound,ORACLE_DIAGNOSTIC_ONLY;NOT_FAIR;NOT_RL_ELIGIBLE,ORACLE_DIAGNOSTIC_ONLY,unified/pass,PASS,17.189000556380975,16.29513725137923,-0.8938633050017444,True,True,True,0,0,1,1,-0.913415746172999,TARGET_PRESERVED,0.9,1.0,0.09999999999999998,0.089,0.0,False,0.0,0.0,80000,8a015e3f860296dd3aca796cda326c3703d87c07b3f719b51b1eb7fb9b7d4abb
SMSP|jsr=10|seed=10329|center=3500|Oracle_FrFT_UpperBound,SMSP,10.0,10329,3500,Oracle_FrFT_UpperBound,ORACLE_DIAGNOSTIC_ONLY;NOT_FAIR;NOT_RL_ELIGIBLE,ORACLE_DIAGNOSTIC_ONLY,unified/pass,PASS,17.199121000492642,16.27072619676696,-0.9283948037256806,True,True,True,0,0,0,0,-0.913415746172999,TARGET_PRESERVED,0.9,1.0,0.09999999999999998,0.089,0.0,False,0.0,0.0,80000,8a015e3f860296dd3aca796cda326c3703d87c07b3f719b51b1eb7fb9b7d4abb
SMSP|jsr=10|seed=10329|center=4000|Oracle_FrFT_UpperBound,SMSP,10.0,10329,4000,Oracle_FrFT_UpperBound,ORACLE_DIAGNOSTIC_ONLY;NOT_FAIR;NOT_RL_ELIGIBLE,ORACLE_DIAGNOSTIC_ONLY,unified/pass,PASS,17.197397752277425,16.280709621369976,-0.916688130907449,True,True,True,0,0,1,0,-0.913415746172999,TARGET_PRESERVED,0.9,1.0,0.09999999999999998,0.089,0.0,False,0.0,0.0,80000,8a015e3f860296dd3aca796cda326c3703d87c07b3f719b51b1eb7fb9b7d4abb
SMSP|jsr=10|seed=10330|center=1000|Oracle_FrFT_UpperBound,SMSP,10.0,10330,1000,Oracle_FrFT_UpperBound,ORACLE_DIAGNOSTIC_ONLY;NOT_FAIR;NOT_RL_ELIGIBLE,ORACLE_DIAGNOSTIC_ONLY,unified/pass,PASS,15.89044878554346,15.685734222874672,-0.20471456266878896,False,False,False,0,1,0,0,-0.9134157461729969,TARGET_PRESERVED,0.9,1.0,0.09999999999999998,0.089,0.5318973083343975,False,0.0,0.0,80000,8a015e3f860296dd3aca796cda326c3703d87c07b3f719b51b1eb7fb9b7d4abb
SMSP|jsr=10|seed=10330|center=1500|Oracle_FrFT_UpperBound,SMSP,10.0,10330,1500,Oracle_FrFT_UpperBound,ORACLE_DIAGNOSTIC_ONLY;NOT_FAIR;NOT_RL_ELIGIBLE,ORACLE_DIAGNOSTIC_ONLY,unified/pass,PASS,17.284051754692207,16.791846862615316,-0.49220489207689155,True,False,True,1,1,1,0,-0.913415746172999,TARGET_PRESERVED,0.9,1.0,0.09999999999999998,0.089,0.6370791897177097,False,0.0,0.0,80000,8a015e3f860296dd3aca796cda326c3703d87c07b3f719b51b1eb7fb9b7d4abb
SMSP|jsr=10|seed=10330|center=2500|Oracle_FrFT_UpperBound,SMSP,10.0,10330,2500,Oracle_FrFT_UpperBound,ORACLE_DIAGNOSTIC_ONLY;NOT_FAIR;NOT_RL_ELIGIBLE,ORACLE_DIAGNOSTIC_ONLY,unified/pass,PASS,17.217052409381267,16.30821049730838,-0.9088419120728872,True,True,True,0,0,0,0,-0.913415746172999,TARGET_PRESERVED,0.9,1.0,0.09999999999999998,0.089,0.0,False,0.0,0.0,80000,8a015e3f860296dd3aca796cda326c3703d87c07b3f719b51b1eb7fb9b7d4abb
SMSP|jsr=10|seed=10330|center=3500|Oracle_FrFT_UpperBound,SMSP,10.0,10330,3500,Oracle_FrFT_UpperBound,ORACLE_DIAGNOSTIC_ONLY;NOT_FAIR;NOT_RL_ELIGIBLE,ORACLE_DIAGNOSTIC_ONLY,unified/pass,PASS,17.219604655984092,16.262018035650993,-0.9575866203330996,True,True,True,0,0,0,0,-0.913415746172999,TARGET_PRESERVED,0.9,1.0,0.09999999999999998,0.089,0.0,False,0.0,0.0,80000,8a015e3f860296dd3aca796cda326c3703d87c07b3f719b51b1eb7fb9b7d4abb
SMSP|jsr=10|seed=10330|center=4000|Oracle_FrFT_UpperBound,SMSP,10.0,10330,4000,Oracle_FrFT_UpperBound,ORACLE_DIAGNOSTIC_ONLY;NOT_FAIR;NOT_RL_ELIGIBLE,ORACLE_DIAGNOSTIC_ONLY,unified/pass,PASS,17.20160194966271,16.286407407777396,-0.9151945418853131,True,True,True,0,0,1,0,-0.913415746172999,TARGET_PRESERVED,0.9,1.0,0.09999999999999998,0.089,0.0,False,0.0,0.0,80000,8a015e3f860296dd3aca796cda326c3703d87c07b3f719b51b1eb7fb9b7d4abb
SMSP|jsr=10|seed=10331|center=1000|Oracle_FrFT_UpperBound,SMSP,10.0,10331,1000,Oracle_FrFT_UpperBound,ORACLE_DIAGNOSTIC_ONLY;NOT_FAIR;NOT_RL_ELIGIBLE,ORACLE_DIAGNOSTIC_ONLY,unified/pass,PASS,15.929872684602076,15.714587610598606,-0.21528507400346975,False,False,False,1,1,2,2,-0.9134157461729969,TARGET_PRESERVED,0.9,1.0,0.09999999999999998,0.089,0.5318973083343975,False,0.0,0.0,80000,8a015e3f860296dd3aca796cda326c3703d87c07b3f719b51b1eb7fb9b7d4abb
SMSP|jsr=10|seed=10331|center=1500|Oracle_FrFT_UpperBound,SMSP,10.0,10331,1500,Oracle_FrFT_UpperBound,ORACLE_DIAGNOSTIC_ONLY;NOT_FAIR;NOT_RL_ELIGIBLE,ORACLE_DIAGNOSTIC_ONLY,unified/pass,PASS,17.42547062909321,16.90928927168549,-0.5161813574077172,True,False,True,1,1,2,1,-0.913415746172999,TARGET_PRESERVED,0.9,1.0,0.09999999999999998,0.089,0.6370791897177098,False,0.0,0.0,80000,8a015e3f860296dd3aca796cda326c3703d87c07b3f719b51b1eb7fb9b7d4abb
SMSP|jsr=10|seed=10331|center=2500|Oracle_FrFT_UpperBound,SMSP,10.0,10331,2500,Oracle_FrFT_UpperBound,ORACLE_DIAGNOSTIC_ONLY;NOT_FAIR;NOT_RL_ELIGIBLE,ORACLE_DIAGNOSTIC_ONLY,unified/pass,PASS,17.09369321145545,16.15948324959294,-0.934209961862507,True,True,True,0,0,1,1,-0.913415746172999,TARGET_PRESERVED,0.9,1.0,0.09999999999999998,0.089,0.0,False,0.0,0.0,80000,8a015e3f860296dd3aca796cda326c3703d87c07b3f719b51b1eb7fb9b7d4abb
SMSP|jsr=10|seed=10331|center=3500|Oracle_FrFT_UpperBound,SMSP,10.0,10331,3500,Oracle_FrFT_UpperBound,ORACLE_DIAGNOSTIC_ONLY;NOT_FAIR;NOT_RL_ELIGIBLE,ORACLE_DIAGNOSTIC_ONLY,unified/pass,PASS,17.095586999945816,16.175189585082425,-0.9203974148633911,True,True,True,0,0,1,1,-0.913415746172999,TARGET_PRESERVED,0.9,1.0,0.09999999999999998,0.089,0.0,False,0.0,0.0,80000,8a015e3f860296dd3aca796cda326c3703d87c07b3f719b51b1eb7fb9b7d4abb
SMSP|jsr=10|seed=10331|center=4000|Oracle_FrFT_UpperBound,SMSP,10.0,10331,4000,Oracle_FrFT_UpperBound,ORACLE_DIAGNOSTIC_ONLY;NOT_FAIR;NOT_RL_ELIGIBLE,ORACLE_DIAGNOSTIC_ONLY,unified/pass,PASS,17.24647312065531,16.31717396085698,-0.9292991597983296,True,True,True,0,0,1,1,-0.913415746172999,TARGET_PRESERVED,0.9,1.0,0.09999999999999998,0.089,0.0,False,0.0,0.0,80000,8a015e3f860296dd3aca796cda326c3703d87c07b3f719b51b1eb7fb9b7d4abb
SMSP|jsr=10|seed=10332|center=1000|Oracle_FrFT_UpperBound,SMSP,10.0,10332,1000,Oracle_FrFT_UpperBound,ORACLE_DIAGNOSTIC_ONLY;NOT_FAIR;NOT_RL_ELIGIBLE,ORACLE_DIAGNOSTIC_ONLY,unified/pass,PASS,15.897687031157375,15.58915715739754,-0.3085298737598343,False,False,False,0,1,0,0,-0.9134157461729969,TARGET_PRESERVED,0.9,1.0,0.09999999999999998,0.089,0.5318973083343975,False,0.0,0.0,80000,8a015e3f860296dd3aca796cda326c3703d87c07b3f719b51b1eb7fb9b7d4abb
SMSP|jsr=10|seed=10332|center=1500|Oracle_FrFT_UpperBound,SMSP,10.0,10332,1500,Oracle_FrFT_UpperBound,ORACLE_DIAGNOSTIC_ONLY;NOT_FAIR;NOT_RL_ELIGIBLE,ORACLE_DIAGNOSTIC_ONLY,unified/pass,PASS,17.307468729909598,16.807291112410724,-0.5001776174988741,True,False,True,1,1,0,0,-0.913415746172999,TARGET_PRESERVED,0.9,1.0,0.09999999999999998,0.089,0.6370791897177097,False,0.0,0.0,80000,8a015e3f860296dd3aca796cda326c3703d87c07b3f719b51b1eb7fb9b7d4abb
SMSP|jsr=10|seed=10332|center=2500|Oracle_FrFT_UpperBound,SMSP,10.0,10332,2500,Oracle_FrFT_UpperBound,ORACLE_DIAGNOSTIC_ONLY;NOT_FAIR;NOT_RL_ELIGIBLE,ORACLE_DIAGNOSTIC_ONLY,unified/pass,PASS,17.22013131575067,16.30763575901397,-0.912495556736701,True,True,True,0,0,0,0,-0.913415746172999,TARGET_PRESERVED,0.9,1.0,0.09999999999999998,0.089,0.0,False,0.0,0.0,80000,8a015e3f860296dd3aca796cda326c3703d87c07b3f719b51b1eb7fb9b7d4abb
SMSP|jsr=10|seed=10332|center=3500|Oracle_FrFT_UpperBound,SMSP,10.0,10332,3500,Oracle_FrFT_UpperBound,ORACLE_DIAGNOSTIC_ONLY;NOT_FAIR;NOT_RL_ELIGIBLE,ORACLE_DIAGNOSTIC_ONLY,unified/pass,PASS,17.30564968373104,16.395895710257335,-0.9097539734737055,True,True,True,0,0,0,0,-0.913415746172999,TARGET_PRESERVED,0.9,1.0,0.09999999999999998,0.089,0.0,False,0.0,0.0,80000,8a015e3f860296dd3aca796cda326c3703d87c07b3f719b51b1eb7fb9b7d4abb
SMSP|jsr=10|seed=10332|center=4000|Oracle_FrFT_UpperBound,SMSP,10.0,10332,4000,Oracle_FrFT_UpperBound,ORACLE_DIAGNOSTIC_ONLY;NOT_FAIR;NOT_RL_ELIGIBLE,ORACLE_DIAGNOSTIC_ONLY,unified/pass,PASS,17.206985228015277,16.253722610954284,-0.953262617060993,True,True,True,0,0,0,0,-0.913415746172999,TARGET_PRESERVED,0.9,1.0,0.09999999999999998,0.089,0.0,False,0.0,0.0,80000,8a015e3f860296dd3aca796cda326c3703d87c07b3f719b51b1eb7fb9b7d4abb
SMSP|jsr=10|seed=10333|center=1000|Oracle_FrFT_UpperBound,SMSP,10.0,10333,1000,Oracle_FrFT_UpperBound,ORACLE_DIAGNOSTIC_ONLY;NOT_FAIR;NOT_RL_ELIGIBLE,ORACLE_DIAGNOSTIC_ONLY,unified/pass,PASS,15.922460751763822,15.661683204915953,-0.26077754684786925,False,False,False,0,1,1,1,-0.9134157461729969,TARGET_PRESERVED,0.9,1.0,0.09999999999999998,0.089,0.5318973083343975,False,0.0,0.0,80000,8a015e3f860296dd3aca796cda326c3703d87c07b3f719b51b1eb7fb9b7d4abb
SMSP|jsr=10|seed=10333|center=1500|Oracle_FrFT_UpperBound,SMSP,10.0,10333,1500,Oracle_FrFT_UpperBound,ORACLE_DIAGNOSTIC_ONLY;NOT_FAIR;NOT_RL_ELIGIBLE,ORACLE_DIAGNOSTIC_ONLY,unified/pass,PASS,17.315480842608206,16.79255699160282,-0.5229238510053875,True,False,True,1,1,1,1,-0.913415746172999,TARGET_PRESERVED,0.9,1.0,0.09999999999999998,0.089,0.6370791897177097,False,0.0,0.0,80000,8a015e3f860296dd3aca796cda326c3703d87c07b3f719b51b1eb7fb9b7d4abb
SMSP|jsr=10|seed=10333|center=2500|Oracle_FrFT_UpperBound,SMSP,10.0,10333,2500,Oracle_FrFT_UpperBound,ORACLE_DIAGNOSTIC_ONLY;NOT_FAIR;NOT_RL_ELIGIBLE,ORACLE_DIAGNOSTIC_ONLY,unified/pass,PASS,17.131395937022766,16.217086592112228,-0.9143093449105386,True,True,True,0,0,1,0,-0.913415746172999,TARGET_PRESERVED,0.9,1.0,0.09999999999999998,0.089,0.0,False,0.0,0.0,80000,8a015e3f860296dd3aca796cda326c3703d87c07b3f719b51b1eb7fb9b7d4abb
SMSP|jsr=10|seed=10333|center=3500|Oracle_FrFT_UpperBound,SMSP,10.0,10333,3500,Oracle_FrFT_UpperBound,ORACLE_DIAGNOSTIC_ONLY;NOT_FAIR;NOT_RL_ELIGIBLE,ORACLE_DIAGNOSTIC_ONLY,unified/pass,PASS,17.1139242259923,16.182877229093346,-0.931046996898953,True,True,True,0,0,0,0,-0.913415746172999,TARGET_PRESERVED,0.9,1.0,0.09999999999999998,0.089,0.0,False,0.0,0.0,80000,8a015e3f860296dd3aca796cda326c3703d87c07b3f719b51b1eb7fb9b7d4abb
SMSP|jsr=10|seed=10333|center=4000|Oracle_FrFT_UpperBound,SMSP,10.0,10333,4000,Oracle_FrFT_UpperBound,ORACLE_DIAGNOSTIC_ONLY;NOT_FAIR;NOT_RL_ELIGIBLE,ORACLE_DIAGNOSTIC_ONLY,unified/pass,PASS,17.199256745321048,16.28763743799088,-0.9116193073301666,True,True,True,0,0,0,0,-0.913415746172999,TARGET_PRESERVED,0.9,1.0,0.09999999999999998,0.089,0.0,False,0.0,0.0,80000,8a015e3f860296dd3aca796cda326c3703d87c07b3f719b51b1eb7fb9b7d4abb
SMSP|jsr=10|seed=10334|center=1000|Oracle_FrFT_UpperBound,SMSP,10.0,10334,1000,Oracle_FrFT_UpperBound,ORACLE_DIAGNOSTIC_ONLY;NOT_FAIR;NOT_RL_ELIGIBLE,ORACLE_DIAGNOSTIC_ONLY,unified/pass,PASS,15.897417369299962,15.729630027442834,-0.16778734185712807,False,False,False,1,1,2,2,-0.9134157461729969,TARGET_PRESERVED,0.9,1.0,0.09999999999999998,0.089,0.5318973083343975,False,0.0,0.0,80000,8a015e3f860296dd3aca796cda326c3703d87c07b3f719b51b1eb7fb9b7d4abb
SMSP|jsr=10|seed=10334|center=1500|Oracle_FrFT_UpperBound,SMSP,10.0,10334,1500,Oracle_FrFT_UpperBound,ORACLE_DIAGNOSTIC_ONLY;NOT_FAIR;NOT_RL_ELIGIBLE,ORACLE_DIAGNOSTIC_ONLY,unified/pass,PASS,17.356065895024063,16.848024494880683,-0.5080414001433802,True,False,True,1,1,2,2,-0.913415746172999,TARGET_PRESERVED,0.9,1.0,0.09999999999999998,0.089,0.6370791897177098,False,0.0,0.0,80000,8a015e3f860296dd3aca796cda326c3703d87c07b3f719b51b1eb7fb9b7d4abb
SMSP|jsr=10|seed=10334|center=2500|Oracle_FrFT_UpperBound,SMSP,10.0,10334,2500,Oracle_FrFT_UpperBound,ORACLE_DIAGNOSTIC_ONLY;NOT_FAIR;NOT_RL_ELIGIBLE,ORACLE_DIAGNOSTIC_ONLY,unified/pass,PASS,17.10826584740913,16.164971310214238,-0.9432945371948911,True,True,True,0,0,3,2,-0.913415746172999,TARGET_PRESERVED,0.9,1.0,0.09999999999999998,0.089,0.0,False,0.0,0.0,80000,8a015e3f860296dd3aca796cda326c3703d87c07b3f719b51b1eb7fb9b7d4abb
SMSP|jsr=10|seed=10334|center=3500|Oracle_FrFT_UpperBound,SMSP,10.0,10334,3500,Oracle_FrFT_UpperBound,ORACLE_DIAGNOSTIC_ONLY;NOT_FAIR;NOT_RL_ELIGIBLE,ORACLE_DIAGNOSTIC_ONLY,unified/pass,PASS,17.125518466909053,16.212432217867192,-0.9130862490418608,True,True,True,0,0,1,0,-0.913415746172999,TARGET_PRESERVED,0.9,1.0,0.09999999999999998,0.089,0.0,False,0.0,0.0,80000,8a015e3f860296dd3aca796cda326c3703d87c07b3f719b51b1eb7fb9b7d4abb
SMSP|jsr=10|seed=10334|center=4000|Oracle_FrFT_UpperBound,SMSP,10.0,10334,4000,Oracle_FrFT_UpperBound,ORACLE_DIAGNOSTIC_ONLY;NOT_FAIR;NOT_RL_ELIGIBLE,ORACLE_DIAGNOSTIC_ONLY,unified/pass,PASS,17.043450488512313,16.11021357535225,-0.9332369131600622,True,True,True,0,0,0,1,-0.913415746172999,TARGET_PRESERVED,0.9,1.0,0.09999999999999998,0.089,0.0,False,0.0,0.0,80000,8a015e3f860296dd3aca796cda326c3703d87c07b3f719b51b1eb7fb9b7d4abb
SMSP|jsr=10|seed=10335|center=1000|Oracle_FrFT_UpperBound,SMSP,10.0,10335,1000,Oracle_FrFT_UpperBound,ORACLE_DIAGNOSTIC_ONLY;NOT_FAIR;NOT_RL_ELIGIBLE,ORACLE_DIAGNOSTIC_ONLY,unified/pass,PASS,15.929943463180505,15.743647160698464,-0.18629630248204165,False,False,False,1,1,0,0,-0.9134157461729969,TARGET_PRESERVED,0.9,1.0,0.09999999999999998,0.089,0.5318973083343975,False,0.0,0.0,80000,8a015e3f860296dd3aca796cda326c3703d87c07b3f719b51b1eb7fb9b7d4abb
SMSP|jsr=10|seed=10335|center=1500|Oracle_FrFT_UpperBound,SMSP,10.0,10335,1500,Oracle_FrFT_UpperBound,ORACLE_DIAGNOSTIC_ONLY;NOT_FAIR;NOT_RL_ELIGIBLE,ORACLE_DIAGNOSTIC_ONLY,unified/pass,PASS,17.327515572977838,16.82329438744404,-0.5042211855337975,True,False,True,1,1,0,0,-0.913415746172999,TARGET_PRESERVED,0.9,1.0,0.09999999999999998,0.089,0.6370791897177097,False,0.0,0.0,80000,8a015e3f860296dd3aca796cda326c3703d87c07b3f719b51b1eb7fb9b7d4abb
SMSP|jsr=10|seed=10335|center=2500|Oracle_FrFT_UpperBound,SMSP,10.0,10335,2500,Oracle_FrFT_UpperBound,ORACLE_DIAGNOSTIC_ONLY;NOT_FAIR;NOT_RL_ELIGIBLE,ORACLE_DIAGNOSTIC_ONLY,unified/pass,PASS,17.14590853764723,16.24077587493311,-0.9051326627141201,True,True,True,0,0,0,0,-0.913415746172999,TARGET_PRESERVED,0.9,1.0,0.09999999999999998,0.089,0.0,False,0.0,0.0,80000,8a015e3f860296dd3aca796cda326c3703d87c07b3f719b51b1eb7fb9b7d4abb
SMSP|jsr=10|seed=10335|center=3500|Oracle_FrFT_UpperBound,SMSP,10.0,10335,3500,Oracle_FrFT_UpperBound,ORACLE_DIAGNOSTIC_ONLY;NOT_FAIR;NOT_RL_ELIGIBLE,ORACLE_DIAGNOSTIC_ONLY,unified/pass,PASS,17.198317575005653,16.270282131986747,-0.9280354430189064,True,True,True,0,0,0,0,-0.913415746172999,TARGET_PRESERVED,0.9,1.0,0.09999999999999998,0.089,0.0,False,0.0,0.0,80000,8a015e3f860296dd3aca796cda326c3703d87c07b3f719b51b1eb7fb9b7d4abb
SMSP|jsr=10|seed=10335|center=4000|Oracle_FrFT_UpperBound,SMSP,10.0,10335,4000,Oracle_FrFT_UpperBound,ORACLE_DIAGNOSTIC_ONLY;NOT_FAIR;NOT_RL_ELIGIBLE,ORACLE_DIAGNOSTIC_ONLY,unified/pass,PASS,17.175025220382327,16.26900505411178,-0.9060201662705474,True,True,True,0,0,0,0,-0.913415746172999,TARGET_PRESERVED,0.9,1.0,0.09999999999999998,0.089,0.0,False,0.0,0.0,80000,8a015e3f860296dd3aca796cda326c3703d87c07b3f719b51b1eb7fb9b7d4abb
SMSP|jsr=10|seed=10336|center=1000|Oracle_FrFT_UpperBound,SMSP,10.0,10336,1000,Oracle_FrFT_UpperBound,ORACLE_DIAGNOSTIC_ONLY;NOT_FAIR;NOT_RL_ELIGIBLE,ORACLE_DIAGNOSTIC_ONLY,unified/pass,PASS,15.728642640895785,15.507882705244151,-0.22075993565163365,False,False,False,0,1,0,0,-0.9134157461729969,TARGET_PRESERVED,0.9,1.0,0.09999999999999998,0.089,0.5318973083343975,False,0.0,0.0,80000,8a015e3f860296dd3aca796cda326c3703d87c07b3f719b51b1eb7fb9b7d4abb
SMSP|jsr=10|seed=10336|center=1500|Oracle_FrFT_UpperBound,SMSP,10.0,10336,1500,Oracle_FrFT_UpperBound,ORACLE_DIAGNOSTIC_ONLY;NOT_FAIR;NOT_RL_ELIGIBLE,ORACLE_DIAGNOSTIC_ONLY,unified/pass,PASS,17.30024545078582,16.788455805769985,-0.5117896450158348,True,False,True,1,1,0,0,-0.913415746172999,TARGET_PRESERVED,0.9,1.0,0.09999999999999998,0.089,0.6370791897177097,False,0.0,0.0,80000,8a015e3f860296dd3aca796cda326c3703d87c07b3f719b51b1eb7fb9b7d4abb
SMSP|jsr=10|seed=10336|center=2500|Oracle_FrFT_UpperBound,SMSP,10.0,10336,2500,Oracle_FrFT_UpperBound,ORACLE_DIAGNOSTIC_ONLY;NOT_FAIR;NOT_RL_ELIGIBLE,ORACLE_DIAGNOSTIC_ONLY,unified/pass,PASS,17.17322549017367,16.24920538801059,-0.9240201021630803,True,True,True,0,0,0,0,-0.913415746172999,TARGET_PRESERVED,0.9,1.0,0.09999999999999998,0.089,0.0,False,0.0,0.0,80000,8a015e3f860296dd3aca796cda326c3703d87c07b3f719b51b1eb7fb9b7d4abb
SMSP|jsr=10|seed=10336|center=3500|Oracle_FrFT_UpperBound,SMSP,10.0,10336,3500,Oracle_FrFT_UpperBound,ORACLE_DIAGNOSTIC_ONLY;NOT_FAIR;NOT_RL_ELIGIBLE,ORACLE_DIAGNOSTIC_ONLY,unified/pass,PASS,17.15662094178482,16.202381340466076,-0.9542396013187435,True,True,True,0,0,0,0,-0.913415746172999,TARGET_PRESERVED,0.9,1.0,0.09999999999999998,0.089,0.0,False,0.0,0.0,80000,8a015e3f860296dd3aca796cda326c3703d87c07b3f719b51b1eb7fb9b7d4abb
SMSP|jsr=10|seed=10336|center=4000|Oracle_FrFT_UpperBound,SMSP,10.0,10336,4000,Oracle_FrFT_UpperBound,ORACLE_DIAGNOSTIC_ONLY;NOT_FAIR;NOT_RL_ELIGIBLE,ORACLE_DIAGNOSTIC_ONLY,unified/pass,PASS,17.217478232350928,16.29057822943218,-0.926900002918746,True,True,True,0,0,0,0,-0.913415746172999,TARGET_PRESERVED,0.9,1.0,0.09999999999999998,0.089,0.0,False,0.0,0.0,80000,8a015e3f860296dd3aca796cda326c3703d87c07b3f719b51b1eb7fb9b7d4abb
SMSP|jsr=10|seed=10337|center=1000|Oracle_FrFT_UpperBound,SMSP,10.0,10337,1000,Oracle_FrFT_UpperBound,ORACLE_DIAGNOSTIC_ONLY;NOT_FAIR;NOT_RL_ELIGIBLE,ORACLE_DIAGNOSTIC_ONLY,unified/pass,PASS,15.996429108228492,15.766781644080519,-0.22964746414797332,False,False,False,0,1,0,0,-0.9134157461729969,TARGET_PRESERVED,0.9,1.0,0.09999999999999998,0.089,0.5318973083343975,False,0.0,0.0,80000,8a015e3f860296dd3aca796cda326c3703d87c07b3f719b51b1eb7fb9b7d4abb
SMSP|jsr=10|seed=10337|center=1500|Oracle_FrFT_UpperBound,SMSP,10.0,10337,1500,Oracle_FrFT_UpperBound,ORACLE_DIAGNOSTIC_ONLY;NOT_FAIR;NOT_RL_ELIGIBLE,ORACLE_DIAGNOSTIC_ONLY,unified/pass,PASS,17.286896699516948,16.78027718996919,-0.5066195095477575,True,False,True,1,1,0,0,-0.913415746172999,TARGET_PRESERVED,0.9,1.0,0.09999999999999998,0.089,0.6370791897177097,False,0.0,0.0,80000,8a015e3f860296dd3aca796cda326c3703d87c07b3f719b51b1eb7fb9b7d4abb
SMSP|jsr=10|seed=10337|center=2500|Oracle_FrFT_UpperBound,SMSP,10.0,10337,2500,Oracle_FrFT_UpperBound,ORACLE_DIAGNOSTIC_ONLY;NOT_FAIR;NOT_RL_ELIGIBLE,ORACLE_DIAGNOSTIC_ONLY,unified/pass,PASS,17.186936827365884,16.2723377225567,-0.9145991048091844,True,True,True,0,0,0,0,-0.913415746172999,TARGET_PRESERVED,0.9,1.0,0.09999999999999998,0.089,0.0,False,0.0,0.0,80000,8a015e3f860296dd3aca796cda326c3703d87c07b3f719b51b1eb7fb9b7d4abb
SMSP|jsr=10|seed=10337|center=3500|Oracle_FrFT_UpperBound,SMSP,10.0,10337,3500,Oracle_FrFT_UpperBound,ORACLE_DIAGNOSTIC_ONLY;NOT_FAIR;NOT_RL_ELIGIBLE,ORACLE_DIAGNOSTIC_ONLY,unified/pass,PASS,17.164012024475394,16.24657794494964,-0.917434079525755,True,True,True,0,0,0,0,-0.913415746172999,TARGET_PRESERVED,0.9,1.0,0.09999999999999998,0.089,0.0,False,0.0,0.0,80000,8a015e3f860296dd3aca796cda326c3703d87c07b3f719b51b1eb7fb9b7d4abb
SMSP|jsr=10|seed=10337|center=4000|Oracle_FrFT_UpperBound,SMSP,10.0,10337,4000,Oracle_FrFT_UpperBound,ORACLE_DIAGNOSTIC_ONLY;NOT_FAIR;NOT_RL_ELIGIBLE,ORACLE_DIAGNOSTIC_ONLY,unified/pass,PASS,17.147955607364207,16.214902447251283,-0.933053160112923,True,True,True,0,0,0,0,-0.913415746172999,TARGET_PRESERVED,0.9,1.0,0.09999999999999998,0.089,0.0,False,0.0,0.0,80000,8a015e3f860296dd3aca796cda326c3703d87c07b3f719b51b1eb7fb9b7d4abb
SMSP|jsr=10|seed=10338|center=1000|Oracle_FrFT_UpperBound,SMSP,10.0,10338,1000,Oracle_FrFT_UpperBound,ORACLE_DIAGNOSTIC_ONLY;NOT_FAIR;NOT_RL_ELIGIBLE,ORACLE_DIAGNOSTIC_ONLY,unified/pass,PASS,16.01015154398342,15.78768780305327,-0.22246374093014865,False,False,False,0,1,1,1,-0.9134157461729969,TARGET_PRESERVED,0.9,1.0,0.09999999999999998,0.089,0.5318973083343975,False,0.0,0.0,80000,8a015e3f860296dd3aca796cda326c3703d87c07b3f719b51b1eb7fb9b7d4abb
SMSP|jsr=10|seed=10338|center=1500|Oracle_FrFT_UpperBound,SMSP,10.0,10338,1500,Oracle_FrFT_UpperBound,ORACLE_DIAGNOSTIC_ONLY;NOT_FAIR;NOT_RL_ELIGIBLE,ORACLE_DIAGNOSTIC_ONLY,unified/pass,PASS,17.295420145312182,16.775907773306887,-0.5195123720052948,True,False,True,1,1,1,1,-0.913415746172999,TARGET_PRESERVED,0.9,1.0,0.09999999999999998,0.089,0.6370791897177097,False,0.0,0.0,80000,8a015e3f860296dd3aca796cda326c3703d87c07b3f719b51b1eb7fb9b7d4abb
SMSP|jsr=10|seed=10338|center=2500|Oracle_FrFT_UpperBound,SMSP,10.0,10338,2500,Oracle_FrFT_UpperBound,ORACLE_DIAGNOSTIC_ONLY;NOT_FAIR;NOT_RL_ELIGIBLE,ORACLE_DIAGNOSTIC_ONLY,unified/pass,PASS,17.330982698390432,16.451746110379236,-0.8792365880111959,True,True,True,0,0,1,0,-0.913415746172999,TARGET_PRESERVED,0.9,1.0,0.09999999999999998,0.089,0.0,False,0.0,0.0,80000,8a015e3f860296dd3aca796cda326c3703d87c07b3f719b51b1eb7fb9b7d4abb
SMSP|jsr=10|seed=10338|center=3500|Oracle_FrFT_UpperBound,SMSP,10.0,10338,3500,Oracle_FrFT_UpperBound,ORACLE_DIAGNOSTIC_ONLY;NOT_FAIR;NOT_RL_ELIGIBLE,ORACLE_DIAGNOSTIC_ONLY,unified/pass,PASS,17.222975050717032,16.31054222521213,-0.9124328255049008,True,True,True,0,0,0,0,-0.913415746172999,TARGET_PRESERVED,0.9,1.0,0.09999999999999998,0.089,0.0,False,0.0,0.0,80000,8a015e3f860296dd3aca796cda326c3703d87c07b3f719b51b1eb7fb9b7d4abb
SMSP|jsr=10|seed=10338|center=4000|Oracle_FrFT_UpperBound,SMSP,10.0,10338,4000,Oracle_FrFT_UpperBound,ORACLE_DIAGNOSTIC_ONLY;NOT_FAIR;NOT_RL_ELIGIBLE,ORACLE_DIAGNOSTIC_ONLY,unified/pass,PASS,17.323301599829687,16.40438252989454,-0.9189190699351464,True,True,True,0,0,0,0,-0.913415746172999,TARGET_PRESERVED,0.9,1.0,0.09999999999999998,0.089,0.0,False,0.0,0.0,80000,8a015e3f860296dd3aca796cda326c3703d87c07b3f719b51b1eb7fb9b7d4abb
SMSP|jsr=10|seed=10339|center=1000|Oracle_FrFT_UpperBound,SMSP,10.0,10339,1000,Oracle_FrFT_UpperBound,ORACLE_DIAGNOSTIC_ONLY;NOT_FAIR;NOT_RL_ELIGIBLE,ORACLE_DIAGNOSTIC_ONLY,unified/pass,PASS,15.87385902017992,15.66445313421812,-0.2094058859618002,False,False,False,0,1,1,1,-0.9134157461729969,TARGET_PRESERVED,0.9,1.0,0.09999999999999998,0.089,0.5318973083343975,False,0.0,0.0,80000,8a015e3f860296dd3aca796cda326c3703d87c07b3f719b51b1eb7fb9b7d4abb
SMSP|jsr=10|seed=10339|center=1500|Oracle_FrFT_UpperBound,SMSP,10.0,10339,1500,Oracle_FrFT_UpperBound,ORACLE_DIAGNOSTIC_ONLY;NOT_FAIR;NOT_RL_ELIGIBLE,ORACLE_DIAGNOSTIC_ONLY,unified/pass,PASS,17.387860699280655,16.872057317123893,-0.5158033821567614,True,False,True,1,1,1,1,-0.913415746172999,TARGET_PRESERVED,0.9,1.0,0.09999999999999998,0.089,0.6370791897177097,False,0.0,0.0,80000,8a015e3f860296dd3aca796cda326c3703d87c07b3f719b51b1eb7fb9b7d4abb
SMSP|jsr=10|seed=10339|center=2500|Oracle_FrFT_UpperBound,SMSP,10.0,10339,2500,Oracle_FrFT_UpperBound,ORACLE_DIAGNOSTIC_ONLY;NOT_FAIR;NOT_RL_ELIGIBLE,ORACLE_DIAGNOSTIC_ONLY,unified/pass,PASS,17.213847059607282,16.303623635240363,-0.9102234243669187,True,True,True,0,0,1,2,-0.913415746172999,TARGET_PRESERVED,0.9,1.0,0.09999999999999998,0.089,0.0,False,0.0,0.0,80000,8a015e3f860296dd3aca796cda326c3703d87c07b3f719b51b1eb7fb9b7d4abb
SMSP|jsr=10|seed=10339|center=3500|Oracle_FrFT_UpperBound,SMSP,10.0,10339,3500,Oracle_FrFT_UpperBound,ORACLE_DIAGNOSTIC_ONLY;NOT_FAIR;NOT_RL_ELIGIBLE,ORACLE_DIAGNOSTIC_ONLY,unified/pass,PASS,17.219266228492412,16.284757230647823,-0.9345089978445884,True,True,True,0,0,1,1,-0.913415746172999,TARGET_PRESERVED,0.9,1.0,0.09999999999999998,0.089,0.0,False,0.0,0.0,80000,8a015e3f860296dd3aca796cda326c3703d87c07b3f719b51b1eb7fb9b7d4abb
SMSP|jsr=10|seed=10339|center=4000|Oracle_FrFT_UpperBound,SMSP,10.0,10339,4000,Oracle_FrFT_UpperBound,ORACLE_DIAGNOSTIC_ONLY;NOT_FAIR;NOT_RL_ELIGIBLE,ORACLE_DIAGNOSTIC_ONLY,unified/pass,PASS,17.099767878039152,16.177615287267507,-0.9221525907716455,True,True,True,0,0,0,0,-0.913415746172999,TARGET_PRESERVED,0.9,1.0,0.09999999999999998,0.089,0.0,False,0.0,0.0,80000,8a015e3f860296dd3aca796cda326c3703d87c07b3f719b51b1eb7fb9b7d4abb
SMSP|jsr=10|seed=10340|center=1000|Oracle_FrFT_UpperBound,SMSP,10.0,10340,1000,Oracle_FrFT_UpperBound,ORACLE_DIAGNOSTIC_ONLY;NOT_FAIR;NOT_RL_ELIGIBLE,ORACLE_DIAGNOSTIC_ONLY,unified/pass,PASS,15.914118046054428,15.686944650034674,-0.2271733960197544,False,False,False,0,1,0,0,-0.9134157461729969,TARGET_PRESERVED,0.9,1.0,0.09999999999999998,0.089,0.5318973083343975,False,0.0,0.0,80000,8a015e3f860296dd3aca796cda326c3703d87c07b3f719b51b1eb7fb9b7d4abb
SMSP|jsr=10|seed=10340|center=1500|Oracle_FrFT_UpperBound,SMSP,10.0,10340,1500,Oracle_FrFT_UpperBound,ORACLE_DIAGNOSTIC_ONLY;NOT_FAIR;NOT_RL_ELIGIBLE,ORACLE_DIAGNOSTIC_ONLY,unified/pass,PASS,17.247788642467352,16.725481489323904,-0.5223071531434478,True,False,True,1,1,0,0,-0.913415746172999,TARGET_PRESERVED,0.9,1.0,0.09999999999999998,0.089,0.6370791897177097,False,0.0,0.0,80000,8a015e3f860296dd3aca796cda326c3703d87c07b3f719b51b1eb7fb9b7d4abb
SMSP|jsr=10|seed=10340|center=2500|Oracle_FrFT_UpperBound,SMSP,10.0,10340,2500,Oracle_FrFT_UpperBound,ORACLE_DIAGNOSTIC_ONLY;NOT_FAIR;NOT_RL_ELIGIBLE,ORACLE_DIAGNOSTIC_ONLY,unified/pass,PASS,17.071473072804586,16.16988957350707,-0.9015834992975158,True,True,True,0,0,0,0,-0.913415746172999,TARGET_PRESERVED,0.9,1.0,0.09999999999999998,0.089,0.0,False,0.0,0.0,80000,8a015e3f860296dd3aca796cda326c3703d87c07b3f719b51b1eb7fb9b7d4abb
SMSP|jsr=10|seed=10340|center=3500|Oracle_FrFT_UpperBound,SMSP,10.0,10340,3500,Oracle_FrFT_UpperBound,ORACLE_DIAGNOSTIC_ONLY;NOT_FAIR;NOT_RL_ELIGIBLE,ORACLE_DIAGNOSTIC_ONLY,unified/pass,PASS,17.24904190787502,16.316063763630815,-0.9329781442442062,True,True,True,0,0,0,0,-0.913415746172999,TARGET_PRESERVED,0.9,1.0,0.09999999999999998,0.089,0.0,False,0.0,0.0,80000,8a015e3f860296dd3aca796cda326c3703d87c07b3f719b51b1eb7fb9b7d4abb
SMSP|jsr=10|seed=10340|center=4000|Oracle_FrFT_UpperBound,SMSP,10.0,10340,4000,Oracle_FrFT_UpperBound,ORACLE_DIAGNOSTIC_ONLY;NOT_FAIR;NOT_RL_ELIGIBLE,ORACLE_DIAGNOSTIC_ONLY,unified/pass,PASS,17.163747388390803,16.25091862870023,-0.9128287596905729,True,True,True,0,0,0,0,-0.913415746172999,TARGET_PRESERVED,0.9,1.0,0.09999999999999998,0.089,0.0,False,0.0,0.0,80000,8a015e3f860296dd3aca796cda326c3703d87c07b3f719b51b1eb7fb9b7d4abb
SMSP|jsr=10|seed=10341|center=1000|Oracle_FrFT_UpperBound,SMSP,10.0,10341,1000,Oracle_FrFT_UpperBound,ORACLE_DIAGNOSTIC_ONLY;NOT_FAIR;NOT_RL_ELIGIBLE,ORACLE_DIAGNOSTIC_ONLY,unified/pass,PASS,15.766905825102937,15.583394134230922,-0.1835116908720149,False,False,False,1,1,1,1,-0.9134157461729969,TARGET_PRESERVED,0.9,1.0,0.09999999999999998,0.089,0.5318973083343975,False,0.0,0.0,80000,8a015e3f860296dd3aca796cda326c3703d87c07b3f719b51b1eb7fb9b7d4abb
SMSP|jsr=10|seed=10341|center=1500|Oracle_FrFT_UpperBound,SMSP,10.0,10341,1500,Oracle_FrFT_UpperBound,ORACLE_DIAGNOSTIC_ONLY;NOT_FAIR;NOT_RL_ELIGIBLE,ORACLE_DIAGNOSTIC_ONLY,unified/pass,PASS,17.380529088597804,16.860357882413123,-0.5201712061846813,True,False,True,1,1,1,1,-0.913415746172999,TARGET_PRESERVED,0.9,1.0,0.09999999999999998,0.089,0.6370791897177097,False,0.0,0.0,80000,8a015e3f860296dd3aca796cda326c3703d87c07b3f719b51b1eb7fb9b7d4abb
SMSP|jsr=10|seed=10341|center=2500|Oracle_FrFT_UpperBound,SMSP,10.0,10341,2500,Oracle_FrFT_UpperBound,ORACLE_DIAGNOSTIC_ONLY;NOT_FAIR;NOT_RL_ELIGIBLE,ORACLE_DIAGNOSTIC_ONLY,unified/pass,PASS,17.281710259305605,16.33437664130621,-0.9473336179993943,True,True,True,0,0,0,0,-0.913415746172999,TARGET_PRESERVED,0.9,1.0,0.09999999999999998,0.089,0.0,False,0.0,0.0,80000,8a015e3f860296dd3aca796cda326c3703d87c07b3f719b51b1eb7fb9b7d4abb
SMSP|jsr=10|seed=10341|center=3500|Oracle_FrFT_UpperBound,SMSP,10.0,10341,3500,Oracle_FrFT_UpperBound,ORACLE_DIAGNOSTIC_ONLY;NOT_FAIR;NOT_RL_ELIGIBLE,ORACLE_DIAGNOSTIC_ONLY,unified/pass,PASS,17.211385073256327,16.319196967793378,-0.8921881054629495,True,True,True,0,0,0,0,-0.913415746172999,TARGET_PRESERVED,0.9,1.0,0.09999999999999998,0.089,0.0,False,0.0,0.0,80000,8a015e3f860296dd3aca796cda326c3703d87c07b3f719b51b1eb7fb9b7d4abb
SMSP|jsr=10|seed=10341|center=4000|Oracle_FrFT_UpperBound,SMSP,10.0,10341,4000,Oracle_FrFT_UpperBound,ORACLE_DIAGNOSTIC_ONLY;NOT_FAIR;NOT_RL_ELIGIBLE,ORACLE_DIAGNOSTIC_ONLY,unified/pass,PASS,17.160419804388955,16.235367698076853,-0.9250521063121013,True,True,True,0,0,1,0,-0.913415746172999,TARGET_PRESERVED,0.9,1.0,0.09999999999999998,0.089,0.0,False,0.0,0.0,80000,8a015e3f860296dd3aca796cda326c3703d87c07b3f719b51b1eb7fb9b7d4abb
SMSP|jsr=10|seed=10342|center=1000|Oracle_FrFT_UpperBound,SMSP,10.0,10342,1000,Oracle_FrFT_UpperBound,ORACLE_DIAGNOSTIC_ONLY;NOT_FAIR;NOT_RL_ELIGIBLE,ORACLE_DIAGNOSTIC_ONLY,unified/pass,PASS,16.00903960755598,15.802343016019728,-0.20669659153625197,False,False,False,0,1,0,0,-0.9134157461729969,TARGET_PRESERVED,0.9,1.0,0.09999999999999998,0.089,0.5318973083343975,False,0.0,0.0,80000,8a015e3f860296dd3aca796cda326c3703d87c07b3f719b51b1eb7fb9b7d4abb
SMSP|jsr=10|seed=10342|center=1500|Oracle_FrFT_UpperBound,SMSP,10.0,10342,1500,Oracle_FrFT_UpperBound,ORACLE_DIAGNOSTIC_ONLY;NOT_FAIR;NOT_RL_ELIGIBLE,ORACLE_DIAGNOSTIC_ONLY,unified/pass,PASS,17.36087347115039,16.82170217192428,-0.539171299226112,True,False,True,1,1,0,0,-0.913415746172999,TARGET_PRESERVED,0.9,1.0,0.09999999999999998,0.089,0.6370791897177098,False,0.0,0.0,80000,8a015e3f860296dd3aca796cda326c3703d87c07b3f719b51b1eb7fb9b7d4abb
SMSP|jsr=10|seed=10342|center=2500|Oracle_FrFT_UpperBound,SMSP,10.0,10342,2500,Oracle_FrFT_UpperBound,ORACLE_DIAGNOSTIC_ONLY;NOT_FAIR;NOT_RL_ELIGIBLE,ORACLE_DIAGNOSTIC_ONLY,unified/pass,PASS,17.128462751458258,16.205860987400317,-0.9226017640579407,True,True,True,0,0,0,0,-0.913415746172999,TARGET_PRESERVED,0.9,1.0,0.09999999999999998,0.089,0.0,False,0.0,0.0,80000,8a015e3f860296dd3aca796cda326c3703d87c07b3f719b51b1eb7fb9b7d4abb
SMSP|jsr=10|seed=10342|center=3500|Oracle_FrFT_UpperBound,SMSP,10.0,10342,3500,Oracle_FrFT_UpperBound,ORACLE_DIAGNOSTIC_ONLY;NOT_FAIR;NOT_RL_ELIGIBLE,ORACLE_DIAGNOSTIC_ONLY,unified/pass,PASS,17.19546906392737,16.2943626620164,-0.9011064019109689,True,True,True,0,0,0,0,-0.913415746172999,TARGET_PRESERVED,0.9,1.0,0.09999999999999998,0.089,0.0,False,0.0,0.0,80000,8a015e3f860296dd3aca796cda326c3703d87c07b3f719b51b1eb7fb9b7d4abb
SMSP|jsr=10|seed=10342|center=4000|Oracle_FrFT_UpperBound,SMSP,10.0,10342,4000,Oracle_FrFT_UpperBound,ORACLE_DIAGNOSTIC_ONLY;NOT_FAIR;NOT_RL_ELIGIBLE,ORACLE_DIAGNOSTIC_ONLY,unified/pass,PASS,17.05971292754438,16.132211660334075,-0.9275012672103031,True,True,True,0,0,0,0,-0.913415746172999,TARGET_PRESERVED,0.9,1.0,0.09999999999999998,0.089,0.0,False,0.0,0.0,80000,8a015e3f860296dd3aca796cda326c3703d87c07b3f719b51b1eb7fb9b7d4abb
SMSP|jsr=10|seed=10343|center=1000|Oracle_FrFT_UpperBound,SMSP,10.0,10343,1000,Oracle_FrFT_UpperBound,ORACLE_DIAGNOSTIC_ONLY;NOT_FAIR;NOT_RL_ELIGIBLE,ORACLE_DIAGNOSTIC_ONLY,unified/pass,PASS,15.921335673008539,15.702123989735258,-0.2192116832732811,False,False,False,0,1,1,1,-0.9134157461729969,TARGET_PRESERVED,0.9,1.0,0.09999999999999998,0.089,0.5318973083343975,False,0.0,0.0,80000,8a015e3f860296dd3aca796cda326c3703d87c07b3f719b51b1eb7fb9b7d4abb
SMSP|jsr=10|seed=10343|center=1500|Oracle_FrFT_UpperBound,SMSP,10.0,10343,1500,Oracle_FrFT_UpperBound,ORACLE_DIAGNOSTIC_ONLY;NOT_FAIR;NOT_RL_ELIGIBLE,ORACLE_DIAGNOSTIC_ONLY,unified/pass,PASS,17.144628403623617,16.624090093534967,-0.52053831008865,True,False,True,1,1,1,1,-0.913415746172999,TARGET_PRESERVED,0.9,1.0,0.09999999999999998,0.089,0.6370791897177097,False,0.0,0.0,80000,8a015e3f860296dd3aca796cda326c3703d87c07b3f719b51b1eb7fb9b7d4abb
SMSP|jsr=10|seed=10343|center=2500|Oracle_FrFT_UpperBound,SMSP,10.0,10343,2500,Oracle_FrFT_UpperBound,ORACLE_DIAGNOSTIC_ONLY;NOT_FAIR;NOT_RL_ELIGIBLE,ORACLE_DIAGNOSTIC_ONLY,unified/pass,PASS,17.092473462410613,16.19580884952975,-0.896664612880862,True,True,True,0,0,1,1,-0.913415746172999,TARGET_PRESERVED,0.9,1.0,0.09999999999999998,0.089,0.0,False,0.0,0.0,80000,8a015e3f860296dd3aca796cda326c3703d87c07b3f719b51b1eb7fb9b7d4abb
SMSP|jsr=10|seed=10343|center=3500|Oracle_FrFT_UpperBound,SMSP,10.0,10343,3500,Oracle_FrFT_UpperBound,ORACLE_DIAGNOSTIC_ONLY;NOT_FAIR;NOT_RL_ELIGIBLE,ORACLE_DIAGNOSTIC_ONLY,unified/pass,PASS,17.112740808566286,16.21677234187985,-0.8959684666864369,True,True,True,0,0,1,0,-0.913415746172999,TARGET_PRESERVED,0.9,1.0,0.09999999999999998,0.089,0.0,False,0.0,0.0,80000,8a015e3f860296dd3aca796cda326c3703d87c07b3f719b51b1eb7fb9b7d4abb
SMSP|jsr=10|seed=10343|center=4000|Oracle_FrFT_UpperBound,SMSP,10.0,10343,4000,Oracle_FrFT_UpperBound,ORACLE_DIAGNOSTIC_ONLY;NOT_FAIR;NOT_RL_ELIGIBLE,ORACLE_DIAGNOSTIC_ONLY,unified/pass,PASS,17.143000200843076,16.219055514934134,-0.9239446859089426,True,True,True,0,0,0,0,-0.913415746172999,TARGET_PRESERVED,0.9,1.0,0.09999999999999998,0.089,0.0,False,0.0,0.0,80000,8a015e3f860296dd3aca796cda326c3703d87c07b3f719b51b1eb7fb9b7d4abb
SMSP|jsr=10|seed=10344|center=1000|Oracle_FrFT_UpperBound,SMSP,10.0,10344,1000,Oracle_FrFT_UpperBound,ORACLE_DIAGNOSTIC_ONLY;NOT_FAIR;NOT_RL_ELIGIBLE,ORACLE_DIAGNOSTIC_ONLY,unified/pass,PASS,15.905614160169144,15.699911700293907,-0.20570245987523705,False,False,False,1,1,0,0,-0.9134157461729969,TARGET_PRESERVED,0.9,1.0,0.09999999999999998,0.089,0.5318973083343975,False,0.0,0.0,80000,8a015e3f860296dd3aca796cda326c3703d87c07b3f719b51b1eb7fb9b7d4abb
SMSP|jsr=10|seed=10344|center=1500|Oracle_FrFT_UpperBound,SMSP,10.0,10344,1500,Oracle_FrFT_UpperBound,ORACLE_DIAGNOSTIC_ONLY;NOT_FAIR;NOT_RL_ELIGIBLE,ORACLE_DIAGNOSTIC_ONLY,unified/pass,PASS,17.208642283970235,16.688477910890498,-0.5201643730797372,True,False,True,1,1,0,0,-0.913415746172999,TARGET_PRESERVED,0.9,1.0,0.09999999999999998,0.089,0.6370791897177097,False,0.0,0.0,80000,8a015e3f860296dd3aca796cda326c3703d87c07b3f719b51b1eb7fb9b7d4abb
SMSP|jsr=10|seed=10344|center=2500|Oracle_FrFT_UpperBound,SMSP,10.0,10344,2500,Oracle_FrFT_UpperBound,ORACLE_DIAGNOSTIC_ONLY;NOT_FAIR;NOT_RL_ELIGIBLE,ORACLE_DIAGNOSTIC_ONLY,unified/pass,PASS,17.167888456268734,16.237563317481264,-0.9303251387874703,True,True,True,0,0,0,0,-0.913415746172999,TARGET_PRESERVED,0.9,1.0,0.09999999999999998,0.089,0.0,False,0.0,0.0,80000,8a015e3f860296dd3aca796cda326c3703d87c07b3f719b51b1eb7fb9b7d4abb
SMSP|jsr=10|seed=10344|center=3500|Oracle_FrFT_UpperBound,SMSP,10.0,10344,3500,Oracle_FrFT_UpperBound,ORACLE_DIAGNOSTIC_ONLY;NOT_FAIR;NOT_RL_ELIGIBLE,ORACLE_DIAGNOSTIC_ONLY,unified/pass,PASS,17.14804470752458,16.24131031878658,-0.9067343887379984,True,True,True,0,0,0,0,-0.913415746172999,TARGET_PRESERVED,0.9,1.0,0.09999999999999998,0.089,0.0,False,0.0,0.0,80000,8a015e3f860296dd3aca796cda326c3703d87c07b3f719b51b1eb7fb9b7d4abb
SMSP|jsr=10|seed=10344|center=4000|Oracle_FrFT_UpperBound,SMSP,10.0,10344,4000,Oracle_FrFT_UpperBound,ORACLE_DIAGNOSTIC_ONLY;NOT_FAIR;NOT_RL_ELIGIBLE,ORACLE_DIAGNOSTIC_ONLY,unified/pass,PASS,17.195954529865677,16.24420475924421,-0.9517497706214684,True,True,True,0,0,0,0,-0.913415746172999,TARGET_PRESERVED,0.9,1.0,0.09999999999999998,0.089,0.0,False,0.0,0.0,80000,8a015e3f860296dd3aca796cda326c3703d87c07b3f719b51b1eb7fb9b7d4abb
SMSP|jsr=10|seed=10345|center=1000|Oracle_FrFT_UpperBound,SMSP,10.0,10345,1000,Oracle_FrFT_UpperBound,ORACLE_DIAGNOSTIC_ONLY;NOT_FAIR;NOT_RL_ELIGIBLE,ORACLE_DIAGNOSTIC_ONLY,unified/pass,PASS,15.810173083377483,15.565838353705795,-0.24433472967168868,False,False,False,0,1,0,0,-0.9134157461729969,TARGET_PRESERVED,0.9,1.0,0.09999999999999998,0.089,0.5318973083343975,False,0.0,0.0,80000,8a015e3f860296dd3aca796cda326c3703d87c07b3f719b51b1eb7fb9b7d4abb
SMSP|jsr=10|seed=10345|center=1500|Oracle_FrFT_UpperBound,SMSP,10.0,10345,1500,Oracle_FrFT_UpperBound,ORACLE_DIAGNOSTIC_ONLY;NOT_FAIR;NOT_RL_ELIGIBLE,ORACLE_DIAGNOSTIC_ONLY,unified/pass,PASS,17.293040219654866,16.79146268097663,-0.5015775386782373,True,False,True,1,1,1,0,-0.913415746172999,TARGET_PRESERVED,0.9,1.0,0.09999999999999998,0.089,0.6370791897177098,False,0.0,0.0,80000,8a015e3f860296dd3aca796cda326c3703d87c07b3f719b51b1eb7fb9b7d4abb
SMSP|jsr=10|seed=10345|center=2500|Oracle_FrFT_UpperBound,SMSP,10.0,10345,2500,Oracle_FrFT_UpperBound,ORACLE_DIAGNOSTIC_ONLY;NOT_FAIR;NOT_RL_ELIGIBLE,ORACLE_DIAGNOSTIC_ONLY,unified/pass,PASS,17.140762132955658,16.180311845544804,-0.960450287410854,True,True,True,0,0,0,0,-0.913415746172999,TARGET_PRESERVED,0.9,1.0,0.09999999999999998,0.089,0.0,False,0.0,0.0,80000,8a015e3f860296dd3aca796cda326c3703d87c07b3f719b51b1eb7fb9b7d4abb
SMSP|jsr=10|seed=10345|center=3500|Oracle_FrFT_UpperBound,SMSP,10.0,10345,3500,Oracle_FrFT_UpperBound,ORACLE_DIAGNOSTIC_ONLY;NOT_FAIR;NOT_RL_ELIGIBLE,ORACLE_DIAGNOSTIC_ONLY,unified/pass,PASS,17.165431069252943,16.195828843263897,-0.9696022259890462,True,True,True,0,0,0,0,-0.913415746172999,TARGET_PRESERVED,0.9,1.0,0.09999999999999998,0.089,0.0,False,0.0,0.0,80000,8a015e3f860296dd3aca796cda326c3703d87c07b3f719b51b1eb7fb9b7d4abb
SMSP|jsr=10|seed=10345|center=4000|Oracle_FrFT_UpperBound,SMSP,10.0,10345,4000,Oracle_FrFT_UpperBound,ORACLE_DIAGNOSTIC_ONLY;NOT_FAIR;NOT_RL_ELIGIBLE,ORACLE_DIAGNOSTIC_ONLY,unified/pass,PASS,17.18985364516854,16.27806450345997,-0.9117891417085708,True,True,True,0,0,0,0,-0.913415746172999,TARGET_PRESERVED,0.9,1.0,0.09999999999999998,0.089,0.0,False,0.0,0.0,80000,8a015e3f860296dd3aca796cda326c3703d87c07b3f719b51b1eb7fb9b7d4abb
SMSP|jsr=10|seed=10346|center=1000|Oracle_FrFT_UpperBound,SMSP,10.0,10346,1000,Oracle_FrFT_UpperBound,ORACLE_DIAGNOSTIC_ONLY;NOT_FAIR;NOT_RL_ELIGIBLE,ORACLE_DIAGNOSTIC_ONLY,unified/pass,PASS,15.8708883534945,15.696712461680413,-0.17417589181408744,False,False,False,0,1,1,1,-0.9134157461729969,TARGET_PRESERVED,0.9,1.0,0.09999999999999998,0.089,0.5318973083343975,False,0.0,0.0,80000,8a015e3f860296dd3aca796cda326c3703d87c07b3f719b51b1eb7fb9b7d4abb
SMSP|jsr=10|seed=10346|center=1500|Oracle_FrFT_UpperBound,SMSP,10.0,10346,1500,Oracle_FrFT_UpperBound,ORACLE_DIAGNOSTIC_ONLY;NOT_FAIR;NOT_RL_ELIGIBLE,ORACLE_DIAGNOSTIC_ONLY,unified/pass,PASS,17.34084097510738,16.829085236714242,-0.5117557383931377,True,False,True,1,1,1,0,-0.913415746172999,TARGET_PRESERVED,0.9,1.0,0.09999999999999998,0.089,0.6370791897177097,False,0.0,0.0,80000,8a015e3f860296dd3aca796cda326c3703d87c07b3f719b51b1eb7fb9b7d4abb
SMSP|jsr=10|seed=10346|center=2500|Oracle_FrFT_UpperBound,SMSP,10.0,10346,2500,Oracle_FrFT_UpperBound,ORACLE_DIAGNOSTIC_ONLY;NOT_FAIR;NOT_RL_ELIGIBLE,ORACLE_DIAGNOSTIC_ONLY,unified/pass,PASS,17.22957790452488,16.31145470024296,-0.918123204281919,True,True,True,0,0,0,0,-0.913415746172999,TARGET_PRESERVED,0.9,1.0,0.09999999999999998,0.089,0.0,False,0.0,0.0,80000,8a015e3f860296dd3aca796cda326c3703d87c07b3f719b51b1eb7fb9b7d4abb
SMSP|jsr=10|seed=10346|center=3500|Oracle_FrFT_UpperBound,SMSP,10.0,10346,3500,Oracle_FrFT_UpperBound,ORACLE_DIAGNOSTIC_ONLY;NOT_FAIR;NOT_RL_ELIGIBLE,ORACLE_DIAGNOSTIC_ONLY,unified/pass,PASS,17.126869763697346,16.195264908411364,-0.9316048552859826,True,True,True,0,0,1,2,-0.913415746172999,TARGET_PRESERVED,0.9,1.0,0.09999999999999998,0.089,0.0,False,0.0,0.0,80000,8a015e3f860296dd3aca796cda326c3703d87c07b3f719b51b1eb7fb9b7d4abb
SMSP|jsr=10|seed=10346|center=4000|Oracle_FrFT_UpperBound,SMSP,10.0,10346,4000,Oracle_FrFT_UpperBound,ORACLE_DIAGNOSTIC_ONLY;NOT_FAIR;NOT_RL_ELIGIBLE,ORACLE_DIAGNOSTIC_ONLY,unified/pass,PASS,17.264289651723836,16.329243550649217,-0.9350461010746187,True,True,True,0,0,1,1,-0.913415746172999,TARGET_PRESERVED,0.9,1.0,0.09999999999999998,0.089,0.0,False,0.0,0.0,80000,8a015e3f860296dd3aca796cda326c3703d87c07b3f719b51b1eb7fb9b7d4abb
SMSP|jsr=10|seed=10347|center=1000|Oracle_FrFT_UpperBound,SMSP,10.0,10347,1000,Oracle_FrFT_UpperBound,ORACLE_DIAGNOSTIC_ONLY;NOT_FAIR;NOT_RL_ELIGIBLE,ORACLE_DIAGNOSTIC_ONLY,unified/pass,PASS,15.821227799959559,15.59662432608608,-0.22460347387347923,False,False,False,0,1,1,1,-0.9134157461729969,TARGET_PRESERVED,0.9,1.0,0.09999999999999998,0.089,0.5318973083343975,False,0.0,0.0,80000,8a015e3f860296dd3aca796cda326c3703d87c07b3f719b51b1eb7fb9b7d4abb
SMSP|jsr=10|seed=10347|center=1500|Oracle_FrFT_UpperBound,SMSP,10.0,10347,1500,Oracle_FrFT_UpperBound,ORACLE_DIAGNOSTIC_ONLY;NOT_FAIR;NOT_RL_ELIGIBLE,ORACLE_DIAGNOSTIC_ONLY,unified/pass,PASS,17.272849742176334,16.762902915289345,-0.5099468268869884,True,False,True,1,1,1,1,-0.913415746172999,TARGET_PRESERVED,0.9,1.0,0.09999999999999998,0.089,0.6370791897177097,False,0.0,0.0,80000,8a015e3f860296dd3aca796cda326c3703d87c07b3f719b51b1eb7fb9b7d4abb
SMSP|jsr=10|seed=10347|center=2500|Oracle_FrFT_UpperBound,SMSP,10.0,10347,2500,Oracle_FrFT_UpperBound,ORACLE_DIAGNOSTIC_ONLY;NOT_FAIR;NOT_RL_ELIGIBLE,ORACLE_DIAGNOSTIC_ONLY,unified/pass,PASS,17.169984228654286,16.253786762075574,-0.916197466578712,True,True,True,0,0,0,0,-0.913415746172999,TARGET_PRESERVED,0.9,1.0,0.09999999999999998,0.089,0.0,False,0.0,0.0,80000,8a015e3f860296dd3aca796cda326c3703d87c07b3f719b51b1eb7fb9b7d4abb
SMSP|jsr=10|seed=10347|center=3500|Oracle_FrFT_UpperBound,SMSP,10.0,10347,3500,Oracle_FrFT_UpperBound,ORACLE_DIAGNOSTIC_ONLY;NOT_FAIR;NOT_RL_ELIGIBLE,ORACLE_DIAGNOSTIC_ONLY,unified/pass,PASS,17.268578120193975,16.32966640972818,-0.9389117104657956,True,True,True,0,0,0,0,-0.913415746172999,TARGET_PRESERVED,0.9,1.0,0.09999999999999998,0.089,0.0,False,0.0,0.0,80000,8a015e3f860296dd3aca796cda326c3703d87c07b3f719b51b1eb7fb9b7d4abb
SMSP|jsr=10|seed=10347|center=4000|Oracle_FrFT_UpperBound,SMSP,10.0,10347,4000,Oracle_FrFT_UpperBound,ORACLE_DIAGNOSTIC_ONLY;NOT_FAIR;NOT_RL_ELIGIBLE,ORACLE_DIAGNOSTIC_ONLY,unified/pass,PASS,17.176771450591414,16.22303894662052,-0.9537325039708939,True,True,True,0,0,2,1,-0.913415746172999,TARGET_PRESERVED,0.9,1.0,0.09999999999999998,0.089,0.0,False,0.0,0.0,80000,8a015e3f860296dd3aca796cda326c3703d87c07b3f719b51b1eb7fb9b7d4abb
SMSP|jsr=10|seed=10348|center=1000|Oracle_FrFT_UpperBound,SMSP,10.0,10348,1000,Oracle_FrFT_UpperBound,ORACLE_DIAGNOSTIC_ONLY;NOT_FAIR;NOT_RL_ELIGIBLE,ORACLE_DIAGNOSTIC_ONLY,unified/pass,PASS,16.00763929956566,15.755406355174589,-0.25223294439107136,False,False,False,1,1,0,0,-0.9134157461729969,TARGET_PRESERVED,0.9,1.0,0.09999999999999998,0.089,0.5318973083343975,False,0.0,0.0,80000,8a015e3f860296dd3aca796cda326c3703d87c07b3f719b51b1eb7fb9b7d4abb
SMSP|jsr=10|seed=10348|center=1500|Oracle_FrFT_UpperBound,SMSP,10.0,10348,1500,Oracle_FrFT_UpperBound,ORACLE_DIAGNOSTIC_ONLY;NOT_FAIR;NOT_RL_ELIGIBLE,ORACLE_DIAGNOSTIC_ONLY,unified/pass,PASS,17.375231568651614,16.853175477716597,-0.5220560909350169,True,False,True,1,1,0,0,-0.913415746172999,TARGET_PRESERVED,0.9,1.0,0.09999999999999998,0.089,0.6370791897177098,False,0.0,0.0,80000,8a015e3f860296dd3aca796cda326c3703d87c07b3f719b51b1eb7fb9b7d4abb
SMSP|jsr=10|seed=10348|center=2500|Oracle_FrFT_UpperBound,SMSP,10.0,10348,2500,Oracle_FrFT_UpperBound,ORACLE_DIAGNOSTIC_ONLY;NOT_FAIR;NOT_RL_ELIGIBLE,ORACLE_DIAGNOSTIC_ONLY,unified/pass,PASS,17.36056149987661,16.406327535224655,-0.9542339646519551,True,True,True,0,0,0,0,-0.913415746172999,TARGET_PRESERVED,0.9,1.0,0.09999999999999998,0.089,0.0,False,0.0,0.0,80000,8a015e3f860296dd3aca796cda326c3703d87c07b3f719b51b1eb7fb9b7d4abb
SMSP|jsr=10|seed=10348|center=3500|Oracle_FrFT_UpperBound,SMSP,10.0,10348,3500,Oracle_FrFT_UpperBound,ORACLE_DIAGNOSTIC_ONLY;NOT_FAIR;NOT_RL_ELIGIBLE,ORACLE_DIAGNOSTIC_ONLY,unified/pass,PASS,17.27490762784921,16.315319134643318,-0.9595884932058922,True,True,True,0,0,0,0,-0.913415746172999,TARGET_PRESERVED,0.9,1.0,0.09999999999999998,0.089,0.0,False,0.0,0.0,80000,8a015e3f860296dd3aca796cda326c3703d87c07b3f719b51b1eb7fb9b7d4abb
SMSP|jsr=10|seed=10348|center=4000|Oracle_FrFT_UpperBound,SMSP,10.0,10348,4000,Oracle_FrFT_UpperBound,ORACLE_DIAGNOSTIC_ONLY;NOT_FAIR;NOT_RL_ELIGIBLE,ORACLE_DIAGNOSTIC_ONLY,unified/pass,PASS,17.254143663167504,16.334204931025738,-0.919938732141766,True,True,True,0,0,0,0,-0.913415746172999,TARGET_PRESERVED,0.9,1.0,0.09999999999999998,0.089,0.0,False,0.0,0.0,80000,8a015e3f860296dd3aca796cda326c3703d87c07b3f719b51b1eb7fb9b7d4abb
SMSP|jsr=10|seed=10349|center=1000|Oracle_FrFT_UpperBound,SMSP,10.0,10349,1000,Oracle_FrFT_UpperBound,ORACLE_DIAGNOSTIC_ONLY;NOT_FAIR;NOT_RL_ELIGIBLE,ORACLE_DIAGNOSTIC_ONLY,unified/pass,PASS,16.036006381518042,15.801897406788243,-0.23410897472979997,False,False,False,0,1,1,1,-0.9134157461729969,TARGET_PRESERVED,0.9,1.0,0.09999999999999998,0.089,0.5318973083343975,False,0.0,0.0,80000,8a015e3f860296dd3aca796cda326c3703d87c07b3f719b51b1eb7fb9b7d4abb
SMSP|jsr=10|seed=10349|center=1500|Oracle_FrFT_UpperBound,SMSP,10.0,10349,1500,Oracle_FrFT_UpperBound,ORACLE_DIAGNOSTIC_ONLY;NOT_FAIR;NOT_RL_ELIGIBLE,ORACLE_DIAGNOSTIC_ONLY,unified/pass,PASS,17.375152962161906,16.875540890115236,-0.4996120720466699,True,False,True,1,1,1,1,-0.913415746172999,TARGET_PRESERVED,0.9,1.0,0.09999999999999998,0.089,0.6370791897177097,False,0.0,0.0,80000,8a015e3f860296dd3aca796cda326c3703d87c07b3f719b51b1eb7fb9b7d4abb
SMSP|jsr=10|seed=10349|center=2500|Oracle_FrFT_UpperBound,SMSP,10.0,10349,2500,Oracle_FrFT_UpperBound,ORACLE_DIAGNOSTIC_ONLY;NOT_FAIR;NOT_RL_ELIGIBLE,ORACLE_DIAGNOSTIC_ONLY,unified/pass,PASS,17.139417822827614,16.248106551714777,-0.891311271112837,True,True,True,0,0,1,1,-0.913415746172999,TARGET_PRESERVED,0.9,1.0,0.09999999999999998,0.089,0.0,False,0.0,0.0,80000,8a015e3f860296dd3aca796cda326c3703d87c07b3f719b51b1eb7fb9b7d4abb
SMSP|jsr=10|seed=10349|center=3500|Oracle_FrFT_UpperBound,SMSP,10.0,10349,3500,Oracle_FrFT_UpperBound,ORACLE_DIAGNOSTIC_ONLY;NOT_FAIR;NOT_RL_ELIGIBLE,ORACLE_DIAGNOSTIC_ONLY,unified/pass,PASS,17.095574566857415,16.182545403196247,-0.913029163661168,True,True,True,0,0,1,0,-0.913415746172999,TARGET_PRESERVED,0.9,1.0,0.09999999999999998,0.089,0.0,False,0.0,0.0,80000,8a015e3f860296dd3aca796cda326c3703d87c07b3f719b51b1eb7fb9b7d4abb
SMSP|jsr=10|seed=10349|center=4000|Oracle_FrFT_UpperBound,SMSP,10.0,10349,4000,Oracle_FrFT_UpperBound,ORACLE_DIAGNOSTIC_ONLY;NOT_FAIR;NOT_RL_ELIGIBLE,ORACLE_DIAGNOSTIC_ONLY,unified/pass,PASS,17.29924200708603,16.393160535338232,-0.9060814717477967,True,True,True,0,0,1,0,-0.913415746172999,TARGET_PRESERVED,0.9,1.0,0.09999999999999998,0.089,0.0,False,0.0,0.0,80000,8a015e3f860296dd3aca796cda326c3703d87c07b3f719b51b1eb7fb9b7d4abb
SMSP|jsr=20|seed=10300|center=1000|Oracle_FrFT_UpperBound,SMSP,20.0,10300,1000,Oracle_FrFT_UpperBound,ORACLE_DIAGNOSTIC_ONLY;NOT_FAIR;NOT_RL_ELIGIBLE,ORACLE_DIAGNOSTIC_ONLY,unified/pass,PASS,12.127385865341676,13.55515246102379,1.4277665956821135,False,False,False,19,11,0,0,-0.9134157461729969,TARGET_PRESERVED,0.9,1.0,0.09999999999999998,0.089,0.5318973083343975,False,0.0,0.0,80000,8a015e3f860296dd3aca796cda326c3703d87c07b3f719b51b1eb7fb9b7d4abb
SMSP|jsr=20|seed=10300|center=1500|Oracle_FrFT_UpperBound,SMSP,20.0,10300,1500,Oracle_FrFT_UpperBound,ORACLE_DIAGNOSTIC_ONLY;NOT_FAIR;NOT_RL_ELIGIBLE,ORACLE_DIAGNOSTIC_ONLY,unified/pass,PASS,9.452247219267036,9.63963969222599,0.1873924729589529,False,False,False,519,519,0,0,-0.913415746172999,TARGET_PRESERVED,0.9,1.0,0.09999999999999998,0.089,0.6370791897177097,False,0.0,0.0,80000,8a015e3f860296dd3aca796cda326c3703d87c07b3f719b51b1eb7fb9b7d4abb
SMSP|jsr=20|seed=10300|center=2500|Oracle_FrFT_UpperBound,SMSP,20.0,10300,2500,Oracle_FrFT_UpperBound,ORACLE_DIAGNOSTIC_ONLY;NOT_FAIR;NOT_RL_ELIGIBLE,ORACLE_DIAGNOSTIC_ONLY,unified/pass,PASS,7.174522149602977,6.2583144755565465,-0.9162076740464302,True,True,True,1519,1519,1,0,-0.913415746172999,TARGET_PRESERVED,0.9,1.0,0.09999999999999998,0.089,0.0,False,0.0,0.0,80000,8a015e3f860296dd3aca796cda326c3703d87c07b3f719b51b1eb7fb9b7d4abb
SMSP|jsr=20|seed=10300|center=3500|Oracle_FrFT_UpperBound,SMSP,20.0,10300,3500,Oracle_FrFT_UpperBound,ORACLE_DIAGNOSTIC_ONLY;NOT_FAIR;NOT_RL_ELIGIBLE,ORACLE_DIAGNOSTIC_ONLY,unified/pass,PASS,7.226043058037668,6.346275573623508,-0.8797674844141596,True,True,True,2519,2519,1,0,-0.913415746172999,TARGET_PRESERVED,0.9,1.0,0.09999999999999998,0.089,0.0,False,0.0,0.0,80000,8a015e3f860296dd3aca796cda326c3703d87c07b3f719b51b1eb7fb9b7d4abb
SMSP|jsr=20|seed=10300|center=4000|Oracle_FrFT_UpperBound,SMSP,20.0,10300,4000,Oracle_FrFT_UpperBound,ORACLE_DIAGNOSTIC_ONLY;NOT_FAIR;NOT_RL_ELIGIBLE,ORACLE_DIAGNOSTIC_ONLY,unified/pass,PASS,7.17149528172749,6.277695190388401,-0.8938000913390898,True,True,True,3019,3019,0,0,-0.913415746172999,TARGET_PRESERVED,0.9,1.0,0.09999999999999998,0.089,0.0,False,0.0,0.0,80000,8a015e3f860296dd3aca796cda326c3703d87c07b3f719b51b1eb7fb9b7d4abb
SMSP|jsr=20|seed=10301|center=1000|Oracle_FrFT_UpperBound,SMSP,20.0,10301,1000,Oracle_FrFT_UpperBound,ORACLE_DIAGNOSTIC_ONLY;NOT_FAIR;NOT_RL_ELIGIBLE,ORACLE_DIAGNOSTIC_ONLY,unified/pass,PASS,12.146353905779424,13.59238666032052,1.4460327545410951,False,False,False,19,11,0,0,-0.9134157461729969,TARGET_PRESERVED,0.9,1.0,0.09999999999999998,0.089,0.5318973083343975,False,0.0,0.0,80000,8a015e3f860296dd3aca796cda326c3703d87c07b3f719b51b1eb7fb9b7d4abb
SMSP|jsr=20|seed=10301|center=1500|Oracle_FrFT_UpperBound,SMSP,20.0,10301,1500,Oracle_FrFT_UpperBound,ORACLE_DIAGNOSTIC_ONLY;NOT_FAIR;NOT_RL_ELIGIBLE,ORACLE_DIAGNOSTIC_ONLY,unified/pass,PASS,9.51003208741634,9.732396913195101,0.2223648257787616,False,False,False,519,519,0,0,-0.913415746172999,TARGET_PRESERVED,0.9,1.0,0.09999999999999998,0.089,0.6370791897177098,False,0.0,0.0,80000,8a015e3f860296dd3aca796cda326c3703d87c07b3f719b51b1eb7fb9b7d4abb
SMSP|jsr=20|seed=10301|center=2500|Oracle_FrFT_UpperBound,SMSP,20.0,10301,2500,Oracle_FrFT_UpperBound,ORACLE_DIAGNOSTIC_ONLY;NOT_FAIR;NOT_RL_ELIGIBLE,ORACLE_DIAGNOSTIC_ONLY,unified/pass,PASS,7.200430112250782,6.277587227018472,-0.9228428852323098,True,True,True,1519,1519,0,0,-0.913415746172999,TARGET_PRESERVED,0.9,1.0,0.09999999999999998,0.089,0.0,False,0.0,0.0,80000,8a015e3f860296dd3aca796cda326c3703d87c07b3f719b51b1eb7fb9b7d4abb
SMSP|jsr=20|seed=10301|center=3500|Oracle_FrFT_UpperBound,SMSP,20.0,10301,3500,Oracle_FrFT_UpperBound,ORACLE_DIAGNOSTIC_ONLY;NOT_FAIR;NOT_RL_ELIGIBLE,ORACLE_DIAGNOSTIC_ONLY,unified/pass,PASS,7.289307670791846,6.39839355775981,-0.8909141130320357,True,True,True,2519,2519,0,0,-0.913415746172999,TARGET_PRESERVED,0.9,1.0,0.09999999999999998,0.089,0.0,False,0.0,0.0,80000,8a015e3f860296dd3aca796cda326c3703d87c07b3f719b51b1eb7fb9b7d4abb
SMSP|jsr=20|seed=10301|center=4000|Oracle_FrFT_UpperBound,SMSP,20.0,10301,4000,Oracle_FrFT_UpperBound,ORACLE_DIAGNOSTIC_ONLY;NOT_FAIR;NOT_RL_ELIGIBLE,ORACLE_DIAGNOSTIC_ONLY,unified/pass,PASS,7.224820985172196,6.311027638549254,-0.913793346622942,True,True,True,3019,3019,0,0,-0.913415746172999,TARGET_PRESERVED,0.9,1.0,0.09999999999999998,0.089,0.0,False,0.0,0.0,80000,8a015e3f860296dd3aca796cda326c3703d87c07b3f719b51b1eb7fb9b7d4abb
SMSP|jsr=20|seed=10302|center=1000|Oracle_FrFT_UpperBound,SMSP,20.0,10302,1000,Oracle_FrFT_UpperBound,ORACLE_DIAGNOSTIC_ONLY;NOT_FAIR;NOT_RL_ELIGIBLE,ORACLE_DIAGNOSTIC_ONLY,unified/pass,PASS,12.17613177825896,13.594974000270332,1.4188422220113726,False,False,False,19,11,1,1,-0.9134157461729969,TARGET_PRESERVED,0.9,1.0,0.09999999999999998,0.089,0.5318973083343975,False,0.0,0.0,80000,8a015e3f860296dd3aca796cda326c3703d87c07b3f719b51b1eb7fb9b7d4abb
SMSP|jsr=20|seed=10302|center=1500|Oracle_FrFT_UpperBound,SMSP,20.0,10302,1500,Oracle_FrFT_UpperBound,ORACLE_DIAGNOSTIC_ONLY;NOT_FAIR;NOT_RL_ELIGIBLE,ORACLE_DIAGNOSTIC_ONLY,unified/pass,PASS,9.447401954501977,9.649760635040463,0.20235868053848627,False,False,False,519,519,1,1,-0.913415746172999,TARGET_PRESERVED,0.9,1.0,0.09999999999999998,0.089,0.6370791897177098,False,0.0,0.0,80000,8a015e3f860296dd3aca796cda326c3703d87c07b3f719b51b1eb7fb9b7d4abb
SMSP|jsr=20|seed=10302|center=2500|Oracle_FrFT_UpperBound,SMSP,20.0,10302,2500,Oracle_FrFT_UpperBound,ORACLE_DIAGNOSTIC_ONLY;NOT_FAIR;NOT_RL_ELIGIBLE,ORACLE_DIAGNOSTIC_ONLY,unified/pass,PASS,7.238602528350405,6.326674695140938,-0.9119278332094671,True,True,True,1519,1519,0,0,-0.913415746172999,TARGET_PRESERVED,0.9,1.0,0.09999999999999998,0.089,0.0,False,0.0,0.0,80000,8a015e3f860296dd3aca796cda326c3703d87c07b3f719b51b1eb7fb9b7d4abb
SMSP|jsr=20|seed=10302|center=3500|Oracle_FrFT_UpperBound,SMSP,20.0,10302,3500,Oracle_FrFT_UpperBound,ORACLE_DIAGNOSTIC_ONLY;NOT_FAIR;NOT_RL_ELIGIBLE,ORACLE_DIAGNOSTIC_ONLY,unified/pass,PASS,7.348661340283432,6.432980878634562,-0.9156804616488703,True,True,True,2519,2519,0,0,-0.913415746172999,TARGET_PRESERVED,0.9,1.0,0.09999999999999998,0.089,0.0,False,0.0,0.0,80000,8a015e3f860296dd3aca796cda326c3703d87c07b3f719b51b1eb7fb9b7d4abb
SMSP|jsr=20|seed=10302|center=4000|Oracle_FrFT_UpperBound,SMSP,20.0,10302,4000,Oracle_FrFT_UpperBound,ORACLE_DIAGNOSTIC_ONLY;NOT_FAIR;NOT_RL_ELIGIBLE,ORACLE_DIAGNOSTIC_ONLY,unified/pass,PASS,7.288937088323294,6.370268898810587,-0.9186681895127071,True,True,True,3019,3019,1,1,-0.913415746172999,TARGET_PRESERVED,0.9,1.0,0.09999999999999998,0.089,0.0,False,0.0,0.0,80000,8a015e3f860296dd3aca796cda326c3703d87c07b3f719b51b1eb7fb9b7d4abb
SMSP|jsr=20|seed=10303|center=1000|Oracle_FrFT_UpperBound,SMSP,20.0,10303,1000,Oracle_FrFT_UpperBound,ORACLE_DIAGNOSTIC_ONLY;NOT_FAIR;NOT_RL_ELIGIBLE,ORACLE_DIAGNOSTIC_ONLY,unified/pass,PASS,12.105608320465276,13.527995138379525,1.4223868179142496,False,False,False,19,11,1,1,-0.9134157461729969,TARGET_PRESERVED,0.9,1.0,0.09999999999999998,0.089,0.5318973083343975,False,0.0,0.0,80000,8a015e3f860296dd3aca796cda326c3703d87c07b3f719b51b1eb7fb9b7d4abb
SMSP|jsr=20|seed=10303|center=1500|Oracle_FrFT_UpperBound,SMSP,20.0,10303,1500,Oracle_FrFT_UpperBound,ORACLE_DIAGNOSTIC_ONLY;NOT_FAIR;NOT_RL_ELIGIBLE,ORACLE_DIAGNOSTIC_ONLY,unified/pass,PASS,9.391711491195352,9.584957433513207,0.19324594231785497,False,False,False,519,519,1,1,-0.913415746172999,TARGET_PRESERVED,0.9,1.0,0.09999999999999998,0.089,0.6370791897177097,False,0.0,0.0,80000,8a015e3f860296dd3aca796cda326c3703d87c07b3f719b51b1eb7fb9b7d4abb
SMSP|jsr=20|seed=10303|center=2500|Oracle_FrFT_UpperBound,SMSP,20.0,10303,2500,Oracle_FrFT_UpperBound,ORACLE_DIAGNOSTIC_ONLY;NOT_FAIR;NOT_RL_ELIGIBLE,ORACLE_DIAGNOSTIC_ONLY,unified/pass,PASS,7.177682726511129,6.238385619727946,-0.939297106783183,True,True,True,1519,1519,1,1,-0.913415746172999,TARGET_PRESERVED,0.9,1.0,0.09999999999999998,0.089,0.0,False,0.0,0.0,80000,8a015e3f860296dd3aca796cda326c3703d87c07b3f719b51b1eb7fb9b7d4abb
SMSP|jsr=20|seed=10303|center=3500|Oracle_FrFT_UpperBound,SMSP,20.0,10303,3500,Oracle_FrFT_UpperBound,ORACLE_DIAGNOSTIC_ONLY;NOT_FAIR;NOT_RL_ELIGIBLE,ORACLE_DIAGNOSTIC_ONLY,unified/pass,PASS,7.308406539042537,6.426554517195332,-0.8818520218472043,True,True,True,2519,2519,0,0,-0.913415746172999,TARGET_PRESERVED,0.9,1.0,0.09999999999999998,0.089,0.0,False,0.0,0.0,80000,8a015e3f860296dd3aca796cda326c3703d87c07b3f719b51b1eb7fb9b7d4abb
SMSP|jsr=20|seed=10303|center=4000|Oracle_FrFT_UpperBound,SMSP,20.0,10303,4000,Oracle_FrFT_UpperBound,ORACLE_DIAGNOSTIC_ONLY;NOT_FAIR;NOT_RL_ELIGIBLE,ORACLE_DIAGNOSTIC_ONLY,unified/pass,PASS,7.2028736212646685,6.259657960588143,-0.9432156606765254,True,True,True,3019,3019,0,0,-0.913415746172999,TARGET_PRESERVED,0.9,1.0,0.09999999999999998,0.089,0.0,False,0.0,0.0,80000,8a015e3f860296dd3aca796cda326c3703d87c07b3f719b51b1eb7fb9b7d4abb
SMSP|jsr=20|seed=10304|center=1000|Oracle_FrFT_UpperBound,SMSP,20.0,10304,1000,Oracle_FrFT_UpperBound,ORACLE_DIAGNOSTIC_ONLY;NOT_FAIR;NOT_RL_ELIGIBLE,ORACLE_DIAGNOSTIC_ONLY,unified/pass,PASS,12.10950852783417,13.539147056445957,1.4296385286117879,False,False,False,19,11,0,0,-0.9134157461729969,TARGET_PRESERVED,0.9,1.0,0.09999999999999998,0.089,0.5318973083343975,False,0.0,0.0,80000,8a015e3f860296dd3aca796cda326c3703d87c07b3f719b51b1eb7fb9b7d4abb
SMSP|jsr=20|seed=10304|center=1500|Oracle_FrFT_UpperBound,SMSP,20.0,10304,1500,Oracle_FrFT_UpperBound,ORACLE_DIAGNOSTIC_ONLY;NOT_FAIR;NOT_RL_ELIGIBLE,ORACLE_DIAGNOSTIC_ONLY,unified/pass,PASS,9.428749445100177,9.633723243062772,0.20497379796259452,False,False,False,519,519,0,0,-0.913415746172999,TARGET_PRESERVED,0.9,1.0,0.09999999999999998,0.089,0.6370791897177097,False,0.0,0.0,80000,8a015e3f860296dd3aca796cda326c3703d87c07b3f719b51b1eb7fb9b7d4abb
SMSP|jsr=20|seed=10304|center=2500|Oracle_FrFT_UpperBound,SMSP,20.0,10304,2500,Oracle_FrFT_UpperBound,ORACLE_DIAGNOSTIC_ONLY;NOT_FAIR;NOT_RL_ELIGIBLE,ORACLE_DIAGNOSTIC_ONLY,unified/pass,PASS,7.3043099819534,6.390776867324094,-0.9135331146293062,True,True,True,1519,1519,0,0,-0.913415746172999,TARGET_PRESERVED,0.9,1.0,0.09999999999999998,0.089,0.0,False,0.0,0.0,80000,8a015e3f860296dd3aca796cda326c3703d87c07b3f719b51b1eb7fb9b7d4abb
SMSP|jsr=20|seed=10304|center=3500|Oracle_FrFT_UpperBound,SMSP,20.0,10304,3500,Oracle_FrFT_UpperBound,ORACLE_DIAGNOSTIC_ONLY;NOT_FAIR;NOT_RL_ELIGIBLE,ORACLE_DIAGNOSTIC_ONLY,unified/pass,PASS,7.196999217042443,6.274311571403329,-0.9226876456391135,True,True,True,2519,2519,0,0,-0.913415746172999,TARGET_PRESERVED,0.9,1.0,0.09999999999999998,0.089,0.0,False,0.0,0.0,80000,8a015e3f860296dd3aca796cda326c3703d87c07b3f719b51b1eb7fb9b7d4abb
SMSP|jsr=20|seed=10304|center=4000|Oracle_FrFT_UpperBound,SMSP,20.0,10304,4000,Oracle_FrFT_UpperBound,ORACLE_DIAGNOSTIC_ONLY;NOT_FAIR;NOT_RL_ELIGIBLE,ORACLE_DIAGNOSTIC_ONLY,unified/pass,PASS,7.1597590339506265,6.2371892077894575,-0.922569826161169,True,True,True,3019,3019,1,0,-0.913415746172999,TARGET_PRESERVED,0.9,1.0,0.09999999999999998,0.089,0.0,False,0.0,0.0,80000,8a015e3f860296dd3aca796cda326c3703d87c07b3f719b51b1eb7fb9b7d4abb
SMSP|jsr=20|seed=10305|center=1000|Oracle_FrFT_UpperBound,SMSP,20.0,10305,1000,Oracle_FrFT_UpperBound,ORACLE_DIAGNOSTIC_ONLY;NOT_FAIR;NOT_RL_ELIGIBLE,ORACLE_DIAGNOSTIC_ONLY,unified/pass,PASS,12.15264638932041,13.578037766010056,1.425391376689646,False,False,False,19,11,1,1,-0.9134157461729969,TARGET_PRESERVED,0.9,1.0,0.09999999999999998,0.089,0.5318973083343975,False,0.0,0.0,80000,8a015e3f860296dd3aca796cda326c3703d87c07b3f719b51b1eb7fb9b7d4abb
SMSP|jsr=20|seed=10305|center=1500|Oracle_FrFT_UpperBound,SMSP,20.0,10305,1500,Oracle_FrFT_UpperBound,ORACLE_DIAGNOSTIC_ONLY;NOT_FAIR;NOT_RL_ELIGIBLE,ORACLE_DIAGNOSTIC_ONLY,unified/pass,PASS,9.525077947606096,9.732821407391416,0.20774345978531983,False,False,False,519,519,1,1,-0.913415746172999,TARGET_PRESERVED,0.9,1.0,0.09999999999999998,0.089,0.6370791897177097,False,0.0,0.0,80000,8a015e3f860296dd3aca796cda326c3703d87c07b3f719b51b1eb7fb9b7d4abb
SMSP|jsr=20|seed=10305|center=2500|Oracle_FrFT_UpperBound,SMSP,20.0,10305,2500,Oracle_FrFT_UpperBound,ORACLE_DIAGNOSTIC_ONLY;NOT_FAIR;NOT_RL_ELIGIBLE,ORACLE_DIAGNOSTIC_ONLY,unified/pass,PASS,7.268445718727781,6.3413888015978035,-0.9270569171299776,True,True,True,1519,1519,1,1,-0.913415746172999,TARGET_PRESERVED,0.9,1.0,0.09999999999999998,0.089,0.0,False,0.0,0.0,80000,8a015e3f860296dd3aca796cda326c3703d87c07b3f719b51b1eb7fb9b7d4abb
SMSP|jsr=20|seed=10305|center=3500|Oracle_FrFT_UpperBound,SMSP,20.0,10305,3500,Oracle_FrFT_UpperBound,ORACLE_DIAGNOSTIC_ONLY;NOT_FAIR;NOT_RL_ELIGIBLE,ORACLE_DIAGNOSTIC_ONLY,unified/pass,PASS,7.267961607347601,6.355583601979072,-0.9123780053685291,True,True,True,2519,2519,1,1,-0.913415746172999,TARGET_PRESERVED,0.9,1.0,0.09999999999999998,0.089,0.0,False,0.0,0.0,80000,8a015e3f860296dd3aca796cda326c3703d87c07b3f719b51b1eb7fb9b7d4abb
SMSP|jsr=20|seed=10305|center=4000|Oracle_FrFT_UpperBound,SMSP,20.0,10305,4000,Oracle_FrFT_UpperBound,ORACLE_DIAGNOSTIC_ONLY;NOT_FAIR;NOT_RL_ELIGIBLE,ORACLE_DIAGNOSTIC_ONLY,unified/pass,PASS,7.316602120179457,6.3898824239866805,-0.9267196961927766,True,True,True,3019,3019,0,0,-0.913415746172999,TARGET_PRESERVED,0.9,1.0,0.09999999999999998,0.089,0.0,False,0.0,0.0,80000,8a015e3f860296dd3aca796cda326c3703d87c07b3f719b51b1eb7fb9b7d4abb
SMSP|jsr=20|seed=10306|center=1000|Oracle_FrFT_UpperBound,SMSP,20.0,10306,1000,Oracle_FrFT_UpperBound,ORACLE_DIAGNOSTIC_ONLY;NOT_FAIR;NOT_RL_ELIGIBLE,ORACLE_DIAGNOSTIC_ONLY,unified/pass,PASS,12.155265706267706,13.578151674239782,1.4228859679720767,False,False,False,19,11,0,0,-0.9134157461729969,TARGET_PRESERVED,0.9,1.0,0.09999999999999998,0.089,0.5318973083343975,False,0.0,0.0,80000,8a015e3f860296dd3aca796cda326c3703d87c07b3f719b51b1eb7fb9b7d4abb
SMSP|jsr=20|seed=10306|center=1500|Oracle_FrFT_UpperBound,SMSP,20.0,10306,1500,Oracle_FrFT_UpperBound,ORACLE_DIAGNOSTIC_ONLY;NOT_FAIR;NOT_RL_ELIGIBLE,ORACLE_DIAGNOSTIC_ONLY,unified/pass,PASS,9.460291252606755,9.671371970078518,0.21108071747176282,False,False,False,519,519,0,0,-0.913415746172999,TARGET_PRESERVED,0.9,1.0,0.09999999999999998,0.089,0.6370791897177097,False,0.0,0.0,80000,8a015e3f860296dd3aca796cda326c3703d87c07b3f719b51b1eb7fb9b7d4abb
SMSP|jsr=20|seed=10306|center=2500|Oracle_FrFT_UpperBound,SMSP,20.0,10306,2500,Oracle_FrFT_UpperBound,ORACLE_DIAGNOSTIC_ONLY;NOT_FAIR;NOT_RL_ELIGIBLE,ORACLE_DIAGNOSTIC_ONLY,unified/pass,PASS,7.23269249621338,6.308850416853832,-0.9238420793595479,True,True,True,1519,1519,0,0,-0.913415746172999,TARGET_PRESERVED,0.9,1.0,0.09999999999999998,0.089,0.0,False,0.0,0.0,80000,8a015e3f860296dd3aca796cda326c3703d87c07b3f719b51b1eb7fb9b7d4abb
SMSP|jsr=20|seed=10306|center=3500|Oracle_FrFT_UpperBound,SMSP,20.0,10306,3500,Oracle_FrFT_UpperBound,ORACLE_DIAGNOSTIC_ONLY;NOT_FAIR;NOT_RL_ELIGIBLE,ORACLE_DIAGNOSTIC_ONLY,unified/pass,PASS,7.13532914639371,6.176495086218287,-0.9588340601754233,True,True,True,2519,2519,0,0,-0.913415746172999,TARGET_PRESERVED,0.9,1.0,0.09999999999999998,0.089,0.0,False,0.0,0.0,80000,8a015e3f860296dd3aca796cda326c3703d87c07b3f719b51b1eb7fb9b7d4abb
SMSP|jsr=20|seed=10306|center=4000|Oracle_FrFT_UpperBound,SMSP,20.0,10306,4000,Oracle_FrFT_UpperBound,ORACLE_DIAGNOSTIC_ONLY;NOT_FAIR;NOT_RL_ELIGIBLE,ORACLE_DIAGNOSTIC_ONLY,unified/pass,PASS,7.2127363926587895,6.279203230270049,-0.9335331623887404,True,True,True,3019,3019,0,0,-0.913415746172999,TARGET_PRESERVED,0.9,1.0,0.09999999999999998,0.089,0.0,False,0.0,0.0,80000,8a015e3f860296dd3aca796cda326c3703d87c07b3f719b51b1eb7fb9b7d4abb
SMSP|jsr=20|seed=10307|center=1000|Oracle_FrFT_UpperBound,SMSP,20.0,10307,1000,Oracle_FrFT_UpperBound,ORACLE_DIAGNOSTIC_ONLY;NOT_FAIR;NOT_RL_ELIGIBLE,ORACLE_DIAGNOSTIC_ONLY,unified/pass,PASS,12.107106613729146,13.526900333467164,1.4197937197380188,False,False,False,19,11,0,0,-0.9134157461729969,TARGET_PRESERVED,0.9,1.0,0.09999999999999998,0.089,0.5318973083343975,False,0.0,0.0,80000,8a015e3f860296dd3aca796cda326c3703d87c07b3f719b51b1eb7fb9b7d4abb
SMSP|jsr=20|seed=10307|center=1500|Oracle_FrFT_UpperBound,SMSP,20.0,10307,1500,Oracle_FrFT_UpperBound,ORACLE_DIAGNOSTIC_ONLY;NOT_FAIR;NOT_RL_ELIGIBLE,ORACLE_DIAGNOSTIC_ONLY,unified/pass,PASS,9.36980540546027,9.613733864705457,0.24392845924518802,False,False,False,519,519,0,0,-0.913415746172999,TARGET_PRESERVED,0.9,1.0,0.09999999999999998,0.089,0.6370791897177098,False,0.0,0.0,80000,8a015e3f860296dd3aca796cda326c3703d87c07b3f719b51b1eb7fb9b7d4abb
SMSP|jsr=20|seed=10307|center=2500|Oracle_FrFT_UpperBound,SMSP,20.0,10307,2500,Oracle_FrFT_UpperBound,ORACLE_DIAGNOSTIC_ONLY;NOT_FAIR;NOT_RL_ELIGIBLE,ORACLE_DIAGNOSTIC_ONLY,unified/pass,PASS,7.156193780816194,6.2387358443578345,-0.9174579364583595,True,True,True,1519,1519,0,0,-0.913415746172999,TARGET_PRESERVED,0.9,1.0,0.09999999999999998,0.089,0.0,False,0.0,0.0,80000,8a015e3f860296dd3aca796cda326c3703d87c07b3f719b51b1eb7fb9b7d4abb
SMSP|jsr=20|seed=10307|center=3500|Oracle_FrFT_UpperBound,SMSP,20.0,10307,3500,Oracle_FrFT_UpperBound,ORACLE_DIAGNOSTIC_ONLY;NOT_FAIR;NOT_RL_ELIGIBLE,ORACLE_DIAGNOSTIC_ONLY,unified/pass,PASS,7.168328919228574,6.238578531800789,-0.9297503874277853,True,True,True,2519,2519,0,0,-0.913415746172999,TARGET_PRESERVED,0.9,1.0,0.09999999999999998,0.089,0.0,False,0.0,0.0,80000,8a015e3f860296dd3aca796cda326c3703d87c07b3f719b51b1eb7fb9b7d4abb
SMSP|jsr=20|seed=10307|center=4000|Oracle_FrFT_UpperBound,SMSP,20.0,10307,4000,Oracle_FrFT_UpperBound,ORACLE_DIAGNOSTIC_ONLY;NOT_FAIR;NOT_RL_ELIGIBLE,ORACLE_DIAGNOSTIC_ONLY,unified/pass,PASS,7.189071694250979,6.309658855562493,-0.8794128386884861,True,True,True,3019,3019,0,0,-0.913415746172999,TARGET_PRESERVED,0.9,1.0,0.09999999999999998,0.089,0.0,False,0.0,0.0,80000,8a015e3f860296dd3aca796cda326c3703d87c07b3f719b51b1eb7fb9b7d4abb
SMSP|jsr=20|seed=10308|center=1000|Oracle_FrFT_UpperBound,SMSP,20.0,10308,1000,Oracle_FrFT_UpperBound,ORACLE_DIAGNOSTIC_ONLY;NOT_FAIR;NOT_RL_ELIGIBLE,ORACLE_DIAGNOSTIC_ONLY,unified/pass,PASS,12.156652636858086,13.572135649376593,1.4154830125185072,False,False,False,19,11,1,1,-0.9134157461729969,TARGET_PRESERVED,0.9,1.0,0.09999999999999998,0.089,0.5318973083343975,False,0.0,0.0,80000,8a015e3f860296dd3aca796cda326c3703d87c07b3f719b51b1eb7fb9b7d4abb
SMSP|jsr=20|seed=10308|center=1500|Oracle_FrFT_UpperBound,SMSP,20.0,10308,1500,Oracle_FrFT_UpperBound,ORACLE_DIAGNOSTIC_ONLY;NOT_FAIR;NOT_RL_ELIGIBLE,ORACLE_DIAGNOSTIC_ONLY,unified/pass,PASS,9.502691353570947,9.716847970907782,0.214156617336835,False,False,False,519,519,1,1,-0.913415746172999,TARGET_PRESERVED,0.9,1.0,0.09999999999999998,0.089,0.6370791897177097,False,0.0,0.0,80000,8a015e3f860296dd3aca796cda326c3703d87c07b3f719b51b1eb7fb9b7d4abb
SMSP|jsr=20|seed=10308|center=2500|Oracle_FrFT_UpperBound,SMSP,20.0,10308,2500,Oracle_FrFT_UpperBound,ORACLE_DIAGNOSTIC_ONLY;NOT_FAIR;NOT_RL_ELIGIBLE,ORACLE_DIAGNOSTIC_ONLY,unified/pass,PASS,7.099799470379267,6.176714187874896,-0.9230852825043714,True,True,True,1519,1519,0,0,-0.913415746172999,TARGET_PRESERVED,0.9,1.0,0.09999999999999998,0.089,0.0,False,0.0,0.0,80000,8a015e3f860296dd3aca796cda326c3703d87c07b3f719b51b1eb7fb9b7d4abb
SMSP|jsr=20|seed=10308|center=3500|Oracle_FrFT_UpperBound,SMSP,20.0,10308,3500,Oracle_FrFT_UpperBound,ORACLE_DIAGNOSTIC_ONLY;NOT_FAIR;NOT_RL_ELIGIBLE,ORACLE_DIAGNOSTIC_ONLY,unified/pass,PASS,7.143834320502193,6.226667614210262,-0.9171667062919306,True,True,True,2519,2519,0,0,-0.913415746172999,TARGET_PRESERVED,0.9,1.0,0.09999999999999998,0.089,0.0,False,0.0,0.0,80000,8a015e3f860296dd3aca796cda326c3703d87c07b3f719b51b1eb7fb9b7d4abb
SMSP|jsr=20|seed=10308|center=4000|Oracle_FrFT_UpperBound,SMSP,20.0,10308,4000,Oracle_FrFT_UpperBound,ORACLE_DIAGNOSTIC_ONLY;NOT_FAIR;NOT_RL_ELIGIBLE,ORACLE_DIAGNOSTIC_ONLY,unified/pass,PASS,7.149323410915,6.225824852714155,-0.923498558200845,True,True,True,3019,3019,1,1,-0.913415746172999,TARGET_PRESERVED,0.9,1.0,0.09999999999999998,0.089,0.0,False,0.0,0.0,80000,8a015e3f860296dd3aca796cda326c3703d87c07b3f719b51b1eb7fb9b7d4abb
SMSP|jsr=20|seed=10309|center=1000|Oracle_FrFT_UpperBound,SMSP,20.0,10309,1000,Oracle_FrFT_UpperBound,ORACLE_DIAGNOSTIC_ONLY;NOT_FAIR;NOT_RL_ELIGIBLE,ORACLE_DIAGNOSTIC_ONLY,unified/pass,PASS,12.096785016526502,13.534492627473814,1.437707610947312,False,False,False,19,11,0,0,-0.9134157461729969,TARGET_PRESERVED,0.9,1.0,0.09999999999999998,0.089,0.5318973083343975,False,0.0,0.0,80000,8a015e3f860296dd3aca796cda326c3703d87c07b3f719b51b1eb7fb9b7d4abb
SMSP|jsr=20|seed=10309|center=1500|Oracle_FrFT_UpperBound,SMSP,20.0,10309,1500,Oracle_FrFT_UpperBound,ORACLE_DIAGNOSTIC_ONLY;NOT_FAIR;NOT_RL_ELIGIBLE,ORACLE_DIAGNOSTIC_ONLY,unified/pass,PASS,9.500519614213646,9.679099277088884,0.1785796628752383,False,False,False,519,519,0,0,-0.913415746172999,TARGET_PRESERVED,0.9,1.0,0.09999999999999998,0.089,0.6370791897177098,False,0.0,0.0,80000,8a015e3f860296dd3aca796cda326c3703d87c07b3f719b51b1eb7fb9b7d4abb
SMSP|jsr=20|seed=10309|center=2500|Oracle_FrFT_UpperBound,SMSP,20.0,10309,2500,Oracle_FrFT_UpperBound,ORACLE_DIAGNOSTIC_ONLY;NOT_FAIR;NOT_RL_ELIGIBLE,ORACLE_DIAGNOSTIC_ONLY,unified/pass,PASS,7.231482894523895,6.322077545276122,-0.9094053492477725,True,True,True,1519,1519,0,0,-0.913415746172999,TARGET_PRESERVED,0.9,1.0,0.09999999999999998,0.089,0.0,False,0.0,0.0,80000,8a015e3f860296dd3aca796cda326c3703d87c07b3f719b51b1eb7fb9b7d4abb
SMSP|jsr=20|seed=10309|center=3500|Oracle_FrFT_UpperBound,SMSP,20.0,10309,3500,Oracle_FrFT_UpperBound,ORACLE_DIAGNOSTIC_ONLY;NOT_FAIR;NOT_RL_ELIGIBLE,ORACLE_DIAGNOSTIC_ONLY,unified/pass,PASS,7.2424527092562565,6.364696838943146,-0.8777558703131101,True,True,True,2519,2519,0,0,-0.913415746172999,TARGET_PRESERVED,0.9,1.0,0.09999999999999998,0.089,0.0,False,0.0,0.0,80000,8a015e3f860296dd3aca796cda326c3703d87c07b3f719b51b1eb7fb9b7d4abb
SMSP|jsr=20|seed=10309|center=4000|Oracle_FrFT_UpperBound,SMSP,20.0,10309,4000,Oracle_FrFT_UpperBound,ORACLE_DIAGNOSTIC_ONLY;NOT_FAIR;NOT_RL_ELIGIBLE,ORACLE_DIAGNOSTIC_ONLY,unified/pass,PASS,7.167422400522185,6.255163698076305,-0.9122587024458806,True,True,True,3019,3019,0,0,-0.913415746172999,TARGET_PRESERVED,0.9,1.0,0.09999999999999998,0.089,0.0,False,0.0,0.0,80000,8a015e3f860296dd3aca796cda326c3703d87c07b3f719b51b1eb7fb9b7d4abb
SMSP|jsr=20|seed=10310|center=1000|Oracle_FrFT_UpperBound,SMSP,20.0,10310,1000,Oracle_FrFT_UpperBound,ORACLE_DIAGNOSTIC_ONLY;NOT_FAIR;NOT_RL_ELIGIBLE,ORACLE_DIAGNOSTIC_ONLY,unified/pass,PASS,12.136931957046524,13.571589385854285,1.4346574288077605,False,False,False,19,11,1,1,-0.9134157461729969,TARGET_PRESERVED,0.9,1.0,0.09999999999999998,0.089,0.5318973083343975,False,0.0,0.0,80000,8a015e3f860296dd3aca796cda326c3703d87c07b3f719b51b1eb7fb9b7d4abb
SMSP|jsr=20|seed=10310|center=1500|Oracle_FrFT_UpperBound,SMSP,20.0,10310,1500,Oracle_FrFT_UpperBound,ORACLE_DIAGNOSTIC_ONLY;NOT_FAIR;NOT_RL_ELIGIBLE,ORACLE_DIAGNOSTIC_ONLY,unified/pass,PASS,9.467962741584596,9.659370449195844,0.1914077076112477,False,False,False,519,519,1,1,-0.913415746172999,TARGET_PRESERVED,0.9,1.0,0.09999999999999998,0.089,0.6370791897177097,False,0.0,0.0,80000,8a015e3f860296dd3aca796cda326c3703d87c07b3f719b51b1eb7fb9b7d4abb
SMSP|jsr=20|seed=10310|center=2500|Oracle_FrFT_UpperBound,SMSP,20.0,10310,2500,Oracle_FrFT_UpperBound,ORACLE_DIAGNOSTIC_ONLY;NOT_FAIR;NOT_RL_ELIGIBLE,ORACLE_DIAGNOSTIC_ONLY,unified/pass,PASS,7.335210625799164,6.414484732842485,-0.9207258929566784,True,True,True,1519,1519,1,1,-0.913415746172999,TARGET_PRESERVED,0.9,1.0,0.09999999999999998,0.089,0.0,False,0.0,0.0,80000,8a015e3f860296dd3aca796cda326c3703d87c07b3f719b51b1eb7fb9b7d4abb
SMSP|jsr=20|seed=10310|center=3500|Oracle_FrFT_UpperBound,SMSP,20.0,10310,3500,Oracle_FrFT_UpperBound,ORACLE_DIAGNOSTIC_ONLY;NOT_FAIR;NOT_RL_ELIGIBLE,ORACLE_DIAGNOSTIC_ONLY,unified/pass,PASS,7.209728272315811,6.294194415408583,-0.9155338569072278,True,True,True,2519,2519,0,0,-0.913415746172999,TARGET_PRESERVED,0.9,1.0,0.09999999999999998,0.089,0.0,False,0.0,0.0,80000,8a015e3f860296dd3aca796cda326c3703d87c07b3f719b51b1eb7fb9b7d4abb
SMSP|jsr=20|seed=10310|center=4000|Oracle_FrFT_UpperBound,SMSP,20.0,10310,4000,Oracle_FrFT_UpperBound,ORACLE_DIAGNOSTIC_ONLY;NOT_FAIR;NOT_RL_ELIGIBLE,ORACLE_DIAGNOSTIC_ONLY,unified/pass,PASS,7.301187391581116,6.394638755162019,-0.9065486364190969,True,True,True,3019,3019,0,0,-0.913415746172999,TARGET_PRESERVED,0.9,1.0,0.09999999999999998,0.089,0.0,False,0.0,0.0,80000,8a015e3f860296dd3aca796cda326c3703d87c07b3f719b51b1eb7fb9b7d4abb
SMSP|jsr=20|seed=10311|center=1000|Oracle_FrFT_UpperBound,SMSP,20.0,10311,1000,Oracle_FrFT_UpperBound,ORACLE_DIAGNOSTIC_ONLY;NOT_FAIR;NOT_RL_ELIGIBLE,ORACLE_DIAGNOSTIC_ONLY,unified/pass,PASS,12.157752591014537,13.571042807662057,1.4132902166475194,False,False,False,19,11,1,1,-0.9134157461729969,TARGET_PRESERVED,0.9,1.0,0.09999999999999998,0.089,0.5318973083343975,False,0.0,0.0,80000,8a015e3f860296dd3aca796cda326c3703d87c07b3f719b51b1eb7fb9b7d4abb
SMSP|jsr=20|seed=10311|center=1500|Oracle_FrFT_UpperBound,SMSP,20.0,10311,1500,Oracle_FrFT_UpperBound,ORACLE_DIAGNOSTIC_ONLY;NOT_FAIR;NOT_RL_ELIGIBLE,ORACLE_DIAGNOSTIC_ONLY,unified/pass,PASS,9.444151643500653,9.636719359047374,0.19256771554672092,False,False,False,519,519,1,1,-0.913415746172999,TARGET_PRESERVED,0.9,1.0,0.09999999999999998,0.089,0.6370791897177097,False,0.0,0.0,80000,8a015e3f860296dd3aca796cda326c3703d87c07b3f719b51b1eb7fb9b7d4abb
SMSP|jsr=20|seed=10311|center=2500|Oracle_FrFT_UpperBound,SMSP,20.0,10311,2500,Oracle_FrFT_UpperBound,ORACLE_DIAGNOSTIC_ONLY;NOT_FAIR;NOT_RL_ELIGIBLE,ORACLE_DIAGNOSTIC_ONLY,unified/pass,PASS,7.22096422695598,6.312558742457077,-0.9084054844989025,True,True,True,1519,1519,1,1,-0.913415746172999,TARGET_PRESERVED,0.9,1.0,0.09999999999999998,0.089,0.0,False,0.0,0.0,80000,8a015e3f860296dd3aca796cda326c3703d87c07b3f719b51b1eb7fb9b7d4abb
SMSP|jsr=20|seed=10311|center=3500|Oracle_FrFT_UpperBound,SMSP,20.0,10311,3500,Oracle_FrFT_UpperBound,ORACLE_DIAGNOSTIC_ONLY;NOT_FAIR;NOT_RL_ELIGIBLE,ORACLE_DIAGNOSTIC_ONLY,unified/pass,PASS,7.350903527409609,6.463784186931449,-0.8871193404781597,True,True,True,2519,2519,1,1,-0.913415746172999,TARGET_PRESERVED,0.9,1.0,0.09999999999999998,0.089,0.0,False,0.0,0.0,80000,8a015e3f860296dd3aca796cda326c3703d87c07b3f719b51b1eb7fb9b7d4abb
SMSP|jsr=20|seed=10311|center=4000|Oracle_FrFT_UpperBound,SMSP,20.0,10311,4000,Oracle_FrFT_UpperBound,ORACLE_DIAGNOSTIC_ONLY;NOT_FAIR;NOT_RL_ELIGIBLE,ORACLE_DIAGNOSTIC_ONLY,unified/pass,PASS,7.165791701897617,6.207899678913997,-0.9578920229836196,True,True,True,3019,3019,0,1,-0.913415746172999,TARGET_PRESERVED,0.9,1.0,0.09999999999999998,0.089,0.0,False,0.0,0.0,80000,8a015e3f860296dd3aca796cda326c3703d87c07b3f719b51b1eb7fb9b7d4abb
SMSP|jsr=20|seed=10312|center=1000|Oracle_FrFT_UpperBound,SMSP,20.0,10312,1000,Oracle_FrFT_UpperBound,ORACLE_DIAGNOSTIC_ONLY;NOT_FAIR;NOT_RL_ELIGIBLE,ORACLE_DIAGNOSTIC_ONLY,unified/pass,PASS,12.147117571029401,13.565609523618388,1.4184919525889867,False,False,False,19,11,0,0,-0.9134157461729969,TARGET_PRESERVED,0.9,1.0,0.09999999999999998,0.089,0.5318973083343975,False,0.0,0.0,80000,8a015e3f860296dd3aca796cda326c3703d87c07b3f719b51b1eb7fb9b7d4abb
SMSP|jsr=20|seed=10312|center=1500|Oracle_FrFT_UpperBound,SMSP,20.0,10312,1500,Oracle_FrFT_UpperBound,ORACLE_DIAGNOSTIC_ONLY;NOT_FAIR;NOT_RL_ELIGIBLE,ORACLE_DIAGNOSTIC_ONLY,unified/pass,PASS,9.55564851873071,9.759426257095326,0.2037777383646162,False,False,False,519,519,0,0,-0.913415746172999,TARGET_PRESERVED,0.9,1.0,0.09999999999999998,0.089,0.6370791897177097,False,0.0,0.0,80000,8a015e3f860296dd3aca796cda326c3703d87c07b3f719b51b1eb7fb9b7d4abb
SMSP|jsr=20|seed=10312|center=2500|Oracle_FrFT_UpperBound,SMSP,20.0,10312,2500,Oracle_FrFT_UpperBound,ORACLE_DIAGNOSTIC_ONLY;NOT_FAIR;NOT_RL_ELIGIBLE,ORACLE_DIAGNOSTIC_ONLY,unified/pass,PASS,7.3088730772887525,6.3896710771388925,-0.91920200014986,True,True,True,1519,1519,0,0,-0.913415746172999,TARGET_PRESERVED,0.9,1.0,0.09999999999999998,0.089,0.0,False,0.0,0.0,80000,8a015e3f860296dd3aca796cda326c3703d87c07b3f719b51b1eb7fb9b7d4abb
SMSP|jsr=20|seed=10312|center=3500|Oracle_FrFT_UpperBound,SMSP,20.0,10312,3500,Oracle_FrFT_UpperBound,ORACLE_DIAGNOSTIC_ONLY;NOT_FAIR;NOT_RL_ELIGIBLE,ORACLE_DIAGNOSTIC_ONLY,unified/pass,PASS,7.234966177909402,6.32143145937588,-0.9135347185335219,True,True,True,2519,2519,0,0,-0.913415746172999,TARGET_PRESERVED,0.9,1.0,0.09999999999999998,0.089,0.0,False,0.0,0.0,80000,8a015e3f860296dd3aca796cda326c3703d87c07b3f719b51b1eb7fb9b7d4abb
SMSP|jsr=20|seed=10312|center=4000|Oracle_FrFT_UpperBound,SMSP,20.0,10312,4000,Oracle_FrFT_UpperBound,ORACLE_DIAGNOSTIC_ONLY;NOT_FAIR;NOT_RL_ELIGIBLE,ORACLE_DIAGNOSTIC_ONLY,unified/pass,PASS,7.11563660062321,6.173254516658105,-0.9423820839651054,True,True,True,3019,3019,0,0,-0.913415746172999,TARGET_PRESERVED,0.9,1.0,0.09999999999999998,0.089,0.0,False,0.0,0.0,80000,8a015e3f860296dd3aca796cda326c3703d87c07b3f719b51b1eb7fb9b7d4abb
SMSP|jsr=20|seed=10313|center=1000|Oracle_FrFT_UpperBound,SMSP,20.0,10313,1000,Oracle_FrFT_UpperBound,ORACLE_DIAGNOSTIC_ONLY;NOT_FAIR;NOT_RL_ELIGIBLE,ORACLE_DIAGNOSTIC_ONLY,unified/pass,PASS,12.10461067779586,13.550102179281879,1.4454915014860195,False,False,False,19,11,0,0,-0.9134157461729969,TARGET_PRESERVED,0.9,1.0,0.09999999999999998,0.089,0.5318973083343975,False,0.0,0.0,80000,8a015e3f860296dd3aca796cda326c3703d87c07b3f719b51b1eb7fb9b7d4abb
SMSP|jsr=20|seed=10313|center=1500|Oracle_FrFT_UpperBound,SMSP,20.0,10313,1500,Oracle_FrFT_UpperBound,ORACLE_DIAGNOSTIC_ONLY;NOT_FAIR;NOT_RL_ELIGIBLE,ORACLE_DIAGNOSTIC_ONLY,unified/pass,PASS,9.478815026375232,9.685074611324998,0.20625958494976615,False,False,False,519,519,0,0,-0.913415746172999,TARGET_PRESERVED,0.9,1.0,0.09999999999999998,0.089,0.6370791897177097,False,0.0,0.0,80000,8a015e3f860296dd3aca796cda326c3703d87c07b3f719b51b1eb7fb9b7d4abb
SMSP|jsr=20|seed=10313|center=2500|Oracle_FrFT_UpperBound,SMSP,20.0,10313,2500,Oracle_FrFT_UpperBound,ORACLE_DIAGNOSTIC_ONLY;NOT_FAIR;NOT_RL_ELIGIBLE,ORACLE_DIAGNOSTIC_ONLY,unified/pass,PASS,7.253127495757425,6.373880363157623,-0.8792471325998026,True,True,True,1519,1519,0,0,-0.913415746172999,TARGET_PRESERVED,0.9,1.0,0.09999999999999998,0.089,0.0,False,0.0,0.0,80000,8a015e3f860296dd3aca796cda326c3703d87c07b3f719b51b1eb7fb9b7d4abb
SMSP|jsr=20|seed=10313|center=3500|Oracle_FrFT_UpperBound,SMSP,20.0,10313,3500,Oracle_FrFT_UpperBound,ORACLE_DIAGNOSTIC_ONLY;NOT_FAIR;NOT_RL_ELIGIBLE,ORACLE_DIAGNOSTIC_ONLY,unified/pass,PASS,7.266661777494381,6.328359662478066,-0.9383021150163149,True,True,True,2519,2519,1,0,-0.913415746172999,TARGET_PRESERVED,0.9,1.0,0.09999999999999998,0.089,0.0,False,0.0,0.0,80000,8a015e3f860296dd3aca796cda326c3703d87c07b3f719b51b1eb7fb9b7d4abb
SMSP|jsr=20|seed=10313|center=4000|Oracle_FrFT_UpperBound,SMSP,20.0,10313,4000,Oracle_FrFT_UpperBound,ORACLE_DIAGNOSTIC_ONLY;NOT_FAIR;NOT_RL_ELIGIBLE,ORACLE_DIAGNOSTIC_ONLY,unified/pass,PASS,7.216650012977178,6.287718030425747,-0.9289319825514308,True,True,True,3019,3019,0,0,-0.913415746172999,TARGET_PRESERVED,0.9,1.0,0.09999999999999998,0.089,0.0,False,0.0,0.0,80000,8a015e3f860296dd3aca796cda326c3703d87c07b3f719b51b1eb7fb9b7d4abb
SMSP|jsr=20|seed=10314|center=1000|Oracle_FrFT_UpperBound,SMSP,20.0,10314,1000,Oracle_FrFT_UpperBound,ORACLE_DIAGNOSTIC_ONLY;NOT_FAIR;NOT_RL_ELIGIBLE,ORACLE_DIAGNOSTIC_ONLY,unified/pass,PASS,12.106179923861717,13.539622534127746,1.4334426102660291,False,False,False,19,11,0,0,-0.9134157461729969,TARGET_PRESERVED,0.9,1.0,0.09999999999999998,0.089,0.5318973083343975,False,0.0,0.0,80000,8a015e3f860296dd3aca796cda326c3703d87c07b3f719b51b1eb7fb9b7d4abb
SMSP|jsr=20|seed=10314|center=1500|Oracle_FrFT_UpperBound,SMSP,20.0,10314,1500,Oracle_FrFT_UpperBound,ORACLE_DIAGNOSTIC_ONLY;NOT_FAIR;NOT_RL_ELIGIBLE,ORACLE_DIAGNOSTIC_ONLY,unified/pass,PASS,9.422076092909661,9.627551051186437,0.20547495827677587,False,False,False,519,519,0,0,-0.913415746172999,TARGET_PRESERVED,0.9,1.0,0.09999999999999998,0.089,0.6370791897177097,False,0.0,0.0,80000,8a015e3f860296dd3aca796cda326c3703d87c07b3f719b51b1eb7fb9b7d4abb
SMSP|jsr=20|seed=10314|center=2500|Oracle_FrFT_UpperBound,SMSP,20.0,10314,2500,Oracle_FrFT_UpperBound,ORACLE_DIAGNOSTIC_ONLY;NOT_FAIR;NOT_RL_ELIGIBLE,ORACLE_DIAGNOSTIC_ONLY,unified/pass,PASS,7.2456859947626455,6.3158464870724265,-0.9298395076902191,True,True,True,1519,1519,0,0,-0.913415746172999,TARGET_PRESERVED,0.9,1.0,0.09999999999999998,0.089,0.0,False,0.0,0.0,80000,8a015e3f860296dd3aca796cda326c3703d87c07b3f719b51b1eb7fb9b7d4abb
SMSP|jsr=20|seed=10314|center=3500|Oracle_FrFT_UpperBound,SMSP,20.0,10314,3500,Oracle_FrFT_UpperBound,ORACLE_DIAGNOSTIC_ONLY;NOT_FAIR;NOT_RL_ELIGIBLE,ORACLE_DIAGNOSTIC_ONLY,unified/pass,PASS,7.288159851635429,6.399067214011387,-0.8890926376240422,True,True,True,2519,2519,0,0,-0.913415746172999,TARGET_PRESERVED,0.9,1.0,0.09999999999999998,0.089,0.0,False,0.0,0.0,80000,8a015e3f860296dd3aca796cda326c3703d87c07b3f719b51b1eb7fb9b7d4abb
SMSP|jsr=20|seed=10314|center=4000|Oracle_FrFT_UpperBound,SMSP,20.0,10314,4000,Oracle_FrFT_UpperBound,ORACLE_DIAGNOSTIC_ONLY;NOT_FAIR;NOT_RL_ELIGIBLE,ORACLE_DIAGNOSTIC_ONLY,unified/pass,PASS,7.221548290178799,6.34156799543093,-0.8799802947478685,True,True,True,3019,3019,0,0,-0.913415746172999,TARGET_PRESERVED,0.9,1.0,0.09999999999999998,0.089,0.0,False,0.0,0.0,80000,8a015e3f860296dd3aca796cda326c3703d87c07b3f719b51b1eb7fb9b7d4abb
SMSP|jsr=20|seed=10315|center=1000|Oracle_FrFT_UpperBound,SMSP,20.0,10315,1000,Oracle_FrFT_UpperBound,ORACLE_DIAGNOSTIC_ONLY;NOT_FAIR;NOT_RL_ELIGIBLE,ORACLE_DIAGNOSTIC_ONLY,unified/pass,PASS,12.171113767641433,13.584936955684228,1.4138231880427945,False,False,False,19,11,1,1,-0.9134157461729969,TARGET_PRESERVED,0.9,1.0,0.09999999999999998,0.089,0.5318973083343975,False,0.0,0.0,80000,8a015e3f860296dd3aca796cda326c3703d87c07b3f719b51b1eb7fb9b7d4abb
SMSP|jsr=20|seed=10315|center=1500|Oracle_FrFT_UpperBound,SMSP,20.0,10315,1500,Oracle_FrFT_UpperBound,ORACLE_DIAGNOSTIC_ONLY;NOT_FAIR;NOT_RL_ELIGIBLE,ORACLE_DIAGNOSTIC_ONLY,unified/pass,PASS,9.47334573322701,9.666245076888442,0.19289934366143235,False,False,False,519,519,1,1,-0.913415746172999,TARGET_PRESERVED,0.9,1.0,0.09999999999999998,0.089,0.6370791897177097,False,0.0,0.0,80000,8a015e3f860296dd3aca796cda326c3703d87c07b3f719b51b1eb7fb9b7d4abb
SMSP|jsr=20|seed=10315|center=2500|Oracle_FrFT_UpperBound,SMSP,20.0,10315,2500,Oracle_FrFT_UpperBound,ORACLE_DIAGNOSTIC_ONLY;NOT_FAIR;NOT_RL_ELIGIBLE,ORACLE_DIAGNOSTIC_ONLY,unified/pass,PASS,7.252235435765425,6.3344494755443606,-0.9177859602210647,True,True,True,1519,1519,1,1,-0.913415746172999,TARGET_PRESERVED,0.9,1.0,0.09999999999999998,0.089,0.0,False,0.0,0.0,80000,8a015e3f860296dd3aca796cda326c3703d87c07b3f719b51b1eb7fb9b7d4abb
SMSP|jsr=20|seed=10315|center=3500|Oracle_FrFT_UpperBound,SMSP,20.0,10315,3500,Oracle_FrFT_UpperBound,ORACLE_DIAGNOSTIC_ONLY;NOT_FAIR;NOT_RL_ELIGIBLE,ORACLE_DIAGNOSTIC_ONLY,unified/pass,PASS,7.296786189195367,6.378700624070435,-0.9180855651249322,True,True,True,2519,2519,0,0,-0.913415746172999,TARGET_PRESERVED,0.9,1.0,0.09999999999999998,0.089,0.0,False,0.0,0.0,80000,8a015e3f860296dd3aca796cda326c3703d87c07b3f719b51b1eb7fb9b7d4abb
SMSP|jsr=20|seed=10315|center=4000|Oracle_FrFT_UpperBound,SMSP,20.0,10315,4000,Oracle_FrFT_UpperBound,ORACLE_DIAGNOSTIC_ONLY;NOT_FAIR;NOT_RL_ELIGIBLE,ORACLE_DIAGNOSTIC_ONLY,unified/pass,PASS,7.225055817849158,6.321833865367925,-0.9032219524812337,True,True,True,3019,3019,0,0,-0.913415746172999,TARGET_PRESERVED,0.9,1.0,0.09999999999999998,0.089,0.0,False,0.0,0.0,80000,8a015e3f860296dd3aca796cda326c3703d87c07b3f719b51b1eb7fb9b7d4abb
SMSP|jsr=20|seed=10316|center=1000|Oracle_FrFT_UpperBound,SMSP,20.0,10316,1000,Oracle_FrFT_UpperBound,ORACLE_DIAGNOSTIC_ONLY;NOT_FAIR;NOT_RL_ELIGIBLE,ORACLE_DIAGNOSTIC_ONLY,unified/pass,PASS,12.1481128747908,13.586122619226199,1.4380097444353996,False,False,False,19,11,1,1,-0.9134157461729969,TARGET_PRESERVED,0.9,1.0,0.09999999999999998,0.089,0.5318973083343975,False,0.0,0.0,80000,8a015e3f860296dd3aca796cda326c3703d87c07b3f719b51b1eb7fb9b7d4abb
SMSP|jsr=20|seed=10316|center=1500|Oracle_FrFT_UpperBound,SMSP,20.0,10316,1500,Oracle_FrFT_UpperBound,ORACLE_DIAGNOSTIC_ONLY;NOT_FAIR;NOT_RL_ELIGIBLE,ORACLE_DIAGNOSTIC_ONLY,unified/pass,PASS,9.419268210824548,9.617369947009689,0.1981017361851407,False,False,False,519,519,1,1,-0.913415746172999,TARGET_PRESERVED,0.9,1.0,0.09999999999999998,0.089,0.6370791897177097,False,0.0,0.0,80000,8a015e3f860296dd3aca796cda326c3703d87c07b3f719b51b1eb7fb9b7d4abb
SMSP|jsr=20|seed=10316|center=2500|Oracle_FrFT_UpperBound,SMSP,20.0,10316,2500,Oracle_FrFT_UpperBound,ORACLE_DIAGNOSTIC_ONLY;NOT_FAIR;NOT_RL_ELIGIBLE,ORACLE_DIAGNOSTIC_ONLY,unified/pass,PASS,7.208362921026469,6.2820558589872375,-0.9263070620392311,True,True,True,1519,1519,0,0,-0.913415746172999,TARGET_PRESERVED,0.9,1.0,0.09999999999999998,0.089,0.0,False,0.0,0.0,80000,8a015e3f860296dd3aca796cda326c3703d87c07b3f719b51b1eb7fb9b7d4abb
SMSP|jsr=20|seed=10316|center=3500|Oracle_FrFT_UpperBound,SMSP,20.0,10316,3500,Oracle_FrFT_UpperBound,ORACLE_DIAGNOSTIC_ONLY;NOT_FAIR;NOT_RL_ELIGIBLE,ORACLE_DIAGNOSTIC_ONLY,unified/pass,PASS,7.17584589868158,6.238386362950502,-0.9374595357310778,True,True,True,2519,2519,0,0,-0.913415746172999,TARGET_PRESERVED,0.9,1.0,0.09999999999999998,0.089,0.0,False,0.0,0.0,80000,8a015e3f860296dd3aca796cda326c3703d87c07b3f719b51b1eb7fb9b7d4abb
SMSP|jsr=20|seed=10316|center=4000|Oracle_FrFT_UpperBound,SMSP,20.0,10316,4000,Oracle_FrFT_UpperBound,ORACLE_DIAGNOSTIC_ONLY;NOT_FAIR;NOT_RL_ELIGIBLE,ORACLE_DIAGNOSTIC_ONLY,unified/pass,PASS,7.29152405777619,6.389670866026549,-0.9018531917496411,True,True,True,3019,3019,1,1,-0.913415746172999,TARGET_PRESERVED,0.9,1.0,0.09999999999999998,0.089,0.0,False,0.0,0.0,80000,8a015e3f860296dd3aca796cda326c3703d87c07b3f719b51b1eb7fb9b7d4abb
SMSP|jsr=20|seed=10317|center=1000|Oracle_FrFT_UpperBound,SMSP,20.0,10317,1000,Oracle_FrFT_UpperBound,ORACLE_DIAGNOSTIC_ONLY;NOT_FAIR;NOT_RL_ELIGIBLE,ORACLE_DIAGNOSTIC_ONLY,unified/pass,PASS,12.108512815900514,13.510965479203383,1.4024526633028689,False,False,False,19,11,0,0,-0.9134157461729969,TARGET_PRESERVED,0.9,1.0,0.09999999999999998,0.089,0.5318973083343975,False,0.0,0.0,80000,8a015e3f860296dd3aca796cda326c3703d87c07b3f719b51b1eb7fb9b7d4abb
SMSP|jsr=20|seed=10317|center=1500|Oracle_FrFT_UpperBound,SMSP,20.0,10317,1500,Oracle_FrFT_UpperBound,ORACLE_DIAGNOSTIC_ONLY;NOT_FAIR;NOT_RL_ELIGIBLE,ORACLE_DIAGNOSTIC_ONLY,unified/pass,PASS,9.548425884281166,9.737394234447663,0.1889683501664976,False,False,False,519,519,0,0,-0.913415746172999,TARGET_PRESERVED,0.9,1.0,0.09999999999999998,0.089,0.6370791897177097,False,0.0,0.0,80000,8a015e3f860296dd3aca796cda326c3703d87c07b3f719b51b1eb7fb9b7d4abb
SMSP|jsr=20|seed=10317|center=2500|Oracle_FrFT_UpperBound,SMSP,20.0,10317,2500,Oracle_FrFT_UpperBound,ORACLE_DIAGNOSTIC_ONLY;NOT_FAIR;NOT_RL_ELIGIBLE,ORACLE_DIAGNOSTIC_ONLY,unified/pass,PASS,7.2184644974011505,6.2644585728419235,-0.954005924559227,True,True,True,1519,1519,0,0,-0.913415746172999,TARGET_PRESERVED,0.9,1.0,0.09999999999999998,0.089,0.0,False,0.0,0.0,80000,8a015e3f860296dd3aca796cda326c3703d87c07b3f719b51b1eb7fb9b7d4abb
SMSP|jsr=20|seed=10317|center=3500|Oracle_FrFT_UpperBound,SMSP,20.0,10317,3500,Oracle_FrFT_UpperBound,ORACLE_DIAGNOSTIC_ONLY;NOT_FAIR;NOT_RL_ELIGIBLE,ORACLE_DIAGNOSTIC_ONLY,unified/pass,PASS,7.258804483999327,6.350076644515812,-0.9087278394835154,True,True,True,2519,2519,0,0,-0.913415746172999,TARGET_PRESERVED,0.9,1.0,0.09999999999999998,0.089,0.0,False,0.0,0.0,80000,8a015e3f860296dd3aca796cda326c3703d87c07b3f719b51b1eb7fb9b7d4abb
SMSP|jsr=20|seed=10317|center=4000|Oracle_FrFT_UpperBound,SMSP,20.0,10317,4000,Oracle_FrFT_UpperBound,ORACLE_DIAGNOSTIC_ONLY;NOT_FAIR;NOT_RL_ELIGIBLE,ORACLE_DIAGNOSTIC_ONLY,unified/pass,PASS,7.2292994341748145,6.287893693316745,-0.9414057408580696,True,True,True,3019,3019,0,0,-0.913415746172999,TARGET_PRESERVED,0.9,1.0,0.09999999999999998,0.089,0.0,False,0.0,0.0,80000,8a015e3f860296dd3aca796cda326c3703d87c07b3f719b51b1eb7fb9b7d4abb
SMSP|jsr=20|seed=10318|center=1000|Oracle_FrFT_UpperBound,SMSP,20.0,10318,1000,Oracle_FrFT_UpperBound,ORACLE_DIAGNOSTIC_ONLY;NOT_FAIR;NOT_RL_ELIGIBLE,ORACLE_DIAGNOSTIC_ONLY,unified/pass,PASS,12.187566957091354,13.58518717496344,1.3976202178720865,False,False,False,19,11,2,2,-0.9134157461729969,TARGET_PRESERVED,0.9,1.0,0.09999999999999998,0.089,0.5318973083343975,False,0.0,0.0,80000,8a015e3f860296dd3aca796cda326c3703d87c07b3f719b51b1eb7fb9b7d4abb
SMSP|jsr=20|seed=10318|center=1500|Oracle_FrFT_UpperBound,SMSP,20.0,10318,1500,Oracle_FrFT_UpperBound,ORACLE_DIAGNOSTIC_ONLY;NOT_FAIR;NOT_RL_ELIGIBLE,ORACLE_DIAGNOSTIC_ONLY,unified/pass,PASS,9.54201342982526,9.747276658727394,0.20526322890213322,False,False,False,519,519,2,2,-0.913415746172999,TARGET_PRESERVED,0.9,1.0,0.09999999999999998,0.089,0.6370791897177097,False,0.0,0.0,80000,8a015e3f860296dd3aca796cda326c3703d87c07b3f719b51b1eb7fb9b7d4abb
SMSP|jsr=20|seed=10318|center=2500|Oracle_FrFT_UpperBound,SMSP,20.0,10318,2500,Oracle_FrFT_UpperBound,ORACLE_DIAGNOSTIC_ONLY;NOT_FAIR;NOT_RL_ELIGIBLE,ORACLE_DIAGNOSTIC_ONLY,unified/pass,PASS,7.167822331824158,6.250764536861634,-0.917057794962524,True,True,True,1519,1519,0,0,-0.913415746172999,TARGET_PRESERVED,0.9,1.0,0.09999999999999998,0.089,0.0,False,0.0,0.0,80000,8a015e3f860296dd3aca796cda326c3703d87c07b3f719b51b1eb7fb9b7d4abb
SMSP|jsr=20|seed=10318|center=3500|Oracle_FrFT_UpperBound,SMSP,20.0,10318,3500,Oracle_FrFT_UpperBound,ORACLE_DIAGNOSTIC_ONLY;NOT_FAIR;NOT_RL_ELIGIBLE,ORACLE_DIAGNOSTIC_ONLY,unified/pass,PASS,7.259702238714729,6.366095482406421,-0.8936067563083077,True,True,True,2519,2519,1,0,-0.913415746172999,TARGET_PRESERVED,0.9,1.0,0.09999999999999998,0.089,0.0,False,0.0,0.0,80000,8a015e3f860296dd3aca796cda326c3703d87c07b3f719b51b1eb7fb9b7d4abb
SMSP|jsr=20|seed=10318|center=4000|Oracle_FrFT_UpperBound,SMSP,20.0,10318,4000,Oracle_FrFT_UpperBound,ORACLE_DIAGNOSTIC_ONLY;NOT_FAIR;NOT_RL_ELIGIBLE,ORACLE_DIAGNOSTIC_ONLY,unified/pass,PASS,7.100598669204458,6.194729315215122,-0.9058693539893357,True,True,True,3019,3019,2,1,-0.913415746172999,TARGET_PRESERVED,0.9,1.0,0.09999999999999998,0.089,0.0,False,0.0,0.0,80000,8a015e3f860296dd3aca796cda326c3703d87c07b3f719b51b1eb7fb9b7d4abb
SMSP|jsr=20|seed=10319|center=1000|Oracle_FrFT_UpperBound,SMSP,20.0,10319,1000,Oracle_FrFT_UpperBound,ORACLE_DIAGNOSTIC_ONLY;NOT_FAIR;NOT_RL_ELIGIBLE,ORACLE_DIAGNOSTIC_ONLY,unified/pass,PASS,12.09367011246897,13.53473750331056,1.4410673908415887,False,False,False,19,11,0,0,-0.9134157461729969,TARGET_PRESERVED,0.9,1.0,0.09999999999999998,0.089,0.5318973083343975,False,0.0,0.0,80000,8a015e3f860296dd3aca796cda326c3703d87c07b3f719b51b1eb7fb9b7d4abb
SMSP|jsr=20|seed=10319|center=1500|Oracle_FrFT_UpperBound,SMSP,20.0,10319,1500,Oracle_FrFT_UpperBound,ORACLE_DIAGNOSTIC_ONLY;NOT_FAIR;NOT_RL_ELIGIBLE,ORACLE_DIAGNOSTIC_ONLY,unified/pass,PASS,9.445035126734464,9.663110071288887,0.21807494455442367,False,False,False,519,519,0,0,-0.913415746172999,TARGET_PRESERVED,0.9,1.0,0.09999999999999998,0.089,0.6370791897177098,False,0.0,0.0,80000,8a015e3f860296dd3aca796cda326c3703d87c07b3f719b51b1eb7fb9b7d4abb
SMSP|jsr=20|seed=10319|center=2500|Oracle_FrFT_UpperBound,SMSP,20.0,10319,2500,Oracle_FrFT_UpperBound,ORACLE_DIAGNOSTIC_ONLY;NOT_FAIR;NOT_RL_ELIGIBLE,ORACLE_DIAGNOSTIC_ONLY,unified/pass,PASS,7.206498547725131,6.301867952282371,-0.90463059544276,True,True,True,1519,1519,0,0,-0.913415746172999,TARGET_PRESERVED,0.9,1.0,0.09999999999999998,0.089,0.0,False,0.0,0.0,80000,8a015e3f860296dd3aca796cda326c3703d87c07b3f719b51b1eb7fb9b7d4abb
SMSP|jsr=20|seed=10319|center=3500|Oracle_FrFT_UpperBound,SMSP,20.0,10319,3500,Oracle_FrFT_UpperBound,ORACLE_DIAGNOSTIC_ONLY;NOT_FAIR;NOT_RL_ELIGIBLE,ORACLE_DIAGNOSTIC_ONLY,unified/pass,PASS,7.195637019619965,6.266835067868822,-0.9288019517511428,True,True,True,2519,2519,1,0,-0.913415746172999,TARGET_PRESERVED,0.9,1.0,0.09999999999999998,0.089,0.0,False,0.0,0.0,80000,8a015e3f860296dd3aca796cda326c3703d87c07b3f719b51b1eb7fb9b7d4abb
SMSP|jsr=20|seed=10319|center=4000|Oracle_FrFT_UpperBound,SMSP,20.0,10319,4000,Oracle_FrFT_UpperBound,ORACLE_DIAGNOSTIC_ONLY;NOT_FAIR;NOT_RL_ELIGIBLE,ORACLE_DIAGNOSTIC_ONLY,unified/pass,PASS,7.156774649233898,6.240806614294341,-0.9159680349395574,True,True,True,3019,3019,0,0,-0.913415746172999,TARGET_PRESERVED,0.9,1.0,0.09999999999999998,0.089,0.0,False,0.0,0.0,80000,8a015e3f860296dd3aca796cda326c3703d87c07b3f719b51b1eb7fb9b7d4abb
SMSP|jsr=20|seed=10320|center=1000|Oracle_FrFT_UpperBound,SMSP,20.0,10320,1000,Oracle_FrFT_UpperBound,ORACLE_DIAGNOSTIC_ONLY;NOT_FAIR;NOT_RL_ELIGIBLE,ORACLE_DIAGNOSTIC_ONLY,unified/pass,PASS,12.166244859825737,13.566859723362086,1.4006148635363491,False,False,False,19,11,0,0,-0.9134157461729969,TARGET_PRESERVED,0.9,1.0,0.09999999999999998,0.089,0.5318973083343975,False,0.0,0.0,80000,8a015e3f860296dd3aca796cda326c3703d87c07b3f719b51b1eb7fb9b7d4abb
SMSP|jsr=20|seed=10320|center=1500|Oracle_FrFT_UpperBound,SMSP,20.0,10320,1500,Oracle_FrFT_UpperBound,ORACLE_DIAGNOSTIC_ONLY;NOT_FAIR;NOT_RL_ELIGIBLE,ORACLE_DIAGNOSTIC_ONLY,unified/pass,PASS,9.496603552926159,9.70776617396336,0.21116262103720196,False,False,False,519,519,0,0,-0.913415746172999,TARGET_PRESERVED,0.9,1.0,0.09999999999999998,0.089,0.6370791897177098,False,0.0,0.0,80000,8a015e3f860296dd3aca796cda326c3703d87c07b3f719b51b1eb7fb9b7d4abb
SMSP|jsr=20|seed=10320|center=2500|Oracle_FrFT_UpperBound,SMSP,20.0,10320,2500,Oracle_FrFT_UpperBound,ORACLE_DIAGNOSTIC_ONLY;NOT_FAIR;NOT_RL_ELIGIBLE,ORACLE_DIAGNOSTIC_ONLY,unified/pass,PASS,7.266418689890902,6.37577141535557,-0.8906472745353318,True,True,True,1519,1519,0,0,-0.913415746172999,TARGET_PRESERVED,0.9,1.0,0.09999999999999998,0.089,0.0,False,0.0,0.0,80000,8a015e3f860296dd3aca796cda326c3703d87c07b3f719b51b1eb7fb9b7d4abb
SMSP|jsr=20|seed=10320|center=3500|Oracle_FrFT_UpperBound,SMSP,20.0,10320,3500,Oracle_FrFT_UpperBound,ORACLE_DIAGNOSTIC_ONLY;NOT_FAIR;NOT_RL_ELIGIBLE,ORACLE_DIAGNOSTIC_ONLY,unified/pass,PASS,7.309665576845161,6.443520208204977,-0.8661453686401837,True,True,True,2519,2519,1,0,-0.913415746172999,TARGET_PRESERVED,0.9,1.0,0.09999999999999998,0.089,0.0,False,0.0,0.0,80000,8a015e3f860296dd3aca796cda326c3703d87c07b3f719b51b1eb7fb9b7d4abb
SMSP|jsr=20|seed=10320|center=4000|Oracle_FrFT_UpperBound,SMSP,20.0,10320,4000,Oracle_FrFT_UpperBound,ORACLE_DIAGNOSTIC_ONLY;NOT_FAIR;NOT_RL_ELIGIBLE,ORACLE_DIAGNOSTIC_ONLY,unified/pass,PASS,7.155619980233667,6.248767649668628,-0.9068523305650391,True,True,True,3019,3019,0,1,-0.913415746172999,TARGET_PRESERVED,0.9,1.0,0.09999999999999998,0.089,0.0,False,0.0,0.0,80000,8a015e3f860296dd3aca796cda326c3703d87c07b3f719b51b1eb7fb9b7d4abb
SMSP|jsr=20|seed=10321|center=1000|Oracle_FrFT_UpperBound,SMSP,20.0,10321,1000,Oracle_FrFT_UpperBound,ORACLE_DIAGNOSTIC_ONLY;NOT_FAIR;NOT_RL_ELIGIBLE,ORACLE_DIAGNOSTIC_ONLY,unified/pass,PASS,12.117380569700781,13.554415644298189,1.4370350745974072,False,False,False,19,11,0,0,-0.9134157461729969,TARGET_PRESERVED,0.9,1.0,0.09999999999999998,0.089,0.5318973083343975,False,0.0,0.0,80000,8a015e3f860296dd3aca796cda326c3703d87c07b3f719b51b1eb7fb9b7d4abb
SMSP|jsr=20|seed=10321|center=1500|Oracle_FrFT_UpperBound,SMSP,20.0,10321,1500,Oracle_FrFT_UpperBound,ORACLE_DIAGNOSTIC_ONLY;NOT_FAIR;NOT_RL_ELIGIBLE,ORACLE_DIAGNOSTIC_ONLY,unified/pass,PASS,9.487620173888159,9.681451152307535,0.1938309784193759,False,False,False,519,519,0,0,-0.913415746172999,TARGET_PRESERVED,0.9,1.0,0.09999999999999998,0.089,0.6370791897177098,False,0.0,0.0,80000,8a015e3f860296dd3aca796cda326c3703d87c07b3f719b51b1eb7fb9b7d4abb
SMSP|jsr=20|seed=10321|center=2500|Oracle_FrFT_UpperBound,SMSP,20.0,10321,2500,Oracle_FrFT_UpperBound,ORACLE_DIAGNOSTIC_ONLY;NOT_FAIR;NOT_RL_ELIGIBLE,ORACLE_DIAGNOSTIC_ONLY,unified/pass,PASS,7.209465250058036,6.265653480995921,-0.9438117690621155,True,True,True,1519,1519,0,0,-0.913415746172999,TARGET_PRESERVED,0.9,1.0,0.09999999999999998,0.089,0.0,False,0.0,0.0,80000,8a015e3f860296dd3aca796cda326c3703d87c07b3f719b51b1eb7fb9b7d4abb
SMSP|jsr=20|seed=10321|center=3500|Oracle_FrFT_UpperBound,SMSP,20.0,10321,3500,Oracle_FrFT_UpperBound,ORACLE_DIAGNOSTIC_ONLY;NOT_FAIR;NOT_RL_ELIGIBLE,ORACLE_DIAGNOSTIC_ONLY,unified/pass,PASS,7.209363503477627,6.265766811502905,-0.9435966919747223,True,True,True,2519,2519,0,0,-0.913415746172999,TARGET_PRESERVED,0.9,1.0,0.09999999999999998,0.089,0.0,False,0.0,0.0,80000,8a015e3f860296dd3aca796cda326c3703d87c07b3f719b51b1eb7fb9b7d4abb
SMSP|jsr=20|seed=10321|center=4000|Oracle_FrFT_UpperBound,SMSP,20.0,10321,4000,Oracle_FrFT_UpperBound,ORACLE_DIAGNOSTIC_ONLY;NOT_FAIR;NOT_RL_ELIGIBLE,ORACLE_DIAGNOSTIC_ONLY,unified/pass,PASS,7.248309126093996,6.333197077153744,-0.9151120489402516,True,True,True,3019,3019,0,1,-0.913415746172999,TARGET_PRESERVED,0.9,1.0,0.09999999999999998,0.089,0.0,False,0.0,0.0,80000,8a015e3f860296dd3aca796cda326c3703d87c07b3f719b51b1eb7fb9b7d4abb
SMSP|jsr=20|seed=10322|center=1000|Oracle_FrFT_UpperBound,SMSP,20.0,10322,1000,Oracle_FrFT_UpperBound,ORACLE_DIAGNOSTIC_ONLY;NOT_FAIR;NOT_RL_ELIGIBLE,ORACLE_DIAGNOSTIC_ONLY,unified/pass,PASS,12.0551895011763,13.48966492995326,1.4344754287769597,False,False,False,19,11,0,0,-0.9134157461729969,TARGET_PRESERVED,0.9,1.0,0.09999999999999998,0.089,0.5318973083343975,False,0.0,0.0,80000,8a015e3f860296dd3aca796cda326c3703d87c07b3f719b51b1eb7fb9b7d4abb
SMSP|jsr=20|seed=10322|center=1500|Oracle_FrFT_UpperBound,SMSP,20.0,10322,1500,Oracle_FrFT_UpperBound,ORACLE_DIAGNOSTIC_ONLY;NOT_FAIR;NOT_RL_ELIGIBLE,ORACLE_DIAGNOSTIC_ONLY,unified/pass,PASS,9.470660957721787,9.688991391236206,0.21833043351441894,False,False,False,519,519,1,0,-0.913415746172999,TARGET_PRESERVED,0.9,1.0,0.09999999999999998,0.089,0.6370791897177097,False,0.0,0.0,80000,8a015e3f860296dd3aca796cda326c3703d87c07b3f719b51b1eb7fb9b7d4abb
SMSP|jsr=20|seed=10322|center=2500|Oracle_FrFT_UpperBound,SMSP,20.0,10322,2500,Oracle_FrFT_UpperBound,ORACLE_DIAGNOSTIC_ONLY;NOT_FAIR;NOT_RL_ELIGIBLE,ORACLE_DIAGNOSTIC_ONLY,unified/pass,PASS,7.199444721131178,6.300073817774646,-0.899370903356532,True,True,True,1519,1519,1,0,-0.913415746172999,TARGET_PRESERVED,0.9,1.0,0.09999999999999998,0.089,0.0,False,0.0,0.0,80000,8a015e3f860296dd3aca796cda326c3703d87c07b3f719b51b1eb7fb9b7d4abb
SMSP|jsr=20|seed=10322|center=3500|Oracle_FrFT_UpperBound,SMSP,20.0,10322,3500,Oracle_FrFT_UpperBound,ORACLE_DIAGNOSTIC_ONLY;NOT_FAIR;NOT_RL_ELIGIBLE,ORACLE_DIAGNOSTIC_ONLY,unified/pass,PASS,7.194370376270203,6.311064642524576,-0.8833057337456269,True,True,True,2519,2519,0,0,-0.913415746172999,TARGET_PRESERVED,0.9,1.0,0.09999999999999998,0.089,0.0,False,0.0,0.0,80000,8a015e3f860296dd3aca796cda326c3703d87c07b3f719b51b1eb7fb9b7d4abb
SMSP|jsr=20|seed=10322|center=4000|Oracle_FrFT_UpperBound,SMSP,20.0,10322,4000,Oracle_FrFT_UpperBound,ORACLE_DIAGNOSTIC_ONLY;NOT_FAIR;NOT_RL_ELIGIBLE,ORACLE_DIAGNOSTIC_ONLY,unified/pass,PASS,7.288943643002492,6.366140194564887,-0.9228034484376053,True,True,True,3019,3019,0,0,-0.913415746172999,TARGET_PRESERVED,0.9,1.0,0.09999999999999998,0.089,0.0,False,0.0,0.0,80000,8a015e3f860296dd3aca796cda326c3703d87c07b3f719b51b1eb7fb9b7d4abb
SMSP|jsr=20|seed=10323|center=1000|Oracle_FrFT_UpperBound,SMSP,20.0,10323,1000,Oracle_FrFT_UpperBound,ORACLE_DIAGNOSTIC_ONLY;NOT_FAIR;NOT_RL_ELIGIBLE,ORACLE_DIAGNOSTIC_ONLY,unified/pass,PASS,12.102112091576505,13.529855968426702,1.4277438768501973,False,False,False,19,11,0,0,-0.9134157461729969,TARGET_PRESERVED,0.9,1.0,0.09999999999999998,0.089,0.5318973083343975,False,0.0,0.0,80000,8a015e3f860296dd3aca796cda326c3703d87c07b3f719b51b1eb7fb9b7d4abb
SMSP|jsr=20|seed=10323|center=1500|Oracle_FrFT_UpperBound,SMSP,20.0,10323,1500,Oracle_FrFT_UpperBound,ORACLE_DIAGNOSTIC_ONLY;NOT_FAIR;NOT_RL_ELIGIBLE,ORACLE_DIAGNOSTIC_ONLY,unified/pass,PASS,9.464035887928882,9.658629687025902,0.1945937990970208,False,False,False,519,519,1,0,-0.913415746172999,TARGET_PRESERVED,0.9,1.0,0.09999999999999998,0.089,0.6370791897177097,False,0.0,0.0,80000,8a015e3f860296dd3aca796cda326c3703d87c07b3f719b51b1eb7fb9b7d4abb
SMSP|jsr=20|seed=10323|center=2500|Oracle_FrFT_UpperBound,SMSP,20.0,10323,2500,Oracle_FrFT_UpperBound,ORACLE_DIAGNOSTIC_ONLY;NOT_FAIR;NOT_RL_ELIGIBLE,ORACLE_DIAGNOSTIC_ONLY,unified/pass,PASS,7.370069612552409,6.436714580415383,-0.9333550321370261,True,True,True,1519,1519,0,0,-0.913415746172999,TARGET_PRESERVED,0.9,1.0,0.09999999999999998,0.089,0.0,False,0.0,0.0,80000,8a015e3f860296dd3aca796cda326c3703d87c07b3f719b51b1eb7fb9b7d4abb
SMSP|jsr=20|seed=10323|center=3500|Oracle_FrFT_UpperBound,SMSP,20.0,10323,3500,Oracle_FrFT_UpperBound,ORACLE_DIAGNOSTIC_ONLY;NOT_FAIR;NOT_RL_ELIGIBLE,ORACLE_DIAGNOSTIC_ONLY,unified/pass,PASS,7.238610648537387,6.374842297680784,-0.8637683508566028,True,True,True,2519,2519,0,0,-0.913415746172999,TARGET_PRESERVED,0.9,1.0,0.09999999999999998,0.089,0.0,False,0.0,0.0,80000,8a015e3f860296dd3aca796cda326c3703d87c07b3f719b51b1eb7fb9b7d4abb
SMSP|jsr=20|seed=10323|center=4000|Oracle_FrFT_UpperBound,SMSP,20.0,10323,4000,Oracle_FrFT_UpperBound,ORACLE_DIAGNOSTIC_ONLY;NOT_FAIR;NOT_RL_ELIGIBLE,ORACLE_DIAGNOSTIC_ONLY,unified/pass,PASS,7.231134660247722,6.292216754763144,-0.938917905484578,True,True,True,3019,3019,0,0,-0.913415746172999,TARGET_PRESERVED,0.9,1.0,0.09999999999999998,0.089,0.0,False,0.0,0.0,80000,8a015e3f860296dd3aca796cda326c3703d87c07b3f719b51b1eb7fb9b7d4abb
SMSP|jsr=20|seed=10324|center=1000|Oracle_FrFT_UpperBound,SMSP,20.0,10324,1000,Oracle_FrFT_UpperBound,ORACLE_DIAGNOSTIC_ONLY;NOT_FAIR;NOT_RL_ELIGIBLE,ORACLE_DIAGNOSTIC_ONLY,unified/pass,PASS,12.164630614208374,13.58008461490364,1.4154540006952665,False,False,False,19,11,0,0,-0.9134157461729969,TARGET_PRESERVED,0.9,1.0,0.09999999999999998,0.089,0.5318973083343975,False,0.0,0.0,80000,8a015e3f860296dd3aca796cda326c3703d87c07b3f719b51b1eb7fb9b7d4abb
SMSP|jsr=20|seed=10324|center=1500|Oracle_FrFT_UpperBound,SMSP,20.0,10324,1500,Oracle_FrFT_UpperBound,ORACLE_DIAGNOSTIC_ONLY;NOT_FAIR;NOT_RL_ELIGIBLE,ORACLE_DIAGNOSTIC_ONLY,unified/pass,PASS,9.43748250908298,9.64310734839678,0.20562483931380093,False,False,False,519,519,0,0,-0.913415746172999,TARGET_PRESERVED,0.9,1.0,0.09999999999999998,0.089,0.6370791897177097,False,0.0,0.0,80000,8a015e3f860296dd3aca796cda326c3703d87c07b3f719b51b1eb7fb9b7d4abb
SMSP|jsr=20|seed=10324|center=2500|Oracle_FrFT_UpperBound,SMSP,20.0,10324,2500,Oracle_FrFT_UpperBound,ORACLE_DIAGNOSTIC_ONLY;NOT_FAIR;NOT_RL_ELIGIBLE,ORACLE_DIAGNOSTIC_ONLY,unified/pass,PASS,7.272457305688176,6.338486781044468,-0.9339705246437084,True,True,True,1519,1519,0,2,-0.913415746172999,TARGET_PRESERVED,0.9,1.0,0.09999999999999998,0.089,0.0,False,0.0,0.0,80000,8a015e3f860296dd3aca796cda326c3703d87c07b3f719b51b1eb7fb9b7d4abb
SMSP|jsr=20|seed=10324|center=3500|Oracle_FrFT_UpperBound,SMSP,20.0,10324,3500,Oracle_FrFT_UpperBound,ORACLE_DIAGNOSTIC_ONLY;NOT_FAIR;NOT_RL_ELIGIBLE,ORACLE_DIAGNOSTIC_ONLY,unified/pass,PASS,7.292533307169836,6.399800442999901,-0.8927328641699352,True,True,True,2519,2519,0,0,-0.913415746172999,TARGET_PRESERVED,0.9,1.0,0.09999999999999998,0.089,0.0,False,0.0,0.0,80000,8a015e3f860296dd3aca796cda326c3703d87c07b3f719b51b1eb7fb9b7d4abb
SMSP|jsr=20|seed=10324|center=4000|Oracle_FrFT_UpperBound,SMSP,20.0,10324,4000,Oracle_FrFT_UpperBound,ORACLE_DIAGNOSTIC_ONLY;NOT_FAIR;NOT_RL_ELIGIBLE,ORACLE_DIAGNOSTIC_ONLY,unified/pass,PASS,7.383422063845904,6.441833388681541,-0.941588675164363,True,True,True,3019,3019,0,0,-0.913415746172999,TARGET_PRESERVED,0.9,1.0,0.09999999999999998,0.089,0.0,False,0.0,0.0,80000,8a015e3f860296dd3aca796cda326c3703d87c07b3f719b51b1eb7fb9b7d4abb
SMSP|jsr=20|seed=10325|center=1000|Oracle_FrFT_UpperBound,SMSP,20.0,10325,1000,Oracle_FrFT_UpperBound,ORACLE_DIAGNOSTIC_ONLY;NOT_FAIR;NOT_RL_ELIGIBLE,ORACLE_DIAGNOSTIC_ONLY,unified/pass,PASS,12.144588880383566,13.56148377110838,1.416894890724814,False,False,False,19,11,1,1,-0.9134157461729969,TARGET_PRESERVED,0.9,1.0,0.09999999999999998,0.089,0.5318973083343975,False,0.0,0.0,80000,8a015e3f860296dd3aca796cda326c3703d87c07b3f719b51b1eb7fb9b7d4abb
SMSP|jsr=20|seed=10325|center=1500|Oracle_FrFT_UpperBound,SMSP,20.0,10325,1500,Oracle_FrFT_UpperBound,ORACLE_DIAGNOSTIC_ONLY;NOT_FAIR;NOT_RL_ELIGIBLE,ORACLE_DIAGNOSTIC_ONLY,unified/pass,PASS,9.540960133931131,9.779588614907633,0.23862848097650158,False,False,False,519,519,1,1,-0.913415746172999,TARGET_PRESERVED,0.9,1.0,0.09999999999999998,0.089,0.6370791897177097,False,0.0,0.0,80000,8a015e3f860296dd3aca796cda326c3703d87c07b3f719b51b1eb7fb9b7d4abb
SMSP|jsr=20|seed=10325|center=2500|Oracle_FrFT_UpperBound,SMSP,20.0,10325,2500,Oracle_FrFT_UpperBound,ORACLE_DIAGNOSTIC_ONLY;NOT_FAIR;NOT_RL_ELIGIBLE,ORACLE_DIAGNOSTIC_ONLY,unified/pass,PASS,7.157574133678856,6.257471094662385,-0.9001030390164706,True,True,True,1519,1519,0,0,-0.913415746172999,TARGET_PRESERVED,0.9,1.0,0.09999999999999998,0.089,0.0,False,0.0,0.0,80000,8a015e3f860296dd3aca796cda326c3703d87c07b3f719b51b1eb7fb9b7d4abb
SMSP|jsr=20|seed=10325|center=3500|Oracle_FrFT_UpperBound,SMSP,20.0,10325,3500,Oracle_FrFT_UpperBound,ORACLE_DIAGNOSTIC_ONLY;NOT_FAIR;NOT_RL_ELIGIBLE,ORACLE_DIAGNOSTIC_ONLY,unified/pass,PASS,7.16498939670276,6.2560310535810615,-0.9089583431216983,True,True,True,2519,2519,1,0,-0.913415746172999,TARGET_PRESERVED,0.9,1.0,0.09999999999999998,0.089,0.0,False,0.0,0.0,80000,8a015e3f860296dd3aca796cda326c3703d87c07b3f719b51b1eb7fb9b7d4abb
SMSP|jsr=20|seed=10325|center=4000|Oracle_FrFT_UpperBound,SMSP,20.0,10325,4000,Oracle_FrFT_UpperBound,ORACLE_DIAGNOSTIC_ONLY;NOT_FAIR;NOT_RL_ELIGIBLE,ORACLE_DIAGNOSTIC_ONLY,unified/pass,PASS,7.236468769249757,6.305071788071435,-0.931396981178322,True,True,True,3019,3019,1,1,-0.913415746172999,TARGET_PRESERVED,0.9,1.0,0.09999999999999998,0.089,0.0,False,0.0,0.0,80000,8a015e3f860296dd3aca796cda326c3703d87c07b3f719b51b1eb7fb9b7d4abb
SMSP|jsr=20|seed=10326|center=1000|Oracle_FrFT_UpperBound,SMSP,20.0,10326,1000,Oracle_FrFT_UpperBound,ORACLE_DIAGNOSTIC_ONLY;NOT_FAIR;NOT_RL_ELIGIBLE,ORACLE_DIAGNOSTIC_ONLY,unified/pass,PASS,12.103070311510164,13.523174807471465,1.4201044959613007,False,False,False,19,11,0,0,-0.9134157461729969,TARGET_PRESERVED,0.9,1.0,0.09999999999999998,0.089,0.5318973083343975,False,0.0,0.0,80000,8a015e3f860296dd3aca796cda326c3703d87c07b3f719b51b1eb7fb9b7d4abb
SMSP|jsr=20|seed=10326|center=1500|Oracle_FrFT_UpperBound,SMSP,20.0,10326,1500,Oracle_FrFT_UpperBound,ORACLE_DIAGNOSTIC_ONLY;NOT_FAIR;NOT_RL_ELIGIBLE,ORACLE_DIAGNOSTIC_ONLY,unified/pass,PASS,9.486019316501086,9.681553852090936,0.19553453558985012,False,False,False,519,519,0,0,-0.913415746172999,TARGET_PRESERVED,0.9,1.0,0.09999999999999998,0.089,0.6370791897177097,False,0.0,0.0,80000,8a015e3f860296dd3aca796cda326c3703d87c07b3f719b51b1eb7fb9b7d4abb
SMSP|jsr=20|seed=10326|center=2500|Oracle_FrFT_UpperBound,SMSP,20.0,10326,2500,Oracle_FrFT_UpperBound,ORACLE_DIAGNOSTIC_ONLY;NOT_FAIR;NOT_RL_ELIGIBLE,ORACLE_DIAGNOSTIC_ONLY,unified/pass,PASS,7.224923987550616,6.316322539297002,-0.9086014482536138,True,True,True,1519,1519,0,0,-0.913415746172999,TARGET_PRESERVED,0.9,1.0,0.09999999999999998,0.089,0.0,False,0.0,0.0,80000,8a015e3f860296dd3aca796cda326c3703d87c07b3f719b51b1eb7fb9b7d4abb
SMSP|jsr=20|seed=10326|center=3500|Oracle_FrFT_UpperBound,SMSP,20.0,10326,3500,Oracle_FrFT_UpperBound,ORACLE_DIAGNOSTIC_ONLY;NOT_FAIR;NOT_RL_ELIGIBLE,ORACLE_DIAGNOSTIC_ONLY,unified/pass,PASS,7.29712266921998,6.358340808684715,-0.9387818605352649,True,True,True,2519,2519,0,0,-0.913415746172999,TARGET_PRESERVED,0.9,1.0,0.09999999999999998,0.089,0.0,False,0.0,0.0,80000,8a015e3f860296dd3aca796cda326c3703d87c07b3f719b51b1eb7fb9b7d4abb
SMSP|jsr=20|seed=10326|center=4000|Oracle_FrFT_UpperBound,SMSP,20.0,10326,4000,Oracle_FrFT_UpperBound,ORACLE_DIAGNOSTIC_ONLY;NOT_FAIR;NOT_RL_ELIGIBLE,ORACLE_DIAGNOSTIC_ONLY,unified/pass,PASS,7.264454838230963,6.310969083082099,-0.953485755148864,True,True,True,3019,3019,0,0,-0.913415746172999,TARGET_PRESERVED,0.9,1.0,0.09999999999999998,0.089,0.0,False,0.0,0.0,80000,8a015e3f860296dd3aca796cda326c3703d87c07b3f719b51b1eb7fb9b7d4abb
SMSP|jsr=20|seed=10327|center=1000|Oracle_FrFT_UpperBound,SMSP,20.0,10327,1000,Oracle_FrFT_UpperBound,ORACLE_DIAGNOSTIC_ONLY;NOT_FAIR;NOT_RL_ELIGIBLE,ORACLE_DIAGNOSTIC_ONLY,unified/pass,PASS,12.097763039496797,13.525736416390647,1.4279733768938492,False,False,False,19,11,0,0,-0.9134157461729969,TARGET_PRESERVED,0.9,1.0,0.09999999999999998,0.089,0.5318973083343975,False,0.0,0.0,80000,8a015e3f860296dd3aca796cda326c3703d87c07b3f719b51b1eb7fb9b7d4abb
SMSP|jsr=20|seed=10327|center=1500|Oracle_FrFT_UpperBound,SMSP,20.0,10327,1500,Oracle_FrFT_UpperBound,ORACLE_DIAGNOSTIC_ONLY;NOT_FAIR;NOT_RL_ELIGIBLE,ORACLE_DIAGNOSTIC_ONLY,unified/pass,PASS,9.41677000304653,9.633071491288174,0.21630148824164408,False,False,False,519,519,0,0,-0.913415746172999,TARGET_PRESERVED,0.9,1.0,0.09999999999999998,0.089,0.6370791897177098,False,0.0,0.0,80000,8a015e3f860296dd3aca796cda326c3703d87c07b3f719b51b1eb7fb9b7d4abb
SMSP|jsr=20|seed=10327|center=2500|Oracle_FrFT_UpperBound,SMSP,20.0,10327,2500,Oracle_FrFT_UpperBound,ORACLE_DIAGNOSTIC_ONLY;NOT_FAIR;NOT_RL_ELIGIBLE,ORACLE_DIAGNOSTIC_ONLY,unified/pass,PASS,7.303696229660391,6.4000255812178235,-0.9036706484425672,True,True,True,1519,1519,0,0,-0.913415746172999,TARGET_PRESERVED,0.9,1.0,0.09999999999999998,0.089,0.0,False,0.0,0.0,80000,8a015e3f860296dd3aca796cda326c3703d87c07b3f719b51b1eb7fb9b7d4abb
SMSP|jsr=20|seed=10327|center=3500|Oracle_FrFT_UpperBound,SMSP,20.0,10327,3500,Oracle_FrFT_UpperBound,ORACLE_DIAGNOSTIC_ONLY;NOT_FAIR;NOT_RL_ELIGIBLE,ORACLE_DIAGNOSTIC_ONLY,unified/pass,PASS,7.334872830037163,6.4102344446792525,-0.9246383853579108,True,True,True,2519,2519,0,0,-0.913415746172999,TARGET_PRESERVED,0.9,1.0,0.09999999999999998,0.089,0.0,False,0.0,0.0,80000,8a015e3f860296dd3aca796cda326c3703d87c07b3f719b51b1eb7fb9b7d4abb
SMSP|jsr=20|seed=10327|center=4000|Oracle_FrFT_UpperBound,SMSP,20.0,10327,4000,Oracle_FrFT_UpperBound,ORACLE_DIAGNOSTIC_ONLY;NOT_FAIR;NOT_RL_ELIGIBLE,ORACLE_DIAGNOSTIC_ONLY,unified/pass,PASS,7.221405006843657,6.305807886225928,-0.9155971206177291,True,True,True,3019,3019,0,0,-0.913415746172999,TARGET_PRESERVED,0.9,1.0,0.09999999999999998,0.089,0.0,False,0.0,0.0,80000,8a015e3f860296dd3aca796cda326c3703d87c07b3f719b51b1eb7fb9b7d4abb
SMSP|jsr=20|seed=10328|center=1000|Oracle_FrFT_UpperBound,SMSP,20.0,10328,1000,Oracle_FrFT_UpperBound,ORACLE_DIAGNOSTIC_ONLY;NOT_FAIR;NOT_RL_ELIGIBLE,ORACLE_DIAGNOSTIC_ONLY,unified/pass,PASS,12.156761521720085,13.580046763838547,1.423285242118462,False,False,False,19,11,0,0,-0.9134157461729969,TARGET_PRESERVED,0.9,1.0,0.09999999999999998,0.089,0.5318973083343975,False,0.0,0.0,80000,8a015e3f860296dd3aca796cda326c3703d87c07b3f719b51b1eb7fb9b7d4abb
SMSP|jsr=20|seed=10328|center=1500|Oracle_FrFT_UpperBound,SMSP,20.0,10328,1500,Oracle_FrFT_UpperBound,ORACLE_DIAGNOSTIC_ONLY;NOT_FAIR;NOT_RL_ELIGIBLE,ORACLE_DIAGNOSTIC_ONLY,unified/pass,PASS,9.479853093523209,9.684745564943086,0.20489247141987654,False,False,False,519,519,0,0,-0.913415746172999,TARGET_PRESERVED,0.9,1.0,0.09999999999999998,0.089,0.6370791897177097,False,0.0,0.0,80000,8a015e3f860296dd3aca796cda326c3703d87c07b3f719b51b1eb7fb9b7d4abb
SMSP|jsr=20|seed=10328|center=2500|Oracle_FrFT_UpperBound,SMSP,20.0,10328,2500,Oracle_FrFT_UpperBound,ORACLE_DIAGNOSTIC_ONLY;NOT_FAIR;NOT_RL_ELIGIBLE,ORACLE_DIAGNOSTIC_ONLY,unified/pass,PASS,7.2344159766961615,6.316723550882103,-0.9176924258140584,True,True,True,1519,1519,0,0,-0.913415746172999,TARGET_PRESERVED,0.9,1.0,0.09999999999999998,0.089,0.0,False,0.0,0.0,80000,8a015e3f860296dd3aca796cda326c3703d87c07b3f719b51b1eb7fb9b7d4abb
SMSP|jsr=20|seed=10328|center=3500|Oracle_FrFT_UpperBound,SMSP,20.0,10328,3500,Oracle_FrFT_UpperBound,ORACLE_DIAGNOSTIC_ONLY;NOT_FAIR;NOT_RL_ELIGIBLE,ORACLE_DIAGNOSTIC_ONLY,unified/pass,PASS,7.271453321674507,6.346477629314514,-0.9249756923599923,True,True,True,2519,2519,0,0,-0.913415746172999,TARGET_PRESERVED,0.9,1.0,0.09999999999999998,0.089,0.0,False,0.0,0.0,80000,8a015e3f860296dd3aca796cda326c3703d87c07b3f719b51b1eb7fb9b7d4abb
SMSP|jsr=20|seed=10328|center=4000|Oracle_FrFT_UpperBound,SMSP,20.0,10328,4000,Oracle_FrFT_UpperBound,ORACLE_DIAGNOSTIC_ONLY;NOT_FAIR;NOT_RL_ELIGIBLE,ORACLE_DIAGNOSTIC_ONLY,unified/pass,PASS,7.28108921365436,6.365807504322831,-0.9152817093315289,True,True,True,3019,3019,1,0,-0.913415746172999,TARGET_PRESERVED,0.9,1.0,0.09999999999999998,0.089,0.0,False,0.0,0.0,80000,8a015e3f860296dd3aca796cda326c3703d87c07b3f719b51b1eb7fb9b7d4abb
SMSP|jsr=20|seed=10329|center=1000|Oracle_FrFT_UpperBound,SMSP,20.0,10329,1000,Oracle_FrFT_UpperBound,ORACLE_DIAGNOSTIC_ONLY;NOT_FAIR;NOT_RL_ELIGIBLE,ORACLE_DIAGNOSTIC_ONLY,unified/pass,PASS,12.064358605336631,13.499926027671282,1.4355674223346515,False,False,False,19,11,1,1,-0.9134157461729969,TARGET_PRESERVED,0.9,1.0,0.09999999999999998,0.089,0.5318973083343975,False,0.0,0.0,80000,8a015e3f860296dd3aca796cda326c3703d87c07b3f719b51b1eb7fb9b7d4abb
SMSP|jsr=20|seed=10329|center=1500|Oracle_FrFT_UpperBound,SMSP,20.0,10329,1500,Oracle_FrFT_UpperBound,ORACLE_DIAGNOSTIC_ONLY;NOT_FAIR;NOT_RL_ELIGIBLE,ORACLE_DIAGNOSTIC_ONLY,unified/pass,PASS,9.524641281434155,9.706861899535218,0.18222061810106283,False,False,False,519,519,1,1,-0.913415746172999,TARGET_PRESERVED,0.9,1.0,0.09999999999999998,0.089,0.6370791897177098,False,0.0,0.0,80000,8a015e3f860296dd3aca796cda326c3703d87c07b3f719b51b1eb7fb9b7d4abb
SMSP|jsr=20|seed=10329|center=2500|Oracle_FrFT_UpperBound,SMSP,20.0,10329,2500,Oracle_FrFT_UpperBound,ORACLE_DIAGNOSTIC_ONLY;NOT_FAIR;NOT_RL_ELIGIBLE,ORACLE_DIAGNOSTIC_ONLY,unified/pass,PASS,7.252214077013477,6.37057922006483,-0.8816348569486472,True,True,True,1519,1519,1,1,-0.913415746172999,TARGET_PRESERVED,0.9,1.0,0.09999999999999998,0.089,0.0,False,0.0,0.0,80000,8a015e3f860296dd3aca796cda326c3703d87c07b3f719b51b1eb7fb9b7d4abb
SMSP|jsr=20|seed=10329|center=3500|Oracle_FrFT_UpperBound,SMSP,20.0,10329,3500,Oracle_FrFT_UpperBound,ORACLE_DIAGNOSTIC_ONLY;NOT_FAIR;NOT_RL_ELIGIBLE,ORACLE_DIAGNOSTIC_ONLY,unified/pass,PASS,7.263394659466396,6.34552090725239,-0.9178737522140059,True,True,True,2519,2519,0,0,-0.913415746172999,TARGET_PRESERVED,0.9,1.0,0.09999999999999998,0.089,0.0,False,0.0,0.0,80000,8a015e3f860296dd3aca796cda326c3703d87c07b3f719b51b1eb7fb9b7d4abb
SMSP|jsr=20|seed=10329|center=4000|Oracle_FrFT_UpperBound,SMSP,20.0,10329,4000,Oracle_FrFT_UpperBound,ORACLE_DIAGNOSTIC_ONLY;NOT_FAIR;NOT_RL_ELIGIBLE,ORACLE_DIAGNOSTIC_ONLY,unified/pass,PASS,7.260843005387971,6.3553939909951875,-0.9054490143927838,True,True,True,3019,3019,1,0,-0.913415746172999,TARGET_PRESERVED,0.9,1.0,0.09999999999999998,0.089,0.0,False,0.0,0.0,80000,8a015e3f860296dd3aca796cda326c3703d87c07b3f719b51b1eb7fb9b7d4abb
SMSP|jsr=20|seed=10330|center=1000|Oracle_FrFT_UpperBound,SMSP,20.0,10330,1000,Oracle_FrFT_UpperBound,ORACLE_DIAGNOSTIC_ONLY;NOT_FAIR;NOT_RL_ELIGIBLE,ORACLE_DIAGNOSTIC_ONLY,unified/pass,PASS,12.131218114171308,13.565385540468778,1.4341674262974706,False,False,False,19,11,0,0,-0.9134157461729969,TARGET_PRESERVED,0.9,1.0,0.09999999999999998,0.089,0.5318973083343975,False,0.0,0.0,80000,8a015e3f860296dd3aca796cda326c3703d87c07b3f719b51b1eb7fb9b7d4abb
SMSP|jsr=20|seed=10330|center=1500|Oracle_FrFT_UpperBound,SMSP,20.0,10330,1500,Oracle_FrFT_UpperBound,ORACLE_DIAGNOSTIC_ONLY;NOT_FAIR;NOT_RL_ELIGIBLE,ORACLE_DIAGNOSTIC_ONLY,unified/pass,PASS,9.500149455326337,9.71643470520995,0.21628524988361342,False,False,False,519,519,0,0,-0.913415746172999,TARGET_PRESERVED,0.9,1.0,0.09999999999999998,0.089,0.6370791897177097,False,0.0,0.0,80000,8a015e3f860296dd3aca796cda326c3703d87c07b3f719b51b1eb7fb9b7d4abb
SMSP|jsr=20|seed=10330|center=2500|Oracle_FrFT_UpperBound,SMSP,20.0,10330,2500,Oracle_FrFT_UpperBound,ORACLE_DIAGNOSTIC_ONLY;NOT_FAIR;NOT_RL_ELIGIBLE,ORACLE_DIAGNOSTIC_ONLY,unified/pass,PASS,7.2700246861487425,6.372864806404345,-0.8971598797443976,True,True,True,1519,1519,0,0,-0.913415746172999,TARGET_PRESERVED,0.9,1.0,0.09999999999999998,0.089,0.0,False,0.0,0.0,80000,8a015e3f860296dd3aca796cda326c3703d87c07b3f719b51b1eb7fb9b7d4abb
SMSP|jsr=20|seed=10330|center=3500|Oracle_FrFT_UpperBound,SMSP,20.0,10330,3500,Oracle_FrFT_UpperBound,ORACLE_DIAGNOSTIC_ONLY;NOT_FAIR;NOT_RL_ELIGIBLE,ORACLE_DIAGNOSTIC_ONLY,unified/pass,PASS,7.2736911551682635,6.327202195362199,-0.9464889598060644,True,True,True,2519,2519,0,0,-0.913415746172999,TARGET_PRESERVED,0.9,1.0,0.09999999999999998,0.089,0.0,False,0.0,0.0,80000,8a015e3f860296dd3aca796cda326c3703d87c07b3f719b51b1eb7fb9b7d4abb
SMSP|jsr=20|seed=10330|center=4000|Oracle_FrFT_UpperBound,SMSP,20.0,10330,4000,Oracle_FrFT_UpperBound,ORACLE_DIAGNOSTIC_ONLY;NOT_FAIR;NOT_RL_ELIGIBLE,ORACLE_DIAGNOSTIC_ONLY,unified/pass,PASS,7.25675717568639,6.352696454044379,-0.9040607216420113,True,True,True,3019,3019,1,0,-0.913415746172999,TARGET_PRESERVED,0.9,1.0,0.09999999999999998,0.089,0.0,False,0.0,0.0,80000,8a015e3f860296dd3aca796cda326c3703d87c07b3f719b51b1eb7fb9b7d4abb
SMSP|jsr=20|seed=10331|center=1000|Oracle_FrFT_UpperBound,SMSP,20.0,10331,1000,Oracle_FrFT_UpperBound,ORACLE_DIAGNOSTIC_ONLY;NOT_FAIR;NOT_RL_ELIGIBLE,ORACLE_DIAGNOSTIC_ONLY,unified/pass,PASS,12.056758165982382,13.485287827540336,1.4285296615579544,False,False,False,19,11,2,2,-0.9134157461729969,TARGET_PRESERVED,0.9,1.0,0.09999999999999998,0.089,0.5318973083343975,False,0.0,0.0,80000,8a015e3f860296dd3aca796cda326c3703d87c07b3f719b51b1eb7fb9b7d4abb
SMSP|jsr=20|seed=10331|center=1500|Oracle_FrFT_UpperBound,SMSP,20.0,10331,1500,Oracle_FrFT_UpperBound,ORACLE_DIAGNOSTIC_ONLY;NOT_FAIR;NOT_RL_ELIGIBLE,ORACLE_DIAGNOSTIC_ONLY,unified/pass,PASS,9.573686314603625,9.783151196525697,0.2094648819220719,False,False,False,519,519,2,1,-0.913415746172999,TARGET_PRESERVED,0.9,1.0,0.09999999999999998,0.089,0.6370791897177097,False,0.0,0.0,80000,8a015e3f860296dd3aca796cda326c3703d87c07b3f719b51b1eb7fb9b7d4abb
SMSP|jsr=20|seed=10331|center=2500|Oracle_FrFT_UpperBound,SMSP,20.0,10331,2500,Oracle_FrFT_UpperBound,ORACLE_DIAGNOSTIC_ONLY;NOT_FAIR;NOT_RL_ELIGIBLE,ORACLE_DIAGNOSTIC_ONLY,unified/pass,PASS,7.1508677356070045,6.227697169757109,-0.9231705658498957,True,True,True,1519,1519,1,1,-0.913415746172999,TARGET_PRESERVED,0.9,1.0,0.09999999999999998,0.089,0.0,False,0.0,0.0,80000,8a015e3f860296dd3aca796cda326c3703d87c07b3f719b51b1eb7fb9b7d4abb
SMSP|jsr=20|seed=10331|center=3500|Oracle_FrFT_UpperBound,SMSP,20.0,10331,3500,Oracle_FrFT_UpperBound,ORACLE_DIAGNOSTIC_ONLY;NOT_FAIR;NOT_RL_ELIGIBLE,ORACLE_DIAGNOSTIC_ONLY,unified/pass,PASS,7.153061887043219,6.243860369121502,-0.9092015179217174,True,True,True,2519,2519,1,1,-0.913415746172999,TARGET_PRESERVED,0.9,1.0,0.09999999999999998,0.089,0.0,False,0.0,0.0,80000,8a015e3f860296dd3aca796cda326c3703d87c07b3f719b51b1eb7fb9b7d4abb
SMSP|jsr=20|seed=10331|center=4000|Oracle_FrFT_UpperBound,SMSP,20.0,10331,4000,Oracle_FrFT_UpperBound,ORACLE_DIAGNOSTIC_ONLY;NOT_FAIR;NOT_RL_ELIGIBLE,ORACLE_DIAGNOSTIC_ONLY,unified/pass,PASS,7.303783871084564,6.385175693531662,-0.918608177552902,True,True,True,3019,3019,1,1,-0.913415746172999,TARGET_PRESERVED,0.9,1.0,0.09999999999999998,0.089,0.0,False,0.0,0.0,80000,8a015e3f860296dd3aca796cda326c3703d87c07b3f719b51b1eb7fb9b7d4abb
SMSP|jsr=20|seed=10332|center=1000|Oracle_FrFT_UpperBound,SMSP,20.0,10332,1000,Oracle_FrFT_UpperBound,ORACLE_DIAGNOSTIC_ONLY;NOT_FAIR;NOT_RL_ELIGIBLE,ORACLE_DIAGNOSTIC_ONLY,unified/pass,PASS,12.10221205779832,13.532139457065234,1.429927399266914,False,False,False,19,11,0,0,-0.9134157461729969,TARGET_PRESERVED,0.9,1.0,0.09999999999999998,0.089,0.5318973083343975,False,0.0,0.0,80000,8a015e3f860296dd3aca796cda326c3703d87c07b3f719b51b1eb7fb9b7d4abb
SMSP|jsr=20|seed=10332|center=1500|Oracle_FrFT_UpperBound,SMSP,20.0,10332,1500,Oracle_FrFT_UpperBound,ORACLE_DIAGNOSTIC_ONLY;NOT_FAIR;NOT_RL_ELIGIBLE,ORACLE_DIAGNOSTIC_ONLY,unified/pass,PASS,9.430162506857002,9.657787342185918,0.22762483532891586,False,False,False,519,519,0,0,-0.913415746172999,TARGET_PRESERVED,0.9,1.0,0.09999999999999998,0.089,0.6370791897177097,False,0.0,0.0,80000,8a015e3f860296dd3aca796cda326c3703d87c07b3f719b51b1eb7fb9b7d4abb
SMSP|jsr=20|seed=10332|center=2500|Oracle_FrFT_UpperBound,SMSP,20.0,10332,2500,Oracle_FrFT_UpperBound,ORACLE_DIAGNOSTIC_ONLY;NOT_FAIR;NOT_RL_ELIGIBLE,ORACLE_DIAGNOSTIC_ONLY,unified/pass,PASS,7.245142627408722,6.344144751871959,-0.9009978755367625,True,True,True,1519,1519,0,0,-0.913415746172999,TARGET_PRESERVED,0.9,1.0,0.09999999999999998,0.089,0.0,False,0.0,0.0,80000,8a015e3f860296dd3aca796cda326c3703d87c07b3f719b51b1eb7fb9b7d4abb
SMSP|jsr=20|seed=10332|center=3500|Oracle_FrFT_UpperBound,SMSP,20.0,10332,3500,Oracle_FrFT_UpperBound,ORACLE_DIAGNOSTIC_ONLY;NOT_FAIR;NOT_RL_ELIGIBLE,ORACLE_DIAGNOSTIC_ONLY,unified/pass,PASS,7.332013656191339,6.432588374269814,-0.8994252819215252,True,True,True,2519,2519,0,0,-0.913415746172999,TARGET_PRESERVED,0.9,1.0,0.09999999999999998,0.089,0.0,False,0.0,0.0,80000,8a015e3f860296dd3aca796cda326c3703d87c07b3f719b51b1eb7fb9b7d4abb
SMSP|jsr=20|seed=10332|center=4000|Oracle_FrFT_UpperBound,SMSP,20.0,10332,4000,Oracle_FrFT_UpperBound,ORACLE_DIAGNOSTIC_ONLY;NOT_FAIR;NOT_RL_ELIGIBLE,ORACLE_DIAGNOSTIC_ONLY,unified/pass,PASS,7.233704671092383,6.28973895742349,-0.9439657136688933,True,True,True,3019,3019,0,0,-0.913415746172999,TARGET_PRESERVED,0.9,1.0,0.09999999999999998,0.089,0.0,False,0.0,0.0,80000,8a015e3f860296dd3aca796cda326c3703d87c07b3f719b51b1eb7fb9b7d4abb
SMSP|jsr=20|seed=10333|center=1000|Oracle_FrFT_UpperBound,SMSP,20.0,10333,1000,Oracle_FrFT_UpperBound,ORACLE_DIAGNOSTIC_ONLY;NOT_FAIR;NOT_RL_ELIGIBLE,ORACLE_DIAGNOSTIC_ONLY,unified/pass,PASS,12.085205474930863,13.52455833770055,1.4393528627696863,False,False,False,19,11,1,1,-0.9134157461729969,TARGET_PRESERVED,0.9,1.0,0.09999999999999998,0.089,0.5318973083343975,False,0.0,0.0,80000,8a015e3f860296dd3aca796cda326c3703d87c07b3f719b51b1eb7fb9b7d4abb
SMSP|jsr=20|seed=10333|center=1500|Oracle_FrFT_UpperBound,SMSP,20.0,10333,1500,Oracle_FrFT_UpperBound,ORACLE_DIAGNOSTIC_ONLY;NOT_FAIR;NOT_RL_ELIGIBLE,ORACLE_DIAGNOSTIC_ONLY,unified/pass,PASS,9.454811013055856,9.64715252354512,0.19234151048926407,False,False,False,519,519,1,1,-0.913415746172999,TARGET_PRESERVED,0.9,1.0,0.09999999999999998,0.089,0.6370791897177098,False,0.0,0.0,80000,8a015e3f860296dd3aca796cda326c3703d87c07b3f719b51b1eb7fb9b7d4abb
SMSP|jsr=20|seed=10333|center=2500|Oracle_FrFT_UpperBound,SMSP,20.0,10333,2500,Oracle_FrFT_UpperBound,ORACLE_DIAGNOSTIC_ONLY;NOT_FAIR;NOT_RL_ELIGIBLE,ORACLE_DIAGNOSTIC_ONLY,unified/pass,PASS,7.18339827733122,6.279682392823403,-0.9037158845078164,True,True,True,1519,1519,1,0,-0.913415746172999,TARGET_PRESERVED,0.9,1.0,0.09999999999999998,0.089,0.0,False,0.0,0.0,80000,8a015e3f860296dd3aca796cda326c3703d87c07b3f719b51b1eb7fb9b7d4abb
SMSP|jsr=20|seed=10333|center=3500|Oracle_FrFT_UpperBound,SMSP,20.0,10333,3500,Oracle_FrFT_UpperBound,ORACLE_DIAGNOSTIC_ONLY;NOT_FAIR;NOT_RL_ELIGIBLE,ORACLE_DIAGNOSTIC_ONLY,unified/pass,PASS,7.165415682826687,6.244888355300731,-0.9205273275259565,True,True,True,2519,2519,0,0,-0.913415746172999,TARGET_PRESERVED,0.9,1.0,0.09999999999999998,0.089,0.0,False,0.0,0.0,80000,8a015e3f860296dd3aca796cda326c3703d87c07b3f719b51b1eb7fb9b7d4abb
SMSP|jsr=20|seed=10333|center=4000|Oracle_FrFT_UpperBound,SMSP,20.0,10333,4000,Oracle_FrFT_UpperBound,ORACLE_DIAGNOSTIC_ONLY;NOT_FAIR;NOT_RL_ELIGIBLE,ORACLE_DIAGNOSTIC_ONLY,unified/pass,PASS,7.251135256292647,6.349915612480514,-0.9012196438121336,True,True,True,3019,3019,0,0,-0.913415746172999,TARGET_PRESERVED,0.9,1.0,0.09999999999999998,0.089,0.0,False,0.0,0.0,80000,8a015e3f860296dd3aca796cda326c3703d87c07b3f719b51b1eb7fb9b7d4abb
SMSP|jsr=20|seed=10334|center=1000|Oracle_FrFT_UpperBound,SMSP,20.0,10334,1000,Oracle_FrFT_UpperBound,ORACLE_DIAGNOSTIC_ONLY;NOT_FAIR;NOT_RL_ELIGIBLE,ORACLE_DIAGNOSTIC_ONLY,unified/pass,PASS,12.133661214527265,13.566862017276335,1.4332008027490701,False,False,False,19,11,2,2,-0.9134157461729969,TARGET_PRESERVED,0.9,1.0,0.09999999999999998,0.089,0.5318973083343975,False,0.0,0.0,80000,8a015e3f860296dd3aca796cda326c3703d87c07b3f719b51b1eb7fb9b7d4abb
SMSP|jsr=20|seed=10334|center=1500|Oracle_FrFT_UpperBound,SMSP,20.0,10334,1500,Oracle_FrFT_UpperBound,ORACLE_DIAGNOSTIC_ONLY;NOT_FAIR;NOT_RL_ELIGIBLE,ORACLE_DIAGNOSTIC_ONLY,unified/pass,PASS,9.464970930416982,9.690312510600945,0.22534158018396333,False,False,False,519,519,2,2,-0.913415746172999,TARGET_PRESERVED,0.9,1.0,0.09999999999999998,0.089,0.6370791897177097,False,0.0,0.0,80000,8a015e3f860296dd3aca796cda326c3703d87c07b3f719b51b1eb7fb9b7d4abb
SMSP|jsr=20|seed=10334|center=2500|Oracle_FrFT_UpperBound,SMSP,20.0,10334,2500,Oracle_FrFT_UpperBound,ORACLE_DIAGNOSTIC_ONLY;NOT_FAIR;NOT_RL_ELIGIBLE,ORACLE_DIAGNOSTIC_ONLY,unified/pass,PASS,7.175948848334065,6.24323261930801,-0.9327162290260551,True,True,True,1519,1519,3,2,-0.913415746172999,TARGET_PRESERVED,0.9,1.0,0.09999999999999998,0.089,0.0,False,0.0,0.0,80000,8a015e3f860296dd3aca796cda326c3703d87c07b3f719b51b1eb7fb9b7d4abb
SMSP|jsr=20|seed=10334|center=3500|Oracle_FrFT_UpperBound,SMSP,20.0,10334,3500,Oracle_FrFT_UpperBound,ORACLE_DIAGNOSTIC_ONLY;NOT_FAIR;NOT_RL_ELIGIBLE,ORACLE_DIAGNOSTIC_ONLY,unified/pass,PASS,7.195721951408856,6.293340364989223,-0.9023815864196338,True,True,True,2519,2519,1,0,-0.913415746172999,TARGET_PRESERVED,0.9,1.0,0.09999999999999998,0.089,0.0,False,0.0,0.0,80000,8a015e3f860296dd3aca796cda326c3703d87c07b3f719b51b1eb7fb9b7d4abb
SMSP|jsr=20|seed=10334|center=4000|Oracle_FrFT_UpperBound,SMSP,20.0,10334,4000,Oracle_FrFT_UpperBound,ORACLE_DIAGNOSTIC_ONLY;NOT_FAIR;NOT_RL_ELIGIBLE,ORACLE_DIAGNOSTIC_ONLY,unified/pass,PASS,7.112252867496077,6.189777170783529,-0.9224756967125485,True,True,True,3019,3019,0,1,-0.913415746172999,TARGET_PRESERVED,0.9,1.0,0.09999999999999998,0.089,0.0,False,0.0,0.0,80000,8a015e3f860296dd3aca796cda326c3703d87c07b3f719b51b1eb7fb9b7d4abb
SMSP|jsr=20|seed=10335|center=1000|Oracle_FrFT_UpperBound,SMSP,20.0,10335,1000,Oracle_FrFT_UpperBound,ORACLE_DIAGNOSTIC_ONLY;NOT_FAIR;NOT_RL_ELIGIBLE,ORACLE_DIAGNOSTIC_ONLY,unified/pass,PASS,12.170222629445725,13.581864463074993,1.4116418336292682,False,False,False,19,11,0,0,-0.9134157461729969,TARGET_PRESERVED,0.9,1.0,0.09999999999999998,0.089,0.5318973083343975,False,0.0,0.0,80000,8a015e3f860296dd3aca796cda326c3703d87c07b3f719b51b1eb7fb9b7d4abb
SMSP|jsr=20|seed=10335|center=1500|Oracle_FrFT_UpperBound,SMSP,20.0,10335,1500,Oracle_FrFT_UpperBound,ORACLE_DIAGNOSTIC_ONLY;NOT_FAIR;NOT_RL_ELIGIBLE,ORACLE_DIAGNOSTIC_ONLY,unified/pass,PASS,9.465791123952496,9.68063971412044,0.21484859016794466,False,False,False,519,519,0,0,-0.913415746172999,TARGET_PRESERVED,0.9,1.0,0.09999999999999998,0.089,0.6370791897177097,False,0.0,0.0,80000,8a015e3f860296dd3aca796cda326c3703d87c07b3f719b51b1eb7fb9b7d4abb
SMSP|jsr=20|seed=10335|center=2500|Oracle_FrFT_UpperBound,SMSP,20.0,10335,2500,Oracle_FrFT_UpperBound,ORACLE_DIAGNOSTIC_ONLY;NOT_FAIR;NOT_RL_ELIGIBLE,ORACLE_DIAGNOSTIC_ONLY,unified/pass,PASS,7.175940739506494,6.281679319912809,-0.8942614195936853,True,True,True,1519,1519,0,0,-0.913415746172999,TARGET_PRESERVED,0.9,1.0,0.09999999999999998,0.089,0.0,False,0.0,0.0,80000,8a015e3f860296dd3aca796cda326c3703d87c07b3f719b51b1eb7fb9b7d4abb
SMSP|jsr=20|seed=10335|center=3500|Oracle_FrFT_UpperBound,SMSP,20.0,10335,3500,Oracle_FrFT_UpperBound,ORACLE_DIAGNOSTIC_ONLY;NOT_FAIR;NOT_RL_ELIGIBLE,ORACLE_DIAGNOSTIC_ONLY,unified/pass,PASS,7.228278634452815,6.31112855091947,-0.917150083533345,True,True,True,2519,2519,0,0,-0.913415746172999,TARGET_PRESERVED,0.9,1.0,0.09999999999999998,0.089,0.0,False,0.0,0.0,80000,8a015e3f860296dd3aca796cda326c3703d87c07b3f719b51b1eb7fb9b7d4abb
SMSP|jsr=20|seed=10335|center=4000|Oracle_FrFT_UpperBound,SMSP,20.0,10335,4000,Oracle_FrFT_UpperBound,ORACLE_DIAGNOSTIC_ONLY;NOT_FAIR;NOT_RL_ELIGIBLE,ORACLE_DIAGNOSTIC_ONLY,unified/pass,PASS,7.20334394137393,6.308804582939543,-0.894539358434387,True,True,True,3019,3019,0,0,-0.913415746172999,TARGET_PRESERVED,0.9,1.0,0.09999999999999998,0.089,0.0,False,0.0,0.0,80000,8a015e3f860296dd3aca796cda326c3703d87c07b3f719b51b1eb7fb9b7d4abb
SMSP|jsr=20|seed=10336|center=1000|Oracle_FrFT_UpperBound,SMSP,20.0,10336,1000,Oracle_FrFT_UpperBound,ORACLE_DIAGNOSTIC_ONLY;NOT_FAIR;NOT_RL_ELIGIBLE,ORACLE_DIAGNOSTIC_ONLY,unified/pass,PASS,12.102103891275398,13.527955977208276,1.4258520859328776,False,False,False,19,11,0,0,-0.9134157461729969,TARGET_PRESERVED,0.9,1.0,0.09999999999999998,0.089,0.5318973083343975,False,0.0,0.0,80000,8a015e3f860296dd3aca796cda326c3703d87c07b3f719b51b1eb7fb9b7d4abb
SMSP|jsr=20|seed=10336|center=1500|Oracle_FrFT_UpperBound,SMSP,20.0,10336,1500,Oracle_FrFT_UpperBound,ORACLE_DIAGNOSTIC_ONLY;NOT_FAIR;NOT_RL_ELIGIBLE,ORACLE_DIAGNOSTIC_ONLY,unified/pass,PASS,9.48490870027183,9.71661837475197,0.23170967448013968,False,False,False,519,519,0,0,-0.913415746172999,TARGET_PRESERVED,0.9,1.0,0.09999999999999998,0.089,0.6370791897177098,False,0.0,0.0,80000,8a015e3f860296dd3aca796cda326c3703d87c07b3f719b51b1eb7fb9b7d4abb
SMSP|jsr=20|seed=10336|center=2500|Oracle_FrFT_UpperBound,SMSP,20.0,10336,2500,Oracle_FrFT_UpperBound,ORACLE_DIAGNOSTIC_ONLY;NOT_FAIR;NOT_RL_ELIGIBLE,ORACLE_DIAGNOSTIC_ONLY,unified/pass,PASS,7.223069713727437,6.310154626422663,-0.912915087304774,True,True,True,1519,1519,0,0,-0.913415746172999,TARGET_PRESERVED,0.9,1.0,0.09999999999999998,0.089,0.0,False,0.0,0.0,80000,8a015e3f860296dd3aca796cda326c3703d87c07b3f719b51b1eb7fb9b7d4abb
SMSP|jsr=20|seed=10336|center=3500|Oracle_FrFT_UpperBound,SMSP,20.0,10336,3500,Oracle_FrFT_UpperBound,ORACLE_DIAGNOSTIC_ONLY;NOT_FAIR;NOT_RL_ELIGIBLE,ORACLE_DIAGNOSTIC_ONLY,unified/pass,PASS,7.208046496307958,6.265239359223874,-0.9428071370840838,True,True,True,2519,2519,0,0,-0.913415746172999,TARGET_PRESERVED,0.9,1.0,0.09999999999999998,0.089,0.0,False,0.0,0.0,80000,8a015e3f860296dd3aca796cda326c3703d87c07b3f719b51b1eb7fb9b7d4abb
SMSP|jsr=20|seed=10336|center=4000|Oracle_FrFT_UpperBound,SMSP,20.0,10336,4000,Oracle_FrFT_UpperBound,ORACLE_DIAGNOSTIC_ONLY;NOT_FAIR;NOT_RL_ELIGIBLE,ORACLE_DIAGNOSTIC_ONLY,unified/pass,PASS,7.270553248461075,6.354606511901535,-0.9159467365595404,True,True,True,3019,3019,0,0,-0.913415746172999,TARGET_PRESERVED,0.9,1.0,0.09999999999999998,0.089,0.0,False,0.0,0.0,80000,8a015e3f860296dd3aca796cda326c3703d87c07b3f719b51b1eb7fb9b7d4abb
SMSP|jsr=20|seed=10337|center=1000|Oracle_FrFT_UpperBound,SMSP,20.0,10337,1000,Oracle_FrFT_UpperBound,ORACLE_DIAGNOSTIC_ONLY;NOT_FAIR;NOT_RL_ELIGIBLE,ORACLE_DIAGNOSTIC_ONLY,unified/pass,PASS,12.175634013655294,13.580275232283899,1.4046412186286048,False,False,False,19,11,0,0,-0.9134157461729969,TARGET_PRESERVED,0.9,1.0,0.09999999999999998,0.089,0.5318973083343975,False,0.0,0.0,80000,8a015e3f860296dd3aca796cda326c3703d87c07b3f719b51b1eb7fb9b7d4abb
SMSP|jsr=20|seed=10337|center=1500|Oracle_FrFT_UpperBound,SMSP,20.0,10337,1500,Oracle_FrFT_UpperBound,ORACLE_DIAGNOSTIC_ONLY;NOT_FAIR;NOT_RL_ELIGIBLE,ORACLE_DIAGNOSTIC_ONLY,unified/pass,PASS,9.417129851786754,9.662838289725306,0.24570843793855168,False,False,False,519,519,0,0,-0.913415746172999,TARGET_PRESERVED,0.9,1.0,0.09999999999999998,0.089,0.6370791897177097,False,0.0,0.0,80000,8a015e3f860296dd3aca796cda326c3703d87c07b3f719b51b1eb7fb9b7d4abb
SMSP|jsr=20|seed=10337|center=2500|Oracle_FrFT_UpperBound,SMSP,20.0,10337,2500,Oracle_FrFT_UpperBound,ORACLE_DIAGNOSTIC_ONLY;NOT_FAIR;NOT_RL_ELIGIBLE,ORACLE_DIAGNOSTIC_ONLY,unified/pass,PASS,7.23085205221767,6.327878614622357,-0.9029734375953131,True,True,True,1519,1519,0,0,-0.913415746172999,TARGET_PRESERVED,0.9,1.0,0.09999999999999998,0.089,0.0,False,0.0,0.0,80000,8a015e3f860296dd3aca796cda326c3703d87c07b3f719b51b1eb7fb9b7d4abb
SMSP|jsr=20|seed=10337|center=3500|Oracle_FrFT_UpperBound,SMSP,20.0,10337,3500,Oracle_FrFT_UpperBound,ORACLE_DIAGNOSTIC_ONLY;NOT_FAIR;NOT_RL_ELIGIBLE,ORACLE_DIAGNOSTIC_ONLY,unified/pass,PASS,7.210355944702632,6.303379190533773,-0.9069767541688591,True,True,True,2519,2519,0,0,-0.913415746172999,TARGET_PRESERVED,0.9,1.0,0.09999999999999998,0.089,0.0,False,0.0,0.0,80000,8a015e3f860296dd3aca796cda326c3703d87c07b3f719b51b1eb7fb9b7d4abb
SMSP|jsr=20|seed=10337|center=4000|Oracle_FrFT_UpperBound,SMSP,20.0,10337,4000,Oracle_FrFT_UpperBound,ORACLE_DIAGNOSTIC_ONLY;NOT_FAIR;NOT_RL_ELIGIBLE,ORACLE_DIAGNOSTIC_ONLY,unified/pass,PASS,7.194277513865072,6.272167082138196,-0.9221104317268756,True,True,True,3019,3019,0,0,-0.913415746172999,TARGET_PRESERVED,0.9,1.0,0.09999999999999998,0.089,0.0,False,0.0,0.0,80000,8a015e3f860296dd3aca796cda326c3703d87c07b3f719b51b1eb7fb9b7d4abb
SMSP|jsr=20|seed=10338|center=1000|Oracle_FrFT_UpperBound,SMSP,20.0,10338,1000,Oracle_FrFT_UpperBound,ORACLE_DIAGNOSTIC_ONLY;NOT_FAIR;NOT_RL_ELIGIBLE,ORACLE_DIAGNOSTIC_ONLY,unified/pass,PASS,12.126620586604226,13.544065710268917,1.4174451236646917,False,False,False,19,11,1,1,-0.9134157461729969,TARGET_PRESERVED,0.9,1.0,0.09999999999999998,0.089,0.5318973083343975,False,0.0,0.0,80000,8a015e3f860296dd3aca796cda326c3703d87c07b3f719b51b1eb7fb9b7d4abb
SMSP|jsr=20|seed=10338|center=1500|Oracle_FrFT_UpperBound,SMSP,20.0,10338,1500,Oracle_FrFT_UpperBound,ORACLE_DIAGNOSTIC_ONLY;NOT_FAIR;NOT_RL_ELIGIBLE,ORACLE_DIAGNOSTIC_ONLY,unified/pass,PASS,9.427268304947892,9.614804292653451,0.18753598770555868,False,False,False,519,519,1,1,-0.913415746172999,TARGET_PRESERVED,0.9,1.0,0.09999999999999998,0.089,0.6370791897177098,False,0.0,0.0,80000,8a015e3f860296dd3aca796cda326c3703d87c07b3f719b51b1eb7fb9b7d4abb
SMSP|jsr=20|seed=10338|center=2500|Oracle_FrFT_UpperBound,SMSP,20.0,10338,2500,Oracle_FrFT_UpperBound,ORACLE_DIAGNOSTIC_ONLY;NOT_FAIR;NOT_RL_ELIGIBLE,ORACLE_DIAGNOSTIC_ONLY,unified/pass,PASS,7.345743243626077,6.477994118666135,-0.8677491249599418,True,True,True,1519,1519,1,0,-0.913415746172999,TARGET_PRESERVED,0.9,1.0,0.09999999999999998,0.089,0.0,False,0.0,0.0,80000,8a015e3f860296dd3aca796cda326c3703d87c07b3f719b51b1eb7fb9b7d4abb
SMSP|jsr=20|seed=10338|center=3500|Oracle_FrFT_UpperBound,SMSP,20.0,10338,3500,Oracle_FrFT_UpperBound,ORACLE_DIAGNOSTIC_ONLY;NOT_FAIR;NOT_RL_ELIGIBLE,ORACLE_DIAGNOSTIC_ONLY,unified/pass,PASS,7.237014122813657,6.336502718964728,-0.9005114038489292,True,True,True,2519,2519,0,0,-0.913415746172999,TARGET_PRESERVED,0.9,1.0,0.09999999999999998,0.089,0.0,False,0.0,0.0,80000,8a015e3f860296dd3aca796cda326c3703d87c07b3f719b51b1eb7fb9b7d4abb
SMSP|jsr=20|seed=10338|center=4000|Oracle_FrFT_UpperBound,SMSP,20.0,10338,4000,Oracle_FrFT_UpperBound,ORACLE_DIAGNOSTIC_ONLY;NOT_FAIR;NOT_RL_ELIGIBLE,ORACLE_DIAGNOSTIC_ONLY,unified/pass,PASS,7.336398845286052,6.428415818053754,-0.907983027232298,True,True,True,3019,3019,0,0,-0.913415746172999,TARGET_PRESERVED,0.9,1.0,0.09999999999999998,0.089,0.0,False,0.0,0.0,80000,8a015e3f860296dd3aca796cda326c3703d87c07b3f719b51b1eb7fb9b7d4abb
SMSP|jsr=20|seed=10339|center=1000|Oracle_FrFT_UpperBound,SMSP,20.0,10339,1000,Oracle_FrFT_UpperBound,ORACLE_DIAGNOSTIC_ONLY;NOT_FAIR;NOT_RL_ELIGIBLE,ORACLE_DIAGNOSTIC_ONLY,unified/pass,PASS,12.133548082888995,13.569271381767308,1.4357232988783135,False,False,False,19,11,1,1,-0.9134157461729969,TARGET_PRESERVED,0.9,1.0,0.09999999999999998,0.089,0.5318973083343975,False,0.0,0.0,80000,8a015e3f860296dd3aca796cda326c3703d87c07b3f719b51b1eb7fb9b7d4abb
SMSP|jsr=20|seed=10339|center=1500|Oracle_FrFT_UpperBound,SMSP,20.0,10339,1500,Oracle_FrFT_UpperBound,ORACLE_DIAGNOSTIC_ONLY;NOT_FAIR;NOT_RL_ELIGIBLE,ORACLE_DIAGNOSTIC_ONLY,unified/pass,PASS,9.492002940887899,9.693661679291449,0.20165873840354998,False,False,False,519,519,1,1,-0.913415746172999,TARGET_PRESERVED,0.9,1.0,0.09999999999999998,0.089,0.6370791897177097,False,0.0,0.0,80000,8a015e3f860296dd3aca796cda326c3703d87c07b3f719b51b1eb7fb9b7d4abb
SMSP|jsr=20|seed=10339|center=2500|Oracle_FrFT_UpperBound,SMSP,20.0,10339,2500,Oracle_FrFT_UpperBound,ORACLE_DIAGNOSTIC_ONLY;NOT_FAIR;NOT_RL_ELIGIBLE,ORACLE_DIAGNOSTIC_ONLY,unified/pass,PASS,7.245317592433256,6.345839160249849,-0.8994784321834075,True,True,True,1519,1519,1,1,-0.913415746172999,TARGET_PRESERVED,0.9,1.0,0.09999999999999998,0.089,0.0,False,0.0,0.0,80000,8a015e3f860296dd3aca796cda326c3703d87c07b3f719b51b1eb7fb9b7d4abb
SMSP|jsr=20|seed=10339|center=3500|Oracle_FrFT_UpperBound,SMSP,20.0,10339,3500,Oracle_FrFT_UpperBound,ORACLE_DIAGNOSTIC_ONLY;NOT_FAIR;NOT_RL_ELIGIBLE,ORACLE_DIAGNOSTIC_ONLY,unified/pass,PASS,7.251651959792902,6.32770140009451,-0.9239505596983921,True,True,True,2519,2519,1,1,-0.913415746172999,TARGET_PRESERVED,0.9,1.0,0.09999999999999998,0.089,0.0,False,0.0,0.0,80000,8a015e3f860296dd3aca796cda326c3703d87c07b3f719b51b1eb7fb9b7d4abb
SMSP|jsr=20|seed=10339|center=4000|Oracle_FrFT_UpperBound,SMSP,20.0,10339,4000,Oracle_FrFT_UpperBound,ORACLE_DIAGNOSTIC_ONLY;NOT_FAIR;NOT_RL_ELIGIBLE,ORACLE_DIAGNOSTIC_ONLY,unified/pass,PASS,7.132099139670745,6.2210477103217805,-0.9110514293489649,True,True,True,3019,3019,0,0,-0.913415746172999,TARGET_PRESERVED,0.9,1.0,0.09999999999999998,0.089,0.0,False,0.0,0.0,80000,8a015e3f860296dd3aca796cda326c3703d87c07b3f719b51b1eb7fb9b7d4abb
SMSP|jsr=20|seed=10340|center=1000|Oracle_FrFT_UpperBound,SMSP,20.0,10340,1000,Oracle_FrFT_UpperBound,ORACLE_DIAGNOSTIC_ONLY;NOT_FAIR;NOT_RL_ELIGIBLE,ORACLE_DIAGNOSTIC_ONLY,unified/pass,PASS,12.140301727786175,13.579070887997567,1.4387691602113915,False,False,False,19,11,0,0,-0.9134157461729969,TARGET_PRESERVED,0.9,1.0,0.09999999999999998,0.089,0.5318973083343975,False,0.0,0.0,80000,8a015e3f860296dd3aca796cda326c3703d87c07b3f719b51b1eb7fb9b7d4abb
SMSP|jsr=20|seed=10340|center=1500|Oracle_FrFT_UpperBound,SMSP,20.0,10340,1500,Oracle_FrFT_UpperBound,ORACLE_DIAGNOSTIC_ONLY;NOT_FAIR;NOT_RL_ELIGIBLE,ORACLE_DIAGNOSTIC_ONLY,unified/pass,PASS,9.423918438274853,9.620242994711333,0.19632455643647972,False,False,False,519,519,0,0,-0.913415746172999,TARGET_PRESERVED,0.9,1.0,0.09999999999999998,0.089,0.6370791897177098,False,0.0,0.0,80000,8a015e3f860296dd3aca796cda326c3703d87c07b3f719b51b1eb7fb9b7d4abb
SMSP|jsr=20|seed=10340|center=2500|Oracle_FrFT_UpperBound,SMSP,20.0,10340,2500,Oracle_FrFT_UpperBound,ORACLE_DIAGNOSTIC_ONLY;NOT_FAIR;NOT_RL_ELIGIBLE,ORACLE_DIAGNOSTIC_ONLY,unified/pass,PASS,7.10348842900803,6.2121786611776875,-0.8913097678303421,True,True,True,1519,1519,0,0,-0.913415746172999,TARGET_PRESERVED,0.9,1.0,0.09999999999999998,0.089,0.0,False,0.0,0.0,80000,8a015e3f860296dd3aca796cda326c3703d87c07b3f719b51b1eb7fb9b7d4abb
SMSP|jsr=20|seed=10340|center=3500|Oracle_FrFT_UpperBound,SMSP,20.0,10340,3500,Oracle_FrFT_UpperBound,ORACLE_DIAGNOSTIC_ONLY;NOT_FAIR;NOT_RL_ELIGIBLE,ORACLE_DIAGNOSTIC_ONLY,unified/pass,PASS,7.28057875074621,6.359102577403659,-0.9214761733425512,True,True,True,2519,2519,0,0,-0.913415746172999,TARGET_PRESERVED,0.9,1.0,0.09999999999999998,0.089,0.0,False,0.0,0.0,80000,8a015e3f860296dd3aca796cda326c3703d87c07b3f719b51b1eb7fb9b7d4abb
SMSP|jsr=20|seed=10340|center=4000|Oracle_FrFT_UpperBound,SMSP,20.0,10340,4000,Oracle_FrFT_UpperBound,ORACLE_DIAGNOSTIC_ONLY;NOT_FAIR;NOT_RL_ELIGIBLE,ORACLE_DIAGNOSTIC_ONLY,unified/pass,PASS,7.196816046915618,6.29470146538229,-0.9021145815333282,True,True,True,3019,3019,0,0,-0.913415746172999,TARGET_PRESERVED,0.9,1.0,0.09999999999999998,0.089,0.0,False,0.0,0.0,80000,8a015e3f860296dd3aca796cda326c3703d87c07b3f719b51b1eb7fb9b7d4abb
SMSP|jsr=20|seed=10341|center=1000|Oracle_FrFT_UpperBound,SMSP,20.0,10341,1000,Oracle_FrFT_UpperBound,ORACLE_DIAGNOSTIC_ONLY;NOT_FAIR;NOT_RL_ELIGIBLE,ORACLE_DIAGNOSTIC_ONLY,unified/pass,PASS,12.112322798244875,13.560982777954463,1.4486599797095874,False,False,False,19,11,1,1,-0.9134157461729969,TARGET_PRESERVED,0.9,1.0,0.09999999999999998,0.089,0.5318973083343975,False,0.0,0.0,80000,8a015e3f860296dd3aca796cda326c3703d87c07b3f719b51b1eb7fb9b7d4abb
SMSP|jsr=20|seed=10341|center=1500|Oracle_FrFT_UpperBound,SMSP,20.0,10341,1500,Oracle_FrFT_UpperBound,ORACLE_DIAGNOSTIC_ONLY;NOT_FAIR;NOT_RL_ELIGIBLE,ORACLE_DIAGNOSTIC_ONLY,unified/pass,PASS,9.53674828661079,9.712489748221065,0.1757414616102757,False,False,False,519,519,1,1,-0.913415746172999,TARGET_PRESERVED,0.9,1.0,0.09999999999999998,0.089,0.6370791897177097,False,0.0,0.0,80000,8a015e3f860296dd3aca796cda326c3703d87c07b3f719b51b1eb7fb9b7d4abb
SMSP|jsr=20|seed=10341|center=2500|Oracle_FrFT_UpperBound,SMSP,20.0,10341,2500,Oracle_FrFT_UpperBound,ORACLE_DIAGNOSTIC_ONLY;NOT_FAIR;NOT_RL_ELIGIBLE,ORACLE_DIAGNOSTIC_ONLY,unified/pass,PASS,7.341117643535449,6.404942248900926,-0.9361753946345228,True,True,True,1519,1519,0,0,-0.913415746172999,TARGET_PRESERVED,0.9,1.0,0.09999999999999998,0.089,0.0,False,0.0,0.0,80000,8a015e3f860296dd3aca796cda326c3703d87c07b3f719b51b1eb7fb9b7d4abb
SMSP|jsr=20|seed=10341|center=3500|Oracle_FrFT_UpperBound,SMSP,20.0,10341,3500,Oracle_FrFT_UpperBound,ORACLE_DIAGNOSTIC_ONLY;NOT_FAIR;NOT_RL_ELIGIBLE,ORACLE_DIAGNOSTIC_ONLY,unified/pass,PASS,7.269918365613402,6.389275936574057,-0.8806424290393453,True,True,True,2519,2519,0,0,-0.913415746172999,TARGET_PRESERVED,0.9,1.0,0.09999999999999998,0.089,0.0,False,0.0,0.0,80000,8a015e3f860296dd3aca796cda326c3703d87c07b3f719b51b1eb7fb9b7d4abb
SMSP|jsr=20|seed=10341|center=4000|Oracle_FrFT_UpperBound,SMSP,20.0,10341,4000,Oracle_FrFT_UpperBound,ORACLE_DIAGNOSTIC_ONLY;NOT_FAIR;NOT_RL_ELIGIBLE,ORACLE_DIAGNOSTIC_ONLY,unified/pass,PASS,7.219523572130038,6.305412626009308,-0.9141109461207302,True,True,True,3019,3019,1,0,-0.913415746172999,TARGET_PRESERVED,0.9,1.0,0.09999999999999998,0.089,0.0,False,0.0,0.0,80000,8a015e3f860296dd3aca796cda326c3703d87c07b3f719b51b1eb7fb9b7d4abb
SMSP|jsr=20|seed=10342|center=1000|Oracle_FrFT_UpperBound,SMSP,20.0,10342,1000,Oracle_FrFT_UpperBound,ORACLE_DIAGNOSTIC_ONLY;NOT_FAIR;NOT_RL_ELIGIBLE,ORACLE_DIAGNOSTIC_ONLY,unified/pass,PASS,12.091841603749035,13.501034078623285,1.4091924748742493,False,False,False,19,11,0,0,-0.9134157461729969,TARGET_PRESERVED,0.9,1.0,0.09999999999999998,0.089,0.5318973083343975,False,0.0,0.0,80000,8a015e3f860296dd3aca796cda326c3703d87c07b3f719b51b1eb7fb9b7d4abb
SMSP|jsr=20|seed=10342|center=1500|Oracle_FrFT_UpperBound,SMSP,20.0,10342,1500,Oracle_FrFT_UpperBound,ORACLE_DIAGNOSTIC_ONLY;NOT_FAIR;NOT_RL_ELIGIBLE,ORACLE_DIAGNOSTIC_ONLY,unified/pass,PASS,9.479915125804396,9.659911461534058,0.1799963357296619,False,False,False,519,519,0,0,-0.913415746172999,TARGET_PRESERVED,0.9,1.0,0.09999999999999998,0.089,0.6370791897177097,False,0.0,0.0,80000,8a015e3f860296dd3aca796cda326c3703d87c07b3f719b51b1eb7fb9b7d4abb
SMSP|jsr=20|seed=10342|center=2500|Oracle_FrFT_UpperBound,SMSP,20.0,10342,2500,Oracle_FrFT_UpperBound,ORACLE_DIAGNOSTIC_ONLY;NOT_FAIR;NOT_RL_ELIGIBLE,ORACLE_DIAGNOSTIC_ONLY,unified/pass,PASS,7.1896331773937145,6.277598909423161,-0.9120342679705535,True,True,True,1519,1519,0,0,-0.913415746172999,TARGET_PRESERVED,0.9,1.0,0.09999999999999998,0.089,0.0,False,0.0,0.0,80000,8a015e3f860296dd3aca796cda326c3703d87c07b3f719b51b1eb7fb9b7d4abb
SMSP|jsr=20|seed=10342|center=3500|Oracle_FrFT_UpperBound,SMSP,20.0,10342,3500,Oracle_FrFT_UpperBound,ORACLE_DIAGNOSTIC_ONLY;NOT_FAIR;NOT_RL_ELIGIBLE,ORACLE_DIAGNOSTIC_ONLY,unified/pass,PASS,7.257848488992859,6.367039291963304,-0.8908091970295544,True,True,True,2519,2519,0,0,-0.913415746172999,TARGET_PRESERVED,0.9,1.0,0.09999999999999998,0.089,0.0,False,0.0,0.0,80000,8a015e3f860296dd3aca796cda326c3703d87c07b3f719b51b1eb7fb9b7d4abb
SMSP|jsr=20|seed=10342|center=4000|Oracle_FrFT_UpperBound,SMSP,20.0,10342,4000,Oracle_FrFT_UpperBound,ORACLE_DIAGNOSTIC_ONLY;NOT_FAIR;NOT_RL_ELIGIBLE,ORACLE_DIAGNOSTIC_ONLY,unified/pass,PASS,7.121708292726362,6.204478963949361,-0.917229328777001,True,True,True,3019,3019,0,0,-0.913415746172999,TARGET_PRESERVED,0.9,1.0,0.09999999999999998,0.089,0.0,False,0.0,0.0,80000,8a015e3f860296dd3aca796cda326c3703d87c07b3f719b51b1eb7fb9b7d4abb
SMSP|jsr=20|seed=10343|center=1000|Oracle_FrFT_UpperBound,SMSP,20.0,10343,1000,Oracle_FrFT_UpperBound,ORACLE_DIAGNOSTIC_ONLY;NOT_FAIR;NOT_RL_ELIGIBLE,ORACLE_DIAGNOSTIC_ONLY,unified/pass,PASS,12.161484888448372,13.594313496618389,1.4328286081700163,False,False,False,19,11,1,1,-0.9134157461729969,TARGET_PRESERVED,0.9,1.0,0.09999999999999998,0.089,0.5318973083343975,False,0.0,0.0,80000,8a015e3f860296dd3aca796cda326c3703d87c07b3f719b51b1eb7fb9b7d4abb
SMSP|jsr=20|seed=10343|center=1500|Oracle_FrFT_UpperBound,SMSP,20.0,10343,1500,Oracle_FrFT_UpperBound,ORACLE_DIAGNOSTIC_ONLY;NOT_FAIR;NOT_RL_ELIGIBLE,ORACLE_DIAGNOSTIC_ONLY,unified/pass,PASS,9.365457478399108,9.568483068926739,0.20302559052763058,False,False,False,519,519,1,1,-0.913415746172999,TARGET_PRESERVED,0.9,1.0,0.09999999999999998,0.089,0.6370791897177097,False,0.0,0.0,80000,8a015e3f860296dd3aca796cda326c3703d87c07b3f719b51b1eb7fb9b7d4abb
SMSP|jsr=20|seed=10343|center=2500|Oracle_FrFT_UpperBound,SMSP,20.0,10343,2500,Oracle_FrFT_UpperBound,ORACLE_DIAGNOSTIC_ONLY;NOT_FAIR;NOT_RL_ELIGIBLE,ORACLE_DIAGNOSTIC_ONLY,unified/pass,PASS,7.1456487728796585,6.25916546147157,-0.8864833114080888,True,True,True,1519,1519,1,1,-0.913415746172999,TARGET_PRESERVED,0.9,1.0,0.09999999999999998,0.089,0.0,False,0.0,0.0,80000,8a015e3f860296dd3aca796cda326c3703d87c07b3f719b51b1eb7fb9b7d4abb
SMSP|jsr=20|seed=10343|center=3500|Oracle_FrFT_UpperBound,SMSP,20.0,10343,3500,Oracle_FrFT_UpperBound,ORACLE_DIAGNOSTIC_ONLY;NOT_FAIR;NOT_RL_ELIGIBLE,ORACLE_DIAGNOSTIC_ONLY,unified/pass,PASS,7.16383512544608,6.278350854531683,-0.8854842709143966,True,True,True,2519,2519,1,0,-0.913415746172999,TARGET_PRESERVED,0.9,1.0,0.09999999999999998,0.089,0.0,False,0.0,0.0,80000,8a015e3f860296dd3aca796cda326c3703d87c07b3f719b51b1eb7fb9b7d4abb
SMSP|jsr=20|seed=10343|center=4000|Oracle_FrFT_UpperBound,SMSP,20.0,10343,4000,Oracle_FrFT_UpperBound,ORACLE_DIAGNOSTIC_ONLY;NOT_FAIR;NOT_RL_ELIGIBLE,ORACLE_DIAGNOSTIC_ONLY,unified/pass,PASS,7.197600404829972,6.2839515678543165,-0.9136488369756552,True,True,True,3019,3019,0,0,-0.913415746172999,TARGET_PRESERVED,0.9,1.0,0.09999999999999998,0.089,0.0,False,0.0,0.0,80000,8a015e3f860296dd3aca796cda326c3703d87c07b3f719b51b1eb7fb9b7d4abb
SMSP|jsr=20|seed=10344|center=1000|Oracle_FrFT_UpperBound,SMSP,20.0,10344,1000,Oracle_FrFT_UpperBound,ORACLE_DIAGNOSTIC_ONLY;NOT_FAIR;NOT_RL_ELIGIBLE,ORACLE_DIAGNOSTIC_ONLY,unified/pass,PASS,12.12447462096094,13.557503815039418,1.4330291940784772,False,False,False,19,11,0,0,-0.9134157461729969,TARGET_PRESERVED,0.9,1.0,0.09999999999999998,0.089,0.5318973083343975,False,0.0,0.0,80000,8a015e3f860296dd3aca796cda326c3703d87c07b3f719b51b1eb7fb9b7d4abb
SMSP|jsr=20|seed=10344|center=1500|Oracle_FrFT_UpperBound,SMSP,20.0,10344,1500,Oracle_FrFT_UpperBound,ORACLE_DIAGNOSTIC_ONLY;NOT_FAIR;NOT_RL_ELIGIBLE,ORACLE_DIAGNOSTIC_ONLY,unified/pass,PASS,9.384791290001733,9.606765987579562,0.22197469757782962,False,False,False,519,519,0,0,-0.913415746172999,TARGET_PRESERVED,0.9,1.0,0.09999999999999998,0.089,0.6370791897177097,False,0.0,0.0,80000,8a015e3f860296dd3aca796cda326c3703d87c07b3f719b51b1eb7fb9b7d4abb
SMSP|jsr=20|seed=10344|center=2500|Oracle_FrFT_UpperBound,SMSP,20.0,10344,2500,Oracle_FrFT_UpperBound,ORACLE_DIAGNOSTIC_ONLY;NOT_FAIR;NOT_RL_ELIGIBLE,ORACLE_DIAGNOSTIC_ONLY,unified/pass,PASS,7.2199877894591875,6.300726505586044,-0.9192612838731433,True,True,True,1519,1519,0,0,-0.913415746172999,TARGET_PRESERVED,0.9,1.0,0.09999999999999998,0.089,0.0,False,0.0,0.0,80000,8a015e3f860296dd3aca796cda326c3703d87c07b3f719b51b1eb7fb9b7d4abb
SMSP|jsr=20|seed=10344|center=3500|Oracle_FrFT_UpperBound,SMSP,20.0,10344,3500,Oracle_FrFT_UpperBound,ORACLE_DIAGNOSTIC_ONLY;NOT_FAIR;NOT_RL_ELIGIBLE,ORACLE_DIAGNOSTIC_ONLY,unified/pass,PASS,7.1996859694100666,6.304054292198852,-0.895631677211215,True,True,True,2519,2519,0,0,-0.913415746172999,TARGET_PRESERVED,0.9,1.0,0.09999999999999998,0.089,0.0,False,0.0,0.0,80000,8a015e3f860296dd3aca796cda326c3703d87c07b3f719b51b1eb7fb9b7d4abb
SMSP|jsr=20|seed=10344|center=4000|Oracle_FrFT_UpperBound,SMSP,20.0,10344,4000,Oracle_FrFT_UpperBound,ORACLE_DIAGNOSTIC_ONLY;NOT_FAIR;NOT_RL_ELIGIBLE,ORACLE_DIAGNOSTIC_ONLY,unified/pass,PASS,7.246965640734688,6.306152540487578,-0.9408131002471096,True,True,True,3019,3019,0,0,-0.913415746172999,TARGET_PRESERVED,0.9,1.0,0.09999999999999998,0.089,0.0,False,0.0,0.0,80000,8a015e3f860296dd3aca796cda326c3703d87c07b3f719b51b1eb7fb9b7d4abb
SMSP|jsr=20|seed=10345|center=1000|Oracle_FrFT_UpperBound,SMSP,20.0,10345,1000,Oracle_FrFT_UpperBound,ORACLE_DIAGNOSTIC_ONLY;NOT_FAIR;NOT_RL_ELIGIBLE,ORACLE_DIAGNOSTIC_ONLY,unified/pass,PASS,12.118965266987116,13.55126776714928,1.432302500162164,False,False,False,19,11,0,0,-0.9134157461729969,TARGET_PRESERVED,0.9,1.0,0.09999999999999998,0.089,0.5318973083343975,False,0.0,0.0,80000,8a015e3f860296dd3aca796cda326c3703d87c07b3f719b51b1eb7fb9b7d4abb
SMSP|jsr=20|seed=10345|center=1500|Oracle_FrFT_UpperBound,SMSP,20.0,10345,1500,Oracle_FrFT_UpperBound,ORACLE_DIAGNOSTIC_ONLY;NOT_FAIR;NOT_RL_ELIGIBLE,ORACLE_DIAGNOSTIC_ONLY,unified/pass,PASS,9.418860183422725,9.643445661164137,0.22458547774141202,False,False,False,519,519,1,0,-0.913415746172999,TARGET_PRESERVED,0.9,1.0,0.09999999999999998,0.089,0.6370791897177097,False,0.0,0.0,80000,8a015e3f860296dd3aca796cda326c3703d87c07b3f719b51b1eb7fb9b7d4abb
SMSP|jsr=20|seed=10345|center=2500|Oracle_FrFT_UpperBound,SMSP,20.0,10345,2500,Oracle_FrFT_UpperBound,ORACLE_DIAGNOSTIC_ONLY;NOT_FAIR;NOT_RL_ELIGIBLE,ORACLE_DIAGNOSTIC_ONLY,unified/pass,PASS,7.180663721440194,6.230755109767201,-0.9499086116729929,True,True,True,1519,1519,0,0,-0.913415746172999,TARGET_PRESERVED,0.9,1.0,0.09999999999999998,0.089,0.0,False,0.0,0.0,80000,8a015e3f860296dd3aca796cda326c3703d87c07b3f719b51b1eb7fb9b7d4abb
SMSP|jsr=20|seed=10345|center=3500|Oracle_FrFT_UpperBound,SMSP,20.0,10345,3500,Oracle_FrFT_UpperBound,ORACLE_DIAGNOSTIC_ONLY;NOT_FAIR;NOT_RL_ELIGIBLE,ORACLE_DIAGNOSTIC_ONLY,unified/pass,PASS,7.205261855468953,6.245767218334931,-0.9594946371340214,True,True,True,2519,2519,0,0,-0.913415746172999,TARGET_PRESERVED,0.9,1.0,0.09999999999999998,0.089,0.0,False,0.0,0.0,80000,8a015e3f860296dd3aca796cda326c3703d87c07b3f719b51b1eb7fb9b7d4abb
SMSP|jsr=20|seed=10345|center=4000|Oracle_FrFT_UpperBound,SMSP,20.0,10345,4000,Oracle_FrFT_UpperBound,ORACLE_DIAGNOSTIC_ONLY;NOT_FAIR;NOT_RL_ELIGIBLE,ORACLE_DIAGNOSTIC_ONLY,unified/pass,PASS,7.231095603931013,6.329929229021509,-0.9011663749095034,True,True,True,3019,3019,0,0,-0.913415746172999,TARGET_PRESERVED,0.9,1.0,0.09999999999999998,0.089,0.0,False,0.0,0.0,80000,8a015e3f860296dd3aca796cda326c3703d87c07b3f719b51b1eb7fb9b7d4abb
SMSP|jsr=20|seed=10346|center=1000|Oracle_FrFT_UpperBound,SMSP,20.0,10346,1000,Oracle_FrFT_UpperBound,ORACLE_DIAGNOSTIC_ONLY;NOT_FAIR;NOT_RL_ELIGIBLE,ORACLE_DIAGNOSTIC_ONLY,unified/pass,PASS,12.121841838170218,13.566308793325103,1.4444669551548852,False,False,False,19,11,1,1,-0.9134157461729969,TARGET_PRESERVED,0.9,1.0,0.09999999999999998,0.089,0.5318973083343975,False,0.0,0.0,80000,8a015e3f860296dd3aca796cda326c3703d87c07b3f719b51b1eb7fb9b7d4abb
SMSP|jsr=20|seed=10346|center=1500|Oracle_FrFT_UpperBound,SMSP,20.0,10346,1500,Oracle_FrFT_UpperBound,ORACLE_DIAGNOSTIC_ONLY;NOT_FAIR;NOT_RL_ELIGIBLE,ORACLE_DIAGNOSTIC_ONLY,unified/pass,PASS,9.471058174984723,9.685040475149764,0.21398230016504094,False,False,False,519,519,1,0,-0.913415746172999,TARGET_PRESERVED,0.9,1.0,0.09999999999999998,0.089,0.6370791897177097,False,0.0,0.0,80000,8a015e3f860296dd3aca796cda326c3703d87c07b3f719b51b1eb7fb9b7d4abb
SMSP|jsr=20|seed=10346|center=2500|Oracle_FrFT_UpperBound,SMSP,20.0,10346,2500,Oracle_FrFT_UpperBound,ORACLE_DIAGNOSTIC_ONLY;NOT_FAIR;NOT_RL_ELIGIBLE,ORACLE_DIAGNOSTIC_ONLY,unified/pass,PASS,7.262440926689985,6.355840560144115,-0.9066003665458702,True,True,True,1519,1519,0,0,-0.913415746172999,TARGET_PRESERVED,0.9,1.0,0.09999999999999998,0.089,0.0,False,0.0,0.0,80000,8a015e3f860296dd3aca796cda326c3703d87c07b3f719b51b1eb7fb9b7d4abb
SMSP|jsr=20|seed=10346|center=3500|Oracle_FrFT_UpperBound,SMSP,20.0,10346,3500,Oracle_FrFT_UpperBound,ORACLE_DIAGNOSTIC_ONLY;NOT_FAIR;NOT_RL_ELIGIBLE,ORACLE_DIAGNOSTIC_ONLY,unified/pass,PASS,7.159067185766299,6.2385828543088575,-0.9204843314574411,True,True,True,2519,2519,1,2,-0.913415746172999,TARGET_PRESERVED,0.9,1.0,0.09999999999999998,0.089,0.0,False,0.0,0.0,80000,8a015e3f860296dd3aca796cda326c3703d87c07b3f719b51b1eb7fb9b7d4abb
SMSP|jsr=20|seed=10346|center=4000|Oracle_FrFT_UpperBound,SMSP,20.0,10346,4000,Oracle_FrFT_UpperBound,ORACLE_DIAGNOSTIC_ONLY;NOT_FAIR;NOT_RL_ELIGIBLE,ORACLE_DIAGNOSTIC_ONLY,unified/pass,PASS,7.297338893524757,6.373394074676567,-0.9239448188481898,True,True,True,3019,3019,1,1,-0.913415746172999,TARGET_PRESERVED,0.9,1.0,0.09999999999999998,0.089,0.0,False,0.0,0.0,80000,8a015e3f860296dd3aca796cda326c3703d87c07b3f719b51b1eb7fb9b7d4abb
SMSP|jsr=20|seed=10347|center=1000|Oracle_FrFT_UpperBound,SMSP,20.0,10347,1000,Oracle_FrFT_UpperBound,ORACLE_DIAGNOSTIC_ONLY;NOT_FAIR;NOT_RL_ELIGIBLE,ORACLE_DIAGNOSTIC_ONLY,unified/pass,PASS,12.139700048478456,13.553038043471657,1.413337994993201,False,False,False,19,11,1,1,-0.9134157461729969,TARGET_PRESERVED,0.9,1.0,0.09999999999999998,0.089,0.5318973083343975,False,0.0,0.0,80000,8a015e3f860296dd3aca796cda326c3703d87c07b3f719b51b1eb7fb9b7d4abb
SMSP|jsr=20|seed=10347|center=1500|Oracle_FrFT_UpperBound,SMSP,20.0,10347,1500,Oracle_FrFT_UpperBound,ORACLE_DIAGNOSTIC_ONLY;NOT_FAIR;NOT_RL_ELIGIBLE,ORACLE_DIAGNOSTIC_ONLY,unified/pass,PASS,9.42839130120488,9.633663226172944,0.20527192496806457,False,False,False,519,519,1,1,-0.913415746172999,TARGET_PRESERVED,0.9,1.0,0.09999999999999998,0.089,0.6370791897177097,False,0.0,0.0,80000,8a015e3f860296dd3aca796cda326c3703d87c07b3f719b51b1eb7fb9b7d4abb
SMSP|jsr=20|seed=10347|center=2500|Oracle_FrFT_UpperBound,SMSP,20.0,10347,2500,Oracle_FrFT_UpperBound,ORACLE_DIAGNOSTIC_ONLY;NOT_FAIR;NOT_RL_ELIGIBLE,ORACLE_DIAGNOSTIC_ONLY,unified/pass,PASS,7.218391044529012,6.313198807087099,-0.9051922374419128,True,True,True,1519,1519,0,0,-0.913415746172999,TARGET_PRESERVED,0.9,1.0,0.09999999999999998,0.089,0.0,False,0.0,0.0,80000,8a015e3f860296dd3aca796cda326c3703d87c07b3f719b51b1eb7fb9b7d4abb
SMSP|jsr=20|seed=10347|center=3500|Oracle_FrFT_UpperBound,SMSP,20.0,10347,3500,Oracle_FrFT_UpperBound,ORACLE_DIAGNOSTIC_ONLY;NOT_FAIR;NOT_RL_ELIGIBLE,ORACLE_DIAGNOSTIC_ONLY,unified/pass,PASS,7.318663754674426,6.390289892519389,-0.9283738621550368,True,True,True,2519,2519,0,0,-0.913415746172999,TARGET_PRESERVED,0.9,1.0,0.09999999999999998,0.089,0.0,False,0.0,0.0,80000,8a015e3f860296dd3aca796cda326c3703d87c07b3f719b51b1eb7fb9b7d4abb
SMSP|jsr=20|seed=10347|center=4000|Oracle_FrFT_UpperBound,SMSP,20.0,10347,4000,Oracle_FrFT_UpperBound,ORACLE_DIAGNOSTIC_ONLY;NOT_FAIR;NOT_RL_ELIGIBLE,ORACLE_DIAGNOSTIC_ONLY,unified/pass,PASS,7.225795808818516,6.283181299967916,-0.9426145088505997,True,True,True,3019,3019,2,1,-0.913415746172999,TARGET_PRESERVED,0.9,1.0,0.09999999999999998,0.089,0.0,False,0.0,0.0,80000,8a015e3f860296dd3aca796cda326c3703d87c07b3f719b51b1eb7fb9b7d4abb
SMSP|jsr=20|seed=10348|center=1000|Oracle_FrFT_UpperBound,SMSP,20.0,10348,1000,Oracle_FrFT_UpperBound,ORACLE_DIAGNOSTIC_ONLY;NOT_FAIR;NOT_RL_ELIGIBLE,ORACLE_DIAGNOSTIC_ONLY,unified/pass,PASS,12.195999572084794,13.597615529486074,1.4016159574012796,False,False,False,19,11,0,0,-0.9134157461729969,TARGET_PRESERVED,0.9,1.0,0.09999999999999998,0.089,0.5318973083343975,False,0.0,0.0,80000,8a015e3f860296dd3aca796cda326c3703d87c07b3f719b51b1eb7fb9b7d4abb
SMSP|jsr=20|seed=10348|center=1500|Oracle_FrFT_UpperBound,SMSP,20.0,10348,1500,Oracle_FrFT_UpperBound,ORACLE_DIAGNOSTIC_ONLY;NOT_FAIR;NOT_RL_ELIGIBLE,ORACLE_DIAGNOSTIC_ONLY,unified/pass,PASS,9.493236394939412,9.696360637306462,0.20312424236704985,False,False,False,519,519,0,0,-0.913415746172999,TARGET_PRESERVED,0.9,1.0,0.09999999999999998,0.089,0.6370791897177098,False,0.0,0.0,80000,8a015e3f860296dd3aca796cda326c3703d87c07b3f719b51b1eb7fb9b7d4abb
SMSP|jsr=20|seed=10348|center=2500|Oracle_FrFT_UpperBound,SMSP,20.0,10348,2500,Oracle_FrFT_UpperBound,ORACLE_DIAGNOSTIC_ONLY;NOT_FAIR;NOT_RL_ELIGIBLE,ORACLE_DIAGNOSTIC_ONLY,unified/pass,PASS,7.3944111361950915,6.453118529468796,-0.9412926067262957,True,True,True,1519,1519,0,0,-0.913415746172999,TARGET_PRESERVED,0.9,1.0,0.09999999999999998,0.089,0.0,False,0.0,0.0,80000,8a015e3f860296dd3aca796cda326c3703d87c07b3f719b51b1eb7fb9b7d4abb
SMSP|jsr=20|seed=10348|center=3500|Oracle_FrFT_UpperBound,SMSP,20.0,10348,3500,Oracle_FrFT_UpperBound,ORACLE_DIAGNOSTIC_ONLY;NOT_FAIR;NOT_RL_ELIGIBLE,ORACLE_DIAGNOSTIC_ONLY,unified/pass,PASS,7.309071339941033,6.36058506694139,-0.9484862729996433,True,True,True,2519,2519,0,0,-0.913415746172999,TARGET_PRESERVED,0.9,1.0,0.09999999999999998,0.089,0.0,False,0.0,0.0,80000,8a015e3f860296dd3aca796cda326c3703d87c07b3f719b51b1eb7fb9b7d4abb
SMSP|jsr=20|seed=10348|center=4000|Oracle_FrFT_UpperBound,SMSP,20.0,10348,4000,Oracle_FrFT_UpperBound,ORACLE_DIAGNOSTIC_ONLY;NOT_FAIR;NOT_RL_ELIGIBLE,ORACLE_DIAGNOSTIC_ONLY,unified/pass,PASS,7.2893544674426,6.380619987418758,-0.9087344800238419,True,True,True,3019,3019,0,0,-0.913415746172999,TARGET_PRESERVED,0.9,1.0,0.09999999999999998,0.089,0.0,False,0.0,0.0,80000,8a015e3f860296dd3aca796cda326c3703d87c07b3f719b51b1eb7fb9b7d4abb
SMSP|jsr=20|seed=10349|center=1000|Oracle_FrFT_UpperBound,SMSP,20.0,10349,1000,Oracle_FrFT_UpperBound,ORACLE_DIAGNOSTIC_ONLY;NOT_FAIR;NOT_RL_ELIGIBLE,ORACLE_DIAGNOSTIC_ONLY,unified/pass,PASS,12.179390657645978,13.597650167306556,1.4182595096605777,False,False,False,19,11,1,1,-0.9134157461729969,TARGET_PRESERVED,0.9,1.0,0.09999999999999998,0.089,0.5318973083343975,False,0.0,0.0,80000,8a015e3f860296dd3aca796cda326c3703d87c07b3f719b51b1eb7fb9b7d4abb
SMSP|jsr=20|seed=10349|center=1500|Oracle_FrFT_UpperBound,SMSP,20.0,10349,1500,Oracle_FrFT_UpperBound,ORACLE_DIAGNOSTIC_ONLY;NOT_FAIR;NOT_RL_ELIGIBLE,ORACLE_DIAGNOSTIC_ONLY,unified/pass,PASS,9.515774000087898,9.715938427445325,0.2001644273574268,False,False,False,519,519,1,1,-0.913415746172999,TARGET_PRESERVED,0.9,1.0,0.09999999999999998,0.089,0.6370791897177098,False,0.0,0.0,80000,8a015e3f860296dd3aca796cda326c3703d87c07b3f719b51b1eb7fb9b7d4abb
SMSP|jsr=20|seed=10349|center=2500|Oracle_FrFT_UpperBound,SMSP,20.0,10349,2500,Oracle_FrFT_UpperBound,ORACLE_DIAGNOSTIC_ONLY;NOT_FAIR;NOT_RL_ELIGIBLE,ORACLE_DIAGNOSTIC_ONLY,unified/pass,PASS,7.177091320024942,6.296431907510829,-0.8806594125141132,True,True,True,1519,1519,1,1,-0.913415746172999,TARGET_PRESERVED,0.9,1.0,0.09999999999999998,0.089,0.0,False,0.0,0.0,80000,8a015e3f860296dd3aca796cda326c3703d87c07b3f719b51b1eb7fb9b7d4abb
SMSP|jsr=20|seed=10349|center=3500|Oracle_FrFT_UpperBound,SMSP,20.0,10349,3500,Oracle_FrFT_UpperBound,ORACLE_DIAGNOSTIC_ONLY;NOT_FAIR;NOT_RL_ELIGIBLE,ORACLE_DIAGNOSTIC_ONLY,unified/pass,PASS,7.13454737609961,6.231976397041299,-0.9025709790583107,True,True,True,2519,2519,1,0,-0.913415746172999,TARGET_PRESERVED,0.9,1.0,0.09999999999999998,0.089,0.0,False,0.0,0.0,80000,8a015e3f860296dd3aca796cda326c3703d87c07b3f719b51b1eb7fb9b7d4abb
SMSP|jsr=20|seed=10349|center=4000|Oracle_FrFT_UpperBound,SMSP,20.0,10349,4000,Oracle_FrFT_UpperBound,ORACLE_DIAGNOSTIC_ONLY;NOT_FAIR;NOT_RL_ELIGIBLE,ORACLE_DIAGNOSTIC_ONLY,unified/pass,PASS,7.337481739118388,6.443542079617552,-0.8939396595008358,True,True,True,3019,3019,1,0,-0.913415746172999,TARGET_PRESERVED,0.9,1.0,0.09999999999999998,0.089,0.0,False,0.0,0.0,80000,8a015e3f860296dd3aca796cda326c3703d87c07b3f719b51b1eb7fb9b7d4abb
SMSP|jsr=30|seed=10300|center=1000|Oracle_FrFT_UpperBound,SMSP,30.0,10300,1000,Oracle_FrFT_UpperBound,ORACLE_DIAGNOSTIC_ONLY;NOT_FAIR;NOT_RL_ELIGIBLE,ORACLE_DIAGNOSTIC_ONLY,unified/pass,PASS,12.139322936796093,13.633981089812515,1.494658153016422,False,False,False,19,11,0,0,-0.9134157461729969,TARGET_PRESERVED,0.9,1.0,0.09999999999999998,0.089,0.5318973083343975,False,0.0,0.0,80000,8a015e3f860296dd3aca796cda326c3703d87c07b3f719b51b1eb7fb9b7d4abb
SMSP|jsr=30|seed=10300|center=1500|Oracle_FrFT_UpperBound,SMSP,30.0,10300,1500,Oracle_FrFT_UpperBound,ORACLE_DIAGNOSTIC_ONLY;NOT_FAIR;NOT_RL_ELIGIBLE,ORACLE_DIAGNOSTIC_ONLY,unified/pass,PASS,6.27883104843152,7.738646884237971,1.4598158358064506,False,False,False,519,519,0,0,-0.913415746172999,TARGET_PRESERVED,0.9,1.0,0.09999999999999998,0.089,0.6370791897177097,False,0.0,0.0,80000,8a015e3f860296dd3aca796cda326c3703d87c07b3f719b51b1eb7fb9b7d4abb
SMSP|jsr=30|seed=10300|center=2500|Oracle_FrFT_UpperBound,SMSP,30.0,10300,2500,Oracle_FrFT_UpperBound,ORACLE_DIAGNOSTIC_ONLY;NOT_FAIR;NOT_RL_ELIGIBLE,ORACLE_DIAGNOSTIC_ONLY,unified/pass,PASS,-2.8242580705725158,-3.739351781929028,-0.9150937113565121,True,True,True,1519,1519,1,0,-0.913415746172999,TARGET_PRESERVED,0.9,1.0,0.09999999999999998,0.089,0.0,False,0.0,0.0,80000,8a015e3f860296dd3aca796cda326c3703d87c07b3f719b51b1eb7fb9b7d4abb
SMSP|jsr=30|seed=10300|center=3500|Oracle_FrFT_UpperBound,SMSP,30.0,10300,3500,Oracle_FrFT_UpperBound,ORACLE_DIAGNOSTIC_ONLY;NOT_FAIR;NOT_RL_ELIGIBLE,ORACLE_DIAGNOSTIC_ONLY,unified/pass,PASS,-2.7723483071204544,-3.6509665108027356,-0.8786182036822812,True,True,True,2519,2519,1,0,-0.913415746172999,TARGET_PRESERVED,0.9,1.0,0.09999999999999998,0.089,0.0,False,0.0,0.0,80000,8a015e3f860296dd3aca796cda326c3703d87c07b3f719b51b1eb7fb9b7d4abb
SMSP|jsr=30|seed=10300|center=4000|Oracle_FrFT_UpperBound,SMSP,30.0,10300,4000,Oracle_FrFT_UpperBound,ORACLE_DIAGNOSTIC_ONLY;NOT_FAIR;NOT_RL_ELIGIBLE,ORACLE_DIAGNOSTIC_ONLY,unified/pass,PASS,-2.827053556578869,-3.7197552435563486,-0.8927016869774795,True,True,True,3019,3019,0,0,-0.913415746172999,TARGET_PRESERVED,0.9,1.0,0.09999999999999998,0.089,0.0,False,0.0,0.0,80000,8a015e3f860296dd3aca796cda326c3703d87c07b3f719b51b1eb7fb9b7d4abb
SMSP|jsr=30|seed=10301|center=1000|Oracle_FrFT_UpperBound,SMSP,30.0,10301,1000,Oracle_FrFT_UpperBound,ORACLE_DIAGNOSTIC_ONLY;NOT_FAIR;NOT_RL_ELIGIBLE,ORACLE_DIAGNOSTIC_ONLY,unified/pass,PASS,12.145297851808472,13.645810778553592,1.5005129267451203,False,False,False,19,11,0,0,-0.9134157461729969,TARGET_PRESERVED,0.9,1.0,0.09999999999999998,0.089,0.5318973083343975,False,0.0,0.0,80000,8a015e3f860296dd3aca796cda326c3703d87c07b3f719b51b1eb7fb9b7d4abb
SMSP|jsr=30|seed=10301|center=1500|Oracle_FrFT_UpperBound,SMSP,30.0,10301,1500,Oracle_FrFT_UpperBound,ORACLE_DIAGNOSTIC_ONLY;NOT_FAIR;NOT_RL_ELIGIBLE,ORACLE_DIAGNOSTIC_ONLY,unified/pass,PASS,6.300099802184099,7.78510407318556,1.4850042710014613,False,False,False,519,519,0,0,-0.913415746172999,TARGET_PRESERVED,0.9,1.0,0.09999999999999998,0.089,0.6370791897177097,False,0.0,0.0,80000,8a015e3f860296dd3aca796cda326c3703d87c07b3f719b51b1eb7fb9b7d4abb
SMSP|jsr=30|seed=10301|center=2500|Oracle_FrFT_UpperBound,SMSP,30.0,10301,2500,Oracle_FrFT_UpperBound,ORACLE_DIAGNOSTIC_ONLY;NOT_FAIR;NOT_RL_ELIGIBLE,ORACLE_DIAGNOSTIC_ONLY,unified/pass,PASS,-2.7928159391625034,-3.714500029938881,-0.9216840907763775,True,True,True,1519,1519,0,0,-0.913415746172999,TARGET_PRESERVED,0.9,1.0,0.09999999999999998,0.089,0.0,False,0.0,0.0,80000,8a015e3f860296dd3aca796cda326c3703d87c07b3f719b51b1eb7fb9b7d4abb
SMSP|jsr=30|seed=10301|center=3500|Oracle_FrFT_UpperBound,SMSP,30.0,10301,3500,Oracle_FrFT_UpperBound,ORACLE_DIAGNOSTIC_ONLY;NOT_FAIR;NOT_RL_ELIGIBLE,ORACLE_DIAGNOSTIC_ONLY,unified/pass,PASS,-2.703706849699678,-3.593479833037266,-0.889772983337588,True,True,True,2519,2519,0,0,-0.913415746172999,TARGET_PRESERVED,0.9,1.0,0.09999999999999998,0.089,0.0,False,0.0,0.0,80000,8a015e3f860296dd3aca796cda326c3703d87c07b3f719b51b1eb7fb9b7d4abb
SMSP|jsr=30|seed=10301|center=4000|Oracle_FrFT_UpperBound,SMSP,30.0,10301,4000,Oracle_FrFT_UpperBound,ORACLE_DIAGNOSTIC_ONLY;NOT_FAIR;NOT_RL_ELIGIBLE,ORACLE_DIAGNOSTIC_ONLY,unified/pass,PASS,-2.768105669691894,-3.680799031504305,-0.9126933618124107,True,True,True,3019,3019,0,0,-0.913415746172999,TARGET_PRESERVED,0.9,1.0,0.09999999999999998,0.089,0.0,False,0.0,0.0,80000,8a015e3f860296dd3aca796cda326c3703d87c07b3f719b51b1eb7fb9b7d4abb
SMSP|jsr=30|seed=10302|center=1000|Oracle_FrFT_UpperBound,SMSP,30.0,10302,1000,Oracle_FrFT_UpperBound,ORACLE_DIAGNOSTIC_ONLY;NOT_FAIR;NOT_RL_ELIGIBLE,ORACLE_DIAGNOSTIC_ONLY,unified/pass,PASS,12.15473348793791,13.646525918335401,1.4917924303974903,False,False,False,19,11,1,1,-0.9134157461729969,TARGET_PRESERVED,0.9,1.0,0.09999999999999998,0.089,0.5318973083343975,False,0.0,0.0,80000,8a015e3f860296dd3aca796cda326c3703d87c07b3f719b51b1eb7fb9b7d4abb
SMSP|jsr=30|seed=10302|center=1500|Oracle_FrFT_UpperBound,SMSP,30.0,10302,1500,Oracle_FrFT_UpperBound,ORACLE_DIAGNOSTIC_ONLY;NOT_FAIR;NOT_RL_ELIGIBLE,ORACLE_DIAGNOSTIC_ONLY,unified/pass,PASS,6.257907485607649,7.725449050528138,1.4675415649204897,False,False,False,519,519,1,1,-0.913415746172999,TARGET_PRESERVED,0.9,1.0,0.09999999999999998,0.089,0.6370791897177097,False,0.0,0.0,80000,8a015e3f860296dd3aca796cda326c3703d87c07b3f719b51b1eb7fb9b7d4abb
SMSP|jsr=30|seed=10302|center=2500|Oracle_FrFT_UpperBound,SMSP,30.0,10302,2500,Oracle_FrFT_UpperBound,ORACLE_DIAGNOSTIC_ONLY;NOT_FAIR;NOT_RL_ELIGIBLE,ORACLE_DIAGNOSTIC_ONLY,unified/pass,PASS,-2.766322493766868,-3.6770690821937264,-0.9107465884268584,True,True,True,1519,1519,0,0,-0.913415746172999,TARGET_PRESERVED,0.9,1.0,0.09999999999999998,0.089,0.0,False,0.0,0.0,80000,8a015e3f860296dd3aca796cda326c3703d87c07b3f719b51b1eb7fb9b7d4abb
SMSP|jsr=30|seed=10302|center=3500|Oracle_FrFT_UpperBound,SMSP,30.0,10302,3500,Oracle_FrFT_UpperBound,ORACLE_DIAGNOSTIC_ONLY;NOT_FAIR;NOT_RL_ELIGIBLE,ORACLE_DIAGNOSTIC_ONLY,unified/pass,PASS,-2.6560757984436076,-3.5706214650310555,-0.9145456665874478,True,True,True,2519,2519,0,0,-0.913415746172999,TARGET_PRESERVED,0.9,1.0,0.09999999999999998,0.089,0.0,False,0.0,0.0,80000,8a015e3f860296dd3aca796cda326c3703d87c07b3f719b51b1eb7fb9b7d4abb
SMSP|jsr=30|seed=10302|center=4000|Oracle_FrFT_UpperBound,SMSP,30.0,10302,4000,Oracle_FrFT_UpperBound,ORACLE_DIAGNOSTIC_ONLY;NOT_FAIR;NOT_RL_ELIGIBLE,ORACLE_DIAGNOSTIC_ONLY,unified/pass,PASS,-2.715865491130998,-3.6334403611923722,-0.9175748700613742,True,True,True,3019,3019,1,1,-0.913415746172999,TARGET_PRESERVED,0.9,1.0,0.09999999999999998,0.089,0.0,False,0.0,0.0,80000,8a015e3f860296dd3aca796cda326c3703d87c07b3f719b51b1eb7fb9b7d4abb
SMSP|jsr=30|seed=10303|center=1000|Oracle_FrFT_UpperBound,SMSP,30.0,10303,1000,Oracle_FrFT_UpperBound,ORACLE_DIAGNOSTIC_ONLY;NOT_FAIR;NOT_RL_ELIGIBLE,ORACLE_DIAGNOSTIC_ONLY,unified/pass,PASS,12.132426540059596,13.625286236132574,1.492859696072978,False,False,False,19,11,1,1,-0.9134157461729969,TARGET_PRESERVED,0.9,1.0,0.09999999999999998,0.089,0.5318973083343975,False,0.0,0.0,80000,8a015e3f860296dd3aca796cda326c3703d87c07b3f719b51b1eb7fb9b7d4abb
SMSP|jsr=30|seed=10303|center=1500|Oracle_FrFT_UpperBound,SMSP,30.0,10303,1500,Oracle_FrFT_UpperBound,ORACLE_DIAGNOSTIC_ONLY;NOT_FAIR;NOT_RL_ELIGIBLE,ORACLE_DIAGNOSTIC_ONLY,unified/pass,PASS,6.273730376281886,7.730001411491136,1.4562710352092498,False,False,False,519,519,1,1,-0.913415746172999,TARGET_PRESERVED,0.9,1.0,0.09999999999999998,0.089,0.6370791897177097,False,0.0,0.0,80000,8a015e3f860296dd3aca796cda326c3703d87c07b3f719b51b1eb7fb9b7d4abb
SMSP|jsr=30|seed=10303|center=2500|Oracle_FrFT_UpperBound,SMSP,30.0,10303,2500,Oracle_FrFT_UpperBound,ORACLE_DIAGNOSTIC_ONLY;NOT_FAIR;NOT_RL_ELIGIBLE,ORACLE_DIAGNOSTIC_ONLY,unified/pass,PASS,-2.81327959793183,-3.7514663091826845,-0.9381867112508546,True,True,True,1519,1519,1,1,-0.913415746172999,TARGET_PRESERVED,0.9,1.0,0.09999999999999998,0.089,0.0,False,0.0,0.0,80000,8a015e3f860296dd3aca796cda326c3703d87c07b3f719b51b1eb7fb9b7d4abb
SMSP|jsr=30|seed=10303|center=3500|Oracle_FrFT_UpperBound,SMSP,30.0,10303,3500,Oracle_FrFT_UpperBound,ORACLE_DIAGNOSTIC_ONLY;NOT_FAIR;NOT_RL_ELIGIBLE,ORACLE_DIAGNOSTIC_ONLY,unified/pass,PASS,-2.6824472995105957,-3.563171323005407,-0.8807240234948113,True,True,True,2519,2519,0,0,-0.913415746172999,TARGET_PRESERVED,0.9,1.0,0.09999999999999998,0.089,0.0,False,0.0,0.0,80000,8a015e3f860296dd3aca796cda326c3703d87c07b3f719b51b1eb7fb9b7d4abb
SMSP|jsr=30|seed=10303|center=4000|Oracle_FrFT_UpperBound,SMSP,30.0,10303,4000,Oracle_FrFT_UpperBound,ORACLE_DIAGNOSTIC_ONLY;NOT_FAIR;NOT_RL_ELIGIBLE,ORACLE_DIAGNOSTIC_ONLY,unified/pass,PASS,-2.7879893494187904,-3.7300712456763914,-0.942081896257601,True,True,True,3019,3019,0,0,-0.913415746172999,TARGET_PRESERVED,0.9,1.0,0.09999999999999998,0.089,0.0,False,0.0,0.0,80000,8a015e3f860296dd3aca796cda326c3703d87c07b3f719b51b1eb7fb9b7d4abb
SMSP|jsr=30|seed=10304|center=1000|Oracle_FrFT_UpperBound,SMSP,30.0,10304,1000,Oracle_FrFT_UpperBound,ORACLE_DIAGNOSTIC_ONLY;NOT_FAIR;NOT_RL_ELIGIBLE,ORACLE_DIAGNOSTIC_ONLY,unified/pass,PASS,12.133729656361787,13.629076928481965,1.4953472721201777,False,False,False,19,11,0,0,-0.9134157461729969,TARGET_PRESERVED,0.9,1.0,0.09999999999999998,0.089,0.5318973083343975,False,0.0,0.0,80000,8a015e3f860296dd3aca796cda326c3703d87c07b3f719b51b1eb7fb9b7d4abb
SMSP|jsr=30|seed=10304|center=1500|Oracle_FrFT_UpperBound,SMSP,30.0,10304,1500,Oracle_FrFT_UpperBound,ORACLE_DIAGNOSTIC_ONLY;NOT_FAIR;NOT_RL_ELIGIBLE,ORACLE_DIAGNOSTIC_ONLY,unified/pass,PASS,6.279544324181362,7.747687967175735,1.4681436429943728,False,False,False,519,519,0,0,-0.913415746172999,TARGET_PRESERVED,0.9,1.0,0.09999999999999998,0.089,0.6370791897177097,False,0.0,0.0,80000,8a015e3f860296dd3aca796cda326c3703d87c07b3f719b51b1eb7fb9b7d4abb
SMSP|jsr=30|seed=10304|center=2500|Oracle_FrFT_UpperBound,SMSP,30.0,10304,2500,Oracle_FrFT_UpperBound,ORACLE_DIAGNOSTIC_ONLY;NOT_FAIR;NOT_RL_ELIGIBLE,ORACLE_DIAGNOSTIC_ONLY,unified/pass,PASS,-2.6958179661073887,-3.608299785084867,-0.9124818189774784,True,True,True,1519,1519,0,0,-0.913415746172999,TARGET_PRESERVED,0.9,1.0,0.09999999999999998,0.089,0.0,False,0.0,0.0,80000,8a015e3f860296dd3aca796cda326c3703d87c07b3f719b51b1eb7fb9b7d4abb
SMSP|jsr=30|seed=10304|center=3500|Oracle_FrFT_UpperBound,SMSP,30.0,10304,3500,Oracle_FrFT_UpperBound,ORACLE_DIAGNOSTIC_ONLY;NOT_FAIR;NOT_RL_ELIGIBLE,ORACLE_DIAGNOSTIC_ONLY,unified/pass,PASS,-2.803212101734718,-3.7247773920854317,-0.9215652903507139,True,True,True,2519,2519,0,0,-0.913415746172999,TARGET_PRESERVED,0.9,1.0,0.09999999999999998,0.089,0.0,False,0.0,0.0,80000,8a015e3f860296dd3aca796cda326c3703d87c07b3f719b51b1eb7fb9b7d4abb
SMSP|jsr=30|seed=10304|center=4000|Oracle_FrFT_UpperBound,SMSP,30.0,10304,4000,Oracle_FrFT_UpperBound,ORACLE_DIAGNOSTIC_ONLY;NOT_FAIR;NOT_RL_ELIGIBLE,ORACLE_DIAGNOSTIC_ONLY,unified/pass,PASS,-2.8405172587545433,-3.7621536613397684,-0.9216364025852251,True,True,True,3019,3019,1,0,-0.913415746172999,TARGET_PRESERVED,0.9,1.0,0.09999999999999998,0.089,0.0,False,0.0,0.0,80000,8a015e3f860296dd3aca796cda326c3703d87c07b3f719b51b1eb7fb9b7d4abb
SMSP|jsr=30|seed=10305|center=1000|Oracle_FrFT_UpperBound,SMSP,30.0,10305,1000,Oracle_FrFT_UpperBound,ORACLE_DIAGNOSTIC_ONLY;NOT_FAIR;NOT_RL_ELIGIBLE,ORACLE_DIAGNOSTIC_ONLY,unified/pass,PASS,12.14735192629406,13.641290584844759,1.4939386585506984,False,False,False,19,11,1,1,-0.9134157461729969,TARGET_PRESERVED,0.9,1.0,0.09999999999999998,0.089,0.5318973083343975,False,0.0,0.0,80000,8a015e3f860296dd3aca796cda326c3703d87c07b3f719b51b1eb7fb9b7d4abb
SMSP|jsr=30|seed=10305|center=1500|Oracle_FrFT_UpperBound,SMSP,30.0,10305,1500,Oracle_FrFT_UpperBound,ORACLE_DIAGNOSTIC_ONLY;NOT_FAIR;NOT_RL_ELIGIBLE,ORACLE_DIAGNOSTIC_ONLY,unified/pass,PASS,6.282586901377734,7.778394677663556,1.4958077762858224,False,False,False,519,519,1,1,-0.913415746172999,TARGET_PRESERVED,0.9,1.0,0.09999999999999998,0.089,0.6370791897177097,False,0.0,0.0,80000,8a015e3f860296dd3aca796cda326c3703d87c07b3f719b51b1eb7fb9b7d4abb
SMSP|jsr=30|seed=10305|center=2500|Oracle_FrFT_UpperBound,SMSP,30.0,10305,2500,Oracle_FrFT_UpperBound,ORACLE_DIAGNOSTIC_ONLY;NOT_FAIR;NOT_RL_ELIGIBLE,ORACLE_DIAGNOSTIC_ONLY,unified/pass,PASS,-2.7306118015493603,-3.6566217535056644,-0.9260099519563041,True,True,True,1519,1519,1,1,-0.913415746172999,TARGET_PRESERVED,0.9,1.0,0.09999999999999998,0.089,0.0,False,0.0,0.0,80000,8a015e3f860296dd3aca796cda326c3703d87c07b3f719b51b1eb7fb9b7d4abb
SMSP|jsr=30|seed=10305|center=3500|Oracle_FrFT_UpperBound,SMSP,30.0,10305,3500,Oracle_FrFT_UpperBound,ORACLE_DIAGNOSTIC_ONLY;NOT_FAIR;NOT_RL_ELIGIBLE,ORACLE_DIAGNOSTIC_ONLY,unified/pass,PASS,-2.730785292903208,-3.6420248246807763,-0.9112395317775683,True,True,True,2519,2519,1,1,-0.913415746172999,TARGET_PRESERVED,0.9,1.0,0.09999999999999998,0.089,0.0,False,0.0,0.0,80000,8a015e3f860296dd3aca796cda326c3703d87c07b3f719b51b1eb7fb9b7d4abb
SMSP|jsr=30|seed=10305|center=4000|Oracle_FrFT_UpperBound,SMSP,30.0,10305,4000,Oracle_FrFT_UpperBound,ORACLE_DIAGNOSTIC_ONLY;NOT_FAIR;NOT_RL_ELIGIBLE,ORACLE_DIAGNOSTIC_ONLY,unified/pass,PASS,-2.6822473951342567,-3.607892264637544,-0.9256448695032873,True,True,True,3019,3019,0,0,-0.913415746172999,TARGET_PRESERVED,0.9,1.0,0.09999999999999998,0.089,0.0,False,0.0,0.0,80000,8a015e3f860296dd3aca796cda326c3703d87c07b3f719b51b1eb7fb9b7d4abb
SMSP|jsr=30|seed=10306|center=1000|Oracle_FrFT_UpperBound,SMSP,30.0,10306,1000,Oracle_FrFT_UpperBound,ORACLE_DIAGNOSTIC_ONLY;NOT_FAIR;NOT_RL_ELIGIBLE,ORACLE_DIAGNOSTIC_ONLY,unified/pass,PASS,12.148195808892414,13.641441134183323,1.4932453252909088,False,False,False,19,11,0,0,-0.9134157461729969,TARGET_PRESERVED,0.9,1.0,0.09999999999999998,0.089,0.5318973083343975,False,0.0,0.0,80000,8a015e3f860296dd3aca796cda326c3703d87c07b3f719b51b1eb7fb9b7d4abb
SMSP|jsr=30|seed=10306|center=1500|Oracle_FrFT_UpperBound,SMSP,30.0,10306,1500,Oracle_FrFT_UpperBound,ORACLE_DIAGNOSTIC_ONLY;NOT_FAIR;NOT_RL_ELIGIBLE,ORACLE_DIAGNOSTIC_ONLY,unified/pass,PASS,6.273307039143443,7.7473980725197595,1.4740910333763164,False,False,False,519,519,0,0,-0.913415746172999,TARGET_PRESERVED,0.9,1.0,0.09999999999999998,0.089,0.6370791897177097,False,0.0,0.0,80000,8a015e3f860296dd3aca796cda326c3703d87c07b3f719b51b1eb7fb9b7d4abb
SMSP|jsr=30|seed=10306|center=2500|Oracle_FrFT_UpperBound,SMSP,30.0,10306,2500,Oracle_FrFT_UpperBound,ORACLE_DIAGNOSTIC_ONLY;NOT_FAIR;NOT_RL_ELIGIBLE,ORACLE_DIAGNOSTIC_ONLY,unified/pass,PASS,-2.7673398794883446,-3.690151826571901,-0.9228119470835563,True,True,True,1519,1519,0,0,-0.913415746172999,TARGET_PRESERVED,0.9,1.0,0.09999999999999998,0.089,0.0,False,0.0,0.0,80000,8a015e3f860296dd3aca796cda326c3703d87c07b3f719b51b1eb7fb9b7d4abb
SMSP|jsr=30|seed=10306|center=3500|Oracle_FrFT_UpperBound,SMSP,30.0,10306,3500,Oracle_FrFT_UpperBound,ORACLE_DIAGNOSTIC_ONLY;NOT_FAIR;NOT_RL_ELIGIBLE,ORACLE_DIAGNOSTIC_ONLY,unified/pass,PASS,-2.8645963730398054,-3.8223943538446026,-0.9577979808047972,True,True,True,2519,2519,0,0,-0.913415746172999,TARGET_PRESERVED,0.9,1.0,0.09999999999999998,0.089,0.0,False,0.0,0.0,80000,8a015e3f860296dd3aca796cda326c3703d87c07b3f719b51b1eb7fb9b7d4abb
SMSP|jsr=30|seed=10306|center=4000|Oracle_FrFT_UpperBound,SMSP,30.0,10306,4000,Oracle_FrFT_UpperBound,ORACLE_DIAGNOSTIC_ONLY;NOT_FAIR;NOT_RL_ELIGIBLE,ORACLE_DIAGNOSTIC_ONLY,unified/pass,PASS,-2.7871269289422425,-3.7196139172982905,-0.932486988356048,True,True,True,3019,3019,0,0,-0.913415746172999,TARGET_PRESERVED,0.9,1.0,0.09999999999999998,0.089,0.0,False,0.0,0.0,80000,8a015e3f860296dd3aca796cda326c3703d87c07b3f719b51b1eb7fb9b7d4abb
SMSP|jsr=30|seed=10307|center=1000|Oracle_FrFT_UpperBound,SMSP,30.0,10307,1000,Oracle_FrFT_UpperBound,ORACLE_DIAGNOSTIC_ONLY;NOT_FAIR;NOT_RL_ELIGIBLE,ORACLE_DIAGNOSTIC_ONLY,unified/pass,PASS,12.13290791170863,13.625174638895043,1.4922667271864132,False,False,False,19,11,0,0,-0.9134157461729969,TARGET_PRESERVED,0.9,1.0,0.09999999999999998,0.089,0.5318973083343975,False,0.0,0.0,80000,8a015e3f860296dd3aca796cda326c3703d87c07b3f719b51b1eb7fb9b7d4abb
SMSP|jsr=30|seed=10307|center=1500|Oracle_FrFT_UpperBound,SMSP,30.0,10307,1500,Oracle_FrFT_UpperBound,ORACLE_DIAGNOSTIC_ONLY;NOT_FAIR;NOT_RL_ELIGIBLE,ORACLE_DIAGNOSTIC_ONLY,unified/pass,PASS,6.298673546113676,7.766802077276371,1.4681285311626953,False,False,False,519,519,0,0,-0.913415746172999,TARGET_PRESERVED,0.9,1.0,0.09999999999999998,0.089,0.6370791897177097,False,0.0,0.0,80000,8a015e3f860296dd3aca796cda326c3703d87c07b3f719b51b1eb7fb9b7d4abb
SMSP|jsr=30|seed=10307|center=2500|Oracle_FrFT_UpperBound,SMSP,30.0,10307,2500,Oracle_FrFT_UpperBound,ORACLE_DIAGNOSTIC_ONLY;NOT_FAIR;NOT_RL_ELIGIBLE,ORACLE_DIAGNOSTIC_ONLY,unified/pass,PASS,-2.8347546709960576,-3.7511282108920785,-0.9163735398960209,True,True,True,1519,1519,0,0,-0.913415746172999,TARGET_PRESERVED,0.9,1.0,0.09999999999999998,0.089,0.0,False,0.0,0.0,80000,8a015e3f860296dd3aca796cda326c3703d87c07b3f719b51b1eb7fb9b7d4abb
SMSP|jsr=30|seed=10307|center=3500|Oracle_FrFT_UpperBound,SMSP,30.0,10307,3500,Oracle_FrFT_UpperBound,ORACLE_DIAGNOSTIC_ONLY;NOT_FAIR;NOT_RL_ELIGIBLE,ORACLE_DIAGNOSTIC_ONLY,unified/pass,PASS,-2.822695838386349,-3.7513350969898256,-0.9286392586034764,True,True,True,2519,2519,0,0,-0.913415746172999,TARGET_PRESERVED,0.9,1.0,0.09999999999999998,0.089,0.0,False,0.0,0.0,80000,8a015e3f860296dd3aca796cda326c3703d87c07b3f719b51b1eb7fb9b7d4abb
SMSP|jsr=30|seed=10307|center=4000|Oracle_FrFT_UpperBound,SMSP,30.0,10307,4000,Oracle_FrFT_UpperBound,ORACLE_DIAGNOSTIC_ONLY;NOT_FAIR;NOT_RL_ELIGIBLE,ORACLE_DIAGNOSTIC_ONLY,unified/pass,PASS,-2.8017123518115072,-3.6799949848041136,-0.8782826329926063,True,True,True,3019,3019,0,0,-0.913415746172999,TARGET_PRESERVED,0.9,1.0,0.09999999999999998,0.089,0.0,False,0.0,0.0,80000,8a015e3f860296dd3aca796cda326c3703d87c07b3f719b51b1eb7fb9b7d4abb
SMSP|jsr=30|seed=10308|center=1000|Oracle_FrFT_UpperBound,SMSP,30.0,10308,1000,Oracle_FrFT_UpperBound,ORACLE_DIAGNOSTIC_ONLY;NOT_FAIR;NOT_RL_ELIGIBLE,ORACLE_DIAGNOSTIC_ONLY,unified/pass,PASS,12.148582670689931,13.639320647027871,1.4907379763379396,False,False,False,19,11,1,1,-0.9134157461729969,TARGET_PRESERVED,0.9,1.0,0.09999999999999998,0.089,0.5318973083343975,False,0.0,0.0,80000,8a015e3f860296dd3aca796cda326c3703d87c07b3f719b51b1eb7fb9b7d4abb
SMSP|jsr=30|seed=10308|center=1500|Oracle_FrFT_UpperBound,SMSP,30.0,10308,1500,Oracle_FrFT_UpperBound,ORACLE_DIAGNOSTIC_ONLY;NOT_FAIR;NOT_RL_ELIGIBLE,ORACLE_DIAGNOSTIC_ONLY,unified/pass,PASS,6.275186344366136,7.770046114584695,1.494859770218559,False,False,False,519,519,1,1,-0.913415746172999,TARGET_PRESERVED,0.9,1.0,0.09999999999999998,0.089,0.6370791897177097,False,0.0,0.0,80000,8a015e3f860296dd3aca796cda326c3703d87c07b3f719b51b1eb7fb9b7d4abb
SMSP|jsr=30|seed=10308|center=2500|Oracle_FrFT_UpperBound,SMSP,30.0,10308,2500,Oracle_FrFT_UpperBound,ORACLE_DIAGNOSTIC_ONLY;NOT_FAIR;NOT_RL_ELIGIBLE,ORACLE_DIAGNOSTIC_ONLY,unified/pass,PASS,-2.8961935974356026,-3.818269808825427,-0.9220762113898244,True,True,True,1519,1519,0,0,-0.913415746172999,TARGET_PRESERVED,0.9,1.0,0.09999999999999998,0.089,0.0,False,0.0,0.0,80000,8a015e3f860296dd3aca796cda326c3703d87c07b3f719b51b1eb7fb9b7d4abb
SMSP|jsr=30|seed=10308|center=3500|Oracle_FrFT_UpperBound,SMSP,30.0,10308,3500,Oracle_FrFT_UpperBound,ORACLE_DIAGNOSTIC_ONLY;NOT_FAIR;NOT_RL_ELIGIBLE,ORACLE_DIAGNOSTIC_ONLY,unified/pass,PASS,-2.851634650660232,-3.767708009504754,-0.916073358844522,True,True,True,2519,2519,0,0,-0.913415746172999,TARGET_PRESERVED,0.9,1.0,0.09999999999999998,0.089,0.0,False,0.0,0.0,80000,8a015e3f860296dd3aca796cda326c3703d87c07b3f719b51b1eb7fb9b7d4abb
SMSP|jsr=30|seed=10308|center=4000|Oracle_FrFT_UpperBound,SMSP,30.0,10308,4000,Oracle_FrFT_UpperBound,ORACLE_DIAGNOSTIC_ONLY;NOT_FAIR;NOT_RL_ELIGIBLE,ORACLE_DIAGNOSTIC_ONLY,unified/pass,PASS,-2.846284752523169,-3.76865912382009,-0.9223743712969212,True,True,True,3019,3019,1,1,-0.913415746172999,TARGET_PRESERVED,0.9,1.0,0.09999999999999998,0.089,0.0,False,0.0,0.0,80000,8a015e3f860296dd3aca796cda326c3703d87c07b3f719b51b1eb7fb9b7d4abb
SMSP|jsr=30|seed=10309|center=1000|Oracle_FrFT_UpperBound,SMSP,30.0,10309,1000,Oracle_FrFT_UpperBound,ORACLE_DIAGNOSTIC_ONLY;NOT_FAIR;NOT_RL_ELIGIBLE,ORACLE_DIAGNOSTIC_ONLY,unified/pass,PASS,12.129479266868328,13.62683612590299,1.497356859034662,False,False,False,19,11,0,0,-0.9134157461729969,TARGET_PRESERVED,0.9,1.0,0.09999999999999998,0.089,0.5318973083343975,False,0.0,0.0,80000,8a015e3f860296dd3aca796cda326c3703d87c07b3f719b51b1eb7fb9b7d4abb
SMSP|jsr=30|seed=10309|center=1500|Oracle_FrFT_UpperBound,SMSP,30.0,10309,1500,Oracle_FrFT_UpperBound,ORACLE_DIAGNOSTIC_ONLY;NOT_FAIR;NOT_RL_ELIGIBLE,ORACLE_DIAGNOSTIC_ONLY,unified/pass,PASS,6.290389466072005,7.750620031107665,1.4602305650356602,False,False,False,519,519,0,0,-0.913415746172999,TARGET_PRESERVED,0.9,1.0,0.09999999999999998,0.089,0.6370791897177097,False,0.0,0.0,80000,8a015e3f860296dd3aca796cda326c3703d87c07b3f719b51b1eb7fb9b7d4abb
SMSP|jsr=30|seed=10309|center=2500|Oracle_FrFT_UpperBound,SMSP,30.0,10309,2500,Oracle_FrFT_UpperBound,ORACLE_DIAGNOSTIC_ONLY;NOT_FAIR;NOT_RL_ELIGIBLE,ORACLE_DIAGNOSTIC_ONLY,unified/pass,PASS,-2.7593055160150897,-3.6676444866082862,-0.9083389705931966,True,True,True,1519,1519,0,0,-0.913415746172999,TARGET_PRESERVED,0.9,1.0,0.09999999999999998,0.089,0.0,False,0.0,0.0,80000,8a015e3f860296dd3aca796cda326c3703d87c07b3f719b51b1eb7fb9b7d4abb
SMSP|jsr=30|seed=10309|center=3500|Oracle_FrFT_UpperBound,SMSP,30.0,10309,3500,Oracle_FrFT_UpperBound,ORACLE_DIAGNOSTIC_ONLY;NOT_FAIR;NOT_RL_ELIGIBLE,ORACLE_DIAGNOSTIC_ONLY,unified/pass,PASS,-2.7481477114595902,-3.6247117418817894,-0.8765640304221991,True,True,True,2519,2519,0,0,-0.913415746172999,TARGET_PRESERVED,0.9,1.0,0.09999999999999998,0.089,0.0,False,0.0,0.0,80000,8a015e3f860296dd3aca796cda326c3703d87c07b3f719b51b1eb7fb9b7d4abb
SMSP|jsr=30|seed=10309|center=4000|Oracle_FrFT_UpperBound,SMSP,30.0,10309,4000,Oracle_FrFT_UpperBound,ORACLE_DIAGNOSTIC_ONLY;NOT_FAIR;NOT_RL_ELIGIBLE,ORACLE_DIAGNOSTIC_ONLY,unified/pass,PASS,-2.823077331647279,-3.734291971708849,-0.9112146400615702,True,True,True,3019,3019,0,0,-0.913415746172999,TARGET_PRESERVED,0.9,1.0,0.09999999999999998,0.089,0.0,False,0.0,0.0,80000,8a015e3f860296dd3aca796cda326c3703d87c07b3f719b51b1eb7fb9b7d4abb
SMSP|jsr=30|seed=10310|center=1000|Oracle_FrFT_UpperBound,SMSP,30.0,10310,1000,Oracle_FrFT_UpperBound,ORACLE_DIAGNOSTIC_ONLY;NOT_FAIR;NOT_RL_ELIGIBLE,ORACLE_DIAGNOSTIC_ONLY,unified/pass,PASS,12.142416019915105,13.639375592098755,1.4969595721836502,False,False,False,19,11,1,1,-0.9134157461729969,TARGET_PRESERVED,0.9,1.0,0.09999999999999998,0.089,0.5318973083343975,False,0.0,0.0,80000,8a015e3f860296dd3aca796cda326c3703d87c07b3f719b51b1eb7fb9b7d4abb
SMSP|jsr=30|seed=10310|center=1500|Oracle_FrFT_UpperBound,SMSP,30.0,10310,1500,Oracle_FrFT_UpperBound,ORACLE_DIAGNOSTIC_ONLY;NOT_FAIR;NOT_RL_ELIGIBLE,ORACLE_DIAGNOSTIC_ONLY,unified/pass,PASS,6.267679926527292,7.749680288388835,1.4820003618615436,False,False,False,519,519,1,1,-0.913415746172999,TARGET_PRESERVED,0.9,1.0,0.09999999999999998,0.089,0.6370791897177097,False,0.0,0.0,80000,8a015e3f860296dd3aca796cda326c3703d87c07b3f719b51b1eb7fb9b7d4abb
SMSP|jsr=30|seed=10310|center=2500|Oracle_FrFT_UpperBound,SMSP,30.0,10310,2500,Oracle_FrFT_UpperBound,ORACLE_DIAGNOSTIC_ONLY;NOT_FAIR;NOT_RL_ELIGIBLE,ORACLE_DIAGNOSTIC_ONLY,unified/pass,PASS,-2.6690621751395054,-3.5886322766349927,-0.9195701014954873,True,True,True,1519,1519,1,1,-0.913415746172999,TARGET_PRESERVED,0.9,1.0,0.09999999999999998,0.089,0.0,False,0.0,0.0,80000,8a015e3f860296dd3aca796cda326c3703d87c07b3f719b51b1eb7fb9b7d4abb
SMSP|jsr=30|seed=10310|center=3500|Oracle_FrFT_UpperBound,SMSP,30.0,10310,3500,Oracle_FrFT_UpperBound,ORACLE_DIAGNOSTIC_ONLY;NOT_FAIR;NOT_RL_ELIGIBLE,ORACLE_DIAGNOSTIC_ONLY,unified/pass,PASS,-2.794844593349765,-3.709291403784021,-0.9144468104342556,True,True,True,2519,2519,0,0,-0.913415746172999,TARGET_PRESERVED,0.9,1.0,0.09999999999999998,0.089,0.0,False,0.0,0.0,80000,8a015e3f860296dd3aca796cda326c3703d87c07b3f719b51b1eb7fb9b7d4abb
SMSP|jsr=30|seed=10310|center=4000|Oracle_FrFT_UpperBound,SMSP,30.0,10310,4000,Oracle_FrFT_UpperBound,ORACLE_DIAGNOSTIC_ONLY;NOT_FAIR;NOT_RL_ELIGIBLE,ORACLE_DIAGNOSTIC_ONLY,unified/pass,PASS,-2.7030531999734446,-3.608493284337725,-0.9054400843642805,True,True,True,3019,3019,0,0,-0.913415746172999,TARGET_PRESERVED,0.9,1.0,0.09999999999999998,0.089,0.0,False,0.0,0.0,80000,8a015e3f860296dd3aca796cda326c3703d87c07b3f719b51b1eb7fb9b7d4abb
SMSP|jsr=30|seed=10311|center=1000|Oracle_FrFT_UpperBound,SMSP,30.0,10311,1000,Oracle_FrFT_UpperBound,ORACLE_DIAGNOSTIC_ONLY;NOT_FAIR;NOT_RL_ELIGIBLE,ORACLE_DIAGNOSTIC_ONLY,unified/pass,PASS,12.148982088597293,13.6390665809798,1.4900844923825076,False,False,False,19,11,1,1,-0.9134157461729969,TARGET_PRESERVED,0.9,1.0,0.09999999999999998,0.089,0.5318973083343975,False,0.0,0.0,80000,8a015e3f860296dd3aca796cda326c3703d87c07b3f719b51b1eb7fb9b7d4abb
SMSP|jsr=30|seed=10311|center=1500|Oracle_FrFT_UpperBound,SMSP,30.0,10311,1500,Oracle_FrFT_UpperBound,ORACLE_DIAGNOSTIC_ONLY;NOT_FAIR;NOT_RL_ELIGIBLE,ORACLE_DIAGNOSTIC_ONLY,unified/pass,PASS,6.289564418705787,7.744511064889684,1.4549466461838971,False,False,False,519,519,1,1,-0.913415746172999,TARGET_PRESERVED,0.9,1.0,0.09999999999999998,0.089,0.6370791897177097,False,0.0,0.0,80000,8a015e3f860296dd3aca796cda326c3703d87c07b3f719b51b1eb7fb9b7d4abb
SMSP|jsr=30|seed=10311|center=2500|Oracle_FrFT_UpperBound,SMSP,30.0,10311,2500,Oracle_FrFT_UpperBound,ORACLE_DIAGNOSTIC_ONLY;NOT_FAIR;NOT_RL_ELIGIBLE,ORACLE_DIAGNOSTIC_ONLY,unified/pass,PASS,-2.7778863984525684,-3.6851497549892143,-0.9072633565366459,True,True,True,1519,1519,1,1,-0.913415746172999,TARGET_PRESERVED,0.9,1.0,0.09999999999999998,0.089,0.0,False,0.0,0.0,80000,8a015e3f860296dd3aca796cda326c3703d87c07b3f719b51b1eb7fb9b7d4abb
SMSP|jsr=30|seed=10311|center=3500|Oracle_FrFT_UpperBound,SMSP,30.0,10311,3500,Oracle_FrFT_UpperBound,ORACLE_DIAGNOSTIC_ONLY;NOT_FAIR;NOT_RL_ELIGIBLE,ORACLE_DIAGNOSTIC_ONLY,unified/pass,PASS,-2.64789492928664,-3.533773687031845,-0.8858787577452047,True,True,True,2519,2519,1,1,-0.913415746172999,TARGET_PRESERVED,0.9,1.0,0.09999999999999998,0.089,0.0,False,0.0,0.0,80000,8a015e3f860296dd3aca796cda326c3703d87c07b3f719b51b1eb7fb9b7d4abb
SMSP|jsr=30|seed=10311|center=4000|Oracle_FrFT_UpperBound,SMSP,30.0,10311,4000,Oracle_FrFT_UpperBound,ORACLE_DIAGNOSTIC_ONLY;NOT_FAIR;NOT_RL_ELIGIBLE,ORACLE_DIAGNOSTIC_ONLY,unified/pass,PASS,-2.832948197448721,-3.789811209003754,-0.9568630115550332,True,True,True,3019,3019,0,1,-0.913415746172999,TARGET_PRESERVED,0.9,1.0,0.09999999999999998,0.089,0.0,False,0.0,0.0,80000,8a015e3f860296dd3aca796cda326c3703d87c07b3f719b51b1eb7fb9b7d4abb
SMSP|jsr=30|seed=10312|center=1000|Oracle_FrFT_UpperBound,SMSP,30.0,10312,1000,Oracle_FrFT_UpperBound,ORACLE_DIAGNOSTIC_ONLY;NOT_FAIR;NOT_RL_ELIGIBLE,ORACLE_DIAGNOSTIC_ONLY,unified/pass,PASS,12.145589629939188,13.637473060276902,1.4918834303377135,False,False,False,19,11,0,0,-0.9134157461729969,TARGET_PRESERVED,0.9,1.0,0.09999999999999998,0.089,0.5318973083343975,False,0.0,0.0,80000,8a015e3f860296dd3aca796cda326c3703d87c07b3f719b51b1eb7fb9b7d4abb
SMSP|jsr=30|seed=10312|center=1500|Oracle_FrFT_UpperBound,SMSP,30.0,10312,1500,Oracle_FrFT_UpperBound,ORACLE_DIAGNOSTIC_ONLY;NOT_FAIR;NOT_RL_ELIGIBLE,ORACLE_DIAGNOSTIC_ONLY,unified/pass,PASS,6.25097246776504,7.764260537159853,1.5132880693948128,False,False,False,519,519,0,0,-0.913415746172999,TARGET_PRESERVED,0.9,1.0,0.09999999999999998,0.089,0.6370791897177097,False,0.0,0.0,80000,8a015e3f860296dd3aca796cda326c3703d87c07b3f719b51b1eb7fb9b7d4abb
SMSP|jsr=30|seed=10312|center=2500|Oracle_FrFT_UpperBound,SMSP,30.0,10312,2500,Oracle_FrFT_UpperBound,ORACLE_DIAGNOSTIC_ONLY;NOT_FAIR;NOT_RL_ELIGIBLE,ORACLE_DIAGNOSTIC_ONLY,unified/pass,PASS,-2.68639815965276,-3.604440565935034,-0.9180424062822738,True,True,True,1519,1519,0,0,-0.913415746172999,TARGET_PRESERVED,0.9,1.0,0.09999999999999998,0.089,0.0,False,0.0,0.0,80000,8a015e3f860296dd3aca796cda326c3703d87c07b3f719b51b1eb7fb9b7d4abb
SMSP|jsr=30|seed=10312|center=3500|Oracle_FrFT_UpperBound,SMSP,30.0,10312,3500,Oracle_FrFT_UpperBound,ORACLE_DIAGNOSTIC_ONLY;NOT_FAIR;NOT_RL_ELIGIBLE,ORACLE_DIAGNOSTIC_ONLY,unified/pass,PASS,-2.7600462553568246,-3.672427836727534,-0.9123815813707092,True,True,True,2519,2519,0,0,-0.913415746172999,TARGET_PRESERVED,0.9,1.0,0.09999999999999998,0.089,0.0,False,0.0,0.0,80000,8a015e3f860296dd3aca796cda326c3703d87c07b3f719b51b1eb7fb9b7d4abb
SMSP|jsr=30|seed=10312|center=4000|Oracle_FrFT_UpperBound,SMSP,30.0,10312,4000,Oracle_FrFT_UpperBound,ORACLE_DIAGNOSTIC_ONLY;NOT_FAIR;NOT_RL_ELIGIBLE,ORACLE_DIAGNOSTIC_ONLY,unified/pass,PASS,-2.879506264013063,-3.8207502198806393,-0.9412439558675763,True,True,True,3019,3019,0,0,-0.913415746172999,TARGET_PRESERVED,0.9,1.0,0.09999999999999998,0.089,0.0,False,0.0,0.0,80000,8a015e3f860296dd3aca796cda326c3703d87c07b3f719b51b1eb7fb9b7d4abb
SMSP|jsr=30|seed=10313|center=1000|Oracle_FrFT_UpperBound,SMSP,30.0,10313,1000,Oracle_FrFT_UpperBound,ORACLE_DIAGNOSTIC_ONLY;NOT_FAIR;NOT_RL_ELIGIBLE,ORACLE_DIAGNOSTIC_ONLY,unified/pass,PASS,12.132090490277363,13.632189159170984,1.5000986688936209,False,False,False,19,11,0,0,-0.9134157461729969,TARGET_PRESERVED,0.9,1.0,0.09999999999999998,0.089,0.5318973083343975,False,0.0,0.0,80000,8a015e3f860296dd3aca796cda326c3703d87c07b3f719b51b1eb7fb9b7d4abb
SMSP|jsr=30|seed=10313|center=1500|Oracle_FrFT_UpperBound,SMSP,30.0,10313,1500,Oracle_FrFT_UpperBound,ORACLE_DIAGNOSTIC_ONLY;NOT_FAIR;NOT_RL_ELIGIBLE,ORACLE_DIAGNOSTIC_ONLY,unified/pass,PASS,6.28090536889959,7.761351323291094,1.480445954391504,False,False,False,519,519,0,0,-0.913415746172999,TARGET_PRESERVED,0.9,1.0,0.09999999999999998,0.089,0.6370791897177097,False,0.0,0.0,80000,8a015e3f860296dd3aca796cda326c3703d87c07b3f719b51b1eb7fb9b7d4abb
SMSP|jsr=30|seed=10313|center=2500|Oracle_FrFT_UpperBound,SMSP,30.0,10313,2500,Oracle_FrFT_UpperBound,ORACLE_DIAGNOSTIC_ONLY;NOT_FAIR;NOT_RL_ELIGIBLE,ORACLE_DIAGNOSTIC_ONLY,unified/pass,PASS,-2.7397380367311195,-3.6178576941584266,-0.8781196574273071,True,True,True,1519,1519,0,0,-0.913415746172999,TARGET_PRESERVED,0.9,1.0,0.09999999999999998,0.089,0.0,False,0.0,0.0,80000,8a015e3f860296dd3aca796cda326c3703d87c07b3f719b51b1eb7fb9b7d4abb
SMSP|jsr=30|seed=10313|center=3500|Oracle_FrFT_UpperBound,SMSP,30.0,10313,3500,Oracle_FrFT_UpperBound,ORACLE_DIAGNOSTIC_ONLY;NOT_FAIR;NOT_RL_ELIGIBLE,ORACLE_DIAGNOSTIC_ONLY,unified/pass,PASS,-2.7261875833986995,-3.663336168527467,-0.9371485851287673,True,True,True,2519,2519,1,0,-0.913415746172999,TARGET_PRESERVED,0.9,1.0,0.09999999999999998,0.089,0.0,False,0.0,0.0,80000,8a015e3f860296dd3aca796cda326c3703d87c07b3f719b51b1eb7fb9b7d4abb
SMSP|jsr=30|seed=10313|center=4000|Oracle_FrFT_UpperBound,SMSP,30.0,10313,4000,Oracle_FrFT_UpperBound,ORACLE_DIAGNOSTIC_ONLY;NOT_FAIR;NOT_RL_ELIGIBLE,ORACLE_DIAGNOSTIC_ONLY,unified/pass,PASS,-2.7757832104012676,-3.7036280950074434,-0.9278448846061758,True,True,True,3019,3019,0,0,-0.913415746172999,TARGET_PRESERVED,0.9,1.0,0.09999999999999998,0.089,0.0,False,0.0,0.0,80000,8a015e3f860296dd3aca796cda326c3703d87c07b3f719b51b1eb7fb9b7d4abb
SMSP|jsr=30|seed=10314|center=1000|Oracle_FrFT_UpperBound,SMSP,30.0,10314,1000,Oracle_FrFT_UpperBound,ORACLE_DIAGNOSTIC_ONLY;NOT_FAIR;NOT_RL_ELIGIBLE,ORACLE_DIAGNOSTIC_ONLY,unified/pass,PASS,12.132496384910041,13.62870992917731,1.4962135442672686,False,False,False,19,11,0,0,-0.9134157461729969,TARGET_PRESERVED,0.9,1.0,0.09999999999999998,0.089,0.5318973083343975,False,0.0,0.0,80000,8a015e3f860296dd3aca796cda326c3703d87c07b3f719b51b1eb7fb9b7d4abb
SMSP|jsr=30|seed=10314|center=1500|Oracle_FrFT_UpperBound,SMSP,30.0,10314,1500,Oracle_FrFT_UpperBound,ORACLE_DIAGNOSTIC_ONLY;NOT_FAIR;NOT_RL_ELIGIBLE,ORACLE_DIAGNOSTIC_ONLY,unified/pass,PASS,6.247844336431054,7.743526054482314,1.4956817180512596,False,False,False,519,519,0,0,-0.913415746172999,TARGET_PRESERVED,0.9,1.0,0.09999999999999998,0.089,0.6370791897177097,False,0.0,0.0,80000,8a015e3f860296dd3aca796cda326c3703d87c07b3f719b51b1eb7fb9b7d4abb
SMSP|jsr=30|seed=10314|center=2500|Oracle_FrFT_UpperBound,SMSP,30.0,10314,2500,Oracle_FrFT_UpperBound,ORACLE_DIAGNOSTIC_ONLY;NOT_FAIR;NOT_RL_ELIGIBLE,ORACLE_DIAGNOSTIC_ONLY,unified/pass,PASS,-2.746292617604225,-3.6750371219503113,-0.9287445043460862,True,True,True,1519,1519,0,0,-0.913415746172999,TARGET_PRESERVED,0.9,1.0,0.09999999999999998,0.089,0.0,False,0.0,0.0,80000,8a015e3f860296dd3aca796cda326c3703d87c07b3f719b51b1eb7fb9b7d4abb
SMSP|jsr=30|seed=10314|center=3500|Oracle_FrFT_UpperBound,SMSP,30.0,10314,3500,Oracle_FrFT_UpperBound,ORACLE_DIAGNOSTIC_ONLY;NOT_FAIR;NOT_RL_ELIGIBLE,ORACLE_DIAGNOSTIC_ONLY,unified/pass,PASS,-2.7037921391994715,-3.5918182848304543,-0.8880261456309828,True,True,True,2519,2519,0,0,-0.913415746172999,TARGET_PRESERVED,0.9,1.0,0.09999999999999998,0.089,0.0,False,0.0,0.0,80000,8a015e3f860296dd3aca796cda326c3703d87c07b3f719b51b1eb7fb9b7d4abb
SMSP|jsr=30|seed=10314|center=4000|Oracle_FrFT_UpperBound,SMSP,30.0,10314,4000,Oracle_FrFT_UpperBound,ORACLE_DIAGNOSTIC_ONLY;NOT_FAIR;NOT_RL_ELIGIBLE,ORACLE_DIAGNOSTIC_ONLY,unified/pass,PASS,-2.7702544590937,-3.6491982797420253,-0.8789438206483253,True,True,True,3019,3019,0,0,-0.913415746172999,TARGET_PRESERVED,0.9,1.0,0.09999999999999998,0.089,0.0,False,0.0,0.0,80000,8a015e3f860296dd3aca796cda326c3703d87c07b3f719b51b1eb7fb9b7d4abb
SMSP|jsr=30|seed=10315|center=1000|Oracle_FrFT_UpperBound,SMSP,30.0,10315,1000,Oracle_FrFT_UpperBound,ORACLE_DIAGNOSTIC_ONLY;NOT_FAIR;NOT_RL_ELIGIBLE,ORACLE_DIAGNOSTIC_ONLY,unified/pass,PASS,12.153268756229757,13.643433778602976,1.490165022373219,False,False,False,19,11,1,1,-0.9134157461729969,TARGET_PRESERVED,0.9,1.0,0.09999999999999998,0.089,0.5318973083343975,False,0.0,0.0,80000,8a015e3f860296dd3aca796cda326c3703d87c07b3f719b51b1eb7fb9b7d4abb
SMSP|jsr=30|seed=10315|center=1500|Oracle_FrFT_UpperBound,SMSP,30.0,10315,1500,Oracle_FrFT_UpperBound,ORACLE_DIAGNOSTIC_ONLY;NOT_FAIR;NOT_RL_ELIGIBLE,ORACLE_DIAGNOSTIC_ONLY,unified/pass,PASS,6.283633795180862,7.767344511415652,1.48371071623479,False,False,False,519,519,1,1,-0.913415746172999,TARGET_PRESERVED,0.9,1.0,0.09999999999999998,0.089,0.6370791897177097,False,0.0,0.0,80000,8a015e3f860296dd3aca796cda326c3703d87c07b3f719b51b1eb7fb9b7d4abb
SMSP|jsr=30|seed=10315|center=2500|Oracle_FrFT_UpperBound,SMSP,30.0,10315,2500,Oracle_FrFT_UpperBound,ORACLE_DIAGNOSTIC_ONLY;NOT_FAIR;NOT_RL_ELIGIBLE,ORACLE_DIAGNOSTIC_ONLY,unified/pass,PASS,-2.736876064715265,-3.6535320252833907,-0.9166559605681259,True,True,True,1519,1519,1,1,-0.913415746172999,TARGET_PRESERVED,0.9,1.0,0.09999999999999998,0.089,0.0,False,0.0,0.0,80000,8a015e3f860296dd3aca796cda326c3703d87c07b3f719b51b1eb7fb9b7d4abb
SMSP|jsr=30|seed=10315|center=3500|Oracle_FrFT_UpperBound,SMSP,30.0,10315,3500,Oracle_FrFT_UpperBound,ORACLE_DIAGNOSTIC_ONLY;NOT_FAIR;NOT_RL_ELIGIBLE,ORACLE_DIAGNOSTIC_ONLY,unified/pass,PASS,-2.6922512328139536,-3.60913263999767,-0.9168814071837166,True,True,True,2519,2519,0,0,-0.913415746172999,TARGET_PRESERVED,0.9,1.0,0.09999999999999998,0.089,0.0,False,0.0,0.0,80000,8a015e3f860296dd3aca796cda326c3703d87c07b3f719b51b1eb7fb9b7d4abb
SMSP|jsr=30|seed=10315|center=4000|Oracle_FrFT_UpperBound,SMSP,30.0,10315,4000,Oracle_FrFT_UpperBound,ORACLE_DIAGNOSTIC_ONLY;NOT_FAIR;NOT_RL_ELIGIBLE,ORACLE_DIAGNOSTIC_ONLY,unified/pass,PASS,-2.763976020855181,-3.666061083597695,-0.9020850627425139,True,True,True,3019,3019,0,0,-0.913415746172999,TARGET_PRESERVED,0.9,1.0,0.09999999999999998,0.089,0.0,False,0.0,0.0,80000,8a015e3f860296dd3aca796cda326c3703d87c07b3f719b51b1eb7fb9b7d4abb
SMSP|jsr=30|seed=10316|center=1000|Oracle_FrFT_UpperBound,SMSP,30.0,10316,1000,Oracle_FrFT_UpperBound,ORACLE_DIAGNOSTIC_ONLY;NOT_FAIR;NOT_RL_ELIGIBLE,ORACLE_DIAGNOSTIC_ONLY,unified/pass,PASS,12.145976725131554,13.644012962499094,1.4980362373675398,False,False,False,19,11,1,1,-0.9134157461729969,TARGET_PRESERVED,0.9,1.0,0.09999999999999998,0.089,0.5318973083343975,False,0.0,0.0,80000,8a015e3f860296dd3aca796cda326c3703d87c07b3f719b51b1eb7fb9b7d4abb
SMSP|jsr=30|seed=10316|center=1500|Oracle_FrFT_UpperBound,SMSP,30.0,10316,1500,Oracle_FrFT_UpperBound,ORACLE_DIAGNOSTIC_ONLY;NOT_FAIR;NOT_RL_ELIGIBLE,ORACLE_DIAGNOSTIC_ONLY,unified/pass,PASS,6.28934790104406,7.7610223491236425,1.4716744480795825,False,False,False,519,519,1,1,-0.913415746172999,TARGET_PRESERVED,0.9,1.0,0.09999999999999998,0.089,0.6370791897177097,False,0.0,0.0,80000,8a015e3f860296dd3aca796cda326c3703d87c07b3f719b51b1eb7fb9b7d4abb
SMSP|jsr=30|seed=10316|center=2500|Oracle_FrFT_UpperBound,SMSP,30.0,10316,2500,Oracle_FrFT_UpperBound,ORACLE_DIAGNOSTIC_ONLY;NOT_FAIR;NOT_RL_ELIGIBLE,ORACLE_DIAGNOSTIC_ONLY,unified/pass,PASS,-2.7801194348817937,-3.705316729865295,-0.9251972949835015,True,True,True,1519,1519,0,0,-0.913415746172999,TARGET_PRESERVED,0.9,1.0,0.09999999999999998,0.089,0.0,False,0.0,0.0,80000,8a015e3f860296dd3aca796cda326c3703d87c07b3f719b51b1eb7fb9b7d4abb
SMSP|jsr=30|seed=10316|center=3500|Oracle_FrFT_UpperBound,SMSP,30.0,10316,3500,Oracle_FrFT_UpperBound,ORACLE_DIAGNOSTIC_ONLY;NOT_FAIR;NOT_RL_ELIGIBLE,ORACLE_DIAGNOSTIC_ONLY,unified/pass,PASS,-2.8123361111808642,-3.74877304209026,-0.9364369309093958,True,True,True,2519,2519,0,0,-0.913415746172999,TARGET_PRESERVED,0.9,1.0,0.09999999999999998,0.089,0.0,False,0.0,0.0,80000,8a015e3f860296dd3aca796cda326c3703d87c07b3f719b51b1eb7fb9b7d4abb
SMSP|jsr=30|seed=10316|center=4000|Oracle_FrFT_UpperBound,SMSP,30.0,10316,4000,Oracle_FrFT_UpperBound,ORACLE_DIAGNOSTIC_ONLY;NOT_FAIR;NOT_RL_ELIGIBLE,ORACLE_DIAGNOSTIC_ONLY,unified/pass,PASS,-2.696766659895491,-3.597465999845796,-0.9006993399503052,True,True,True,3019,3019,1,1,-0.913415746172999,TARGET_PRESERVED,0.9,1.0,0.09999999999999998,0.089,0.0,False,0.0,0.0,80000,8a015e3f860296dd3aca796cda326c3703d87c07b3f719b51b1eb7fb9b7d4abb
SMSP|jsr=30|seed=10317|center=1000|Oracle_FrFT_UpperBound,SMSP,30.0,10317,1000,Oracle_FrFT_UpperBound,ORACLE_DIAGNOSTIC_ONLY;NOT_FAIR;NOT_RL_ELIGIBLE,ORACLE_DIAGNOSTIC_ONLY,unified/pass,PASS,12.13333138062576,13.61989805695697,1.4865666763312095,False,False,False,19,11,0,0,-0.9134157461729969,TARGET_PRESERVED,0.9,1.0,0.09999999999999998,0.089,0.5318973083343975,False,0.0,0.0,80000,8a015e3f860296dd3aca796cda326c3703d87c07b3f719b51b1eb7fb9b7d4abb
SMSP|jsr=30|seed=10317|center=1500|Oracle_FrFT_UpperBound,SMSP,30.0,10317,1500,Oracle_FrFT_UpperBound,ORACLE_DIAGNOSTIC_ONLY;NOT_FAIR;NOT_RL_ELIGIBLE,ORACLE_DIAGNOSTIC_ONLY,unified/pass,PASS,6.283731335454561,7.780383040304555,1.4966517048499934,False,False,False,519,519,0,0,-0.913415746172999,TARGET_PRESERVED,0.9,1.0,0.09999999999999998,0.089,0.6370791897177097,False,0.0,0.0,80000,8a015e3f860296dd3aca796cda326c3703d87c07b3f719b51b1eb7fb9b7d4abb
SMSP|jsr=30|seed=10317|center=2500|Oracle_FrFT_UpperBound,SMSP,30.0,10317,2500,Oracle_FrFT_UpperBound,ORACLE_DIAGNOSTIC_ONLY;NOT_FAIR;NOT_RL_ELIGIBLE,ORACLE_DIAGNOSTIC_ONLY,unified/pass,PASS,-2.7736536267864045,-3.726507893036846,-0.9528542662504416,True,True,True,1519,1519,0,0,-0.913415746172999,TARGET_PRESERVED,0.9,1.0,0.09999999999999998,0.089,0.0,False,0.0,0.0,80000,8a015e3f860296dd3aca796cda326c3703d87c07b3f719b51b1eb7fb9b7d4abb
SMSP|jsr=30|seed=10317|center=3500|Oracle_FrFT_UpperBound,SMSP,30.0,10317,3500,Oracle_FrFT_UpperBound,ORACLE_DIAGNOSTIC_ONLY;NOT_FAIR;NOT_RL_ELIGIBLE,ORACLE_DIAGNOSTIC_ONLY,unified/pass,PASS,-2.7331196530995276,-3.6406662369014753,-0.9075465838019476,True,True,True,2519,2519,0,0,-0.913415746172999,TARGET_PRESERVED,0.9,1.0,0.09999999999999998,0.089,0.0,False,0.0,0.0,80000,8a015e3f860296dd3aca796cda326c3703d87c07b3f719b51b1eb7fb9b7d4abb
SMSP|jsr=30|seed=10317|center=4000|Oracle_FrFT_UpperBound,SMSP,30.0,10317,4000,Oracle_FrFT_UpperBound,ORACLE_DIAGNOSTIC_ONLY;NOT_FAIR;NOT_RL_ELIGIBLE,ORACLE_DIAGNOSTIC_ONLY,unified/pass,PASS,-2.7626774352386696,-3.702926507248149,-0.9402490720094794,True,True,True,3019,3019,0,0,-0.913415746172999,TARGET_PRESERVED,0.9,1.0,0.09999999999999998,0.089,0.0,False,0.0,0.0,80000,8a015e3f860296dd3aca796cda326c3703d87c07b3f719b51b1eb7fb9b7d4abb
SMSP|jsr=30|seed=10318|center=1000|Oracle_FrFT_UpperBound,SMSP,30.0,10318,1000,Oracle_FrFT_UpperBound,ORACLE_DIAGNOSTIC_ONLY;NOT_FAIR;NOT_RL_ELIGIBLE,ORACLE_DIAGNOSTIC_ONLY,unified/pass,PASS,12.158359250384251,13.64331568351982,1.4849564331355687,False,False,False,19,11,2,2,-0.9134157461729969,TARGET_PRESERVED,0.9,1.0,0.09999999999999998,0.089,0.5318973083343975,False,0.0,0.0,80000,8a015e3f860296dd3aca796cda326c3703d87c07b3f719b51b1eb7fb9b7d4abb
SMSP|jsr=30|seed=10318|center=1500|Oracle_FrFT_UpperBound,SMSP,30.0,10318,1500,Oracle_FrFT_UpperBound,ORACLE_DIAGNOSTIC_ONLY;NOT_FAIR;NOT_RL_ELIGIBLE,ORACLE_DIAGNOSTIC_ONLY,unified/pass,PASS,6.282263657285618,7.7658096528448315,1.4835459955592132,False,False,False,519,519,2,2,-0.913415746172999,TARGET_PRESERVED,0.9,1.0,0.09999999999999998,0.089,0.6370791897177097,False,0.0,0.0,80000,8a015e3f860296dd3aca796cda326c3703d87c07b3f719b51b1eb7fb9b7d4abb
SMSP|jsr=30|seed=10318|center=2500|Oracle_FrFT_UpperBound,SMSP,30.0,10318,2500,Oracle_FrFT_UpperBound,ORACLE_DIAGNOSTIC_ONLY;NOT_FAIR;NOT_RL_ELIGIBLE,ORACLE_DIAGNOSTIC_ONLY,unified/pass,PASS,-2.8270830517213725,-3.7428742563419988,-0.9157912046206262,True,True,True,1519,1519,0,0,-0.913415746172999,TARGET_PRESERVED,0.9,1.0,0.09999999999999998,0.089,0.0,False,0.0,0.0,80000,8a015e3f860296dd3aca796cda326c3703d87c07b3f719b51b1eb7fb9b7d4abb
SMSP|jsr=30|seed=10318|center=3500|Oracle_FrFT_UpperBound,SMSP,30.0,10318,3500,Oracle_FrFT_UpperBound,ORACLE_DIAGNOSTIC_ONLY;NOT_FAIR;NOT_RL_ELIGIBLE,ORACLE_DIAGNOSTIC_ONLY,unified/pass,PASS,-2.73500807775918,-3.62752905314564,-0.8925209753864598,True,True,True,2519,2519,1,0,-0.913415746172999,TARGET_PRESERVED,0.9,1.0,0.09999999999999998,0.089,0.0,False,0.0,0.0,80000,8a015e3f860296dd3aca796cda326c3703d87c07b3f719b51b1eb7fb9b7d4abb
SMSP|jsr=30|seed=10318|center=4000|Oracle_FrFT_UpperBound,SMSP,30.0,10318,4000,Oracle_FrFT_UpperBound,ORACLE_DIAGNOSTIC_ONLY;NOT_FAIR;NOT_RL_ELIGIBLE,ORACLE_DIAGNOSTIC_ONLY,unified/pass,PASS,-2.8943534461595606,-3.7991672862451904,-0.9048138400856298,True,True,True,3019,3019,2,1,-0.913415746172999,TARGET_PRESERVED,0.9,1.0,0.09999999999999998,0.089,0.0,False,0.0,0.0,80000,8a015e3f860296dd3aca796cda326c3703d87c07b3f719b51b1eb7fb9b7d4abb
SMSP|jsr=30|seed=10319|center=1000|Oracle_FrFT_UpperBound,SMSP,30.0,10319,1000,Oracle_FrFT_UpperBound,ORACLE_DIAGNOSTIC_ONLY;NOT_FAIR;NOT_RL_ELIGIBLE,ORACLE_DIAGNOSTIC_ONLY,unified/pass,PASS,12.128738901296625,13.627774074492994,1.4990351731963685,False,False,False,19,11,0,0,-0.9134157461729969,TARGET_PRESERVED,0.9,1.0,0.09999999999999998,0.089,0.5318973083343975,False,0.0,0.0,80000,8a015e3f860296dd3aca796cda326c3703d87c07b3f719b51b1eb7fb9b7d4abb
SMSP|jsr=30|seed=10319|center=1500|Oracle_FrFT_UpperBound,SMSP,30.0,10319,1500,Oracle_FrFT_UpperBound,ORACLE_DIAGNOSTIC_ONLY;NOT_FAIR;NOT_RL_ELIGIBLE,ORACLE_DIAGNOSTIC_ONLY,unified/pass,PASS,6.28896422281826,7.7486861469269055,1.4597219241086457,False,False,False,519,519,0,0,-0.913415746172999,TARGET_PRESERVED,0.9,1.0,0.09999999999999998,0.089,0.6370791897177097,False,0.0,0.0,80000,8a015e3f860296dd3aca796cda326c3703d87c07b3f719b51b1eb7fb9b7d4abb
SMSP|jsr=30|seed=10319|center=2500|Oracle_FrFT_UpperBound,SMSP,30.0,10319,2500,Oracle_FrFT_UpperBound,ORACLE_DIAGNOSTIC_ONLY;NOT_FAIR;NOT_RL_ELIGIBLE,ORACLE_DIAGNOSTIC_ONLY,unified/pass,PASS,-2.7911710492386623,-3.694583427906282,-0.9034123786676198,True,True,True,1519,1519,0,0,-0.913415746172999,TARGET_PRESERVED,0.9,1.0,0.09999999999999998,0.089,0.0,False,0.0,0.0,80000,8a015e3f860296dd3aca796cda326c3703d87c07b3f719b51b1eb7fb9b7d4abb
SMSP|jsr=30|seed=10319|center=3500|Oracle_FrFT_UpperBound,SMSP,30.0,10319,3500,Oracle_FrFT_UpperBound,ORACLE_DIAGNOSTIC_ONLY;NOT_FAIR;NOT_RL_ELIGIBLE,ORACLE_DIAGNOSTIC_ONLY,unified/pass,PASS,-2.8016448756041252,-3.7293172935630796,-0.9276724179589544,True,True,True,2519,2519,1,0,-0.913415746172999,TARGET_PRESERVED,0.9,1.0,0.09999999999999998,0.089,0.0,False,0.0,0.0,80000,8a015e3f860296dd3aca796cda326c3703d87c07b3f719b51b1eb7fb9b7d4abb
SMSP|jsr=30|seed=10319|center=4000|Oracle_FrFT_UpperBound,SMSP,30.0,10319,4000,Oracle_FrFT_UpperBound,ORACLE_DIAGNOSTIC_ONLY;NOT_FAIR;NOT_RL_ELIGIBLE,ORACLE_DIAGNOSTIC_ONLY,unified/pass,PASS,-2.8405950422469317,-3.755579370009748,-0.9149843277628165,True,True,True,3019,3019,0,0,-0.913415746172999,TARGET_PRESERVED,0.9,1.0,0.09999999999999998,0.089,0.0,False,0.0,0.0,80000,8a015e3f860296dd3aca796cda326c3703d87c07b3f719b51b1eb7fb9b7d4abb
SMSP|jsr=30|seed=10320|center=1000|Oracle_FrFT_UpperBound,SMSP,30.0,10320,1000,Oracle_FrFT_UpperBound,ORACLE_DIAGNOSTIC_ONLY;NOT_FAIR;NOT_RL_ELIGIBLE,ORACLE_DIAGNOSTIC_ONLY,unified/pass,PASS,12.151463070552373,13.637246632578,1.4857835620256274,False,False,False,19,11,0,0,-0.9134157461729969,TARGET_PRESERVED,0.9,1.0,0.09999999999999998,0.089,0.5318973083343975,False,0.0,0.0,80000,8a015e3f860296dd3aca796cda326c3703d87c07b3f719b51b1eb7fb9b7d4abb
SMSP|jsr=30|seed=10320|center=1500|Oracle_FrFT_UpperBound,SMSP,30.0,10320,1500,Oracle_FrFT_UpperBound,ORACLE_DIAGNOSTIC_ONLY;NOT_FAIR;NOT_RL_ELIGIBLE,ORACLE_DIAGNOSTIC_ONLY,unified/pass,PASS,6.262253919547829,7.782468541848364,1.5202146223005348,False,False,False,519,519,0,0,-0.913415746172999,TARGET_PRESERVED,0.9,1.0,0.09999999999999998,0.089,0.6370791897177098,False,0.0,0.0,80000,8a015e3f860296dd3aca796cda326c3703d87c07b3f719b51b1eb7fb9b7d4abb
SMSP|jsr=30|seed=10320|center=2500|Oracle_FrFT_UpperBound,SMSP,30.0,10320,2500,Oracle_FrFT_UpperBound,ORACLE_DIAGNOSTIC_ONLY;NOT_FAIR;NOT_RL_ELIGIBLE,ORACLE_DIAGNOSTIC_ONLY,unified/pass,PASS,-2.7319664022265284,-3.6214619109712447,-0.8894955087447163,True,True,True,1519,1519,0,0,-0.913415746172999,TARGET_PRESERVED,0.9,1.0,0.09999999999999998,0.089,0.0,False,0.0,0.0,80000,8a015e3f860296dd3aca796cda326c3703d87c07b3f719b51b1eb7fb9b7d4abb
SMSP|jsr=30|seed=10320|center=3500|Oracle_FrFT_UpperBound,SMSP,30.0,10320,3500,Oracle_FrFT_UpperBound,ORACLE_DIAGNOSTIC_ONLY;NOT_FAIR;NOT_RL_ELIGIBLE,ORACLE_DIAGNOSTIC_ONLY,unified/pass,PASS,-2.6888001407855073,-3.5538369582733544,-0.8650368174878471,True,True,True,2519,2519,1,0,-0.913415746172999,TARGET_PRESERVED,0.9,1.0,0.09999999999999998,0.089,0.0,False,0.0,0.0,80000,8a015e3f860296dd3aca796cda326c3703d87c07b3f719b51b1eb7fb9b7d4abb
SMSP|jsr=30|seed=10320|center=4000|Oracle_FrFT_UpperBound,SMSP,30.0,10320,4000,Oracle_FrFT_UpperBound,ORACLE_DIAGNOSTIC_ONLY;NOT_FAIR;NOT_RL_ELIGIBLE,ORACLE_DIAGNOSTIC_ONLY,unified/pass,PASS,-2.843038970834102,-3.748835586356447,-0.9057966155223451,True,True,True,3019,3019,0,1,-0.913415746172999,TARGET_PRESERVED,0.9,1.0,0.09999999999999998,0.089,0.0,False,0.0,0.0,80000,8a015e3f860296dd3aca796cda326c3703d87c07b3f719b51b1eb7fb9b7d4abb
SMSP|jsr=30|seed=10321|center=1000|Oracle_FrFT_UpperBound,SMSP,30.0,10321,1000,Oracle_FrFT_UpperBound,ORACLE_DIAGNOSTIC_ONLY;NOT_FAIR;NOT_RL_ELIGIBLE,ORACLE_DIAGNOSTIC_ONLY,unified/pass,PASS,12.1361694468203,13.633868844544349,1.4976993977240483,False,False,False,19,11,0,0,-0.9134157461729969,TARGET_PRESERVED,0.9,1.0,0.09999999999999998,0.089,0.5318973083343975,False,0.0,0.0,80000,8a015e3f860296dd3aca796cda326c3703d87c07b3f719b51b1eb7fb9b7d4abb
SMSP|jsr=30|seed=10321|center=1500|Oracle_FrFT_UpperBound,SMSP,30.0,10321,1500,Oracle_FrFT_UpperBound,ORACLE_DIAGNOSTIC_ONLY;NOT_FAIR;NOT_RL_ELIGIBLE,ORACLE_DIAGNOSTIC_ONLY,unified/pass,PASS,6.2770898740059,7.780396058779436,1.5033061847735363,False,False,False,519,519,0,0,-0.913415746172999,TARGET_PRESERVED,0.9,1.0,0.09999999999999998,0.089,0.6370791897177097,False,0.0,0.0,80000,8a015e3f860296dd3aca796cda326c3703d87c07b3f719b51b1eb7fb9b7d4abb
SMSP|jsr=30|seed=10321|center=2500|Oracle_FrFT_UpperBound,SMSP,30.0,10321,2500,Oracle_FrFT_UpperBound,ORACLE_DIAGNOSTIC_ONLY;NOT_FAIR;NOT_RL_ELIGIBLE,ORACLE_DIAGNOSTIC_ONLY,unified/pass,PASS,-2.7917884762112095,-3.734470214273587,-0.9426817380623773,True,True,True,1519,1519,0,0,-0.913415746172999,TARGET_PRESERVED,0.9,1.0,0.09999999999999998,0.089,0.0,False,0.0,0.0,80000,8a015e3f860296dd3aca796cda326c3703d87c07b3f719b51b1eb7fb9b7d4abb
SMSP|jsr=30|seed=10321|center=3500|Oracle_FrFT_UpperBound,SMSP,30.0,10321,3500,Oracle_FrFT_UpperBound,ORACLE_DIAGNOSTIC_ONLY;NOT_FAIR;NOT_RL_ELIGIBLE,ORACLE_DIAGNOSTIC_ONLY,unified/pass,PASS,-2.7915822578444875,-3.734071982405815,-0.9424897245613275,True,True,True,2519,2519,0,0,-0.913415746172999,TARGET_PRESERVED,0.9,1.0,0.09999999999999998,0.089,0.0,False,0.0,0.0,80000,8a015e3f860296dd3aca796cda326c3703d87c07b3f719b51b1eb7fb9b7d4abb
SMSP|jsr=30|seed=10321|center=4000|Oracle_FrFT_UpperBound,SMSP,30.0,10321,4000,Oracle_FrFT_UpperBound,ORACLE_DIAGNOSTIC_ONLY;NOT_FAIR;NOT_RL_ELIGIBLE,ORACLE_DIAGNOSTIC_ONLY,unified/pass,PASS,-2.752569979840775,-3.666600134435372,-0.914030154594597,True,True,True,3019,3019,0,1,-0.913415746172999,TARGET_PRESERVED,0.9,1.0,0.09999999999999998,0.089,0.0,False,0.0,0.0,80000,8a015e3f860296dd3aca796cda326c3703d87c07b3f719b51b1eb7fb9b7d4abb
SMSP|jsr=30|seed=10322|center=1000|Oracle_FrFT_UpperBound,SMSP,30.0,10322,1000,Oracle_FrFT_UpperBound,ORACLE_DIAGNOSTIC_ONLY;NOT_FAIR;NOT_RL_ELIGIBLE,ORACLE_DIAGNOSTIC_ONLY,unified/pass,PASS,12.116262952308494,13.612634713064013,1.496371760755519,False,False,False,19,11,0,0,-0.9134157461729969,TARGET_PRESERVED,0.9,1.0,0.09999999999999998,0.089,0.5318973083343975,False,0.0,0.0,80000,8a015e3f860296dd3aca796cda326c3703d87c07b3f719b51b1eb7fb9b7d4abb
SMSP|jsr=30|seed=10322|center=1500|Oracle_FrFT_UpperBound,SMSP,30.0,10322,1500,Oracle_FrFT_UpperBound,ORACLE_DIAGNOSTIC_ONLY;NOT_FAIR;NOT_RL_ELIGIBLE,ORACLE_DIAGNOSTIC_ONLY,unified/pass,PASS,6.28751089393068,7.774993465989837,1.4874825720591573,False,False,False,519,519,1,0,-0.913415746172999,TARGET_PRESERVED,0.9,1.0,0.09999999999999998,0.089,0.6370791897177097,False,0.0,0.0,80000,8a015e3f860296dd3aca796cda326c3703d87c07b3f719b51b1eb7fb9b7d4abb
SMSP|jsr=30|seed=10322|center=2500|Oracle_FrFT_UpperBound,SMSP,30.0,10322,2500,Oracle_FrFT_UpperBound,ORACLE_DIAGNOSTIC_ONLY;NOT_FAIR;NOT_RL_ELIGIBLE,ORACLE_DIAGNOSTIC_ONLY,unified/pass,PASS,-2.7938444489745446,-3.6921104587473383,-0.8982660097727937,True,True,True,1519,1519,1,0,-0.913415746172999,TARGET_PRESERVED,0.9,1.0,0.09999999999999998,0.089,0.0,False,0.0,0.0,80000,8a015e3f860296dd3aca796cda326c3703d87c07b3f719b51b1eb7fb9b7d4abb
SMSP|jsr=30|seed=10322|center=3500|Oracle_FrFT_UpperBound,SMSP,30.0,10322,3500,Oracle_FrFT_UpperBound,ORACLE_DIAGNOSTIC_ONLY;NOT_FAIR;NOT_RL_ELIGIBLE,ORACLE_DIAGNOSTIC_ONLY,unified/pass,PASS,-2.7988479759736906,-3.680984715981128,-0.8821367400074376,True,True,True,2519,2519,0,0,-0.913415746172999,TARGET_PRESERVED,0.9,1.0,0.09999999999999998,0.089,0.0,False,0.0,0.0,80000,8a015e3f860296dd3aca796cda326c3703d87c07b3f719b51b1eb7fb9b7d4abb
SMSP|jsr=30|seed=10322|center=4000|Oracle_FrFT_UpperBound,SMSP,30.0,10322,4000,Oracle_FrFT_UpperBound,ORACLE_DIAGNOSTIC_ONLY;NOT_FAIR;NOT_RL_ELIGIBLE,ORACLE_DIAGNOSTIC_ONLY,unified/pass,PASS,-2.7038899635613216,-3.625591645903148,-0.9217016823418263,True,True,True,3019,3019,0,0,-0.913415746172999,TARGET_PRESERVED,0.9,1.0,0.09999999999999998,0.089,0.0,False,0.0,0.0,80000,8a015e3f860296dd3aca796cda326c3703d87c07b3f719b51b1eb7fb9b7d4abb
SMSP|jsr=30|seed=10323|center=1000|Oracle_FrFT_UpperBound,SMSP,30.0,10323,1000,Oracle_FrFT_UpperBound,ORACLE_DIAGNOSTIC_ONLY;NOT_FAIR;NOT_RL_ELIGIBLE,ORACLE_DIAGNOSTIC_ONLY,unified/pass,PASS,12.131385384856763,13.626369158302637,1.494983773445874,False,False,False,19,11,0,0,-0.9134157461729969,TARGET_PRESERVED,0.9,1.0,0.09999999999999998,0.089,0.5318973083343975,False,0.0,0.0,80000,8a015e3f860296dd3aca796cda326c3703d87c07b3f719b51b1eb7fb9b7d4abb
SMSP|jsr=30|seed=10323|center=1500|Oracle_FrFT_UpperBound,SMSP,30.0,10323,1500,Oracle_FrFT_UpperBound,ORACLE_DIAGNOSTIC_ONLY;NOT_FAIR;NOT_RL_ELIGIBLE,ORACLE_DIAGNOSTIC_ONLY,unified/pass,PASS,6.288836407647174,7.754617546161868,1.4657811385146946,False,False,False,519,519,1,0,-0.913415746172999,TARGET_PRESERVED,0.9,1.0,0.09999999999999998,0.089,0.6370791897177097,False,0.0,0.0,80000,8a015e3f860296dd3aca796cda326c3703d87c07b3f719b51b1eb7fb9b7d4abb
SMSP|jsr=30|seed=10323|center=2500|Oracle_FrFT_UpperBound,SMSP,30.0,10323,2500,Oracle_FrFT_UpperBound,ORACLE_DIAGNOSTIC_ONLY;NOT_FAIR;NOT_RL_ELIGIBLE,ORACLE_DIAGNOSTIC_ONLY,unified/pass,PASS,-2.6295150429761707,-3.561696894178341,-0.9321818512021705,True,True,True,1519,1519,0,0,-0.913415746172999,TARGET_PRESERVED,0.9,1.0,0.09999999999999998,0.089,0.0,False,0.0,0.0,80000,8a015e3f860296dd3aca796cda326c3703d87c07b3f719b51b1eb7fb9b7d4abb
SMSP|jsr=30|seed=10323|center=3500|Oracle_FrFT_UpperBound,SMSP,30.0,10323,3500,Oracle_FrFT_UpperBound,ORACLE_DIAGNOSTIC_ONLY;NOT_FAIR;NOT_RL_ELIGIBLE,ORACLE_DIAGNOSTIC_ONLY,unified/pass,PASS,-2.7605867089209712,-3.623293275953941,-0.8627065670329697,True,True,True,2519,2519,0,0,-0.913415746172999,TARGET_PRESERVED,0.9,1.0,0.09999999999999998,0.089,0.0,False,0.0,0.0,80000,8a015e3f860296dd3aca796cda326c3703d87c07b3f719b51b1eb7fb9b7d4abb
SMSP|jsr=30|seed=10323|center=4000|Oracle_FrFT_UpperBound,SMSP,30.0,10323,4000,Oracle_FrFT_UpperBound,ORACLE_DIAGNOSTIC_ONLY;NOT_FAIR;NOT_RL_ELIGIBLE,ORACLE_DIAGNOSTIC_ONLY,unified/pass,PASS,-2.7681270908517375,-3.7059234279087243,-0.9377963370569868,True,True,True,3019,3019,0,0,-0.913415746172999,TARGET_PRESERVED,0.9,1.0,0.09999999999999998,0.089,0.0,False,0.0,0.0,80000,8a015e3f860296dd3aca796cda326c3703d87c07b3f719b51b1eb7fb9b7d4abb
SMSP|jsr=30|seed=10324|center=1000|Oracle_FrFT_UpperBound,SMSP,30.0,10324,1000,Oracle_FrFT_UpperBound,ORACLE_DIAGNOSTIC_ONLY;NOT_FAIR;NOT_RL_ELIGIBLE,ORACLE_DIAGNOSTIC_ONLY,unified/pass,PASS,12.150992547267808,13.641483370368936,1.490490823101128,False,False,False,19,11,0,0,-0.9134157461729969,TARGET_PRESERVED,0.9,1.0,0.09999999999999998,0.089,0.5318973083343975,False,0.0,0.0,80000,8a015e3f860296dd3aca796cda326c3703d87c07b3f719b51b1eb7fb9b7d4abb
SMSP|jsr=30|seed=10324|center=1500|Oracle_FrFT_UpperBound,SMSP,30.0,10324,1500,Oracle_FrFT_UpperBound,ORACLE_DIAGNOSTIC_ONLY;NOT_FAIR;NOT_RL_ELIGIBLE,ORACLE_DIAGNOSTIC_ONLY,unified/pass,PASS,6.2803829249173475,7.750634920126206,1.4702519952088586,False,False,False,519,519,0,0,-0.913415746172999,TARGET_PRESERVED,0.9,1.0,0.09999999999999998,0.089,0.6370791897177097,False,0.0,0.0,80000,8a015e3f860296dd3aca796cda326c3703d87c07b3f719b51b1eb7fb9b7d4abb
SMSP|jsr=30|seed=10324|center=2500|Oracle_FrFT_UpperBound,SMSP,30.0,10324,2500,Oracle_FrFT_UpperBound,ORACLE_DIAGNOSTIC_ONLY;NOT_FAIR;NOT_RL_ELIGIBLE,ORACLE_DIAGNOSTIC_ONLY,unified/pass,PASS,-2.7291511610861576,-3.6619001156643725,-0.9327489545782148,True,True,True,1519,1519,0,2,-0.913415746172999,TARGET_PRESERVED,0.9,1.0,0.09999999999999998,0.089,0.0,False,0.0,0.0,80000,8a015e3f860296dd3aca796cda326c3703d87c07b3f719b51b1eb7fb9b7d4abb
SMSP|jsr=30|seed=10324|center=3500|Oracle_FrFT_UpperBound,SMSP,30.0,10324,3500,Oracle_FrFT_UpperBound,ORACLE_DIAGNOSTIC_ONLY;NOT_FAIR;NOT_RL_ELIGIBLE,ORACLE_DIAGNOSTIC_ONLY,unified/pass,PASS,-2.708757988560904,-3.6002593204911237,-0.8915013319302196,True,True,True,2519,2519,0,0,-0.913415746172999,TARGET_PRESERVED,0.9,1.0,0.09999999999999998,0.089,0.0,False,0.0,0.0,80000,8a015e3f860296dd3aca796cda326c3703d87c07b3f719b51b1eb7fb9b7d4abb
SMSP|jsr=30|seed=10324|center=4000|Oracle_FrFT_UpperBound,SMSP,30.0,10324,4000,Oracle_FrFT_UpperBound,ORACLE_DIAGNOSTIC_ONLY;NOT_FAIR;NOT_RL_ELIGIBLE,ORACLE_DIAGNOSTIC_ONLY,unified/pass,PASS,-2.6180094482027476,-3.558495910522494,-0.9404864623197464,True,True,True,3019,3019,0,0,-0.913415746172999,TARGET_PRESERVED,0.9,1.0,0.09999999999999998,0.089,0.0,False,0.0,0.0,80000,8a015e3f860296dd3aca796cda326c3703d87c07b3f719b51b1eb7fb9b7d4abb
SMSP|jsr=30|seed=10325|center=1000|Oracle_FrFT_UpperBound,SMSP,30.0,10325,1000,Oracle_FrFT_UpperBound,ORACLE_DIAGNOSTIC_ONLY;NOT_FAIR;NOT_RL_ELIGIBLE,ORACLE_DIAGNOSTIC_ONLY,unified/pass,PASS,12.144789933858904,13.636075744922016,1.4912858110631113,False,False,False,19,11,1,1,-0.9134157461729969,TARGET_PRESERVED,0.9,1.0,0.09999999999999998,0.089,0.5318973083343975,False,0.0,0.0,80000,8a015e3f860296dd3aca796cda326c3703d87c07b3f719b51b1eb7fb9b7d4abb
SMSP|jsr=30|seed=10325|center=1500|Oracle_FrFT_UpperBound,SMSP,30.0,10325,1500,Oracle_FrFT_UpperBound,ORACLE_DIAGNOSTIC_ONLY;NOT_FAIR;NOT_RL_ELIGIBLE,ORACLE_DIAGNOSTIC_ONLY,unified/pass,PASS,6.285583492543899,7.8029979548789585,1.5174144623350596,False,False,False,519,519,1,1,-0.913415746172999,TARGET_PRESERVED,0.9,1.0,0.09999999999999998,0.089,0.6370791897177097,False,0.0,0.0,80000,8a015e3f860296dd3aca796cda326c3703d87c07b3f719b51b1eb7fb9b7d4abb
SMSP|jsr=30|seed=10325|center=2500|Oracle_FrFT_UpperBound,SMSP,30.0,10325,2500,Oracle_FrFT_UpperBound,ORACLE_DIAGNOSTIC_ONLY;NOT_FAIR;NOT_RL_ELIGIBLE,ORACLE_DIAGNOSTIC_ONLY,unified/pass,PASS,-2.829773209350772,-3.728747561086692,-0.8989743517359199,True,True,True,1519,1519,0,0,-0.913415746172999,TARGET_PRESERVED,0.9,1.0,0.09999999999999998,0.089,0.0,False,0.0,0.0,80000,8a015e3f860296dd3aca796cda326c3703d87c07b3f719b51b1eb7fb9b7d4abb
SMSP|jsr=30|seed=10325|center=3500|Oracle_FrFT_UpperBound,SMSP,30.0,10325,3500,Oracle_FrFT_UpperBound,ORACLE_DIAGNOSTIC_ONLY;NOT_FAIR;NOT_RL_ELIGIBLE,ORACLE_DIAGNOSTIC_ONLY,unified/pass,PASS,-2.822166569255246,-3.729996115992087,-0.9078295467368411,True,True,True,2519,2519,1,0,-0.913415746172999,TARGET_PRESERVED,0.9,1.0,0.09999999999999998,0.089,0.0,False,0.0,0.0,80000,8a015e3f860296dd3aca796cda326c3703d87c07b3f719b51b1eb7fb9b7d4abb
SMSP|jsr=30|seed=10325|center=4000|Oracle_FrFT_UpperBound,SMSP,30.0,10325,4000,Oracle_FrFT_UpperBound,ORACLE_DIAGNOSTIC_ONLY;NOT_FAIR;NOT_RL_ELIGIBLE,ORACLE_DIAGNOSTIC_ONLY,unified/pass,PASS,-2.7507298190742717,-3.680925926972136,-0.9301961078978644,True,True,True,3019,3019,1,1,-0.913415746172999,TARGET_PRESERVED,0.9,1.0,0.09999999999999998,0.089,0.0,False,0.0,0.0,80000,8a015e3f860296dd3aca796cda326c3703d87c07b3f719b51b1eb7fb9b7d4abb
SMSP|jsr=30|seed=10326|center=1000|Oracle_FrFT_UpperBound,SMSP,30.0,10326,1000,Oracle_FrFT_UpperBound,ORACLE_DIAGNOSTIC_ONLY;NOT_FAIR;NOT_RL_ELIGIBLE,ORACLE_DIAGNOSTIC_ONLY,unified/pass,PASS,12.131610527211823,13.623985123652808,1.4923745964409854,False,False,False,19,11,0,0,-0.9134157461729969,TARGET_PRESERVED,0.9,1.0,0.09999999999999998,0.089,0.5318973083343975,False,0.0,0.0,80000,8a015e3f860296dd3aca796cda326c3703d87c07b3f719b51b1eb7fb9b7d4abb
SMSP|jsr=30|seed=10326|center=1500|Oracle_FrFT_UpperBound,SMSP,30.0,10326,1500,Oracle_FrFT_UpperBound,ORACLE_DIAGNOSTIC_ONLY;NOT_FAIR;NOT_RL_ELIGIBLE,ORACLE_DIAGNOSTIC_ONLY,unified/pass,PASS,6.272110671361483,7.75286030399608,1.4807496326345966,False,False,False,519,519,0,0,-0.913415746172999,TARGET_PRESERVED,0.9,1.0,0.09999999999999998,0.089,0.6370791897177097,False,0.0,0.0,80000,8a015e3f860296dd3aca796cda326c3703d87c07b3f719b51b1eb7fb9b7d4abb
SMSP|jsr=30|seed=10326|center=2500|Oracle_FrFT_UpperBound,SMSP,30.0,10326,2500,Oracle_FrFT_UpperBound,ORACLE_DIAGNOSTIC_ONLY;NOT_FAIR;NOT_RL_ELIGIBLE,ORACLE_DIAGNOSTIC_ONLY,unified/pass,PASS,-2.7713308010501887,-3.6788242997889764,-0.9074934987387877,True,True,True,1519,1519,0,0,-0.913415746172999,TARGET_PRESERVED,0.9,1.0,0.09999999999999998,0.089,0.0,False,0.0,0.0,80000,8a015e3f860296dd3aca796cda326c3703d87c07b3f719b51b1eb7fb9b7d4abb
SMSP|jsr=30|seed=10326|center=3500|Oracle_FrFT_UpperBound,SMSP,30.0,10326,3500,Oracle_FrFT_UpperBound,ORACLE_DIAGNOSTIC_ONLY;NOT_FAIR;NOT_RL_ELIGIBLE,ORACLE_DIAGNOSTIC_ONLY,unified/pass,PASS,-2.6990651758865796,-3.636740717978449,-0.9376755420918692,True,True,True,2519,2519,0,0,-0.913415746172999,TARGET_PRESERVED,0.9,1.0,0.09999999999999998,0.089,0.0,False,0.0,0.0,80000,8a015e3f860296dd3aca796cda326c3703d87c07b3f719b51b1eb7fb9b7d4abb
SMSP|jsr=30|seed=10326|center=4000|Oracle_FrFT_UpperBound,SMSP,30.0,10326,4000,Oracle_FrFT_UpperBound,ORACLE_DIAGNOSTIC_ONLY;NOT_FAIR;NOT_RL_ELIGIBLE,ORACLE_DIAGNOSTIC_ONLY,unified/pass,PASS,-2.7315683433702613,-3.683941433336768,-0.9523730899665068,True,True,True,3019,3019,0,0,-0.913415746172999,TARGET_PRESERVED,0.9,1.0,0.09999999999999998,0.089,0.0,False,0.0,0.0,80000,8a015e3f860296dd3aca796cda326c3703d87c07b3f719b51b1eb7fb9b7d4abb
SMSP|jsr=30|seed=10327|center=1000|Oracle_FrFT_UpperBound,SMSP,30.0,10327,1000,Oracle_FrFT_UpperBound,ORACLE_DIAGNOSTIC_ONLY;NOT_FAIR;NOT_RL_ELIGIBLE,ORACLE_DIAGNOSTIC_ONLY,unified/pass,PASS,12.130015179167735,13.624722777644644,1.494707598476909,False,False,False,19,11,0,0,-0.9134157461729969,TARGET_PRESERVED,0.9,1.0,0.09999999999999998,0.089,0.5318973083343975,False,0.0,0.0,80000,8a015e3f860296dd3aca796cda326c3703d87c07b3f719b51b1eb7fb9b7d4abb
SMSP|jsr=30|seed=10327|center=1500|Oracle_FrFT_UpperBound,SMSP,30.0,10327,1500,Oracle_FrFT_UpperBound,ORACLE_DIAGNOSTIC_ONLY;NOT_FAIR;NOT_RL_ELIGIBLE,ORACLE_DIAGNOSTIC_ONLY,unified/pass,PASS,6.255264061565392,7.752969490918633,1.4977054293532408,False,False,False,519,519,0,0,-0.913415746172999,TARGET_PRESERVED,0.9,1.0,0.09999999999999998,0.089,0.6370791897177097,False,0.0,0.0,80000,8a015e3f860296dd3aca796cda326c3703d87c07b3f719b51b1eb7fb9b7d4abb
SMSP|jsr=30|seed=10327|center=2500|Oracle_FrFT_UpperBound,SMSP,30.0,10327,2500,Oracle_FrFT_UpperBound,ORACLE_DIAGNOSTIC_ONLY;NOT_FAIR;NOT_RL_ELIGIBLE,ORACLE_DIAGNOSTIC_ONLY,unified/pass,PASS,-2.698945295086721,-3.6014333223994925,-0.9024880273127716,True,True,True,1519,1519,0,0,-0.913415746172999,TARGET_PRESERVED,0.9,1.0,0.09999999999999998,0.089,0.0,False,0.0,0.0,80000,8a015e3f860296dd3aca796cda326c3703d87c07b3f719b51b1eb7fb9b7d4abb
SMSP|jsr=30|seed=10327|center=3500|Oracle_FrFT_UpperBound,SMSP,30.0,10327,3500,Oracle_FrFT_UpperBound,ORACLE_DIAGNOSTIC_ONLY;NOT_FAIR;NOT_RL_ELIGIBLE,ORACLE_DIAGNOSTIC_ONLY,unified/pass,PASS,-2.66749944007398,-3.5910395787764577,-0.9235401387024775,True,True,True,2519,2519,0,0,-0.913415746172999,TARGET_PRESERVED,0.9,1.0,0.09999999999999998,0.089,0.0,False,0.0,0.0,80000,8a015e3f860296dd3aca796cda326c3703d87c07b3f719b51b1eb7fb9b7d4abb
SMSP|jsr=30|seed=10327|center=4000|Oracle_FrFT_UpperBound,SMSP,30.0,10327,4000,Oracle_FrFT_UpperBound,ORACLE_DIAGNOSTIC_ONLY;NOT_FAIR;NOT_RL_ELIGIBLE,ORACLE_DIAGNOSTIC_ONLY,unified/pass,PASS,-2.781145294607411,-3.6955944441848714,-0.9144491495774605,True,True,True,3019,3019,0,0,-0.913415746172999,TARGET_PRESERVED,0.9,1.0,0.09999999999999998,0.089,0.0,False,0.0,0.0,80000,8a015e3f860296dd3aca796cda326c3703d87c07b3f719b51b1eb7fb9b7d4abb
SMSP|jsr=30|seed=10328|center=1000|Oracle_FrFT_UpperBound,SMSP,30.0,10328,1000,Oracle_FrFT_UpperBound,ORACLE_DIAGNOSTIC_ONLY;NOT_FAIR;NOT_RL_ELIGIBLE,ORACLE_DIAGNOSTIC_ONLY,unified/pass,PASS,12.148694364521226,13.64177103672612,1.493076672204893,False,False,False,19,11,0,0,-0.9134157461729969,TARGET_PRESERVED,0.9,1.0,0.09999999999999998,0.089,0.5318973083343975,False,0.0,0.0,80000,8a015e3f860296dd3aca796cda326c3703d87c07b3f719b51b1eb7fb9b7d4abb
SMSP|jsr=30|seed=10328|center=1500|Oracle_FrFT_UpperBound,SMSP,30.0,10328,1500,Oracle_FrFT_UpperBound,ORACLE_DIAGNOSTIC_ONLY;NOT_FAIR;NOT_RL_ELIGIBLE,ORACLE_DIAGNOSTIC_ONLY,unified/pass,PASS,6.286369788407415,7.754556330793321,1.4681865423859062,False,False,False,519,519,0,0,-0.913415746172999,TARGET_PRESERVED,0.9,1.0,0.09999999999999998,0.089,0.6370791897177097,False,0.0,0.0,80000,8a015e3f860296dd3aca796cda326c3703d87c07b3f719b51b1eb7fb9b7d4abb
SMSP|jsr=30|seed=10328|center=2500|Oracle_FrFT_UpperBound,SMSP,30.0,10328,2500,Oracle_FrFT_UpperBound,ORACLE_DIAGNOSTIC_ONLY;NOT_FAIR;NOT_RL_ELIGIBLE,ORACLE_DIAGNOSTIC_ONLY,unified/pass,PASS,-2.7633653924882307,-3.6799370709137627,-0.916571678425532,True,True,True,1519,1519,0,0,-0.913415746172999,TARGET_PRESERVED,0.9,1.0,0.09999999999999998,0.089,0.0,False,0.0,0.0,80000,8a015e3f860296dd3aca796cda326c3703d87c07b3f719b51b1eb7fb9b7d4abb
SMSP|jsr=30|seed=10328|center=3500|Oracle_FrFT_UpperBound,SMSP,30.0,10328,3500,Oracle_FrFT_UpperBound,ORACLE_DIAGNOSTIC_ONLY;NOT_FAIR;NOT_RL_ELIGIBLE,ORACLE_DIAGNOSTIC_ONLY,unified/pass,PASS,-2.7262544524718626,-3.650139904025485,-0.9238854515536223,True,True,True,2519,2519,0,0,-0.913415746172999,TARGET_PRESERVED,0.9,1.0,0.09999999999999998,0.089,0.0,False,0.0,0.0,80000,8a015e3f860296dd3aca796cda326c3703d87c07b3f719b51b1eb7fb9b7d4abb
SMSP|jsr=30|seed=10328|center=4000|Oracle_FrFT_UpperBound,SMSP,30.0,10328,4000,Oracle_FrFT_UpperBound,ORACLE_DIAGNOSTIC_ONLY;NOT_FAIR;NOT_RL_ELIGIBLE,ORACLE_DIAGNOSTIC_ONLY,unified/pass,PASS,-2.7164624238898236,-3.630566263677629,-0.9141038397878054,True,True,True,3019,3019,1,0,-0.913415746172999,TARGET_PRESERVED,0.9,1.0,0.09999999999999998,0.089,0.0,False,0.0,0.0,80000,8a015e3f860296dd3aca796cda326c3703d87c07b3f719b51b1eb7fb9b7d4abb
SMSP|jsr=30|seed=10329|center=1000|Oracle_FrFT_UpperBound,SMSP,30.0,10329,1000,Oracle_FrFT_UpperBound,ORACLE_DIAGNOSTIC_ONLY;NOT_FAIR;NOT_RL_ELIGIBLE,ORACLE_DIAGNOSTIC_ONLY,unified/pass,PASS,12.119377411128236,13.61630392709496,1.4969265159667238,False,False,False,19,11,1,1,-0.9134157461729969,TARGET_PRESERVED,0.9,1.0,0.09999999999999998,0.089,0.5318973083343975,False,0.0,0.0,80000,8a015e3f860296dd3aca796cda326c3703d87c07b3f719b51b1eb7fb9b7d4abb
SMSP|jsr=30|seed=10329|center=1500|Oracle_FrFT_UpperBound,SMSP,30.0,10329,1500,Oracle_FrFT_UpperBound,ORACLE_DIAGNOSTIC_ONLY;NOT_FAIR;NOT_RL_ELIGIBLE,ORACLE_DIAGNOSTIC_ONLY,unified/pass,PASS,6.254069141143946,7.767221016640797,1.5131518754968516,False,False,False,519,519,1,1,-0.913415746172999,TARGET_PRESERVED,0.9,1.0,0.09999999999999998,0.089,0.6370791897177097,False,0.0,0.0,80000,8a015e3f860296dd3aca796cda326c3703d87c07b3f719b51b1eb7fb9b7d4abb
SMSP|jsr=30|seed=10329|center=2500|Oracle_FrFT_UpperBound,SMSP,30.0,10329,2500,Oracle_FrFT_UpperBound,ORACLE_DIAGNOSTIC_ONLY;NOT_FAIR;NOT_RL_ELIGIBLE,ORACLE_DIAGNOSTIC_ONLY,unified/pass,PASS,-2.7366862942215424,-3.6170630128219816,-0.8803767186004392,True,True,True,1519,1519,1,1,-0.913415746172999,TARGET_PRESERVED,0.9,1.0,0.09999999999999998,0.089,0.0,False,0.0,0.0,80000,8a015e3f860296dd3aca796cda326c3703d87c07b3f719b51b1eb7fb9b7d4abb
SMSP|jsr=30|seed=10329|center=3500|Oracle_FrFT_UpperBound,SMSP,30.0,10329,3500,Oracle_FrFT_UpperBound,ORACLE_DIAGNOSTIC_ONLY;NOT_FAIR;NOT_RL_ELIGIBLE,ORACLE_DIAGNOSTIC_ONLY,unified/pass,PASS,-2.7252376405821477,-3.642040712594702,-0.9168030720125544,True,True,True,2519,2519,0,0,-0.913415746172999,TARGET_PRESERVED,0.9,1.0,0.09999999999999998,0.089,0.0,False,0.0,0.0,80000,8a015e3f860296dd3aca796cda326c3703d87c07b3f719b51b1eb7fb9b7d4abb
SMSP|jsr=30|seed=10329|center=4000|Oracle_FrFT_UpperBound,SMSP,30.0,10329,4000,Oracle_FrFT_UpperBound,ORACLE_DIAGNOSTIC_ONLY;NOT_FAIR;NOT_RL_ELIGIBLE,ORACLE_DIAGNOSTIC_ONLY,unified/pass,PASS,-2.727873476511146,-3.632178872581498,-0.904305396070352,True,True,True,3019,3019,1,0,-0.913415746172999,TARGET_PRESERVED,0.9,1.0,0.09999999999999998,0.089,0.0,False,0.0,0.0,80000,8a015e3f860296dd3aca796cda326c3703d87c07b3f719b51b1eb7fb9b7d4abb
SMSP|jsr=30|seed=10330|center=1000|Oracle_FrFT_UpperBound,SMSP,30.0,10330,1000,Oracle_FrFT_UpperBound,ORACLE_DIAGNOSTIC_ONLY;NOT_FAIR;NOT_RL_ELIGIBLE,ORACLE_DIAGNOSTIC_ONLY,unified/pass,PASS,12.140566575966872,13.637144473309357,1.496577897342485,False,False,False,19,11,0,0,-0.9134157461729969,TARGET_PRESERVED,0.9,1.0,0.09999999999999998,0.089,0.5318973083343975,False,0.0,0.0,80000,8a015e3f860296dd3aca796cda326c3703d87c07b3f719b51b1eb7fb9b7d4abb
SMSP|jsr=30|seed=10330|center=1500|Oracle_FrFT_UpperBound,SMSP,30.0,10330,1500,Oracle_FrFT_UpperBound,ORACLE_DIAGNOSTIC_ONLY;NOT_FAIR;NOT_RL_ELIGIBLE,ORACLE_DIAGNOSTIC_ONLY,unified/pass,PASS,6.293794199234303,7.785224911865461,1.491430712631158,False,False,False,519,519,0,0,-0.913415746172999,TARGET_PRESERVED,0.9,1.0,0.09999999999999998,0.089,0.6370791897177097,False,0.0,0.0,80000,8a015e3f860296dd3aca796cda326c3703d87c07b3f719b51b1eb7fb9b7d4abb
SMSP|jsr=30|seed=10330|center=2500|Oracle_FrFT_UpperBound,SMSP,30.0,10330,2500,Oracle_FrFT_UpperBound,ORACLE_DIAGNOSTIC_ONLY;NOT_FAIR;NOT_RL_ELIGIBLE,ORACLE_DIAGNOSTIC_ONLY,unified/pass,PASS,-2.721962817287731,-3.6179272182112356,-0.8959644009235048,True,True,True,1519,1519,0,0,-0.913415746172999,TARGET_PRESERVED,0.9,1.0,0.09999999999999998,0.089,0.0,False,0.0,0.0,80000,8a015e3f860296dd3aca796cda326c3703d87c07b3f719b51b1eb7fb9b7d4abb
SMSP|jsr=30|seed=10330|center=3500|Oracle_FrFT_UpperBound,SMSP,30.0,10330,3500,Oracle_FrFT_UpperBound,ORACLE_DIAGNOSTIC_ONLY;NOT_FAIR;NOT_RL_ELIGIBLE,ORACLE_DIAGNOSTIC_ONLY,unified/pass,PASS,-2.718022893621153,-3.6633852673197187,-0.9453623736985657,True,True,True,2519,2519,0,0,-0.913415746172999,TARGET_PRESERVED,0.9,1.0,0.09999999999999998,0.089,0.0,False,0.0,0.0,80000,8a015e3f860296dd3aca796cda326c3703d87c07b3f719b51b1eb7fb9b7d4abb
SMSP|jsr=30|seed=10330|center=4000|Oracle_FrFT_UpperBound,SMSP,30.0,10330,4000,Oracle_FrFT_UpperBound,ORACLE_DIAGNOSTIC_ONLY;NOT_FAIR;NOT_RL_ELIGIBLE,ORACLE_DIAGNOSTIC_ONLY,unified/pass,PASS,-2.7348485185418268,-3.63777867169424,-0.9029301531524134,True,True,True,3019,3019,1,0,-0.913415746172999,TARGET_PRESERVED,0.9,1.0,0.09999999999999998,0.089,0.0,False,0.0,0.0,80000,8a015e3f860296dd3aca796cda326c3703d87c07b3f719b51b1eb7fb9b7d4abb
SMSP|jsr=30|seed=10331|center=1000|Oracle_FrFT_UpperBound,SMSP,30.0,10331,1000,Oracle_FrFT_UpperBound,ORACLE_DIAGNOSTIC_ONLY;NOT_FAIR;NOT_RL_ELIGIBLE,ORACLE_DIAGNOSTIC_ONLY,unified/pass,PASS,12.117007907914811,13.61208202624476,1.4950741183299492,False,False,False,19,11,2,2,-0.9134157461729969,TARGET_PRESERVED,0.9,1.0,0.09999999999999998,0.089,0.5318973083343976,False,0.0,0.0,80000,8a015e3f860296dd3aca796cda326c3703d87c07b3f719b51b1eb7fb9b7d4abb
SMSP|jsr=30|seed=10331|center=1500|Oracle_FrFT_UpperBound,SMSP,30.0,10331,1500,Oracle_FrFT_UpperBound,ORACLE_DIAGNOSTIC_ONLY;NOT_FAIR;NOT_RL_ELIGIBLE,ORACLE_DIAGNOSTIC_ONLY,unified/pass,PASS,6.300190728956862,7.786657312564,1.4864665836071387,False,False,False,519,519,2,1,-0.913415746172999,TARGET_PRESERVED,0.9,1.0,0.09999999999999998,0.089,0.6370791897177097,False,0.0,0.0,80000,8a015e3f860296dd3aca796cda326c3703d87c07b3f719b51b1eb7fb9b7d4abb
SMSP|jsr=30|seed=10331|center=2500|Oracle_FrFT_UpperBound,SMSP,30.0,10331,2500,Oracle_FrFT_UpperBound,ORACLE_DIAGNOSTIC_ONLY;NOT_FAIR;NOT_RL_ELIGIBLE,ORACLE_DIAGNOSTIC_ONLY,unified/pass,PASS,-2.8393306141779155,-3.7613690134819597,-0.9220383993040442,True,True,True,1519,1519,1,1,-0.913415746172999,TARGET_PRESERVED,0.9,1.0,0.09999999999999998,0.089,0.0,False,0.0,0.0,80000,8a015e3f860296dd3aca796cda326c3703d87c07b3f719b51b1eb7fb9b7d4abb
SMSP|jsr=30|seed=10331|center=3500|Oracle_FrFT_UpperBound,SMSP,30.0,10331,3500,Oracle_FrFT_UpperBound,ORACLE_DIAGNOSTIC_ONLY;NOT_FAIR;NOT_RL_ELIGIBLE,ORACLE_DIAGNOSTIC_ONLY,unified/pass,PASS,-2.836945586599472,-3.7450095942400727,-0.9080640076406006,True,True,True,2519,2519,1,1,-0.913415746172999,TARGET_PRESERVED,0.9,1.0,0.09999999999999998,0.089,0.0,False,0.0,0.0,80000,8a015e3f860296dd3aca796cda326c3703d87c07b3f719b51b1eb7fb9b7d4abb
SMSP|jsr=30|seed=10331|center=4000|Oracle_FrFT_UpperBound,SMSP,30.0,10331,4000,Oracle_FrFT_UpperBound,ORACLE_DIAGNOSTIC_ONLY;NOT_FAIR;NOT_RL_ELIGIBLE,ORACLE_DIAGNOSTIC_ONLY,unified/pass,PASS,-2.686240254934686,-3.603762336670867,-0.9175220817361809,True,True,True,3019,3019,1,1,-0.913415746172999,TARGET_PRESERVED,0.9,1.0,0.09999999999999998,0.089,0.0,False,0.0,0.0,80000,8a015e3f860296dd3aca796cda326c3703d87c07b3f719b51b1eb7fb9b7d4abb
SMSP|jsr=30|seed=10332|center=1000|Oracle_FrFT_UpperBound,SMSP,30.0,10332,1000,Oracle_FrFT_UpperBound,ORACLE_DIAGNOSTIC_ONLY;NOT_FAIR;NOT_RL_ELIGIBLE,ORACLE_DIAGNOSTIC_ONLY,unified/pass,PASS,12.131317492849343,13.62644207402732,1.4951245811779774,False,False,False,19,11,0,0,-0.9134157461729969,TARGET_PRESERVED,0.9,1.0,0.09999999999999998,0.089,0.5318973083343975,False,0.0,0.0,80000,8a015e3f860296dd3aca796cda326c3703d87c07b3f719b51b1eb7fb9b7d4abb
SMSP|jsr=30|seed=10332|center=1500|Oracle_FrFT_UpperBound,SMSP,30.0,10332,1500,Oracle_FrFT_UpperBound,ORACLE_DIAGNOSTIC_ONLY;NOT_FAIR;NOT_RL_ELIGIBLE,ORACLE_DIAGNOSTIC_ONLY,unified/pass,PASS,6.274062098004909,7.7574089395099834,1.4833468415050746,False,False,False,519,519,0,0,-0.913415746172999,TARGET_PRESERVED,0.9,1.0,0.09999999999999998,0.089,0.6370791897177097,False,0.0,0.0,80000,8a015e3f860296dd3aca796cda326c3703d87c07b3f719b51b1eb7fb9b7d4abb
SMSP|jsr=30|seed=10332|center=2500|Oracle_FrFT_UpperBound,SMSP,30.0,10332,2500,Oracle_FrFT_UpperBound,ORACLE_DIAGNOSTIC_ONLY;NOT_FAIR;NOT_RL_ELIGIBLE,ORACLE_DIAGNOSTIC_ONLY,unified/pass,PASS,-2.7554353342192095,-3.6552639023200015,-0.899828568100792,True,True,True,1519,1519,0,0,-0.913415746172999,TARGET_PRESERVED,0.9,1.0,0.09999999999999998,0.089,0.0,False,0.0,0.0,80000,8a015e3f860296dd3aca796cda326c3703d87c07b3f719b51b1eb7fb9b7d4abb
SMSP|jsr=30|seed=10332|center=3500|Oracle_FrFT_UpperBound,SMSP,30.0,10332,3500,Oracle_FrFT_UpperBound,ORACLE_DIAGNOSTIC_ONLY;NOT_FAIR;NOT_RL_ELIGIBLE,ORACLE_DIAGNOSTIC_ONLY,unified/pass,PASS,-2.6682671352949994,-3.566651185601655,-0.8983840503066558,True,True,True,2519,2519,0,0,-0.913415746172999,TARGET_PRESERVED,0.9,1.0,0.09999999999999998,0.089,0.0,False,0.0,0.0,80000,8a015e3f860296dd3aca796cda326c3703d87c07b3f719b51b1eb7fb9b7d4abb
SMSP|jsr=30|seed=10332|center=4000|Oracle_FrFT_UpperBound,SMSP,30.0,10332,4000,Oracle_FrFT_UpperBound,ORACLE_DIAGNOSTIC_ONLY;NOT_FAIR;NOT_RL_ELIGIBLE,ORACLE_DIAGNOSTIC_ONLY,unified/pass,PASS,-2.7665403308049314,-3.709568865210089,-0.9430285344051574,True,True,True,3019,3019,0,0,-0.913415746172999,TARGET_PRESERVED,0.9,1.0,0.09999999999999998,0.089,0.0,False,0.0,0.0,80000,8a015e3f860296dd3aca796cda326c3703d87c07b3f719b51b1eb7fb9b7d4abb
SMSP|jsr=30|seed=10333|center=1000|Oracle_FrFT_UpperBound,SMSP,30.0,10333,1000,Oracle_FrFT_UpperBound,ORACLE_DIAGNOSTIC_ONLY;NOT_FAIR;NOT_RL_ELIGIBLE,ORACLE_DIAGNOSTIC_ONLY,unified/pass,PASS,12.12605483283441,13.624705708261192,1.498650875426783,False,False,False,19,11,1,1,-0.9134157461729969,TARGET_PRESERVED,0.9,1.0,0.09999999999999998,0.089,0.5318973083343975,False,0.0,0.0,80000,8a015e3f860296dd3aca796cda326c3703d87c07b3f719b51b1eb7fb9b7d4abb
SMSP|jsr=30|seed=10333|center=1500|Oracle_FrFT_UpperBound,SMSP,30.0,10333,1500,Oracle_FrFT_UpperBound,ORACLE_DIAGNOSTIC_ONLY;NOT_FAIR;NOT_RL_ELIGIBLE,ORACLE_DIAGNOSTIC_ONLY,unified/pass,PASS,6.271619453611651,7.742072781417196,1.4704533278055454,False,False,False,519,519,1,1,-0.913415746172999,TARGET_PRESERVED,0.9,1.0,0.09999999999999998,0.089,0.6370791897177097,False,0.0,0.0,80000,8a015e3f860296dd3aca796cda326c3703d87c07b3f719b51b1eb7fb9b7d4abb
SMSP|jsr=30|seed=10333|center=2500|Oracle_FrFT_UpperBound,SMSP,30.0,10333,2500,Oracle_FrFT_UpperBound,ORACLE_DIAGNOSTIC_ONLY;NOT_FAIR;NOT_RL_ELIGIBLE,ORACLE_DIAGNOSTIC_ONLY,unified/pass,PASS,-2.8087247273084763,-3.7113507684520997,-0.9026260411436233,True,True,True,1519,1519,1,0,-0.913415746172999,TARGET_PRESERVED,0.9,1.0,0.09999999999999998,0.089,0.0,False,0.0,0.0,80000,8a015e3f860296dd3aca796cda326c3703d87c07b3f719b51b1eb7fb9b7d4abb
SMSP|jsr=30|seed=10333|center=3500|Oracle_FrFT_UpperBound,SMSP,30.0,10333,3500,Oracle_FrFT_UpperBound,ORACLE_DIAGNOSTIC_ONLY;NOT_FAIR;NOT_RL_ELIGIBLE,ORACLE_DIAGNOSTIC_ONLY,unified/pass,PASS,-2.826598558643363,-3.7460587550767874,-0.9194601964334246,True,True,True,2519,2519,0,0,-0.913415746172999,TARGET_PRESERVED,0.9,1.0,0.09999999999999998,0.089,0.0,False,0.0,0.0,80000,8a015e3f860296dd3aca796cda326c3703d87c07b3f719b51b1eb7fb9b7d4abb
SMSP|jsr=30|seed=10333|center=4000|Oracle_FrFT_UpperBound,SMSP,30.0,10333,4000,Oracle_FrFT_UpperBound,ORACLE_DIAGNOSTIC_ONLY;NOT_FAIR;NOT_RL_ELIGIBLE,ORACLE_DIAGNOSTIC_ONLY,unified/pass,PASS,-2.7408397722499456,-3.641004371043869,-0.9001645987939235,True,True,True,3019,3019,0,0,-0.913415746172999,TARGET_PRESERVED,0.9,1.0,0.09999999999999998,0.089,0.0,False,0.0,0.0,80000,8a015e3f860296dd3aca796cda326c3703d87c07b3f719b51b1eb7fb9b7d4abb
SMSP|jsr=30|seed=10334|center=1000|Oracle_FrFT_UpperBound,SMSP,30.0,10334,1000,Oracle_FrFT_UpperBound,ORACLE_DIAGNOSTIC_ONLY;NOT_FAIR;NOT_RL_ELIGIBLE,ORACLE_DIAGNOSTIC_ONLY,unified/pass,PASS,12.141309889978572,13.637658309856967,1.4963484198783945,False,False,False,19,11,2,2,-0.9134157461729969,TARGET_PRESERVED,0.9,1.0,0.09999999999999998,0.089,0.5318973083343975,False,0.0,0.0,80000,8a015e3f860296dd3aca796cda326c3703d87c07b3f719b51b1eb7fb9b7d4abb
SMSP|jsr=30|seed=10334|center=1500|Oracle_FrFT_UpperBound,SMSP,30.0,10334,1500,Oracle_FrFT_UpperBound,ORACLE_DIAGNOSTIC_ONLY;NOT_FAIR;NOT_RL_ELIGIBLE,ORACLE_DIAGNOSTIC_ONLY,unified/pass,PASS,6.254711482964782,7.751393671008148,1.4966821880433656,False,False,False,519,519,2,2,-0.913415746172999,TARGET_PRESERVED,0.9,1.0,0.09999999999999998,0.089,0.6370791897177097,False,0.0,0.0,80000,8a015e3f860296dd3aca796cda326c3703d87c07b3f719b51b1eb7fb9b7d4abb
SMSP|jsr=30|seed=10334|center=2500|Oracle_FrFT_UpperBound,SMSP,30.0,10334,2500,Oracle_FrFT_UpperBound,ORACLE_DIAGNOSTIC_ONLY;NOT_FAIR;NOT_RL_ELIGIBLE,ORACLE_DIAGNOSTIC_ONLY,unified/pass,PASS,-2.8110336656071944,-3.742637267629156,-0.9316036020219616,True,True,True,1519,1519,3,2,-0.913415746172999,TARGET_PRESERVED,0.9,1.0,0.09999999999999998,0.089,0.0,False,0.0,0.0,80000,8a015e3f860296dd3aca796cda326c3703d87c07b3f719b51b1eb7fb9b7d4abb
SMSP|jsr=30|seed=10334|center=3500|Oracle_FrFT_UpperBound,SMSP,30.0,10334,3500,Oracle_FrFT_UpperBound,ORACLE_DIAGNOSTIC_ONLY;NOT_FAIR;NOT_RL_ELIGIBLE,ORACLE_DIAGNOSTIC_ONLY,unified/pass,PASS,-2.7908438918903924,-3.692134488261626,-0.9012905963712337,True,True,True,2519,2519,1,0,-0.913415746172999,TARGET_PRESERVED,0.9,1.0,0.09999999999999998,0.089,0.0,False,0.0,0.0,80000,8a015e3f860296dd3aca796cda326c3703d87c07b3f719b51b1eb7fb9b7d4abb
SMSP|jsr=30|seed=10334|center=4000|Oracle_FrFT_UpperBound,SMSP,30.0,10334,4000,Oracle_FrFT_UpperBound,ORACLE_DIAGNOSTIC_ONLY;NOT_FAIR;NOT_RL_ELIGIBLE,ORACLE_DIAGNOSTIC_ONLY,unified/pass,PASS,-2.874455553493142,-3.795834878292526,-0.9213793247993838,True,True,True,3019,3019,0,1,-0.913415746172999,TARGET_PRESERVED,0.9,1.0,0.09999999999999998,0.089,0.0,False,0.0,0.0,80000,8a015e3f860296dd3aca796cda326c3703d87c07b3f719b51b1eb7fb9b7d4abb
SMSP|jsr=30|seed=10335|center=1000|Oracle_FrFT_UpperBound,SMSP,30.0,10335,1000,Oracle_FrFT_UpperBound,ORACLE_DIAGNOSTIC_ONLY;NOT_FAIR;NOT_RL_ELIGIBLE,ORACLE_DIAGNOSTIC_ONLY,unified/pass,PASS,12.152897262655598,13.642577410205574,1.4896801475499757,False,False,False,19,11,0,0,-0.9134157461729969,TARGET_PRESERVED,0.9,1.0,0.09999999999999998,0.089,0.5318973083343975,False,0.0,0.0,80000,8a015e3f860296dd3aca796cda326c3703d87c07b3f719b51b1eb7fb9b7d4abb
SMSP|jsr=30|seed=10335|center=1500|Oracle_FrFT_UpperBound,SMSP,30.0,10335,1500,Oracle_FrFT_UpperBound,ORACLE_DIAGNOSTIC_ONLY;NOT_FAIR;NOT_RL_ELIGIBLE,ORACLE_DIAGNOSTIC_ONLY,unified/pass,PASS,6.268591253650703,7.754469960060581,1.4858787064098777,False,False,False,519,519,0,0,-0.913415746172999,TARGET_PRESERVED,0.9,1.0,0.09999999999999998,0.089,0.6370791897177097,False,0.0,0.0,80000,8a015e3f860296dd3aca796cda326c3703d87c07b3f719b51b1eb7fb9b7d4abb
SMSP|jsr=30|seed=10335|center=2500|Oracle_FrFT_UpperBound,SMSP,30.0,10335,2500,Oracle_FrFT_UpperBound,ORACLE_DIAGNOSTIC_ONLY;NOT_FAIR;NOT_RL_ELIGIBLE,ORACLE_DIAGNOSTIC_ONLY,unified/pass,PASS,-2.823480196212196,-3.7166415601194376,-0.8931613639072418,True,True,True,1519,1519,0,0,-0.913415746172999,TARGET_PRESERVED,0.9,1.0,0.09999999999999998,0.089,0.0,False,0.0,0.0,80000,8a015e3f860296dd3aca796cda326c3703d87c07b3f719b51b1eb7fb9b7d4abb
SMSP|jsr=30|seed=10335|center=3500|Oracle_FrFT_UpperBound,SMSP,30.0,10335,3500,Oracle_FrFT_UpperBound,ORACLE_DIAGNOSTIC_ONLY;NOT_FAIR;NOT_RL_ELIGIBLE,ORACLE_DIAGNOSTIC_ONLY,unified/pass,PASS,-2.77098851592759,-3.687040190114775,-0.9160516741871851,True,True,True,2519,2519,0,0,-0.913415746172999,TARGET_PRESERVED,0.9,1.0,0.09999999999999998,0.089,0.0,False,0.0,0.0,80000,8a015e3f860296dd3aca796cda326c3703d87c07b3f719b51b1eb7fb9b7d4abb
SMSP|jsr=30|seed=10335|center=4000|Oracle_FrFT_UpperBound,SMSP,30.0,10335,4000,Oracle_FrFT_UpperBound,ORACLE_DIAGNOSTIC_ONLY;NOT_FAIR;NOT_RL_ELIGIBLE,ORACLE_DIAGNOSTIC_ONLY,unified/pass,PASS,-2.796088669538807,-3.6894699284546677,-0.8933812589158605,True,True,True,3019,3019,0,0,-0.913415746172999,TARGET_PRESERVED,0.9,1.0,0.09999999999999998,0.089,0.0,False,0.0,0.0,80000,8a015e3f860296dd3aca796cda326c3703d87c07b3f719b51b1eb7fb9b7d4abb
SMSP|jsr=30|seed=10336|center=1000|Oracle_FrFT_UpperBound,SMSP,30.0,10336,1000,Oracle_FrFT_UpperBound,ORACLE_DIAGNOSTIC_ONLY;NOT_FAIR;NOT_RL_ELIGIBLE,ORACLE_DIAGNOSTIC_ONLY,unified/pass,PASS,12.131322604236045,13.62550707992834,1.494184475692295,False,False,False,19,11,0,0,-0.9134157461729969,TARGET_PRESERVED,0.9,1.0,0.09999999999999998,0.089,0.5318973083343975,False,0.0,0.0,80000,8a015e3f860296dd3aca796cda326c3703d87c07b3f719b51b1eb7fb9b7d4abb
SMSP|jsr=30|seed=10336|center=1500|Oracle_FrFT_UpperBound,SMSP,30.0,10336,1500,Oracle_FrFT_UpperBound,ORACLE_DIAGNOSTIC_ONLY;NOT_FAIR;NOT_RL_ELIGIBLE,ORACLE_DIAGNOSTIC_ONLY,unified/pass,PASS,6.279160362003028,7.796304781949059,1.5171444199460318,False,False,False,519,519,0,0,-0.913415746172999,TARGET_PRESERVED,0.9,1.0,0.09999999999999998,0.089,0.6370791897177097,False,0.0,0.0,80000,8a015e3f860296dd3aca796cda326c3703d87c07b3f719b51b1eb7fb9b7d4abb
SMSP|jsr=30|seed=10336|center=2500|Oracle_FrFT_UpperBound,SMSP,30.0,10336,2500,Oracle_FrFT_UpperBound,ORACLE_DIAGNOSTIC_ONLY;NOT_FAIR;NOT_RL_ELIGIBLE,ORACLE_DIAGNOSTIC_ONLY,unified/pass,PASS,-2.7695048134984708,-3.681288689070163,-0.9117838755716923,True,True,True,1519,1519,0,0,-0.913415746172999,TARGET_PRESERVED,0.9,1.0,0.09999999999999998,0.089,0.0,False,0.0,0.0,80000,8a015e3f860296dd3aca796cda326c3703d87c07b3f719b51b1eb7fb9b7d4abb
SMSP|jsr=30|seed=10336|center=3500|Oracle_FrFT_UpperBound,SMSP,30.0,10336,3500,Oracle_FrFT_UpperBound,ORACLE_DIAGNOSTIC_ONLY;NOT_FAIR;NOT_RL_ELIGIBLE,ORACLE_DIAGNOSTIC_ONLY,unified/pass,PASS,-2.784207323548047,-3.725854612400399,-0.9416472888523519,True,True,True,2519,2519,0,0,-0.913415746172999,TARGET_PRESERVED,0.9,1.0,0.09999999999999998,0.089,0.0,False,0.0,0.0,80000,8a015e3f860296dd3aca796cda326c3703d87c07b3f719b51b1eb7fb9b7d4abb
SMSP|jsr=30|seed=10336|center=4000|Oracle_FrFT_UpperBound,SMSP,30.0,10336,4000,Oracle_FrFT_UpperBound,ORACLE_DIAGNOSTIC_ONLY;NOT_FAIR;NOT_RL_ELIGIBLE,ORACLE_DIAGNOSTIC_ONLY,unified/pass,PASS,-2.72153343747006,-3.636368544075669,-0.9148351066056088,True,True,True,3019,3019,0,0,-0.913415746172999,TARGET_PRESERVED,0.9,1.0,0.09999999999999998,0.089,0.0,False,0.0,0.0,80000,8a015e3f860296dd3aca796cda326c3703d87c07b3f719b51b1eb7fb9b7d4abb
SMSP|jsr=30|seed=10337|center=1000|Oracle_FrFT_UpperBound,SMSP,30.0,10337,1000,Oracle_FrFT_UpperBound,ORACLE_DIAGNOSTIC_ONLY;NOT_FAIR;NOT_RL_ELIGIBLE,ORACLE_DIAGNOSTIC_ONLY,unified/pass,PASS,12.154585146824523,13.641796909016543,1.48721176219202,False,False,False,19,11,0,0,-0.9134157461729969,TARGET_PRESERVED,0.9,1.0,0.09999999999999998,0.089,0.5318973083343975,False,0.0,0.0,80000,8a015e3f860296dd3aca796cda326c3703d87c07b3f719b51b1eb7fb9b7d4abb
SMSP|jsr=30|seed=10337|center=1500|Oracle_FrFT_UpperBound,SMSP,30.0,10337,1500,Oracle_FrFT_UpperBound,ORACLE_DIAGNOSTIC_ONLY;NOT_FAIR;NOT_RL_ELIGIBLE,ORACLE_DIAGNOSTIC_ONLY,unified/pass,PASS,6.2771406015546605,7.764876373518851,1.4877357719641902,False,False,False,519,519,0,0,-0.913415746172999,TARGET_PRESERVED,0.9,1.0,0.09999999999999998,0.089,0.6370791897177098,False,0.0,0.0,80000,8a015e3f860296dd3aca796cda326c3703d87c07b3f719b51b1eb7fb9b7d4abb
SMSP|jsr=30|seed=10337|center=2500|Oracle_FrFT_UpperBound,SMSP,30.0,10337,2500,Oracle_FrFT_UpperBound,ORACLE_DIAGNOSTIC_ONLY;NOT_FAIR;NOT_RL_ELIGIBLE,ORACLE_DIAGNOSTIC_ONLY,unified/pass,PASS,-2.7635431149661605,-3.6653269508805577,-0.9017838359143973,True,True,True,1519,1519,0,0,-0.913415746172999,TARGET_PRESERVED,0.9,1.0,0.09999999999999998,0.089,0.0,False,0.0,0.0,80000,8a015e3f860296dd3aca796cda326c3703d87c07b3f719b51b1eb7fb9b7d4abb
SMSP|jsr=30|seed=10337|center=3500|Oracle_FrFT_UpperBound,SMSP,30.0,10337,3500,Oracle_FrFT_UpperBound,ORACLE_DIAGNOSTIC_ONLY;NOT_FAIR;NOT_RL_ELIGIBLE,ORACLE_DIAGNOSTIC_ONLY,unified/pass,PASS,-2.7836329213140516,-3.689550221466071,-0.9059173001520193,True,True,True,2519,2519,0,0,-0.913415746172999,TARGET_PRESERVED,0.9,1.0,0.09999999999999998,0.089,0.0,False,0.0,0.0,80000,8a015e3f860296dd3aca796cda326c3703d87c07b3f719b51b1eb7fb9b7d4abb
SMSP|jsr=30|seed=10337|center=4000|Oracle_FrFT_UpperBound,SMSP,30.0,10337,4000,Oracle_FrFT_UpperBound,ORACLE_DIAGNOSTIC_ONLY;NOT_FAIR;NOT_RL_ELIGIBLE,ORACLE_DIAGNOSTIC_ONLY,unified/pass,PASS,-2.799713579447424,-3.7207153178591055,-0.9210017384116815,True,True,True,3019,3019,0,0,-0.913415746172999,TARGET_PRESERVED,0.9,1.0,0.09999999999999998,0.089,0.0,False,0.0,0.0,80000,8a015e3f860296dd3aca796cda326c3703d87c07b3f719b51b1eb7fb9b7d4abb
SMSP|jsr=30|seed=10338|center=1000|Oracle_FrFT_UpperBound,SMSP,30.0,10338,1000,Oracle_FrFT_UpperBound,ORACLE_DIAGNOSTIC_ONLY;NOT_FAIR;NOT_RL_ELIGIBLE,ORACLE_DIAGNOSTIC_ONLY,unified/pass,PASS,12.139138159776548,13.630740233125284,1.4916020733487354,False,False,False,19,11,1,1,-0.9134157461729969,TARGET_PRESERVED,0.9,1.0,0.09999999999999998,0.089,0.5318973083343975,False,0.0,0.0,80000,8a015e3f860296dd3aca796cda326c3703d87c07b3f719b51b1eb7fb9b7d4abb
SMSP|jsr=30|seed=10338|center=1500|Oracle_FrFT_UpperBound,SMSP,30.0,10338,1500,Oracle_FrFT_UpperBound,ORACLE_DIAGNOSTIC_ONLY;NOT_FAIR;NOT_RL_ELIGIBLE,ORACLE_DIAGNOSTIC_ONLY,unified/pass,PASS,6.300583243072486,7.739378173439904,1.4387949303674175,False,False,False,519,519,1,1,-0.913415746172999,TARGET_PRESERVED,0.9,1.0,0.09999999999999998,0.089,0.6370791897177098,False,0.0,0.0,80000,8a015e3f860296dd3aca796cda326c3703d87c07b3f719b51b1eb7fb9b7d4abb
SMSP|jsr=30|seed=10338|center=2500|Oracle_FrFT_UpperBound,SMSP,30.0,10338,2500,Oracle_FrFT_UpperBound,ORACLE_DIAGNOSTIC_ONLY;NOT_FAIR;NOT_RL_ELIGIBLE,ORACLE_DIAGNOSTIC_ONLY,unified/pass,PASS,-2.658441206853255,-3.525029979438306,-0.8665887725850512,True,True,True,1519,1519,1,0,-0.913415746172999,TARGET_PRESERVED,0.9,1.0,0.09999999999999998,0.089,0.0,False,0.0,0.0,80000,8a015e3f860296dd3aca796cda326c3703d87c07b3f719b51b1eb7fb9b7d4abb
SMSP|jsr=30|seed=10338|center=3500|Oracle_FrFT_UpperBound,SMSP,30.0,10338,3500,Oracle_FrFT_UpperBound,ORACLE_DIAGNOSTIC_ONLY;NOT_FAIR;NOT_RL_ELIGIBLE,ORACLE_DIAGNOSTIC_ONLY,unified/pass,PASS,-2.7670815190864917,-3.666394555954625,-0.8993130368681332,True,True,True,2519,2519,0,0,-0.913415746172999,TARGET_PRESERVED,0.9,1.0,0.09999999999999998,0.089,0.0,False,0.0,0.0,80000,8a015e3f860296dd3aca796cda326c3703d87c07b3f719b51b1eb7fb9b7d4abb
SMSP|jsr=30|seed=10338|center=4000|Oracle_FrFT_UpperBound,SMSP,30.0,10338,4000,Oracle_FrFT_UpperBound,ORACLE_DIAGNOSTIC_ONLY;NOT_FAIR;NOT_RL_ELIGIBLE,ORACLE_DIAGNOSTIC_ONLY,unified/pass,PASS,-2.667791316853912,-3.5746754291281952,-0.9068841122742834,True,True,True,3019,3019,0,0,-0.913415746172999,TARGET_PRESERVED,0.9,1.0,0.09999999999999998,0.089,0.0,False,0.0,0.0,80000,8a015e3f860296dd3aca796cda326c3703d87c07b3f719b51b1eb7fb9b7d4abb
SMSP|jsr=30|seed=10339|center=1000|Oracle_FrFT_UpperBound,SMSP,30.0,10339,1000,Oracle_FrFT_UpperBound,ORACLE_DIAGNOSTIC_ONLY;NOT_FAIR;NOT_RL_ELIGIBLE,ORACLE_DIAGNOSTIC_ONLY,unified/pass,PASS,12.141265838726227,13.638536347874112,1.497270509147885,False,False,False,19,11,1,1,-0.9134157461729969,TARGET_PRESERVED,0.9,1.0,0.09999999999999998,0.089,0.5318973083343975,False,0.0,0.0,80000,8a015e3f860296dd3aca796cda326c3703d87c07b3f719b51b1eb7fb9b7d4abb
SMSP|jsr=30|seed=10339|center=1500|Oracle_FrFT_UpperBound,SMSP,30.0,10339,1500,Oracle_FrFT_UpperBound,ORACLE_DIAGNOSTIC_ONLY;NOT_FAIR;NOT_RL_ELIGIBLE,ORACLE_DIAGNOSTIC_ONLY,unified/pass,PASS,6.24037265135583,7.758329485418127,1.5179568340622964,False,False,False,519,519,1,1,-0.913415746172999,TARGET_PRESERVED,0.9,1.0,0.09999999999999998,0.089,0.6370791897177097,False,0.0,0.0,80000,8a015e3f860296dd3aca796cda326c3703d87c07b3f719b51b1eb7fb9b7d4abb
SMSP|jsr=30|seed=10339|center=2500|Oracle_FrFT_UpperBound,SMSP,30.0,10339,2500,Oracle_FrFT_UpperBound,ORACLE_DIAGNOSTIC_ONLY;NOT_FAIR;NOT_RL_ELIGIBLE,ORACLE_DIAGNOSTIC_ONLY,unified/pass,PASS,-2.7529933788248915,-3.651382757501313,-0.8983893786764217,True,True,True,1519,1519,1,1,-0.913415746172999,TARGET_PRESERVED,0.9,1.0,0.09999999999999998,0.089,0.0,False,0.0,0.0,80000,8a015e3f860296dd3aca796cda326c3703d87c07b3f719b51b1eb7fb9b7d4abb
SMSP|jsr=30|seed=10339|center=3500|Oracle_FrFT_UpperBound,SMSP,30.0,10339,3500,Oracle_FrFT_UpperBound,ORACLE_DIAGNOSTIC_ONLY;NOT_FAIR;NOT_RL_ELIGIBLE,ORACLE_DIAGNOSTIC_ONLY,unified/pass,PASS,-2.7464058718814064,-3.6692904263557757,-0.9228845544743693,True,True,True,2519,2519,1,1,-0.913415746172999,TARGET_PRESERVED,0.9,1.0,0.09999999999999998,0.089,0.0,False,0.0,0.0,80000,8a015e3f860296dd3aca796cda326c3703d87c07b3f719b51b1eb7fb9b7d4abb
SMSP|jsr=30|seed=10339|center=4000|Oracle_FrFT_UpperBound,SMSP,30.0,10339,4000,Oracle_FrFT_UpperBound,ORACLE_DIAGNOSTIC_ONLY;NOT_FAIR;NOT_RL_ELIGIBLE,ORACLE_DIAGNOSTIC_ONLY,unified/pass,PASS,-2.865964183997664,-3.775894751813926,-0.9099305678162617,True,True,True,3019,3019,0,0,-0.913415746172999,TARGET_PRESERVED,0.9,1.0,0.09999999999999998,0.089,0.0,False,0.0,0.0,80000,8a015e3f860296dd3aca796cda326c3703d87c07b3f719b51b1eb7fb9b7d4abb
SMSP|jsr=30|seed=10340|center=1000|Oracle_FrFT_UpperBound,SMSP,30.0,10340,1000,Oracle_FrFT_UpperBound,ORACLE_DIAGNOSTIC_ONLY;NOT_FAIR;NOT_RL_ELIGIBLE,ORACLE_DIAGNOSTIC_ONLY,unified/pass,PASS,12.143406514537684,13.641205549931259,1.4977990353935748,False,False,False,19,11,0,0,-0.9134157461729969,TARGET_PRESERVED,0.9,1.0,0.09999999999999998,0.089,0.5318973083343976,False,0.0,0.0,80000,8a015e3f860296dd3aca796cda326c3703d87c07b3f719b51b1eb7fb9b7d4abb
SMSP|jsr=30|seed=10340|center=1500|Oracle_FrFT_UpperBound,SMSP,30.0,10340,1500,Oracle_FrFT_UpperBound,ORACLE_DIAGNOSTIC_ONLY;NOT_FAIR;NOT_RL_ELIGIBLE,ORACLE_DIAGNOSTIC_ONLY,unified/pass,PASS,6.308780920869497,7.751734660265438,1.442953739395941,False,False,False,519,519,0,0,-0.913415746172999,TARGET_PRESERVED,0.9,1.0,0.09999999999999998,0.089,0.6370791897177097,False,0.0,0.0,80000,8a015e3f860296dd3aca796cda326c3703d87c07b3f719b51b1eb7fb9b7d4abb
SMSP|jsr=30|seed=10340|center=2500|Oracle_FrFT_UpperBound,SMSP,30.0,10340,2500,Oracle_FrFT_UpperBound,ORACLE_DIAGNOSTIC_ONLY;NOT_FAIR;NOT_RL_ELIGIBLE,ORACLE_DIAGNOSTIC_ONLY,unified/pass,PASS,-2.89492846170719,-3.785191544225215,-0.8902630825180249,True,True,True,1519,1519,0,0,-0.913415746172999,TARGET_PRESERVED,0.9,1.0,0.09999999999999998,0.089,0.0,False,0.0,0.0,80000,8a015e3f860296dd3aca796cda326c3703d87c07b3f719b51b1eb7fb9b7d4abb
SMSP|jsr=30|seed=10340|center=3500|Oracle_FrFT_UpperBound,SMSP,30.0,10340,3500,Oracle_FrFT_UpperBound,ORACLE_DIAGNOSTIC_ONLY;NOT_FAIR;NOT_RL_ELIGIBLE,ORACLE_DIAGNOSTIC_ONLY,unified/pass,PASS,-2.7177254935091035,-3.638040506462074,-0.9203150129529707,True,True,True,2519,2519,0,0,-0.913415746172999,TARGET_PRESERVED,0.9,1.0,0.09999999999999998,0.089,0.0,False,0.0,0.0,80000,8a015e3f860296dd3aca796cda326c3703d87c07b3f719b51b1eb7fb9b7d4abb
SMSP|jsr=30|seed=10340|center=4000|Oracle_FrFT_UpperBound,SMSP,30.0,10340,4000,Oracle_FrFT_UpperBound,ORACLE_DIAGNOSTIC_ONLY;NOT_FAIR;NOT_RL_ELIGIBLE,ORACLE_DIAGNOSTIC_ONLY,unified/pass,PASS,-2.801333751048344,-3.7023663903562802,-0.9010326393079362,True,True,True,3019,3019,0,0,-0.913415746172999,TARGET_PRESERVED,0.9,1.0,0.09999999999999998,0.089,0.0,False,0.0,0.0,80000,8a015e3f860296dd3aca796cda326c3703d87c07b3f719b51b1eb7fb9b7d4abb
SMSP|jsr=30|seed=10341|center=1000|Oracle_FrFT_UpperBound,SMSP,30.0,10341,1000,Oracle_FrFT_UpperBound,ORACLE_DIAGNOSTIC_ONLY;NOT_FAIR;NOT_RL_ELIGIBLE,ORACLE_DIAGNOSTIC_ONLY,unified/pass,PASS,12.134611105345874,13.635982165205876,1.501371059860002,False,False,False,19,11,1,1,-0.9134157461729969,TARGET_PRESERVED,0.9,1.0,0.09999999999999998,0.089,0.5318973083343975,False,0.0,0.0,80000,8a015e3f860296dd3aca796cda326c3703d87c07b3f719b51b1eb7fb9b7d4abb
SMSP|jsr=30|seed=10341|center=1500|Oracle_FrFT_UpperBound,SMSP,30.0,10341,1500,Oracle_FrFT_UpperBound,ORACLE_DIAGNOSTIC_ONLY;NOT_FAIR;NOT_RL_ELIGIBLE,ORACLE_DIAGNOSTIC_ONLY,unified/pass,PASS,6.311669230810779,7.749057626311781,1.437388395501002,False,False,False,519,519,1,1,-0.913415746172999,TARGET_PRESERVED,0.9,1.0,0.09999999999999998,0.089,0.6370791897177097,False,0.0,0.0,80000,8a015e3f860296dd3aca796cda326c3703d87c07b3f719b51b1eb7fb9b7d4abb
SMSP|jsr=30|seed=10341|center=2500|Oracle_FrFT_UpperBound,SMSP,30.0,10341,2500,Oracle_FrFT_UpperBound,ORACLE_DIAGNOSTIC_ONLY;NOT_FAIR;NOT_RL_ELIGIBLE,ORACLE_DIAGNOSTIC_ONLY,unified/pass,PASS,-2.648853187076283,-3.5838758019641777,-0.9350226148878948,True,True,True,1519,1519,0,0,-0.913415746172999,TARGET_PRESERVED,0.9,1.0,0.09999999999999998,0.089,0.0,False,0.0,0.0,80000,8a015e3f860296dd3aca796cda326c3703d87c07b3f719b51b1eb7fb9b7d4abb
SMSP|jsr=30|seed=10341|center=3500|Oracle_FrFT_UpperBound,SMSP,30.0,10341,3500,Oracle_FrFT_UpperBound,ORACLE_DIAGNOSTIC_ONLY;NOT_FAIR;NOT_RL_ELIGIBLE,ORACLE_DIAGNOSTIC_ONLY,unified/pass,PASS,-2.719980778358393,-3.59944979227253,-0.8794690139141372,True,True,True,2519,2519,0,0,-0.913415746172999,TARGET_PRESERVED,0.9,1.0,0.09999999999999998,0.089,0.0,False,0.0,0.0,80000,8a015e3f860296dd3aca796cda326c3703d87c07b3f719b51b1eb7fb9b7d4abb
SMSP|jsr=30|seed=10341|center=4000|Oracle_FrFT_UpperBound,SMSP,30.0,10341,4000,Oracle_FrFT_UpperBound,ORACLE_DIAGNOSTIC_ONLY;NOT_FAIR;NOT_RL_ELIGIBLE,ORACLE_DIAGNOSTIC_ONLY,unified/pass,PASS,-2.7703176737103985,-3.6833165675451793,-0.9129988938347808,True,True,True,3019,3019,1,0,-0.913415746172999,TARGET_PRESERVED,0.9,1.0,0.09999999999999998,0.089,0.0,False,0.0,0.0,80000,8a015e3f860296dd3aca796cda326c3703d87c07b3f719b51b1eb7fb9b7d4abb
SMSP|jsr=30|seed=10342|center=1000|Oracle_FrFT_UpperBound,SMSP,30.0,10342,1000,Oracle_FrFT_UpperBound,ORACLE_DIAGNOSTIC_ONLY;NOT_FAIR;NOT_RL_ELIGIBLE,ORACLE_DIAGNOSTIC_ONLY,unified/pass,PASS,12.128054961184475,13.617102472579871,1.4890475113953965,False,False,False,19,11,0,0,-0.9134157461729969,TARGET_PRESERVED,0.9,1.0,0.09999999999999998,0.089,0.5318973083343975,False,0.0,0.0,80000,8a015e3f860296dd3aca796cda326c3703d87c07b3f719b51b1eb7fb9b7d4abb
SMSP|jsr=30|seed=10342|center=1500|Oracle_FrFT_UpperBound,SMSP,30.0,10342,1500,Oracle_FrFT_UpperBound,ORACLE_DIAGNOSTIC_ONLY;NOT_FAIR;NOT_RL_ELIGIBLE,ORACLE_DIAGNOSTIC_ONLY,unified/pass,PASS,6.3085737278590015,7.739403856959164,1.4308301291001628,False,False,False,519,519,0,0,-0.913415746172999,TARGET_PRESERVED,0.9,1.0,0.09999999999999998,0.089,0.6370791897177097,False,0.0,0.0,80000,8a015e3f860296dd3aca796cda326c3703d87c07b3f719b51b1eb7fb9b7d4abb
SMSP|jsr=30|seed=10342|center=2500|Oracle_FrFT_UpperBound,SMSP,30.0,10342,2500,Oracle_FrFT_UpperBound,ORACLE_DIAGNOSTIC_ONLY;NOT_FAIR;NOT_RL_ELIGIBLE,ORACLE_DIAGNOSTIC_ONLY,unified/pass,PASS,-2.799043004821801,-3.709996344587718,-0.9109533397659173,True,True,True,1519,1519,0,0,-0.913415746172999,TARGET_PRESERVED,0.9,1.0,0.09999999999999998,0.089,0.0,False,0.0,0.0,80000,8a015e3f860296dd3aca796cda326c3703d87c07b3f719b51b1eb7fb9b7d4abb
SMSP|jsr=30|seed=10342|center=3500|Oracle_FrFT_UpperBound,SMSP,30.0,10342,3500,Oracle_FrFT_UpperBound,ORACLE_DIAGNOSTIC_ONLY;NOT_FAIR;NOT_RL_ELIGIBLE,ORACLE_DIAGNOSTIC_ONLY,unified/pass,PASS,-2.7305445931240264,-3.620306434610223,-0.8897618414861967,True,True,True,2519,2519,0,0,-0.913415746172999,TARGET_PRESERVED,0.9,1.0,0.09999999999999998,0.089,0.0,False,0.0,0.0,80000,8a015e3f860296dd3aca796cda326c3703d87c07b3f719b51b1eb7fb9b7d4abb
SMSP|jsr=30|seed=10342|center=4000|Oracle_FrFT_UpperBound,SMSP,30.0,10342,4000,Oracle_FrFT_UpperBound,ORACLE_DIAGNOSTIC_ONLY;NOT_FAIR;NOT_RL_ELIGIBLE,ORACLE_DIAGNOSTIC_ONLY,unified/pass,PASS,-2.8667238002254636,-3.78290844851069,-0.9161846482852263,True,True,True,3019,3019,0,0,-0.913415746172999,TARGET_PRESERVED,0.9,1.0,0.09999999999999998,0.089,0.0,False,0.0,0.0,80000,8a015e3f860296dd3aca796cda326c3703d87c07b3f719b51b1eb7fb9b7d4abb
SMSP|jsr=30|seed=10343|center=1000|Oracle_FrFT_UpperBound,SMSP,30.0,10343,1000,Oracle_FrFT_UpperBound,ORACLE_DIAGNOSTIC_ONLY;NOT_FAIR;NOT_RL_ELIGIBLE,ORACLE_DIAGNOSTIC_ONLY,unified/pass,PASS,12.150187644876729,13.646338744492624,1.4961510996158953,False,False,False,19,11,1,1,-0.9134157461729969,TARGET_PRESERVED,0.9,1.0,0.09999999999999998,0.089,0.5318973083343975,False,0.0,0.0,80000,8a015e3f860296dd3aca796cda326c3703d87c07b3f719b51b1eb7fb9b7d4abb
SMSP|jsr=30|seed=10343|center=1500|Oracle_FrFT_UpperBound,SMSP,30.0,10343,1500,Oracle_FrFT_UpperBound,ORACLE_DIAGNOSTIC_ONLY;NOT_FAIR;NOT_RL_ELIGIBLE,ORACLE_DIAGNOSTIC_ONLY,unified/pass,PASS,6.299702344600262,7.736068175240723,1.4363658306404608,False,False,False,519,519,1,1,-0.913415746172999,TARGET_PRESERVED,0.9,1.0,0.09999999999999998,0.089,0.6370791897177097,False,0.0,0.0,80000,8a015e3f860296dd3aca796cda326c3703d87c07b3f719b51b1eb7fb9b7d4abb
SMSP|jsr=30|seed=10343|center=2500|Oracle_FrFT_UpperBound,SMSP,30.0,10343,2500,Oracle_FrFT_UpperBound,ORACLE_DIAGNOSTIC_ONLY;NOT_FAIR;NOT_RL_ELIGIBLE,ORACLE_DIAGNOSTIC_ONLY,unified/pass,PASS,-2.8460572750923037,-3.7314847178569606,-0.8854274427646569,True,True,True,1519,1519,1,1,-0.913415746172999,TARGET_PRESERVED,0.9,1.0,0.09999999999999998,0.089,0.0,False,0.0,0.0,80000,8a015e3f860296dd3aca796cda326c3703d87c07b3f719b51b1eb7fb9b7d4abb
SMSP|jsr=30|seed=10343|center=3500|Oracle_FrFT_UpperBound,SMSP,30.0,10343,3500,Oracle_FrFT_UpperBound,ORACLE_DIAGNOSTIC_ONLY;NOT_FAIR;NOT_RL_ELIGIBLE,ORACLE_DIAGNOSTIC_ONLY,unified/pass,PASS,-2.827921276055209,-3.7123421344001386,-0.8844208583449298,True,True,True,2519,2519,1,0,-0.913415746172999,TARGET_PRESERVED,0.9,1.0,0.09999999999999998,0.089,0.0,False,0.0,0.0,80000,8a015e3f860296dd3aca796cda326c3703d87c07b3f719b51b1eb7fb9b7d4abb
SMSP|jsr=30|seed=10343|center=4000|Oracle_FrFT_UpperBound,SMSP,30.0,10343,4000,Oracle_FrFT_UpperBound,ORACLE_DIAGNOSTIC_ONLY;NOT_FAIR;NOT_RL_ELIGIBLE,ORACLE_DIAGNOSTIC_ONLY,unified/pass,PASS,-2.7938007089649752,-3.7064043333910983,-0.9126036244261231,True,True,True,3019,3019,0,0,-0.913415746172999,TARGET_PRESERVED,0.9,1.0,0.09999999999999998,0.089,0.0,False,0.0,0.0,80000,8a015e3f860296dd3aca796cda326c3703d87c07b3f719b51b1eb7fb9b7d4abb
SMSP|jsr=30|seed=10344|center=1000|Oracle_FrFT_UpperBound,SMSP,30.0,10344,1000,Oracle_FrFT_UpperBound,ORACLE_DIAGNOSTIC_ONLY;NOT_FAIR;NOT_RL_ELIGIBLE,ORACLE_DIAGNOSTIC_ONLY,unified/pass,PASS,12.138439558606258,13.634818273327829,1.4963787147215708,False,False,False,19,11,0,0,-0.9134157461729969,TARGET_PRESERVED,0.9,1.0,0.09999999999999998,0.089,0.5318973083343975,False,0.0,0.0,80000,8a015e3f860296dd3aca796cda326c3703d87c07b3f719b51b1eb7fb9b7d4abb
SMSP|jsr=30|seed=10344|center=1500|Oracle_FrFT_UpperBound,SMSP,30.0,10344,1500,Oracle_FrFT_UpperBound,ORACLE_DIAGNOSTIC_ONLY;NOT_FAIR;NOT_RL_ELIGIBLE,ORACLE_DIAGNOSTIC_ONLY,unified/pass,PASS,6.244782321544844,7.757859035734711,1.5130767141898671,False,False,False,519,519,0,0,-0.913415746172999,TARGET_PRESERVED,0.9,1.0,0.09999999999999998,0.089,0.6370791897177097,False,0.0,0.0,80000,8a015e3f860296dd3aca796cda326c3703d87c07b3f719b51b1eb7fb9b7d4abb
SMSP|jsr=30|seed=10344|center=2500|Oracle_FrFT_UpperBound,SMSP,30.0,10344,2500,Oracle_FrFT_UpperBound,ORACLE_DIAGNOSTIC_ONLY;NOT_FAIR;NOT_RL_ELIGIBLE,ORACLE_DIAGNOSTIC_ONLY,unified/pass,PASS,-2.772591012550165,-3.6907122311678235,-0.9181212186176584,True,True,True,1519,1519,0,0,-0.913415746172999,TARGET_PRESERVED,0.9,1.0,0.09999999999999998,0.089,0.0,False,0.0,0.0,80000,8a015e3f860296dd3aca796cda326c3703d87c07b3f719b51b1eb7fb9b7d4abb
SMSP|jsr=30|seed=10344|center=3500|Oracle_FrFT_UpperBound,SMSP,30.0,10344,3500,Oracle_FrFT_UpperBound,ORACLE_DIAGNOSTIC_ONLY;NOT_FAIR;NOT_RL_ELIGIBLE,ORACLE_DIAGNOSTIC_ONLY,unified/pass,PASS,-2.7927786821741685,-3.687283944062963,-0.8945052618887943,True,True,True,2519,2519,0,0,-0.913415746172999,TARGET_PRESERVED,0.9,1.0,0.09999999999999998,0.089,0.0,False,0.0,0.0,80000,8a015e3f860296dd3aca796cda326c3703d87c07b3f719b51b1eb7fb9b7d4abb
SMSP|jsr=30|seed=10344|center=4000|Oracle_FrFT_UpperBound,SMSP,30.0,10344,4000,Oracle_FrFT_UpperBound,ORACLE_DIAGNOSTIC_ONLY;NOT_FAIR;NOT_RL_ELIGIBLE,ORACLE_DIAGNOSTIC_ONLY,unified/pass,PASS,-2.7455628471723506,-3.685266578332873,-0.9397037311605225,True,True,True,3019,3019,0,0,-0.913415746172999,TARGET_PRESERVED,0.9,1.0,0.09999999999999998,0.089,0.0,False,0.0,0.0,80000,8a015e3f860296dd3aca796cda326c3703d87c07b3f719b51b1eb7fb9b7d4abb
SMSP|jsr=30|seed=10345|center=1000|Oracle_FrFT_UpperBound,SMSP,30.0,10345,1000,Oracle_FrFT_UpperBound,ORACLE_DIAGNOSTIC_ONLY;NOT_FAIR;NOT_RL_ELIGIBLE,ORACLE_DIAGNOSTIC_ONLY,unified/pass,PASS,12.13666327246289,13.63267244079643,1.49600916833354,False,False,False,19,11,0,0,-0.9134157461729969,TARGET_PRESERVED,0.9,1.0,0.09999999999999998,0.089,0.5318973083343975,False,0.0,0.0,80000,8a015e3f860296dd3aca796cda326c3703d87c07b3f719b51b1eb7fb9b7d4abb
SMSP|jsr=30|seed=10345|center=1500|Oracle_FrFT_UpperBound,SMSP,30.0,10345,1500,Oracle_FrFT_UpperBound,ORACLE_DIAGNOSTIC_ONLY;NOT_FAIR;NOT_RL_ELIGIBLE,ORACLE_DIAGNOSTIC_ONLY,unified/pass,PASS,6.312098126567157,7.762428886389936,1.4503307598227781,False,False,False,519,519,1,0,-0.913415746172999,TARGET_PRESERVED,0.9,1.0,0.09999999999999998,0.089,0.6370791897177097,False,0.0,0.0,80000,8a015e3f860296dd3aca796cda326c3703d87c07b3f719b51b1eb7fb9b7d4abb
SMSP|jsr=30|seed=10345|center=2500|Oracle_FrFT_UpperBound,SMSP,30.0,10345,2500,Oracle_FrFT_UpperBound,ORACLE_DIAGNOSTIC_ONLY;NOT_FAIR;NOT_RL_ELIGIBLE,ORACLE_DIAGNOSTIC_ONLY,unified/pass,PASS,-2.8154694901031148,-3.764296237736397,-0.9488267476332823,True,True,True,1519,1519,0,0,-0.913415746172999,TARGET_PRESERVED,0.9,1.0,0.09999999999999998,0.089,0.0,False,0.0,0.0,80000,8a015e3f860296dd3aca796cda326c3703d87c07b3f719b51b1eb7fb9b7d4abb
SMSP|jsr=30|seed=10345|center=3500|Oracle_FrFT_UpperBound,SMSP,30.0,10345,3500,Oracle_FrFT_UpperBound,ORACLE_DIAGNOSTIC_ONLY;NOT_FAIR;NOT_RL_ELIGIBLE,ORACLE_DIAGNOSTIC_ONLY,unified/pass,PASS,-2.790717748982809,-3.7491900649032766,-0.9584723159204676,True,True,True,2519,2519,0,0,-0.913415746172999,TARGET_PRESERVED,0.9,1.0,0.09999999999999998,0.089,0.0,False,0.0,0.0,80000,8a015e3f860296dd3aca796cda326c3703d87c07b3f719b51b1eb7fb9b7d4abb
SMSP|jsr=30|seed=10345|center=4000|Oracle_FrFT_UpperBound,SMSP,30.0,10345,4000,Oracle_FrFT_UpperBound,ORACLE_DIAGNOSTIC_ONLY;NOT_FAIR;NOT_RL_ELIGIBLE,ORACLE_DIAGNOSTIC_ONLY,unified/pass,PASS,-2.764741426295459,-3.6648329181310406,-0.9000914918355818,True,True,True,3019,3019,0,0,-0.913415746172999,TARGET_PRESERVED,0.9,1.0,0.09999999999999998,0.089,0.0,False,0.0,0.0,80000,8a015e3f860296dd3aca796cda326c3703d87c07b3f719b51b1eb7fb9b7d4abb
SMSP|jsr=30|seed=10346|center=1000|Oracle_FrFT_UpperBound,SMSP,30.0,10346,1000,Oracle_FrFT_UpperBound,ORACLE_DIAGNOSTIC_ONLY;NOT_FAIR;NOT_RL_ELIGIBLE,ORACLE_DIAGNOSTIC_ONLY,unified/pass,PASS,12.137574557010439,13.637502666664933,1.499928109654494,False,False,False,19,11,1,1,-0.9134157461729969,TARGET_PRESERVED,0.9,1.0,0.09999999999999998,0.089,0.5318973083343975,False,0.0,0.0,80000,8a015e3f860296dd3aca796cda326c3703d87c07b3f719b51b1eb7fb9b7d4abb
SMSP|jsr=30|seed=10346|center=1500|Oracle_FrFT_UpperBound,SMSP,30.0,10346,1500,Oracle_FrFT_UpperBound,ORACLE_DIAGNOSTIC_ONLY;NOT_FAIR;NOT_RL_ELIGIBLE,ORACLE_DIAGNOSTIC_ONLY,unified/pass,PASS,6.251831591613564,7.757804815146599,1.5059732235330356,False,False,False,519,519,1,0,-0.913415746172999,TARGET_PRESERVED,0.9,1.0,0.09999999999999998,0.089,0.6370791897177097,False,0.0,0.0,80000,8a015e3f860296dd3aca796cda326c3703d87c07b3f719b51b1eb7fb9b7d4abb
SMSP|jsr=30|seed=10346|center=2500|Oracle_FrFT_UpperBound,SMSP,30.0,10346,2500,Oracle_FrFT_UpperBound,ORACLE_DIAGNOSTIC_ONLY;NOT_FAIR;NOT_RL_ELIGIBLE,ORACLE_DIAGNOSTIC_ONLY,unified/pass,PASS,-2.7357150186945267,-3.6411507506096235,-0.9054357319150967,True,True,True,1519,1519,0,0,-0.913415746172999,TARGET_PRESERVED,0.9,1.0,0.09999999999999998,0.089,0.0,False,0.0,0.0,80000,8a015e3f860296dd3aca796cda326c3703d87c07b3f719b51b1eb7fb9b7d4abb
SMSP|jsr=30|seed=10346|center=3500|Oracle_FrFT_UpperBound,SMSP,30.0,10346,3500,Oracle_FrFT_UpperBound,ORACLE_DIAGNOSTIC_ONLY;NOT_FAIR;NOT_RL_ELIGIBLE,ORACLE_DIAGNOSTIC_ONLY,unified/pass,PASS,-2.8389950012827754,-3.758356551984276,-0.9193615507015007,True,True,True,2519,2519,1,2,-0.913415746172999,TARGET_PRESERVED,0.9,1.0,0.09999999999999998,0.089,0.0,False,0.0,0.0,80000,8a015e3f860296dd3aca796cda326c3703d87c07b3f719b51b1eb7fb9b7d4abb
SMSP|jsr=30|seed=10346|center=4000|Oracle_FrFT_UpperBound,SMSP,30.0,10346,4000,Oracle_FrFT_UpperBound,ORACLE_DIAGNOSTIC_ONLY;NOT_FAIR;NOT_RL_ELIGIBLE,ORACLE_DIAGNOSTIC_ONLY,unified/pass,PASS,-2.7006374016628367,-3.6234611431496977,-0.922823741486861,True,True,True,3019,3019,1,1,-0.913415746172999,TARGET_PRESERVED,0.9,1.0,0.09999999999999998,0.089,0.0,False,0.0,0.0,80000,8a015e3f860296dd3aca796cda326c3703d87c07b3f719b51b1eb7fb9b7d4abb
SMSP|jsr=30|seed=10347|center=1000|Oracle_FrFT_UpperBound,SMSP,30.0,10347,1000,Oracle_FrFT_UpperBound,ORACLE_DIAGNOSTIC_ONLY;NOT_FAIR;NOT_RL_ELIGIBLE,ORACLE_DIAGNOSTIC_ONLY,unified/pass,PASS,12.14316723254608,13.6331449902352,1.48997775768912,False,False,False,19,11,1,1,-0.9134157461729969,TARGET_PRESERVED,0.9,1.0,0.09999999999999998,0.089,0.5318973083343975,False,0.0,0.0,80000,8a015e3f860296dd3aca796cda326c3703d87c07b3f719b51b1eb7fb9b7d4abb
SMSP|jsr=30|seed=10347|center=1500|Oracle_FrFT_UpperBound,SMSP,30.0,10347,1500,Oracle_FrFT_UpperBound,ORACLE_DIAGNOSTIC_ONLY;NOT_FAIR;NOT_RL_ELIGIBLE,ORACLE_DIAGNOSTIC_ONLY,unified/pass,PASS,6.289376967965769,7.7488871137540505,1.4595101457882818,False,False,False,519,519,1,1,-0.913415746172999,TARGET_PRESERVED,0.9,1.0,0.09999999999999998,0.089,0.6370791897177097,False,0.0,0.0,80000,8a015e3f860296dd3aca796cda326c3703d87c07b3f719b51b1eb7fb9b7d4abb
SMSP|jsr=30|seed=10347|center=2500|Oracle_FrFT_UpperBound,SMSP,30.0,10347,2500,Oracle_FrFT_UpperBound,ORACLE_DIAGNOSTIC_ONLY;NOT_FAIR;NOT_RL_ELIGIBLE,ORACLE_DIAGNOSTIC_ONLY,unified/pass,PASS,-2.7746910581032234,-3.6787472586435994,-0.904056200540376,True,True,True,1519,1519,0,0,-0.913415746172999,TARGET_PRESERVED,0.9,1.0,0.09999999999999998,0.089,0.0,False,0.0,0.0,80000,8a015e3f860296dd3aca796cda326c3703d87c07b3f719b51b1eb7fb9b7d4abb
SMSP|jsr=30|seed=10347|center=3500|Oracle_FrFT_UpperBound,SMSP,30.0,10347,3500,Oracle_FrFT_UpperBound,ORACLE_DIAGNOSTIC_ONLY;NOT_FAIR;NOT_RL_ELIGIBLE,ORACLE_DIAGNOSTIC_ONLY,unified/pass,PASS,-2.6740877941228285,-3.601393043381605,-0.9273052492587763,True,True,True,2519,2519,0,0,-0.913415746172999,TARGET_PRESERVED,0.9,1.0,0.09999999999999998,0.089,0.0,False,0.0,0.0,80000,8a015e3f860296dd3aca796cda326c3703d87c07b3f719b51b1eb7fb9b7d4abb
SMSP|jsr=30|seed=10347|center=4000|Oracle_FrFT_UpperBound,SMSP,30.0,10347,4000,Oracle_FrFT_UpperBound,ORACLE_DIAGNOSTIC_ONLY;NOT_FAIR;NOT_RL_ELIGIBLE,ORACLE_DIAGNOSTIC_ONLY,unified/pass,PASS,-2.767063202753628,-3.708550488132622,-0.9414872853789942,True,True,True,3019,3019,2,1,-0.913415746172999,TARGET_PRESERVED,0.9,1.0,0.09999999999999998,0.089,0.0,False,0.0,0.0,80000,8a015e3f860296dd3aca796cda326c3703d87c07b3f719b51b1eb7fb9b7d4abb
SMSP|jsr=30|seed=10348|center=1000|Oracle_FrFT_UpperBound,SMSP,30.0,10348,1000,Oracle_FrFT_UpperBound,ORACLE_DIAGNOSTIC_ONLY;NOT_FAIR;NOT_RL_ELIGIBLE,ORACLE_DIAGNOSTIC_ONLY,unified/pass,PASS,12.161041052162098,13.64725650427232,1.4862154521102227,False,False,False,19,11,0,0,-0.9134157461729969,TARGET_PRESERVED,0.9,1.0,0.09999999999999998,0.089,0.5318973083343975,False,0.0,0.0,80000,8a015e3f860296dd3aca796cda326c3703d87c07b3f719b51b1eb7fb9b7d4abb
SMSP|jsr=30|seed=10348|center=1500|Oracle_FrFT_UpperBound,SMSP,30.0,10348,1500,Oracle_FrFT_UpperBound,ORACLE_DIAGNOSTIC_ONLY;NOT_FAIR;NOT_RL_ELIGIBLE,ORACLE_DIAGNOSTIC_ONLY,unified/pass,PASS,6.276856022081583,7.7530182146744515,1.4761621925928683,False,False,False,519,519,0,0,-0.913415746172999,TARGET_PRESERVED,0.9,1.0,0.09999999999999998,0.089,0.6370791897177097,False,0.0,0.0,80000,8a015e3f860296dd3aca796cda326c3703d87c07b3f719b51b1eb7fb9b7d4abb
SMSP|jsr=30|seed=10348|center=2500|Oracle_FrFT_UpperBound,SMSP,30.0,10348,2500,Oracle_FrFT_UpperBound,ORACLE_DIAGNOSTIC_ONLY;NOT_FAIR;NOT_RL_ELIGIBLE,ORACLE_DIAGNOSTIC_ONLY,unified/pass,PASS,-2.603319474740639,-3.5433039973241915,-0.9399845225835524,True,True,True,1519,1519,0,0,-0.913415746172999,TARGET_PRESERVED,0.9,1.0,0.09999999999999998,0.089,0.0,False,0.0,0.0,80000,8a015e3f860296dd3aca796cda326c3703d87c07b3f719b51b1eb7fb9b7d4abb
SMSP|jsr=30|seed=10348|center=3500|Oracle_FrFT_UpperBound,SMSP,30.0,10348,3500,Oracle_FrFT_UpperBound,ORACLE_DIAGNOSTIC_ONLY;NOT_FAIR;NOT_RL_ELIGIBLE,ORACLE_DIAGNOSTIC_ONLY,unified/pass,PASS,-2.6884667469314376,-3.6358315402533012,-0.9473647933218636,True,True,True,2519,2519,0,0,-0.913415746172999,TARGET_PRESERVED,0.9,1.0,0.09999999999999998,0.089,0.0,False,0.0,0.0,80000,8a015e3f860296dd3aca796cda326c3703d87c07b3f719b51b1eb7fb9b7d4abb
SMSP|jsr=30|seed=10348|center=4000|Oracle_FrFT_UpperBound,SMSP,30.0,10348,4000,Oracle_FrFT_UpperBound,ORACLE_DIAGNOSTIC_ONLY;NOT_FAIR;NOT_RL_ELIGIBLE,ORACLE_DIAGNOSTIC_ONLY,unified/pass,PASS,-2.708077983216766,-3.6156803617778053,-0.9076023785610392,True,True,True,3019,3019,0,0,-0.913415746172999,TARGET_PRESERVED,0.9,1.0,0.09999999999999998,0.089,0.0,False,0.0,0.0,80000,8a015e3f860296dd3aca796cda326c3703d87c07b3f719b51b1eb7fb9b7d4abb
SMSP|jsr=30|seed=10349|center=1000|Oracle_FrFT_UpperBound,SMSP,30.0,10349,1000,Oracle_FrFT_UpperBound,ORACLE_DIAGNOSTIC_ONLY;NOT_FAIR;NOT_RL_ELIGIBLE,ORACLE_DIAGNOSTIC_ONLY,unified/pass,PASS,12.155792384345606,13.647180778320244,1.4913883939746384,False,False,False,19,11,1,1,-0.9134157461729969,TARGET_PRESERVED,0.9,1.0,0.09999999999999998,0.089,0.5318973083343975,False,0.0,0.0,80000,8a015e3f860296dd3aca796cda326c3703d87c07b3f719b51b1eb7fb9b7d4abb
SMSP|jsr=30|seed=10349|center=1500|Oracle_FrFT_UpperBound,SMSP,30.0,10349,1500,Oracle_FrFT_UpperBound,ORACLE_DIAGNOSTIC_ONLY;NOT_FAIR;NOT_RL_ELIGIBLE,ORACLE_DIAGNOSTIC_ONLY,unified/pass,PASS,6.306595544796327,7.774104746041912,1.4675092012455853,False,False,False,519,519,1,1,-0.913415746172999,TARGET_PRESERVED,0.9,1.0,0.09999999999999998,0.089,0.6370791897177097,False,0.0,0.0,80000,8a015e3f860296dd3aca796cda326c3703d87c07b3f719b51b1eb7fb9b7d4abb
SMSP|jsr=30|seed=10349|center=2500|Oracle_FrFT_UpperBound,SMSP,30.0,10349,2500,Oracle_FrFT_UpperBound,ORACLE_DIAGNOSTIC_ONLY;NOT_FAIR;NOT_RL_ELIGIBLE,ORACLE_DIAGNOSTIC_ONLY,unified/pass,PASS,-2.819795495436035,-3.699348896174098,-0.8795534007380632,True,True,True,1519,1519,1,1,-0.913415746172999,TARGET_PRESERVED,0.9,1.0,0.09999999999999998,0.089,0.0,False,0.0,0.0,80000,8a015e3f860296dd3aca796cda326c3703d87c07b3f719b51b1eb7fb9b7d4abb
SMSP|jsr=30|seed=10349|center=3500|Oracle_FrFT_UpperBound,SMSP,30.0,10349,3500,Oracle_FrFT_UpperBound,ORACLE_DIAGNOSTIC_ONLY;NOT_FAIR;NOT_RL_ELIGIBLE,ORACLE_DIAGNOSTIC_ONLY,unified/pass,PASS,-2.862047434375254,-3.763560800326885,-0.9015133659516308,True,True,True,2519,2519,1,0,-0.913415746172999,TARGET_PRESERVED,0.9,1.0,0.09999999999999998,0.089,0.0,False,0.0,0.0,80000,8a015e3f860296dd3aca796cda326c3703d87c07b3f719b51b1eb7fb9b7d4abb
SMSP|jsr=30|seed=10349|center=4000|Oracle_FrFT_UpperBound,SMSP,30.0,10349,4000,Oracle_FrFT_UpperBound,ORACLE_DIAGNOSTIC_ONLY;NOT_FAIR;NOT_RL_ELIGIBLE,ORACLE_DIAGNOSTIC_ONLY,unified/pass,PASS,-2.659187100715715,-3.551898851576299,-0.8927117508605837,True,True,True,3019,3019,1,0,-0.913415746172999,TARGET_PRESERVED,0.9,1.0,0.09999999999999998,0.089,0.0,False,0.0,0.0,80000,8a015e3f860296dd3aca796cda326c3703d87c07b3f719b51b1eb7fb9b7d4abb
FMNoiseSaopin|jsr=0|seed=10300|center=1000|Oracle_FrFT_UpperBound,FMNoiseSaopin,0.0,10300,1000,Oracle_FrFT_UpperBound,ORACLE_DIAGNOSTIC_ONLY;NOT_FAIR;NOT_RL_ELIGIBLE,ORACLE_DIAGNOSTIC_ONLY,unified/pass,PASS,29.58879374977098,28.863165055364476,-0.7256286944065025,True,True,True,0,0,1,0,-0.9134157461729969,TARGET_PRESERVED,0.9,1.0,0.09999999999999998,0.089,0.4952059618246118,False,0.0,0.0,80000,8a015e3f860296dd3aca796cda326c3703d87c07b3f719b51b1eb7fb9b7d4abb
FMNoiseSaopin|jsr=0|seed=10300|center=1500|Oracle_FrFT_UpperBound,FMNoiseSaopin,0.0,10300,1500,Oracle_FrFT_UpperBound,ORACLE_DIAGNOSTIC_ONLY;NOT_FAIR;NOT_RL_ELIGIBLE,ORACLE_DIAGNOSTIC_ONLY,unified/pass,PASS,29.341862015158426,28.232589053803714,-1.109272961354712,True,True,True,0,0,0,0,-0.913415746172999,TARGET_PRESERVED,0.9,1.0,0.09999999999999998,0.089,0.03224512147494958,False,0.0,0.0,80000,8a015e3f860296dd3aca796cda326c3703d87c07b3f719b51b1eb7fb9b7d4abb
FMNoiseSaopin|jsr=0|seed=10300|center=2500|Oracle_FrFT_UpperBound,FMNoiseSaopin,0.0,10300,2500,Oracle_FrFT_UpperBound,ORACLE_DIAGNOSTIC_ONLY;NOT_FAIR;NOT_RL_ELIGIBLE,ORACLE_DIAGNOSTIC_ONLY,unified/pass,PASS,29.334271580914177,28.219114048148548,-1.115157532765629,True,True,True,0,0,1,0,-0.913415746172999,TARGET_PRESERVED,0.9,1.0,0.09999999999999998,0.089,0.0,False,0.0,0.0,80000,8a015e3f860296dd3aca796cda326c3703d87c07b3f719b51b1eb7fb9b7d4abb
FMNoiseSaopin|jsr=0|seed=10300|center=3500|Oracle_FrFT_UpperBound,FMNoiseSaopin,0.0,10300,3500,Oracle_FrFT_UpperBound,ORACLE_DIAGNOSTIC_ONLY;NOT_FAIR;NOT_RL_ELIGIBLE,ORACLE_DIAGNOSTIC_ONLY,unified/pass,PASS,29.25597677693881,28.170376670922614,-1.0856001060161944,True,True,True,0,0,1,1,-0.913415746172999,TARGET_PRESERVED,0.9,1.0,0.09999999999999998,0.089,0.0,False,0.0,0.0,80000,8a015e3f860296dd3aca796cda326c3703d87c07b3f719b51b1eb7fb9b7d4abb
FMNoiseSaopin|jsr=0|seed=10300|center=4000|Oracle_FrFT_UpperBound,FMNoiseSaopin,0.0,10300,4000,Oracle_FrFT_UpperBound,ORACLE_DIAGNOSTIC_ONLY;NOT_FAIR;NOT_RL_ELIGIBLE,ORACLE_DIAGNOSTIC_ONLY,unified/pass,PASS,29.264018062991227,28.18908469775499,-1.0749333652362374,True,True,True,0,0,2,1,-0.913415746172999,TARGET_PRESERVED,0.9,1.0,0.09999999999999998,0.089,0.0,False,0.0,0.0,80000,8a015e3f860296dd3aca796cda326c3703d87c07b3f719b51b1eb7fb9b7d4abb
FMNoiseSaopin|jsr=0|seed=10301|center=1000|Oracle_FrFT_UpperBound,FMNoiseSaopin,0.0,10301,1000,Oracle_FrFT_UpperBound,ORACLE_DIAGNOSTIC_ONLY;NOT_FAIR;NOT_RL_ELIGIBLE,ORACLE_DIAGNOSTIC_ONLY,unified/pass,PASS,29.685449427184064,29.194544759776985,-0.4909046674070794,True,True,True,0,0,0,0,-0.9134157461729969,TARGET_PRESERVED,0.9,1.0,0.09999999999999998,0.089,0.4406873589028057,False,0.0,0.0,80000,8a015e3f860296dd3aca796cda326c3703d87c07b3f719b51b1eb7fb9b7d4abb
FMNoiseSaopin|jsr=0|seed=10301|center=1500|Oracle_FrFT_UpperBound,FMNoiseSaopin,0.0,10301,1500,Oracle_FrFT_UpperBound,ORACLE_DIAGNOSTIC_ONLY;NOT_FAIR;NOT_RL_ELIGIBLE,ORACLE_DIAGNOSTIC_ONLY,unified/pass,PASS,29.834602088687987,28.659075606292408,-1.175526482395579,True,True,True,0,0,0,0,-0.913415746172999,TARGET_PRESERVED,0.9,1.0,0.09999999999999998,0.089,0.03603842317669318,False,0.0,0.0,80000,8a015e3f860296dd3aca796cda326c3703d87c07b3f719b51b1eb7fb9b7d4abb
FMNoiseSaopin|jsr=0|seed=10301|center=2500|Oracle_FrFT_UpperBound,FMNoiseSaopin,0.0,10301,2500,Oracle_FrFT_UpperBound,ORACLE_DIAGNOSTIC_ONLY;NOT_FAIR;NOT_RL_ELIGIBLE,ORACLE_DIAGNOSTIC_ONLY,unified/pass,PASS,29.956661689594224,28.813039355246893,-1.1436223343473308,True,True,True,0,0,1,0,-0.913415746172999,TARGET_PRESERVED,0.9,1.0,0.09999999999999998,0.089,0.0,False,0.0,0.0,80000,8a015e3f860296dd3aca796cda326c3703d87c07b3f719b51b1eb7fb9b7d4abb
FMNoiseSaopin|jsr=0|seed=10301|center=3500|Oracle_FrFT_UpperBound,FMNoiseSaopin,0.0,10301,3500,Oracle_FrFT_UpperBound,ORACLE_DIAGNOSTIC_ONLY;NOT_FAIR;NOT_RL_ELIGIBLE,ORACLE_DIAGNOSTIC_ONLY,unified/pass,PASS,29.930568400177982,28.80811540243848,-1.1224529977395008,True,True,True,0,0,0,0,-0.913415746172999,TARGET_PRESERVED,0.9,1.0,0.09999999999999998,0.089,0.0,False,0.0,0.0,80000,8a015e3f860296dd3aca796cda326c3703d87c07b3f719b51b1eb7fb9b7d4abb
FMNoiseSaopin|jsr=0|seed=10301|center=4000|Oracle_FrFT_UpperBound,FMNoiseSaopin,0.0,10301,4000,Oracle_FrFT_UpperBound,ORACLE_DIAGNOSTIC_ONLY;NOT_FAIR;NOT_RL_ELIGIBLE,ORACLE_DIAGNOSTIC_ONLY,unified/pass,PASS,29.721301239412163,28.6162436662137,-1.105057573198465,True,True,True,0,0,0,0,-0.913415746172999,TARGET_PRESERVED,0.9,1.0,0.09999999999999998,0.089,0.0,False,0.0,0.0,80000,8a015e3f860296dd3aca796cda326c3703d87c07b3f719b51b1eb7fb9b7d4abb
FMNoiseSaopin|jsr=0|seed=10302|center=1000|Oracle_FrFT_UpperBound,FMNoiseSaopin,0.0,10302,1000,Oracle_FrFT_UpperBound,ORACLE_DIAGNOSTIC_ONLY;NOT_FAIR;NOT_RL_ELIGIBLE,ORACLE_DIAGNOSTIC_ONLY,unified/pass,PASS,29.621306489873334,28.872881988955026,-0.7484245009183077,True,True,True,0,0,0,0,-0.9134157461729969,TARGET_PRESERVED,0.9,1.0,0.09999999999999998,0.089,0.5082347303361995,False,0.0,0.0,80000,8a015e3f860296dd3aca796cda326c3703d87c07b3f719b51b1eb7fb9b7d4abb
FMNoiseSaopin|jsr=0|seed=10302|center=1500|Oracle_FrFT_UpperBound,FMNoiseSaopin,0.0,10302,1500,Oracle_FrFT_UpperBound,ORACLE_DIAGNOSTIC_ONLY;NOT_FAIR;NOT_RL_ELIGIBLE,ORACLE_DIAGNOSTIC_ONLY,unified/pass,PASS,29.230740707103728,28.14782581061142,-1.0829148964923085,True,True,True,0,0,0,1,-0.913415746172999,TARGET_PRESERVED,0.9,1.0,0.09999999999999998,0.089,0.035881448962139184,False,0.0,0.0,80000,8a015e3f860296dd3aca796cda326c3703d87c07b3f719b51b1eb7fb9b7d4abb
FMNoiseSaopin|jsr=0|seed=10302|center=2500|Oracle_FrFT_UpperBound,FMNoiseSaopin,0.0,10302,2500,Oracle_FrFT_UpperBound,ORACLE_DIAGNOSTIC_ONLY;NOT_FAIR;NOT_RL_ELIGIBLE,ORACLE_DIAGNOSTIC_ONLY,unified/pass,PASS,29.398896412153512,28.276137953132036,-1.122758459021476,True,True,True,0,0,0,0,-0.913415746172999,TARGET_PRESERVED,0.9,1.0,0.09999999999999998,0.089,0.0,False,0.0,0.0,80000,8a015e3f860296dd3aca796cda326c3703d87c07b3f719b51b1eb7fb9b7d4abb
FMNoiseSaopin|jsr=0|seed=10302|center=3500|Oracle_FrFT_UpperBound,FMNoiseSaopin,0.0,10302,3500,Oracle_FrFT_UpperBound,ORACLE_DIAGNOSTIC_ONLY;NOT_FAIR;NOT_RL_ELIGIBLE,ORACLE_DIAGNOSTIC_ONLY,unified/pass,PASS,29.392532011049283,28.25504434784364,-1.1374876632056434,True,True,True,0,0,0,0,-0.913415746172999,TARGET_PRESERVED,0.9,1.0,0.09999999999999998,0.089,0.0,False,0.0,0.0,80000,8a015e3f860296dd3aca796cda326c3703d87c07b3f719b51b1eb7fb9b7d4abb
FMNoiseSaopin|jsr=0|seed=10302|center=4000|Oracle_FrFT_UpperBound,FMNoiseSaopin,0.0,10302,4000,Oracle_FrFT_UpperBound,ORACLE_DIAGNOSTIC_ONLY;NOT_FAIR;NOT_RL_ELIGIBLE,ORACLE_DIAGNOSTIC_ONLY,unified/pass,PASS,29.38691658727036,28.305493404278934,-1.0814231829914256,True,True,True,0,0,0,0,-0.913415746172999,TARGET_PRESERVED,0.9,1.0,0.09999999999999998,0.089,0.0,False,0.0,0.0,80000,8a015e3f860296dd3aca796cda326c3703d87c07b3f719b51b1eb7fb9b7d4abb
FMNoiseSaopin|jsr=0|seed=10303|center=1000|Oracle_FrFT_UpperBound,FMNoiseSaopin,0.0,10303,1000,Oracle_FrFT_UpperBound,ORACLE_DIAGNOSTIC_ONLY;NOT_FAIR;NOT_RL_ELIGIBLE,ORACLE_DIAGNOSTIC_ONLY,unified/pass,PASS,29.4806759640068,28.796556303669192,-0.6841196603376076,True,True,True,0,0,1,1,-0.9134157461729969,TARGET_PRESERVED,0.9,1.0,0.09999999999999998,0.089,0.5001784104758673,False,0.0,0.0,80000,8a015e3f860296dd3aca796cda326c3703d87c07b3f719b51b1eb7fb9b7d4abb
FMNoiseSaopin|jsr=0|seed=10303|center=1500|Oracle_FrFT_UpperBound,FMNoiseSaopin,0.0,10303,1500,Oracle_FrFT_UpperBound,ORACLE_DIAGNOSTIC_ONLY;NOT_FAIR;NOT_RL_ELIGIBLE,ORACLE_DIAGNOSTIC_ONLY,unified/pass,PASS,29.189378149099525,28.069776023231793,-1.1196021258677327,True,True,True,0,0,0,0,-0.913415746172999,TARGET_PRESERVED,0.9,1.0,0.09999999999999998,0.089,0.04513855748761995,False,0.0,0.0,80000,8a015e3f860296dd3aca796cda326c3703d87c07b3f719b51b1eb7fb9b7d4abb
FMNoiseSaopin|jsr=0|seed=10303|center=2500|Oracle_FrFT_UpperBound,FMNoiseSaopin,0.0,10303,2500,Oracle_FrFT_UpperBound,ORACLE_DIAGNOSTIC_ONLY;NOT_FAIR;NOT_RL_ELIGIBLE,ORACLE_DIAGNOSTIC_ONLY,unified/pass,PASS,29.17367462000652,28.107396678719255,-1.0662779412872645,True,True,True,0,0,0,0,-0.913415746172999,TARGET_PRESERVED,0.9,1.0,0.09999999999999998,0.089,0.0,False,0.0,0.0,80000,8a015e3f860296dd3aca796cda326c3703d87c07b3f719b51b1eb7fb9b7d4abb
FMNoiseSaopin|jsr=0|seed=10303|center=3500|Oracle_FrFT_UpperBound,FMNoiseSaopin,0.0,10303,3500,Oracle_FrFT_UpperBound,ORACLE_DIAGNOSTIC_ONLY;NOT_FAIR;NOT_RL_ELIGIBLE,ORACLE_DIAGNOSTIC_ONLY,unified/pass,PASS,29.147740332182074,28.02230075705619,-1.1254395751258848,True,True,True,0,0,1,1,-0.913415746172999,TARGET_PRESERVED,0.9,1.0,0.09999999999999998,0.089,0.0,False,0.0,0.0,80000,8a015e3f860296dd3aca796cda326c3703d87c07b3f719b51b1eb7fb9b7d4abb
FMNoiseSaopin|jsr=0|seed=10303|center=4000|Oracle_FrFT_UpperBound,FMNoiseSaopin,0.0,10303,4000,Oracle_FrFT_UpperBound,ORACLE_DIAGNOSTIC_ONLY;NOT_FAIR;NOT_RL_ELIGIBLE,ORACLE_DIAGNOSTIC_ONLY,unified/pass,PASS,29.318210082195186,28.20841728827007,-1.1097927939251164,True,True,True,0,0,1,1,-0.913415746172999,TARGET_PRESERVED,0.9,1.0,0.09999999999999998,0.089,0.0,False,0.0,0.0,80000,8a015e3f860296dd3aca796cda326c3703d87c07b3f719b51b1eb7fb9b7d4abb
FMNoiseSaopin|jsr=0|seed=10304|center=1000|Oracle_FrFT_UpperBound,FMNoiseSaopin,0.0,10304,1000,Oracle_FrFT_UpperBound,ORACLE_DIAGNOSTIC_ONLY;NOT_FAIR;NOT_RL_ELIGIBLE,ORACLE_DIAGNOSTIC_ONLY,unified/pass,PASS,29.78549815355734,29.20379826909178,-0.5816998844655608,True,True,True,0,0,0,0,-0.9134157461729969,TARGET_PRESERVED,0.9,1.0,0.09999999999999998,0.089,0.4204957776056294,False,0.0,0.0,80000,8a015e3f860296dd3aca796cda326c3703d87c07b3f719b51b1eb7fb9b7d4abb
FMNoiseSaopin|jsr=0|seed=10304|center=1500|Oracle_FrFT_UpperBound,FMNoiseSaopin,0.0,10304,1500,Oracle_FrFT_UpperBound,ORACLE_DIAGNOSTIC_ONLY;NOT_FAIR;NOT_RL_ELIGIBLE,ORACLE_DIAGNOSTIC_ONLY,unified/pass,PASS,30.017761857578336,28.879544455960982,-1.1382174016173536,True,True,True,0,0,0,0,-0.913415746172999,TARGET_PRESERVED,0.9,1.0,0.09999999999999998,0.089,0.02983545797294228,False,0.0,0.0,80000,8a015e3f860296dd3aca796cda326c3703d87c07b3f719b51b1eb7fb9b7d4abb
FMNoiseSaopin|jsr=0|seed=10304|center=2500|Oracle_FrFT_UpperBound,FMNoiseSaopin,0.0,10304,2500,Oracle_FrFT_UpperBound,ORACLE_DIAGNOSTIC_ONLY;NOT_FAIR;NOT_RL_ELIGIBLE,ORACLE_DIAGNOSTIC_ONLY,unified/pass,PASS,30.033001009945917,28.861086851500318,-1.171914158445599,True,True,True,0,0,0,0,-0.913415746172999,TARGET_PRESERVED,0.9,1.0,0.09999999999999998,0.089,0.0,False,0.0,0.0,80000,8a015e3f860296dd3aca796cda326c3703d87c07b3f719b51b1eb7fb9b7d4abb
FMNoiseSaopin|jsr=0|seed=10304|center=3500|Oracle_FrFT_UpperBound,FMNoiseSaopin,0.0,10304,3500,Oracle_FrFT_UpperBound,ORACLE_DIAGNOSTIC_ONLY;NOT_FAIR;NOT_RL_ELIGIBLE,ORACLE_DIAGNOSTIC_ONLY,unified/pass,PASS,30.005965337539987,28.881915686146385,-1.1240496513936016,True,True,True,0,0,1,0,-0.913415746172999,TARGET_PRESERVED,0.9,1.0,0.09999999999999998,0.089,0.0,False,0.0,0.0,80000,8a015e3f860296dd3aca796cda326c3703d87c07b3f719b51b1eb7fb9b7d4abb
FMNoiseSaopin|jsr=0|seed=10304|center=4000|Oracle_FrFT_UpperBound,FMNoiseSaopin,0.0,10304,4000,Oracle_FrFT_UpperBound,ORACLE_DIAGNOSTIC_ONLY;NOT_FAIR;NOT_RL_ELIGIBLE,ORACLE_DIAGNOSTIC_ONLY,unified/pass,PASS,30.01338768803009,28.888421392382565,-1.1249662956475248,True,True,True,0,0,0,0,-0.913415746172999,TARGET_PRESERVED,0.9,1.0,0.09999999999999998,0.089,0.0,False,0.0,0.0,80000,8a015e3f860296dd3aca796cda326c3703d87c07b3f719b51b1eb7fb9b7d4abb
FMNoiseSaopin|jsr=0|seed=10305|center=1000|Oracle_FrFT_UpperBound,FMNoiseSaopin,0.0,10305,1000,Oracle_FrFT_UpperBound,ORACLE_DIAGNOSTIC_ONLY;NOT_FAIR;NOT_RL_ELIGIBLE,ORACLE_DIAGNOSTIC_ONLY,unified/pass,PASS,29.443429845248442,28.563761711841522,-0.8796681334069198,True,True,True,0,0,0,0,-0.9134157461729969,TARGET_PRESERVED,0.9,1.0,0.09999999999999998,0.089,0.49158614816268137,False,0.0,0.0,80000,8a015e3f860296dd3aca796cda326c3703d87c07b3f719b51b1eb7fb9b7d4abb
FMNoiseSaopin|jsr=0|seed=10305|center=1500|Oracle_FrFT_UpperBound,FMNoiseSaopin,0.0,10305,1500,Oracle_FrFT_UpperBound,ORACLE_DIAGNOSTIC_ONLY;NOT_FAIR;NOT_RL_ELIGIBLE,ORACLE_DIAGNOSTIC_ONLY,unified/pass,PASS,29.14555439069783,28.038345000628887,-1.1072093900689417,True,True,True,0,0,0,0,-0.913415746172999,TARGET_PRESERVED,0.9,1.0,0.09999999999999998,0.089,0.022811632514050433,False,0.0,0.0,80000,8a015e3f860296dd3aca796cda326c3703d87c07b3f719b51b1eb7fb9b7d4abb
FMNoiseSaopin|jsr=0|seed=10305|center=2500|Oracle_FrFT_UpperBound,FMNoiseSaopin,0.0,10305,2500,Oracle_FrFT_UpperBound,ORACLE_DIAGNOSTIC_ONLY;NOT_FAIR;NOT_RL_ELIGIBLE,ORACLE_DIAGNOSTIC_ONLY,unified/pass,PASS,29.19774417382747,28.111732521445166,-1.0860116523823038,True,True,True,0,0,0,0,-0.913415746172999,TARGET_PRESERVED,0.9,1.0,0.09999999999999998,0.089,0.0,False,0.0,0.0,80000,8a015e3f860296dd3aca796cda326c3703d87c07b3f719b51b1eb7fb9b7d4abb
FMNoiseSaopin|jsr=0|seed=10305|center=3500|Oracle_FrFT_UpperBound,FMNoiseSaopin,0.0,10305,3500,Oracle_FrFT_UpperBound,ORACLE_DIAGNOSTIC_ONLY;NOT_FAIR;NOT_RL_ELIGIBLE,ORACLE_DIAGNOSTIC_ONLY,unified/pass,PASS,29.20117438658327,28.10894141236776,-1.0922329742155092,True,True,True,0,0,0,0,-0.913415746172999,TARGET_PRESERVED,0.9,1.0,0.09999999999999998,0.089,0.0,False,0.0,0.0,80000,8a015e3f860296dd3aca796cda326c3703d87c07b3f719b51b1eb7fb9b7d4abb
FMNoiseSaopin|jsr=0|seed=10305|center=4000|Oracle_FrFT_UpperBound,FMNoiseSaopin,0.0,10305,4000,Oracle_FrFT_UpperBound,ORACLE_DIAGNOSTIC_ONLY;NOT_FAIR;NOT_RL_ELIGIBLE,ORACLE_DIAGNOSTIC_ONLY,unified/pass,PASS,29.20416867213359,28.112967010739254,-1.0912016613943365,True,True,True,0,0,0,0,-0.913415746172999,TARGET_PRESERVED,0.9,1.0,0.09999999999999998,0.089,0.0,False,0.0,0.0,80000,8a015e3f860296dd3aca796cda326c3703d87c07b3f719b51b1eb7fb9b7d4abb
FMNoiseSaopin|jsr=0|seed=10306|center=1000|Oracle_FrFT_UpperBound,FMNoiseSaopin,0.0,10306,1000,Oracle_FrFT_UpperBound,ORACLE_DIAGNOSTIC_ONLY;NOT_FAIR;NOT_RL_ELIGIBLE,ORACLE_DIAGNOSTIC_ONLY,unified/pass,PASS,32.92538143132046,31.64002263172259,-1.2853587995978693,True,True,True,0,0,1,1,-0.9134157461729969,TARGET_PRESERVED,0.9,1.0,0.09999999999999998,0.089,0.20045991070029462,False,0.0,0.0,80000,8a015e3f860296dd3aca796cda326c3703d87c07b3f719b51b1eb7fb9b7d4abb
FMNoiseSaopin|jsr=0|seed=10306|center=1500|Oracle_FrFT_UpperBound,FMNoiseSaopin,0.0,10306,1500,Oracle_FrFT_UpperBound,ORACLE_DIAGNOSTIC_ONLY;NOT_FAIR;NOT_RL_ELIGIBLE,ORACLE_DIAGNOSTIC_ONLY,unified/pass,PASS,32.85987897604998,31.476350286875764,-1.383528689174213,True,True,True,0,0,1,2,-0.913415746172999,TARGET_PRESERVED,0.9,1.0,0.09999999999999998,0.089,0.025074705361372553,False,0.0,0.0,80000,8a015e3f860296dd3aca796cda326c3703d87c07b3f719b51b1eb7fb9b7d4abb
FMNoiseSaopin|jsr=0|seed=10306|center=2500|Oracle_FrFT_UpperBound,FMNoiseSaopin,0.0,10306,2500,Oracle_FrFT_UpperBound,ORACLE_DIAGNOSTIC_ONLY;NOT_FAIR;NOT_RL_ELIGIBLE,ORACLE_DIAGNOSTIC_ONLY,unified/pass,PASS,32.75098007551125,31.424678805224524,-1.3263012702867272,True,True,True,0,0,0,0,-0.913415746172999,TARGET_PRESERVED,0.9,1.0,0.09999999999999998,0.089,0.0,False,0.0,0.0,80000,8a015e3f860296dd3aca796cda326c3703d87c07b3f719b51b1eb7fb9b7d4abb
FMNoiseSaopin|jsr=0|seed=10306|center=3500|Oracle_FrFT_UpperBound,FMNoiseSaopin,0.0,10306,3500,Oracle_FrFT_UpperBound,ORACLE_DIAGNOSTIC_ONLY;NOT_FAIR;NOT_RL_ELIGIBLE,ORACLE_DIAGNOSTIC_ONLY,unified/pass,PASS,32.745693255890714,31.433951285867305,-1.3117419700234088,True,True,True,0,0,1,0,-0.913415746172999,TARGET_PRESERVED,0.9,1.0,0.09999999999999998,0.089,0.0,False,0.0,0.0,80000,8a015e3f860296dd3aca796cda326c3703d87c07b3f719b51b1eb7fb9b7d4abb
FMNoiseSaopin|jsr=0|seed=10306|center=4000|Oracle_FrFT_UpperBound,FMNoiseSaopin,0.0,10306,4000,Oracle_FrFT_UpperBound,ORACLE_DIAGNOSTIC_ONLY;NOT_FAIR;NOT_RL_ELIGIBLE,ORACLE_DIAGNOSTIC_ONLY,unified/pass,PASS,32.842502969655705,31.50165034005155,-1.3408526296041536,True,True,True,0,0,1,1,-0.913415746172999,TARGET_PRESERVED,0.9,1.0,0.09999999999999998,0.089,0.0,False,0.0,0.0,80000,8a015e3f860296dd3aca796cda326c3703d87c07b3f719b51b1eb7fb9b7d4abb
FMNoiseSaopin|jsr=0|seed=10307|center=1000|Oracle_FrFT_UpperBound,FMNoiseSaopin,0.0,10307,1000,Oracle_FrFT_UpperBound,ORACLE_DIAGNOSTIC_ONLY;NOT_FAIR;NOT_RL_ELIGIBLE,ORACLE_DIAGNOSTIC_ONLY,unified/pass,PASS,29.666999609108295,28.72344964600852,-0.9435499630997768,True,True,True,0,0,1,1,-0.9134157461729969,TARGET_PRESERVED,0.9,1.0,0.09999999999999998,0.089,0.508703616248947,False,0.0,0.0,80000,8a015e3f860296dd3aca796cda326c3703d87c07b3f719b51b1eb7fb9b7d4abb
FMNoiseSaopin|jsr=0|seed=10307|center=1500|Oracle_FrFT_UpperBound,FMNoiseSaopin,0.0,10307,1500,Oracle_FrFT_UpperBound,ORACLE_DIAGNOSTIC_ONLY;NOT_FAIR;NOT_RL_ELIGIBLE,ORACLE_DIAGNOSTIC_ONLY,unified/pass,PASS,29.29746217124951,28.164839519119408,-1.1326226521301024,True,True,True,0,0,1,1,-0.913415746172999,TARGET_PRESERVED,0.9,1.0,0.09999999999999998,0.089,0.03281774563233188,False,0.0,0.0,80000,8a015e3f860296dd3aca796cda326c3703d87c07b3f719b51b1eb7fb9b7d4abb
FMNoiseSaopin|jsr=0|seed=10307|center=2500|Oracle_FrFT_UpperBound,FMNoiseSaopin,0.0,10307,2500,Oracle_FrFT_UpperBound,ORACLE_DIAGNOSTIC_ONLY;NOT_FAIR;NOT_RL_ELIGIBLE,ORACLE_DIAGNOSTIC_ONLY,unified/pass,PASS,29.315029663572684,28.20162911294126,-1.1134005506314253,True,True,True,0,0,1,1,-0.913415746172999,TARGET_PRESERVED,0.9,1.0,0.09999999999999998,0.089,0.0,False,0.0,0.0,80000,8a015e3f860296dd3aca796cda326c3703d87c07b3f719b51b1eb7fb9b7d4abb
FMNoiseSaopin|jsr=0|seed=10307|center=3500|Oracle_FrFT_UpperBound,FMNoiseSaopin,0.0,10307,3500,Oracle_FrFT_UpperBound,ORACLE_DIAGNOSTIC_ONLY;NOT_FAIR;NOT_RL_ELIGIBLE,ORACLE_DIAGNOSTIC_ONLY,unified/pass,PASS,29.324232115693214,28.219727845708125,-1.1045042699850889,True,True,True,0,0,0,0,-0.913415746172999,TARGET_PRESERVED,0.9,1.0,0.09999999999999998,0.089,0.0,False,0.0,0.0,80000,8a015e3f860296dd3aca796cda326c3703d87c07b3f719b51b1eb7fb9b7d4abb
FMNoiseSaopin|jsr=0|seed=10307|center=4000|Oracle_FrFT_UpperBound,FMNoiseSaopin,0.0,10307,4000,Oracle_FrFT_UpperBound,ORACLE_DIAGNOSTIC_ONLY;NOT_FAIR;NOT_RL_ELIGIBLE,ORACLE_DIAGNOSTIC_ONLY,unified/pass,PASS,29.293493627474255,28.155803393228844,-1.1376902342454116,True,True,True,0,0,0,0,-0.913415746172999,TARGET_PRESERVED,0.9,1.0,0.09999999999999998,0.089,0.0,False,0.0,0.0,80000,8a015e3f860296dd3aca796cda326c3703d87c07b3f719b51b1eb7fb9b7d4abb
FMNoiseSaopin|jsr=0|seed=10308|center=1000|Oracle_FrFT_UpperBound,FMNoiseSaopin,0.0,10308,1000,Oracle_FrFT_UpperBound,ORACLE_DIAGNOSTIC_ONLY;NOT_FAIR;NOT_RL_ELIGIBLE,ORACLE_DIAGNOSTIC_ONLY,unified/pass,PASS,37.074369064795114,35.147915713974236,-1.9264533508208785,True,True,True,0,0,0,0,-0.9134157461729969,TARGET_PRESERVED,0.9,1.0,0.09999999999999998,0.089,0.036715645547599464,False,0.0,0.0,80000,8a015e3f860296dd3aca796cda326c3703d87c07b3f719b51b1eb7fb9b7d4abb
FMNoiseSaopin|jsr=0|seed=10308|center=1500|Oracle_FrFT_UpperBound,FMNoiseSaopin,0.0,10308,1500,Oracle_FrFT_UpperBound,ORACLE_DIAGNOSTIC_ONLY;NOT_FAIR;NOT_RL_ELIGIBLE,ORACLE_DIAGNOSTIC_ONLY,unified/pass,PASS,37.06071225832738,35.12895134410799,-1.9317609142193888,True,True,True,0,0,1,0,-0.913415746172999,TARGET_PRESERVED,0.9,1.0,0.09999999999999998,0.089,0.023308536068243322,False,0.0,0.0,80000,8a015e3f860296dd3aca796cda326c3703d87c07b3f719b51b1eb7fb9b7d4abb
FMNoiseSaopin|jsr=0|seed=10308|center=2500|Oracle_FrFT_UpperBound,FMNoiseSaopin,0.0,10308,2500,Oracle_FrFT_UpperBound,ORACLE_DIAGNOSTIC_ONLY;NOT_FAIR;NOT_RL_ELIGIBLE,ORACLE_DIAGNOSTIC_ONLY,unified/pass,PASS,37.515765316538086,35.41765846841524,-2.098106848122846,True,True,True,0,0,1,1,-0.913415746172999,TARGET_PRESERVED,0.9,1.0,0.09999999999999998,0.089,0.0,False,0.0,0.0,80000,8a015e3f860296dd3aca796cda326c3703d87c07b3f719b51b1eb7fb9b7d4abb
FMNoiseSaopin|jsr=0|seed=10308|center=3500|Oracle_FrFT_UpperBound,FMNoiseSaopin,0.0,10308,3500,Oracle_FrFT_UpperBound,ORACLE_DIAGNOSTIC_ONLY;NOT_FAIR;NOT_RL_ELIGIBLE,ORACLE_DIAGNOSTIC_ONLY,unified/pass,PASS,37.12352499495968,35.218156782790025,-1.9053682121696554,True,True,True,0,0,1,1,-0.913415746172999,TARGET_PRESERVED,0.9,1.0,0.09999999999999998,0.089,0.0,False,0.0,0.0,80000,8a015e3f860296dd3aca796cda326c3703d87c07b3f719b51b1eb7fb9b7d4abb
FMNoiseSaopin|jsr=0|seed=10308|center=4000|Oracle_FrFT_UpperBound,FMNoiseSaopin,0.0,10308,4000,Oracle_FrFT_UpperBound,ORACLE_DIAGNOSTIC_ONLY;NOT_FAIR;NOT_RL_ELIGIBLE,ORACLE_DIAGNOSTIC_ONLY,unified/pass,PASS,36.89227436640367,34.90320603720134,-1.9890683292023255,True,True,True,0,0,1,2,-0.913415746172999,TARGET_PRESERVED,0.9,1.0,0.09999999999999998,0.089,0.0,False,0.0,0.0,80000,8a015e3f860296dd3aca796cda326c3703d87c07b3f719b51b1eb7fb9b7d4abb
FMNoiseSaopin|jsr=0|seed=10309|center=1000|Oracle_FrFT_UpperBound,FMNoiseSaopin,0.0,10309,1000,Oracle_FrFT_UpperBound,ORACLE_DIAGNOSTIC_ONLY;NOT_FAIR;NOT_RL_ELIGIBLE,ORACLE_DIAGNOSTIC_ONLY,unified/pass,PASS,29.49096314199987,28.821605496440377,-0.6693576455594936,True,True,True,0,0,0,0,-0.9134157461729969,TARGET_PRESERVED,0.9,1.0,0.09999999999999998,0.089,0.42892566899280665,False,0.0,0.0,80000,8a015e3f860296dd3aca796cda326c3703d87c07b3f719b51b1eb7fb9b7d4abb
FMNoiseSaopin|jsr=0|seed=10309|center=1500|Oracle_FrFT_UpperBound,FMNoiseSaopin,0.0,10309,1500,Oracle_FrFT_UpperBound,ORACLE_DIAGNOSTIC_ONLY;NOT_FAIR;NOT_RL_ELIGIBLE,ORACLE_DIAGNOSTIC_ONLY,unified/pass,PASS,29.768461293754328,28.599449668931758,-1.16901162482257,True,True,True,0,0,0,0,-0.913415746172999,TARGET_PRESERVED,0.9,1.0,0.09999999999999998,0.089,0.032598246662680005,False,0.0,0.0,80000,8a015e3f860296dd3aca796cda326c3703d87c07b3f719b51b1eb7fb9b7d4abb
FMNoiseSaopin|jsr=0|seed=10309|center=2500|Oracle_FrFT_UpperBound,FMNoiseSaopin,0.0,10309,2500,Oracle_FrFT_UpperBound,ORACLE_DIAGNOSTIC_ONLY;NOT_FAIR;NOT_RL_ELIGIBLE,ORACLE_DIAGNOSTIC_ONLY,unified/pass,PASS,29.761379843265907,28.598692941304222,-1.1626869019616848,True,True,True,0,0,0,0,-0.913415746172999,TARGET_PRESERVED,0.9,1.0,0.09999999999999998,0.089,0.0,False,0.0,0.0,80000,8a015e3f860296dd3aca796cda326c3703d87c07b3f719b51b1eb7fb9b7d4abb
FMNoiseSaopin|jsr=0|seed=10309|center=3500|Oracle_FrFT_UpperBound,FMNoiseSaopin,0.0,10309,3500,Oracle_FrFT_UpperBound,ORACLE_DIAGNOSTIC_ONLY;NOT_FAIR;NOT_RL_ELIGIBLE,ORACLE_DIAGNOSTIC_ONLY,unified/pass,PASS,29.696279980203837,28.60364333553227,-1.0926366446715683,True,True,True,0,0,0,0,-0.913415746172999,TARGET_PRESERVED,0.9,1.0,0.09999999999999998,0.089,0.0,False,0.0,0.0,80000,8a015e3f860296dd3aca796cda326c3703d87c07b3f719b51b1eb7fb9b7d4abb
FMNoiseSaopin|jsr=0|seed=10309|center=4000|Oracle_FrFT_UpperBound,FMNoiseSaopin,0.0,10309,4000,Oracle_FrFT_UpperBound,ORACLE_DIAGNOSTIC_ONLY;NOT_FAIR;NOT_RL_ELIGIBLE,ORACLE_DIAGNOSTIC_ONLY,unified/pass,PASS,29.67736946254299,28.565935789517944,-1.1114336730250471,True,True,True,0,0,0,0,-0.913415746172999,TARGET_PRESERVED,0.9,1.0,0.09999999999999998,0.089,0.0,False,0.0,0.0,80000,8a015e3f860296dd3aca796cda326c3703d87c07b3f719b51b1eb7fb9b7d4abb
FMNoiseSaopin|jsr=0|seed=10310|center=1000|Oracle_FrFT_UpperBound,FMNoiseSaopin,0.0,10310,1000,Oracle_FrFT_UpperBound,ORACLE_DIAGNOSTIC_ONLY;NOT_FAIR;NOT_RL_ELIGIBLE,ORACLE_DIAGNOSTIC_ONLY,unified/pass,PASS,29.409305995178116,28.736152520304277,-0.673153474873839,True,True,True,0,0,1,1,-0.9134157461729969,TARGET_PRESERVED,0.9,1.0,0.09999999999999998,0.089,0.5021694636981286,False,0.0,0.0,80000,8a015e3f860296dd3aca796cda326c3703d87c07b3f719b51b1eb7fb9b7d4abb
FMNoiseSaopin|jsr=0|seed=10310|center=1500|Oracle_FrFT_UpperBound,FMNoiseSaopin,0.0,10310,1500,Oracle_FrFT_UpperBound,ORACLE_DIAGNOSTIC_ONLY;NOT_FAIR;NOT_RL_ELIGIBLE,ORACLE_DIAGNOSTIC_ONLY,unified/pass,PASS,29.290199549767987,28.160077795256786,-1.130121754511201,True,True,True,0,0,0,0,-0.913415746172999,TARGET_PRESERVED,0.9,1.0,0.09999999999999998,0.089,0.03513236468298778,False,0.0,0.0,80000,8a015e3f860296dd3aca796cda326c3703d87c07b3f719b51b1eb7fb9b7d4abb
FMNoiseSaopin|jsr=0|seed=10310|center=2500|Oracle_FrFT_UpperBound,FMNoiseSaopin,0.0,10310,2500,Oracle_FrFT_UpperBound,ORACLE_DIAGNOSTIC_ONLY;NOT_FAIR;NOT_RL_ELIGIBLE,ORACLE_DIAGNOSTIC_ONLY,unified/pass,PASS,29.398713719667807,28.272827419257727,-1.1258863004100803,True,True,True,0,0,0,0,-0.913415746172999,TARGET_PRESERVED,0.9,1.0,0.09999999999999998,0.089,0.0,False,0.0,0.0,80000,8a015e3f860296dd3aca796cda326c3703d87c07b3f719b51b1eb7fb9b7d4abb
FMNoiseSaopin|jsr=0|seed=10310|center=3500|Oracle_FrFT_UpperBound,FMNoiseSaopin,0.0,10310,3500,Oracle_FrFT_UpperBound,ORACLE_DIAGNOSTIC_ONLY;NOT_FAIR;NOT_RL_ELIGIBLE,ORACLE_DIAGNOSTIC_ONLY,unified/pass,PASS,29.379723966420453,28.247783483453382,-1.131940482967071,True,True,True,0,0,0,0,-0.913415746172999,TARGET_PRESERVED,0.9,1.0,0.09999999999999998,0.089,0.0,False,0.0,0.0,80000,8a015e3f860296dd3aca796cda326c3703d87c07b3f719b51b1eb7fb9b7d4abb
FMNoiseSaopin|jsr=0|seed=10310|center=4000|Oracle_FrFT_UpperBound,FMNoiseSaopin,0.0,10310,4000,Oracle_FrFT_UpperBound,ORACLE_DIAGNOSTIC_ONLY;NOT_FAIR;NOT_RL_ELIGIBLE,ORACLE_DIAGNOSTIC_ONLY,unified/pass,PASS,29.32702008775469,28.227863092035065,-1.0991569957196248,True,True,True,0,0,0,0,-0.913415746172999,TARGET_PRESERVED,0.9,1.0,0.09999999999999998,0.089,0.0,False,0.0,0.0,80000,8a015e3f860296dd3aca796cda326c3703d87c07b3f719b51b1eb7fb9b7d4abb
FMNoiseSaopin|jsr=0|seed=10311|center=1000|Oracle_FrFT_UpperBound,FMNoiseSaopin,0.0,10311,1000,Oracle_FrFT_UpperBound,ORACLE_DIAGNOSTIC_ONLY;NOT_FAIR;NOT_RL_ELIGIBLE,ORACLE_DIAGNOSTIC_ONLY,unified/pass,PASS,29.617446563902927,28.742375078347,-0.8750714855559281,True,True,True,0,0,0,0,-0.9134157461729969,TARGET_PRESERVED,0.9,1.0,0.09999999999999998,0.089,0.4883543019398817,False,0.0,0.0,80000,8a015e3f860296dd3aca796cda326c3703d87c07b3f719b51b1eb7fb9b7d4abb
FMNoiseSaopin|jsr=0|seed=10311|center=1500|Oracle_FrFT_UpperBound,FMNoiseSaopin,0.0,10311,1500,Oracle_FrFT_UpperBound,ORACLE_DIAGNOSTIC_ONLY;NOT_FAIR;NOT_RL_ELIGIBLE,ORACLE_DIAGNOSTIC_ONLY,unified/pass,PASS,29.349474596489706,28.26576285353056,-1.0837117429591459,True,True,True,0,0,0,0,-0.913415746172999,TARGET_PRESERVED,0.9,1.0,0.09999999999999998,0.089,0.022844449577101404,False,0.0,0.0,80000,8a015e3f860296dd3aca796cda326c3703d87c07b3f719b51b1eb7fb9b7d4abb
FMNoiseSaopin|jsr=0|seed=10311|center=2500|Oracle_FrFT_UpperBound,FMNoiseSaopin,0.0,10311,2500,Oracle_FrFT_UpperBound,ORACLE_DIAGNOSTIC_ONLY;NOT_FAIR;NOT_RL_ELIGIBLE,ORACLE_DIAGNOSTIC_ONLY,unified/pass,PASS,29.421162624692336,28.28687001384566,-1.1342926108466749,True,True,True,0,0,1,0,-0.913415746172999,TARGET_PRESERVED,0.9,1.0,0.09999999999999998,0.089,0.0,False,0.0,0.0,80000,8a015e3f860296dd3aca796cda326c3703d87c07b3f719b51b1eb7fb9b7d4abb
FMNoiseSaopin|jsr=0|seed=10311|center=3500|Oracle_FrFT_UpperBound,FMNoiseSaopin,0.0,10311,3500,Oracle_FrFT_UpperBound,ORACLE_DIAGNOSTIC_ONLY;NOT_FAIR;NOT_RL_ELIGIBLE,ORACLE_DIAGNOSTIC_ONLY,unified/pass,PASS,29.29308378805764,28.164742750101674,-1.1283410379559662,True,True,True,0,0,1,0,-0.913415746172999,TARGET_PRESERVED,0.9,1.0,0.09999999999999998,0.089,0.0,False,0.0,0.0,80000,8a015e3f860296dd3aca796cda326c3703d87c07b3f719b51b1eb7fb9b7d4abb
FMNoiseSaopin|jsr=0|seed=10311|center=4000|Oracle_FrFT_UpperBound,FMNoiseSaopin,0.0,10311,4000,Oracle_FrFT_UpperBound,ORACLE_DIAGNOSTIC_ONLY;NOT_FAIR;NOT_RL_ELIGIBLE,ORACLE_DIAGNOSTIC_ONLY,unified/pass,PASS,29.442155312301267,28.33794560829412,-1.1042097040071468,True,True,True,0,0,0,0,-0.913415746172999,TARGET_PRESERVED,0.9,1.0,0.09999999999999998,0.089,0.0,False,0.0,0.0,80000,8a015e3f860296dd3aca796cda326c3703d87c07b3f719b51b1eb7fb9b7d4abb
FMNoiseSaopin|jsr=0|seed=10312|center=1000|Oracle_FrFT_UpperBound,FMNoiseSaopin,0.0,10312,1000,Oracle_FrFT_UpperBound,ORACLE_DIAGNOSTIC_ONLY;NOT_FAIR;NOT_RL_ELIGIBLE,ORACLE_DIAGNOSTIC_ONLY,unified/pass,PASS,32.831196620020926,31.46114908282702,-1.370047537193905,True,True,True,0,0,1,1,-0.9134157461729969,TARGET_PRESERVED,0.9,1.0,0.09999999999999998,0.089,0.20835302825496177,False,0.0,0.0,80000,8a015e3f860296dd3aca796cda326c3703d87c07b3f719b51b1eb7fb9b7d4abb
FMNoiseSaopin|jsr=0|seed=10312|center=1500|Oracle_FrFT_UpperBound,FMNoiseSaopin,0.0,10312,1500,Oracle_FrFT_UpperBound,ORACLE_DIAGNOSTIC_ONLY;NOT_FAIR;NOT_RL_ELIGIBLE,ORACLE_DIAGNOSTIC_ONLY,unified/pass,PASS,32.78573314851912,31.507699789443507,-1.2780333590756143,True,True,True,0,0,1,2,-0.913415746172999,TARGET_PRESERVED,0.9,1.0,0.09999999999999998,0.089,0.025167891998994264,False,0.0,0.0,80000,8a015e3f860296dd3aca796cda326c3703d87c07b3f719b51b1eb7fb9b7d4abb
FMNoiseSaopin|jsr=0|seed=10312|center=2500|Oracle_FrFT_UpperBound,FMNoiseSaopin,0.0,10312,2500,Oracle_FrFT_UpperBound,ORACLE_DIAGNOSTIC_ONLY;NOT_FAIR;NOT_RL_ELIGIBLE,ORACLE_DIAGNOSTIC_ONLY,unified/pass,PASS,32.81137363425114,31.481254282626775,-1.330119351624365,True,True,True,0,0,0,0,-0.913415746172999,TARGET_PRESERVED,0.9,1.0,0.09999999999999998,0.089,0.0,False,0.0,0.0,80000,8a015e3f860296dd3aca796cda326c3703d87c07b3f719b51b1eb7fb9b7d4abb
FMNoiseSaopin|jsr=0|seed=10312|center=3500|Oracle_FrFT_UpperBound,FMNoiseSaopin,0.0,10312,3500,Oracle_FrFT_UpperBound,ORACLE_DIAGNOSTIC_ONLY;NOT_FAIR;NOT_RL_ELIGIBLE,ORACLE_DIAGNOSTIC_ONLY,unified/pass,PASS,32.77965113253717,31.441657184520725,-1.3379939480164431,True,True,True,0,0,0,0,-0.913415746172999,TARGET_PRESERVED,0.9,1.0,0.09999999999999998,0.089,0.0,False,0.0,0.0,80000,8a015e3f860296dd3aca796cda326c3703d87c07b3f719b51b1eb7fb9b7d4abb
FMNoiseSaopin|jsr=0|seed=10312|center=4000|Oracle_FrFT_UpperBound,FMNoiseSaopin,0.0,10312,4000,Oracle_FrFT_UpperBound,ORACLE_DIAGNOSTIC_ONLY;NOT_FAIR;NOT_RL_ELIGIBLE,ORACLE_DIAGNOSTIC_ONLY,unified/pass,PASS,32.77810625458706,31.41835298470779,-1.359753269879267,True,True,True,0,0,0,0,-0.913415746172999,TARGET_PRESERVED,0.9,1.0,0.09999999999999998,0.089,0.0,False,0.0,0.0,80000,8a015e3f860296dd3aca796cda326c3703d87c07b3f719b51b1eb7fb9b7d4abb
FMNoiseSaopin|jsr=0|seed=10313|center=1000|Oracle_FrFT_UpperBound,FMNoiseSaopin,0.0,10313,1000,Oracle_FrFT_UpperBound,ORACLE_DIAGNOSTIC_ONLY;NOT_FAIR;NOT_RL_ELIGIBLE,ORACLE_DIAGNOSTIC_ONLY,unified/pass,PASS,29.54898595474671,29.0874096379919,-0.46157631675480815,True,True,True,0,0,1,0,-0.9134157461729969,TARGET_PRESERVED,0.9,1.0,0.09999999999999998,0.089,0.4305239905553822,False,0.0,0.0,80000,8a015e3f860296dd3aca796cda326c3703d87c07b3f719b51b1eb7fb9b7d4abb
FMNoiseSaopin|jsr=0|seed=10313|center=1500|Oracle_FrFT_UpperBound,FMNoiseSaopin,0.0,10313,1500,Oracle_FrFT_UpperBound,ORACLE_DIAGNOSTIC_ONLY;NOT_FAIR;NOT_RL_ELIGIBLE,ORACLE_DIAGNOSTIC_ONLY,unified/pass,PASS,29.80110121756702,28.705027465247873,-1.0960737523191462,True,True,True,0,0,0,1,-0.913415746172999,TARGET_PRESERVED,0.9,1.0,0.09999999999999998,0.089,0.02419029865615635,False,0.0,0.0,80000,8a015e3f860296dd3aca796cda326c3703d87c07b3f719b51b1eb7fb9b7d4abb
FMNoiseSaopin|jsr=0|seed=10313|center=2500|Oracle_FrFT_UpperBound,FMNoiseSaopin,0.0,10313,2500,Oracle_FrFT_UpperBound,ORACLE_DIAGNOSTIC_ONLY;NOT_FAIR;NOT_RL_ELIGIBLE,ORACLE_DIAGNOSTIC_ONLY,unified/pass,PASS,29.690483710329246,28.58270162091469,-1.107782089414556,True,True,True,0,0,1,0,-0.913415746172999,TARGET_PRESERVED,0.9,1.0,0.09999999999999998,0.089,0.0,False,0.0,0.0,80000,8a015e3f860296dd3aca796cda326c3703d87c07b3f719b51b1eb7fb9b7d4abb
FMNoiseSaopin|jsr=0|seed=10313|center=3500|Oracle_FrFT_UpperBound,FMNoiseSaopin,0.0,10313,3500,Oracle_FrFT_UpperBound,ORACLE_DIAGNOSTIC_ONLY;NOT_FAIR;NOT_RL_ELIGIBLE,ORACLE_DIAGNOSTIC_ONLY,unified/pass,PASS,29.74782343869299,28.659132738212882,-1.0886907004801074,True,True,True,0,0,1,0,-0.913415746172999,TARGET_PRESERVED,0.9,1.0,0.09999999999999998,0.089,0.0,False,0.0,0.0,80000,8a015e3f860296dd3aca796cda326c3703d87c07b3f719b51b1eb7fb9b7d4abb
FMNoiseSaopin|jsr=0|seed=10313|center=4000|Oracle_FrFT_UpperBound,FMNoiseSaopin,0.0,10313,4000,Oracle_FrFT_UpperBound,ORACLE_DIAGNOSTIC_ONLY;NOT_FAIR;NOT_RL_ELIGIBLE,ORACLE_DIAGNOSTIC_ONLY,unified/pass,PASS,29.95354419904841,28.80612691876547,-1.1474172802829372,True,True,True,0,0,1,0,-0.913415746172999,TARGET_PRESERVED,0.9,1.0,0.09999999999999998,0.089,0.0,False,0.0,0.0,80000,8a015e3f860296dd3aca796cda326c3703d87c07b3f719b51b1eb7fb9b7d4abb
FMNoiseSaopin|jsr=0|seed=10314|center=1000|Oracle_FrFT_UpperBound,FMNoiseSaopin,0.0,10314,1000,Oracle_FrFT_UpperBound,ORACLE_DIAGNOSTIC_ONLY;NOT_FAIR;NOT_RL_ELIGIBLE,ORACLE_DIAGNOSTIC_ONLY,unified/pass,PASS,33.01003142560302,31.87634690635037,-1.1336845192526468,True,True,True,0,0,0,0,-0.9134157461729969,TARGET_PRESERVED,0.9,1.0,0.09999999999999998,0.089,0.18297297004495272,False,0.0,0.0,80000,8a015e3f860296dd3aca796cda326c3703d87c07b3f719b51b1eb7fb9b7d4abb
FMNoiseSaopin|jsr=0|seed=10314|center=1500|Oracle_FrFT_UpperBound,FMNoiseSaopin,0.0,10314,1500,Oracle_FrFT_UpperBound,ORACLE_DIAGNOSTIC_ONLY;NOT_FAIR;NOT_RL_ELIGIBLE,ORACLE_DIAGNOSTIC_ONLY,unified/pass,PASS,32.713329176079384,31.377772750649715,-1.3355564254296688,True,True,True,0,0,0,0,-0.913415746172999,TARGET_PRESERVED,0.9,1.0,0.09999999999999998,0.089,0.024949936403463845,False,0.0,0.0,80000,8a015e3f860296dd3aca796cda326c3703d87c07b3f719b51b1eb7fb9b7d4abb
FMNoiseSaopin|jsr=0|seed=10314|center=2500|Oracle_FrFT_UpperBound,FMNoiseSaopin,0.0,10314,2500,Oracle_FrFT_UpperBound,ORACLE_DIAGNOSTIC_ONLY;NOT_FAIR;NOT_RL_ELIGIBLE,ORACLE_DIAGNOSTIC_ONLY,unified/pass,PASS,32.76657174278024,31.43096616748476,-1.3356055752954852,True,True,True,0,0,1,0,-0.913415746172999,TARGET_PRESERVED,0.9,1.0,0.09999999999999998,0.089,0.0,False,0.0,0.0,80000,8a015e3f860296dd3aca796cda326c3703d87c07b3f719b51b1eb7fb9b7d4abb
FMNoiseSaopin|jsr=0|seed=10314|center=3500|Oracle_FrFT_UpperBound,FMNoiseSaopin,0.0,10314,3500,Oracle_FrFT_UpperBound,ORACLE_DIAGNOSTIC_ONLY;NOT_FAIR;NOT_RL_ELIGIBLE,ORACLE_DIAGNOSTIC_ONLY,unified/pass,PASS,32.78288043007735,31.463358186805436,-1.319522243271912,True,True,True,0,0,1,0,-0.913415746172999,TARGET_PRESERVED,0.9,1.0,0.09999999999999998,0.089,0.0,False,0.0,0.0,80000,8a015e3f860296dd3aca796cda326c3703d87c07b3f719b51b1eb7fb9b7d4abb
FMNoiseSaopin|jsr=0|seed=10314|center=4000|Oracle_FrFT_UpperBound,FMNoiseSaopin,0.0,10314,4000,Oracle_FrFT_UpperBound,ORACLE_DIAGNOSTIC_ONLY;NOT_FAIR;NOT_RL_ELIGIBLE,ORACLE_DIAGNOSTIC_ONLY,unified/pass,PASS,32.732249682946296,31.400556778778743,-1.3316929041675536,True,True,True,0,0,0,0,-0.913415746172999,TARGET_PRESERVED,0.9,1.0,0.09999999999999998,0.089,0.0,False,0.0,0.0,80000,8a015e3f860296dd3aca796cda326c3703d87c07b3f719b51b1eb7fb9b7d4abb
FMNoiseSaopin|jsr=0|seed=10315|center=1000|Oracle_FrFT_UpperBound,FMNoiseSaopin,0.0,10315,1000,Oracle_FrFT_UpperBound,ORACLE_DIAGNOSTIC_ONLY;NOT_FAIR;NOT_RL_ELIGIBLE,ORACLE_DIAGNOSTIC_ONLY,unified/pass,PASS,30.24656808150128,29.615872668520904,-0.6306954129803763,True,True,True,0,0,0,0,-0.9134157461729969,TARGET_PRESERVED,0.9,1.0,0.09999999999999998,0.089,0.4068706093018584,False,0.0,0.0,80000,8a015e3f860296dd3aca796cda326c3703d87c07b3f719b51b1eb7fb9b7d4abb
FMNoiseSaopin|jsr=0|seed=10315|center=1500|Oracle_FrFT_UpperBound,FMNoiseSaopin,0.0,10315,1500,Oracle_FrFT_UpperBound,ORACLE_DIAGNOSTIC_ONLY;NOT_FAIR;NOT_RL_ELIGIBLE,ORACLE_DIAGNOSTIC_ONLY,unified/pass,PASS,29.988961995896688,28.836979860158717,-1.1519821357379705,True,True,True,0,0,0,0,-0.913415746172999,TARGET_PRESERVED,0.9,1.0,0.09999999999999998,0.089,0.027478308665825957,False,0.0,0.0,80000,8a015e3f860296dd3aca796cda326c3703d87c07b3f719b51b1eb7fb9b7d4abb
FMNoiseSaopin|jsr=0|seed=10315|center=2500|Oracle_FrFT_UpperBound,FMNoiseSaopin,0.0,10315,2500,Oracle_FrFT_UpperBound,ORACLE_DIAGNOSTIC_ONLY;NOT_FAIR;NOT_RL_ELIGIBLE,ORACLE_DIAGNOSTIC_ONLY,unified/pass,PASS,30.205674404257692,29.06950771441658,-1.1361666898411116,True,True,True,0,0,0,0,-0.913415746172999,TARGET_PRESERVED,0.9,1.0,0.09999999999999998,0.089,0.0,False,0.0,0.0,80000,8a015e3f860296dd3aca796cda326c3703d87c07b3f719b51b1eb7fb9b7d4abb
FMNoiseSaopin|jsr=0|seed=10315|center=3500|Oracle_FrFT_UpperBound,FMNoiseSaopin,0.0,10315,3500,Oracle_FrFT_UpperBound,ORACLE_DIAGNOSTIC_ONLY;NOT_FAIR;NOT_RL_ELIGIBLE,ORACLE_DIAGNOSTIC_ONLY,unified/pass,PASS,29.957234890368788,28.835164832436504,-1.1220700579322838,True,True,True,0,0,0,0,-0.913415746172999,TARGET_PRESERVED,0.9,1.0,0.09999999999999998,0.089,0.0,False,0.0,0.0,80000,8a015e3f860296dd3aca796cda326c3703d87c07b3f719b51b1eb7fb9b7d4abb
FMNoiseSaopin|jsr=0|seed=10315|center=4000|Oracle_FrFT_UpperBound,FMNoiseSaopin,0.0,10315,4000,Oracle_FrFT_UpperBound,ORACLE_DIAGNOSTIC_ONLY;NOT_FAIR;NOT_RL_ELIGIBLE,ORACLE_DIAGNOSTIC_ONLY,unified/pass,PASS,30.1302795745801,28.99079335607648,-1.1394862185036203,True,True,True,0,0,0,0,-0.913415746172999,TARGET_PRESERVED,0.9,1.0,0.09999999999999998,0.089,0.0,False,0.0,0.0,80000,8a015e3f860296dd3aca796cda326c3703d87c07b3f719b51b1eb7fb9b7d4abb
FMNoiseSaopin|jsr=0|seed=10316|center=1000|Oracle_FrFT_UpperBound,FMNoiseSaopin,0.0,10316,1000,Oracle_FrFT_UpperBound,ORACLE_DIAGNOSTIC_ONLY;NOT_FAIR;NOT_RL_ELIGIBLE,ORACLE_DIAGNOSTIC_ONLY,unified/pass,PASS,29.678396919389428,28.79401422974741,-0.8843826896420168,True,True,True,0,0,1,1,-0.9134157461729969,TARGET_PRESERVED,0.9,1.0,0.09999999999999998,0.089,0.5035699141144044,False,0.0,0.0,80000,8a015e3f860296dd3aca796cda326c3703d87c07b3f719b51b1eb7fb9b7d4abb
FMNoiseSaopin|jsr=0|seed=10316|center=1500|Oracle_FrFT_UpperBound,FMNoiseSaopin,0.0,10316,1500,Oracle_FrFT_UpperBound,ORACLE_DIAGNOSTIC_ONLY;NOT_FAIR;NOT_RL_ELIGIBLE,ORACLE_DIAGNOSTIC_ONLY,unified/pass,PASS,29.430815401489696,28.313510694416802,-1.1173047070728934,True,True,True,0,0,1,0,-0.913415746172999,TARGET_PRESERVED,0.9,1.0,0.09999999999999998,0.089,0.04845604826037547,False,0.0,0.0,80000,8a015e3f860296dd3aca796cda326c3703d87c07b3f719b51b1eb7fb9b7d4abb
FMNoiseSaopin|jsr=0|seed=10316|center=2500|Oracle_FrFT_UpperBound,FMNoiseSaopin,0.0,10316,2500,Oracle_FrFT_UpperBound,ORACLE_DIAGNOSTIC_ONLY;NOT_FAIR;NOT_RL_ELIGIBLE,ORACLE_DIAGNOSTIC_ONLY,unified/pass,PASS,29.517283980590825,28.382253746501572,-1.1350302340892533,True,True,True,0,0,1,0,-0.913415746172999,TARGET_PRESERVED,0.9,1.0,0.09999999999999998,0.089,0.0,False,0.0,0.0,80000,8a015e3f860296dd3aca796cda326c3703d87c07b3f719b51b1eb7fb9b7d4abb
FMNoiseSaopin|jsr=0|seed=10316|center=3500|Oracle_FrFT_UpperBound,FMNoiseSaopin,0.0,10316,3500,Oracle_FrFT_UpperBound,ORACLE_DIAGNOSTIC_ONLY;NOT_FAIR;NOT_RL_ELIGIBLE,ORACLE_DIAGNOSTIC_ONLY,unified/pass,PASS,29.486434493369195,28.35911769682566,-1.1273167965435356,True,True,True,0,0,1,1,-0.913415746172999,TARGET_PRESERVED,0.9,1.0,0.09999999999999998,0.089,0.0,False,0.0,0.0,80000,8a015e3f860296dd3aca796cda326c3703d87c07b3f719b51b1eb7fb9b7d4abb
FMNoiseSaopin|jsr=0|seed=10316|center=4000|Oracle_FrFT_UpperBound,FMNoiseSaopin,0.0,10316,4000,Oracle_FrFT_UpperBound,ORACLE_DIAGNOSTIC_ONLY;NOT_FAIR;NOT_RL_ELIGIBLE,ORACLE_DIAGNOSTIC_ONLY,unified/pass,PASS,29.504707982203687,28.378066657991923,-1.1266413242117643,True,True,True,0,0,2,1,-0.913415746172999,TARGET_PRESERVED,0.9,1.0,0.09999999999999998,0.089,0.0,False,0.0,0.0,80000,8a015e3f860296dd3aca796cda326c3703d87c07b3f719b51b1eb7fb9b7d4abb
FMNoiseSaopin|jsr=0|seed=10317|center=1000|Oracle_FrFT_UpperBound,FMNoiseSaopin,0.0,10317,1000,Oracle_FrFT_UpperBound,ORACLE_DIAGNOSTIC_ONLY;NOT_FAIR;NOT_RL_ELIGIBLE,ORACLE_DIAGNOSTIC_ONLY,unified/pass,PASS,32.96421510226773,31.701452595991867,-1.2627625062758625,True,True,True,0,0,1,1,-0.9134157461729969,TARGET_PRESERVED,0.9,1.0,0.09999999999999998,0.089,0.20209030533298436,False,0.0,0.0,80000,8a015e3f860296dd3aca796cda326c3703d87c07b3f719b51b1eb7fb9b7d4abb
FMNoiseSaopin|jsr=0|seed=10317|center=1500|Oracle_FrFT_UpperBound,FMNoiseSaopin,0.0,10317,1500,Oracle_FrFT_UpperBound,ORACLE_DIAGNOSTIC_ONLY;NOT_FAIR;NOT_RL_ELIGIBLE,ORACLE_DIAGNOSTIC_ONLY,unified/pass,PASS,32.92333397783777,31.603949997717944,-1.3193839801198273,True,True,True,0,0,0,0,-0.913415746172999,TARGET_PRESERVED,0.9,1.0,0.09999999999999998,0.089,0.02542125296813817,False,0.0,0.0,80000,8a015e3f860296dd3aca796cda326c3703d87c07b3f719b51b1eb7fb9b7d4abb
FMNoiseSaopin|jsr=0|seed=10317|center=2500|Oracle_FrFT_UpperBound,FMNoiseSaopin,0.0,10317,2500,Oracle_FrFT_UpperBound,ORACLE_DIAGNOSTIC_ONLY;NOT_FAIR;NOT_RL_ELIGIBLE,ORACLE_DIAGNOSTIC_ONLY,unified/pass,PASS,32.973180651548326,31.625516485290945,-1.3476641662573812,True,True,True,0,0,0,0,-0.913415746172999,TARGET_PRESERVED,0.9,1.0,0.09999999999999998,0.089,0.0,False,0.0,0.0,80000,8a015e3f860296dd3aca796cda326c3703d87c07b3f719b51b1eb7fb9b7d4abb
FMNoiseSaopin|jsr=0|seed=10317|center=3500|Oracle_FrFT_UpperBound,FMNoiseSaopin,0.0,10317,3500,Oracle_FrFT_UpperBound,ORACLE_DIAGNOSTIC_ONLY;NOT_FAIR;NOT_RL_ELIGIBLE,ORACLE_DIAGNOSTIC_ONLY,unified/pass,PASS,32.8502494587977,31.45742564712387,-1.3928238116738285,True,True,True,0,0,1,2,-0.913415746172999,TARGET_PRESERVED,0.9,1.0,0.09999999999999998,0.089,0.0,False,0.0,0.0,80000,8a015e3f860296dd3aca796cda326c3703d87c07b3f719b51b1eb7fb9b7d4abb
FMNoiseSaopin|jsr=0|seed=10317|center=4000|Oracle_FrFT_UpperBound,FMNoiseSaopin,0.0,10317,4000,Oracle_FrFT_UpperBound,ORACLE_DIAGNOSTIC_ONLY;NOT_FAIR;NOT_RL_ELIGIBLE,ORACLE_DIAGNOSTIC_ONLY,unified/pass,PASS,32.87912352740622,31.514499014564464,-1.3646245128417576,True,True,True,0,0,1,1,-0.913415746172999,TARGET_PRESERVED,0.9,1.0,0.09999999999999998,0.089,0.0,False,0.0,0.0,80000,8a015e3f860296dd3aca796cda326c3703d87c07b3f719b51b1eb7fb9b7d4abb
FMNoiseSaopin|jsr=0|seed=10318|center=1000|Oracle_FrFT_UpperBound,FMNoiseSaopin,0.0,10318,1000,Oracle_FrFT_UpperBound,ORACLE_DIAGNOSTIC_ONLY;NOT_FAIR;NOT_RL_ELIGIBLE,ORACLE_DIAGNOSTIC_ONLY,unified/pass,PASS,29.717554896652093,29.22050635363737,-0.49704854301472423,True,True,True,0,0,1,0,-0.9134157461729969,TARGET_PRESERVED,0.9,1.0,0.09999999999999998,0.089,0.42089254481769256,False,0.0,0.0,80000,8a015e3f860296dd3aca796cda326c3703d87c07b3f719b51b1eb7fb9b7d4abb
FMNoiseSaopin|jsr=0|seed=10318|center=1500|Oracle_FrFT_UpperBound,FMNoiseSaopin,0.0,10318,1500,Oracle_FrFT_UpperBound,ORACLE_DIAGNOSTIC_ONLY;NOT_FAIR;NOT_RL_ELIGIBLE,ORACLE_DIAGNOSTIC_ONLY,unified/pass,PASS,29.896306752042957,28.76708129259856,-1.1292254594443953,True,True,True,0,0,1,0,-0.913415746172999,TARGET_PRESERVED,0.9,1.0,0.09999999999999998,0.089,0.03320326083121348,False,0.0,0.0,80000,8a015e3f860296dd3aca796cda326c3703d87c07b3f719b51b1eb7fb9b7d4abb
FMNoiseSaopin|jsr=0|seed=10318|center=2500|Oracle_FrFT_UpperBound,FMNoiseSaopin,0.0,10318,2500,Oracle_FrFT_UpperBound,ORACLE_DIAGNOSTIC_ONLY;NOT_FAIR;NOT_RL_ELIGIBLE,ORACLE_DIAGNOSTIC_ONLY,unified/pass,PASS,29.861369741743236,28.714569642122697,-1.1468000996205383,True,True,True,0,0,1,1,-0.913415746172999,TARGET_PRESERVED,0.9,1.0,0.09999999999999998,0.089,0.0,False,0.0,0.0,80000,8a015e3f860296dd3aca796cda326c3703d87c07b3f719b51b1eb7fb9b7d4abb
FMNoiseSaopin|jsr=0|seed=10318|center=3500|Oracle_FrFT_UpperBound,FMNoiseSaopin,0.0,10318,3500,Oracle_FrFT_UpperBound,ORACLE_DIAGNOSTIC_ONLY;NOT_FAIR;NOT_RL_ELIGIBLE,ORACLE_DIAGNOSTIC_ONLY,unified/pass,PASS,29.994615093731717,28.82842132918509,-1.1661937645466267,True,True,True,0,0,3,2,-0.913415746172999,TARGET_PRESERVED,0.9,1.0,0.09999999999999998,0.089,0.0,False,0.0,0.0,80000,8a015e3f860296dd3aca796cda326c3703d87c07b3f719b51b1eb7fb9b7d4abb
FMNoiseSaopin|jsr=0|seed=10318|center=4000|Oracle_FrFT_UpperBound,FMNoiseSaopin,0.0,10318,4000,Oracle_FrFT_UpperBound,ORACLE_DIAGNOSTIC_ONLY;NOT_FAIR;NOT_RL_ELIGIBLE,ORACLE_DIAGNOSTIC_ONLY,unified/pass,PASS,29.932381596042262,28.77142836092581,-1.1609532351164518,True,True,True,0,0,2,2,-0.913415746172999,TARGET_PRESERVED,0.9,1.0,0.09999999999999998,0.089,0.0,False,0.0,0.0,80000,8a015e3f860296dd3aca796cda326c3703d87c07b3f719b51b1eb7fb9b7d4abb
FMNoiseSaopin|jsr=0|seed=10319|center=1000|Oracle_FrFT_UpperBound,FMNoiseSaopin,0.0,10319,1000,Oracle_FrFT_UpperBound,ORACLE_DIAGNOSTIC_ONLY;NOT_FAIR;NOT_RL_ELIGIBLE,ORACLE_DIAGNOSTIC_ONLY,unified/pass,PASS,33.298461436833456,32.5339801283739,-0.7644813084595583,True,True,True,0,0,1,1,-0.9134157461729969,TARGET_PRESERVED,0.9,1.0,0.09999999999999998,0.089,0.1567137009929572,False,0.0,0.0,80000,8a015e3f860296dd3aca796cda326c3703d87c07b3f719b51b1eb7fb9b7d4abb
FMNoiseSaopin|jsr=0|seed=10319|center=1500|Oracle_FrFT_UpperBound,FMNoiseSaopin,0.0,10319,1500,Oracle_FrFT_UpperBound,ORACLE_DIAGNOSTIC_ONLY;NOT_FAIR;NOT_RL_ELIGIBLE,ORACLE_DIAGNOSTIC_ONLY,unified/pass,PASS,33.13503254871162,31.780635414962415,-1.354397133749206,True,True,True,0,0,1,1,-0.913415746172999,TARGET_PRESERVED,0.9,1.0,0.09999999999999998,0.089,0.02496575890323473,False,0.0,0.0,80000,8a015e3f860296dd3aca796cda326c3703d87c07b3f719b51b1eb7fb9b7d4abb
FMNoiseSaopin|jsr=0|seed=10319|center=2500|Oracle_FrFT_UpperBound,FMNoiseSaopin,0.0,10319,2500,Oracle_FrFT_UpperBound,ORACLE_DIAGNOSTIC_ONLY;NOT_FAIR;NOT_RL_ELIGIBLE,ORACLE_DIAGNOSTIC_ONLY,unified/pass,PASS,32.977666812560365,31.605580673358613,-1.3720861392017518,True,True,True,0,0,0,0,-0.913415746172999,TARGET_PRESERVED,0.9,1.0,0.09999999999999998,0.089,0.0,False,0.0,0.0,80000,8a015e3f860296dd3aca796cda326c3703d87c07b3f719b51b1eb7fb9b7d4abb
FMNoiseSaopin|jsr=0|seed=10319|center=3500|Oracle_FrFT_UpperBound,FMNoiseSaopin,0.0,10319,3500,Oracle_FrFT_UpperBound,ORACLE_DIAGNOSTIC_ONLY;NOT_FAIR;NOT_RL_ELIGIBLE,ORACLE_DIAGNOSTIC_ONLY,unified/pass,PASS,33.09343437989759,31.72720841642983,-1.366225963467759,True,True,True,0,0,0,0,-0.913415746172999,TARGET_PRESERVED,0.9,1.0,0.09999999999999998,0.089,0.0,False,0.0,0.0,80000,8a015e3f860296dd3aca796cda326c3703d87c07b3f719b51b1eb7fb9b7d4abb
FMNoiseSaopin|jsr=0|seed=10319|center=4000|Oracle_FrFT_UpperBound,FMNoiseSaopin,0.0,10319,4000,Oracle_FrFT_UpperBound,ORACLE_DIAGNOSTIC_ONLY;NOT_FAIR;NOT_RL_ELIGIBLE,ORACLE_DIAGNOSTIC_ONLY,unified/pass,PASS,32.97481381720358,31.63352986418233,-1.3412839530212537,True,True,True,0,0,1,1,-0.913415746172999,TARGET_PRESERVED,0.9,1.0,0.09999999999999998,0.089,0.0,False,0.0,0.0,80000,8a015e3f860296dd3aca796cda326c3703d87c07b3f719b51b1eb7fb9b7d4abb
FMNoiseSaopin|jsr=0|seed=10320|center=1000|Oracle_FrFT_UpperBound,FMNoiseSaopin,0.0,10320,1000,Oracle_FrFT_UpperBound,ORACLE_DIAGNOSTIC_ONLY;NOT_FAIR;NOT_RL_ELIGIBLE,ORACLE_DIAGNOSTIC_ONLY,unified/pass,PASS,37.17463429927953,35.196602912742314,-1.9780313865372179,True,True,True,0,0,0,0,-0.9134157461729969,TARGET_PRESERVED,0.9,1.0,0.09999999999999998,0.089,0.040604764463167,False,0.0,0.0,80000,8a015e3f860296dd3aca796cda326c3703d87c07b3f719b51b1eb7fb9b7d4abb
FMNoiseSaopin|jsr=0|seed=10320|center=1500|Oracle_FrFT_UpperBound,FMNoiseSaopin,0.0,10320,1500,Oracle_FrFT_UpperBound,ORACLE_DIAGNOSTIC_ONLY;NOT_FAIR;NOT_RL_ELIGIBLE,ORACLE_DIAGNOSTIC_ONLY,unified/pass,PASS,36.8479879867508,34.98597562041378,-1.8620123663370194,True,True,True,0,0,1,0,-0.913415746172999,TARGET_PRESERVED,0.9,1.0,0.09999999999999998,0.089,0.022642165498946994,False,0.0,0.0,80000,8a015e3f860296dd3aca796cda326c3703d87c07b3f719b51b1eb7fb9b7d4abb
FMNoiseSaopin|jsr=0|seed=10320|center=2500|Oracle_FrFT_UpperBound,FMNoiseSaopin,0.0,10320,2500,Oracle_FrFT_UpperBound,ORACLE_DIAGNOSTIC_ONLY;NOT_FAIR;NOT_RL_ELIGIBLE,ORACLE_DIAGNOSTIC_ONLY,unified/pass,PASS,36.68756618272336,34.879916353121246,-1.8076498296021128,True,True,True,0,0,1,0,-0.913415746172999,TARGET_PRESERVED,0.9,1.0,0.09999999999999998,0.089,0.0,False,0.0,0.0,80000,8a015e3f860296dd3aca796cda326c3703d87c07b3f719b51b1eb7fb9b7d4abb
FMNoiseSaopin|jsr=0|seed=10320|center=3500|Oracle_FrFT_UpperBound,FMNoiseSaopin,0.0,10320,3500,Oracle_FrFT_UpperBound,ORACLE_DIAGNOSTIC_ONLY;NOT_FAIR;NOT_RL_ELIGIBLE,ORACLE_DIAGNOSTIC_ONLY,unified/pass,PASS,37.523963351510766,35.37448718173516,-2.1494761697756033,True,True,True,0,0,0,0,-0.913415746172999,TARGET_PRESERVED,0.9,1.0,0.09999999999999998,0.089,0.0,False,0.0,0.0,80000,8a015e3f860296dd3aca796cda326c3703d87c07b3f719b51b1eb7fb9b7d4abb
FMNoiseSaopin|jsr=0|seed=10320|center=4000|Oracle_FrFT_UpperBound,FMNoiseSaopin,0.0,10320,4000,Oracle_FrFT_UpperBound,ORACLE_DIAGNOSTIC_ONLY;NOT_FAIR;NOT_RL_ELIGIBLE,ORACLE_DIAGNOSTIC_ONLY,unified/pass,PASS,37.24965544429698,35.202696134066265,-2.0469593102307115,True,True,True,0,0,0,0,-0.913415746172999,TARGET_PRESERVED,0.9,1.0,0.09999999999999998,0.089,0.0,False,0.0,0.0,80000,8a015e3f860296dd3aca796cda326c3703d87c07b3f719b51b1eb7fb9b7d4abb
FMNoiseSaopin|jsr=0|seed=10321|center=1000|Oracle_FrFT_UpperBound,FMNoiseSaopin,0.0,10321,1000,Oracle_FrFT_UpperBound,ORACLE_DIAGNOSTIC_ONLY;NOT_FAIR;NOT_RL_ELIGIBLE,ORACLE_DIAGNOSTIC_ONLY,unified/pass,PASS,30.1729578460216,29.62194092213201,-0.5510169238895912,True,True,True,0,0,2,2,-0.9134157461729969,TARGET_PRESERVED,0.9,1.0,0.09999999999999998,0.089,0.4175716926390235,False,0.0,0.0,80000,8a015e3f860296dd3aca796cda326c3703d87c07b3f719b51b1eb7fb9b7d4abb
FMNoiseSaopin|jsr=0|seed=10321|center=1500|Oracle_FrFT_UpperBound,FMNoiseSaopin,0.0,10321,1500,Oracle_FrFT_UpperBound,ORACLE_DIAGNOSTIC_ONLY;NOT_FAIR;NOT_RL_ELIGIBLE,ORACLE_DIAGNOSTIC_ONLY,unified/pass,PASS,30.039894840951202,28.895848555566577,-1.1440462853846256,True,True,True,0,0,2,2,-0.913415746172999,TARGET_PRESERVED,0.9,1.0,0.09999999999999998,0.089,0.027774023328947205,False,0.0,0.0,80000,8a015e3f860296dd3aca796cda326c3703d87c07b3f719b51b1eb7fb9b7d4abb
FMNoiseSaopin|jsr=0|seed=10321|center=2500|Oracle_FrFT_UpperBound,FMNoiseSaopin,0.0,10321,2500,Oracle_FrFT_UpperBound,ORACLE_DIAGNOSTIC_ONLY;NOT_FAIR;NOT_RL_ELIGIBLE,ORACLE_DIAGNOSTIC_ONLY,unified/pass,PASS,30.15323048719773,29.033417100789794,-1.1198133864079374,True,True,True,0,0,1,1,-0.913415746172999,TARGET_PRESERVED,0.9,1.0,0.09999999999999998,0.089,0.0,False,0.0,0.0,80000,8a015e3f860296dd3aca796cda326c3703d87c07b3f719b51b1eb7fb9b7d4abb
FMNoiseSaopin|jsr=0|seed=10321|center=3500|Oracle_FrFT_UpperBound,FMNoiseSaopin,0.0,10321,3500,Oracle_FrFT_UpperBound,ORACLE_DIAGNOSTIC_ONLY;NOT_FAIR;NOT_RL_ELIGIBLE,ORACLE_DIAGNOSTIC_ONLY,unified/pass,PASS,30.02107960595039,28.920308453344333,-1.1007711526060575,True,True,True,0,0,1,0,-0.913415746172999,TARGET_PRESERVED,0.9,1.0,0.09999999999999998,0.089,0.0,False,0.0,0.0,80000,8a015e3f860296dd3aca796cda326c3703d87c07b3f719b51b1eb7fb9b7d4abb
FMNoiseSaopin|jsr=0|seed=10321|center=4000|Oracle_FrFT_UpperBound,FMNoiseSaopin,0.0,10321,4000,Oracle_FrFT_UpperBound,ORACLE_DIAGNOSTIC_ONLY;NOT_FAIR;NOT_RL_ELIGIBLE,ORACLE_DIAGNOSTIC_ONLY,unified/pass,PASS,30.034138278760402,28.94189675366406,-1.092241525096341,True,True,True,0,0,0,0,-0.913415746172999,TARGET_PRESERVED,0.9,1.0,0.09999999999999998,0.089,0.0,False,0.0,0.0,80000,8a015e3f860296dd3aca796cda326c3703d87c07b3f719b51b1eb7fb9b7d4abb
FMNoiseSaopin|jsr=0|seed=10322|center=1000|Oracle_FrFT_UpperBound,FMNoiseSaopin,0.0,10322,1000,Oracle_FrFT_UpperBound,ORACLE_DIAGNOSTIC_ONLY;NOT_FAIR;NOT_RL_ELIGIBLE,ORACLE_DIAGNOSTIC_ONLY,unified/pass,PASS,36.92719476192315,35.028519065917564,-1.8986756960055828,True,True,True,0,0,1,1,-0.9134157461729969,TARGET_PRESERVED,0.9,1.0,0.09999999999999998,0.089,0.03816731855212064,False,0.0,0.0,80000,8a015e3f860296dd3aca796cda326c3703d87c07b3f719b51b1eb7fb9b7d4abb
FMNoiseSaopin|jsr=0|seed=10322|center=1500|Oracle_FrFT_UpperBound,FMNoiseSaopin,0.0,10322,1500,Oracle_FrFT_UpperBound,ORACLE_DIAGNOSTIC_ONLY;NOT_FAIR;NOT_RL_ELIGIBLE,ORACLE_DIAGNOSTIC_ONLY,unified/pass,PASS,37.015183526504714,34.989465378885114,-2.0257181476195996,True,True,True,0,0,1,1,-0.913415746172999,TARGET_PRESERVED,0.9,1.0,0.09999999999999998,0.089,0.023125542627455233,False,0.0,0.0,80000,8a015e3f860296dd3aca796cda326c3703d87c07b3f719b51b1eb7fb9b7d4abb
FMNoiseSaopin|jsr=0|seed=10322|center=2500|Oracle_FrFT_UpperBound,FMNoiseSaopin,0.0,10322,2500,Oracle_FrFT_UpperBound,ORACLE_DIAGNOSTIC_ONLY;NOT_FAIR;NOT_RL_ELIGIBLE,ORACLE_DIAGNOSTIC_ONLY,unified/pass,PASS,37.01602747135866,35.026800861761856,-1.9892266095968054,True,True,True,0,0,1,1,-0.913415746172999,TARGET_PRESERVED,0.9,1.0,0.09999999999999998,0.089,0.0,False,0.0,0.0,80000,8a015e3f860296dd3aca796cda326c3703d87c07b3f719b51b1eb7fb9b7d4abb
FMNoiseSaopin|jsr=0|seed=10322|center=3500|Oracle_FrFT_UpperBound,FMNoiseSaopin,0.0,10322,3500,Oracle_FrFT_UpperBound,ORACLE_DIAGNOSTIC_ONLY;NOT_FAIR;NOT_RL_ELIGIBLE,ORACLE_DIAGNOSTIC_ONLY,unified/pass,PASS,37.042757317905206,35.08578270134473,-1.9569746165604727,True,True,True,0,0,0,1,-0.913415746172999,TARGET_PRESERVED,0.9,1.0,0.09999999999999998,0.089,0.0,False,0.0,0.0,80000,8a015e3f860296dd3aca796cda326c3703d87c07b3f719b51b1eb7fb9b7d4abb
FMNoiseSaopin|jsr=0|seed=10322|center=4000|Oracle_FrFT_UpperBound,FMNoiseSaopin,0.0,10322,4000,Oracle_FrFT_UpperBound,ORACLE_DIAGNOSTIC_ONLY;NOT_FAIR;NOT_RL_ELIGIBLE,ORACLE_DIAGNOSTIC_ONLY,unified/pass,PASS,36.8943780627999,34.9640710942893,-1.9303069685105996,True,True,True,0,0,0,0,-0.913415746172999,TARGET_PRESERVED,0.9,1.0,0.09999999999999998,0.089,0.0,False,0.0,0.0,80000,8a015e3f860296dd3aca796cda326c3703d87c07b3f719b51b1eb7fb9b7d4abb
FMNoiseSaopin|jsr=0|seed=10323|center=1000|Oracle_FrFT_UpperBound,FMNoiseSaopin,0.0,10323,1000,Oracle_FrFT_UpperBound,ORACLE_DIAGNOSTIC_ONLY;NOT_FAIR;NOT_RL_ELIGIBLE,ORACLE_DIAGNOSTIC_ONLY,unified/pass,PASS,32.79050222055188,31.502214107548447,-1.288288113003432,True,True,True,0,0,0,0,-0.9134157461729969,TARGET_PRESERVED,0.9,1.0,0.09999999999999998,0.089,0.19854202182722655,False,0.0,0.0,80000,8a015e3f860296dd3aca796cda326c3703d87c07b3f719b51b1eb7fb9b7d4abb
FMNoiseSaopin|jsr=0|seed=10323|center=1500|Oracle_FrFT_UpperBound,FMNoiseSaopin,0.0,10323,1500,Oracle_FrFT_UpperBound,ORACLE_DIAGNOSTIC_ONLY;NOT_FAIR;NOT_RL_ELIGIBLE,ORACLE_DIAGNOSTIC_ONLY,unified/pass,PASS,32.84156474870915,31.438173344276287,-1.4033914044328668,True,True,True,0,0,0,1,-0.913415746172999,TARGET_PRESERVED,0.9,1.0,0.09999999999999998,0.089,0.025218200899214713,False,0.0,0.0,80000,8a015e3f860296dd3aca796cda326c3703d87c07b3f719b51b1eb7fb9b7d4abb
FMNoiseSaopin|jsr=0|seed=10323|center=2500|Oracle_FrFT_UpperBound,FMNoiseSaopin,0.0,10323,2500,Oracle_FrFT_UpperBound,ORACLE_DIAGNOSTIC_ONLY;NOT_FAIR;NOT_RL_ELIGIBLE,ORACLE_DIAGNOSTIC_ONLY,unified/pass,PASS,32.71793182150987,31.378563534747265,-1.3393682867626069,True,True,True,0,0,0,0,-0.913415746172999,TARGET_PRESERVED,0.9,1.0,0.09999999999999998,0.089,0.0,False,0.0,0.0,80000,8a015e3f860296dd3aca796cda326c3703d87c07b3f719b51b1eb7fb9b7d4abb
FMNoiseSaopin|jsr=0|seed=10323|center=3500|Oracle_FrFT_UpperBound,FMNoiseSaopin,0.0,10323,3500,Oracle_FrFT_UpperBound,ORACLE_DIAGNOSTIC_ONLY;NOT_FAIR;NOT_RL_ELIGIBLE,ORACLE_DIAGNOSTIC_ONLY,unified/pass,PASS,32.71835830395611,31.33938293713043,-1.378975366825678,True,True,True,0,0,0,0,-0.913415746172999,TARGET_PRESERVED,0.9,1.0,0.09999999999999998,0.089,0.0,False,0.0,0.0,80000,8a015e3f860296dd3aca796cda326c3703d87c07b3f719b51b1eb7fb9b7d4abb
FMNoiseSaopin|jsr=0|seed=10323|center=4000|Oracle_FrFT_UpperBound,FMNoiseSaopin,0.0,10323,4000,Oracle_FrFT_UpperBound,ORACLE_DIAGNOSTIC_ONLY;NOT_FAIR;NOT_RL_ELIGIBLE,ORACLE_DIAGNOSTIC_ONLY,unified/pass,PASS,32.8084102306798,31.457887821575646,-1.3505224091041512,True,True,True,0,0,0,0,-0.913415746172999,TARGET_PRESERVED,0.9,1.0,0.09999999999999998,0.089,0.0,False,0.0,0.0,80000,8a015e3f860296dd3aca796cda326c3703d87c07b3f719b51b1eb7fb9b7d4abb
FMNoiseSaopin|jsr=0|seed=10324|center=1000|Oracle_FrFT_UpperBound,FMNoiseSaopin,0.0,10324,1000,Oracle_FrFT_UpperBound,ORACLE_DIAGNOSTIC_ONLY;NOT_FAIR;NOT_RL_ELIGIBLE,ORACLE_DIAGNOSTIC_ONLY,unified/pass,PASS,29.768176950789215,29.117524801119398,-0.650652149669817,True,True,True,0,0,0,0,-0.9134157461729969,TARGET_PRESERVED,0.9,1.0,0.09999999999999998,0.089,0.44467054555345914,False,0.0,0.0,80000,8a015e3f860296dd3aca796cda326c3703d87c07b3f719b51b1eb7fb9b7d4abb
FMNoiseSaopin|jsr=0|seed=10324|center=1500|Oracle_FrFT_UpperBound,FMNoiseSaopin,0.0,10324,1500,Oracle_FrFT_UpperBound,ORACLE_DIAGNOSTIC_ONLY;NOT_FAIR;NOT_RL_ELIGIBLE,ORACLE_DIAGNOSTIC_ONLY,unified/pass,PASS,29.9368818866439,28.811017510405712,-1.1258643762381872,True,True,True,0,0,0,0,-0.913415746172999,TARGET_PRESERVED,0.9,1.0,0.09999999999999998,0.089,0.03697128270023517,False,0.0,0.0,80000,8a015e3f860296dd3aca796cda326c3703d87c07b3f719b51b1eb7fb9b7d4abb
FMNoiseSaopin|jsr=0|seed=10324|center=2500|Oracle_FrFT_UpperBound,FMNoiseSaopin,0.0,10324,2500,Oracle_FrFT_UpperBound,ORACLE_DIAGNOSTIC_ONLY;NOT_FAIR;NOT_RL_ELIGIBLE,ORACLE_DIAGNOSTIC_ONLY,unified/pass,PASS,29.90481425833714,28.781001287311337,-1.123812971025803,True,True,True,0,0,0,0,-0.913415746172999,TARGET_PRESERVED,0.9,1.0,0.09999999999999998,0.089,0.0,False,0.0,0.0,80000,8a015e3f860296dd3aca796cda326c3703d87c07b3f719b51b1eb7fb9b7d4abb
FMNoiseSaopin|jsr=0|seed=10324|center=3500|Oracle_FrFT_UpperBound,FMNoiseSaopin,0.0,10324,3500,Oracle_FrFT_UpperBound,ORACLE_DIAGNOSTIC_ONLY;NOT_FAIR;NOT_RL_ELIGIBLE,ORACLE_DIAGNOSTIC_ONLY,unified/pass,PASS,29.85176575951977,28.725476997167267,-1.1262887623525017,True,True,True,0,0,0,0,-0.913415746172999,TARGET_PRESERVED,0.9,1.0,0.09999999999999998,0.089,0.0,False,0.0,0.0,80000,8a015e3f860296dd3aca796cda326c3703d87c07b3f719b51b1eb7fb9b7d4abb
FMNoiseSaopin|jsr=0|seed=10324|center=4000|Oracle_FrFT_UpperBound,FMNoiseSaopin,0.0,10324,4000,Oracle_FrFT_UpperBound,ORACLE_DIAGNOSTIC_ONLY;NOT_FAIR;NOT_RL_ELIGIBLE,ORACLE_DIAGNOSTIC_ONLY,unified/pass,PASS,29.879225010494608,28.749095309818685,-1.1301297006759228,True,True,True,0,0,1,0,-0.913415746172999,TARGET_PRESERVED,0.9,1.0,0.09999999999999998,0.089,0.0,False,0.0,0.0,80000,8a015e3f860296dd3aca796cda326c3703d87c07b3f719b51b1eb7fb9b7d4abb
FMNoiseSaopin|jsr=0|seed=10325|center=1000|Oracle_FrFT_UpperBound,FMNoiseSaopin,0.0,10325,1000,Oracle_FrFT_UpperBound,ORACLE_DIAGNOSTIC_ONLY;NOT_FAIR;NOT_RL_ELIGIBLE,ORACLE_DIAGNOSTIC_ONLY,unified/pass,PASS,33.10678433194256,32.07035679851201,-1.0364275334305546,True,True,True,0,0,0,0,-0.9134157461729969,TARGET_PRESERVED,0.9,1.0,0.09999999999999998,0.089,0.1789381640210555,False,0.0,0.0,80000,8a015e3f860296dd3aca796cda326c3703d87c07b3f719b51b1eb7fb9b7d4abb
FMNoiseSaopin|jsr=0|seed=10325|center=1500|Oracle_FrFT_UpperBound,FMNoiseSaopin,0.0,10325,1500,Oracle_FrFT_UpperBound,ORACLE_DIAGNOSTIC_ONLY;NOT_FAIR;NOT_RL_ELIGIBLE,ORACLE_DIAGNOSTIC_ONLY,unified/pass,PASS,33.02719702628305,31.722827002093812,-1.304370024189236,True,True,True,0,0,0,0,-0.913415746172999,TARGET_PRESERVED,0.9,1.0,0.09999999999999998,0.089,0.025484660108371266,False,0.0,0.0,80000,8a015e3f860296dd3aca796cda326c3703d87c07b3f719b51b1eb7fb9b7d4abb
FMNoiseSaopin|jsr=0|seed=10325|center=2500|Oracle_FrFT_UpperBound,FMNoiseSaopin,0.0,10325,2500,Oracle_FrFT_UpperBound,ORACLE_DIAGNOSTIC_ONLY;NOT_FAIR;NOT_RL_ELIGIBLE,ORACLE_DIAGNOSTIC_ONLY,unified/pass,PASS,33.10294415296973,31.729469254218024,-1.3734748987517023,True,True,True,0,0,0,0,-0.913415746172999,TARGET_PRESERVED,0.9,1.0,0.09999999999999998,0.089,0.0,False,0.0,0.0,80000,8a015e3f860296dd3aca796cda326c3703d87c07b3f719b51b1eb7fb9b7d4abb
FMNoiseSaopin|jsr=0|seed=10325|center=3500|Oracle_FrFT_UpperBound,FMNoiseSaopin,0.0,10325,3500,Oracle_FrFT_UpperBound,ORACLE_DIAGNOSTIC_ONLY;NOT_FAIR;NOT_RL_ELIGIBLE,ORACLE_DIAGNOSTIC_ONLY,unified/pass,PASS,32.923961523930075,31.569152662897885,-1.3548088610321898,True,True,True,0,0,0,0,-0.913415746172999,TARGET_PRESERVED,0.9,1.0,0.09999999999999998,0.089,0.0,False,0.0,0.0,80000,8a015e3f860296dd3aca796cda326c3703d87c07b3f719b51b1eb7fb9b7d4abb
FMNoiseSaopin|jsr=0|seed=10325|center=4000|Oracle_FrFT_UpperBound,FMNoiseSaopin,0.0,10325,4000,Oracle_FrFT_UpperBound,ORACLE_DIAGNOSTIC_ONLY;NOT_FAIR;NOT_RL_ELIGIBLE,ORACLE_DIAGNOSTIC_ONLY,unified/pass,PASS,33.04663999691603,31.652075008980255,-1.394564987935773,True,True,True,0,0,0,0,-0.913415746172999,TARGET_PRESERVED,0.9,1.0,0.09999999999999998,0.089,0.0,False,0.0,0.0,80000,8a015e3f860296dd3aca796cda326c3703d87c07b3f719b51b1eb7fb9b7d4abb
FMNoiseSaopin|jsr=0|seed=10326|center=1000|Oracle_FrFT_UpperBound,FMNoiseSaopin,0.0,10326,1000,Oracle_FrFT_UpperBound,ORACLE_DIAGNOSTIC_ONLY;NOT_FAIR;NOT_RL_ELIGIBLE,ORACLE_DIAGNOSTIC_ONLY,unified/pass,PASS,29.609893911785285,29.018747891263285,-0.5911460205220003,True,True,True,0,0,1,1,-0.9134157461729969,TARGET_PRESERVED,0.9,1.0,0.09999999999999998,0.089,0.4136524932984662,False,0.0,0.0,80000,8a015e3f860296dd3aca796cda326c3703d87c07b3f719b51b1eb7fb9b7d4abb
FMNoiseSaopin|jsr=0|seed=10326|center=1500|Oracle_FrFT_UpperBound,FMNoiseSaopin,0.0,10326,1500,Oracle_FrFT_UpperBound,ORACLE_DIAGNOSTIC_ONLY;NOT_FAIR;NOT_RL_ELIGIBLE,ORACLE_DIAGNOSTIC_ONLY,unified/pass,PASS,30.063467760346306,28.937902714326643,-1.1255650460196627,True,True,True,0,0,1,1,-0.913415746172999,TARGET_PRESERVED,0.9,1.0,0.09999999999999998,0.089,0.030361308279345012,False,0.0,0.0,80000,8a015e3f860296dd3aca796cda326c3703d87c07b3f719b51b1eb7fb9b7d4abb
FMNoiseSaopin|jsr=0|seed=10326|center=2500|Oracle_FrFT_UpperBound,FMNoiseSaopin,0.0,10326,2500,Oracle_FrFT_UpperBound,ORACLE_DIAGNOSTIC_ONLY;NOT_FAIR;NOT_RL_ELIGIBLE,ORACLE_DIAGNOSTIC_ONLY,unified/pass,PASS,30.06747281399884,28.904333563296113,-1.1631392507027272,True,True,True,0,0,0,0,-0.913415746172999,TARGET_PRESERVED,0.9,1.0,0.09999999999999998,0.089,0.0,False,0.0,0.0,80000,8a015e3f860296dd3aca796cda326c3703d87c07b3f719b51b1eb7fb9b7d4abb
FMNoiseSaopin|jsr=0|seed=10326|center=3500|Oracle_FrFT_UpperBound,FMNoiseSaopin,0.0,10326,3500,Oracle_FrFT_UpperBound,ORACLE_DIAGNOSTIC_ONLY;NOT_FAIR;NOT_RL_ELIGIBLE,ORACLE_DIAGNOSTIC_ONLY,unified/pass,PASS,29.98606706129145,28.844254858307494,-1.1418122029839566,True,True,True,0,0,1,1,-0.913415746172999,TARGET_PRESERVED,0.9,1.0,0.09999999999999998,0.089,0.0,False,0.0,0.0,80000,8a015e3f860296dd3aca796cda326c3703d87c07b3f719b51b1eb7fb9b7d4abb
FMNoiseSaopin|jsr=0|seed=10326|center=4000|Oracle_FrFT_UpperBound,FMNoiseSaopin,0.0,10326,4000,Oracle_FrFT_UpperBound,ORACLE_DIAGNOSTIC_ONLY;NOT_FAIR;NOT_RL_ELIGIBLE,ORACLE_DIAGNOSTIC_ONLY,unified/pass,PASS,30.065736679607127,28.93375525707657,-1.1319814225305578,True,True,True,0,0,1,1,-0.913415746172999,TARGET_PRESERVED,0.9,1.0,0.09999999999999998,0.089,0.0,False,0.0,0.0,80000,8a015e3f860296dd3aca796cda326c3703d87c07b3f719b51b1eb7fb9b7d4abb
FMNoiseSaopin|jsr=0|seed=10327|center=1000|Oracle_FrFT_UpperBound,FMNoiseSaopin,0.0,10327,1000,Oracle_FrFT_UpperBound,ORACLE_DIAGNOSTIC_ONLY;NOT_FAIR;NOT_RL_ELIGIBLE,ORACLE_DIAGNOSTIC_ONLY,unified/pass,PASS,30.107190869322565,29.374129491889207,-0.7330613774333585,True,True,True,0,0,0,0,-0.9134157461729969,TARGET_PRESERVED,0.9,1.0,0.09999999999999998,0.089,0.40065402847676534,False,0.0,0.0,80000,8a015e3f860296dd3aca796cda326c3703d87c07b3f719b51b1eb7fb9b7d4abb
FMNoiseSaopin|jsr=0|seed=10327|center=1500|Oracle_FrFT_UpperBound,FMNoiseSaopin,0.0,10327,1500,Oracle_FrFT_UpperBound,ORACLE_DIAGNOSTIC_ONLY;NOT_FAIR;NOT_RL_ELIGIBLE,ORACLE_DIAGNOSTIC_ONLY,unified/pass,PASS,30.100952326674204,28.936298320604926,-1.1646540060692772,True,True,True,0,0,0,0,-0.913415746172999,TARGET_PRESERVED,0.9,1.0,0.09999999999999998,0.089,0.023992298471571912,False,0.0,0.0,80000,8a015e3f860296dd3aca796cda326c3703d87c07b3f719b51b1eb7fb9b7d4abb
FMNoiseSaopin|jsr=0|seed=10327|center=2500|Oracle_FrFT_UpperBound,FMNoiseSaopin,0.0,10327,2500,Oracle_FrFT_UpperBound,ORACLE_DIAGNOSTIC_ONLY;NOT_FAIR;NOT_RL_ELIGIBLE,ORACLE_DIAGNOSTIC_ONLY,unified/pass,PASS,30.157032581034628,29.035586708352188,-1.1214458726824397,True,True,True,0,0,0,0,-0.913415746172999,TARGET_PRESERVED,0.9,1.0,0.09999999999999998,0.089,0.0,False,0.0,0.0,80000,8a015e3f860296dd3aca796cda326c3703d87c07b3f719b51b1eb7fb9b7d4abb
FMNoiseSaopin|jsr=0|seed=10327|center=3500|Oracle_FrFT_UpperBound,FMNoiseSaopin,0.0,10327,3500,Oracle_FrFT_UpperBound,ORACLE_DIAGNOSTIC_ONLY;NOT_FAIR;NOT_RL_ELIGIBLE,ORACLE_DIAGNOSTIC_ONLY,unified/pass,PASS,30.064164138414267,28.909012061900764,-1.1551520765135024,True,True,True,0,0,0,1,-0.913415746172999,TARGET_PRESERVED,0.9,1.0,0.09999999999999998,0.089,0.0,False,0.0,0.0,80000,8a015e3f860296dd3aca796cda326c3703d87c07b3f719b51b1eb7fb9b7d4abb
FMNoiseSaopin|jsr=0|seed=10327|center=4000|Oracle_FrFT_UpperBound,FMNoiseSaopin,0.0,10327,4000,Oracle_FrFT_UpperBound,ORACLE_DIAGNOSTIC_ONLY;NOT_FAIR;NOT_RL_ELIGIBLE,ORACLE_DIAGNOSTIC_ONLY,unified/pass,PASS,30.1683094609694,28.994911008125396,-1.1733984528440047,True,True,True,0,0,0,0,-0.913415746172999,TARGET_PRESERVED,0.9,1.0,0.09999999999999998,0.089,0.0,False,0.0,0.0,80000,8a015e3f860296dd3aca796cda326c3703d87c07b3f719b51b1eb7fb9b7d4abb
FMNoiseSaopin|jsr=0|seed=10328|center=1000|Oracle_FrFT_UpperBound,FMNoiseSaopin,0.0,10328,1000,Oracle_FrFT_UpperBound,ORACLE_DIAGNOSTIC_ONLY;NOT_FAIR;NOT_RL_ELIGIBLE,ORACLE_DIAGNOSTIC_ONLY,unified/pass,PASS,33.07009401218618,31.59856770322645,-1.4715263089597315,True,True,True,0,0,0,0,-0.9134157461729969,TARGET_PRESERVED,0.9,1.0,0.09999999999999998,0.089,0.20543546433181903,False,0.0,0.0,80000,8a015e3f860296dd3aca796cda326c3703d87c07b3f719b51b1eb7fb9b7d4abb
FMNoiseSaopin|jsr=0|seed=10328|center=1500|Oracle_FrFT_UpperBound,FMNoiseSaopin,0.0,10328,1500,Oracle_FrFT_UpperBound,ORACLE_DIAGNOSTIC_ONLY;NOT_FAIR;NOT_RL_ELIGIBLE,ORACLE_DIAGNOSTIC_ONLY,unified/pass,PASS,32.9516069098167,31.581604839864692,-1.3700020699520046,True,True,True,0,0,1,0,-0.913415746172999,TARGET_PRESERVED,0.9,1.0,0.09999999999999998,0.089,0.025190669422284106,False,0.0,0.0,80000,8a015e3f860296dd3aca796cda326c3703d87c07b3f719b51b1eb7fb9b7d4abb
FMNoiseSaopin|jsr=0|seed=10328|center=2500|Oracle_FrFT_UpperBound,FMNoiseSaopin,0.0,10328,2500,Oracle_FrFT_UpperBound,ORACLE_DIAGNOSTIC_ONLY;NOT_FAIR;NOT_RL_ELIGIBLE,ORACLE_DIAGNOSTIC_ONLY,unified/pass,PASS,32.8901810195505,31.515510145070337,-1.3746708744801666,True,True,True,0,0,1,0,-0.913415746172999,TARGET_PRESERVED,0.9,1.0,0.09999999999999998,0.089,0.0,False,0.0,0.0,80000,8a015e3f860296dd3aca796cda326c3703d87c07b3f719b51b1eb7fb9b7d4abb
FMNoiseSaopin|jsr=0|seed=10328|center=3500|Oracle_FrFT_UpperBound,FMNoiseSaopin,0.0,10328,3500,Oracle_FrFT_UpperBound,ORACLE_DIAGNOSTIC_ONLY;NOT_FAIR;NOT_RL_ELIGIBLE,ORACLE_DIAGNOSTIC_ONLY,unified/pass,PASS,32.9783633811197,31.623690533699342,-1.3546728474203569,True,True,True,0,0,0,0,-0.913415746172999,TARGET_PRESERVED,0.9,1.0,0.09999999999999998,0.089,0.0,False,0.0,0.0,80000,8a015e3f860296dd3aca796cda326c3703d87c07b3f719b51b1eb7fb9b7d4abb
FMNoiseSaopin|jsr=0|seed=10328|center=4000|Oracle_FrFT_UpperBound,FMNoiseSaopin,0.0,10328,4000,Oracle_FrFT_UpperBound,ORACLE_DIAGNOSTIC_ONLY;NOT_FAIR;NOT_RL_ELIGIBLE,ORACLE_DIAGNOSTIC_ONLY,unified/pass,PASS,32.93315656576685,31.584842209526624,-1.3483143562402269,True,True,True,0,0,0,0,-0.913415746172999,TARGET_PRESERVED,0.9,1.0,0.09999999999999998,0.089,0.0,False,0.0,0.0,80000,8a015e3f860296dd3aca796cda326c3703d87c07b3f719b51b1eb7fb9b7d4abb
FMNoiseSaopin|jsr=0|seed=10329|center=1000|Oracle_FrFT_UpperBound,FMNoiseSaopin,0.0,10329,1000,Oracle_FrFT_UpperBound,ORACLE_DIAGNOSTIC_ONLY;NOT_FAIR;NOT_RL_ELIGIBLE,ORACLE_DIAGNOSTIC_ONLY,unified/pass,PASS,29.839498693970334,29.1954619113522,-0.6440367826181337,True,True,True,0,0,0,0,-0.9134157461729969,TARGET_PRESERVED,0.9,1.0,0.09999999999999998,0.089,0.4338732561922131,False,0.0,0.0,80000,8a015e3f860296dd3aca796cda326c3703d87c07b3f719b51b1eb7fb9b7d4abb
FMNoiseSaopin|jsr=0|seed=10329|center=1500|Oracle_FrFT_UpperBound,FMNoiseSaopin,0.0,10329,1500,Oracle_FrFT_UpperBound,ORACLE_DIAGNOSTIC_ONLY;NOT_FAIR;NOT_RL_ELIGIBLE,ORACLE_DIAGNOSTIC_ONLY,unified/pass,PASS,29.91559242780475,28.82067453309087,-1.0949178947138805,True,True,True,0,0,0,0,-0.913415746172999,TARGET_PRESERVED,0.9,1.0,0.09999999999999998,0.089,0.03721071035938742,False,0.0,0.0,80000,8a015e3f860296dd3aca796cda326c3703d87c07b3f719b51b1eb7fb9b7d4abb
FMNoiseSaopin|jsr=0|seed=10329|center=2500|Oracle_FrFT_UpperBound,FMNoiseSaopin,0.0,10329,2500,Oracle_FrFT_UpperBound,ORACLE_DIAGNOSTIC_ONLY;NOT_FAIR;NOT_RL_ELIGIBLE,ORACLE_DIAGNOSTIC_ONLY,unified/pass,PASS,29.95528169104942,28.797272166028236,-1.1580095250211855,True,True,True,0,0,0,0,-0.913415746172999,TARGET_PRESERVED,0.9,1.0,0.09999999999999998,0.089,0.0,False,0.0,0.0,80000,8a015e3f860296dd3aca796cda326c3703d87c07b3f719b51b1eb7fb9b7d4abb
FMNoiseSaopin|jsr=0|seed=10329|center=3500|Oracle_FrFT_UpperBound,FMNoiseSaopin,0.0,10329,3500,Oracle_FrFT_UpperBound,ORACLE_DIAGNOSTIC_ONLY;NOT_FAIR;NOT_RL_ELIGIBLE,ORACLE_DIAGNOSTIC_ONLY,unified/pass,PASS,29.950660360914366,28.84769964147022,-1.1029607194441446,True,True,True,0,0,0,1,-0.913415746172999,TARGET_PRESERVED,0.9,1.0,0.09999999999999998,0.089,0.0,False,0.0,0.0,80000,8a015e3f860296dd3aca796cda326c3703d87c07b3f719b51b1eb7fb9b7d4abb
FMNoiseSaopin|jsr=0|seed=10329|center=4000|Oracle_FrFT_UpperBound,FMNoiseSaopin,0.0,10329,4000,Oracle_FrFT_UpperBound,ORACLE_DIAGNOSTIC_ONLY;NOT_FAIR;NOT_RL_ELIGIBLE,ORACLE_DIAGNOSTIC_ONLY,unified/pass,PASS,29.94304893478693,28.768209567071956,-1.1748393677149735,True,True,True,0,0,0,0,-0.913415746172999,TARGET_PRESERVED,0.9,1.0,0.09999999999999998,0.089,0.0,False,0.0,0.0,80000,8a015e3f860296dd3aca796cda326c3703d87c07b3f719b51b1eb7fb9b7d4abb
FMNoiseSaopin|jsr=0|seed=10330|center=1000|Oracle_FrFT_UpperBound,FMNoiseSaopin,0.0,10330,1000,Oracle_FrFT_UpperBound,ORACLE_DIAGNOSTIC_ONLY;NOT_FAIR;NOT_RL_ELIGIBLE,ORACLE_DIAGNOSTIC_ONLY,unified/pass,PASS,29.30196152660895,28.543321294997092,-0.7586402316118566,True,True,True,0,0,1,1,-0.9134157461729969,TARGET_PRESERVED,0.9,1.0,0.09999999999999998,0.089,0.5087640887924406,False,0.0,0.0,80000,8a015e3f860296dd3aca796cda326c3703d87c07b3f719b51b1eb7fb9b7d4abb
FMNoiseSaopin|jsr=0|seed=10330|center=1500|Oracle_FrFT_UpperBound,FMNoiseSaopin,0.0,10330,1500,Oracle_FrFT_UpperBound,ORACLE_DIAGNOSTIC_ONLY;NOT_FAIR;NOT_RL_ELIGIBLE,ORACLE_DIAGNOSTIC_ONLY,unified/pass,PASS,29.288482612341873,28.165289920945224,-1.1231926913966497,True,True,True,0,0,1,1,-0.913415746172999,TARGET_PRESERVED,0.9,1.0,0.09999999999999998,0.089,0.050144160920491176,False,0.0,0.0,80000,8a015e3f860296dd3aca796cda326c3703d87c07b3f719b51b1eb7fb9b7d4abb
FMNoiseSaopin|jsr=0|seed=10330|center=2500|Oracle_FrFT_UpperBound,FMNoiseSaopin,0.0,10330,2500,Oracle_FrFT_UpperBound,ORACLE_DIAGNOSTIC_ONLY;NOT_FAIR;NOT_RL_ELIGIBLE,ORACLE_DIAGNOSTIC_ONLY,unified/pass,PASS,29.394748778789534,28.279245203984775,-1.1155035748047588,True,True,True,0,0,1,1,-0.913415746172999,TARGET_PRESERVED,0.9,1.0,0.09999999999999998,0.089,0.0,False,0.0,0.0,80000,8a015e3f860296dd3aca796cda326c3703d87c07b3f719b51b1eb7fb9b7d4abb
FMNoiseSaopin|jsr=0|seed=10330|center=3500|Oracle_FrFT_UpperBound,FMNoiseSaopin,0.0,10330,3500,Oracle_FrFT_UpperBound,ORACLE_DIAGNOSTIC_ONLY;NOT_FAIR;NOT_RL_ELIGIBLE,ORACLE_DIAGNOSTIC_ONLY,unified/pass,PASS,29.32559136854426,28.1963429099253,-1.1292484586189602,True,True,True,0,0,1,0,-0.913415746172999,TARGET_PRESERVED,0.9,1.0,0.09999999999999998,0.089,0.0,False,0.0,0.0,80000,8a015e3f860296dd3aca796cda326c3703d87c07b3f719b51b1eb7fb9b7d4abb
FMNoiseSaopin|jsr=0|seed=10330|center=4000|Oracle_FrFT_UpperBound,FMNoiseSaopin,0.0,10330,4000,Oracle_FrFT_UpperBound,ORACLE_DIAGNOSTIC_ONLY;NOT_FAIR;NOT_RL_ELIGIBLE,ORACLE_DIAGNOSTIC_ONLY,unified/pass,PASS,29.34560780138259,28.20068920067593,-1.14491860070666,True,True,True,0,0,0,0,-0.913415746172999,TARGET_PRESERVED,0.9,1.0,0.09999999999999998,0.089,0.0,False,0.0,0.0,80000,8a015e3f860296dd3aca796cda326c3703d87c07b3f719b51b1eb7fb9b7d4abb
FMNoiseSaopin|jsr=0|seed=10331|center=1000|Oracle_FrFT_UpperBound,FMNoiseSaopin,0.0,10331,1000,Oracle_FrFT_UpperBound,ORACLE_DIAGNOSTIC_ONLY;NOT_FAIR;NOT_RL_ELIGIBLE,ORACLE_DIAGNOSTIC_ONLY,unified/pass,PASS,29.69691706451505,28.971559595828484,-0.725357468686564,True,True,True,0,0,0,0,-0.9134157461729969,TARGET_PRESERVED,0.9,1.0,0.09999999999999998,0.089,0.49054655186097434,False,0.0,0.0,80000,8a015e3f860296dd3aca796cda326c3703d87c07b3f719b51b1eb7fb9b7d4abb
FMNoiseSaopin|jsr=0|seed=10331|center=1500|Oracle_FrFT_UpperBound,FMNoiseSaopin,0.0,10331,1500,Oracle_FrFT_UpperBound,ORACLE_DIAGNOSTIC_ONLY;NOT_FAIR;NOT_RL_ELIGIBLE,ORACLE_DIAGNOSTIC_ONLY,unified/pass,PASS,29.360677062682754,28.238790721999322,-1.1218863406834316,True,True,True,0,0,1,2,-0.913415746172999,TARGET_PRESERVED,0.9,1.0,0.09999999999999998,0.089,0.020470541056456043,False,0.0,0.0,80000,8a015e3f860296dd3aca796cda326c3703d87c07b3f719b51b1eb7fb9b7d4abb
FMNoiseSaopin|jsr=0|seed=10331|center=2500|Oracle_FrFT_UpperBound,FMNoiseSaopin,0.0,10331,2500,Oracle_FrFT_UpperBound,ORACLE_DIAGNOSTIC_ONLY;NOT_FAIR;NOT_RL_ELIGIBLE,ORACLE_DIAGNOSTIC_ONLY,unified/pass,PASS,29.355725527798967,28.28901942010168,-1.0667061076972857,True,True,True,0,0,0,1,-0.913415746172999,TARGET_PRESERVED,0.9,1.0,0.09999999999999998,0.089,0.0,False,0.0,0.0,80000,8a015e3f860296dd3aca796cda326c3703d87c07b3f719b51b1eb7fb9b7d4abb
FMNoiseSaopin|jsr=0|seed=10331|center=3500|Oracle_FrFT_UpperBound,FMNoiseSaopin,0.0,10331,3500,Oracle_FrFT_UpperBound,ORACLE_DIAGNOSTIC_ONLY;NOT_FAIR;NOT_RL_ELIGIBLE,ORACLE_DIAGNOSTIC_ONLY,unified/pass,PASS,29.349131691529863,28.230501656064966,-1.1186300354648964,True,True,True,0,0,0,0,-0.913415746172999,TARGET_PRESERVED,0.9,1.0,0.09999999999999998,0.089,0.0,False,0.0,0.0,80000,8a015e3f860296dd3aca796cda326c3703d87c07b3f719b51b1eb7fb9b7d4abb
FMNoiseSaopin|jsr=0|seed=10331|center=4000|Oracle_FrFT_UpperBound,FMNoiseSaopin,0.0,10331,4000,Oracle_FrFT_UpperBound,ORACLE_DIAGNOSTIC_ONLY;NOT_FAIR;NOT_RL_ELIGIBLE,ORACLE_DIAGNOSTIC_ONLY,unified/pass,PASS,29.382515261073667,28.28356742690561,-1.098947834168058,True,True,True,0,0,0,0,-0.913415746172999,TARGET_PRESERVED,0.9,1.0,0.09999999999999998,0.089,0.0,False,0.0,0.0,80000,8a015e3f860296dd3aca796cda326c3703d87c07b3f719b51b1eb7fb9b7d4abb
FMNoiseSaopin|jsr=0|seed=10332|center=1000|Oracle_FrFT_UpperBound,FMNoiseSaopin,0.0,10332,1000,Oracle_FrFT_UpperBound,ORACLE_DIAGNOSTIC_ONLY;NOT_FAIR;NOT_RL_ELIGIBLE,ORACLE_DIAGNOSTIC_ONLY,unified/pass,PASS,29.97902342490399,29.387982613153476,-0.5910408117505135,True,True,True,0,1,1,1,-0.9134157461729969,TARGET_PRESERVED,0.9,1.0,0.09999999999999998,0.089,0.40217512047876325,False,0.0,0.0,80000,8a015e3f860296dd3aca796cda326c3703d87c07b3f719b51b1eb7fb9b7d4abb
FMNoiseSaopin|jsr=0|seed=10332|center=1500|Oracle_FrFT_UpperBound,FMNoiseSaopin,0.0,10332,1500,Oracle_FrFT_UpperBound,ORACLE_DIAGNOSTIC_ONLY;NOT_FAIR;NOT_RL_ELIGIBLE,ORACLE_DIAGNOSTIC_ONLY,unified/pass,PASS,30.167435846130584,29.04152116072787,-1.1259146854027122,True,True,True,0,0,1,1,-0.913415746172999,TARGET_PRESERVED,0.9,1.0,0.09999999999999998,0.089,0.03138331898904451,False,0.0,0.0,80000,8a015e3f860296dd3aca796cda326c3703d87c07b3f719b51b1eb7fb9b7d4abb
FMNoiseSaopin|jsr=0|seed=10332|center=2500|Oracle_FrFT_UpperBound,FMNoiseSaopin,0.0,10332,2500,Oracle_FrFT_UpperBound,ORACLE_DIAGNOSTIC_ONLY;NOT_FAIR;NOT_RL_ELIGIBLE,ORACLE_DIAGNOSTIC_ONLY,unified/pass,PASS,30.208270651363243,29.088154636041004,-1.120116015322239,True,True,True,0,0,2,1,-0.913415746172999,TARGET_PRESERVED,0.9,1.0,0.09999999999999998,0.089,0.0,False,0.0,0.0,80000,8a015e3f860296dd3aca796cda326c3703d87c07b3f719b51b1eb7fb9b7d4abb
FMNoiseSaopin|jsr=0|seed=10332|center=3500|Oracle_FrFT_UpperBound,FMNoiseSaopin,0.0,10332,3500,Oracle_FrFT_UpperBound,ORACLE_DIAGNOSTIC_ONLY;NOT_FAIR;NOT_RL_ELIGIBLE,ORACLE_DIAGNOSTIC_ONLY,unified/pass,PASS,30.24246561357645,29.111706744127023,-1.1307588694494264,True,True,True,0,0,1,1,-0.913415746172999,TARGET_PRESERVED,0.9,1.0,0.09999999999999998,0.089,0.0,False,0.0,0.0,80000,8a015e3f860296dd3aca796cda326c3703d87c07b3f719b51b1eb7fb9b7d4abb
FMNoiseSaopin|jsr=0|seed=10332|center=4000|Oracle_FrFT_UpperBound,FMNoiseSaopin,0.0,10332,4000,Oracle_FrFT_UpperBound,ORACLE_DIAGNOSTIC_ONLY;NOT_FAIR;NOT_RL_ELIGIBLE,ORACLE_DIAGNOSTIC_ONLY,unified/pass,PASS,30.203149379331965,29.014494596210515,-1.18865478312145,True,True,True,0,0,3,2,-0.913415746172999,TARGET_PRESERVED,0.9,1.0,0.09999999999999998,0.089,0.0,False,0.0,0.0,80000,8a015e3f860296dd3aca796cda326c3703d87c07b3f719b51b1eb7fb9b7d4abb
FMNoiseSaopin|jsr=0|seed=10333|center=1000|Oracle_FrFT_UpperBound,FMNoiseSaopin,0.0,10333,1000,Oracle_FrFT_UpperBound,ORACLE_DIAGNOSTIC_ONLY;NOT_FAIR;NOT_RL_ELIGIBLE,ORACLE_DIAGNOSTIC_ONLY,unified/pass,PASS,29.635574432703503,28.95119562921078,-0.6843788034927236,True,True,True,0,0,1,1,-0.9134157461729969,TARGET_PRESERVED,0.9,1.0,0.09999999999999998,0.089,0.48525066608117656,False,0.0,0.0,80000,8a015e3f860296dd3aca796cda326c3703d87c07b3f719b51b1eb7fb9b7d4abb
FMNoiseSaopin|jsr=0|seed=10333|center=1500|Oracle_FrFT_UpperBound,FMNoiseSaopin,0.0,10333,1500,Oracle_FrFT_UpperBound,ORACLE_DIAGNOSTIC_ONLY;NOT_FAIR;NOT_RL_ELIGIBLE,ORACLE_DIAGNOSTIC_ONLY,unified/pass,PASS,29.470127276005833,28.385509641757807,-1.0846176342480263,True,True,True,0,0,1,1,-0.913415746172999,TARGET_PRESERVED,0.9,1.0,0.09999999999999998,0.089,0.03374290738301755,False,0.0,0.0,80000,8a015e3f860296dd3aca796cda326c3703d87c07b3f719b51b1eb7fb9b7d4abb
FMNoiseSaopin|jsr=0|seed=10333|center=2500|Oracle_FrFT_UpperBound,FMNoiseSaopin,0.0,10333,2500,Oracle_FrFT_UpperBound,ORACLE_DIAGNOSTIC_ONLY;NOT_FAIR;NOT_RL_ELIGIBLE,ORACLE_DIAGNOSTIC_ONLY,unified/pass,PASS,29.46782892001622,28.34099693502079,-1.1268319849954302,True,True,True,0,0,0,0,-0.913415746172999,TARGET_PRESERVED,0.9,1.0,0.09999999999999998,0.089,0.0,False,0.0,0.0,80000,8a015e3f860296dd3aca796cda326c3703d87c07b3f719b51b1eb7fb9b7d4abb
FMNoiseSaopin|jsr=0|seed=10333|center=3500|Oracle_FrFT_UpperBound,FMNoiseSaopin,0.0,10333,3500,Oracle_FrFT_UpperBound,ORACLE_DIAGNOSTIC_ONLY;NOT_FAIR;NOT_RL_ELIGIBLE,ORACLE_DIAGNOSTIC_ONLY,unified/pass,PASS,29.47393010459559,28.34833560517026,-1.125594499425329,True,True,True,0,0,0,1,-0.913415746172999,TARGET_PRESERVED,0.9,1.0,0.09999999999999998,0.089,0.0,False,0.0,0.0,80000,8a015e3f860296dd3aca796cda326c3703d87c07b3f719b51b1eb7fb9b7d4abb
FMNoiseSaopin|jsr=0|seed=10333|center=4000|Oracle_FrFT_UpperBound,FMNoiseSaopin,0.0,10333,4000,Oracle_FrFT_UpperBound,ORACLE_DIAGNOSTIC_ONLY;NOT_FAIR;NOT_RL_ELIGIBLE,ORACLE_DIAGNOSTIC_ONLY,unified/pass,PASS,29.487325429168433,28.35640135863965,-1.1309240705287813,True,True,True,0,0,0,0,-0.913415746172999,TARGET_PRESERVED,0.9,1.0,0.09999999999999998,0.089,0.0,False,0.0,0.0,80000,8a015e3f860296dd3aca796cda326c3703d87c07b3f719b51b1eb7fb9b7d4abb
FMNoiseSaopin|jsr=0|seed=10334|center=1000|Oracle_FrFT_UpperBound,FMNoiseSaopin,0.0,10334,1000,Oracle_FrFT_UpperBound,ORACLE_DIAGNOSTIC_ONLY;NOT_FAIR;NOT_RL_ELIGIBLE,ORACLE_DIAGNOSTIC_ONLY,unified/pass,PASS,32.94695650061804,31.50360258334142,-1.4433539172766245,True,True,True,0,0,1,0,-0.9134157461729969,TARGET_PRESERVED,0.9,1.0,0.09999999999999998,0.089,0.2093114434815423,False,0.0,0.0,80000,8a015e3f860296dd3aca796cda326c3703d87c07b3f719b51b1eb7fb9b7d4abb
FMNoiseSaopin|jsr=0|seed=10334|center=1500|Oracle_FrFT_UpperBound,FMNoiseSaopin,0.0,10334,1500,Oracle_FrFT_UpperBound,ORACLE_DIAGNOSTIC_ONLY;NOT_FAIR;NOT_RL_ELIGIBLE,ORACLE_DIAGNOSTIC_ONLY,unified/pass,PASS,32.940691715944894,31.602735929716033,-1.3379557862288607,True,True,True,0,0,0,0,-0.913415746172999,TARGET_PRESERVED,0.9,1.0,0.09999999999999998,0.089,0.025322775529798267,False,0.0,0.0,80000,8a015e3f860296dd3aca796cda326c3703d87c07b3f719b51b1eb7fb9b7d4abb
FMNoiseSaopin|jsr=0|seed=10334|center=2500|Oracle_FrFT_UpperBound,FMNoiseSaopin,0.0,10334,2500,Oracle_FrFT_UpperBound,ORACLE_DIAGNOSTIC_ONLY;NOT_FAIR;NOT_RL_ELIGIBLE,ORACLE_DIAGNOSTIC_ONLY,unified/pass,PASS,33.02520807034695,31.708437675737244,-1.316770394609705,True,True,True,0,0,1,0,-0.913415746172999,TARGET_PRESERVED,0.9,1.0,0.09999999999999998,0.089,0.0,False,0.0,0.0,80000,8a015e3f860296dd3aca796cda326c3703d87c07b3f719b51b1eb7fb9b7d4abb
FMNoiseSaopin|jsr=0|seed=10334|center=3500|Oracle_FrFT_UpperBound,FMNoiseSaopin,0.0,10334,3500,Oracle_FrFT_UpperBound,ORACLE_DIAGNOSTIC_ONLY;NOT_FAIR;NOT_RL_ELIGIBLE,ORACLE_DIAGNOSTIC_ONLY,unified/pass,PASS,32.80327154292543,31.4866154623802,-1.3166560805452292,True,True,True,0,0,1,1,-0.913415746172999,TARGET_PRESERVED,0.9,1.0,0.09999999999999998,0.089,0.0,False,0.0,0.0,80000,8a015e3f860296dd3aca796cda326c3703d87c07b3f719b51b1eb7fb9b7d4abb
FMNoiseSaopin|jsr=0|seed=10334|center=4000|Oracle_FrFT_UpperBound,FMNoiseSaopin,0.0,10334,4000,Oracle_FrFT_UpperBound,ORACLE_DIAGNOSTIC_ONLY;NOT_FAIR;NOT_RL_ELIGIBLE,ORACLE_DIAGNOSTIC_ONLY,unified/pass,PASS,32.954491336594664,31.584909515589974,-1.3695818210046902,True,True,True,0,0,1,1,-0.913415746172999,TARGET_PRESERVED,0.9,1.0,0.09999999999999998,0.089,0.0,False,0.0,0.0,80000,8a015e3f860296dd3aca796cda326c3703d87c07b3f719b51b1eb7fb9b7d4abb
FMNoiseSaopin|jsr=0|seed=10335|center=1000|Oracle_FrFT_UpperBound,FMNoiseSaopin,0.0,10335,1000,Oracle_FrFT_UpperBound,ORACLE_DIAGNOSTIC_ONLY;NOT_FAIR;NOT_RL_ELIGIBLE,ORACLE_DIAGNOSTIC_ONLY,unified/pass,PASS,37.01726249076124,35.217291832064554,-1.7999706586966866,True,True,True,0,0,1,1,-0.9134157461729969,TARGET_PRESERVED,0.9,1.0,0.09999999999999998,0.089,0.038799165513949005,False,0.0,0.0,80000,8a015e3f860296dd3aca796cda326c3703d87c07b3f719b51b1eb7fb9b7d4abb
FMNoiseSaopin|jsr=0|seed=10335|center=1500|Oracle_FrFT_UpperBound,FMNoiseSaopin,0.0,10335,1500,Oracle_FrFT_UpperBound,ORACLE_DIAGNOSTIC_ONLY;NOT_FAIR;NOT_RL_ELIGIBLE,ORACLE_DIAGNOSTIC_ONLY,unified/pass,PASS,36.61655125178917,34.70643466156776,-1.9101165902214063,True,True,True,0,0,1,0,-0.913415746172999,TARGET_PRESERVED,0.9,1.0,0.09999999999999998,0.089,0.02325382438458056,False,0.0,0.0,80000,8a015e3f860296dd3aca796cda326c3703d87c07b3f719b51b1eb7fb9b7d4abb
FMNoiseSaopin|jsr=0|seed=10335|center=2500|Oracle_FrFT_UpperBound,FMNoiseSaopin,0.0,10335,2500,Oracle_FrFT_UpperBound,ORACLE_DIAGNOSTIC_ONLY;NOT_FAIR;NOT_RL_ELIGIBLE,ORACLE_DIAGNOSTIC_ONLY,unified/pass,PASS,36.89284362516084,34.96429577031866,-1.9285478548421864,True,True,True,0,0,0,0,-0.913415746172999,TARGET_PRESERVED,0.9,1.0,0.09999999999999998,0.089,0.0,False,0.0,0.0,80000,8a015e3f860296dd3aca796cda326c3703d87c07b3f719b51b1eb7fb9b7d4abb
FMNoiseSaopin|jsr=0|seed=10335|center=3500|Oracle_FrFT_UpperBound,FMNoiseSaopin,0.0,10335,3500,Oracle_FrFT_UpperBound,ORACLE_DIAGNOSTIC_ONLY;NOT_FAIR;NOT_RL_ELIGIBLE,ORACLE_DIAGNOSTIC_ONLY,unified/pass,PASS,36.86276784016762,34.971294952387524,-1.8914728877800968,True,True,True,0,0,1,1,-0.913415746172999,TARGET_PRESERVED,0.9,1.0,0.09999999999999998,0.089,0.0,False,0.0,0.0,80000,8a015e3f860296dd3aca796cda326c3703d87c07b3f719b51b1eb7fb9b7d4abb
FMNoiseSaopin|jsr=0|seed=10335|center=4000|Oracle_FrFT_UpperBound,FMNoiseSaopin,0.0,10335,4000,Oracle_FrFT_UpperBound,ORACLE_DIAGNOSTIC_ONLY;NOT_FAIR;NOT_RL_ELIGIBLE,ORACLE_DIAGNOSTIC_ONLY,unified/pass,PASS,36.938341753750635,35.0122674006764,-1.9260743530742346,True,True,True,0,0,1,1,-0.913415746172999,TARGET_PRESERVED,0.9,1.0,0.09999999999999998,0.089,0.0,False,0.0,0.0,80000,8a015e3f860296dd3aca796cda326c3703d87c07b3f719b51b1eb7fb9b7d4abb
FMNoiseSaopin|jsr=0|seed=10336|center=1000|Oracle_FrFT_UpperBound,FMNoiseSaopin,0.0,10336,1000,Oracle_FrFT_UpperBound,ORACLE_DIAGNOSTIC_ONLY;NOT_FAIR;NOT_RL_ELIGIBLE,ORACLE_DIAGNOSTIC_ONLY,unified/pass,PASS,29.705267893181325,29.089857903400514,-0.6154099897808116,True,True,True,0,0,0,0,-0.9134157461729969,TARGET_PRESERVED,0.9,1.0,0.09999999999999998,0.089,0.43474674145543496,False,0.0,0.0,80000,8a015e3f860296dd3aca796cda326c3703d87c07b3f719b51b1eb7fb9b7d4abb
FMNoiseSaopin|jsr=0|seed=10336|center=1500|Oracle_FrFT_UpperBound,FMNoiseSaopin,0.0,10336,1500,Oracle_FrFT_UpperBound,ORACLE_DIAGNOSTIC_ONLY;NOT_FAIR;NOT_RL_ELIGIBLE,ORACLE_DIAGNOSTIC_ONLY,unified/pass,PASS,29.916354349556592,28.766681058629203,-1.1496732909273888,True,True,True,0,0,0,0,-0.913415746172999,TARGET_PRESERVED,0.9,1.0,0.09999999999999998,0.089,0.03526565690758281,False,0.0,0.0,80000,8a015e3f860296dd3aca796cda326c3703d87c07b3f719b51b1eb7fb9b7d4abb
FMNoiseSaopin|jsr=0|seed=10336|center=2500|Oracle_FrFT_UpperBound,FMNoiseSaopin,0.0,10336,2500,Oracle_FrFT_UpperBound,ORACLE_DIAGNOSTIC_ONLY;NOT_FAIR;NOT_RL_ELIGIBLE,ORACLE_DIAGNOSTIC_ONLY,unified/pass,PASS,29.85257087362764,28.73918343171653,-1.1133874419111116,True,True,True,0,0,0,0,-0.913415746172999,TARGET_PRESERVED,0.9,1.0,0.09999999999999998,0.089,0.0,False,0.0,0.0,80000,8a015e3f860296dd3aca796cda326c3703d87c07b3f719b51b1eb7fb9b7d4abb
FMNoiseSaopin|jsr=0|seed=10336|center=3500|Oracle_FrFT_UpperBound,FMNoiseSaopin,0.0,10336,3500,Oracle_FrFT_UpperBound,ORACLE_DIAGNOSTIC_ONLY;NOT_FAIR;NOT_RL_ELIGIBLE,ORACLE_DIAGNOSTIC_ONLY,unified/pass,PASS,29.867132070910834,28.729246733037638,-1.1378853378731968,True,True,True,0,0,0,1,-0.913415746172999,TARGET_PRESERVED,0.9,1.0,0.09999999999999998,0.089,0.0,False,0.0,0.0,80000,8a015e3f860296dd3aca796cda326c3703d87c07b3f719b51b1eb7fb9b7d4abb
FMNoiseSaopin|jsr=0|seed=10336|center=4000|Oracle_FrFT_UpperBound,FMNoiseSaopin,0.0,10336,4000,Oracle_FrFT_UpperBound,ORACLE_DIAGNOSTIC_ONLY;NOT_FAIR;NOT_RL_ELIGIBLE,ORACLE_DIAGNOSTIC_ONLY,unified/pass,PASS,29.845225050283062,28.697668892788094,-1.147556157494968,True,True,True,0,0,0,0,-0.913415746172999,TARGET_PRESERVED,0.9,1.0,0.09999999999999998,0.089,0.0,False,0.0,0.0,80000,8a015e3f860296dd3aca796cda326c3703d87c07b3f719b51b1eb7fb9b7d4abb
FMNoiseSaopin|jsr=0|seed=10337|center=1000|Oracle_FrFT_UpperBound,FMNoiseSaopin,0.0,10337,1000,Oracle_FrFT_UpperBound,ORACLE_DIAGNOSTIC_ONLY;NOT_FAIR;NOT_RL_ELIGIBLE,ORACLE_DIAGNOSTIC_ONLY,unified/pass,PASS,36.908168505908414,35.12763662642917,-1.7805318794792413,True,True,True,0,0,0,0,-0.9134157461729969,TARGET_PRESERVED,0.9,1.0,0.09999999999999998,0.089,0.0370061783617645,False,0.0,0.0,80000,8a015e3f860296dd3aca796cda326c3703d87c07b3f719b51b1eb7fb9b7d4abb
FMNoiseSaopin|jsr=0|seed=10337|center=1500|Oracle_FrFT_UpperBound,FMNoiseSaopin,0.0,10337,1500,Oracle_FrFT_UpperBound,ORACLE_DIAGNOSTIC_ONLY;NOT_FAIR;NOT_RL_ELIGIBLE,ORACLE_DIAGNOSTIC_ONLY,unified/pass,PASS,36.98413071425554,34.96053450093988,-2.0235962133156633,True,True,True,0,0,0,0,-0.913415746172999,TARGET_PRESERVED,0.9,1.0,0.09999999999999998,0.089,0.023404124104303252,False,0.0,0.0,80000,8a015e3f860296dd3aca796cda326c3703d87c07b3f719b51b1eb7fb9b7d4abb
FMNoiseSaopin|jsr=0|seed=10337|center=2500|Oracle_FrFT_UpperBound,FMNoiseSaopin,0.0,10337,2500,Oracle_FrFT_UpperBound,ORACLE_DIAGNOSTIC_ONLY;NOT_FAIR;NOT_RL_ELIGIBLE,ORACLE_DIAGNOSTIC_ONLY,unified/pass,PASS,36.89477999931876,34.99737127953456,-1.8974087197841953,True,True,True,0,0,0,0,-0.913415746172999,TARGET_PRESERVED,0.9,1.0,0.09999999999999998,0.089,0.0,False,0.0,0.0,80000,8a015e3f860296dd3aca796cda326c3703d87c07b3f719b51b1eb7fb9b7d4abb
FMNoiseSaopin|jsr=0|seed=10337|center=3500|Oracle_FrFT_UpperBound,FMNoiseSaopin,0.0,10337,3500,Oracle_FrFT_UpperBound,ORACLE_DIAGNOSTIC_ONLY;NOT_FAIR;NOT_RL_ELIGIBLE,ORACLE_DIAGNOSTIC_ONLY,unified/pass,PASS,36.88347454780794,34.940767906236154,-1.9427066415717889,True,True,True,0,0,0,0,-0.913415746172999,TARGET_PRESERVED,0.9,1.0,0.09999999999999998,0.089,0.0,False,0.0,0.0,80000,8a015e3f860296dd3aca796cda326c3703d87c07b3f719b51b1eb7fb9b7d4abb
FMNoiseSaopin|jsr=0|seed=10337|center=4000|Oracle_FrFT_UpperBound,FMNoiseSaopin,0.0,10337,4000,Oracle_FrFT_UpperBound,ORACLE_DIAGNOSTIC_ONLY;NOT_FAIR;NOT_RL_ELIGIBLE,ORACLE_DIAGNOSTIC_ONLY,unified/pass,PASS,36.92448720701194,34.98391344822413,-1.9405737587878136,True,True,True,0,0,1,0,-0.913415746172999,TARGET_PRESERVED,0.9,1.0,0.09999999999999998,0.089,0.0,False,0.0,0.0,80000,8a015e3f860296dd3aca796cda326c3703d87c07b3f719b51b1eb7fb9b7d4abb
FMNoiseSaopin|jsr=0|seed=10338|center=1000|Oracle_FrFT_UpperBound,FMNoiseSaopin,0.0,10338,1000,Oracle_FrFT_UpperBound,ORACLE_DIAGNOSTIC_ONLY;NOT_FAIR;NOT_RL_ELIGIBLE,ORACLE_DIAGNOSTIC_ONLY,unified/pass,PASS,29.52862950417706,28.78614588606865,-0.7424836181084125,True,True,True,0,0,0,0,-0.9134157461729969,TARGET_PRESERVED,0.9,1.0,0.09999999999999998,0.089,0.49991815898133646,False,0.0,0.0,80000,8a015e3f860296dd3aca796cda326c3703d87c07b3f719b51b1eb7fb9b7d4abb
FMNoiseSaopin|jsr=0|seed=10338|center=1500|Oracle_FrFT_UpperBound,FMNoiseSaopin,0.0,10338,1500,Oracle_FrFT_UpperBound,ORACLE_DIAGNOSTIC_ONLY;NOT_FAIR;NOT_RL_ELIGIBLE,ORACLE_DIAGNOSTIC_ONLY,unified/pass,PASS,29.217670105157147,28.1289697071491,-1.0887003980080472,True,True,True,0,0,0,0,-0.913415746172999,TARGET_PRESERVED,0.9,1.0,0.09999999999999998,0.089,0.04324255782937618,False,0.0,0.0,80000,8a015e3f860296dd3aca796cda326c3703d87c07b3f719b51b1eb7fb9b7d4abb
FMNoiseSaopin|jsr=0|seed=10338|center=2500|Oracle_FrFT_UpperBound,FMNoiseSaopin,0.0,10338,2500,Oracle_FrFT_UpperBound,ORACLE_DIAGNOSTIC_ONLY;NOT_FAIR;NOT_RL_ELIGIBLE,ORACLE_DIAGNOSTIC_ONLY,unified/pass,PASS,29.20620328874955,28.08942433797331,-1.11677895077624,True,True,True,0,0,1,0,-0.913415746172999,TARGET_PRESERVED,0.9,1.0,0.09999999999999998,0.089,0.0,False,0.0,0.0,80000,8a015e3f860296dd3aca796cda326c3703d87c07b3f719b51b1eb7fb9b7d4abb
FMNoiseSaopin|jsr=0|seed=10338|center=3500|Oracle_FrFT_UpperBound,FMNoiseSaopin,0.0,10338,3500,Oracle_FrFT_UpperBound,ORACLE_DIAGNOSTIC_ONLY;NOT_FAIR;NOT_RL_ELIGIBLE,ORACLE_DIAGNOSTIC_ONLY,unified/pass,PASS,29.249125870595655,28.11433717861094,-1.134788691984717,True,True,True,0,0,1,0,-0.913415746172999,TARGET_PRESERVED,0.9,1.0,0.09999999999999998,0.089,0.0,False,0.0,0.0,80000,8a015e3f860296dd3aca796cda326c3703d87c07b3f719b51b1eb7fb9b7d4abb
FMNoiseSaopin|jsr=0|seed=10338|center=4000|Oracle_FrFT_UpperBound,FMNoiseSaopin,0.0,10338,4000,Oracle_FrFT_UpperBound,ORACLE_DIAGNOSTIC_ONLY;NOT_FAIR;NOT_RL_ELIGIBLE,ORACLE_DIAGNOSTIC_ONLY,unified/pass,PASS,29.23890297662032,28.1400739880062,-1.0988289886141196,True,True,True,0,0,0,0,-0.913415746172999,TARGET_PRESERVED,0.9,1.0,0.09999999999999998,0.089,0.0,False,0.0,0.0,80000,8a015e3f860296dd3aca796cda326c3703d87c07b3f719b51b1eb7fb9b7d4abb
FMNoiseSaopin|jsr=0|seed=10339|center=1000|Oracle_FrFT_UpperBound,FMNoiseSaopin,0.0,10339,1000,Oracle_FrFT_UpperBound,ORACLE_DIAGNOSTIC_ONLY;NOT_FAIR;NOT_RL_ELIGIBLE,ORACLE_DIAGNOSTIC_ONLY,unified/pass,PASS,29.776188475241128,29.147258414770157,-0.6289300604709709,True,True,True,0,0,2,2,-0.9134157461729969,TARGET_PRESERVED,0.9,1.0,0.09999999999999998,0.089,0.4245682462950869,False,0.0,0.0,80000,8a015e3f860296dd3aca796cda326c3703d87c07b3f719b51b1eb7fb9b7d4abb
FMNoiseSaopin|jsr=0|seed=10339|center=1500|Oracle_FrFT_UpperBound,FMNoiseSaopin,0.0,10339,1500,Oracle_FrFT_UpperBound,ORACLE_DIAGNOSTIC_ONLY;NOT_FAIR;NOT_RL_ELIGIBLE,ORACLE_DIAGNOSTIC_ONLY,unified/pass,PASS,29.947004335061578,28.82549488282598,-1.1215094522355997,True,True,True,0,0,1,1,-0.913415746172999,TARGET_PRESERVED,0.9,1.0,0.09999999999999998,0.089,0.042881041036323286,False,0.0,0.0,80000,8a015e3f860296dd3aca796cda326c3703d87c07b3f719b51b1eb7fb9b7d4abb
FMNoiseSaopin|jsr=0|seed=10339|center=2500|Oracle_FrFT_UpperBound,FMNoiseSaopin,0.0,10339,2500,Oracle_FrFT_UpperBound,ORACLE_DIAGNOSTIC_ONLY;NOT_FAIR;NOT_RL_ELIGIBLE,ORACLE_DIAGNOSTIC_ONLY,unified/pass,PASS,29.895447462113296,28.763308761064685,-1.1321387010486106,True,True,True,0,0,0,0,-0.913415746172999,TARGET_PRESERVED,0.9,1.0,0.09999999999999998,0.089,0.0,False,0.0,0.0,80000,8a015e3f860296dd3aca796cda326c3703d87c07b3f719b51b1eb7fb9b7d4abb
FMNoiseSaopin|jsr=0|seed=10339|center=3500|Oracle_FrFT_UpperBound,FMNoiseSaopin,0.0,10339,3500,Oracle_FrFT_UpperBound,ORACLE_DIAGNOSTIC_ONLY;NOT_FAIR;NOT_RL_ELIGIBLE,ORACLE_DIAGNOSTIC_ONLY,unified/pass,PASS,29.924427201475222,28.775526497175527,-1.1489007042996953,True,True,True,0,0,1,1,-0.913415746172999,TARGET_PRESERVED,0.9,1.0,0.09999999999999998,0.089,0.0,False,0.0,0.0,80000,8a015e3f860296dd3aca796cda326c3703d87c07b3f719b51b1eb7fb9b7d4abb
FMNoiseSaopin|jsr=0|seed=10339|center=4000|Oracle_FrFT_UpperBound,FMNoiseSaopin,0.0,10339,4000,Oracle_FrFT_UpperBound,ORACLE_DIAGNOSTIC_ONLY;NOT_FAIR;NOT_RL_ELIGIBLE,ORACLE_DIAGNOSTIC_ONLY,unified/pass,PASS,29.966801169839886,28.809887253326096,-1.1569139165137905,True,True,True,0,0,2,2,-0.913415746172999,TARGET_PRESERVED,0.9,1.0,0.09999999999999998,0.089,0.0,False,0.0,0.0,80000,8a015e3f860296dd3aca796cda326c3703d87c07b3f719b51b1eb7fb9b7d4abb
FMNoiseSaopin|jsr=0|seed=10340|center=1000|Oracle_FrFT_UpperBound,FMNoiseSaopin,0.0,10340,1000,Oracle_FrFT_UpperBound,ORACLE_DIAGNOSTIC_ONLY;NOT_FAIR;NOT_RL_ELIGIBLE,ORACLE_DIAGNOSTIC_ONLY,unified/pass,PASS,29.437450117588163,28.595172699263898,-0.8422774183242652,True,True,True,0,0,1,0,-0.9134157461729969,TARGET_PRESERVED,0.9,1.0,0.09999999999999998,0.089,0.5024054889803226,False,0.0,0.0,80000,8a015e3f860296dd3aca796cda326c3703d87c07b3f719b51b1eb7fb9b7d4abb
FMNoiseSaopin|jsr=0|seed=10340|center=1500|Oracle_FrFT_UpperBound,FMNoiseSaopin,0.0,10340,1500,Oracle_FrFT_UpperBound,ORACLE_DIAGNOSTIC_ONLY;NOT_FAIR;NOT_RL_ELIGIBLE,ORACLE_DIAGNOSTIC_ONLY,unified/pass,PASS,29.249934564222016,28.120016547904548,-1.1299180163174682,True,True,True,0,0,0,0,-0.913415746172999,TARGET_PRESERVED,0.9,1.0,0.09999999999999998,0.089,0.03515840087929669,False,0.0,0.0,80000,8a015e3f860296dd3aca796cda326c3703d87c07b3f719b51b1eb7fb9b7d4abb
FMNoiseSaopin|jsr=0|seed=10340|center=2500|Oracle_FrFT_UpperBound,FMNoiseSaopin,0.0,10340,2500,Oracle_FrFT_UpperBound,ORACLE_DIAGNOSTIC_ONLY;NOT_FAIR;NOT_RL_ELIGIBLE,ORACLE_DIAGNOSTIC_ONLY,unified/pass,PASS,29.2632792474129,28.127695007209432,-1.1355842402034675,True,True,True,0,0,0,0,-0.913415746172999,TARGET_PRESERVED,0.9,1.0,0.09999999999999998,0.089,0.0,False,0.0,0.0,80000,8a015e3f860296dd3aca796cda326c3703d87c07b3f719b51b1eb7fb9b7d4abb
FMNoiseSaopin|jsr=0|seed=10340|center=3500|Oracle_FrFT_UpperBound,FMNoiseSaopin,0.0,10340,3500,Oracle_FrFT_UpperBound,ORACLE_DIAGNOSTIC_ONLY;NOT_FAIR;NOT_RL_ELIGIBLE,ORACLE_DIAGNOSTIC_ONLY,unified/pass,PASS,29.28000720209841,28.169211830719018,-1.1107953713793925,True,True,True,0,0,0,0,-0.913415746172999,TARGET_PRESERVED,0.9,1.0,0.09999999999999998,0.089,0.0,False,0.0,0.0,80000,8a015e3f860296dd3aca796cda326c3703d87c07b3f719b51b1eb7fb9b7d4abb
FMNoiseSaopin|jsr=0|seed=10340|center=4000|Oracle_FrFT_UpperBound,FMNoiseSaopin,0.0,10340,4000,Oracle_FrFT_UpperBound,ORACLE_DIAGNOSTIC_ONLY;NOT_FAIR;NOT_RL_ELIGIBLE,ORACLE_DIAGNOSTIC_ONLY,unified/pass,PASS,29.318582311518966,28.25552633807178,-1.063055973447188,True,True,True,0,0,0,0,-0.913415746172999,TARGET_PRESERVED,0.9,1.0,0.09999999999999998,0.089,0.0,False,0.0,0.0,80000,8a015e3f860296dd3aca796cda326c3703d87c07b3f719b51b1eb7fb9b7d4abb
FMNoiseSaopin|jsr=0|seed=10341|center=1000|Oracle_FrFT_UpperBound,FMNoiseSaopin,0.0,10341,1000,Oracle_FrFT_UpperBound,ORACLE_DIAGNOSTIC_ONLY;NOT_FAIR;NOT_RL_ELIGIBLE,ORACLE_DIAGNOSTIC_ONLY,unified/pass,PASS,32.85902097095884,32.061006999003254,-0.7980139719555837,True,True,True,0,0,0,0,-0.9134157461729969,TARGET_PRESERVED,0.9,1.0,0.09999999999999998,0.089,0.17092368813346306,False,0.0,0.0,80000,8a015e3f860296dd3aca796cda326c3703d87c07b3f719b51b1eb7fb9b7d4abb
FMNoiseSaopin|jsr=0|seed=10341|center=1500|Oracle_FrFT_UpperBound,FMNoiseSaopin,0.0,10341,1500,Oracle_FrFT_UpperBound,ORACLE_DIAGNOSTIC_ONLY;NOT_FAIR;NOT_RL_ELIGIBLE,ORACLE_DIAGNOSTIC_ONLY,unified/pass,PASS,32.83873222827983,31.50864685686578,-1.3300853714140501,True,True,True,0,0,0,0,-0.913415746172999,TARGET_PRESERVED,0.9,1.0,0.09999999999999998,0.089,0.025159136928099114,False,0.0,0.0,80000,8a015e3f860296dd3aca796cda326c3703d87c07b3f719b51b1eb7fb9b7d4abb
FMNoiseSaopin|jsr=0|seed=10341|center=2500|Oracle_FrFT_UpperBound,FMNoiseSaopin,0.0,10341,2500,Oracle_FrFT_UpperBound,ORACLE_DIAGNOSTIC_ONLY;NOT_FAIR;NOT_RL_ELIGIBLE,ORACLE_DIAGNOSTIC_ONLY,unified/pass,PASS,32.726327999924564,31.394847657285787,-1.331480342638777,True,True,True,0,0,1,0,-0.913415746172999,TARGET_PRESERVED,0.9,1.0,0.09999999999999998,0.089,0.0,False,0.0,0.0,80000,8a015e3f860296dd3aca796cda326c3703d87c07b3f719b51b1eb7fb9b7d4abb
FMNoiseSaopin|jsr=0|seed=10341|center=3500|Oracle_FrFT_UpperBound,FMNoiseSaopin,0.0,10341,3500,Oracle_FrFT_UpperBound,ORACLE_DIAGNOSTIC_ONLY;NOT_FAIR;NOT_RL_ELIGIBLE,ORACLE_DIAGNOSTIC_ONLY,unified/pass,PASS,32.71834943043761,31.393092565632415,-1.3252568648051977,True,True,True,0,0,0,0,-0.913415746172999,TARGET_PRESERVED,0.9,1.0,0.09999999999999998,0.089,0.0,False,0.0,0.0,80000,8a015e3f860296dd3aca796cda326c3703d87c07b3f719b51b1eb7fb9b7d4abb
FMNoiseSaopin|jsr=0|seed=10341|center=4000|Oracle_FrFT_UpperBound,FMNoiseSaopin,0.0,10341,4000,Oracle_FrFT_UpperBound,ORACLE_DIAGNOSTIC_ONLY;NOT_FAIR;NOT_RL_ELIGIBLE,ORACLE_DIAGNOSTIC_ONLY,unified/pass,PASS,32.70391552415289,31.390138693875954,-1.313776830276936,True,True,True,0,0,0,0,-0.913415746172999,TARGET_PRESERVED,0.9,1.0,0.09999999999999998,0.089,0.0,False,0.0,0.0,80000,8a015e3f860296dd3aca796cda326c3703d87c07b3f719b51b1eb7fb9b7d4abb
FMNoiseSaopin|jsr=0|seed=10342|center=1000|Oracle_FrFT_UpperBound,FMNoiseSaopin,0.0,10342,1000,Oracle_FrFT_UpperBound,ORACLE_DIAGNOSTIC_ONLY;NOT_FAIR;NOT_RL_ELIGIBLE,ORACLE_DIAGNOSTIC_ONLY,unified/pass,PASS,29.74716519202522,29.076354921778908,-0.6708102702463137,True,True,True,0,0,0,0,-0.9134157461729969,TARGET_PRESERVED,0.9,1.0,0.09999999999999998,0.089,0.42307669631798916,False,0.0,0.0,80000,8a015e3f860296dd3aca796cda326c3703d87c07b3f719b51b1eb7fb9b7d4abb
FMNoiseSaopin|jsr=0|seed=10342|center=1500|Oracle_FrFT_UpperBound,FMNoiseSaopin,0.0,10342,1500,Oracle_FrFT_UpperBound,ORACLE_DIAGNOSTIC_ONLY;NOT_FAIR;NOT_RL_ELIGIBLE,ORACLE_DIAGNOSTIC_ONLY,unified/pass,PASS,29.94527865531111,28.796940977299606,-1.1483376780115044,True,True,True,0,0,0,0,-0.913415746172999,TARGET_PRESERVED,0.9,1.0,0.09999999999999998,0.089,0.026568685642245918,False,0.0,0.0,80000,8a015e3f860296dd3aca796cda326c3703d87c07b3f719b51b1eb7fb9b7d4abb
FMNoiseSaopin|jsr=0|seed=10342|center=2500|Oracle_FrFT_UpperBound,FMNoiseSaopin,0.0,10342,2500,Oracle_FrFT_UpperBound,ORACLE_DIAGNOSTIC_ONLY;NOT_FAIR;NOT_RL_ELIGIBLE,ORACLE_DIAGNOSTIC_ONLY,unified/pass,PASS,29.82374785544974,28.692280287100594,-1.1314675683491444,True,True,True,0,0,0,0,-0.913415746172999,TARGET_PRESERVED,0.9,1.0,0.09999999999999998,0.089,0.0,False,0.0,0.0,80000,8a015e3f860296dd3aca796cda326c3703d87c07b3f719b51b1eb7fb9b7d4abb
FMNoiseSaopin|jsr=0|seed=10342|center=3500|Oracle_FrFT_UpperBound,FMNoiseSaopin,0.0,10342,3500,Oracle_FrFT_UpperBound,ORACLE_DIAGNOSTIC_ONLY;NOT_FAIR;NOT_RL_ELIGIBLE,ORACLE_DIAGNOSTIC_ONLY,unified/pass,PASS,30.025136869008506,28.8838498254798,-1.1412870435287061,True,True,True,0,0,1,0,-0.913415746172999,TARGET_PRESERVED,0.9,1.0,0.09999999999999998,0.089,0.0,False,0.0,0.0,80000,8a015e3f860296dd3aca796cda326c3703d87c07b3f719b51b1eb7fb9b7d4abb
FMNoiseSaopin|jsr=0|seed=10342|center=4000|Oracle_FrFT_UpperBound,FMNoiseSaopin,0.0,10342,4000,Oracle_FrFT_UpperBound,ORACLE_DIAGNOSTIC_ONLY;NOT_FAIR;NOT_RL_ELIGIBLE,ORACLE_DIAGNOSTIC_ONLY,unified/pass,PASS,29.91853325071252,28.808116818108836,-1.1104164326036852,True,True,True,0,0,0,0,-0.913415746172999,TARGET_PRESERVED,0.9,1.0,0.09999999999999998,0.089,0.0,False,0.0,0.0,80000,8a015e3f860296dd3aca796cda326c3703d87c07b3f719b51b1eb7fb9b7d4abb
FMNoiseSaopin|jsr=0|seed=10343|center=1000|Oracle_FrFT_UpperBound,FMNoiseSaopin,0.0,10343,1000,Oracle_FrFT_UpperBound,ORACLE_DIAGNOSTIC_ONLY;NOT_FAIR;NOT_RL_ELIGIBLE,ORACLE_DIAGNOSTIC_ONLY,unified/pass,PASS,29.71538664101243,29.125323806971835,-0.5900628340405945,True,True,True,0,0,0,0,-0.9134157461729969,TARGET_PRESERVED,0.9,1.0,0.09999999999999998,0.089,0.4271137312087476,False,0.0,0.0,80000,8a015e3f860296dd3aca796cda326c3703d87c07b3f719b51b1eb7fb9b7d4abb
FMNoiseSaopin|jsr=0|seed=10343|center=1500|Oracle_FrFT_UpperBound,FMNoiseSaopin,0.0,10343,1500,Oracle_FrFT_UpperBound,ORACLE_DIAGNOSTIC_ONLY;NOT_FAIR;NOT_RL_ELIGIBLE,ORACLE_DIAGNOSTIC_ONLY,unified/pass,PASS,30.007902195671612,28.83822841061064,-1.1696737850609722,True,True,True,0,0,0,0,-0.913415746172999,TARGET_PRESERVED,0.9,1.0,0.09999999999999998,0.089,0.02985753463591661,False,0.0,0.0,80000,8a015e3f860296dd3aca796cda326c3703d87c07b3f719b51b1eb7fb9b7d4abb
FMNoiseSaopin|jsr=0|seed=10343|center=2500|Oracle_FrFT_UpperBound,FMNoiseSaopin,0.0,10343,2500,Oracle_FrFT_UpperBound,ORACLE_DIAGNOSTIC_ONLY;NOT_FAIR;NOT_RL_ELIGIBLE,ORACLE_DIAGNOSTIC_ONLY,unified/pass,PASS,29.89407692744486,28.731827105972762,-1.1622498214720984,True,True,True,0,0,0,0,-0.913415746172999,TARGET_PRESERVED,0.9,1.0,0.09999999999999998,0.089,0.0,False,0.0,0.0,80000,8a015e3f860296dd3aca796cda326c3703d87c07b3f719b51b1eb7fb9b7d4abb
FMNoiseSaopin|jsr=0|seed=10343|center=3500|Oracle_FrFT_UpperBound,FMNoiseSaopin,0.0,10343,3500,Oracle_FrFT_UpperBound,ORACLE_DIAGNOSTIC_ONLY;NOT_FAIR;NOT_RL_ELIGIBLE,ORACLE_DIAGNOSTIC_ONLY,unified/pass,PASS,29.820162688451862,28.708074179444473,-1.112088509007389,True,True,True,0,0,0,0,-0.913415746172999,TARGET_PRESERVED,0.9,1.0,0.09999999999999998,0.089,0.0,False,0.0,0.0,80000,8a015e3f860296dd3aca796cda326c3703d87c07b3f719b51b1eb7fb9b7d4abb
FMNoiseSaopin|jsr=0|seed=10343|center=4000|Oracle_FrFT_UpperBound,FMNoiseSaopin,0.0,10343,4000,Oracle_FrFT_UpperBound,ORACLE_DIAGNOSTIC_ONLY;NOT_FAIR;NOT_RL_ELIGIBLE,ORACLE_DIAGNOSTIC_ONLY,unified/pass,PASS,29.77246590354543,28.69897178410291,-1.0734941194425218,True,True,True,0,0,1,0,-0.913415746172999,TARGET_PRESERVED,0.9,1.0,0.09999999999999998,0.089,0.0,False,0.0,0.0,80000,8a015e3f860296dd3aca796cda326c3703d87c07b3f719b51b1eb7fb9b7d4abb
FMNoiseSaopin|jsr=0|seed=10344|center=1000|Oracle_FrFT_UpperBound,FMNoiseSaopin,0.0,10344,1000,Oracle_FrFT_UpperBound,ORACLE_DIAGNOSTIC_ONLY;NOT_FAIR;NOT_RL_ELIGIBLE,ORACLE_DIAGNOSTIC_ONLY,unified/pass,PASS,29.58373008386163,28.851544733365948,-0.7321853504956835,True,True,True,0,0,0,1,-0.9134157461729969,TARGET_PRESERVED,0.9,1.0,0.09999999999999998,0.089,0.4949967798336238,False,0.0,0.0,80000,8a015e3f860296dd3aca796cda326c3703d87c07b3f719b51b1eb7fb9b7d4abb
FMNoiseSaopin|jsr=0|seed=10344|center=1500|Oracle_FrFT_UpperBound,FMNoiseSaopin,0.0,10344,1500,Oracle_FrFT_UpperBound,ORACLE_DIAGNOSTIC_ONLY;NOT_FAIR;NOT_RL_ELIGIBLE,ORACLE_DIAGNOSTIC_ONLY,unified/pass,PASS,29.270521339682183,28.16942511704697,-1.1010962226352135,True,True,True,0,0,0,0,-0.913415746172999,TARGET_PRESERVED,0.9,1.0,0.09999999999999998,0.089,0.04267454251284525,False,0.0,0.0,80000,8a015e3f860296dd3aca796cda326c3703d87c07b3f719b51b1eb7fb9b7d4abb
FMNoiseSaopin|jsr=0|seed=10344|center=2500|Oracle_FrFT_UpperBound,FMNoiseSaopin,0.0,10344,2500,Oracle_FrFT_UpperBound,ORACLE_DIAGNOSTIC_ONLY;NOT_FAIR;NOT_RL_ELIGIBLE,ORACLE_DIAGNOSTIC_ONLY,unified/pass,PASS,29.29198370181538,28.18317599122293,-1.1088077105924476,True,True,True,0,0,1,2,-0.913415746172999,TARGET_PRESERVED,0.9,1.0,0.09999999999999998,0.089,0.0,False,0.0,0.0,80000,8a015e3f860296dd3aca796cda326c3703d87c07b3f719b51b1eb7fb9b7d4abb
FMNoiseSaopin|jsr=0|seed=10344|center=3500|Oracle_FrFT_UpperBound,FMNoiseSaopin,0.0,10344,3500,Oracle_FrFT_UpperBound,ORACLE_DIAGNOSTIC_ONLY;NOT_FAIR;NOT_RL_ELIGIBLE,ORACLE_DIAGNOSTIC_ONLY,unified/pass,PASS,29.238960171121626,28.175629802810146,-1.0633303683114796,True,True,True,0,0,1,2,-0.913415746172999,TARGET_PRESERVED,0.9,1.0,0.09999999999999998,0.089,0.0,False,0.0,0.0,80000,8a015e3f860296dd3aca796cda326c3703d87c07b3f719b51b1eb7fb9b7d4abb
FMNoiseSaopin|jsr=0|seed=10344|center=4000|Oracle_FrFT_UpperBound,FMNoiseSaopin,0.0,10344,4000,Oracle_FrFT_UpperBound,ORACLE_DIAGNOSTIC_ONLY;NOT_FAIR;NOT_RL_ELIGIBLE,ORACLE_DIAGNOSTIC_ONLY,unified/pass,PASS,29.31412173071921,28.209744080940403,-1.104377649778808,True,True,True,0,0,1,1,-0.913415746172999,TARGET_PRESERVED,0.9,1.0,0.09999999999999998,0.089,0.0,False,0.0,0.0,80000,8a015e3f860296dd3aca796cda326c3703d87c07b3f719b51b1eb7fb9b7d4abb
FMNoiseSaopin|jsr=0|seed=10345|center=1000|Oracle_FrFT_UpperBound,FMNoiseSaopin,0.0,10345,1000,Oracle_FrFT_UpperBound,ORACLE_DIAGNOSTIC_ONLY;NOT_FAIR;NOT_RL_ELIGIBLE,ORACLE_DIAGNOSTIC_ONLY,unified/pass,PASS,29.404642792860574,28.67253899009261,-0.7321038027679627,True,True,True,0,0,1,1,-0.9134157461729969,TARGET_PRESERVED,0.9,1.0,0.09999999999999998,0.089,0.5135458585861103,False,0.0,0.0,80000,8a015e3f860296dd3aca796cda326c3703d87c07b3f719b51b1eb7fb9b7d4abb
FMNoiseSaopin|jsr=0|seed=10345|center=1500|Oracle_FrFT_UpperBound,FMNoiseSaopin,0.0,10345,1500,Oracle_FrFT_UpperBound,ORACLE_DIAGNOSTIC_ONLY;NOT_FAIR;NOT_RL_ELIGIBLE,ORACLE_DIAGNOSTIC_ONLY,unified/pass,PASS,29.222032771815787,28.104310577436074,-1.1177221943797129,True,True,True,0,0,0,0,-0.913415746172999,TARGET_PRESERVED,0.9,1.0,0.09999999999999998,0.089,0.041813033436725607,False,0.0,0.0,80000,8a015e3f860296dd3aca796cda326c3703d87c07b3f719b51b1eb7fb9b7d4abb
FMNoiseSaopin|jsr=0|seed=10345|center=2500|Oracle_FrFT_UpperBound,FMNoiseSaopin,0.0,10345,2500,Oracle_FrFT_UpperBound,ORACLE_DIAGNOSTIC_ONLY;NOT_FAIR;NOT_RL_ELIGIBLE,ORACLE_DIAGNOSTIC_ONLY,unified/pass,PASS,29.38561167984181,28.275494993290003,-1.1101166865518053,True,True,True,0,0,1,1,-0.913415746172999,TARGET_PRESERVED,0.9,1.0,0.09999999999999998,0.089,0.0,False,0.0,0.0,80000,8a015e3f860296dd3aca796cda326c3703d87c07b3f719b51b1eb7fb9b7d4abb
FMNoiseSaopin|jsr=0|seed=10345|center=3500|Oracle_FrFT_UpperBound,FMNoiseSaopin,0.0,10345,3500,Oracle_FrFT_UpperBound,ORACLE_DIAGNOSTIC_ONLY;NOT_FAIR;NOT_RL_ELIGIBLE,ORACLE_DIAGNOSTIC_ONLY,unified/pass,PASS,29.300485433498935,28.179744164012956,-1.120741269485979,True,True,True,0,0,2,2,-0.913415746172999,TARGET_PRESERVED,0.9,1.0,0.09999999999999998,0.089,0.0,False,0.0,0.0,80000,8a015e3f860296dd3aca796cda326c3703d87c07b3f719b51b1eb7fb9b7d4abb
FMNoiseSaopin|jsr=0|seed=10345|center=4000|Oracle_FrFT_UpperBound,FMNoiseSaopin,0.0,10345,4000,Oracle_FrFT_UpperBound,ORACLE_DIAGNOSTIC_ONLY;NOT_FAIR;NOT_RL_ELIGIBLE,ORACLE_DIAGNOSTIC_ONLY,unified/pass,PASS,29.293737797421187,28.19465211850244,-1.0990856789187475,True,True,True,0,0,2,2,-0.913415746172999,TARGET_PRESERVED,0.9,1.0,0.09999999999999998,0.089,0.0,False,0.0,0.0,80000,8a015e3f860296dd3aca796cda326c3703d87c07b3f719b51b1eb7fb9b7d4abb
FMNoiseSaopin|jsr=0|seed=10346|center=1000|Oracle_FrFT_UpperBound,FMNoiseSaopin,0.0,10346,1000,Oracle_FrFT_UpperBound,ORACLE_DIAGNOSTIC_ONLY;NOT_FAIR;NOT_RL_ELIGIBLE,ORACLE_DIAGNOSTIC_ONLY,unified/pass,PASS,29.406376417327206,28.66733483883219,-0.7390415784950157,True,True,True,0,0,1,0,-0.9134157461729969,TARGET_PRESERVED,0.9,1.0,0.09999999999999998,0.089,0.5085992599574211,False,0.0,0.0,80000,8a015e3f860296dd3aca796cda326c3703d87c07b3f719b51b1eb7fb9b7d4abb
FMNoiseSaopin|jsr=0|seed=10346|center=1500|Oracle_FrFT_UpperBound,FMNoiseSaopin,0.0,10346,1500,Oracle_FrFT_UpperBound,ORACLE_DIAGNOSTIC_ONLY;NOT_FAIR;NOT_RL_ELIGIBLE,ORACLE_DIAGNOSTIC_ONLY,unified/pass,PASS,29.268969290745616,28.166453160647706,-1.1025161300979107,True,True,True,0,0,0,0,-0.913415746172999,TARGET_PRESERVED,0.9,1.0,0.09999999999999998,0.089,0.027298194946596282,False,0.0,0.0,80000,8a015e3f860296dd3aca796cda326c3703d87c07b3f719b51b1eb7fb9b7d4abb
FMNoiseSaopin|jsr=0|seed=10346|center=2500|Oracle_FrFT_UpperBound,FMNoiseSaopin,0.0,10346,2500,Oracle_FrFT_UpperBound,ORACLE_DIAGNOSTIC_ONLY;NOT_FAIR;NOT_RL_ELIGIBLE,ORACLE_DIAGNOSTIC_ONLY,unified/pass,PASS,29.26652452507917,28.137205407316273,-1.129319117762897,True,True,True,0,0,0,0,-0.913415746172999,TARGET_PRESERVED,0.9,1.0,0.09999999999999998,0.089,0.0,False,0.0,0.0,80000,8a015e3f860296dd3aca796cda326c3703d87c07b3f719b51b1eb7fb9b7d4abb
FMNoiseSaopin|jsr=0|seed=10346|center=3500|Oracle_FrFT_UpperBound,FMNoiseSaopin,0.0,10346,3500,Oracle_FrFT_UpperBound,ORACLE_DIAGNOSTIC_ONLY;NOT_FAIR;NOT_RL_ELIGIBLE,ORACLE_DIAGNOSTIC_ONLY,unified/pass,PASS,29.205970830185723,28.081230607494327,-1.124740222691397,True,True,True,0,0,0,0,-0.913415746172999,TARGET_PRESERVED,0.9,1.0,0.09999999999999998,0.089,0.0,False,0.0,0.0,80000,8a015e3f860296dd3aca796cda326c3703d87c07b3f719b51b1eb7fb9b7d4abb
FMNoiseSaopin|jsr=0|seed=10346|center=4000|Oracle_FrFT_UpperBound,FMNoiseSaopin,0.0,10346,4000,Oracle_FrFT_UpperBound,ORACLE_DIAGNOSTIC_ONLY;NOT_FAIR;NOT_RL_ELIGIBLE,ORACLE_DIAGNOSTIC_ONLY,unified/pass,PASS,29.382139778211695,28.26987824849368,-1.1122615297180154,True,True,True,0,0,0,0,-0.913415746172999,TARGET_PRESERVED,0.9,1.0,0.09999999999999998,0.089,0.0,False,0.0,0.0,80000,8a015e3f860296dd3aca796cda326c3703d87c07b3f719b51b1eb7fb9b7d4abb
FMNoiseSaopin|jsr=0|seed=10347|center=1000|Oracle_FrFT_UpperBound,FMNoiseSaopin,0.0,10347,1000,Oracle_FrFT_UpperBound,ORACLE_DIAGNOSTIC_ONLY;NOT_FAIR;NOT_RL_ELIGIBLE,ORACLE_DIAGNOSTIC_ONLY,unified/pass,PASS,29.806077481115434,29.115933365567756,-0.6901441155476782,True,True,True,0,0,0,0,-0.9134157461729969,TARGET_PRESERVED,0.9,1.0,0.09999999999999998,0.089,0.4234205030399186,False,0.0,0.0,80000,8a015e3f860296dd3aca796cda326c3703d87c07b3f719b51b1eb7fb9b7d4abb
FMNoiseSaopin|jsr=0|seed=10347|center=1500|Oracle_FrFT_UpperBound,FMNoiseSaopin,0.0,10347,1500,Oracle_FrFT_UpperBound,ORACLE_DIAGNOSTIC_ONLY;NOT_FAIR;NOT_RL_ELIGIBLE,ORACLE_DIAGNOSTIC_ONLY,unified/pass,PASS,30.160595705086635,29.007153099635744,-1.1534426054508913,True,True,True,0,0,0,0,-0.913415746172999,TARGET_PRESERVED,0.9,1.0,0.09999999999999998,0.089,0.0400169863972982,False,0.0,0.0,80000,8a015e3f860296dd3aca796cda326c3703d87c07b3f719b51b1eb7fb9b7d4abb
FMNoiseSaopin|jsr=0|seed=10347|center=2500|Oracle_FrFT_UpperBound,FMNoiseSaopin,0.0,10347,2500,Oracle_FrFT_UpperBound,ORACLE_DIAGNOSTIC_ONLY;NOT_FAIR;NOT_RL_ELIGIBLE,ORACLE_DIAGNOSTIC_ONLY,unified/pass,PASS,30.055847751638034,28.933229883988684,-1.1226178676493497,True,True,True,0,0,0,0,-0.913415746172999,TARGET_PRESERVED,0.9,1.0,0.09999999999999998,0.089,0.0,False,0.0,0.0,80000,8a015e3f860296dd3aca796cda326c3703d87c07b3f719b51b1eb7fb9b7d4abb
FMNoiseSaopin|jsr=0|seed=10347|center=3500|Oracle_FrFT_UpperBound,FMNoiseSaopin,0.0,10347,3500,Oracle_FrFT_UpperBound,ORACLE_DIAGNOSTIC_ONLY;NOT_FAIR;NOT_RL_ELIGIBLE,ORACLE_DIAGNOSTIC_ONLY,unified/pass,PASS,30.165010955169397,28.990320881975688,-1.1746900731937089,True,True,True,0,0,0,0,-0.913415746172999,TARGET_PRESERVED,0.9,1.0,0.09999999999999998,0.089,0.0,False,0.0,0.0,80000,8a015e3f860296dd3aca796cda326c3703d87c07b3f719b51b1eb7fb9b7d4abb
FMNoiseSaopin|jsr=0|seed=10347|center=4000|Oracle_FrFT_UpperBound,FMNoiseSaopin,0.0,10347,4000,Oracle_FrFT_UpperBound,ORACLE_DIAGNOSTIC_ONLY;NOT_FAIR;NOT_RL_ELIGIBLE,ORACLE_DIAGNOSTIC_ONLY,unified/pass,PASS,30.235137030997876,29.115918834825656,-1.1192181961722198,True,True,True,0,0,0,0,-0.913415746172999,TARGET_PRESERVED,0.9,1.0,0.09999999999999998,0.089,0.0,False,0.0,0.0,80000,8a015e3f860296dd3aca796cda326c3703d87c07b3f719b51b1eb7fb9b7d4abb
FMNoiseSaopin|jsr=0|seed=10348|center=1000|Oracle_FrFT_UpperBound,FMNoiseSaopin,0.0,10348,1000,Oracle_FrFT_UpperBound,ORACLE_DIAGNOSTIC_ONLY;NOT_FAIR;NOT_RL_ELIGIBLE,ORACLE_DIAGNOSTIC_ONLY,unified/pass,PASS,29.57593962640062,29.024097076783157,-0.5518425496174615,True,True,True,0,0,2,2,-0.9134157461729969,TARGET_PRESERVED,0.9,1.0,0.09999999999999998,0.089,0.4237922850526675,False,0.0,0.0,80000,8a015e3f860296dd3aca796cda326c3703d87c07b3f719b51b1eb7fb9b7d4abb
FMNoiseSaopin|jsr=0|seed=10348|center=1500|Oracle_FrFT_UpperBound,FMNoiseSaopin,0.0,10348,1500,Oracle_FrFT_UpperBound,ORACLE_DIAGNOSTIC_ONLY;NOT_FAIR;NOT_RL_ELIGIBLE,ORACLE_DIAGNOSTIC_ONLY,unified/pass,PASS,29.966609349969175,28.84907732345814,-1.1175320265110358,True,True,True,0,0,2,2,-0.913415746172999,TARGET_PRESERVED,0.9,1.0,0.09999999999999998,0.089,0.026815431891089536,False,0.0,0.0,80000,8a015e3f860296dd3aca796cda326c3703d87c07b3f719b51b1eb7fb9b7d4abb
FMNoiseSaopin|jsr=0|seed=10348|center=2500|Oracle_FrFT_UpperBound,FMNoiseSaopin,0.0,10348,2500,Oracle_FrFT_UpperBound,ORACLE_DIAGNOSTIC_ONLY;NOT_FAIR;NOT_RL_ELIGIBLE,ORACLE_DIAGNOSTIC_ONLY,unified/pass,PASS,29.824992703544705,28.71156113233536,-1.1134315712093468,True,True,True,0,0,1,1,-0.913415746172999,TARGET_PRESERVED,0.9,1.0,0.09999999999999998,0.089,0.0,False,0.0,0.0,80000,8a015e3f860296dd3aca796cda326c3703d87c07b3f719b51b1eb7fb9b7d4abb
FMNoiseSaopin|jsr=0|seed=10348|center=3500|Oracle_FrFT_UpperBound,FMNoiseSaopin,0.0,10348,3500,Oracle_FrFT_UpperBound,ORACLE_DIAGNOSTIC_ONLY;NOT_FAIR;NOT_RL_ELIGIBLE,ORACLE_DIAGNOSTIC_ONLY,unified/pass,PASS,29.895470589443494,28.734199033601996,-1.1612715558414983,True,True,True,0,0,0,0,-0.913415746172999,TARGET_PRESERVED,0.9,1.0,0.09999999999999998,0.089,0.0,False,0.0,0.0,80000,8a015e3f860296dd3aca796cda326c3703d87c07b3f719b51b1eb7fb9b7d4abb
FMNoiseSaopin|jsr=0|seed=10348|center=4000|Oracle_FrFT_UpperBound,FMNoiseSaopin,0.0,10348,4000,Oracle_FrFT_UpperBound,ORACLE_DIAGNOSTIC_ONLY;NOT_FAIR;NOT_RL_ELIGIBLE,ORACLE_DIAGNOSTIC_ONLY,unified/pass,PASS,30.009108984007312,28.847746047178585,-1.161362936828727,True,True,True,0,0,0,0,-0.913415746172999,TARGET_PRESERVED,0.9,1.0,0.09999999999999998,0.089,0.0,False,0.0,0.0,80000,8a015e3f860296dd3aca796cda326c3703d87c07b3f719b51b1eb7fb9b7d4abb
FMNoiseSaopin|jsr=0|seed=10349|center=1000|Oracle_FrFT_UpperBound,FMNoiseSaopin,0.0,10349,1000,Oracle_FrFT_UpperBound,ORACLE_DIAGNOSTIC_ONLY;NOT_FAIR;NOT_RL_ELIGIBLE,ORACLE_DIAGNOSTIC_ONLY,unified/pass,PASS,29.951626539509224,29.292380212492763,-0.6592463270164615,True,True,True,0,0,0,0,-0.9134157461729969,TARGET_PRESERVED,0.9,1.0,0.09999999999999998,0.089,0.40121487395227307,False,0.0,0.0,80000,8a015e3f860296dd3aca796cda326c3703d87c07b3f719b51b1eb7fb9b7d4abb
FMNoiseSaopin|jsr=0|seed=10349|center=1500|Oracle_FrFT_UpperBound,FMNoiseSaopin,0.0,10349,1500,Oracle_FrFT_UpperBound,ORACLE_DIAGNOSTIC_ONLY;NOT_FAIR;NOT_RL_ELIGIBLE,ORACLE_DIAGNOSTIC_ONLY,unified/pass,PASS,30.187677171749243,29.045475911657846,-1.1422012600913973,True,True,True,0,0,0,0,-0.913415746172999,TARGET_PRESERVED,0.9,1.0,0.09999999999999998,0.089,0.0249003897216104,False,0.0,0.0,80000,8a015e3f860296dd3aca796cda326c3703d87c07b3f719b51b1eb7fb9b7d4abb
FMNoiseSaopin|jsr=0|seed=10349|center=2500|Oracle_FrFT_UpperBound,FMNoiseSaopin,0.0,10349,2500,Oracle_FrFT_UpperBound,ORACLE_DIAGNOSTIC_ONLY;NOT_FAIR;NOT_RL_ELIGIBLE,ORACLE_DIAGNOSTIC_ONLY,unified/pass,PASS,30.24594720721954,29.11592450491233,-1.1300227023072118,True,True,True,0,0,0,0,-0.913415746172999,TARGET_PRESERVED,0.9,1.0,0.09999999999999998,0.089,0.0,False,0.0,0.0,80000,8a015e3f860296dd3aca796cda326c3703d87c07b3f719b51b1eb7fb9b7d4abb
FMNoiseSaopin|jsr=0|seed=10349|center=3500|Oracle_FrFT_UpperBound,FMNoiseSaopin,0.0,10349,3500,Oracle_FrFT_UpperBound,ORACLE_DIAGNOSTIC_ONLY;NOT_FAIR;NOT_RL_ELIGIBLE,ORACLE_DIAGNOSTIC_ONLY,unified/pass,PASS,30.277002618713055,29.1520209436581,-1.1249816750549542,True,True,True,0,0,1,0,-0.913415746172999,TARGET_PRESERVED,0.9,1.0,0.09999999999999998,0.089,0.0,False,0.0,0.0,80000,8a015e3f860296dd3aca796cda326c3703d87c07b3f719b51b1eb7fb9b7d4abb
FMNoiseSaopin|jsr=0|seed=10349|center=4000|Oracle_FrFT_UpperBound,FMNoiseSaopin,0.0,10349,4000,Oracle_FrFT_UpperBound,ORACLE_DIAGNOSTIC_ONLY;NOT_FAIR;NOT_RL_ELIGIBLE,ORACLE_DIAGNOSTIC_ONLY,unified/pass,PASS,30.20463891595933,29.043864906843282,-1.1607740091160466,True,True,True,0,0,2,0,-0.913415746172999,TARGET_PRESERVED,0.9,1.0,0.09999999999999998,0.089,0.0,False,0.0,0.0,80000,8a015e3f860296dd3aca796cda326c3703d87c07b3f719b51b1eb7fb9b7d4abb
FMNoiseSaopin|jsr=10|seed=10300|center=1000|Oracle_FrFT_UpperBound,FMNoiseSaopin,10.0,10300,1000,Oracle_FrFT_UpperBound,ORACLE_DIAGNOSTIC_ONLY;NOT_FAIR;NOT_RL_ELIGIBLE,ORACLE_DIAGNOSTIC_ONLY,unified/pass,PASS,20.473336642973997,19.99584935941306,-0.4774872835609365,True,True,True,1,1,1,0,-0.9134157461729969,TARGET_PRESERVED,0.9,1.0,0.09999999999999998,0.089,0.49520596182461174,False,0.0,0.0,80000,8a015e3f860296dd3aca796cda326c3703d87c07b3f719b51b1eb7fb9b7d4abb
FMNoiseSaopin|jsr=10|seed=10300|center=1500|Oracle_FrFT_UpperBound,FMNoiseSaopin,10.0,10300,1500,Oracle_FrFT_UpperBound,ORACLE_DIAGNOSTIC_ONLY;NOT_FAIR;NOT_RL_ELIGIBLE,ORACLE_DIAGNOSTIC_ONLY,unified/pass,PASS,20.06745982002375,19.11904074524425,-0.9484190747795012,True,True,True,0,0,0,0,-0.913415746172999,TARGET_PRESERVED,0.9,1.0,0.09999999999999998,0.089,0.03224512147494958,False,0.0,0.0,80000,8a015e3f860296dd3aca796cda326c3703d87c07b3f719b51b1eb7fb9b7d4abb
FMNoiseSaopin|jsr=10|seed=10300|center=2500|Oracle_FrFT_UpperBound,FMNoiseSaopin,10.0,10300,2500,Oracle_FrFT_UpperBound,ORACLE_DIAGNOSTIC_ONLY;NOT_FAIR;NOT_RL_ELIGIBLE,ORACLE_DIAGNOSTIC_ONLY,unified/pass,PASS,20.05387159138899,19.116378965428634,-0.9374926259603562,True,True,True,0,0,0,0,-0.913415746172999,TARGET_PRESERVED,0.9,1.0,0.09999999999999998,0.089,0.0,False,0.0,0.0,80000,8a015e3f860296dd3aca796cda326c3703d87c07b3f719b51b1eb7fb9b7d4abb
FMNoiseSaopin|jsr=10|seed=10300|center=3500|Oracle_FrFT_UpperBound,FMNoiseSaopin,10.0,10300,3500,Oracle_FrFT_UpperBound,ORACLE_DIAGNOSTIC_ONLY;NOT_FAIR;NOT_RL_ELIGIBLE,ORACLE_DIAGNOSTIC_ONLY,unified/pass,PASS,19.96765354695927,19.057453105385335,-0.9102004415739344,True,True,True,0,0,1,1,-0.913415746172999,TARGET_PRESERVED,0.9,1.0,0.09999999999999998,0.089,0.0,False,0.0,0.0,80000,8a015e3f860296dd3aca796cda326c3703d87c07b3f719b51b1eb7fb9b7d4abb
FMNoiseSaopin|jsr=10|seed=10300|center=4000|Oracle_FrFT_UpperBound,FMNoiseSaopin,10.0,10300,4000,Oracle_FrFT_UpperBound,ORACLE_DIAGNOSTIC_ONLY;NOT_FAIR;NOT_RL_ELIGIBLE,ORACLE_DIAGNOSTIC_ONLY,unified/pass,PASS,19.97691849686253,19.056587301128168,-0.920331195734363,True,True,True,0,0,2,1,-0.913415746172999,TARGET_PRESERVED,0.9,1.0,0.09999999999999998,0.089,0.0,False,0.0,0.0,80000,8a015e3f860296dd3aca796cda326c3703d87c07b3f719b51b1eb7fb9b7d4abb
FMNoiseSaopin|jsr=10|seed=10301|center=1000|Oracle_FrFT_UpperBound,FMNoiseSaopin,10.0,10301,1000,Oracle_FrFT_UpperBound,ORACLE_DIAGNOSTIC_ONLY;NOT_FAIR;NOT_RL_ELIGIBLE,ORACLE_DIAGNOSTIC_ONLY,unified/pass,PASS,19.15431625287704,19.518838671128666,0.36452241825162446,False,False,False,1,1,0,0,-0.9134157461729969,TARGET_PRESERVED,0.9,1.0,0.09999999999999998,0.089,0.4406873589028058,False,0.0,0.0,80000,8a015e3f860296dd3aca796cda326c3703d87c07b3f719b51b1eb7fb9b7d4abb
FMNoiseSaopin|jsr=10|seed=10301|center=1500|Oracle_FrFT_UpperBound,FMNoiseSaopin,10.0,10301,1500,Oracle_FrFT_UpperBound,ORACLE_DIAGNOSTIC_ONLY;NOT_FAIR;NOT_RL_ELIGIBLE,ORACLE_DIAGNOSTIC_ONLY,unified/pass,PASS,20.590218542012085,19.629606683390463,-0.9606118586216219,True,True,True,0,0,0,0,-0.913415746172999,TARGET_PRESERVED,0.9,1.0,0.09999999999999998,0.089,0.036038423176693174,False,0.0,0.0,80000,8a015e3f860296dd3aca796cda326c3703d87c07b3f719b51b1eb7fb9b7d4abb
FMNoiseSaopin|jsr=10|seed=10301|center=2500|Oracle_FrFT_UpperBound,FMNoiseSaopin,10.0,10301,2500,Oracle_FrFT_UpperBound,ORACLE_DIAGNOSTIC_ONLY;NOT_FAIR;NOT_RL_ELIGIBLE,ORACLE_DIAGNOSTIC_ONLY,unified/pass,PASS,20.720087995298503,19.780862465916186,-0.9392255293823162,True,True,True,0,0,1,0,-0.913415746172999,TARGET_PRESERVED,0.9,1.0,0.09999999999999998,0.089,0.0,False,0.0,0.0,80000,8a015e3f860296dd3aca796cda326c3703d87c07b3f719b51b1eb7fb9b7d4abb
FMNoiseSaopin|jsr=10|seed=10301|center=3500|Oracle_FrFT_UpperBound,FMNoiseSaopin,10.0,10301,3500,Oracle_FrFT_UpperBound,ORACLE_DIAGNOSTIC_ONLY;NOT_FAIR;NOT_RL_ELIGIBLE,ORACLE_DIAGNOSTIC_ONLY,unified/pass,PASS,20.689052211718767,19.749415061990135,-0.9396371497286324,True,True,True,0,0,0,0,-0.913415746172999,TARGET_PRESERVED,0.9,1.0,0.09999999999999998,0.089,0.0,False,0.0,0.0,80000,8a015e3f860296dd3aca796cda326c3703d87c07b3f719b51b1eb7fb9b7d4abb
FMNoiseSaopin|jsr=10|seed=10301|center=4000|Oracle_FrFT_UpperBound,FMNoiseSaopin,10.0,10301,4000,Oracle_FrFT_UpperBound,ORACLE_DIAGNOSTIC_ONLY;NOT_FAIR;NOT_RL_ELIGIBLE,ORACLE_DIAGNOSTIC_ONLY,unified/pass,PASS,20.543213909665837,19.618805234088267,-0.9244086755775704,True,True,True,0,0,0,0,-0.913415746172999,TARGET_PRESERVED,0.9,1.0,0.09999999999999998,0.089,0.0,False,0.0,0.0,80000,8a015e3f860296dd3aca796cda326c3703d87c07b3f719b51b1eb7fb9b7d4abb
FMNoiseSaopin|jsr=10|seed=10302|center=1000|Oracle_FrFT_UpperBound,FMNoiseSaopin,10.0,10302,1000,Oracle_FrFT_UpperBound,ORACLE_DIAGNOSTIC_ONLY;NOT_FAIR;NOT_RL_ELIGIBLE,ORACLE_DIAGNOSTIC_ONLY,unified/pass,PASS,20.72144937081042,20.108583763385155,-0.6128656074252632,True,True,True,1,1,0,0,-0.9134157461729969,TARGET_PRESERVED,0.9,1.0,0.09999999999999998,0.089,0.5082347303361996,False,0.0,0.0,80000,8a015e3f860296dd3aca796cda326c3703d87c07b3f719b51b1eb7fb9b7d4abb
FMNoiseSaopin|jsr=10|seed=10302|center=1500|Oracle_FrFT_UpperBound,FMNoiseSaopin,10.0,10302,1500,Oracle_FrFT_UpperBound,ORACLE_DIAGNOSTIC_ONLY;NOT_FAIR;NOT_RL_ELIGIBLE,ORACLE_DIAGNOSTIC_ONLY,unified/pass,PASS,19.827935211499796,18.90920086829543,-0.9187343432043669,True,True,True,0,0,0,1,-0.913415746172999,TARGET_PRESERVED,0.9,1.0,0.09999999999999998,0.089,0.03588144896213918,False,0.0,0.0,80000,8a015e3f860296dd3aca796cda326c3703d87c07b3f719b51b1eb7fb9b7d4abb
FMNoiseSaopin|jsr=10|seed=10302|center=2500|Oracle_FrFT_UpperBound,FMNoiseSaopin,10.0,10302,2500,Oracle_FrFT_UpperBound,ORACLE_DIAGNOSTIC_ONLY;NOT_FAIR;NOT_RL_ELIGIBLE,ORACLE_DIAGNOSTIC_ONLY,unified/pass,PASS,20.002341213750018,19.053738489504887,-0.9486027242451307,True,True,True,0,0,0,0,-0.913415746172999,TARGET_PRESERVED,0.9,1.0,0.09999999999999998,0.089,0.0,False,0.0,0.0,80000,8a015e3f860296dd3aca796cda326c3703d87c07b3f719b51b1eb7fb9b7d4abb
FMNoiseSaopin|jsr=10|seed=10302|center=3500|Oracle_FrFT_UpperBound,FMNoiseSaopin,10.0,10302,3500,Oracle_FrFT_UpperBound,ORACLE_DIAGNOSTIC_ONLY;NOT_FAIR;NOT_RL_ELIGIBLE,ORACLE_DIAGNOSTIC_ONLY,unified/pass,PASS,19.998664861270814,19.027555276176674,-0.9711095850941405,True,True,True,0,0,0,0,-0.913415746172999,TARGET_PRESERVED,0.9,1.0,0.09999999999999998,0.089,0.0,False,0.0,0.0,80000,8a015e3f860296dd3aca796cda326c3703d87c07b3f719b51b1eb7fb9b7d4abb
FMNoiseSaopin|jsr=10|seed=10302|center=4000|Oracle_FrFT_UpperBound,FMNoiseSaopin,10.0,10302,4000,Oracle_FrFT_UpperBound,ORACLE_DIAGNOSTIC_ONLY;NOT_FAIR;NOT_RL_ELIGIBLE,ORACLE_DIAGNOSTIC_ONLY,unified/pass,PASS,19.969073618202923,19.06601024821704,-0.9030633699858832,True,True,True,0,0,0,0,-0.913415746172999,TARGET_PRESERVED,0.9,1.0,0.09999999999999998,0.089,0.0,False,0.0,0.0,80000,8a015e3f860296dd3aca796cda326c3703d87c07b3f719b51b1eb7fb9b7d4abb
FMNoiseSaopin|jsr=10|seed=10303|center=1000|Oracle_FrFT_UpperBound,FMNoiseSaopin,10.0,10303,1000,Oracle_FrFT_UpperBound,ORACLE_DIAGNOSTIC_ONLY;NOT_FAIR;NOT_RL_ELIGIBLE,ORACLE_DIAGNOSTIC_ONLY,unified/pass,PASS,20.346706274919967,19.95220677707312,-0.3944994978468479,True,True,True,1,1,1,0,-0.9134157461729969,TARGET_PRESERVED,0.9,1.0,0.09999999999999998,0.089,0.5001784104758673,False,0.0,0.0,80000,8a015e3f860296dd3aca796cda326c3703d87c07b3f719b51b1eb7fb9b7d4abb
FMNoiseSaopin|jsr=10|seed=10303|center=1500|Oracle_FrFT_UpperBound,FMNoiseSaopin,10.0,10303,1500,Oracle_FrFT_UpperBound,ORACLE_DIAGNOSTIC_ONLY;NOT_FAIR;NOT_RL_ELIGIBLE,ORACLE_DIAGNOSTIC_ONLY,unified/pass,PASS,19.913259223975736,18.961532616091695,-0.9517266078840407,True,True,True,0,0,0,0,-0.913415746172999,TARGET_PRESERVED,0.9,1.0,0.09999999999999998,0.089,0.04513855748761994,False,0.0,0.0,80000,8a015e3f860296dd3aca796cda326c3703d87c07b3f719b51b1eb7fb9b7d4abb
FMNoiseSaopin|jsr=10|seed=10303|center=2500|Oracle_FrFT_UpperBound,FMNoiseSaopin,10.0,10303,2500,Oracle_FrFT_UpperBound,ORACLE_DIAGNOSTIC_ONLY;NOT_FAIR;NOT_RL_ELIGIBLE,ORACLE_DIAGNOSTIC_ONLY,unified/pass,PASS,19.9428856654619,19.036622217472683,-0.9062634479892182,True,True,True,0,0,0,0,-0.913415746172999,TARGET_PRESERVED,0.9,1.0,0.09999999999999998,0.089,0.0,False,0.0,0.0,80000,8a015e3f860296dd3aca796cda326c3703d87c07b3f719b51b1eb7fb9b7d4abb
FMNoiseSaopin|jsr=10|seed=10303|center=3500|Oracle_FrFT_UpperBound,FMNoiseSaopin,10.0,10303,3500,Oracle_FrFT_UpperBound,ORACLE_DIAGNOSTIC_ONLY;NOT_FAIR;NOT_RL_ELIGIBLE,ORACLE_DIAGNOSTIC_ONLY,unified/pass,PASS,19.895828374805212,18.944517625818197,-0.9513107489870158,True,True,True,0,0,1,1,-0.913415746172999,TARGET_PRESERVED,0.9,1.0,0.09999999999999998,0.089,0.0,False,0.0,0.0,80000,8a015e3f860296dd3aca796cda326c3703d87c07b3f719b51b1eb7fb9b7d4abb
FMNoiseSaopin|jsr=10|seed=10303|center=4000|Oracle_FrFT_UpperBound,FMNoiseSaopin,10.0,10303,4000,Oracle_FrFT_UpperBound,ORACLE_DIAGNOSTIC_ONLY;NOT_FAIR;NOT_RL_ELIGIBLE,ORACLE_DIAGNOSTIC_ONLY,unified/pass,PASS,20.03099651729145,19.090439665345126,-0.9405568519463223,True,True,True,0,0,1,1,-0.913415746172999,TARGET_PRESERVED,0.9,1.0,0.09999999999999998,0.089,0.0,False,0.0,0.0,80000,8a015e3f860296dd3aca796cda326c3703d87c07b3f719b51b1eb7fb9b7d4abb
FMNoiseSaopin|jsr=10|seed=10304|center=1000|Oracle_FrFT_UpperBound,FMNoiseSaopin,10.0,10304,1000,Oracle_FrFT_UpperBound,ORACLE_DIAGNOSTIC_ONLY;NOT_FAIR;NOT_RL_ELIGIBLE,ORACLE_DIAGNOSTIC_ONLY,unified/pass,PASS,20.461175683525077,20.349528730458566,-0.1116469530665114,True,True,True,1,1,0,0,-0.9134157461729969,TARGET_PRESERVED,0.9,1.0,0.09999999999999998,0.089,0.4204957776056294,False,0.0,0.0,80000,8a015e3f860296dd3aca796cda326c3703d87c07b3f719b51b1eb7fb9b7d4abb
FMNoiseSaopin|jsr=10|seed=10304|center=1500|Oracle_FrFT_UpperBound,FMNoiseSaopin,10.0,10304,1500,Oracle_FrFT_UpperBound,ORACLE_DIAGNOSTIC_ONLY;NOT_FAIR;NOT_RL_ELIGIBLE,ORACLE_DIAGNOSTIC_ONLY,unified/pass,PASS,20.8157744809523,19.88521677938111,-0.930557701571189,True,True,True,0,0,0,0,-0.913415746172999,TARGET_PRESERVED,0.9,1.0,0.09999999999999998,0.089,0.029835457972942285,False,0.0,0.0,80000,8a015e3f860296dd3aca796cda326c3703d87c07b3f719b51b1eb7fb9b7d4abb
FMNoiseSaopin|jsr=10|seed=10304|center=2500|Oracle_FrFT_UpperBound,FMNoiseSaopin,10.0,10304,2500,Oracle_FrFT_UpperBound,ORACLE_DIAGNOSTIC_ONLY;NOT_FAIR;NOT_RL_ELIGIBLE,ORACLE_DIAGNOSTIC_ONLY,unified/pass,PASS,20.854012134852958,19.893455472243847,-0.9605566626091111,True,True,True,0,0,0,0,-0.913415746172999,TARGET_PRESERVED,0.9,1.0,0.09999999999999998,0.089,0.0,False,0.0,0.0,80000,8a015e3f860296dd3aca796cda326c3703d87c07b3f719b51b1eb7fb9b7d4abb
FMNoiseSaopin|jsr=10|seed=10304|center=3500|Oracle_FrFT_UpperBound,FMNoiseSaopin,10.0,10304,3500,Oracle_FrFT_UpperBound,ORACLE_DIAGNOSTIC_ONLY;NOT_FAIR;NOT_RL_ELIGIBLE,ORACLE_DIAGNOSTIC_ONLY,unified/pass,PASS,20.783211109533465,19.85560544434182,-0.9276056651916456,True,True,True,0,0,1,0,-0.913415746172999,TARGET_PRESERVED,0.9,1.0,0.09999999999999998,0.089,0.0,False,0.0,0.0,80000,8a015e3f860296dd3aca796cda326c3703d87c07b3f719b51b1eb7fb9b7d4abb
FMNoiseSaopin|jsr=10|seed=10304|center=4000|Oracle_FrFT_UpperBound,FMNoiseSaopin,10.0,10304,4000,Oracle_FrFT_UpperBound,ORACLE_DIAGNOSTIC_ONLY;NOT_FAIR;NOT_RL_ELIGIBLE,ORACLE_DIAGNOSTIC_ONLY,unified/pass,PASS,20.80195535303549,19.88659069365466,-0.9153646593808276,True,True,True,0,0,0,0,-0.913415746172999,TARGET_PRESERVED,0.9,1.0,0.09999999999999998,0.089,0.0,False,0.0,0.0,80000,8a015e3f860296dd3aca796cda326c3703d87c07b3f719b51b1eb7fb9b7d4abb
FMNoiseSaopin|jsr=10|seed=10305|center=1000|Oracle_FrFT_UpperBound,FMNoiseSaopin,10.0,10305,1000,Oracle_FrFT_UpperBound,ORACLE_DIAGNOSTIC_ONLY;NOT_FAIR;NOT_RL_ELIGIBLE,ORACLE_DIAGNOSTIC_ONLY,unified/pass,PASS,20.652703199848972,19.84572282621152,-0.806980373637451,True,True,True,1,1,0,0,-0.9134157461729969,TARGET_PRESERVED,0.9,1.0,0.09999999999999998,0.089,0.4915861481626813,False,0.0,0.0,80000,8a015e3f860296dd3aca796cda326c3703d87c07b3f719b51b1eb7fb9b7d4abb
FMNoiseSaopin|jsr=10|seed=10305|center=1500|Oracle_FrFT_UpperBound,FMNoiseSaopin,10.0,10305,1500,Oracle_FrFT_UpperBound,ORACLE_DIAGNOSTIC_ONLY;NOT_FAIR;NOT_RL_ELIGIBLE,ORACLE_DIAGNOSTIC_ONLY,unified/pass,PASS,19.94056648408365,18.993610948648715,-0.9469555354349346,True,True,True,0,0,0,0,-0.913415746172999,TARGET_PRESERVED,0.9,1.0,0.09999999999999998,0.089,0.022811632514050436,False,0.0,0.0,80000,8a015e3f860296dd3aca796cda326c3703d87c07b3f719b51b1eb7fb9b7d4abb
FMNoiseSaopin|jsr=10|seed=10305|center=2500|Oracle_FrFT_UpperBound,FMNoiseSaopin,10.0,10305,2500,Oracle_FrFT_UpperBound,ORACLE_DIAGNOSTIC_ONLY;NOT_FAIR;NOT_RL_ELIGIBLE,ORACLE_DIAGNOSTIC_ONLY,unified/pass,PASS,20.004015015644146,19.092523132318917,-0.9114918833252297,True,True,True,0,0,0,0,-0.913415746172999,TARGET_PRESERVED,0.9,1.0,0.09999999999999998,0.089,0.0,False,0.0,0.0,80000,8a015e3f860296dd3aca796cda326c3703d87c07b3f719b51b1eb7fb9b7d4abb
FMNoiseSaopin|jsr=10|seed=10305|center=3500|Oracle_FrFT_UpperBound,FMNoiseSaopin,10.0,10305,3500,Oracle_FrFT_UpperBound,ORACLE_DIAGNOSTIC_ONLY;NOT_FAIR;NOT_RL_ELIGIBLE,ORACLE_DIAGNOSTIC_ONLY,unified/pass,PASS,19.989227482077148,19.070395922021582,-0.9188315600555654,True,True,True,0,0,0,0,-0.913415746172999,TARGET_PRESERVED,0.9,1.0,0.09999999999999998,0.089,0.0,False,0.0,0.0,80000,8a015e3f860296dd3aca796cda326c3703d87c07b3f719b51b1eb7fb9b7d4abb
FMNoiseSaopin|jsr=10|seed=10305|center=4000|Oracle_FrFT_UpperBound,FMNoiseSaopin,10.0,10305,4000,Oracle_FrFT_UpperBound,ORACLE_DIAGNOSTIC_ONLY;NOT_FAIR;NOT_RL_ELIGIBLE,ORACLE_DIAGNOSTIC_ONLY,unified/pass,PASS,19.985557451287402,19.07555030631802,-0.9100071449693807,True,True,True,0,0,0,0,-0.913415746172999,TARGET_PRESERVED,0.9,1.0,0.09999999999999998,0.089,0.0,False,0.0,0.0,80000,8a015e3f860296dd3aca796cda326c3703d87c07b3f719b51b1eb7fb9b7d4abb
FMNoiseSaopin|jsr=10|seed=10306|center=1000|Oracle_FrFT_UpperBound,FMNoiseSaopin,10.0,10306,1000,Oracle_FrFT_UpperBound,ORACLE_DIAGNOSTIC_ONLY;NOT_FAIR;NOT_RL_ELIGIBLE,ORACLE_DIAGNOSTIC_ONLY,unified/pass,PASS,24.47837303282204,23.63732751078871,-0.8410455220333297,True,True,True,0,0,1,1,-0.9134157461729969,TARGET_PRESERVED,0.9,1.0,0.09999999999999998,0.089,0.20045991070029462,False,0.0,0.0,80000,8a015e3f860296dd3aca796cda326c3703d87c07b3f719b51b1eb7fb9b7d4abb
FMNoiseSaopin|jsr=10|seed=10306|center=1500|Oracle_FrFT_UpperBound,FMNoiseSaopin,10.0,10306,1500,Oracle_FrFT_UpperBound,ORACLE_DIAGNOSTIC_ONLY;NOT_FAIR;NOT_RL_ELIGIBLE,ORACLE_DIAGNOSTIC_ONLY,unified/pass,PASS,24.541543674053482,23.47027344024475,-1.0712702338087325,True,True,True,0,0,1,1,-0.913415746172999,TARGET_PRESERVED,0.9,1.0,0.09999999999999998,0.089,0.025074705361372546,False,0.0,0.0,80000,8a015e3f860296dd3aca796cda326c3703d87c07b3f719b51b1eb7fb9b7d4abb
FMNoiseSaopin|jsr=10|seed=10306|center=2500|Oracle_FrFT_UpperBound,FMNoiseSaopin,10.0,10306,2500,Oracle_FrFT_UpperBound,ORACLE_DIAGNOSTIC_ONLY;NOT_FAIR;NOT_RL_ELIGIBLE,ORACLE_DIAGNOSTIC_ONLY,unified/pass,PASS,24.427533509462474,23.460019507261677,-0.9675140022007973,True,True,True,0,0,0,0,-0.913415746172999,TARGET_PRESERVED,0.9,1.0,0.09999999999999998,0.089,0.0,False,0.0,0.0,80000,8a015e3f860296dd3aca796cda326c3703d87c07b3f719b51b1eb7fb9b7d4abb
FMNoiseSaopin|jsr=10|seed=10306|center=3500|Oracle_FrFT_UpperBound,FMNoiseSaopin,10.0,10306,3500,Oracle_FrFT_UpperBound,ORACLE_DIAGNOSTIC_ONLY;NOT_FAIR;NOT_RL_ELIGIBLE,ORACLE_DIAGNOSTIC_ONLY,unified/pass,PASS,24.406934396784898,23.430795436296652,-0.976138960488246,True,True,True,0,0,1,0,-0.913415746172999,TARGET_PRESERVED,0.9,1.0,0.09999999999999998,0.089,0.0,False,0.0,0.0,80000,8a015e3f860296dd3aca796cda326c3703d87c07b3f719b51b1eb7fb9b7d4abb
FMNoiseSaopin|jsr=10|seed=10306|center=4000|Oracle_FrFT_UpperBound,FMNoiseSaopin,10.0,10306,4000,Oracle_FrFT_UpperBound,ORACLE_DIAGNOSTIC_ONLY;NOT_FAIR;NOT_RL_ELIGIBLE,ORACLE_DIAGNOSTIC_ONLY,unified/pass,PASS,24.483892281591864,23.524534189985125,-0.9593580916067381,True,True,True,0,0,1,1,-0.913415746172999,TARGET_PRESERVED,0.9,1.0,0.09999999999999998,0.089,0.0,False,0.0,0.0,80000,8a015e3f860296dd3aca796cda326c3703d87c07b3f719b51b1eb7fb9b7d4abb
FMNoiseSaopin|jsr=10|seed=10307|center=1000|Oracle_FrFT_UpperBound,FMNoiseSaopin,10.0,10307,1000,Oracle_FrFT_UpperBound,ORACLE_DIAGNOSTIC_ONLY;NOT_FAIR;NOT_RL_ELIGIBLE,ORACLE_DIAGNOSTIC_ONLY,unified/pass,PASS,20.827382923905407,19.720828419659114,-1.1065545042462936,True,True,True,1,1,2,1,-0.9134157461729969,TARGET_PRESERVED,0.9,1.0,0.09999999999999998,0.089,0.508703616248947,False,0.0,0.0,80000,8a015e3f860296dd3aca796cda326c3703d87c07b3f719b51b1eb7fb9b7d4abb
FMNoiseSaopin|jsr=10|seed=10307|center=1500|Oracle_FrFT_UpperBound,FMNoiseSaopin,10.0,10307,1500,Oracle_FrFT_UpperBound,ORACLE_DIAGNOSTIC_ONLY;NOT_FAIR;NOT_RL_ELIGIBLE,ORACLE_DIAGNOSTIC_ONLY,unified/pass,PASS,19.971893885291916,19.017048527263377,-0.954845358028539,True,True,True,0,0,1,1,-0.913415746172999,TARGET_PRESERVED,0.9,1.0,0.09999999999999998,0.089,0.032817745632331884,False,0.0,0.0,80000,8a015e3f860296dd3aca796cda326c3703d87c07b3f719b51b1eb7fb9b7d4abb
FMNoiseSaopin|jsr=10|seed=10307|center=2500|Oracle_FrFT_UpperBound,FMNoiseSaopin,10.0,10307,2500,Oracle_FrFT_UpperBound,ORACLE_DIAGNOSTIC_ONLY;NOT_FAIR;NOT_RL_ELIGIBLE,ORACLE_DIAGNOSTIC_ONLY,unified/pass,PASS,19.953468710216374,19.018411731831634,-0.9350569783847398,True,True,True,0,0,1,1,-0.913415746172999,TARGET_PRESERVED,0.9,1.0,0.09999999999999998,0.089,0.0,False,0.0,0.0,80000,8a015e3f860296dd3aca796cda326c3703d87c07b3f719b51b1eb7fb9b7d4abb
FMNoiseSaopin|jsr=10|seed=10307|center=3500|Oracle_FrFT_UpperBound,FMNoiseSaopin,10.0,10307,3500,Oracle_FrFT_UpperBound,ORACLE_DIAGNOSTIC_ONLY;NOT_FAIR;NOT_RL_ELIGIBLE,ORACLE_DIAGNOSTIC_ONLY,unified/pass,PASS,19.970779709397277,19.027159161762903,-0.9436205476343744,True,True,True,0,0,0,0,-0.913415746172999,TARGET_PRESERVED,0.9,1.0,0.09999999999999998,0.089,0.0,False,0.0,0.0,80000,8a015e3f860296dd3aca796cda326c3703d87c07b3f719b51b1eb7fb9b7d4abb
FMNoiseSaopin|jsr=10|seed=10307|center=4000|Oracle_FrFT_UpperBound,FMNoiseSaopin,10.0,10307,4000,Oracle_FrFT_UpperBound,ORACLE_DIAGNOSTIC_ONLY;NOT_FAIR;NOT_RL_ELIGIBLE,ORACLE_DIAGNOSTIC_ONLY,unified/pass,PASS,19.927202577494135,18.97208045563307,-0.9551221218610664,True,True,True,0,0,0,0,-0.913415746172999,TARGET_PRESERVED,0.9,1.0,0.09999999999999998,0.089,0.0,False,0.0,0.0,80000,8a015e3f860296dd3aca796cda326c3703d87c07b3f719b51b1eb7fb9b7d4abb
FMNoiseSaopin|jsr=10|seed=10308|center=1000|Oracle_FrFT_UpperBound,FMNoiseSaopin,10.0,10308,1000,Oracle_FrFT_UpperBound,ORACLE_DIAGNOSTIC_ONLY;NOT_FAIR;NOT_RL_ELIGIBLE,ORACLE_DIAGNOSTIC_ONLY,unified/pass,PASS,35.89831865838029,34.4263274723511,-1.471991186029193,True,True,True,0,0,1,0,-0.9134157461729969,TARGET_PRESERVED,0.9,1.0,0.09999999999999998,0.089,0.036715645547599464,False,0.0,0.0,80000,8a015e3f860296dd3aca796cda326c3703d87c07b3f719b51b1eb7fb9b7d4abb
FMNoiseSaopin|jsr=10|seed=10308|center=1500|Oracle_FrFT_UpperBound,FMNoiseSaopin,10.0,10308,1500,Oracle_FrFT_UpperBound,ORACLE_DIAGNOSTIC_ONLY;NOT_FAIR;NOT_RL_ELIGIBLE,ORACLE_DIAGNOSTIC_ONLY,unified/pass,PASS,35.71516422929574,33.81606177369272,-1.8991024556030212,True,True,True,0,0,1,1,-0.913415746172999,TARGET_PRESERVED,0.9,1.0,0.09999999999999998,0.089,0.023308536068243322,False,0.0,0.0,80000,8a015e3f860296dd3aca796cda326c3703d87c07b3f719b51b1eb7fb9b7d4abb
FMNoiseSaopin|jsr=10|seed=10308|center=2500|Oracle_FrFT_UpperBound,FMNoiseSaopin,10.0,10308,2500,Oracle_FrFT_UpperBound,ORACLE_DIAGNOSTIC_ONLY;NOT_FAIR;NOT_RL_ELIGIBLE,ORACLE_DIAGNOSTIC_ONLY,unified/pass,PASS,36.041301764827615,34.24910687802893,-1.7921948867986828,True,True,True,0,0,1,1,-0.913415746172999,TARGET_PRESERVED,0.9,1.0,0.09999999999999998,0.089,0.0,False,0.0,0.0,80000,8a015e3f860296dd3aca796cda326c3703d87c07b3f719b51b1eb7fb9b7d4abb
FMNoiseSaopin|jsr=10|seed=10308|center=3500|Oracle_FrFT_UpperBound,FMNoiseSaopin,10.0,10308,3500,Oracle_FrFT_UpperBound,ORACLE_DIAGNOSTIC_ONLY;NOT_FAIR;NOT_RL_ELIGIBLE,ORACLE_DIAGNOSTIC_ONLY,unified/pass,PASS,35.74511401205459,34.089226724058584,-1.6558872879960091,True,True,True,0,0,1,1,-0.913415746172999,TARGET_PRESERVED,0.9,1.0,0.09999999999999998,0.089,0.0,False,0.0,0.0,80000,8a015e3f860296dd3aca796cda326c3703d87c07b3f719b51b1eb7fb9b7d4abb
FMNoiseSaopin|jsr=10|seed=10308|center=4000|Oracle_FrFT_UpperBound,FMNoiseSaopin,10.0,10308,4000,Oracle_FrFT_UpperBound,ORACLE_DIAGNOSTIC_ONLY;NOT_FAIR;NOT_RL_ELIGIBLE,ORACLE_DIAGNOSTIC_ONLY,unified/pass,PASS,35.564539266941225,33.829182042370405,-1.7353572245708193,True,True,True,0,0,1,2,-0.913415746172999,TARGET_PRESERVED,0.9,1.0,0.09999999999999998,0.089,0.0,False,0.0,0.0,80000,8a015e3f860296dd3aca796cda326c3703d87c07b3f719b51b1eb7fb9b7d4abb
FMNoiseSaopin|jsr=10|seed=10309|center=1000|Oracle_FrFT_UpperBound,FMNoiseSaopin,10.0,10309,1000,Oracle_FrFT_UpperBound,ORACLE_DIAGNOSTIC_ONLY;NOT_FAIR;NOT_RL_ELIGIBLE,ORACLE_DIAGNOSTIC_ONLY,unified/pass,PASS,20.28880529059292,20.16549374731726,-0.12331154327565841,True,True,True,1,1,0,0,-0.9134157461729969,TARGET_PRESERVED,0.9,1.0,0.09999999999999998,0.089,0.42892566899280665,False,0.0,0.0,80000,8a015e3f860296dd3aca796cda326c3703d87c07b3f719b51b1eb7fb9b7d4abb
FMNoiseSaopin|jsr=10|seed=10309|center=1500|Oracle_FrFT_UpperBound,FMNoiseSaopin,10.0,10309,1500,Oracle_FrFT_UpperBound,ORACLE_DIAGNOSTIC_ONLY;NOT_FAIR;NOT_RL_ELIGIBLE,ORACLE_DIAGNOSTIC_ONLY,unified/pass,PASS,20.70822235350549,19.725408554031155,-0.9828137994743358,True,True,True,0,0,0,0,-0.913415746172999,TARGET_PRESERVED,0.9,1.0,0.09999999999999998,0.089,0.032598246662680005,False,0.0,0.0,80000,8a015e3f860296dd3aca796cda326c3703d87c07b3f719b51b1eb7fb9b7d4abb
FMNoiseSaopin|jsr=10|seed=10309|center=2500|Oracle_FrFT_UpperBound,FMNoiseSaopin,10.0,10309,2500,Oracle_FrFT_UpperBound,ORACLE_DIAGNOSTIC_ONLY;NOT_FAIR;NOT_RL_ELIGIBLE,ORACLE_DIAGNOSTIC_ONLY,unified/pass,PASS,20.674484474980165,19.712372500462724,-0.9621119745174411,True,True,True,0,0,0,0,-0.913415746172999,TARGET_PRESERVED,0.9,1.0,0.09999999999999998,0.089,0.0,False,0.0,0.0,80000,8a015e3f860296dd3aca796cda326c3703d87c07b3f719b51b1eb7fb9b7d4abb
FMNoiseSaopin|jsr=10|seed=10309|center=3500|Oracle_FrFT_UpperBound,FMNoiseSaopin,10.0,10309,3500,Oracle_FrFT_UpperBound,ORACLE_DIAGNOSTIC_ONLY;NOT_FAIR;NOT_RL_ELIGIBLE,ORACLE_DIAGNOSTIC_ONLY,unified/pass,PASS,20.624205594544506,19.714711104982886,-0.9094944895616202,True,True,True,0,0,0,0,-0.913415746172999,TARGET_PRESERVED,0.9,1.0,0.09999999999999998,0.089,0.0,False,0.0,0.0,80000,8a015e3f860296dd3aca796cda326c3703d87c07b3f719b51b1eb7fb9b7d4abb
FMNoiseSaopin|jsr=10|seed=10309|center=4000|Oracle_FrFT_UpperBound,FMNoiseSaopin,10.0,10309,4000,Oracle_FrFT_UpperBound,ORACLE_DIAGNOSTIC_ONLY;NOT_FAIR;NOT_RL_ELIGIBLE,ORACLE_DIAGNOSTIC_ONLY,unified/pass,PASS,20.632518002607437,19.706055820308002,-0.926462182299435,True,True,True,0,0,0,0,-0.913415746172999,TARGET_PRESERVED,0.9,1.0,0.09999999999999998,0.089,0.0,False,0.0,0.0,80000,8a015e3f860296dd3aca796cda326c3703d87c07b3f719b51b1eb7fb9b7d4abb
FMNoiseSaopin|jsr=10|seed=10310|center=1000|Oracle_FrFT_UpperBound,FMNoiseSaopin,10.0,10310,1000,Oracle_FrFT_UpperBound,ORACLE_DIAGNOSTIC_ONLY;NOT_FAIR;NOT_RL_ELIGIBLE,ORACLE_DIAGNOSTIC_ONLY,unified/pass,PASS,20.21938605030197,19.830404914557946,-0.38898113574402515,True,True,True,1,1,1,0,-0.9134157461729969,TARGET_PRESERVED,0.9,1.0,0.09999999999999998,0.089,0.5021694636981285,False,0.0,0.0,80000,8a015e3f860296dd3aca796cda326c3703d87c07b3f719b51b1eb7fb9b7d4abb
FMNoiseSaopin|jsr=10|seed=10310|center=1500|Oracle_FrFT_UpperBound,FMNoiseSaopin,10.0,10310,1500,Oracle_FrFT_UpperBound,ORACLE_DIAGNOSTIC_ONLY;NOT_FAIR;NOT_RL_ELIGIBLE,ORACLE_DIAGNOSTIC_ONLY,unified/pass,PASS,19.957894303154678,19.007147558280835,-0.9507467448738431,True,True,True,0,0,0,0,-0.913415746172999,TARGET_PRESERVED,0.9,1.0,0.09999999999999998,0.089,0.03513236468298778,False,0.0,0.0,80000,8a015e3f860296dd3aca796cda326c3703d87c07b3f719b51b1eb7fb9b7d4abb
FMNoiseSaopin|jsr=10|seed=10310|center=2500|Oracle_FrFT_UpperBound,FMNoiseSaopin,10.0,10310,2500,Oracle_FrFT_UpperBound,ORACLE_DIAGNOSTIC_ONLY;NOT_FAIR;NOT_RL_ELIGIBLE,ORACLE_DIAGNOSTIC_ONLY,unified/pass,PASS,20.035444479884994,19.08172810022907,-0.9537163796559227,True,True,True,0,0,0,0,-0.913415746172999,TARGET_PRESERVED,0.9,1.0,0.09999999999999998,0.089,0.0,False,0.0,0.0,80000,8a015e3f860296dd3aca796cda326c3703d87c07b3f719b51b1eb7fb9b7d4abb
FMNoiseSaopin|jsr=10|seed=10310|center=3500|Oracle_FrFT_UpperBound,FMNoiseSaopin,10.0,10310,3500,Oracle_FrFT_UpperBound,ORACLE_DIAGNOSTIC_ONLY;NOT_FAIR;NOT_RL_ELIGIBLE,ORACLE_DIAGNOSTIC_ONLY,unified/pass,PASS,20.05680676697052,19.086944310224712,-0.9698624567458083,True,True,True,0,0,0,0,-0.913415746172999,TARGET_PRESERVED,0.9,1.0,0.09999999999999998,0.089,0.0,False,0.0,0.0,80000,8a015e3f860296dd3aca796cda326c3703d87c07b3f719b51b1eb7fb9b7d4abb
FMNoiseSaopin|jsr=10|seed=10310|center=4000|Oracle_FrFT_UpperBound,FMNoiseSaopin,10.0,10310,4000,Oracle_FrFT_UpperBound,ORACLE_DIAGNOSTIC_ONLY;NOT_FAIR;NOT_RL_ELIGIBLE,ORACLE_DIAGNOSTIC_ONLY,unified/pass,PASS,20.009105459284143,19.08371453552527,-0.9253909237588722,True,True,True,0,0,0,0,-0.913415746172999,TARGET_PRESERVED,0.9,1.0,0.09999999999999998,0.089,0.0,False,0.0,0.0,80000,8a015e3f860296dd3aca796cda326c3703d87c07b3f719b51b1eb7fb9b7d4abb
FMNoiseSaopin|jsr=10|seed=10311|center=1000|Oracle_FrFT_UpperBound,FMNoiseSaopin,10.0,10311,1000,Oracle_FrFT_UpperBound,ORACLE_DIAGNOSTIC_ONLY;NOT_FAIR;NOT_RL_ELIGIBLE,ORACLE_DIAGNOSTIC_ONLY,unified/pass,PASS,20.77009441856299,19.862895226686735,-0.9071991918762556,True,True,True,1,1,0,0,-0.9134157461729969,TARGET_PRESERVED,0.9,1.0,0.09999999999999998,0.089,0.4883543019398817,False,0.0,0.0,80000,8a015e3f860296dd3aca796cda326c3703d87c07b3f719b51b1eb7fb9b7d4abb
FMNoiseSaopin|jsr=10|seed=10311|center=1500|Oracle_FrFT_UpperBound,FMNoiseSaopin,10.0,10311,1500,Oracle_FrFT_UpperBound,ORACLE_DIAGNOSTIC_ONLY;NOT_FAIR;NOT_RL_ELIGIBLE,ORACLE_DIAGNOSTIC_ONLY,unified/pass,PASS,20.116695598741316,19.186461027678405,-0.9302345710629112,True,True,True,0,0,0,0,-0.913415746172999,TARGET_PRESERVED,0.9,1.0,0.09999999999999998,0.089,0.022844449577101408,False,0.0,0.0,80000,8a015e3f860296dd3aca796cda326c3703d87c07b3f719b51b1eb7fb9b7d4abb
FMNoiseSaopin|jsr=10|seed=10311|center=2500|Oracle_FrFT_UpperBound,FMNoiseSaopin,10.0,10311,2500,Oracle_FrFT_UpperBound,ORACLE_DIAGNOSTIC_ONLY;NOT_FAIR;NOT_RL_ELIGIBLE,ORACLE_DIAGNOSTIC_ONLY,unified/pass,PASS,20.205988327417362,19.253215099435522,-0.9527732279818402,True,True,True,0,0,1,0,-0.913415746172999,TARGET_PRESERVED,0.9,1.0,0.09999999999999998,0.089,0.0,False,0.0,0.0,80000,8a015e3f860296dd3aca796cda326c3703d87c07b3f719b51b1eb7fb9b7d4abb
FMNoiseSaopin|jsr=10|seed=10311|center=3500|Oracle_FrFT_UpperBound,FMNoiseSaopin,10.0,10311,3500,Oracle_FrFT_UpperBound,ORACLE_DIAGNOSTIC_ONLY;NOT_FAIR;NOT_RL_ELIGIBLE,ORACLE_DIAGNOSTIC_ONLY,unified/pass,PASS,20.0647707916227,19.112505146711854,-0.9522656449108453,True,True,True,0,0,1,0,-0.913415746172999,TARGET_PRESERVED,0.9,1.0,0.09999999999999998,0.089,0.0,False,0.0,0.0,80000,8a015e3f860296dd3aca796cda326c3703d87c07b3f719b51b1eb7fb9b7d4abb
FMNoiseSaopin|jsr=10|seed=10311|center=4000|Oracle_FrFT_UpperBound,FMNoiseSaopin,10.0,10311,4000,Oracle_FrFT_UpperBound,ORACLE_DIAGNOSTIC_ONLY;NOT_FAIR;NOT_RL_ELIGIBLE,ORACLE_DIAGNOSTIC_ONLY,unified/pass,PASS,20.159229100227748,19.223953707765315,-0.9352753924624331,True,True,True,0,0,0,0,-0.913415746172999,TARGET_PRESERVED,0.9,1.0,0.09999999999999998,0.089,0.0,False,0.0,0.0,80000,8a015e3f860296dd3aca796cda326c3703d87c07b3f719b51b1eb7fb9b7d4abb
FMNoiseSaopin|jsr=10|seed=10312|center=1000|Oracle_FrFT_UpperBound,FMNoiseSaopin,10.0,10312,1000,Oracle_FrFT_UpperBound,ORACLE_DIAGNOSTIC_ONLY;NOT_FAIR;NOT_RL_ELIGIBLE,ORACLE_DIAGNOSTIC_ONLY,unified/pass,PASS,24.504334487686297,23.35109357519564,-1.1532409124906557,True,True,True,0,0,1,1,-0.9134157461729969,TARGET_PRESERVED,0.9,1.0,0.09999999999999998,0.089,0.20835302825496177,False,0.0,0.0,80000,8a015e3f860296dd3aca796cda326c3703d87c07b3f719b51b1eb7fb9b7d4abb
FMNoiseSaopin|jsr=10|seed=10312|center=1500|Oracle_FrFT_UpperBound,FMNoiseSaopin,10.0,10312,1500,Oracle_FrFT_UpperBound,ORACLE_DIAGNOSTIC_ONLY;NOT_FAIR;NOT_RL_ELIGIBLE,ORACLE_DIAGNOSTIC_ONLY,unified/pass,PASS,24.603961057657703,23.643998621443775,-0.9599624362139281,True,True,True,0,0,1,1,-0.913415746172999,TARGET_PRESERVED,0.9,1.0,0.09999999999999998,0.089,0.025167891998994267,False,0.0,0.0,80000,8a015e3f860296dd3aca796cda326c3703d87c07b3f719b51b1eb7fb9b7d4abb
FMNoiseSaopin|jsr=10|seed=10312|center=2500|Oracle_FrFT_UpperBound,FMNoiseSaopin,10.0,10312,2500,Oracle_FrFT_UpperBound,ORACLE_DIAGNOSTIC_ONLY;NOT_FAIR;NOT_RL_ELIGIBLE,ORACLE_DIAGNOSTIC_ONLY,unified/pass,PASS,24.534240475749712,23.56666674407947,-0.9675737316702424,True,True,True,0,0,0,0,-0.913415746172999,TARGET_PRESERVED,0.9,1.0,0.09999999999999998,0.089,0.0,False,0.0,0.0,80000,8a015e3f860296dd3aca796cda326c3703d87c07b3f719b51b1eb7fb9b7d4abb
FMNoiseSaopin|jsr=10|seed=10312|center=3500|Oracle_FrFT_UpperBound,FMNoiseSaopin,10.0,10312,3500,Oracle_FrFT_UpperBound,ORACLE_DIAGNOSTIC_ONLY;NOT_FAIR;NOT_RL_ELIGIBLE,ORACLE_DIAGNOSTIC_ONLY,unified/pass,PASS,24.53080673287367,23.545039489244566,-0.9857672436291054,True,True,True,0,0,0,0,-0.913415746172999,TARGET_PRESERVED,0.9,1.0,0.09999999999999998,0.089,0.0,False,0.0,0.0,80000,8a015e3f860296dd3aca796cda326c3703d87c07b3f719b51b1eb7fb9b7d4abb
FMNoiseSaopin|jsr=10|seed=10312|center=4000|Oracle_FrFT_UpperBound,FMNoiseSaopin,10.0,10312,4000,Oracle_FrFT_UpperBound,ORACLE_DIAGNOSTIC_ONLY;NOT_FAIR;NOT_RL_ELIGIBLE,ORACLE_DIAGNOSTIC_ONLY,unified/pass,PASS,24.476750424174686,23.504723660964373,-0.9720267632103123,True,True,True,0,0,0,0,-0.913415746172999,TARGET_PRESERVED,0.9,1.0,0.09999999999999998,0.089,0.0,False,0.0,0.0,80000,8a015e3f860296dd3aca796cda326c3703d87c07b3f719b51b1eb7fb9b7d4abb
FMNoiseSaopin|jsr=10|seed=10313|center=1000|Oracle_FrFT_UpperBound,FMNoiseSaopin,10.0,10313,1000,Oracle_FrFT_UpperBound,ORACLE_DIAGNOSTIC_ONLY;NOT_FAIR;NOT_RL_ELIGIBLE,ORACLE_DIAGNOSTIC_ONLY,unified/pass,PASS,18.519893766108567,19.111072268485113,0.5911785023765468,False,False,False,0,2,0,0,-0.9134157461729969,TARGET_PRESERVED,0.9,1.0,0.09999999999999998,0.089,0.4305239905553822,False,0.0,0.0,80000,8a015e3f860296dd3aca796cda326c3703d87c07b3f719b51b1eb7fb9b7d4abb
FMNoiseSaopin|jsr=10|seed=10313|center=1500|Oracle_FrFT_UpperBound,FMNoiseSaopin,10.0,10313,1500,Oracle_FrFT_UpperBound,ORACLE_DIAGNOSTIC_ONLY;NOT_FAIR;NOT_RL_ELIGIBLE,ORACLE_DIAGNOSTIC_ONLY,unified/pass,PASS,20.653299288585572,19.736284778302977,-0.9170145102825948,True,True,True,0,0,0,0,-0.913415746172999,TARGET_PRESERVED,0.9,1.0,0.09999999999999998,0.089,0.02419029865615635,False,0.0,0.0,80000,8a015e3f860296dd3aca796cda326c3703d87c07b3f719b51b1eb7fb9b7d4abb
FMNoiseSaopin|jsr=10|seed=10313|center=2500|Oracle_FrFT_UpperBound,FMNoiseSaopin,10.0,10313,2500,Oracle_FrFT_UpperBound,ORACLE_DIAGNOSTIC_ONLY;NOT_FAIR;NOT_RL_ELIGIBLE,ORACLE_DIAGNOSTIC_ONLY,unified/pass,PASS,20.570419662180566,19.63291883713682,-0.9375008250437453,True,True,True,0,0,1,0,-0.913415746172999,TARGET_PRESERVED,0.9,1.0,0.09999999999999998,0.089,0.0,False,0.0,0.0,80000,8a015e3f860296dd3aca796cda326c3703d87c07b3f719b51b1eb7fb9b7d4abb
FMNoiseSaopin|jsr=10|seed=10313|center=3500|Oracle_FrFT_UpperBound,FMNoiseSaopin,10.0,10313,3500,Oracle_FrFT_UpperBound,ORACLE_DIAGNOSTIC_ONLY;NOT_FAIR;NOT_RL_ELIGIBLE,ORACLE_DIAGNOSTIC_ONLY,unified/pass,PASS,20.607706480184724,19.70242403409786,-0.9052824460868649,True,True,True,0,0,1,0,-0.913415746172999,TARGET_PRESERVED,0.9,1.0,0.09999999999999998,0.089,0.0,False,0.0,0.0,80000,8a015e3f860296dd3aca796cda326c3703d87c07b3f719b51b1eb7fb9b7d4abb
FMNoiseSaopin|jsr=10|seed=10313|center=4000|Oracle_FrFT_UpperBound,FMNoiseSaopin,10.0,10313,4000,Oracle_FrFT_UpperBound,ORACLE_DIAGNOSTIC_ONLY;NOT_FAIR;NOT_RL_ELIGIBLE,ORACLE_DIAGNOSTIC_ONLY,unified/pass,PASS,20.75806350782029,19.81460469029016,-0.9434588175301286,True,True,True,0,0,1,0,-0.913415746172999,TARGET_PRESERVED,0.9,1.0,0.09999999999999998,0.089,0.0,False,0.0,0.0,80000,8a015e3f860296dd3aca796cda326c3703d87c07b3f719b51b1eb7fb9b7d4abb
FMNoiseSaopin|jsr=10|seed=10314|center=1000|Oracle_FrFT_UpperBound,FMNoiseSaopin,10.0,10314,1000,Oracle_FrFT_UpperBound,ORACLE_DIAGNOSTIC_ONLY;NOT_FAIR;NOT_RL_ELIGIBLE,ORACLE_DIAGNOSTIC_ONLY,unified/pass,PASS,24.6500510216977,24.18199061725344,-0.4680604044442589,True,True,True,0,0,0,0,-0.9134157461729969,TARGET_PRESERVED,0.9,1.0,0.09999999999999998,0.089,0.1829729700449527,False,0.0,0.0,80000,8a015e3f860296dd3aca796cda326c3703d87c07b3f719b51b1eb7fb9b7d4abb
FMNoiseSaopin|jsr=10|seed=10314|center=1500|Oracle_FrFT_UpperBound,FMNoiseSaopin,10.0,10314,1500,Oracle_FrFT_UpperBound,ORACLE_DIAGNOSTIC_ONLY;NOT_FAIR;NOT_RL_ELIGIBLE,ORACLE_DIAGNOSTIC_ONLY,unified/pass,PASS,24.523552052518717,23.450508659782404,-1.073043392736313,True,True,True,0,0,0,0,-0.913415746172999,TARGET_PRESERVED,0.9,1.0,0.09999999999999998,0.089,0.024949936403463845,False,0.0,0.0,80000,8a015e3f860296dd3aca796cda326c3703d87c07b3f719b51b1eb7fb9b7d4abb
FMNoiseSaopin|jsr=10|seed=10314|center=2500|Oracle_FrFT_UpperBound,FMNoiseSaopin,10.0,10314,2500,Oracle_FrFT_UpperBound,ORACLE_DIAGNOSTIC_ONLY;NOT_FAIR;NOT_RL_ELIGIBLE,ORACLE_DIAGNOSTIC_ONLY,unified/pass,PASS,24.510656587409912,23.533414748574586,-0.9772418388353259,True,True,True,0,0,1,0,-0.913415746172999,TARGET_PRESERVED,0.9,1.0,0.09999999999999998,0.089,0.0,False,0.0,0.0,80000,8a015e3f860296dd3aca796cda326c3703d87c07b3f719b51b1eb7fb9b7d4abb
FMNoiseSaopin|jsr=10|seed=10314|center=3500|Oracle_FrFT_UpperBound,FMNoiseSaopin,10.0,10314,3500,Oracle_FrFT_UpperBound,ORACLE_DIAGNOSTIC_ONLY;NOT_FAIR;NOT_RL_ELIGIBLE,ORACLE_DIAGNOSTIC_ONLY,unified/pass,PASS,24.56211990938479,23.597268596348457,-0.9648513130363341,True,True,True,0,0,1,0,-0.913415746172999,TARGET_PRESERVED,0.9,1.0,0.09999999999999998,0.089,0.0,False,0.0,0.0,80000,8a015e3f860296dd3aca796cda326c3703d87c07b3f719b51b1eb7fb9b7d4abb
FMNoiseSaopin|jsr=10|seed=10314|center=4000|Oracle_FrFT_UpperBound,FMNoiseSaopin,10.0,10314,4000,Oracle_FrFT_UpperBound,ORACLE_DIAGNOSTIC_ONLY;NOT_FAIR;NOT_RL_ELIGIBLE,ORACLE_DIAGNOSTIC_ONLY,unified/pass,PASS,24.518122515534053,23.535931717192106,-0.9821907983419464,True,True,True,0,0,0,0,-0.913415746172999,TARGET_PRESERVED,0.9,1.0,0.09999999999999998,0.089,0.0,False,0.0,0.0,80000,8a015e3f860296dd3aca796cda326c3703d87c07b3f719b51b1eb7fb9b7d4abb
FMNoiseSaopin|jsr=10|seed=10315|center=1000|Oracle_FrFT_UpperBound,FMNoiseSaopin,10.0,10315,1000,Oracle_FrFT_UpperBound,ORACLE_DIAGNOSTIC_ONLY;NOT_FAIR;NOT_RL_ELIGIBLE,ORACLE_DIAGNOSTIC_ONLY,unified/pass,PASS,20.68527328938182,20.11788810081963,-0.5673851885621879,True,False,True,2,1,0,0,-0.9134157461729969,TARGET_PRESERVED,0.9,1.0,0.09999999999999998,0.089,0.4068706093018584,False,0.0,0.0,80000,8a015e3f860296dd3aca796cda326c3703d87c07b3f719b51b1eb7fb9b7d4abb
FMNoiseSaopin|jsr=10|seed=10315|center=1500|Oracle_FrFT_UpperBound,FMNoiseSaopin,10.0,10315,1500,Oracle_FrFT_UpperBound,ORACLE_DIAGNOSTIC_ONLY;NOT_FAIR;NOT_RL_ELIGIBLE,ORACLE_DIAGNOSTIC_ONLY,unified/pass,PASS,20.91144542752594,19.952365473127216,-0.9590799543987245,True,True,True,0,0,0,0,-0.913415746172999,TARGET_PRESERVED,0.9,1.0,0.09999999999999998,0.089,0.027478308665825957,False,0.0,0.0,80000,8a015e3f860296dd3aca796cda326c3703d87c07b3f719b51b1eb7fb9b7d4abb
FMNoiseSaopin|jsr=10|seed=10315|center=2500|Oracle_FrFT_UpperBound,FMNoiseSaopin,10.0,10315,2500,Oracle_FrFT_UpperBound,ORACLE_DIAGNOSTIC_ONLY;NOT_FAIR;NOT_RL_ELIGIBLE,ORACLE_DIAGNOSTIC_ONLY,unified/pass,PASS,21.064682625038934,20.133138570906354,-0.9315440541325799,True,True,True,0,0,0,0,-0.913415746172999,TARGET_PRESERVED,0.9,1.0,0.09999999999999998,0.089,0.0,False,0.0,0.0,80000,8a015e3f860296dd3aca796cda326c3703d87c07b3f719b51b1eb7fb9b7d4abb
FMNoiseSaopin|jsr=10|seed=10315|center=3500|Oracle_FrFT_UpperBound,FMNoiseSaopin,10.0,10315,3500,Oracle_FrFT_UpperBound,ORACLE_DIAGNOSTIC_ONLY;NOT_FAIR;NOT_RL_ELIGIBLE,ORACLE_DIAGNOSTIC_ONLY,unified/pass,PASS,20.854870255725437,19.918084764705192,-0.9367854910202453,True,True,True,0,0,0,0,-0.913415746172999,TARGET_PRESERVED,0.9,1.0,0.09999999999999998,0.089,0.0,False,0.0,0.0,80000,8a015e3f860296dd3aca796cda326c3703d87c07b3f719b51b1eb7fb9b7d4abb
FMNoiseSaopin|jsr=10|seed=10315|center=4000|Oracle_FrFT_UpperBound,FMNoiseSaopin,10.0,10315,4000,Oracle_FrFT_UpperBound,ORACLE_DIAGNOSTIC_ONLY;NOT_FAIR;NOT_RL_ELIGIBLE,ORACLE_DIAGNOSTIC_ONLY,unified/pass,PASS,20.964829277342112,20.029149873643423,-0.9356794036986891,True,True,True,0,0,0,0,-0.913415746172999,TARGET_PRESERVED,0.9,1.0,0.09999999999999998,0.089,0.0,False,0.0,0.0,80000,8a015e3f860296dd3aca796cda326c3703d87c07b3f719b51b1eb7fb9b7d4abb
FMNoiseSaopin|jsr=10|seed=10316|center=1000|Oracle_FrFT_UpperBound,FMNoiseSaopin,10.0,10316,1000,Oracle_FrFT_UpperBound,ORACLE_DIAGNOSTIC_ONLY;NOT_FAIR;NOT_RL_ELIGIBLE,ORACLE_DIAGNOSTIC_ONLY,unified/pass,PASS,20.636574160498753,19.704011511076697,-0.9325626494220565,True,True,True,1,1,1,0,-0.9134157461729969,TARGET_PRESERVED,0.9,1.0,0.09999999999999998,0.089,0.5035699141144045,False,0.0,0.0,80000,8a015e3f860296dd3aca796cda326c3703d87c07b3f719b51b1eb7fb9b7d4abb
FMNoiseSaopin|jsr=10|seed=10316|center=1500|Oracle_FrFT_UpperBound,FMNoiseSaopin,10.0,10316,1500,Oracle_FrFT_UpperBound,ORACLE_DIAGNOSTIC_ONLY;NOT_FAIR;NOT_RL_ELIGIBLE,ORACLE_DIAGNOSTIC_ONLY,unified/pass,PASS,20.0127063711577,19.067971778210147,-0.9447345929475546,True,True,True,0,0,1,0,-0.913415746172999,TARGET_PRESERVED,0.9,1.0,0.09999999999999998,0.089,0.04845604826037546,False,0.0,0.0,80000,8a015e3f860296dd3aca796cda326c3703d87c07b3f719b51b1eb7fb9b7d4abb
FMNoiseSaopin|jsr=10|seed=10316|center=2500|Oracle_FrFT_UpperBound,FMNoiseSaopin,10.0,10316,2500,Oracle_FrFT_UpperBound,ORACLE_DIAGNOSTIC_ONLY;NOT_FAIR;NOT_RL_ELIGIBLE,ORACLE_DIAGNOSTIC_ONLY,unified/pass,PASS,20.075818574217436,19.120695197203602,-0.9551233770138339,True,True,True,0,0,1,0,-0.913415746172999,TARGET_PRESERVED,0.9,1.0,0.09999999999999998,0.089,0.0,False,0.0,0.0,80000,8a015e3f860296dd3aca796cda326c3703d87c07b3f719b51b1eb7fb9b7d4abb
FMNoiseSaopin|jsr=10|seed=10316|center=3500|Oracle_FrFT_UpperBound,FMNoiseSaopin,10.0,10316,3500,Oracle_FrFT_UpperBound,ORACLE_DIAGNOSTIC_ONLY;NOT_FAIR;NOT_RL_ELIGIBLE,ORACLE_DIAGNOSTIC_ONLY,unified/pass,PASS,20.068210987353766,19.118882281175583,-0.9493287061781821,True,True,True,0,0,1,1,-0.913415746172999,TARGET_PRESERVED,0.9,1.0,0.09999999999999998,0.089,0.0,False,0.0,0.0,80000,8a015e3f860296dd3aca796cda326c3703d87c07b3f719b51b1eb7fb9b7d4abb
FMNoiseSaopin|jsr=10|seed=10316|center=4000|Oracle_FrFT_UpperBound,FMNoiseSaopin,10.0,10316,4000,Oracle_FrFT_UpperBound,ORACLE_DIAGNOSTIC_ONLY;NOT_FAIR;NOT_RL_ELIGIBLE,ORACLE_DIAGNOSTIC_ONLY,unified/pass,PASS,20.09232943903195,19.1408866243754,-0.9514428146565486,True,True,True,0,0,2,1,-0.913415746172999,TARGET_PRESERVED,0.9,1.0,0.09999999999999998,0.089,0.0,False,0.0,0.0,80000,8a015e3f860296dd3aca796cda326c3703d87c07b3f719b51b1eb7fb9b7d4abb
FMNoiseSaopin|jsr=10|seed=10317|center=1000|Oracle_FrFT_UpperBound,FMNoiseSaopin,10.0,10317,1000,Oracle_FrFT_UpperBound,ORACLE_DIAGNOSTIC_ONLY;NOT_FAIR;NOT_RL_ELIGIBLE,ORACLE_DIAGNOSTIC_ONLY,unified/pass,PASS,24.62271816369754,23.48134734286868,-1.141370820828861,True,True,True,0,1,1,1,-0.9134157461729969,TARGET_PRESERVED,0.9,1.0,0.09999999999999998,0.089,0.2020903053329843,False,0.0,0.0,80000,8a015e3f860296dd3aca796cda326c3703d87c07b3f719b51b1eb7fb9b7d4abb
FMNoiseSaopin|jsr=10|seed=10317|center=1500|Oracle_FrFT_UpperBound,FMNoiseSaopin,10.0,10317,1500,Oracle_FrFT_UpperBound,ORACLE_DIAGNOSTIC_ONLY;NOT_FAIR;NOT_RL_ELIGIBLE,ORACLE_DIAGNOSTIC_ONLY,unified/pass,PASS,24.67666904927674,23.72023944844696,-0.9564296008297788,True,True,True,0,0,0,0,-0.913415746172999,TARGET_PRESERVED,0.9,1.0,0.09999999999999998,0.089,0.025421252968138165,False,0.0,0.0,80000,8a015e3f860296dd3aca796cda326c3703d87c07b3f719b51b1eb7fb9b7d4abb
FMNoiseSaopin|jsr=10|seed=10317|center=2500|Oracle_FrFT_UpperBound,FMNoiseSaopin,10.0,10317,2500,Oracle_FrFT_UpperBound,ORACLE_DIAGNOSTIC_ONLY;NOT_FAIR;NOT_RL_ELIGIBLE,ORACLE_DIAGNOSTIC_ONLY,unified/pass,PASS,24.676020346951205,23.689734988927817,-0.9862853580233875,True,True,True,0,0,0,0,-0.913415746172999,TARGET_PRESERVED,0.9,1.0,0.09999999999999998,0.089,0.0,False,0.0,0.0,80000,8a015e3f860296dd3aca796cda326c3703d87c07b3f719b51b1eb7fb9b7d4abb
FMNoiseSaopin|jsr=10|seed=10317|center=3500|Oracle_FrFT_UpperBound,FMNoiseSaopin,10.0,10317,3500,Oracle_FrFT_UpperBound,ORACLE_DIAGNOSTIC_ONLY;NOT_FAIR;NOT_RL_ELIGIBLE,ORACLE_DIAGNOSTIC_ONLY,unified/pass,PASS,24.615519180852864,23.61512376012299,-1.0003954207298733,True,True,True,0,0,1,2,-0.913415746172999,TARGET_PRESERVED,0.9,1.0,0.09999999999999998,0.089,0.0,False,0.0,0.0,80000,8a015e3f860296dd3aca796cda326c3703d87c07b3f719b51b1eb7fb9b7d4abb
FMNoiseSaopin|jsr=10|seed=10317|center=4000|Oracle_FrFT_UpperBound,FMNoiseSaopin,10.0,10317,4000,Oracle_FrFT_UpperBound,ORACLE_DIAGNOSTIC_ONLY;NOT_FAIR;NOT_RL_ELIGIBLE,ORACLE_DIAGNOSTIC_ONLY,unified/pass,PASS,24.661755374134515,23.674309041205618,-0.9874463329288972,True,True,True,0,0,1,1,-0.913415746172999,TARGET_PRESERVED,0.9,1.0,0.09999999999999998,0.089,0.0,False,0.0,0.0,80000,8a015e3f860296dd3aca796cda326c3703d87c07b3f719b51b1eb7fb9b7d4abb
FMNoiseSaopin|jsr=10|seed=10318|center=1000|Oracle_FrFT_UpperBound,FMNoiseSaopin,10.0,10318,1000,Oracle_FrFT_UpperBound,ORACLE_DIAGNOSTIC_ONLY;NOT_FAIR;NOT_RL_ELIGIBLE,ORACLE_DIAGNOSTIC_ONLY,unified/pass,PASS,19.067997461278107,19.483943172626745,0.41594571134863756,False,False,False,1,2,1,0,-0.9134157461729969,TARGET_PRESERVED,0.9,1.0,0.09999999999999998,0.089,0.4208925448176927,False,0.0,0.0,80000,8a015e3f860296dd3aca796cda326c3703d87c07b3f719b51b1eb7fb9b7d4abb
FMNoiseSaopin|jsr=10|seed=10318|center=1500|Oracle_FrFT_UpperBound,FMNoiseSaopin,10.0,10318,1500,Oracle_FrFT_UpperBound,ORACLE_DIAGNOSTIC_ONLY;NOT_FAIR;NOT_RL_ELIGIBLE,ORACLE_DIAGNOSTIC_ONLY,unified/pass,PASS,20.673249032804627,19.72321478586902,-0.9500342469356085,True,True,True,0,0,1,0,-0.913415746172999,TARGET_PRESERVED,0.9,1.0,0.09999999999999998,0.089,0.03320326083121348,False,0.0,0.0,80000,8a015e3f860296dd3aca796cda326c3703d87c07b3f719b51b1eb7fb9b7d4abb
FMNoiseSaopin|jsr=10|seed=10318|center=2500|Oracle_FrFT_UpperBound,FMNoiseSaopin,10.0,10318,2500,Oracle_FrFT_UpperBound,ORACLE_DIAGNOSTIC_ONLY;NOT_FAIR;NOT_RL_ELIGIBLE,ORACLE_DIAGNOSTIC_ONLY,unified/pass,PASS,20.66480333451675,19.709395892329457,-0.955407442187294,True,True,True,0,0,0,0,-0.913415746172999,TARGET_PRESERVED,0.9,1.0,0.09999999999999998,0.089,0.0,False,0.0,0.0,80000,8a015e3f860296dd3aca796cda326c3703d87c07b3f719b51b1eb7fb9b7d4abb
FMNoiseSaopin|jsr=10|seed=10318|center=3500|Oracle_FrFT_UpperBound,FMNoiseSaopin,10.0,10318,3500,Oracle_FrFT_UpperBound,ORACLE_DIAGNOSTIC_ONLY;NOT_FAIR;NOT_RL_ELIGIBLE,ORACLE_DIAGNOSTIC_ONLY,unified/pass,PASS,20.813700243568533,19.84289011693758,-0.9708101266309548,True,True,True,0,0,2,1,-0.913415746172999,TARGET_PRESERVED,0.9,1.0,0.09999999999999998,0.089,0.0,False,0.0,0.0,80000,8a015e3f860296dd3aca796cda326c3703d87c07b3f719b51b1eb7fb9b7d4abb
FMNoiseSaopin|jsr=10|seed=10318|center=4000|Oracle_FrFT_UpperBound,FMNoiseSaopin,10.0,10318,4000,Oracle_FrFT_UpperBound,ORACLE_DIAGNOSTIC_ONLY;NOT_FAIR;NOT_RL_ELIGIBLE,ORACLE_DIAGNOSTIC_ONLY,unified/pass,PASS,20.803106633310303,19.837841247688946,-0.9652653856213576,True,True,True,0,0,1,1,-0.913415746172999,TARGET_PRESERVED,0.9,1.0,0.09999999999999998,0.089,0.0,False,0.0,0.0,80000,8a015e3f860296dd3aca796cda326c3703d87c07b3f719b51b1eb7fb9b7d4abb
FMNoiseSaopin|jsr=10|seed=10319|center=1000|Oracle_FrFT_UpperBound,FMNoiseSaopin,10.0,10319,1000,Oracle_FrFT_UpperBound,ORACLE_DIAGNOSTIC_ONLY;NOT_FAIR;NOT_RL_ELIGIBLE,ORACLE_DIAGNOSTIC_ONLY,unified/pass,PASS,24.84144190821432,24.98481604051339,0.14337413229906915,True,True,True,0,0,1,1,-0.9134157461729969,TARGET_PRESERVED,0.9,1.0,0.09999999999999998,0.089,0.1567137009929572,False,0.0,0.0,80000,8a015e3f860296dd3aca796cda326c3703d87c07b3f719b51b1eb7fb9b7d4abb
FMNoiseSaopin|jsr=10|seed=10319|center=1500|Oracle_FrFT_UpperBound,FMNoiseSaopin,10.0,10319,1500,Oracle_FrFT_UpperBound,ORACLE_DIAGNOSTIC_ONLY;NOT_FAIR;NOT_RL_ELIGIBLE,ORACLE_DIAGNOSTIC_ONLY,unified/pass,PASS,24.767414967214112,23.78645025040655,-0.9809647168075628,True,True,True,0,0,1,1,-0.913415746172999,TARGET_PRESERVED,0.9,1.0,0.09999999999999998,0.089,0.02496575890323473,False,0.0,0.0,80000,8a015e3f860296dd3aca796cda326c3703d87c07b3f719b51b1eb7fb9b7d4abb
FMNoiseSaopin|jsr=10|seed=10319|center=2500|Oracle_FrFT_UpperBound,FMNoiseSaopin,10.0,10319,2500,Oracle_FrFT_UpperBound,ORACLE_DIAGNOSTIC_ONLY;NOT_FAIR;NOT_RL_ELIGIBLE,ORACLE_DIAGNOSTIC_ONLY,unified/pass,PASS,24.62444972548408,23.655009637461724,-0.9694400880223562,True,True,True,0,0,0,0,-0.913415746172999,TARGET_PRESERVED,0.9,1.0,0.09999999999999998,0.089,0.0,False,0.0,0.0,80000,8a015e3f860296dd3aca796cda326c3703d87c07b3f719b51b1eb7fb9b7d4abb
FMNoiseSaopin|jsr=10|seed=10319|center=3500|Oracle_FrFT_UpperBound,FMNoiseSaopin,10.0,10319,3500,Oracle_FrFT_UpperBound,ORACLE_DIAGNOSTIC_ONLY;NOT_FAIR;NOT_RL_ELIGIBLE,ORACLE_DIAGNOSTIC_ONLY,unified/pass,PASS,24.76611533086033,23.77055715728411,-0.9955581735762209,True,True,True,0,0,0,0,-0.913415746172999,TARGET_PRESERVED,0.9,1.0,0.09999999999999998,0.089,0.0,False,0.0,0.0,80000,8a015e3f860296dd3aca796cda326c3703d87c07b3f719b51b1eb7fb9b7d4abb
FMNoiseSaopin|jsr=10|seed=10319|center=4000|Oracle_FrFT_UpperBound,FMNoiseSaopin,10.0,10319,4000,Oracle_FrFT_UpperBound,ORACLE_DIAGNOSTIC_ONLY;NOT_FAIR;NOT_RL_ELIGIBLE,ORACLE_DIAGNOSTIC_ONLY,unified/pass,PASS,24.7112941657009,23.732876890381366,-0.9784172753195328,True,True,True,0,0,1,1,-0.913415746172999,TARGET_PRESERVED,0.9,1.0,0.09999999999999998,0.089,0.0,False,0.0,0.0,80000,8a015e3f860296dd3aca796cda326c3703d87c07b3f719b51b1eb7fb9b7d4abb
FMNoiseSaopin|jsr=10|seed=10320|center=1000|Oracle_FrFT_UpperBound,FMNoiseSaopin,10.0,10320,1000,Oracle_FrFT_UpperBound,ORACLE_DIAGNOSTIC_ONLY;NOT_FAIR;NOT_RL_ELIGIBLE,ORACLE_DIAGNOSTIC_ONLY,unified/pass,PASS,35.877591768206166,33.97951321237006,-1.8980785558361077,True,True,True,0,0,0,1,-0.9134157461729969,TARGET_PRESERVED,0.9,1.0,0.09999999999999998,0.089,0.04060476446316699,False,0.0,0.0,80000,8a015e3f860296dd3aca796cda326c3703d87c07b3f719b51b1eb7fb9b7d4abb
FMNoiseSaopin|jsr=10|seed=10320|center=1500|Oracle_FrFT_UpperBound,FMNoiseSaopin,10.0,10320,1500,Oracle_FrFT_UpperBound,ORACLE_DIAGNOSTIC_ONLY;NOT_FAIR;NOT_RL_ELIGIBLE,ORACLE_DIAGNOSTIC_ONLY,unified/pass,PASS,35.34805177205997,33.571176097925225,-1.7768756741347431,True,True,True,0,0,1,0,-0.913415746172999,TARGET_PRESERVED,0.9,1.0,0.09999999999999998,0.089,0.02264216549894699,False,0.0,0.0,80000,8a015e3f860296dd3aca796cda326c3703d87c07b3f719b51b1eb7fb9b7d4abb
FMNoiseSaopin|jsr=10|seed=10320|center=2500|Oracle_FrFT_UpperBound,FMNoiseSaopin,10.0,10320,2500,Oracle_FrFT_UpperBound,ORACLE_DIAGNOSTIC_ONLY;NOT_FAIR;NOT_RL_ELIGIBLE,ORACLE_DIAGNOSTIC_ONLY,unified/pass,PASS,35.225785521295755,33.6517862964743,-1.5739992248214563,True,True,True,0,0,1,1,-0.913415746172999,TARGET_PRESERVED,0.9,1.0,0.09999999999999998,0.089,0.0,False,0.0,0.0,80000,8a015e3f860296dd3aca796cda326c3703d87c07b3f719b51b1eb7fb9b7d4abb
FMNoiseSaopin|jsr=10|seed=10320|center=3500|Oracle_FrFT_UpperBound,FMNoiseSaopin,10.0,10320,3500,Oracle_FrFT_UpperBound,ORACLE_DIAGNOSTIC_ONLY;NOT_FAIR;NOT_RL_ELIGIBLE,ORACLE_DIAGNOSTIC_ONLY,unified/pass,PASS,35.84204266444813,34.05720844623728,-1.7848342182108468,True,True,True,0,0,1,1,-0.913415746172999,TARGET_PRESERVED,0.9,1.0,0.09999999999999998,0.089,0.0,False,0.0,0.0,80000,8a015e3f860296dd3aca796cda326c3703d87c07b3f719b51b1eb7fb9b7d4abb
FMNoiseSaopin|jsr=10|seed=10320|center=4000|Oracle_FrFT_UpperBound,FMNoiseSaopin,10.0,10320,4000,Oracle_FrFT_UpperBound,ORACLE_DIAGNOSTIC_ONLY;NOT_FAIR;NOT_RL_ELIGIBLE,ORACLE_DIAGNOSTIC_ONLY,unified/pass,PASS,35.62804594059996,33.899991651637514,-1.728054288962447,True,True,True,0,0,1,1,-0.913415746172999,TARGET_PRESERVED,0.9,1.0,0.09999999999999998,0.089,0.0,False,0.0,0.0,80000,8a015e3f860296dd3aca796cda326c3703d87c07b3f719b51b1eb7fb9b7d4abb
FMNoiseSaopin|jsr=10|seed=10321|center=1000|Oracle_FrFT_UpperBound,FMNoiseSaopin,10.0,10321,1000,Oracle_FrFT_UpperBound,ORACLE_DIAGNOSTIC_ONLY;NOT_FAIR;NOT_RL_ELIGIBLE,ORACLE_DIAGNOSTIC_ONLY,unified/pass,PASS,19.990757776832467,20.003463530955923,0.012705754123455648,False,False,False,1,0,2,2,-0.9134157461729969,TARGET_PRESERVED,0.9,1.0,0.09999999999999998,0.089,0.41757169263902344,False,0.0,0.0,80000,8a015e3f860296dd3aca796cda326c3703d87c07b3f719b51b1eb7fb9b7d4abb
FMNoiseSaopin|jsr=10|seed=10321|center=1500|Oracle_FrFT_UpperBound,FMNoiseSaopin,10.0,10321,1500,Oracle_FrFT_UpperBound,ORACLE_DIAGNOSTIC_ONLY;NOT_FAIR;NOT_RL_ELIGIBLE,ORACLE_DIAGNOSTIC_ONLY,unified/pass,PASS,20.8675165379055,19.9258453800597,-0.9416711578457999,True,True,True,0,0,2,2,-0.913415746172999,TARGET_PRESERVED,0.9,1.0,0.09999999999999998,0.089,0.027774023328947205,False,0.0,0.0,80000,8a015e3f860296dd3aca796cda326c3703d87c07b3f719b51b1eb7fb9b7d4abb
FMNoiseSaopin|jsr=10|seed=10321|center=2500|Oracle_FrFT_UpperBound,FMNoiseSaopin,10.0,10321,2500,Oracle_FrFT_UpperBound,ORACLE_DIAGNOSTIC_ONLY;NOT_FAIR;NOT_RL_ELIGIBLE,ORACLE_DIAGNOSTIC_ONLY,unified/pass,PASS,20.96210334953295,20.041197992251256,-0.9209053572816934,True,True,True,0,0,1,1,-0.913415746172999,TARGET_PRESERVED,0.9,1.0,0.09999999999999998,0.089,0.0,False,0.0,0.0,80000,8a015e3f860296dd3aca796cda326c3703d87c07b3f719b51b1eb7fb9b7d4abb
FMNoiseSaopin|jsr=10|seed=10321|center=3500|Oracle_FrFT_UpperBound,FMNoiseSaopin,10.0,10321,3500,Oracle_FrFT_UpperBound,ORACLE_DIAGNOSTIC_ONLY;NOT_FAIR;NOT_RL_ELIGIBLE,ORACLE_DIAGNOSTIC_ONLY,unified/pass,PASS,20.865372801713026,19.973784074621953,-0.8915887270910723,True,True,True,0,0,1,0,-0.913415746172999,TARGET_PRESERVED,0.9,1.0,0.09999999999999998,0.089,0.0,False,0.0,0.0,80000,8a015e3f860296dd3aca796cda326c3703d87c07b3f719b51b1eb7fb9b7d4abb
FMNoiseSaopin|jsr=10|seed=10321|center=4000|Oracle_FrFT_UpperBound,FMNoiseSaopin,10.0,10321,4000,Oracle_FrFT_UpperBound,ORACLE_DIAGNOSTIC_ONLY;NOT_FAIR;NOT_RL_ELIGIBLE,ORACLE_DIAGNOSTIC_ONLY,unified/pass,PASS,20.844792685322364,19.951540533380776,-0.8932521519415886,True,True,True,0,0,0,0,-0.913415746172999,TARGET_PRESERVED,0.9,1.0,0.09999999999999998,0.089,0.0,False,0.0,0.0,80000,8a015e3f860296dd3aca796cda326c3703d87c07b3f719b51b1eb7fb9b7d4abb
FMNoiseSaopin|jsr=10|seed=10322|center=1000|Oracle_FrFT_UpperBound,FMNoiseSaopin,10.0,10322,1000,Oracle_FrFT_UpperBound,ORACLE_DIAGNOSTIC_ONLY;NOT_FAIR;NOT_RL_ELIGIBLE,ORACLE_DIAGNOSTIC_ONLY,unified/pass,PASS,35.90583824963631,34.01200024149965,-1.8938380081366617,True,True,True,0,0,1,1,-0.9134157461729969,TARGET_PRESERVED,0.9,1.0,0.09999999999999998,0.089,0.038167318552120647,False,0.0,0.0,80000,8a015e3f860296dd3aca796cda326c3703d87c07b3f719b51b1eb7fb9b7d4abb
FMNoiseSaopin|jsr=10|seed=10322|center=1500|Oracle_FrFT_UpperBound,FMNoiseSaopin,10.0,10322,1500,Oracle_FrFT_UpperBound,ORACLE_DIAGNOSTIC_ONLY;NOT_FAIR;NOT_RL_ELIGIBLE,ORACLE_DIAGNOSTIC_ONLY,unified/pass,PASS,35.762922555705266,33.77972263301678,-1.9831999226884847,True,True,True,0,0,1,1,-0.913415746172999,TARGET_PRESERVED,0.9,1.0,0.09999999999999998,0.089,0.023125542627455233,False,0.0,0.0,80000,8a015e3f860296dd3aca796cda326c3703d87c07b3f719b51b1eb7fb9b7d4abb
FMNoiseSaopin|jsr=10|seed=10322|center=2500|Oracle_FrFT_UpperBound,FMNoiseSaopin,10.0,10322,2500,Oracle_FrFT_UpperBound,ORACLE_DIAGNOSTIC_ONLY;NOT_FAIR;NOT_RL_ELIGIBLE,ORACLE_DIAGNOSTIC_ONLY,unified/pass,PASS,35.74458555570882,34.005357585841494,-1.739227969867322,True,True,True,0,0,1,1,-0.913415746172999,TARGET_PRESERVED,0.9,1.0,0.09999999999999998,0.089,0.0,False,0.0,0.0,80000,8a015e3f860296dd3aca796cda326c3703d87c07b3f719b51b1eb7fb9b7d4abb
FMNoiseSaopin|jsr=10|seed=10322|center=3500|Oracle_FrFT_UpperBound,FMNoiseSaopin,10.0,10322,3500,Oracle_FrFT_UpperBound,ORACLE_DIAGNOSTIC_ONLY;NOT_FAIR;NOT_RL_ELIGIBLE,ORACLE_DIAGNOSTIC_ONLY,unified/pass,PASS,35.71724487516626,34.01149206662113,-1.7057528085451281,True,True,True,0,0,0,1,-0.913415746172999,TARGET_PRESERVED,0.9,1.0,0.09999999999999998,0.089,0.0,False,0.0,0.0,80000,8a015e3f860296dd3aca796cda326c3703d87c07b3f719b51b1eb7fb9b7d4abb
FMNoiseSaopin|jsr=10|seed=10322|center=4000|Oracle_FrFT_UpperBound,FMNoiseSaopin,10.0,10322,4000,Oracle_FrFT_UpperBound,ORACLE_DIAGNOSTIC_ONLY;NOT_FAIR;NOT_RL_ELIGIBLE,ORACLE_DIAGNOSTIC_ONLY,unified/pass,PASS,35.613234784890054,33.92567457498035,-1.6875602099097051,True,True,True,0,0,0,0,-0.913415746172999,TARGET_PRESERVED,0.9,1.0,0.09999999999999998,0.089,0.0,False,0.0,0.0,80000,8a015e3f860296dd3aca796cda326c3703d87c07b3f719b51b1eb7fb9b7d4abb
FMNoiseSaopin|jsr=10|seed=10323|center=1000|Oracle_FrFT_UpperBound,FMNoiseSaopin,10.0,10323,1000,Oracle_FrFT_UpperBound,ORACLE_DIAGNOSTIC_ONLY;NOT_FAIR;NOT_RL_ELIGIBLE,ORACLE_DIAGNOSTIC_ONLY,unified/pass,PASS,24.425696754230728,23.75934653027433,-0.6663502239563996,True,True,True,0,0,0,0,-0.9134157461729969,TARGET_PRESERVED,0.9,1.0,0.09999999999999998,0.089,0.19854202182722652,False,0.0,0.0,80000,8a015e3f860296dd3aca796cda326c3703d87c07b3f719b51b1eb7fb9b7d4abb
FMNoiseSaopin|jsr=10|seed=10323|center=1500|Oracle_FrFT_UpperBound,FMNoiseSaopin,10.0,10323,1500,Oracle_FrFT_UpperBound,ORACLE_DIAGNOSTIC_ONLY;NOT_FAIR;NOT_RL_ELIGIBLE,ORACLE_DIAGNOSTIC_ONLY,unified/pass,PASS,24.480810974532076,23.398337982834903,-1.0824729916971734,True,True,True,0,0,0,1,-0.913415746172999,TARGET_PRESERVED,0.9,1.0,0.09999999999999998,0.089,0.025218200899214716,False,0.0,0.0,80000,8a015e3f860296dd3aca796cda326c3703d87c07b3f719b51b1eb7fb9b7d4abb
FMNoiseSaopin|jsr=10|seed=10323|center=2500|Oracle_FrFT_UpperBound,FMNoiseSaopin,10.0,10323,2500,Oracle_FrFT_UpperBound,ORACLE_DIAGNOSTIC_ONLY;NOT_FAIR;NOT_RL_ELIGIBLE,ORACLE_DIAGNOSTIC_ONLY,unified/pass,PASS,24.443505809562716,23.46340147392447,-0.9801043356382451,True,True,True,0,0,0,0,-0.913415746172999,TARGET_PRESERVED,0.9,1.0,0.09999999999999998,0.089,0.0,False,0.0,0.0,80000,8a015e3f860296dd3aca796cda326c3703d87c07b3f719b51b1eb7fb9b7d4abb
FMNoiseSaopin|jsr=10|seed=10323|center=3500|Oracle_FrFT_UpperBound,FMNoiseSaopin,10.0,10323,3500,Oracle_FrFT_UpperBound,ORACLE_DIAGNOSTIC_ONLY;NOT_FAIR;NOT_RL_ELIGIBLE,ORACLE_DIAGNOSTIC_ONLY,unified/pass,PASS,24.407231631164244,23.39696085532345,-1.0102707758407945,True,True,True,0,0,0,0,-0.913415746172999,TARGET_PRESERVED,0.9,1.0,0.09999999999999998,0.089,0.0,False,0.0,0.0,80000,8a015e3f860296dd3aca796cda326c3703d87c07b3f719b51b1eb7fb9b7d4abb
FMNoiseSaopin|jsr=10|seed=10323|center=4000|Oracle_FrFT_UpperBound,FMNoiseSaopin,10.0,10323,4000,Oracle_FrFT_UpperBound,ORACLE_DIAGNOSTIC_ONLY;NOT_FAIR;NOT_RL_ELIGIBLE,ORACLE_DIAGNOSTIC_ONLY,unified/pass,PASS,24.468057394969076,23.50507814759593,-0.9629792473731449,True,True,True,0,0,0,0,-0.913415746172999,TARGET_PRESERVED,0.9,1.0,0.09999999999999998,0.089,0.0,False,0.0,0.0,80000,8a015e3f860296dd3aca796cda326c3703d87c07b3f719b51b1eb7fb9b7d4abb
FMNoiseSaopin|jsr=10|seed=10324|center=1000|Oracle_FrFT_UpperBound,FMNoiseSaopin,10.0,10324,1000,Oracle_FrFT_UpperBound,ORACLE_DIAGNOSTIC_ONLY;NOT_FAIR;NOT_RL_ELIGIBLE,ORACLE_DIAGNOSTIC_ONLY,unified/pass,PASS,19.069551529882066,18.745406898257507,-0.3241446316245593,False,False,False,2,1,0,0,-0.9134157461729969,TARGET_PRESERVED,0.9,1.0,0.09999999999999998,0.089,0.4446705455534591,False,0.0,0.0,80000,8a015e3f860296dd3aca796cda326c3703d87c07b3f719b51b1eb7fb9b7d4abb
FMNoiseSaopin|jsr=10|seed=10324|center=1500|Oracle_FrFT_UpperBound,FMNoiseSaopin,10.0,10324,1500,Oracle_FrFT_UpperBound,ORACLE_DIAGNOSTIC_ONLY;NOT_FAIR;NOT_RL_ELIGIBLE,ORACLE_DIAGNOSTIC_ONLY,unified/pass,PASS,20.636379077717937,19.707268620678956,-0.9291104570389805,True,True,True,0,0,0,0,-0.913415746172999,TARGET_PRESERVED,0.9,1.0,0.09999999999999998,0.089,0.03697128270023517,False,0.0,0.0,80000,8a015e3f860296dd3aca796cda326c3703d87c07b3f719b51b1eb7fb9b7d4abb
FMNoiseSaopin|jsr=10|seed=10324|center=2500|Oracle_FrFT_UpperBound,FMNoiseSaopin,10.0,10324,2500,Oracle_FrFT_UpperBound,ORACLE_DIAGNOSTIC_ONLY;NOT_FAIR;NOT_RL_ELIGIBLE,ORACLE_DIAGNOSTIC_ONLY,unified/pass,PASS,20.581952819257978,19.64530885989307,-0.9366439593649076,True,True,True,0,0,0,0,-0.913415746172999,TARGET_PRESERVED,0.9,1.0,0.09999999999999998,0.089,0.0,False,0.0,0.0,80000,8a015e3f860296dd3aca796cda326c3703d87c07b3f719b51b1eb7fb9b7d4abb
FMNoiseSaopin|jsr=10|seed=10324|center=3500|Oracle_FrFT_UpperBound,FMNoiseSaopin,10.0,10324,3500,Oracle_FrFT_UpperBound,ORACLE_DIAGNOSTIC_ONLY;NOT_FAIR;NOT_RL_ELIGIBLE,ORACLE_DIAGNOSTIC_ONLY,unified/pass,PASS,20.540535908771155,19.60634631973303,-0.9341895890381231,True,True,True,0,0,0,0,-0.913415746172999,TARGET_PRESERVED,0.9,1.0,0.09999999999999998,0.089,0.0,False,0.0,0.0,80000,8a015e3f860296dd3aca796cda326c3703d87c07b3f719b51b1eb7fb9b7d4abb
FMNoiseSaopin|jsr=10|seed=10324|center=4000|Oracle_FrFT_UpperBound,FMNoiseSaopin,10.0,10324,4000,Oracle_FrFT_UpperBound,ORACLE_DIAGNOSTIC_ONLY;NOT_FAIR;NOT_RL_ELIGIBLE,ORACLE_DIAGNOSTIC_ONLY,unified/pass,PASS,20.592086986079046,19.651162819982453,-0.9409241660965932,True,True,True,0,0,1,0,-0.913415746172999,TARGET_PRESERVED,0.9,1.0,0.09999999999999998,0.089,0.0,False,0.0,0.0,80000,8a015e3f860296dd3aca796cda326c3703d87c07b3f719b51b1eb7fb9b7d4abb
FMNoiseSaopin|jsr=10|seed=10325|center=1000|Oracle_FrFT_UpperBound,FMNoiseSaopin,10.0,10325,1000,Oracle_FrFT_UpperBound,ORACLE_DIAGNOSTIC_ONLY;NOT_FAIR;NOT_RL_ELIGIBLE,ORACLE_DIAGNOSTIC_ONLY,unified/pass,PASS,24.51289049784192,24.13256781862828,-0.3803226792136378,True,True,True,0,0,0,0,-0.9134157461729969,TARGET_PRESERVED,0.9,1.0,0.09999999999999998,0.089,0.17893816402105547,False,0.0,0.0,80000,8a015e3f860296dd3aca796cda326c3703d87c07b3f719b51b1eb7fb9b7d4abb
FMNoiseSaopin|jsr=10|seed=10325|center=1500|Oracle_FrFT_UpperBound,FMNoiseSaopin,10.0,10325,1500,Oracle_FrFT_UpperBound,ORACLE_DIAGNOSTIC_ONLY;NOT_FAIR;NOT_RL_ELIGIBLE,ORACLE_DIAGNOSTIC_ONLY,unified/pass,PASS,24.582352403098202,23.684669022104615,-0.8976833809935876,True,True,True,0,0,0,0,-0.913415746172999,TARGET_PRESERVED,0.9,1.0,0.09999999999999998,0.089,0.02548466010837127,False,0.0,0.0,80000,8a015e3f860296dd3aca796cda326c3703d87c07b3f719b51b1eb7fb9b7d4abb
FMNoiseSaopin|jsr=10|seed=10325|center=2500|Oracle_FrFT_UpperBound,FMNoiseSaopin,10.0,10325,2500,Oracle_FrFT_UpperBound,ORACLE_DIAGNOSTIC_ONLY;NOT_FAIR;NOT_RL_ELIGIBLE,ORACLE_DIAGNOSTIC_ONLY,unified/pass,PASS,24.734783700223094,23.763708751160575,-0.971074949062519,True,True,True,0,0,0,0,-0.913415746172999,TARGET_PRESERVED,0.9,1.0,0.09999999999999998,0.089,0.0,False,0.0,0.0,80000,8a015e3f860296dd3aca796cda326c3703d87c07b3f719b51b1eb7fb9b7d4abb
FMNoiseSaopin|jsr=10|seed=10325|center=3500|Oracle_FrFT_UpperBound,FMNoiseSaopin,10.0,10325,3500,Oracle_FrFT_UpperBound,ORACLE_DIAGNOSTIC_ONLY;NOT_FAIR;NOT_RL_ELIGIBLE,ORACLE_DIAGNOSTIC_ONLY,unified/pass,PASS,24.61032516300119,23.601351217498028,-1.0089739455031612,True,True,True,0,0,0,0,-0.913415746172999,TARGET_PRESERVED,0.9,1.0,0.09999999999999998,0.089,0.0,False,0.0,0.0,80000,8a015e3f860296dd3aca796cda326c3703d87c07b3f719b51b1eb7fb9b7d4abb
FMNoiseSaopin|jsr=10|seed=10325|center=4000|Oracle_FrFT_UpperBound,FMNoiseSaopin,10.0,10325,4000,Oracle_FrFT_UpperBound,ORACLE_DIAGNOSTIC_ONLY;NOT_FAIR;NOT_RL_ELIGIBLE,ORACLE_DIAGNOSTIC_ONLY,unified/pass,PASS,24.64170289395968,23.636771719913963,-1.0049311740457156,True,True,True,0,0,0,0,-0.913415746172999,TARGET_PRESERVED,0.9,1.0,0.09999999999999998,0.089,0.0,False,0.0,0.0,80000,8a015e3f860296dd3aca796cda326c3703d87c07b3f719b51b1eb7fb9b7d4abb
FMNoiseSaopin|jsr=10|seed=10326|center=1000|Oracle_FrFT_UpperBound,FMNoiseSaopin,10.0,10326,1000,Oracle_FrFT_UpperBound,ORACLE_DIAGNOSTIC_ONLY;NOT_FAIR;NOT_RL_ELIGIBLE,ORACLE_DIAGNOSTIC_ONLY,unified/pass,PASS,19.943118722906355,19.981171555323385,0.03805283241702995,False,True,False,1,1,1,1,-0.9134157461729969,TARGET_PRESERVED,0.9,1.0,0.09999999999999998,0.089,0.4136524932984662,False,0.0,0.0,80000,8a015e3f860296dd3aca796cda326c3703d87c07b3f719b51b1eb7fb9b7d4abb
FMNoiseSaopin|jsr=10|seed=10326|center=1500|Oracle_FrFT_UpperBound,FMNoiseSaopin,10.0,10326,1500,Oracle_FrFT_UpperBound,ORACLE_DIAGNOSTIC_ONLY;NOT_FAIR;NOT_RL_ELIGIBLE,ORACLE_DIAGNOSTIC_ONLY,unified/pass,PASS,20.888959766499408,19.981101003303312,-0.9078587631960957,True,True,True,0,0,1,1,-0.913415746172999,TARGET_PRESERVED,0.9,1.0,0.09999999999999998,0.089,0.030361308279345012,False,0.0,0.0,80000,8a015e3f860296dd3aca796cda326c3703d87c07b3f719b51b1eb7fb9b7d4abb
FMNoiseSaopin|jsr=10|seed=10326|center=2500|Oracle_FrFT_UpperBound,FMNoiseSaopin,10.0,10326,2500,Oracle_FrFT_UpperBound,ORACLE_DIAGNOSTIC_ONLY;NOT_FAIR;NOT_RL_ELIGIBLE,ORACLE_DIAGNOSTIC_ONLY,unified/pass,PASS,20.88486622761156,19.916021118375323,-0.9688451092362378,True,True,True,0,0,0,0,-0.913415746172999,TARGET_PRESERVED,0.9,1.0,0.09999999999999998,0.089,0.0,False,0.0,0.0,80000,8a015e3f860296dd3aca796cda326c3703d87c07b3f719b51b1eb7fb9b7d4abb
FMNoiseSaopin|jsr=10|seed=10326|center=3500|Oracle_FrFT_UpperBound,FMNoiseSaopin,10.0,10326,3500,Oracle_FrFT_UpperBound,ORACLE_DIAGNOSTIC_ONLY;NOT_FAIR;NOT_RL_ELIGIBLE,ORACLE_DIAGNOSTIC_ONLY,unified/pass,PASS,20.835614219165937,19.893874761454942,-0.9417394577109945,True,True,True,0,0,1,1,-0.913415746172999,TARGET_PRESERVED,0.9,1.0,0.09999999999999998,0.089,0.0,False,0.0,0.0,80000,8a015e3f860296dd3aca796cda326c3703d87c07b3f719b51b1eb7fb9b7d4abb
FMNoiseSaopin|jsr=10|seed=10326|center=4000|Oracle_FrFT_UpperBound,FMNoiseSaopin,10.0,10326,4000,Oracle_FrFT_UpperBound,ORACLE_DIAGNOSTIC_ONLY;NOT_FAIR;NOT_RL_ELIGIBLE,ORACLE_DIAGNOSTIC_ONLY,unified/pass,PASS,20.8935872510622,19.96040371104153,-0.9331835400206714,True,True,True,0,0,1,1,-0.913415746172999,TARGET_PRESERVED,0.9,1.0,0.09999999999999998,0.089,0.0,False,0.0,0.0,80000,8a015e3f860296dd3aca796cda326c3703d87c07b3f719b51b1eb7fb9b7d4abb
FMNoiseSaopin|jsr=10|seed=10327|center=1000|Oracle_FrFT_UpperBound,FMNoiseSaopin,10.0,10327,1000,Oracle_FrFT_UpperBound,ORACLE_DIAGNOSTIC_ONLY;NOT_FAIR;NOT_RL_ELIGIBLE,ORACLE_DIAGNOSTIC_ONLY,unified/pass,PASS,21.755421060151072,21.39816938171338,-0.35725167843769157,True,True,True,1,1,0,0,-0.9134157461729969,TARGET_PRESERVED,0.9,1.0,0.09999999999999998,0.089,0.40065402847676534,False,0.0,0.0,80000,8a015e3f860296dd3aca796cda326c3703d87c07b3f719b51b1eb7fb9b7d4abb
FMNoiseSaopin|jsr=10|seed=10327|center=1500|Oracle_FrFT_UpperBound,FMNoiseSaopin,10.0,10327,1500,Oracle_FrFT_UpperBound,ORACLE_DIAGNOSTIC_ONLY;NOT_FAIR;NOT_RL_ELIGIBLE,ORACLE_DIAGNOSTIC_ONLY,unified/pass,PASS,20.942281372821853,19.98253536716042,-0.9597460056614331,True,True,True,0,0,0,0,-0.913415746172999,TARGET_PRESERVED,0.9,1.0,0.09999999999999998,0.089,0.023992298471571916,False,0.0,0.0,80000,8a015e3f860296dd3aca796cda326c3703d87c07b3f719b51b1eb7fb9b7d4abb
FMNoiseSaopin|jsr=10|seed=10327|center=2500|Oracle_FrFT_UpperBound,FMNoiseSaopin,10.0,10327,2500,Oracle_FrFT_UpperBound,ORACLE_DIAGNOSTIC_ONLY;NOT_FAIR;NOT_RL_ELIGIBLE,ORACLE_DIAGNOSTIC_ONLY,unified/pass,PASS,21.05365504225054,20.130430426875993,-0.9232246153745471,True,True,True,0,0,0,0,-0.913415746172999,TARGET_PRESERVED,0.9,1.0,0.09999999999999998,0.089,0.0,False,0.0,0.0,80000,8a015e3f860296dd3aca796cda326c3703d87c07b3f719b51b1eb7fb9b7d4abb
FMNoiseSaopin|jsr=10|seed=10327|center=3500|Oracle_FrFT_UpperBound,FMNoiseSaopin,10.0,10327,3500,Oracle_FrFT_UpperBound,ORACLE_DIAGNOSTIC_ONLY;NOT_FAIR;NOT_RL_ELIGIBLE,ORACLE_DIAGNOSTIC_ONLY,unified/pass,PASS,21.009416497535437,20.04608119153597,-0.9633353059994683,True,True,True,0,0,0,1,-0.913415746172999,TARGET_PRESERVED,0.9,1.0,0.09999999999999998,0.089,0.0,False,0.0,0.0,80000,8a015e3f860296dd3aca796cda326c3703d87c07b3f719b51b1eb7fb9b7d4abb
FMNoiseSaopin|jsr=10|seed=10327|center=4000|Oracle_FrFT_UpperBound,FMNoiseSaopin,10.0,10327,4000,Oracle_FrFT_UpperBound,ORACLE_DIAGNOSTIC_ONLY;NOT_FAIR;NOT_RL_ELIGIBLE,ORACLE_DIAGNOSTIC_ONLY,unified/pass,PASS,21.026621327247554,20.05989420807555,-0.9667271191720026,True,True,True,0,0,0,0,-0.913415746172999,TARGET_PRESERVED,0.9,1.0,0.09999999999999998,0.089,0.0,False,0.0,0.0,80000,8a015e3f860296dd3aca796cda326c3703d87c07b3f719b51b1eb7fb9b7d4abb
FMNoiseSaopin|jsr=10|seed=10328|center=1000|Oracle_FrFT_UpperBound,FMNoiseSaopin,10.0,10328,1000,Oracle_FrFT_UpperBound,ORACLE_DIAGNOSTIC_ONLY;NOT_FAIR;NOT_RL_ELIGIBLE,ORACLE_DIAGNOSTIC_ONLY,unified/pass,PASS,24.68347998178298,23.42345895581111,-1.26002102597187,True,True,True,0,0,0,0,-0.9134157461729969,TARGET_PRESERVED,0.9,1.0,0.09999999999999998,0.089,0.20543546433181906,False,0.0,0.0,80000,8a015e3f860296dd3aca796cda326c3703d87c07b3f719b51b1eb7fb9b7d4abb
FMNoiseSaopin|jsr=10|seed=10328|center=1500|Oracle_FrFT_UpperBound,FMNoiseSaopin,10.0,10328,1500,Oracle_FrFT_UpperBound,ORACLE_DIAGNOSTIC_ONLY;NOT_FAIR;NOT_RL_ELIGIBLE,ORACLE_DIAGNOSTIC_ONLY,unified/pass,PASS,24.777725570931473,23.774999764988824,-1.0027258059426494,True,True,True,0,0,1,0,-0.913415746172999,TARGET_PRESERVED,0.9,1.0,0.09999999999999998,0.089,0.025190669422284106,False,0.0,0.0,80000,8a015e3f860296dd3aca796cda326c3703d87c07b3f719b51b1eb7fb9b7d4abb
FMNoiseSaopin|jsr=10|seed=10328|center=2500|Oracle_FrFT_UpperBound,FMNoiseSaopin,10.0,10328,2500,Oracle_FrFT_UpperBound,ORACLE_DIAGNOSTIC_ONLY;NOT_FAIR;NOT_RL_ELIGIBLE,ORACLE_DIAGNOSTIC_ONLY,unified/pass,PASS,24.707379348331667,23.710489188823463,-0.9968901595082045,True,True,True,0,0,1,0,-0.913415746172999,TARGET_PRESERVED,0.9,1.0,0.09999999999999998,0.089,0.0,False,0.0,0.0,80000,8a015e3f860296dd3aca796cda326c3703d87c07b3f719b51b1eb7fb9b7d4abb
FMNoiseSaopin|jsr=10|seed=10328|center=3500|Oracle_FrFT_UpperBound,FMNoiseSaopin,10.0,10328,3500,Oracle_FrFT_UpperBound,ORACLE_DIAGNOSTIC_ONLY;NOT_FAIR;NOT_RL_ELIGIBLE,ORACLE_DIAGNOSTIC_ONLY,unified/pass,PASS,24.703051454456293,23.71679827903119,-0.9862531754251016,True,True,True,0,0,1,1,-0.913415746172999,TARGET_PRESERVED,0.9,1.0,0.09999999999999998,0.089,0.0,False,0.0,0.0,80000,8a015e3f860296dd3aca796cda326c3703d87c07b3f719b51b1eb7fb9b7d4abb
FMNoiseSaopin|jsr=10|seed=10328|center=4000|Oracle_FrFT_UpperBound,FMNoiseSaopin,10.0,10328,4000,Oracle_FrFT_UpperBound,ORACLE_DIAGNOSTIC_ONLY;NOT_FAIR;NOT_RL_ELIGIBLE,ORACLE_DIAGNOSTIC_ONLY,unified/pass,PASS,24.697268763629225,23.680682679016364,-1.016586084612861,True,True,True,0,0,1,1,-0.913415746172999,TARGET_PRESERVED,0.9,1.0,0.09999999999999998,0.089,0.0,False,0.0,0.0,80000,8a015e3f860296dd3aca796cda326c3703d87c07b3f719b51b1eb7fb9b7d4abb
FMNoiseSaopin|jsr=10|seed=10329|center=1000|Oracle_FrFT_UpperBound,FMNoiseSaopin,10.0,10329,1000,Oracle_FrFT_UpperBound,ORACLE_DIAGNOSTIC_ONLY;NOT_FAIR;NOT_RL_ELIGIBLE,ORACLE_DIAGNOSTIC_ONLY,unified/pass,PASS,19.298369185451985,19.057059614297227,-0.24130957115475837,False,False,False,2,0,0,0,-0.9134157461729969,TARGET_PRESERVED,0.9,1.0,0.09999999999999998,0.089,0.433873256192213,False,0.0,0.0,80000,8a015e3f860296dd3aca796cda326c3703d87c07b3f719b51b1eb7fb9b7d4abb
FMNoiseSaopin|jsr=10|seed=10329|center=1500|Oracle_FrFT_UpperBound,FMNoiseSaopin,10.0,10329,1500,Oracle_FrFT_UpperBound,ORACLE_DIAGNOSTIC_ONLY;NOT_FAIR;NOT_RL_ELIGIBLE,ORACLE_DIAGNOSTIC_ONLY,unified/pass,PASS,20.710583158281224,19.799139985923443,-0.9114431723577816,True,True,True,0,0,0,0,-0.913415746172999,TARGET_PRESERVED,0.9,1.0,0.09999999999999998,0.089,0.03721071035938742,False,0.0,0.0,80000,8a015e3f860296dd3aca796cda326c3703d87c07b3f719b51b1eb7fb9b7d4abb
FMNoiseSaopin|jsr=10|seed=10329|center=2500|Oracle_FrFT_UpperBound,FMNoiseSaopin,10.0,10329,2500,Oracle_FrFT_UpperBound,ORACLE_DIAGNOSTIC_ONLY;NOT_FAIR;NOT_RL_ELIGIBLE,ORACLE_DIAGNOSTIC_ONLY,unified/pass,PASS,20.701261204690667,19.74225816586533,-0.9590030388253368,True,True,True,0,0,0,0,-0.913415746172999,TARGET_PRESERVED,0.9,1.0,0.09999999999999998,0.089,0.0,False,0.0,0.0,80000,8a015e3f860296dd3aca796cda326c3703d87c07b3f719b51b1eb7fb9b7d4abb
FMNoiseSaopin|jsr=10|seed=10329|center=3500|Oracle_FrFT_UpperBound,FMNoiseSaopin,10.0,10329,3500,Oracle_FrFT_UpperBound,ORACLE_DIAGNOSTIC_ONLY;NOT_FAIR;NOT_RL_ELIGIBLE,ORACLE_DIAGNOSTIC_ONLY,unified/pass,PASS,20.730684289723488,19.819685212243463,-0.9109990774800245,True,True,True,0,0,0,1,-0.913415746172999,TARGET_PRESERVED,0.9,1.0,0.09999999999999998,0.089,0.0,False,0.0,0.0,80000,8a015e3f860296dd3aca796cda326c3703d87c07b3f719b51b1eb7fb9b7d4abb
FMNoiseSaopin|jsr=10|seed=10329|center=4000|Oracle_FrFT_UpperBound,FMNoiseSaopin,10.0,10329,4000,Oracle_FrFT_UpperBound,ORACLE_DIAGNOSTIC_ONLY;NOT_FAIR;NOT_RL_ELIGIBLE,ORACLE_DIAGNOSTIC_ONLY,unified/pass,PASS,20.718560522604214,19.729113528611048,-0.989446993993166,True,True,True,0,0,0,0,-0.913415746172999,TARGET_PRESERVED,0.9,1.0,0.09999999999999998,0.089,0.0,False,0.0,0.0,80000,8a015e3f860296dd3aca796cda326c3703d87c07b3f719b51b1eb7fb9b7d4abb
FMNoiseSaopin|jsr=10|seed=10330|center=1000|Oracle_FrFT_UpperBound,FMNoiseSaopin,10.0,10330,1000,Oracle_FrFT_UpperBound,ORACLE_DIAGNOSTIC_ONLY;NOT_FAIR;NOT_RL_ELIGIBLE,ORACLE_DIAGNOSTIC_ONLY,unified/pass,PASS,20.101582493989998,19.501588529511334,-0.5999939644786636,True,True,True,1,1,1,1,-0.9134157461729969,TARGET_PRESERVED,0.9,1.0,0.09999999999999998,0.089,0.5087640887924406,False,0.0,0.0,80000,8a015e3f860296dd3aca796cda326c3703d87c07b3f719b51b1eb7fb9b7d4abb
FMNoiseSaopin|jsr=10|seed=10330|center=1500|Oracle_FrFT_UpperBound,FMNoiseSaopin,10.0,10330,1500,Oracle_FrFT_UpperBound,ORACLE_DIAGNOSTIC_ONLY;NOT_FAIR;NOT_RL_ELIGIBLE,ORACLE_DIAGNOSTIC_ONLY,unified/pass,PASS,19.916265740275403,18.967508228205677,-0.9487575120697258,True,True,True,0,0,1,1,-0.913415746172999,TARGET_PRESERVED,0.9,1.0,0.09999999999999998,0.089,0.050144160920491176,False,0.0,0.0,80000,8a015e3f860296dd3aca796cda326c3703d87c07b3f719b51b1eb7fb9b7d4abb
FMNoiseSaopin|jsr=10|seed=10330|center=2500|Oracle_FrFT_UpperBound,FMNoiseSaopin,10.0,10330,2500,Oracle_FrFT_UpperBound,ORACLE_DIAGNOSTIC_ONLY;NOT_FAIR;NOT_RL_ELIGIBLE,ORACLE_DIAGNOSTIC_ONLY,unified/pass,PASS,20.017974260791014,19.071574037743318,-0.9464002230476964,True,True,True,0,0,1,1,-0.913415746172999,TARGET_PRESERVED,0.9,1.0,0.09999999999999998,0.089,0.0,False,0.0,0.0,80000,8a015e3f860296dd3aca796cda326c3703d87c07b3f719b51b1eb7fb9b7d4abb
FMNoiseSaopin|jsr=10|seed=10330|center=3500|Oracle_FrFT_UpperBound,FMNoiseSaopin,10.0,10330,3500,Oracle_FrFT_UpperBound,ORACLE_DIAGNOSTIC_ONLY;NOT_FAIR;NOT_RL_ELIGIBLE,ORACLE_DIAGNOSTIC_ONLY,unified/pass,PASS,19.974231683055667,19.002840282619864,-0.9713914004358024,True,True,True,0,0,1,0,-0.913415746172999,TARGET_PRESERVED,0.9,1.0,0.09999999999999998,0.089,0.0,False,0.0,0.0,80000,8a015e3f860296dd3aca796cda326c3703d87c07b3f719b51b1eb7fb9b7d4abb
FMNoiseSaopin|jsr=10|seed=10330|center=4000|Oracle_FrFT_UpperBound,FMNoiseSaopin,10.0,10330,4000,Oracle_FrFT_UpperBound,ORACLE_DIAGNOSTIC_ONLY;NOT_FAIR;NOT_RL_ELIGIBLE,ORACLE_DIAGNOSTIC_ONLY,unified/pass,PASS,19.98748129976319,19.012160205616194,-0.9753210941469952,True,True,True,0,0,0,0,-0.913415746172999,TARGET_PRESERVED,0.9,1.0,0.09999999999999998,0.089,0.0,False,0.0,0.0,80000,8a015e3f860296dd3aca796cda326c3703d87c07b3f719b51b1eb7fb9b7d4abb
FMNoiseSaopin|jsr=10|seed=10331|center=1000|Oracle_FrFT_UpperBound,FMNoiseSaopin,10.0,10331,1000,Oracle_FrFT_UpperBound,ORACLE_DIAGNOSTIC_ONLY;NOT_FAIR;NOT_RL_ELIGIBLE,ORACLE_DIAGNOSTIC_ONLY,unified/pass,PASS,20.83710424276209,20.413007123321535,-0.4240971194405567,True,True,True,1,1,0,0,-0.9134157461729969,TARGET_PRESERVED,0.9,1.0,0.09999999999999998,0.089,0.4905465518609744,False,0.0,0.0,80000,8a015e3f860296dd3aca796cda326c3703d87c07b3f719b51b1eb7fb9b7d4abb
FMNoiseSaopin|jsr=10|seed=10331|center=1500|Oracle_FrFT_UpperBound,FMNoiseSaopin,10.0,10331,1500,Oracle_FrFT_UpperBound,ORACLE_DIAGNOSTIC_ONLY;NOT_FAIR;NOT_RL_ELIGIBLE,ORACLE_DIAGNOSTIC_ONLY,unified/pass,PASS,20.071503046205635,19.122442973013097,-0.9490600731925376,True,True,True,0,0,1,2,-0.913415746172999,TARGET_PRESERVED,0.9,1.0,0.09999999999999998,0.089,0.02047054105645605,False,0.0,0.0,80000,8a015e3f860296dd3aca796cda326c3703d87c07b3f719b51b1eb7fb9b7d4abb
FMNoiseSaopin|jsr=10|seed=10331|center=2500|Oracle_FrFT_UpperBound,FMNoiseSaopin,10.0,10331,2500,Oracle_FrFT_UpperBound,ORACLE_DIAGNOSTIC_ONLY;NOT_FAIR;NOT_RL_ELIGIBLE,ORACLE_DIAGNOSTIC_ONLY,unified/pass,PASS,20.091389639007726,19.194233386114462,-0.8971562528932644,True,True,True,0,0,0,1,-0.913415746172999,TARGET_PRESERVED,0.9,1.0,0.09999999999999998,0.089,0.0,False,0.0,0.0,80000,8a015e3f860296dd3aca796cda326c3703d87c07b3f719b51b1eb7fb9b7d4abb
FMNoiseSaopin|jsr=10|seed=10331|center=3500|Oracle_FrFT_UpperBound,FMNoiseSaopin,10.0,10331,3500,Oracle_FrFT_UpperBound,ORACLE_DIAGNOSTIC_ONLY;NOT_FAIR;NOT_RL_ELIGIBLE,ORACLE_DIAGNOSTIC_ONLY,unified/pass,PASS,20.066934045228606,19.126131442515213,-0.9408026027133936,True,True,True,0,0,0,0,-0.913415746172999,TARGET_PRESERVED,0.9,1.0,0.09999999999999998,0.089,0.0,False,0.0,0.0,80000,8a015e3f860296dd3aca796cda326c3703d87c07b3f719b51b1eb7fb9b7d4abb
FMNoiseSaopin|jsr=10|seed=10331|center=4000|Oracle_FrFT_UpperBound,FMNoiseSaopin,10.0,10331,4000,Oracle_FrFT_UpperBound,ORACLE_DIAGNOSTIC_ONLY;NOT_FAIR;NOT_RL_ELIGIBLE,ORACLE_DIAGNOSTIC_ONLY,unified/pass,PASS,20.057714815267886,19.138836819622973,-0.9188779956449125,True,True,True,0,0,0,0,-0.913415746172999,TARGET_PRESERVED,0.9,1.0,0.09999999999999998,0.089,0.0,False,0.0,0.0,80000,8a015e3f860296dd3aca796cda326c3703d87c07b3f719b51b1eb7fb9b7d4abb
FMNoiseSaopin|jsr=10|seed=10332|center=1000|Oracle_FrFT_UpperBound,FMNoiseSaopin,10.0,10332,1000,Oracle_FrFT_UpperBound,ORACLE_DIAGNOSTIC_ONLY;NOT_FAIR;NOT_RL_ELIGIBLE,ORACLE_DIAGNOSTIC_ONLY,unified/pass,PASS,20.538951099309305,20.528240987777693,-0.010710111531611943,False,True,False,1,1,1,1,-0.9134157461729969,TARGET_PRESERVED,0.9,1.0,0.09999999999999998,0.089,0.40217512047876325,False,0.0,0.0,80000,8a015e3f860296dd3aca796cda326c3703d87c07b3f719b51b1eb7fb9b7d4abb
FMNoiseSaopin|jsr=10|seed=10332|center=1500|Oracle_FrFT_UpperBound,FMNoiseSaopin,10.0,10332,1500,Oracle_FrFT_UpperBound,ORACLE_DIAGNOSTIC_ONLY;NOT_FAIR;NOT_RL_ELIGIBLE,ORACLE_DIAGNOSTIC_ONLY,unified/pass,PASS,21.024238271251647,20.103789282964893,-0.9204489882867541,True,True,True,0,0,1,1,-0.913415746172999,TARGET_PRESERVED,0.9,1.0,0.09999999999999998,0.089,0.03138331898904452,False,0.0,0.0,80000,8a015e3f860296dd3aca796cda326c3703d87c07b3f719b51b1eb7fb9b7d4abb
FMNoiseSaopin|jsr=10|seed=10332|center=2500|Oracle_FrFT_UpperBound,FMNoiseSaopin,10.0,10332,2500,Oracle_FrFT_UpperBound,ORACLE_DIAGNOSTIC_ONLY;NOT_FAIR;NOT_RL_ELIGIBLE,ORACLE_DIAGNOSTIC_ONLY,unified/pass,PASS,21.03086350205725,20.110919757494678,-0.9199437445625733,True,True,True,0,0,1,0,-0.913415746172999,TARGET_PRESERVED,0.9,1.0,0.09999999999999998,0.089,0.0,False,0.0,0.0,80000,8a015e3f860296dd3aca796cda326c3703d87c07b3f719b51b1eb7fb9b7d4abb
FMNoiseSaopin|jsr=10|seed=10332|center=3500|Oracle_FrFT_UpperBound,FMNoiseSaopin,10.0,10332,3500,Oracle_FrFT_UpperBound,ORACLE_DIAGNOSTIC_ONLY;NOT_FAIR;NOT_RL_ELIGIBLE,ORACLE_DIAGNOSTIC_ONLY,unified/pass,PASS,21.088179978541834,20.162221720813434,-0.9259582577284,True,True,True,0,0,0,0,-0.913415746172999,TARGET_PRESERVED,0.9,1.0,0.09999999999999998,0.089,0.0,False,0.0,0.0,80000,8a015e3f860296dd3aca796cda326c3703d87c07b3f719b51b1eb7fb9b7d4abb
FMNoiseSaopin|jsr=10|seed=10332|center=4000|Oracle_FrFT_UpperBound,FMNoiseSaopin,10.0,10332,4000,Oracle_FrFT_UpperBound,ORACLE_DIAGNOSTIC_ONLY;NOT_FAIR;NOT_RL_ELIGIBLE,ORACLE_DIAGNOSTIC_ONLY,unified/pass,PASS,21.041588352011253,20.05753479294768,-0.9840535590635717,True,True,True,0,0,2,1,-0.913415746172999,TARGET_PRESERVED,0.9,1.0,0.09999999999999998,0.089,0.0,False,0.0,0.0,80000,8a015e3f860296dd3aca796cda326c3703d87c07b3f719b51b1eb7fb9b7d4abb
FMNoiseSaopin|jsr=10|seed=10333|center=1000|Oracle_FrFT_UpperBound,FMNoiseSaopin,10.0,10333,1000,Oracle_FrFT_UpperBound,ORACLE_DIAGNOSTIC_ONLY;NOT_FAIR;NOT_RL_ELIGIBLE,ORACLE_DIAGNOSTIC_ONLY,unified/pass,PASS,20.443684951047146,19.734669723588013,-0.7090152274591333,True,True,True,1,1,1,1,-0.9134157461729969,TARGET_PRESERVED,0.9,1.0,0.09999999999999998,0.089,0.4852506660811765,False,0.0,0.0,80000,8a015e3f860296dd3aca796cda326c3703d87c07b3f719b51b1eb7fb9b7d4abb
FMNoiseSaopin|jsr=10|seed=10333|center=1500|Oracle_FrFT_UpperBound,FMNoiseSaopin,10.0,10333,1500,Oracle_FrFT_UpperBound,ORACLE_DIAGNOSTIC_ONLY;NOT_FAIR;NOT_RL_ELIGIBLE,ORACLE_DIAGNOSTIC_ONLY,unified/pass,PASS,20.100647414264774,19.179712628982053,-0.9209347852827214,True,True,True,0,0,1,1,-0.913415746172999,TARGET_PRESERVED,0.9,1.0,0.09999999999999998,0.089,0.03374290738301756,False,0.0,0.0,80000,8a015e3f860296dd3aca796cda326c3703d87c07b3f719b51b1eb7fb9b7d4abb
FMNoiseSaopin|jsr=10|seed=10333|center=2500|Oracle_FrFT_UpperBound,FMNoiseSaopin,10.0,10333,2500,Oracle_FrFT_UpperBound,ORACLE_DIAGNOSTIC_ONLY;NOT_FAIR;NOT_RL_ELIGIBLE,ORACLE_DIAGNOSTIC_ONLY,unified/pass,PASS,20.094113684349715,19.148301811941067,-0.9458118724086475,True,True,True,0,0,0,0,-0.913415746172999,TARGET_PRESERVED,0.9,1.0,0.09999999999999998,0.089,0.0,False,0.0,0.0,80000,8a015e3f860296dd3aca796cda326c3703d87c07b3f719b51b1eb7fb9b7d4abb
FMNoiseSaopin|jsr=10|seed=10333|center=3500|Oracle_FrFT_UpperBound,FMNoiseSaopin,10.0,10333,3500,Oracle_FrFT_UpperBound,ORACLE_DIAGNOSTIC_ONLY;NOT_FAIR;NOT_RL_ELIGIBLE,ORACLE_DIAGNOSTIC_ONLY,unified/pass,PASS,20.140396245889235,19.202896298433657,-0.9374999474555779,True,True,True,0,0,0,1,-0.913415746172999,TARGET_PRESERVED,0.9,1.0,0.09999999999999998,0.089,0.0,False,0.0,0.0,80000,8a015e3f860296dd3aca796cda326c3703d87c07b3f719b51b1eb7fb9b7d4abb
FMNoiseSaopin|jsr=10|seed=10333|center=4000|Oracle_FrFT_UpperBound,FMNoiseSaopin,10.0,10333,4000,Oracle_FrFT_UpperBound,ORACLE_DIAGNOSTIC_ONLY;NOT_FAIR;NOT_RL_ELIGIBLE,ORACLE_DIAGNOSTIC_ONLY,unified/pass,PASS,20.175233896046976,19.23778463620428,-0.937449259842694,True,True,True,0,0,0,0,-0.913415746172999,TARGET_PRESERVED,0.9,1.0,0.09999999999999998,0.089,0.0,False,0.0,0.0,80000,8a015e3f860296dd3aca796cda326c3703d87c07b3f719b51b1eb7fb9b7d4abb
FMNoiseSaopin|jsr=10|seed=10334|center=1000|Oracle_FrFT_UpperBound,FMNoiseSaopin,10.0,10334,1000,Oracle_FrFT_UpperBound,ORACLE_DIAGNOSTIC_ONLY;NOT_FAIR;NOT_RL_ELIGIBLE,ORACLE_DIAGNOSTIC_ONLY,unified/pass,PASS,24.704854587899234,23.549592676763254,-1.1552619111359803,True,True,True,0,0,0,0,-0.9134157461729969,TARGET_PRESERVED,0.9,1.0,0.09999999999999998,0.089,0.20931144348154232,False,0.0,0.0,80000,8a015e3f860296dd3aca796cda326c3703d87c07b3f719b51b1eb7fb9b7d4abb
FMNoiseSaopin|jsr=10|seed=10334|center=1500|Oracle_FrFT_UpperBound,FMNoiseSaopin,10.0,10334,1500,Oracle_FrFT_UpperBound,ORACLE_DIAGNOSTIC_ONLY;NOT_FAIR;NOT_RL_ELIGIBLE,ORACLE_DIAGNOSTIC_ONLY,unified/pass,PASS,24.684270604733886,23.649518937317062,-1.034751667416824,True,True,True,0,0,0,0,-0.913415746172999,TARGET_PRESERVED,0.9,1.0,0.09999999999999998,0.089,0.025322775529798263,False,0.0,0.0,80000,8a015e3f860296dd3aca796cda326c3703d87c07b3f719b51b1eb7fb9b7d4abb
FMNoiseSaopin|jsr=10|seed=10334|center=2500|Oracle_FrFT_UpperBound,FMNoiseSaopin,10.0,10334,2500,Oracle_FrFT_UpperBound,ORACLE_DIAGNOSTIC_ONLY;NOT_FAIR;NOT_RL_ELIGIBLE,ORACLE_DIAGNOSTIC_ONLY,unified/pass,PASS,24.85027734575382,23.893902749726678,-0.9563745960271426,True,True,True,0,0,1,0,-0.913415746172999,TARGET_PRESERVED,0.9,1.0,0.09999999999999998,0.089,0.0,False,0.0,0.0,80000,8a015e3f860296dd3aca796cda326c3703d87c07b3f719b51b1eb7fb9b7d4abb
FMNoiseSaopin|jsr=10|seed=10334|center=3500|Oracle_FrFT_UpperBound,FMNoiseSaopin,10.0,10334,3500,Oracle_FrFT_UpperBound,ORACLE_DIAGNOSTIC_ONLY;NOT_FAIR;NOT_RL_ELIGIBLE,ORACLE_DIAGNOSTIC_ONLY,unified/pass,PASS,24.581733246360425,23.659855248972185,-0.9218779973882398,True,True,True,0,0,1,1,-0.913415746172999,TARGET_PRESERVED,0.9,1.0,0.09999999999999998,0.089,0.0,False,0.0,0.0,80000,8a015e3f860296dd3aca796cda326c3703d87c07b3f719b51b1eb7fb9b7d4abb
FMNoiseSaopin|jsr=10|seed=10334|center=4000|Oracle_FrFT_UpperBound,FMNoiseSaopin,10.0,10334,4000,Oracle_FrFT_UpperBound,ORACLE_DIAGNOSTIC_ONLY;NOT_FAIR;NOT_RL_ELIGIBLE,ORACLE_DIAGNOSTIC_ONLY,unified/pass,PASS,24.712120761064664,23.702777544416435,-1.0093432166482295,True,True,True,0,0,1,1,-0.913415746172999,TARGET_PRESERVED,0.9,1.0,0.09999999999999998,0.089,0.0,False,0.0,0.0,80000,8a015e3f860296dd3aca796cda326c3703d87c07b3f719b51b1eb7fb9b7d4abb
FMNoiseSaopin|jsr=10|seed=10335|center=1000|Oracle_FrFT_UpperBound,FMNoiseSaopin,10.0,10335,1000,Oracle_FrFT_UpperBound,ORACLE_DIAGNOSTIC_ONLY;NOT_FAIR;NOT_RL_ELIGIBLE,ORACLE_DIAGNOSTIC_ONLY,unified/pass,PASS,35.56170972621896,34.15752723672741,-1.4041824894915464,True,True,True,0,0,1,1,-0.9134157461729969,TARGET_PRESERVED,0.9,1.0,0.09999999999999998,0.089,0.038799165513949005,False,0.0,0.0,80000,8a015e3f860296dd3aca796cda326c3703d87c07b3f719b51b1eb7fb9b7d4abb
FMNoiseSaopin|jsr=10|seed=10335|center=1500|Oracle_FrFT_UpperBound,FMNoiseSaopin,10.0,10335,1500,Oracle_FrFT_UpperBound,ORACLE_DIAGNOSTIC_ONLY;NOT_FAIR;NOT_RL_ELIGIBLE,ORACLE_DIAGNOSTIC_ONLY,unified/pass,PASS,35.15492547693189,33.2640386580584,-1.89088681887349,True,True,True,0,0,1,0,-0.913415746172999,TARGET_PRESERVED,0.9,1.0,0.09999999999999998,0.089,0.023253824384580565,False,0.0,0.0,80000,8a015e3f860296dd3aca796cda326c3703d87c07b3f719b51b1eb7fb9b7d4abb
FMNoiseSaopin|jsr=10|seed=10335|center=2500|Oracle_FrFT_UpperBound,FMNoiseSaopin,10.0,10335,2500,Oracle_FrFT_UpperBound,ORACLE_DIAGNOSTIC_ONLY;NOT_FAIR;NOT_RL_ELIGIBLE,ORACLE_DIAGNOSTIC_ONLY,unified/pass,PASS,35.36744105006789,33.71814894843093,-1.6492921016369593,True,True,True,0,0,0,0,-0.913415746172999,TARGET_PRESERVED,0.9,1.0,0.09999999999999998,0.089,0.0,False,0.0,0.0,80000,8a015e3f860296dd3aca796cda326c3703d87c07b3f719b51b1eb7fb9b7d4abb
FMNoiseSaopin|jsr=10|seed=10335|center=3500|Oracle_FrFT_UpperBound,FMNoiseSaopin,10.0,10335,3500,Oracle_FrFT_UpperBound,ORACLE_DIAGNOSTIC_ONLY;NOT_FAIR;NOT_RL_ELIGIBLE,ORACLE_DIAGNOSTIC_ONLY,unified/pass,PASS,35.341188526320806,33.715793441460306,-1.6253950848605,True,True,True,0,0,1,1,-0.913415746172999,TARGET_PRESERVED,0.9,1.0,0.09999999999999998,0.089,0.0,False,0.0,0.0,80000,8a015e3f860296dd3aca796cda326c3703d87c07b3f719b51b1eb7fb9b7d4abb
FMNoiseSaopin|jsr=10|seed=10335|center=4000|Oracle_FrFT_UpperBound,FMNoiseSaopin,10.0,10335,4000,Oracle_FrFT_UpperBound,ORACLE_DIAGNOSTIC_ONLY;NOT_FAIR;NOT_RL_ELIGIBLE,ORACLE_DIAGNOSTIC_ONLY,unified/pass,PASS,35.39447950349998,33.74499358915482,-1.6494859143451635,True,True,True,0,0,1,1,-0.913415746172999,TARGET_PRESERVED,0.9,1.0,0.09999999999999998,0.089,0.0,False,0.0,0.0,80000,8a015e3f860296dd3aca796cda326c3703d87c07b3f719b51b1eb7fb9b7d4abb
FMNoiseSaopin|jsr=10|seed=10336|center=1000|Oracle_FrFT_UpperBound,FMNoiseSaopin,10.0,10336,1000,Oracle_FrFT_UpperBound,ORACLE_DIAGNOSTIC_ONLY;NOT_FAIR;NOT_RL_ELIGIBLE,ORACLE_DIAGNOSTIC_ONLY,unified/pass,PASS,19.39720225690254,19.618952917780412,0.22175066087787343,False,False,False,1,2,0,0,-0.9134157461729969,TARGET_PRESERVED,0.9,1.0,0.09999999999999998,0.089,0.4347467414554349,False,0.0,0.0,80000,8a015e3f860296dd3aca796cda326c3703d87c07b3f719b51b1eb7fb9b7d4abb
FMNoiseSaopin|jsr=10|seed=10336|center=1500|Oracle_FrFT_UpperBound,FMNoiseSaopin,10.0,10336,1500,Oracle_FrFT_UpperBound,ORACLE_DIAGNOSTIC_ONLY;NOT_FAIR;NOT_RL_ELIGIBLE,ORACLE_DIAGNOSTIC_ONLY,unified/pass,PASS,20.7216794138871,19.784757964447152,-0.9369214494399465,True,True,True,0,0,0,0,-0.913415746172999,TARGET_PRESERVED,0.9,1.0,0.09999999999999998,0.089,0.03526565690758281,False,0.0,0.0,80000,8a015e3f860296dd3aca796cda326c3703d87c07b3f719b51b1eb7fb9b7d4abb
FMNoiseSaopin|jsr=10|seed=10336|center=2500|Oracle_FrFT_UpperBound,FMNoiseSaopin,10.0,10336,2500,Oracle_FrFT_UpperBound,ORACLE_DIAGNOSTIC_ONLY;NOT_FAIR;NOT_RL_ELIGIBLE,ORACLE_DIAGNOSTIC_ONLY,unified/pass,PASS,20.670395692281872,19.744741050685416,-0.9256546415964557,True,True,True,0,0,0,0,-0.913415746172999,TARGET_PRESERVED,0.9,1.0,0.09999999999999998,0.089,0.0,False,0.0,0.0,80000,8a015e3f860296dd3aca796cda326c3703d87c07b3f719b51b1eb7fb9b7d4abb
FMNoiseSaopin|jsr=10|seed=10336|center=3500|Oracle_FrFT_UpperBound,FMNoiseSaopin,10.0,10336,3500,Oracle_FrFT_UpperBound,ORACLE_DIAGNOSTIC_ONLY;NOT_FAIR;NOT_RL_ELIGIBLE,ORACLE_DIAGNOSTIC_ONLY,unified/pass,PASS,20.701008669075996,19.76820701016749,-0.932801658908506,True,True,True,0,0,0,1,-0.913415746172999,TARGET_PRESERVED,0.9,1.0,0.09999999999999998,0.089,0.0,False,0.0,0.0,80000,8a015e3f860296dd3aca796cda326c3703d87c07b3f719b51b1eb7fb9b7d4abb
FMNoiseSaopin|jsr=10|seed=10336|center=4000|Oracle_FrFT_UpperBound,FMNoiseSaopin,10.0,10336,4000,Oracle_FrFT_UpperBound,ORACLE_DIAGNOSTIC_ONLY;NOT_FAIR;NOT_RL_ELIGIBLE,ORACLE_DIAGNOSTIC_ONLY,unified/pass,PASS,20.625183635468566,19.68854125844798,-0.9366423770205863,True,True,True,0,0,0,0,-0.913415746172999,TARGET_PRESERVED,0.9,1.0,0.09999999999999998,0.089,0.0,False,0.0,0.0,80000,8a015e3f860296dd3aca796cda326c3703d87c07b3f719b51b1eb7fb9b7d4abb
FMNoiseSaopin|jsr=10|seed=10337|center=1000|Oracle_FrFT_UpperBound,FMNoiseSaopin,10.0,10337,1000,Oracle_FrFT_UpperBound,ORACLE_DIAGNOSTIC_ONLY;NOT_FAIR;NOT_RL_ELIGIBLE,ORACLE_DIAGNOSTIC_ONLY,unified/pass,PASS,35.6301725289126,34.34278841288476,-1.2873841160278445,True,True,True,0,0,0,0,-0.9134157461729969,TARGET_PRESERVED,0.9,1.0,0.09999999999999998,0.089,0.03700617836176451,False,0.0,0.0,80000,8a015e3f860296dd3aca796cda326c3703d87c07b3f719b51b1eb7fb9b7d4abb
FMNoiseSaopin|jsr=10|seed=10337|center=1500|Oracle_FrFT_UpperBound,FMNoiseSaopin,10.0,10337,1500,Oracle_FrFT_UpperBound,ORACLE_DIAGNOSTIC_ONLY;NOT_FAIR;NOT_RL_ELIGIBLE,ORACLE_DIAGNOSTIC_ONLY,unified/pass,PASS,35.53689576800649,33.560704518646645,-1.976191249359843,True,True,True,0,0,0,0,-0.913415746172999,TARGET_PRESERVED,0.9,1.0,0.09999999999999998,0.089,0.02340412410430325,False,0.0,0.0,80000,8a015e3f860296dd3aca796cda326c3703d87c07b3f719b51b1eb7fb9b7d4abb
FMNoiseSaopin|jsr=10|seed=10337|center=2500|Oracle_FrFT_UpperBound,FMNoiseSaopin,10.0,10337,2500,Oracle_FrFT_UpperBound,ORACLE_DIAGNOSTIC_ONLY;NOT_FAIR;NOT_RL_ELIGIBLE,ORACLE_DIAGNOSTIC_ONLY,unified/pass,PASS,35.51660484368624,33.86553800750286,-1.6510668361833751,True,True,True,0,0,0,0,-0.913415746172999,TARGET_PRESERVED,0.9,1.0,0.09999999999999998,0.089,0.0,False,0.0,0.0,80000,8a015e3f860296dd3aca796cda326c3703d87c07b3f719b51b1eb7fb9b7d4abb
FMNoiseSaopin|jsr=10|seed=10337|center=3500|Oracle_FrFT_UpperBound,FMNoiseSaopin,10.0,10337,3500,Oracle_FrFT_UpperBound,ORACLE_DIAGNOSTIC_ONLY;NOT_FAIR;NOT_RL_ELIGIBLE,ORACLE_DIAGNOSTIC_ONLY,unified/pass,PASS,35.444441499446015,33.76443588668204,-1.6800056127639778,True,True,True,0,0,0,0,-0.913415746172999,TARGET_PRESERVED,0.9,1.0,0.09999999999999998,0.089,0.0,False,0.0,0.0,80000,8a015e3f860296dd3aca796cda326c3703d87c07b3f719b51b1eb7fb9b7d4abb
FMNoiseSaopin|jsr=10|seed=10337|center=4000|Oracle_FrFT_UpperBound,FMNoiseSaopin,10.0,10337,4000,Oracle_FrFT_UpperBound,ORACLE_DIAGNOSTIC_ONLY;NOT_FAIR;NOT_RL_ELIGIBLE,ORACLE_DIAGNOSTIC_ONLY,unified/pass,PASS,35.4780169085307,33.802390692994166,-1.675626215536532,True,True,True,0,0,1,0,-0.913415746172999,TARGET_PRESERVED,0.9,1.0,0.09999999999999998,0.089,0.0,False,0.0,0.0,80000,8a015e3f860296dd3aca796cda326c3703d87c07b3f719b51b1eb7fb9b7d4abb
FMNoiseSaopin|jsr=10|seed=10338|center=1000|Oracle_FrFT_UpperBound,FMNoiseSaopin,10.0,10338,1000,Oracle_FrFT_UpperBound,ORACLE_DIAGNOSTIC_ONLY;NOT_FAIR;NOT_RL_ELIGIBLE,ORACLE_DIAGNOSTIC_ONLY,unified/pass,PASS,20.562131284930643,20.118928423080394,-0.44320286185024926,True,True,True,1,1,0,0,-0.9134157461729969,TARGET_PRESERVED,0.9,1.0,0.09999999999999998,0.089,0.4999181589813364,False,0.0,0.0,80000,8a015e3f860296dd3aca796cda326c3703d87c07b3f719b51b1eb7fb9b7d4abb
FMNoiseSaopin|jsr=10|seed=10338|center=1500|Oracle_FrFT_UpperBound,FMNoiseSaopin,10.0,10338,1500,Oracle_FrFT_UpperBound,ORACLE_DIAGNOSTIC_ONLY;NOT_FAIR;NOT_RL_ELIGIBLE,ORACLE_DIAGNOSTIC_ONLY,unified/pass,PASS,19.962942519864615,19.02639590804618,-0.9365466118184358,True,True,True,0,0,0,0,-0.913415746172999,TARGET_PRESERVED,0.9,1.0,0.09999999999999998,0.089,0.04324255782937617,False,0.0,0.0,80000,8a015e3f860296dd3aca796cda326c3703d87c07b3f719b51b1eb7fb9b7d4abb
FMNoiseSaopin|jsr=10|seed=10338|center=2500|Oracle_FrFT_UpperBound,FMNoiseSaopin,10.0,10338,2500,Oracle_FrFT_UpperBound,ORACLE_DIAGNOSTIC_ONLY;NOT_FAIR;NOT_RL_ELIGIBLE,ORACLE_DIAGNOSTIC_ONLY,unified/pass,PASS,19.970996266295273,19.016580372048818,-0.9544158942464556,True,True,True,0,0,1,0,-0.913415746172999,TARGET_PRESERVED,0.9,1.0,0.09999999999999998,0.089,0.0,False,0.0,0.0,80000,8a015e3f860296dd3aca796cda326c3703d87c07b3f719b51b1eb7fb9b7d4abb
FMNoiseSaopin|jsr=10|seed=10338|center=3500|Oracle_FrFT_UpperBound,FMNoiseSaopin,10.0,10338,3500,Oracle_FrFT_UpperBound,ORACLE_DIAGNOSTIC_ONLY;NOT_FAIR;NOT_RL_ELIGIBLE,ORACLE_DIAGNOSTIC_ONLY,unified/pass,PASS,19.977453205598962,19.02177126744932,-0.9556819381496418,True,True,True,0,0,1,0,-0.913415746172999,TARGET_PRESERVED,0.9,1.0,0.09999999999999998,0.089,0.0,False,0.0,0.0,80000,8a015e3f860296dd3aca796cda326c3703d87c07b3f719b51b1eb7fb9b7d4abb
FMNoiseSaopin|jsr=10|seed=10338|center=4000|Oracle_FrFT_UpperBound,FMNoiseSaopin,10.0,10338,4000,Oracle_FrFT_UpperBound,ORACLE_DIAGNOSTIC_ONLY;NOT_FAIR;NOT_RL_ELIGIBLE,ORACLE_DIAGNOSTIC_ONLY,unified/pass,PASS,19.94586681210548,19.024623799164836,-0.9212430129406428,True,True,True,0,0,0,0,-0.913415746172999,TARGET_PRESERVED,0.9,1.0,0.09999999999999998,0.089,0.0,False,0.0,0.0,80000,8a015e3f860296dd3aca796cda326c3703d87c07b3f719b51b1eb7fb9b7d4abb
FMNoiseSaopin|jsr=10|seed=10339|center=1000|Oracle_FrFT_UpperBound,FMNoiseSaopin,10.0,10339,1000,Oracle_FrFT_UpperBound,ORACLE_DIAGNOSTIC_ONLY;NOT_FAIR;NOT_RL_ELIGIBLE,ORACLE_DIAGNOSTIC_ONLY,unified/pass,PASS,18.851475307056273,18.928252579213105,0.07677727215683205,False,False,False,0,1,2,2,-0.9134157461729969,TARGET_PRESERVED,0.9,1.0,0.09999999999999998,0.089,0.4245682462950869,False,0.0,0.0,80000,8a015e3f860296dd3aca796cda326c3703d87c07b3f719b51b1eb7fb9b7d4abb
FMNoiseSaopin|jsr=10|seed=10339|center=1500|Oracle_FrFT_UpperBound,FMNoiseSaopin,10.0,10339,1500,Oracle_FrFT_UpperBound,ORACLE_DIAGNOSTIC_ONLY;NOT_FAIR;NOT_RL_ELIGIBLE,ORACLE_DIAGNOSTIC_ONLY,unified/pass,PASS,20.75866350283561,19.83283255574491,-0.9258309470906987,True,True,True,0,0,1,1,-0.913415746172999,TARGET_PRESERVED,0.9,1.0,0.09999999999999998,0.089,0.042881041036323286,False,0.0,0.0,80000,8a015e3f860296dd3aca796cda326c3703d87c07b3f719b51b1eb7fb9b7d4abb
FMNoiseSaopin|jsr=10|seed=10339|center=2500|Oracle_FrFT_UpperBound,FMNoiseSaopin,10.0,10339,2500,Oracle_FrFT_UpperBound,ORACLE_DIAGNOSTIC_ONLY;NOT_FAIR;NOT_RL_ELIGIBLE,ORACLE_DIAGNOSTIC_ONLY,unified/pass,PASS,20.7100370159637,19.763286838652405,-0.9467501773112943,True,True,True,0,0,0,0,-0.913415746172999,TARGET_PRESERVED,0.9,1.0,0.09999999999999998,0.089,0.0,False,0.0,0.0,80000,8a015e3f860296dd3aca796cda326c3703d87c07b3f719b51b1eb7fb9b7d4abb
FMNoiseSaopin|jsr=10|seed=10339|center=3500|Oracle_FrFT_UpperBound,FMNoiseSaopin,10.0,10339,3500,Oracle_FrFT_UpperBound,ORACLE_DIAGNOSTIC_ONLY;NOT_FAIR;NOT_RL_ELIGIBLE,ORACLE_DIAGNOSTIC_ONLY,unified/pass,PASS,20.71079525921677,19.76436319476744,-0.9464320644493291,True,True,True,0,0,1,1,-0.913415746172999,TARGET_PRESERVED,0.9,1.0,0.09999999999999998,0.089,0.0,False,0.0,0.0,80000,8a015e3f860296dd3aca796cda326c3703d87c07b3f719b51b1eb7fb9b7d4abb
FMNoiseSaopin|jsr=10|seed=10339|center=4000|Oracle_FrFT_UpperBound,FMNoiseSaopin,10.0,10339,4000,Oracle_FrFT_UpperBound,ORACLE_DIAGNOSTIC_ONLY;NOT_FAIR;NOT_RL_ELIGIBLE,ORACLE_DIAGNOSTIC_ONLY,unified/pass,PASS,20.80373362107713,19.844007604984178,-0.9597260160929508,True,True,True,0,0,2,2,-0.913415746172999,TARGET_PRESERVED,0.9,1.0,0.09999999999999998,0.089,0.0,False,0.0,0.0,80000,8a015e3f860296dd3aca796cda326c3703d87c07b3f719b51b1eb7fb9b7d4abb
FMNoiseSaopin|jsr=10|seed=10340|center=1000|Oracle_FrFT_UpperBound,FMNoiseSaopin,10.0,10340,1000,Oracle_FrFT_UpperBound,ORACLE_DIAGNOSTIC_ONLY;NOT_FAIR;NOT_RL_ELIGIBLE,ORACLE_DIAGNOSTIC_ONLY,unified/pass,PASS,20.221646023506395,19.518406331532574,-0.7032396919738204,True,True,True,1,1,1,0,-0.9134157461729969,TARGET_PRESERVED,0.9,1.0,0.09999999999999998,0.089,0.5024054889803226,False,0.0,0.0,80000,8a015e3f860296dd3aca796cda326c3703d87c07b3f719b51b1eb7fb9b7d4abb
FMNoiseSaopin|jsr=10|seed=10340|center=1500|Oracle_FrFT_UpperBound,FMNoiseSaopin,10.0,10340,1500,Oracle_FrFT_UpperBound,ORACLE_DIAGNOSTIC_ONLY;NOT_FAIR;NOT_RL_ELIGIBLE,ORACLE_DIAGNOSTIC_ONLY,unified/pass,PASS,19.917094325881127,18.95891520893049,-0.9581791169506353,True,True,True,0,0,0,0,-0.913415746172999,TARGET_PRESERVED,0.9,1.0,0.09999999999999998,0.089,0.03515840087929669,False,0.0,0.0,80000,8a015e3f860296dd3aca796cda326c3703d87c07b3f719b51b1eb7fb9b7d4abb
FMNoiseSaopin|jsr=10|seed=10340|center=2500|Oracle_FrFT_UpperBound,FMNoiseSaopin,10.0,10340,2500,Oracle_FrFT_UpperBound,ORACLE_DIAGNOSTIC_ONLY;NOT_FAIR;NOT_RL_ELIGIBLE,ORACLE_DIAGNOSTIC_ONLY,unified/pass,PASS,19.95464669381191,18.991010531641248,-0.963636162170662,True,True,True,0,0,0,0,-0.913415746172999,TARGET_PRESERVED,0.9,1.0,0.09999999999999998,0.089,0.0,False,0.0,0.0,80000,8a015e3f860296dd3aca796cda326c3703d87c07b3f719b51b1eb7fb9b7d4abb
FMNoiseSaopin|jsr=10|seed=10340|center=3500|Oracle_FrFT_UpperBound,FMNoiseSaopin,10.0,10340,3500,Oracle_FrFT_UpperBound,ORACLE_DIAGNOSTIC_ONLY;NOT_FAIR;NOT_RL_ELIGIBLE,ORACLE_DIAGNOSTIC_ONLY,unified/pass,PASS,19.988167625771197,19.04360259607262,-0.9445650296985768,True,True,True,0,0,0,0,-0.913415746172999,TARGET_PRESERVED,0.9,1.0,0.09999999999999998,0.089,0.0,False,0.0,0.0,80000,8a015e3f860296dd3aca796cda326c3703d87c07b3f719b51b1eb7fb9b7d4abb
FMNoiseSaopin|jsr=10|seed=10340|center=4000|Oracle_FrFT_UpperBound,FMNoiseSaopin,10.0,10340,4000,Oracle_FrFT_UpperBound,ORACLE_DIAGNOSTIC_ONLY;NOT_FAIR;NOT_RL_ELIGIBLE,ORACLE_DIAGNOSTIC_ONLY,unified/pass,PASS,20.010341512438174,19.106025397353392,-0.9043161150847823,True,True,True,0,0,0,0,-0.913415746172999,TARGET_PRESERVED,0.9,1.0,0.09999999999999998,0.089,0.0,False,0.0,0.0,80000,8a015e3f860296dd3aca796cda326c3703d87c07b3f719b51b1eb7fb9b7d4abb
FMNoiseSaopin|jsr=10|seed=10341|center=1000|Oracle_FrFT_UpperBound,FMNoiseSaopin,10.0,10341,1000,Oracle_FrFT_UpperBound,ORACLE_DIAGNOSTIC_ONLY;NOT_FAIR;NOT_RL_ELIGIBLE,ORACLE_DIAGNOSTIC_ONLY,unified/pass,PASS,24.481694308990267,24.39287002886357,-0.08882428012669763,True,True,True,0,0,0,0,-0.9134157461729969,TARGET_PRESERVED,0.9,1.0,0.09999999999999998,0.089,0.1709236881334631,False,0.0,0.0,80000,8a015e3f860296dd3aca796cda326c3703d87c07b3f719b51b1eb7fb9b7d4abb
FMNoiseSaopin|jsr=10|seed=10341|center=1500|Oracle_FrFT_UpperBound,FMNoiseSaopin,10.0,10341,1500,Oracle_FrFT_UpperBound,ORACLE_DIAGNOSTIC_ONLY;NOT_FAIR;NOT_RL_ELIGIBLE,ORACLE_DIAGNOSTIC_ONLY,unified/pass,PASS,24.625971160279857,23.663862917202508,-0.9621082430773491,True,True,True,0,0,0,0,-0.913415746172999,TARGET_PRESERVED,0.9,1.0,0.09999999999999998,0.089,0.025159136928099114,False,0.0,0.0,80000,8a015e3f860296dd3aca796cda326c3703d87c07b3f719b51b1eb7fb9b7d4abb
FMNoiseSaopin|jsr=10|seed=10341|center=2500|Oracle_FrFT_UpperBound,FMNoiseSaopin,10.0,10341,2500,Oracle_FrFT_UpperBound,ORACLE_DIAGNOSTIC_ONLY;NOT_FAIR;NOT_RL_ELIGIBLE,ORACLE_DIAGNOSTIC_ONLY,unified/pass,PASS,24.449715027501107,23.46350097749951,-0.9862140500015961,True,True,True,0,0,1,0,-0.913415746172999,TARGET_PRESERVED,0.9,1.0,0.09999999999999998,0.089,0.0,False,0.0,0.0,80000,8a015e3f860296dd3aca796cda326c3703d87c07b3f719b51b1eb7fb9b7d4abb
FMNoiseSaopin|jsr=10|seed=10341|center=3500|Oracle_FrFT_UpperBound,FMNoiseSaopin,10.0,10341,3500,Oracle_FrFT_UpperBound,ORACLE_DIAGNOSTIC_ONLY;NOT_FAIR;NOT_RL_ELIGIBLE,ORACLE_DIAGNOSTIC_ONLY,unified/pass,PASS,24.462859353127733,23.50098950183845,-0.9618698512892827,True,True,True,0,0,0,0,-0.913415746172999,TARGET_PRESERVED,0.9,1.0,0.09999999999999998,0.089,0.0,False,0.0,0.0,80000,8a015e3f860296dd3aca796cda326c3703d87c07b3f719b51b1eb7fb9b7d4abb
FMNoiseSaopin|jsr=10|seed=10341|center=4000|Oracle_FrFT_UpperBound,FMNoiseSaopin,10.0,10341,4000,Oracle_FrFT_UpperBound,ORACLE_DIAGNOSTIC_ONLY;NOT_FAIR;NOT_RL_ELIGIBLE,ORACLE_DIAGNOSTIC_ONLY,unified/pass,PASS,24.464863218635003,23.47746682618191,-0.9873963924530926,True,True,True,0,0,0,0,-0.913415746172999,TARGET_PRESERVED,0.9,1.0,0.09999999999999998,0.089,0.0,False,0.0,0.0,80000,8a015e3f860296dd3aca796cda326c3703d87c07b3f719b51b1eb7fb9b7d4abb
FMNoiseSaopin|jsr=10|seed=10342|center=1000|Oracle_FrFT_UpperBound,FMNoiseSaopin,10.0,10342,1000,Oracle_FrFT_UpperBound,ORACLE_DIAGNOSTIC_ONLY;NOT_FAIR;NOT_RL_ELIGIBLE,ORACLE_DIAGNOSTIC_ONLY,unified/pass,PASS,19.174512362490443,19.323703242312245,0.149190879821802,False,False,False,1,1,0,0,-0.9134157461729969,TARGET_PRESERVED,0.9,1.0,0.09999999999999998,0.089,0.4230766963179893,False,0.0,0.0,80000,8a015e3f860296dd3aca796cda326c3703d87c07b3f719b51b1eb7fb9b7d4abb
FMNoiseSaopin|jsr=10|seed=10342|center=1500|Oracle_FrFT_UpperBound,FMNoiseSaopin,10.0,10342,1500,Oracle_FrFT_UpperBound,ORACLE_DIAGNOSTIC_ONLY;NOT_FAIR;NOT_RL_ELIGIBLE,ORACLE_DIAGNOSTIC_ONLY,unified/pass,PASS,20.78130107726266,19.83265821311361,-0.9486428641490505,True,True,True,0,0,0,0,-0.913415746172999,TARGET_PRESERVED,0.9,1.0,0.09999999999999998,0.089,0.026568685642245918,False,0.0,0.0,80000,8a015e3f860296dd3aca796cda326c3703d87c07b3f719b51b1eb7fb9b7d4abb
FMNoiseSaopin|jsr=10|seed=10342|center=2500|Oracle_FrFT_UpperBound,FMNoiseSaopin,10.0,10342,2500,Oracle_FrFT_UpperBound,ORACLE_DIAGNOSTIC_ONLY;NOT_FAIR;NOT_RL_ELIGIBLE,ORACLE_DIAGNOSTIC_ONLY,unified/pass,PASS,20.720492880952598,19.779190864545743,-0.9413020164068548,True,True,True,0,0,0,0,-0.913415746172999,TARGET_PRESERVED,0.9,1.0,0.09999999999999998,0.089,0.0,False,0.0,0.0,80000,8a015e3f860296dd3aca796cda326c3703d87c07b3f719b51b1eb7fb9b7d4abb
FMNoiseSaopin|jsr=10|seed=10342|center=3500|Oracle_FrFT_UpperBound,FMNoiseSaopin,10.0,10342,3500,Oracle_FrFT_UpperBound,ORACLE_DIAGNOSTIC_ONLY;NOT_FAIR;NOT_RL_ELIGIBLE,ORACLE_DIAGNOSTIC_ONLY,unified/pass,PASS,20.856200702666143,19.918366587866345,-0.9378341147997986,True,True,True,0,0,1,0,-0.913415746172999,TARGET_PRESERVED,0.9,1.0,0.09999999999999998,0.089,0.0,False,0.0,0.0,80000,8a015e3f860296dd3aca796cda326c3703d87c07b3f719b51b1eb7fb9b7d4abb
FMNoiseSaopin|jsr=10|seed=10342|center=4000|Oracle_FrFT_UpperBound,FMNoiseSaopin,10.0,10342,4000,Oracle_FrFT_UpperBound,ORACLE_DIAGNOSTIC_ONLY;NOT_FAIR;NOT_RL_ELIGIBLE,ORACLE_DIAGNOSTIC_ONLY,unified/pass,PASS,20.753222720075932,19.837415052206556,-0.9158076678693767,True,True,True,0,0,0,0,-0.913415746172999,TARGET_PRESERVED,0.9,1.0,0.09999999999999998,0.089,0.0,False,0.0,0.0,80000,8a015e3f860296dd3aca796cda326c3703d87c07b3f719b51b1eb7fb9b7d4abb
FMNoiseSaopin|jsr=10|seed=10343|center=1000|Oracle_FrFT_UpperBound,FMNoiseSaopin,10.0,10343,1000,Oracle_FrFT_UpperBound,ORACLE_DIAGNOSTIC_ONLY;NOT_FAIR;NOT_RL_ELIGIBLE,ORACLE_DIAGNOSTIC_ONLY,unified/pass,PASS,19.255720200770988,19.335589742255245,0.07986954148425696,False,False,False,0,0,0,0,-0.9134157461729969,TARGET_PRESERVED,0.9,1.0,0.09999999999999998,0.089,0.4271137312087476,False,0.0,0.0,80000,8a015e3f860296dd3aca796cda326c3703d87c07b3f719b51b1eb7fb9b7d4abb
FMNoiseSaopin|jsr=10|seed=10343|center=1500|Oracle_FrFT_UpperBound,FMNoiseSaopin,10.0,10343,1500,Oracle_FrFT_UpperBound,ORACLE_DIAGNOSTIC_ONLY;NOT_FAIR;NOT_RL_ELIGIBLE,ORACLE_DIAGNOSTIC_ONLY,unified/pass,PASS,20.85539870916252,19.888934555421283,-0.9664641537412386,True,True,True,0,0,0,0,-0.913415746172999,TARGET_PRESERVED,0.9,1.0,0.09999999999999998,0.089,0.029857534635916602,False,0.0,0.0,80000,8a015e3f860296dd3aca796cda326c3703d87c07b3f719b51b1eb7fb9b7d4abb
FMNoiseSaopin|jsr=10|seed=10343|center=2500|Oracle_FrFT_UpperBound,FMNoiseSaopin,10.0,10343,2500,Oracle_FrFT_UpperBound,ORACLE_DIAGNOSTIC_ONLY;NOT_FAIR;NOT_RL_ELIGIBLE,ORACLE_DIAGNOSTIC_ONLY,unified/pass,PASS,20.757564591356264,19.79478352008977,-0.9627810712664946,True,True,True,0,0,0,0,-0.913415746172999,TARGET_PRESERVED,0.9,1.0,0.09999999999999998,0.089,0.0,False,0.0,0.0,80000,8a015e3f860296dd3aca796cda326c3703d87c07b3f719b51b1eb7fb9b7d4abb
FMNoiseSaopin|jsr=10|seed=10343|center=3500|Oracle_FrFT_UpperBound,FMNoiseSaopin,10.0,10343,3500,Oracle_FrFT_UpperBound,ORACLE_DIAGNOSTIC_ONLY;NOT_FAIR;NOT_RL_ELIGIBLE,ORACLE_DIAGNOSTIC_ONLY,unified/pass,PASS,20.70955536381731,19.80445104939667,-0.9051043144206403,True,True,True,0,0,0,0,-0.913415746172999,TARGET_PRESERVED,0.9,1.0,0.09999999999999998,0.089,0.0,False,0.0,0.0,80000,8a015e3f860296dd3aca796cda326c3703d87c07b3f719b51b1eb7fb9b7d4abb
FMNoiseSaopin|jsr=10|seed=10343|center=4000|Oracle_FrFT_UpperBound,FMNoiseSaopin,10.0,10343,4000,Oracle_FrFT_UpperBound,ORACLE_DIAGNOSTIC_ONLY;NOT_FAIR;NOT_RL_ELIGIBLE,ORACLE_DIAGNOSTIC_ONLY,unified/pass,PASS,20.687452718751175,19.782917737653793,-0.9045349810973811,True,True,True,0,0,1,0,-0.913415746172999,TARGET_PRESERVED,0.9,1.0,0.09999999999999998,0.089,0.0,False,0.0,0.0,80000,8a015e3f860296dd3aca796cda326c3703d87c07b3f719b51b1eb7fb9b7d4abb
FMNoiseSaopin|jsr=10|seed=10344|center=1000|Oracle_FrFT_UpperBound,FMNoiseSaopin,10.0,10344,1000,Oracle_FrFT_UpperBound,ORACLE_DIAGNOSTIC_ONLY;NOT_FAIR;NOT_RL_ELIGIBLE,ORACLE_DIAGNOSTIC_ONLY,unified/pass,PASS,20.687568764737428,20.271555908591626,-0.41601285614580163,True,True,True,1,1,0,0,-0.9134157461729969,TARGET_PRESERVED,0.9,1.0,0.09999999999999998,0.089,0.4949967798336238,False,0.0,0.0,80000,8a015e3f860296dd3aca796cda326c3703d87c07b3f719b51b1eb7fb9b7d4abb
FMNoiseSaopin|jsr=10|seed=10344|center=1500|Oracle_FrFT_UpperBound,FMNoiseSaopin,10.0,10344,1500,Oracle_FrFT_UpperBound,ORACLE_DIAGNOSTIC_ONLY;NOT_FAIR;NOT_RL_ELIGIBLE,ORACLE_DIAGNOSTIC_ONLY,unified/pass,PASS,19.974984632511944,19.046304325643153,-0.9286803068687917,True,True,True,0,0,0,0,-0.913415746172999,TARGET_PRESERVED,0.9,1.0,0.09999999999999998,0.089,0.042674542512845255,False,0.0,0.0,80000,8a015e3f860296dd3aca796cda326c3703d87c07b3f719b51b1eb7fb9b7d4abb
FMNoiseSaopin|jsr=10|seed=10344|center=2500|Oracle_FrFT_UpperBound,FMNoiseSaopin,10.0,10344,2500,Oracle_FrFT_UpperBound,ORACLE_DIAGNOSTIC_ONLY;NOT_FAIR;NOT_RL_ELIGIBLE,ORACLE_DIAGNOSTIC_ONLY,unified/pass,PASS,19.972811273704384,19.05960850825078,-0.9132027654536046,True,True,True,0,0,0,1,-0.913415746172999,TARGET_PRESERVED,0.9,1.0,0.09999999999999998,0.089,0.0,False,0.0,0.0,80000,8a015e3f860296dd3aca796cda326c3703d87c07b3f719b51b1eb7fb9b7d4abb
FMNoiseSaopin|jsr=10|seed=10344|center=3500|Oracle_FrFT_UpperBound,FMNoiseSaopin,10.0,10344,3500,Oracle_FrFT_UpperBound,ORACLE_DIAGNOSTIC_ONLY;NOT_FAIR;NOT_RL_ELIGIBLE,ORACLE_DIAGNOSTIC_ONLY,unified/pass,PASS,19.95622354514402,19.043265788937006,-0.9129577562070139,True,True,True,0,0,0,1,-0.913415746172999,TARGET_PRESERVED,0.9,1.0,0.09999999999999998,0.089,0.0,False,0.0,0.0,80000,8a015e3f860296dd3aca796cda326c3703d87c07b3f719b51b1eb7fb9b7d4abb
FMNoiseSaopin|jsr=10|seed=10344|center=4000|Oracle_FrFT_UpperBound,FMNoiseSaopin,10.0,10344,4000,Oracle_FrFT_UpperBound,ORACLE_DIAGNOSTIC_ONLY;NOT_FAIR;NOT_RL_ELIGIBLE,ORACLE_DIAGNOSTIC_ONLY,unified/pass,PASS,20.00609141048772,19.065376348419296,-0.9407150620684241,True,True,True,0,0,0,0,-0.913415746172999,TARGET_PRESERVED,0.9,1.0,0.09999999999999998,0.089,0.0,False,0.0,0.0,80000,8a015e3f860296dd3aca796cda326c3703d87c07b3f719b51b1eb7fb9b7d4abb
FMNoiseSaopin|jsr=10|seed=10345|center=1000|Oracle_FrFT_UpperBound,FMNoiseSaopin,10.0,10345,1000,Oracle_FrFT_UpperBound,ORACLE_DIAGNOSTIC_ONLY;NOT_FAIR;NOT_RL_ELIGIBLE,ORACLE_DIAGNOSTIC_ONLY,unified/pass,PASS,20.29002867449695,19.847430058542802,-0.4425986159541466,True,True,True,1,1,1,1,-0.9134157461729969,TARGET_PRESERVED,0.9,1.0,0.09999999999999998,0.089,0.5135458585861103,False,0.0,0.0,80000,8a015e3f860296dd3aca796cda326c3703d87c07b3f719b51b1eb7fb9b7d4abb
FMNoiseSaopin|jsr=10|seed=10345|center=1500|Oracle_FrFT_UpperBound,FMNoiseSaopin,10.0,10345,1500,Oracle_FrFT_UpperBound,ORACLE_DIAGNOSTIC_ONLY;NOT_FAIR;NOT_RL_ELIGIBLE,ORACLE_DIAGNOSTIC_ONLY,unified/pass,PASS,19.849193867553684,18.898086028486645,-0.9511078390670384,True,True,True,0,0,0,0,-0.913415746172999,TARGET_PRESERVED,0.9,1.0,0.09999999999999998,0.089,0.041813033436725607,False,0.0,0.0,80000,8a015e3f860296dd3aca796cda326c3703d87c07b3f719b51b1eb7fb9b7d4abb
FMNoiseSaopin|jsr=10|seed=10345|center=2500|Oracle_FrFT_UpperBound,FMNoiseSaopin,10.0,10345,2500,Oracle_FrFT_UpperBound,ORACLE_DIAGNOSTIC_ONLY;NOT_FAIR;NOT_RL_ELIGIBLE,ORACLE_DIAGNOSTIC_ONLY,unified/pass,PASS,19.968442728932526,19.03499984466511,-0.9334428842674178,True,True,True,0,0,0,0,-0.913415746172999,TARGET_PRESERVED,0.9,1.0,0.09999999999999998,0.089,0.0,False,0.0,0.0,80000,8a015e3f860296dd3aca796cda326c3703d87c07b3f719b51b1eb7fb9b7d4abb
FMNoiseSaopin|jsr=10|seed=10345|center=3500|Oracle_FrFT_UpperBound,FMNoiseSaopin,10.0,10345,3500,Oracle_FrFT_UpperBound,ORACLE_DIAGNOSTIC_ONLY;NOT_FAIR;NOT_RL_ELIGIBLE,ORACLE_DIAGNOSTIC_ONLY,unified/pass,PASS,19.925584184101062,18.974113394651702,-0.9514707894493597,True,True,True,0,0,1,1,-0.913415746172999,TARGET_PRESERVED,0.9,1.0,0.09999999999999998,0.089,0.0,False,0.0,0.0,80000,8a015e3f860296dd3aca796cda326c3703d87c07b3f719b51b1eb7fb9b7d4abb
FMNoiseSaopin|jsr=10|seed=10345|center=4000|Oracle_FrFT_UpperBound,FMNoiseSaopin,10.0,10345,4000,Oracle_FrFT_UpperBound,ORACLE_DIAGNOSTIC_ONLY;NOT_FAIR;NOT_RL_ELIGIBLE,ORACLE_DIAGNOSTIC_ONLY,unified/pass,PASS,19.90035152756244,18.96571588159445,-0.9346356459679903,True,True,True,0,0,1,1,-0.913415746172999,TARGET_PRESERVED,0.9,1.0,0.09999999999999998,0.089,0.0,False,0.0,0.0,80000,8a015e3f860296dd3aca796cda326c3703d87c07b3f719b51b1eb7fb9b7d4abb
FMNoiseSaopin|jsr=10|seed=10346|center=1000|Oracle_FrFT_UpperBound,FMNoiseSaopin,10.0,10346,1000,Oracle_FrFT_UpperBound,ORACLE_DIAGNOSTIC_ONLY;NOT_FAIR;NOT_RL_ELIGIBLE,ORACLE_DIAGNOSTIC_ONLY,unified/pass,PASS,20.338642247291773,19.801533084193352,-0.537109163098421,True,True,True,1,1,1,0,-0.9134157461729969,TARGET_PRESERVED,0.9,1.0,0.09999999999999998,0.089,0.5085992599574211,False,0.0,0.0,80000,8a015e3f860296dd3aca796cda326c3703d87c07b3f719b51b1eb7fb9b7d4abb
FMNoiseSaopin|jsr=10|seed=10346|center=1500|Oracle_FrFT_UpperBound,FMNoiseSaopin,10.0,10346,1500,Oracle_FrFT_UpperBound,ORACLE_DIAGNOSTIC_ONLY;NOT_FAIR;NOT_RL_ELIGIBLE,ORACLE_DIAGNOSTIC_ONLY,unified/pass,PASS,19.966225896446478,19.03623264642466,-0.9299932500218162,True,True,True,0,0,0,0,-0.913415746172999,TARGET_PRESERVED,0.9,1.0,0.09999999999999998,0.089,0.02729819494659628,False,0.0,0.0,80000,8a015e3f860296dd3aca796cda326c3703d87c07b3f719b51b1eb7fb9b7d4abb
FMNoiseSaopin|jsr=10|seed=10346|center=2500|Oracle_FrFT_UpperBound,FMNoiseSaopin,10.0,10346,2500,Oracle_FrFT_UpperBound,ORACLE_DIAGNOSTIC_ONLY;NOT_FAIR;NOT_RL_ELIGIBLE,ORACLE_DIAGNOSTIC_ONLY,unified/pass,PASS,19.957802185512424,18.984598392284347,-0.9732037932280768,True,True,True,0,0,0,0,-0.913415746172999,TARGET_PRESERVED,0.9,1.0,0.09999999999999998,0.089,0.0,False,0.0,0.0,80000,8a015e3f860296dd3aca796cda326c3703d87c07b3f719b51b1eb7fb9b7d4abb
FMNoiseSaopin|jsr=10|seed=10346|center=3500|Oracle_FrFT_UpperBound,FMNoiseSaopin,10.0,10346,3500,Oracle_FrFT_UpperBound,ORACLE_DIAGNOSTIC_ONLY;NOT_FAIR;NOT_RL_ELIGIBLE,ORACLE_DIAGNOSTIC_ONLY,unified/pass,PASS,19.87854947521415,18.920055609800357,-0.9584938654137929,True,True,True,0,0,0,0,-0.913415746172999,TARGET_PRESERVED,0.9,1.0,0.09999999999999998,0.089,0.0,False,0.0,0.0,80000,8a015e3f860296dd3aca796cda326c3703d87c07b3f719b51b1eb7fb9b7d4abb
FMNoiseSaopin|jsr=10|seed=10346|center=4000|Oracle_FrFT_UpperBound,FMNoiseSaopin,10.0,10346,4000,Oracle_FrFT_UpperBound,ORACLE_DIAGNOSTIC_ONLY;NOT_FAIR;NOT_RL_ELIGIBLE,ORACLE_DIAGNOSTIC_ONLY,unified/pass,PASS,20.07135363171046,19.135155678466184,-0.9361979532442746,True,True,True,0,0,0,0,-0.913415746172999,TARGET_PRESERVED,0.9,1.0,0.09999999999999998,0.089,0.0,False,0.0,0.0,80000,8a015e3f860296dd3aca796cda326c3703d87c07b3f719b51b1eb7fb9b7d4abb
FMNoiseSaopin|jsr=10|seed=10347|center=1000|Oracle_FrFT_UpperBound,FMNoiseSaopin,10.0,10347,1000,Oracle_FrFT_UpperBound,ORACLE_DIAGNOSTIC_ONLY;NOT_FAIR;NOT_RL_ELIGIBLE,ORACLE_DIAGNOSTIC_ONLY,unified/pass,PASS,19.262009669433343,19.298027794927396,0.03601812549405281,False,False,False,1,1,0,0,-0.9134157461729969,TARGET_PRESERVED,0.9,1.0,0.09999999999999998,0.089,0.42342050303991857,False,0.0,0.0,80000,8a015e3f860296dd3aca796cda326c3703d87c07b3f719b51b1eb7fb9b7d4abb
FMNoiseSaopin|jsr=10|seed=10347|center=1500|Oracle_FrFT_UpperBound,FMNoiseSaopin,10.0,10347,1500,Oracle_FrFT_UpperBound,ORACLE_DIAGNOSTIC_ONLY;NOT_FAIR;NOT_RL_ELIGIBLE,ORACLE_DIAGNOSTIC_ONLY,unified/pass,PASS,20.871606966892394,19.917882240764087,-0.953724726128307,True,True,True,0,0,0,0,-0.913415746172999,TARGET_PRESERVED,0.9,1.0,0.09999999999999998,0.089,0.0400169863972982,False,0.0,0.0,80000,8a015e3f860296dd3aca796cda326c3703d87c07b3f719b51b1eb7fb9b7d4abb
FMNoiseSaopin|jsr=10|seed=10347|center=2500|Oracle_FrFT_UpperBound,FMNoiseSaopin,10.0,10347,2500,Oracle_FrFT_UpperBound,ORACLE_DIAGNOSTIC_ONLY;NOT_FAIR;NOT_RL_ELIGIBLE,ORACLE_DIAGNOSTIC_ONLY,unified/pass,PASS,20.768559940497315,19.838372426972988,-0.9301875135243272,True,True,True,0,0,0,0,-0.913415746172999,TARGET_PRESERVED,0.9,1.0,0.09999999999999998,0.089,0.0,False,0.0,0.0,80000,8a015e3f860296dd3aca796cda326c3703d87c07b3f719b51b1eb7fb9b7d4abb
FMNoiseSaopin|jsr=10|seed=10347|center=3500|Oracle_FrFT_UpperBound,FMNoiseSaopin,10.0,10347,3500,Oracle_FrFT_UpperBound,ORACLE_DIAGNOSTIC_ONLY;NOT_FAIR;NOT_RL_ELIGIBLE,ORACLE_DIAGNOSTIC_ONLY,unified/pass,PASS,20.898669679056994,19.935716531763248,-0.9629531472937458,True,True,True,0,0,0,0,-0.913415746172999,TARGET_PRESERVED,0.9,1.0,0.09999999999999998,0.089,0.0,False,0.0,0.0,80000,8a015e3f860296dd3aca796cda326c3703d87c07b3f719b51b1eb7fb9b7d4abb
FMNoiseSaopin|jsr=10|seed=10347|center=4000|Oracle_FrFT_UpperBound,FMNoiseSaopin,10.0,10347,4000,Oracle_FrFT_UpperBound,ORACLE_DIAGNOSTIC_ONLY;NOT_FAIR;NOT_RL_ELIGIBLE,ORACLE_DIAGNOSTIC_ONLY,unified/pass,PASS,20.929566236140204,20.02620313494537,-0.9033631011948344,True,True,True,0,0,0,0,-0.913415746172999,TARGET_PRESERVED,0.9,1.0,0.09999999999999998,0.089,0.0,False,0.0,0.0,80000,8a015e3f860296dd3aca796cda326c3703d87c07b3f719b51b1eb7fb9b7d4abb
FMNoiseSaopin|jsr=10|seed=10348|center=1000|Oracle_FrFT_UpperBound,FMNoiseSaopin,10.0,10348,1000,Oracle_FrFT_UpperBound,ORACLE_DIAGNOSTIC_ONLY;NOT_FAIR;NOT_RL_ELIGIBLE,ORACLE_DIAGNOSTIC_ONLY,unified/pass,PASS,19.246854390570455,19.378509226078293,0.13165483550783819,False,False,False,1,1,2,2,-0.9134157461729969,TARGET_PRESERVED,0.9,1.0,0.09999999999999998,0.089,0.4237922850526674,False,0.0,0.0,80000,8a015e3f860296dd3aca796cda326c3703d87c07b3f719b51b1eb7fb9b7d4abb
FMNoiseSaopin|jsr=10|seed=10348|center=1500|Oracle_FrFT_UpperBound,FMNoiseSaopin,10.0,10348,1500,Oracle_FrFT_UpperBound,ORACLE_DIAGNOSTIC_ONLY;NOT_FAIR;NOT_RL_ELIGIBLE,ORACLE_DIAGNOSTIC_ONLY,unified/pass,PASS,20.80904445079409,19.87871758595666,-0.9303268648374292,True,True,True,0,0,2,3,-0.913415746172999,TARGET_PRESERVED,0.9,1.0,0.09999999999999998,0.089,0.026815431891089536,False,0.0,0.0,80000,8a015e3f860296dd3aca796cda326c3703d87c07b3f719b51b1eb7fb9b7d4abb
FMNoiseSaopin|jsr=10|seed=10348|center=2500|Oracle_FrFT_UpperBound,FMNoiseSaopin,10.0,10348,2500,Oracle_FrFT_UpperBound,ORACLE_DIAGNOSTIC_ONLY;NOT_FAIR;NOT_RL_ELIGIBLE,ORACLE_DIAGNOSTIC_ONLY,unified/pass,PASS,20.65558763874979,19.739321097395074,-0.916266541354716,True,True,True,0,0,1,1,-0.913415746172999,TARGET_PRESERVED,0.9,1.0,0.09999999999999998,0.089,0.0,False,0.0,0.0,80000,8a015e3f860296dd3aca796cda326c3703d87c07b3f719b51b1eb7fb9b7d4abb
FMNoiseSaopin|jsr=10|seed=10348|center=3500|Oracle_FrFT_UpperBound,FMNoiseSaopin,10.0,10348,3500,Oracle_FrFT_UpperBound,ORACLE_DIAGNOSTIC_ONLY;NOT_FAIR;NOT_RL_ELIGIBLE,ORACLE_DIAGNOSTIC_ONLY,unified/pass,PASS,20.73560998844442,19.770918171499897,-0.9646918169445229,True,True,True,0,0,0,0,-0.913415746172999,TARGET_PRESERVED,0.9,1.0,0.09999999999999998,0.089,0.0,False,0.0,0.0,80000,8a015e3f860296dd3aca796cda326c3703d87c07b3f719b51b1eb7fb9b7d4abb
FMNoiseSaopin|jsr=10|seed=10348|center=4000|Oracle_FrFT_UpperBound,FMNoiseSaopin,10.0,10348,4000,Oracle_FrFT_UpperBound,ORACLE_DIAGNOSTIC_ONLY;NOT_FAIR;NOT_RL_ELIGIBLE,ORACLE_DIAGNOSTIC_ONLY,unified/pass,PASS,20.816192734960794,19.865514192065643,-0.950678542895151,True,True,True,0,0,0,0,-0.913415746172999,TARGET_PRESERVED,0.9,1.0,0.09999999999999998,0.089,0.0,False,0.0,0.0,80000,8a015e3f860296dd3aca796cda326c3703d87c07b3f719b51b1eb7fb9b7d4abb
FMNoiseSaopin|jsr=10|seed=10349|center=1000|Oracle_FrFT_UpperBound,FMNoiseSaopin,10.0,10349,1000,Oracle_FrFT_UpperBound,ORACLE_DIAGNOSTIC_ONLY;NOT_FAIR;NOT_RL_ELIGIBLE,ORACLE_DIAGNOSTIC_ONLY,unified/pass,PASS,20.10026025779566,20.057919932961042,-0.042340324834619025,False,True,False,1,1,0,0,-0.9134157461729969,TARGET_PRESERVED,0.9,1.0,0.09999999999999998,0.089,0.40121487395227307,False,0.0,0.0,80000,8a015e3f860296dd3aca796cda326c3703d87c07b3f719b51b1eb7fb9b7d4abb
FMNoiseSaopin|jsr=10|seed=10349|center=1500|Oracle_FrFT_UpperBound,FMNoiseSaopin,10.0,10349,1500,Oracle_FrFT_UpperBound,ORACLE_DIAGNOSTIC_ONLY;NOT_FAIR;NOT_RL_ELIGIBLE,ORACLE_DIAGNOSTIC_ONLY,unified/pass,PASS,21.010616810134806,20.05862928949185,-0.9519875206429553,True,True,True,0,0,0,0,-0.913415746172999,TARGET_PRESERVED,0.9,1.0,0.09999999999999998,0.089,0.024900389721610395,False,0.0,0.0,80000,8a015e3f860296dd3aca796cda326c3703d87c07b3f719b51b1eb7fb9b7d4abb
FMNoiseSaopin|jsr=10|seed=10349|center=2500|Oracle_FrFT_UpperBound,FMNoiseSaopin,10.0,10349,2500,Oracle_FrFT_UpperBound,ORACLE_DIAGNOSTIC_ONLY;NOT_FAIR;NOT_RL_ELIGIBLE,ORACLE_DIAGNOSTIC_ONLY,unified/pass,PASS,21.04384067809673,20.12538575936173,-0.918454918734998,True,True,True,0,0,0,0,-0.913415746172999,TARGET_PRESERVED,0.9,1.0,0.09999999999999998,0.089,0.0,False,0.0,0.0,80000,8a015e3f860296dd3aca796cda326c3703d87c07b3f719b51b1eb7fb9b7d4abb
FMNoiseSaopin|jsr=10|seed=10349|center=3500|Oracle_FrFT_UpperBound,FMNoiseSaopin,10.0,10349,3500,Oracle_FrFT_UpperBound,ORACLE_DIAGNOSTIC_ONLY;NOT_FAIR;NOT_RL_ELIGIBLE,ORACLE_DIAGNOSTIC_ONLY,unified/pass,PASS,21.07938254577254,20.1656186984385,-0.9137638473340388,True,True,True,0,0,1,0,-0.913415746172999,TARGET_PRESERVED,0.9,1.0,0.09999999999999998,0.089,0.0,False,0.0,0.0,80000,8a015e3f860296dd3aca796cda326c3703d87c07b3f719b51b1eb7fb9b7d4abb
FMNoiseSaopin|jsr=10|seed=10349|center=4000|Oracle_FrFT_UpperBound,FMNoiseSaopin,10.0,10349,4000,Oracle_FrFT_UpperBound,ORACLE_DIAGNOSTIC_ONLY;NOT_FAIR;NOT_RL_ELIGIBLE,ORACLE_DIAGNOSTIC_ONLY,unified/pass,PASS,20.984323964974436,20.03348707119578,-0.9508368937786571,True,True,True,0,0,2,0,-0.913415746172999,TARGET_PRESERVED,0.9,1.0,0.09999999999999998,0.089,0.0,False,0.0,0.0,80000,8a015e3f860296dd3aca796cda326c3703d87c07b3f719b51b1eb7fb9b7d4abb
FMNoiseSaopin|jsr=20|seed=10300|center=1000|Oracle_FrFT_UpperBound,FMNoiseSaopin,20.0,10300,1000,Oracle_FrFT_UpperBound,ORACLE_DIAGNOSTIC_ONLY;NOT_FAIR;NOT_RL_ELIGIBLE,ORACLE_DIAGNOSTIC_ONLY,unified/pass,PASS,11.60381008060378,11.178861840243782,-0.4249482403599991,True,False,True,1,3,1,0,-0.9134157461729969,TARGET_PRESERVED,0.9,1.0,0.09999999999999998,0.089,0.4952059618246118,False,0.0,0.0,80000,8a015e3f860296dd3aca796cda326c3703d87c07b3f719b51b1eb7fb9b7d4abb
FMNoiseSaopin|jsr=20|seed=10300|center=1500|Oracle_FrFT_UpperBound,FMNoiseSaopin,20.0,10300,1500,Oracle_FrFT_UpperBound,ORACLE_DIAGNOSTIC_ONLY;NOT_FAIR;NOT_RL_ELIGIBLE,ORACLE_DIAGNOSTIC_ONLY,unified/pass,PASS,10.14063085945615,9.209168524397779,-0.931462335058372,True,True,True,770,761,0,0,-0.913415746172999,TARGET_PRESERVED,0.9,1.0,0.09999999999999998,0.089,0.03224512147494958,False,0.0,0.0,80000,8a015e3f860296dd3aca796cda326c3703d87c07b3f719b51b1eb7fb9b7d4abb
FMNoiseSaopin|jsr=20|seed=10300|center=2500|Oracle_FrFT_UpperBound,FMNoiseSaopin,20.0,10300,2500,Oracle_FrFT_UpperBound,ORACLE_DIAGNOSTIC_ONLY;NOT_FAIR;NOT_RL_ELIGIBLE,ORACLE_DIAGNOSTIC_ONLY,unified/pass,PASS,10.136961596251249,9.221317791216661,-0.9156438050345876,True,True,True,1758,1758,0,0,-0.913415746172999,TARGET_PRESERVED,0.9,1.0,0.09999999999999998,0.089,0.0,False,0.0,0.0,80000,8a015e3f860296dd3aca796cda326c3703d87c07b3f719b51b1eb7fb9b7d4abb
FMNoiseSaopin|jsr=20|seed=10300|center=3500|Oracle_FrFT_UpperBound,FMNoiseSaopin,20.0,10300,3500,Oracle_FrFT_UpperBound,ORACLE_DIAGNOSTIC_ONLY;NOT_FAIR;NOT_RL_ELIGIBLE,ORACLE_DIAGNOSTIC_ONLY,unified/pass,PASS,10.049797110934119,9.161115939008958,-0.8886811719251604,True,True,True,2758,2758,0,0,-0.913415746172999,TARGET_PRESERVED,0.9,1.0,0.09999999999999998,0.089,0.0,False,0.0,0.0,80000,8a015e3f860296dd3aca796cda326c3703d87c07b3f719b51b1eb7fb9b7d4abb
FMNoiseSaopin|jsr=20|seed=10300|center=4000|Oracle_FrFT_UpperBound,FMNoiseSaopin,20.0,10300,4000,Oracle_FrFT_UpperBound,ORACLE_DIAGNOSTIC_ONLY;NOT_FAIR;NOT_RL_ELIGIBLE,ORACLE_DIAGNOSTIC_ONLY,unified/pass,PASS,10.059208836620035,9.157799996198264,-0.9014088404217713,True,True,True,3258,3258,1,0,-0.913415746172999,TARGET_PRESERVED,0.9,1.0,0.09999999999999998,0.089,0.0,False,0.0,0.0,80000,8a015e3f860296dd3aca796cda326c3703d87c07b3f719b51b1eb7fb9b7d4abb
FMNoiseSaopin|jsr=20|seed=10301|center=1000|Oracle_FrFT_UpperBound,FMNoiseSaopin,20.0,10301,1000,Oracle_FrFT_UpperBound,ORACLE_DIAGNOSTIC_ONLY;NOT_FAIR;NOT_RL_ELIGIBLE,ORACLE_DIAGNOSTIC_ONLY,unified/pass,PASS,11.556563447792767,9.874703448389006,-1.6818599994037609,False,False,False,6,69,0,0,-0.9134157461729969,TARGET_PRESERVED,0.9,1.0,0.09999999999999998,0.089,0.4406873589028058,False,0.0,0.0,80000,8a015e3f860296dd3aca796cda326c3703d87c07b3f719b51b1eb7fb9b7d4abb
FMNoiseSaopin|jsr=20|seed=10301|center=1500|Oracle_FrFT_UpperBound,FMNoiseSaopin,20.0,10301,1500,Oracle_FrFT_UpperBound,ORACLE_DIAGNOSTIC_ONLY;NOT_FAIR;NOT_RL_ELIGIBLE,ORACLE_DIAGNOSTIC_ONLY,unified/pass,PASS,10.658808838333947,9.728353574146336,-0.9304552641876107,True,True,True,0,0,0,0,-0.913415746172999,TARGET_PRESERVED,0.9,1.0,0.09999999999999998,0.089,0.03603842317669318,False,0.0,0.0,80000,8a015e3f860296dd3aca796cda326c3703d87c07b3f719b51b1eb7fb9b7d4abb
FMNoiseSaopin|jsr=20|seed=10301|center=2500|Oracle_FrFT_UpperBound,FMNoiseSaopin,20.0,10301,2500,Oracle_FrFT_UpperBound,ORACLE_DIAGNOSTIC_ONLY;NOT_FAIR;NOT_RL_ELIGIBLE,ORACLE_DIAGNOSTIC_ONLY,unified/pass,PASS,10.800665203366915,9.886957363384042,-0.9137078399828731,True,True,True,0,0,1,0,-0.913415746172999,TARGET_PRESERVED,0.9,1.0,0.09999999999999998,0.089,0.0,False,0.0,0.0,80000,8a015e3f860296dd3aca796cda326c3703d87c07b3f719b51b1eb7fb9b7d4abb
FMNoiseSaopin|jsr=20|seed=10301|center=3500|Oracle_FrFT_UpperBound,FMNoiseSaopin,20.0,10301,3500,Oracle_FrFT_UpperBound,ORACLE_DIAGNOSTIC_ONLY;NOT_FAIR;NOT_RL_ELIGIBLE,ORACLE_DIAGNOSTIC_ONLY,unified/pass,PASS,10.769025771653684,9.85211763671079,-0.9169081349428936,True,True,True,0,0,0,0,-0.913415746172999,TARGET_PRESERVED,0.9,1.0,0.09999999999999998,0.089,0.0,False,0.0,0.0,80000,8a015e3f860296dd3aca796cda326c3703d87c07b3f719b51b1eb7fb9b7d4abb
FMNoiseSaopin|jsr=20|seed=10301|center=4000|Oracle_FrFT_UpperBound,FMNoiseSaopin,20.0,10301,4000,Oracle_FrFT_UpperBound,ORACLE_DIAGNOSTIC_ONLY;NOT_FAIR;NOT_RL_ELIGIBLE,ORACLE_DIAGNOSTIC_ONLY,unified/pass,PASS,10.630951877097797,9.729368534442797,-0.901583342655,True,True,True,0,0,0,0,-0.913415746172999,TARGET_PRESERVED,0.9,1.0,0.09999999999999998,0.089,0.0,False,0.0,0.0,80000,8a015e3f860296dd3aca796cda326c3703d87c07b3f719b51b1eb7fb9b7d4abb
FMNoiseSaopin|jsr=20|seed=10302|center=1000|Oracle_FrFT_UpperBound,FMNoiseSaopin,20.0,10302,1000,Oracle_FrFT_UpperBound,ORACLE_DIAGNOSTIC_ONLY;NOT_FAIR;NOT_RL_ELIGIBLE,ORACLE_DIAGNOSTIC_ONLY,unified/pass,PASS,12.494105448148375,11.785094633981604,-0.7090108141667706,True,False,True,1,3,0,0,-0.9134157461729969,TARGET_PRESERVED,0.9,1.0,0.09999999999999998,0.089,0.5082347303361996,False,0.0,0.0,80000,8a015e3f860296dd3aca796cda326c3703d87c07b3f719b51b1eb7fb9b7d4abb
FMNoiseSaopin|jsr=20|seed=10302|center=1500|Oracle_FrFT_UpperBound,FMNoiseSaopin,20.0,10302,1500,Oracle_FrFT_UpperBound,ORACLE_DIAGNOSTIC_ONLY;NOT_FAIR;NOT_RL_ELIGIBLE,ORACLE_DIAGNOSTIC_ONLY,unified/pass,PASS,9.855190958474035,8.95635984362585,-0.8988311148481856,True,True,True,0,1343,0,1,-0.913415746172999,TARGET_PRESERVED,0.9,1.0,0.09999999999999998,0.089,0.03588144896213917,False,0.0,0.0,80000,8a015e3f860296dd3aca796cda326c3703d87c07b3f719b51b1eb7fb9b7d4abb
FMNoiseSaopin|jsr=20|seed=10302|center=2500|Oracle_FrFT_UpperBound,FMNoiseSaopin,20.0,10302,2500,Oracle_FrFT_UpperBound,ORACLE_DIAGNOSTIC_ONLY;NOT_FAIR;NOT_RL_ELIGIBLE,ORACLE_DIAGNOSTIC_ONLY,unified/pass,PASS,10.045867128985662,9.118053129621282,-0.9278139993643801,True,True,True,0,2343,0,0,-0.913415746172999,TARGET_PRESERVED,0.9,1.0,0.09999999999999998,0.089,0.0,False,0.0,0.0,80000,8a015e3f860296dd3aca796cda326c3703d87c07b3f719b51b1eb7fb9b7d4abb
FMNoiseSaopin|jsr=20|seed=10302|center=3500|Oracle_FrFT_UpperBound,FMNoiseSaopin,20.0,10302,3500,Oracle_FrFT_UpperBound,ORACLE_DIAGNOSTIC_ONLY;NOT_FAIR;NOT_RL_ELIGIBLE,ORACLE_DIAGNOSTIC_ONLY,unified/pass,PASS,10.042511081593267,9.091255381159304,-0.951255700433963,True,True,True,0,3343,0,0,-0.913415746172999,TARGET_PRESERVED,0.9,1.0,0.09999999999999998,0.089,0.0,False,0.0,0.0,80000,8a015e3f860296dd3aca796cda326c3703d87c07b3f719b51b1eb7fb9b7d4abb
FMNoiseSaopin|jsr=20|seed=10302|center=4000|Oracle_FrFT_UpperBound,FMNoiseSaopin,20.0,10302,4000,Oracle_FrFT_UpperBound,ORACLE_DIAGNOSTIC_ONLY;NOT_FAIR;NOT_RL_ELIGIBLE,ORACLE_DIAGNOSTIC_ONLY,unified/pass,PASS,10.010128276736264,9.128250432232534,-0.8818778445037303,True,True,True,0,3843,0,0,-0.913415746172999,TARGET_PRESERVED,0.9,1.0,0.09999999999999998,0.089,0.0,False,0.0,0.0,80000,8a015e3f860296dd3aca796cda326c3703d87c07b3f719b51b1eb7fb9b7d4abb
FMNoiseSaopin|jsr=20|seed=10303|center=1000|Oracle_FrFT_UpperBound,FMNoiseSaopin,20.0,10303,1000,Oracle_FrFT_UpperBound,ORACLE_DIAGNOSTIC_ONLY;NOT_FAIR;NOT_RL_ELIGIBLE,ORACLE_DIAGNOSTIC_ONLY,unified/pass,PASS,11.482029030769233,11.236788641293531,-0.24524038947570226,True,False,True,1,2,1,0,-0.9134157461729969,TARGET_PRESERVED,0.9,1.0,0.09999999999999998,0.089,0.5001784104758673,False,0.0,0.0,80000,8a015e3f860296dd3aca796cda326c3703d87c07b3f719b51b1eb7fb9b7d4abb
FMNoiseSaopin|jsr=20|seed=10303|center=1500|Oracle_FrFT_UpperBound,FMNoiseSaopin,20.0,10303,1500,Oracle_FrFT_UpperBound,ORACLE_DIAGNOSTIC_ONLY;NOT_FAIR;NOT_RL_ELIGIBLE,ORACLE_DIAGNOSTIC_ONLY,unified/pass,PASS,9.98394704211379,9.05479856348475,-0.92914847862904,True,True,True,0,1302,0,0,-0.913415746172999,TARGET_PRESERVED,0.9,1.0,0.09999999999999998,0.089,0.04513855748761995,False,0.0,0.0,80000,8a015e3f860296dd3aca796cda326c3703d87c07b3f719b51b1eb7fb9b7d4abb
FMNoiseSaopin|jsr=20|seed=10303|center=2500|Oracle_FrFT_UpperBound,FMNoiseSaopin,20.0,10303,2500,Oracle_FrFT_UpperBound,ORACLE_DIAGNOSTIC_ONLY;NOT_FAIR;NOT_RL_ELIGIBLE,ORACLE_DIAGNOSTIC_ONLY,unified/pass,PASS,10.036950608182426,9.150571360451895,-0.886379247730531,True,True,True,0,2302,0,0,-0.913415746172999,TARGET_PRESERVED,0.9,1.0,0.09999999999999998,0.089,0.0,False,0.0,0.0,80000,8a015e3f860296dd3aca796cda326c3703d87c07b3f719b51b1eb7fb9b7d4abb
FMNoiseSaopin|jsr=20|seed=10303|center=3500|Oracle_FrFT_UpperBound,FMNoiseSaopin,20.0,10303,3500,Oracle_FrFT_UpperBound,ORACLE_DIAGNOSTIC_ONLY;NOT_FAIR;NOT_RL_ELIGIBLE,ORACLE_DIAGNOSTIC_ONLY,unified/pass,PASS,9.98733482147502,9.057583179375458,-0.9297516420995624,True,True,True,0,3302,0,0,-0.913415746172999,TARGET_PRESERVED,0.9,1.0,0.09999999999999998,0.089,0.0,False,0.0,0.0,80000,8a015e3f860296dd3aca796cda326c3703d87c07b3f719b51b1eb7fb9b7d4abb
FMNoiseSaopin|jsr=20|seed=10303|center=4000|Oracle_FrFT_UpperBound,FMNoiseSaopin,20.0,10303,4000,Oracle_FrFT_UpperBound,ORACLE_DIAGNOSTIC_ONLY;NOT_FAIR;NOT_RL_ELIGIBLE,ORACLE_DIAGNOSTIC_ONLY,unified/pass,PASS,10.11824928265118,9.198442066147269,-0.9198072165039104,True,True,True,0,3802,0,0,-0.913415746172999,TARGET_PRESERVED,0.9,1.0,0.09999999999999998,0.089,0.0,False,0.0,0.0,80000,8a015e3f860296dd3aca796cda326c3703d87c07b3f719b51b1eb7fb9b7d4abb
FMNoiseSaopin|jsr=20|seed=10304|center=1000|Oracle_FrFT_UpperBound,FMNoiseSaopin,20.0,10304,1000,Oracle_FrFT_UpperBound,ORACLE_DIAGNOSTIC_ONLY;NOT_FAIR;NOT_RL_ELIGIBLE,ORACLE_DIAGNOSTIC_ONLY,unified/pass,PASS,12.52795479814175,11.8782123849608,-0.6497424131809488,False,False,False,4,3,0,0,-0.9134157461729969,TARGET_PRESERVED,0.9,1.0,0.09999999999999998,0.089,0.4204957776056294,False,0.0,0.0,80000,8a015e3f860296dd3aca796cda326c3703d87c07b3f719b51b1eb7fb9b7d4abb
FMNoiseSaopin|jsr=20|seed=10304|center=1500|Oracle_FrFT_UpperBound,FMNoiseSaopin,20.0,10304,1500,Oracle_FrFT_UpperBound,ORACLE_DIAGNOSTIC_ONLY;NOT_FAIR;NOT_RL_ELIGIBLE,ORACLE_DIAGNOSTIC_ONLY,unified/pass,PASS,10.898003977138526,9.995297943071078,-0.9027060340674478,True,True,True,0,0,0,0,-0.913415746172999,TARGET_PRESERVED,0.9,1.0,0.09999999999999998,0.089,0.029835457972942285,False,0.0,0.0,80000,8a015e3f860296dd3aca796cda326c3703d87c07b3f719b51b1eb7fb9b7d4abb
FMNoiseSaopin|jsr=20|seed=10304|center=2500|Oracle_FrFT_UpperBound,FMNoiseSaopin,20.0,10304,2500,Oracle_FrFT_UpperBound,ORACLE_DIAGNOSTIC_ONLY;NOT_FAIR;NOT_RL_ELIGIBLE,ORACLE_DIAGNOSTIC_ONLY,unified/pass,PASS,10.941133531965155,10.007383379843123,-0.9337501521220322,True,True,True,0,0,0,0,-0.913415746172999,TARGET_PRESERVED,0.9,1.0,0.09999999999999998,0.089,0.0,False,0.0,0.0,80000,8a015e3f860296dd3aca796cda326c3703d87c07b3f719b51b1eb7fb9b7d4abb
FMNoiseSaopin|jsr=20|seed=10304|center=3500|Oracle_FrFT_UpperBound,FMNoiseSaopin,20.0,10304,3500,Oracle_FrFT_UpperBound,ORACLE_DIAGNOSTIC_ONLY;NOT_FAIR;NOT_RL_ELIGIBLE,ORACLE_DIAGNOSTIC_ONLY,unified/pass,PASS,10.864955534036753,9.961936272892252,-0.9030192611445003,True,True,True,0,0,1,0,-0.913415746172999,TARGET_PRESERVED,0.9,1.0,0.09999999999999998,0.089,0.0,False,0.0,0.0,80000,8a015e3f860296dd3aca796cda326c3703d87c07b3f719b51b1eb7fb9b7d4abb
FMNoiseSaopin|jsr=20|seed=10304|center=4000|Oracle_FrFT_UpperBound,FMNoiseSaopin,20.0,10304,4000,Oracle_FrFT_UpperBound,ORACLE_DIAGNOSTIC_ONLY;NOT_FAIR;NOT_RL_ELIGIBLE,ORACLE_DIAGNOSTIC_ONLY,unified/pass,PASS,10.885083097812412,9.996074034782154,-0.8890090630302581,True,True,True,0,0,0,0,-0.913415746172999,TARGET_PRESERVED,0.9,1.0,0.09999999999999998,0.089,0.0,False,0.0,0.0,80000,8a015e3f860296dd3aca796cda326c3703d87c07b3f719b51b1eb7fb9b7d4abb
FMNoiseSaopin|jsr=20|seed=10305|center=1000|Oracle_FrFT_UpperBound,FMNoiseSaopin,20.0,10305,1000,Oracle_FrFT_UpperBound,ORACLE_DIAGNOSTIC_ONLY;NOT_FAIR;NOT_RL_ELIGIBLE,ORACLE_DIAGNOSTIC_ONLY,unified/pass,PASS,12.255340636123035,11.157983239975719,-1.0973573961473164,True,False,True,1,3,0,0,-0.9134157461729969,TARGET_PRESERVED,0.9,1.0,0.09999999999999998,0.089,0.4915861481626814,False,0.0,0.0,80000,8a015e3f860296dd3aca796cda326c3703d87c07b3f719b51b1eb7fb9b7d4abb
FMNoiseSaopin|jsr=20|seed=10305|center=1500|Oracle_FrFT_UpperBound,FMNoiseSaopin,20.0,10305,1500,Oracle_FrFT_UpperBound,ORACLE_DIAGNOSTIC_ONLY;NOT_FAIR;NOT_RL_ELIGIBLE,ORACLE_DIAGNOSTIC_ONLY,unified/pass,PASS,10.058436378026034,9.135613339384502,-0.9228230386415319,True,True,True,0,1346,0,0,-0.913415746172999,TARGET_PRESERVED,0.9,1.0,0.09999999999999998,0.089,0.02281163251405044,False,0.0,0.0,80000,8a015e3f860296dd3aca796cda326c3703d87c07b3f719b51b1eb7fb9b7d4abb
FMNoiseSaopin|jsr=20|seed=10305|center=2500|Oracle_FrFT_UpperBound,FMNoiseSaopin,20.0,10305,2500,Oracle_FrFT_UpperBound,ORACLE_DIAGNOSTIC_ONLY;NOT_FAIR;NOT_RL_ELIGIBLE,ORACLE_DIAGNOSTIC_ONLY,unified/pass,PASS,10.123835979801468,9.234268587310492,-0.8895673924909762,True,True,True,0,2346,0,0,-0.913415746172999,TARGET_PRESERVED,0.9,1.0,0.09999999999999998,0.089,0.0,False,0.0,0.0,80000,8a015e3f860296dd3aca796cda326c3703d87c07b3f719b51b1eb7fb9b7d4abb
FMNoiseSaopin|jsr=20|seed=10305|center=3500|Oracle_FrFT_UpperBound,FMNoiseSaopin,20.0,10305,3500,Oracle_FrFT_UpperBound,ORACLE_DIAGNOSTIC_ONLY;NOT_FAIR;NOT_RL_ELIGIBLE,ORACLE_DIAGNOSTIC_ONLY,unified/pass,PASS,10.106814766709554,9.209661371845055,-0.8971533948644996,True,True,True,0,3346,0,0,-0.913415746172999,TARGET_PRESERVED,0.9,1.0,0.09999999999999998,0.089,0.0,False,0.0,0.0,80000,8a015e3f860296dd3aca796cda326c3703d87c07b3f719b51b1eb7fb9b7d4abb
FMNoiseSaopin|jsr=20|seed=10305|center=4000|Oracle_FrFT_UpperBound,FMNoiseSaopin,20.0,10305,4000,Oracle_FrFT_UpperBound,ORACLE_DIAGNOSTIC_ONLY;NOT_FAIR;NOT_RL_ELIGIBLE,ORACLE_DIAGNOSTIC_ONLY,unified/pass,PASS,10.102330839297355,9.214960090827468,-0.8873707484698876,True,True,True,0,3846,0,0,-0.913415746172999,TARGET_PRESERVED,0.9,1.0,0.09999999999999998,0.089,0.0,False,0.0,0.0,80000,8a015e3f860296dd3aca796cda326c3703d87c07b3f719b51b1eb7fb9b7d4abb
FMNoiseSaopin|jsr=20|seed=10306|center=1000|Oracle_FrFT_UpperBound,FMNoiseSaopin,20.0,10306,1000,Oracle_FrFT_UpperBound,ORACLE_DIAGNOSTIC_ONLY;NOT_FAIR;NOT_RL_ELIGIBLE,ORACLE_DIAGNOSTIC_ONLY,unified/pass,PASS,14.578220472065313,13.586743585149453,-0.9914768869158603,True,True,True,0,738,1,1,-0.9134157461729969,TARGET_PRESERVED,0.9,1.0,0.09999999999999998,0.089,0.20045991070029465,False,0.0,0.0,80000,8a015e3f860296dd3aca796cda326c3703d87c07b3f719b51b1eb7fb9b7d4abb
FMNoiseSaopin|jsr=20|seed=10306|center=1500|Oracle_FrFT_UpperBound,FMNoiseSaopin,20.0,10306,1500,Oracle_FrFT_UpperBound,ORACLE_DIAGNOSTIC_ONLY;NOT_FAIR;NOT_RL_ELIGIBLE,ORACLE_DIAGNOSTIC_ONLY,unified/pass,PASS,14.725567308928028,13.57119112509443,-1.1543761838335982,True,True,True,0,0,1,1,-0.913415746172999,TARGET_PRESERVED,0.9,1.0,0.09999999999999998,0.089,0.025074705361372553,False,0.0,0.0,80000,8a015e3f860296dd3aca796cda326c3703d87c07b3f719b51b1eb7fb9b7d4abb
FMNoiseSaopin|jsr=20|seed=10306|center=2500|Oracle_FrFT_UpperBound,FMNoiseSaopin,20.0,10306,2500,Oracle_FrFT_UpperBound,ORACLE_DIAGNOSTIC_ONLY;NOT_FAIR;NOT_RL_ELIGIBLE,ORACLE_DIAGNOSTIC_ONLY,unified/pass,PASS,14.636706180006744,13.727331984855889,-0.9093741951508552,True,True,True,0,0,0,0,-0.913415746172999,TARGET_PRESERVED,0.9,1.0,0.09999999999999998,0.089,0.0,False,0.0,0.0,80000,8a015e3f860296dd3aca796cda326c3703d87c07b3f719b51b1eb7fb9b7d4abb
FMNoiseSaopin|jsr=20|seed=10306|center=3500|Oracle_FrFT_UpperBound,FMNoiseSaopin,20.0,10306,3500,Oracle_FrFT_UpperBound,ORACLE_DIAGNOSTIC_ONLY;NOT_FAIR;NOT_RL_ELIGIBLE,ORACLE_DIAGNOSTIC_ONLY,unified/pass,PASS,14.613845059352947,13.691689676721989,-0.9221553826309581,True,True,True,0,0,1,0,-0.913415746172999,TARGET_PRESERVED,0.9,1.0,0.09999999999999998,0.089,0.0,False,0.0,0.0,80000,8a015e3f860296dd3aca796cda326c3703d87c07b3f719b51b1eb7fb9b7d4abb
FMNoiseSaopin|jsr=20|seed=10306|center=4000|Oracle_FrFT_UpperBound,FMNoiseSaopin,20.0,10306,4000,Oracle_FrFT_UpperBound,ORACLE_DIAGNOSTIC_ONLY;NOT_FAIR;NOT_RL_ELIGIBLE,ORACLE_DIAGNOSTIC_ONLY,unified/pass,PASS,14.687758504907665,13.789823525047087,-0.8979349798605778,True,True,True,0,0,1,1,-0.913415746172999,TARGET_PRESERVED,0.9,1.0,0.09999999999999998,0.089,0.0,False,0.0,0.0,80000,8a015e3f860296dd3aca796cda326c3703d87c07b3f719b51b1eb7fb9b7d4abb
FMNoiseSaopin|jsr=20|seed=10307|center=1000|Oracle_FrFT_UpperBound,FMNoiseSaopin,20.0,10307,1000,Oracle_FrFT_UpperBound,ORACLE_DIAGNOSTIC_ONLY;NOT_FAIR;NOT_RL_ELIGIBLE,ORACLE_DIAGNOSTIC_ONLY,unified/pass,PASS,12.68599050003192,10.801730807646607,-1.8842596923853137,True,False,True,1,3,1,1,-0.9134157461729969,TARGET_PRESERVED,0.9,1.0,0.09999999999999998,0.089,0.508703616248947,False,0.0,0.0,80000,8a015e3f860296dd3aca796cda326c3703d87c07b3f719b51b1eb7fb9b7d4abb
FMNoiseSaopin|jsr=20|seed=10307|center=1500|Oracle_FrFT_UpperBound,FMNoiseSaopin,20.0,10307,1500,Oracle_FrFT_UpperBound,ORACLE_DIAGNOSTIC_ONLY;NOT_FAIR;NOT_RL_ELIGIBLE,ORACLE_DIAGNOSTIC_ONLY,unified/pass,PASS,10.03415669515038,9.104156069507447,-0.9300006256429327,True,True,True,0,926,1,1,-0.913415746172999,TARGET_PRESERVED,0.9,1.0,0.09999999999999998,0.089,0.03281774563233188,False,0.0,0.0,80000,8a015e3f860296dd3aca796cda326c3703d87c07b3f719b51b1eb7fb9b7d4abb
FMNoiseSaopin|jsr=20|seed=10307|center=2500|Oracle_FrFT_UpperBound,FMNoiseSaopin,20.0,10307,2500,Oracle_FrFT_UpperBound,ORACLE_DIAGNOSTIC_ONLY;NOT_FAIR;NOT_RL_ELIGIBLE,ORACLE_DIAGNOSTIC_ONLY,unified/pass,PASS,10.010593013836415,9.097023382636467,-0.9135696311999482,True,True,True,0,1924,1,1,-0.913415746172999,TARGET_PRESERVED,0.9,1.0,0.09999999999999998,0.089,0.0,False,0.0,0.0,80000,8a015e3f860296dd3aca796cda326c3703d87c07b3f719b51b1eb7fb9b7d4abb
FMNoiseSaopin|jsr=20|seed=10307|center=3500|Oracle_FrFT_UpperBound,FMNoiseSaopin,20.0,10307,3500,Oracle_FrFT_UpperBound,ORACLE_DIAGNOSTIC_ONLY;NOT_FAIR;NOT_RL_ELIGIBLE,ORACLE_DIAGNOSTIC_ONLY,unified/pass,PASS,10.02885260563165,9.104612807069849,-0.9242397985618016,True,True,True,0,2924,0,0,-0.913415746172999,TARGET_PRESERVED,0.9,1.0,0.09999999999999998,0.089,0.0,False,0.0,0.0,80000,8a015e3f860296dd3aca796cda326c3703d87c07b3f719b51b1eb7fb9b7d4abb
FMNoiseSaopin|jsr=20|seed=10307|center=4000|Oracle_FrFT_UpperBound,FMNoiseSaopin,20.0,10307,4000,Oracle_FrFT_UpperBound,ORACLE_DIAGNOSTIC_ONLY;NOT_FAIR;NOT_RL_ELIGIBLE,ORACLE_DIAGNOSTIC_ONLY,unified/pass,PASS,9.983763227485667,9.050623227887135,-0.9331399995985326,True,True,True,0,3424,0,0,-0.913415746172999,TARGET_PRESERVED,0.9,1.0,0.09999999999999998,0.089,0.0,False,0.0,0.0,80000,8a015e3f860296dd3aca796cda326c3703d87c07b3f719b51b1eb7fb9b7d4abb
FMNoiseSaopin|jsr=20|seed=10308|center=1000|Oracle_FrFT_UpperBound,FMNoiseSaopin,20.0,10308,1000,Oracle_FrFT_UpperBound,ORACLE_DIAGNOSTIC_ONLY;NOT_FAIR;NOT_RL_ELIGIBLE,ORACLE_DIAGNOSTIC_ONLY,unified/pass,PASS,30.161912926160888,29.523472417151556,-0.6384405090093317,True,True,True,0,0,0,0,-0.9134157461729969,TARGET_PRESERVED,0.9,1.0,0.09999999999999998,0.089,0.036715645547599464,False,0.0,0.0,80000,8a015e3f860296dd3aca796cda326c3703d87c07b3f719b51b1eb7fb9b7d4abb
FMNoiseSaopin|jsr=20|seed=10308|center=1500|Oracle_FrFT_UpperBound,FMNoiseSaopin,20.0,10308,1500,Oracle_FrFT_UpperBound,ORACLE_DIAGNOSTIC_ONLY;NOT_FAIR;NOT_RL_ELIGIBLE,ORACLE_DIAGNOSTIC_ONLY,unified/pass,PASS,29.896765536831893,28.060733979248642,-1.8360315575832509,True,True,True,0,0,0,0,-0.913415746172999,TARGET_PRESERVED,0.9,1.0,0.09999999999999998,0.089,0.023308536068243322,False,0.0,0.0,80000,8a015e3f860296dd3aca796cda326c3703d87c07b3f719b51b1eb7fb9b7d4abb
FMNoiseSaopin|jsr=20|seed=10308|center=2500|Oracle_FrFT_UpperBound,FMNoiseSaopin,20.0,10308,2500,Oracle_FrFT_UpperBound,ORACLE_DIAGNOSTIC_ONLY;NOT_FAIR;NOT_RL_ELIGIBLE,ORACLE_DIAGNOSTIC_ONLY,unified/pass,PASS,30.00561959802292,28.845686643862393,-1.1599329541605279,True,True,True,0,0,0,0,-0.913415746172999,TARGET_PRESERVED,0.9,1.0,0.09999999999999998,0.089,0.0,False,0.0,0.0,80000,8a015e3f860296dd3aca796cda326c3703d87c07b3f719b51b1eb7fb9b7d4abb
FMNoiseSaopin|jsr=20|seed=10308|center=3500|Oracle_FrFT_UpperBound,FMNoiseSaopin,20.0,10308,3500,Oracle_FrFT_UpperBound,ORACLE_DIAGNOSTIC_ONLY;NOT_FAIR;NOT_RL_ELIGIBLE,ORACLE_DIAGNOSTIC_ONLY,unified/pass,PASS,29.89120210541008,28.776535707082118,-1.1146663983279623,True,True,True,0,0,0,0,-0.913415746172999,TARGET_PRESERVED,0.9,1.0,0.09999999999999998,0.089,0.0,False,0.0,0.0,80000,8a015e3f860296dd3aca796cda326c3703d87c07b3f719b51b1eb7fb9b7d4abb
FMNoiseSaopin|jsr=20|seed=10308|center=4000|Oracle_FrFT_UpperBound,FMNoiseSaopin,20.0,10308,4000,Oracle_FrFT_UpperBound,ORACLE_DIAGNOSTIC_ONLY;NOT_FAIR;NOT_RL_ELIGIBLE,ORACLE_DIAGNOSTIC_ONLY,unified/pass,PASS,29.81282975750389,28.649878293851923,-1.162951463651968,True,True,True,0,0,0,1,-0.913415746172999,TARGET_PRESERVED,0.9,1.0,0.09999999999999998,0.089,0.0,False,0.0,0.0,80000,8a015e3f860296dd3aca796cda326c3703d87c07b3f719b51b1eb7fb9b7d4abb
FMNoiseSaopin|jsr=20|seed=10309|center=1000|Oracle_FrFT_UpperBound,FMNoiseSaopin,20.0,10309,1000,Oracle_FrFT_UpperBound,ORACLE_DIAGNOSTIC_ONLY;NOT_FAIR;NOT_RL_ELIGIBLE,ORACLE_DIAGNOSTIC_ONLY,unified/pass,PASS,12.425711728673114,12.057329914755513,-0.36838181391760116,False,False,False,4,3,0,0,-0.9134157461729969,TARGET_PRESERVED,0.9,1.0,0.09999999999999998,0.089,0.4289256689928065,False,0.0,0.0,80000,8a015e3f860296dd3aca796cda326c3703d87c07b3f719b51b1eb7fb9b7d4abb
FMNoiseSaopin|jsr=20|seed=10309|center=1500|Oracle_FrFT_UpperBound,FMNoiseSaopin,20.0,10309,1500,Oracle_FrFT_UpperBound,ORACLE_DIAGNOSTIC_ONLY;NOT_FAIR;NOT_RL_ELIGIBLE,ORACLE_DIAGNOSTIC_ONLY,unified/pass,PASS,10.829732082143892,9.877545581378977,-0.9521865007649151,True,True,True,0,0,0,0,-0.913415746172999,TARGET_PRESERVED,0.9,1.0,0.09999999999999998,0.089,0.032598246662680005,False,0.0,0.0,80000,8a015e3f860296dd3aca796cda326c3703d87c07b3f719b51b1eb7fb9b7d4abb
FMNoiseSaopin|jsr=20|seed=10309|center=2500|Oracle_FrFT_UpperBound,FMNoiseSaopin,20.0,10309,2500,Oracle_FrFT_UpperBound,ORACLE_DIAGNOSTIC_ONLY;NOT_FAIR;NOT_RL_ELIGIBLE,ORACLE_DIAGNOSTIC_ONLY,unified/pass,PASS,10.805480251802226,9.869363852004028,-0.9361163997981983,True,True,True,0,0,0,0,-0.913415746172999,TARGET_PRESERVED,0.9,1.0,0.09999999999999998,0.089,0.0,False,0.0,0.0,80000,8a015e3f860296dd3aca796cda326c3703d87c07b3f719b51b1eb7fb9b7d4abb
FMNoiseSaopin|jsr=20|seed=10309|center=3500|Oracle_FrFT_UpperBound,FMNoiseSaopin,20.0,10309,3500,Oracle_FrFT_UpperBound,ORACLE_DIAGNOSTIC_ONLY;NOT_FAIR;NOT_RL_ELIGIBLE,ORACLE_DIAGNOSTIC_ONLY,unified/pass,PASS,10.757071893451545,9.871351611975644,-0.8857202814759013,True,True,True,0,0,0,0,-0.913415746172999,TARGET_PRESERVED,0.9,1.0,0.09999999999999998,0.089,0.0,False,0.0,0.0,80000,8a015e3f860296dd3aca796cda326c3703d87c07b3f719b51b1eb7fb9b7d4abb
FMNoiseSaopin|jsr=20|seed=10309|center=4000|Oracle_FrFT_UpperBound,FMNoiseSaopin,20.0,10309,4000,Oracle_FrFT_UpperBound,ORACLE_DIAGNOSTIC_ONLY;NOT_FAIR;NOT_RL_ELIGIBLE,ORACLE_DIAGNOSTIC_ONLY,unified/pass,PASS,10.768846963197866,9.866572999722173,-0.9022739634756931,True,True,True,0,0,0,0,-0.913415746172999,TARGET_PRESERVED,0.9,1.0,0.09999999999999998,0.089,0.0,False,0.0,0.0,80000,8a015e3f860296dd3aca796cda326c3703d87c07b3f719b51b1eb7fb9b7d4abb
FMNoiseSaopin|jsr=20|seed=10310|center=1000|Oracle_FrFT_UpperBound,FMNoiseSaopin,20.0,10310,1000,Oracle_FrFT_UpperBound,ORACLE_DIAGNOSTIC_ONLY;NOT_FAIR;NOT_RL_ELIGIBLE,ORACLE_DIAGNOSTIC_ONLY,unified/pass,PASS,11.446468713747816,11.235176306347991,-0.21129240739982436,True,False,True,2,2,0,0,-0.9134157461729969,TARGET_PRESERVED,0.9,1.0,0.09999999999999998,0.089,0.5021694636981286,False,0.0,0.0,80000,8a015e3f860296dd3aca796cda326c3703d87c07b3f719b51b1eb7fb9b7d4abb
FMNoiseSaopin|jsr=20|seed=10310|center=1500|Oracle_FrFT_UpperBound,FMNoiseSaopin,20.0,10310,1500,Oracle_FrFT_UpperBound,ORACLE_DIAGNOSTIC_ONLY;NOT_FAIR;NOT_RL_ELIGIBLE,ORACLE_DIAGNOSTIC_ONLY,unified/pass,PASS,10.013940936021097,9.08822299723878,-0.9257179387823165,True,True,True,0,709,0,0,-0.913415746172999,TARGET_PRESERVED,0.9,1.0,0.09999999999999998,0.089,0.03513236468298778,False,0.0,0.0,80000,8a015e3f860296dd3aca796cda326c3703d87c07b3f719b51b1eb7fb9b7d4abb
FMNoiseSaopin|jsr=20|seed=10310|center=2500|Oracle_FrFT_UpperBound,FMNoiseSaopin,20.0,10310,2500,Oracle_FrFT_UpperBound,ORACLE_DIAGNOSTIC_ONLY;NOT_FAIR;NOT_RL_ELIGIBLE,ORACLE_DIAGNOSTIC_ONLY,unified/pass,PASS,10.096655401770448,9.1636545432352,-0.9330008585352481,True,True,True,0,1718,0,0,-0.913415746172999,TARGET_PRESERVED,0.9,1.0,0.09999999999999998,0.089,0.0,False,0.0,0.0,80000,8a015e3f860296dd3aca796cda326c3703d87c07b3f719b51b1eb7fb9b7d4abb
FMNoiseSaopin|jsr=20|seed=10310|center=3500|Oracle_FrFT_UpperBound,FMNoiseSaopin,20.0,10310,3500,Oracle_FrFT_UpperBound,ORACLE_DIAGNOSTIC_ONLY;NOT_FAIR;NOT_RL_ELIGIBLE,ORACLE_DIAGNOSTIC_ONLY,unified/pass,PASS,10.12278516226226,9.172602673853469,-0.9501824884087924,True,True,True,0,2718,0,0,-0.913415746172999,TARGET_PRESERVED,0.9,1.0,0.09999999999999998,0.089,0.0,False,0.0,0.0,80000,8a015e3f860296dd3aca796cda326c3703d87c07b3f719b51b1eb7fb9b7d4abb
FMNoiseSaopin|jsr=20|seed=10310|center=4000|Oracle_FrFT_UpperBound,FMNoiseSaopin,20.0,10310,4000,Oracle_FrFT_UpperBound,ORACLE_DIAGNOSTIC_ONLY;NOT_FAIR;NOT_RL_ELIGIBLE,ORACLE_DIAGNOSTIC_ONLY,unified/pass,PASS,10.075679051525368,9.171446734129375,-0.9042323173959925,True,True,True,0,3218,0,0,-0.913415746172999,TARGET_PRESERVED,0.9,1.0,0.09999999999999998,0.089,0.0,False,0.0,0.0,80000,8a015e3f860296dd3aca796cda326c3703d87c07b3f719b51b1eb7fb9b7d4abb
FMNoiseSaopin|jsr=20|seed=10311|center=1000|Oracle_FrFT_UpperBound,FMNoiseSaopin,20.0,10311,1000,Oracle_FrFT_UpperBound,ORACLE_DIAGNOSTIC_ONLY;NOT_FAIR;NOT_RL_ELIGIBLE,ORACLE_DIAGNOSTIC_ONLY,unified/pass,PASS,12.356336409119722,11.03375145313928,-1.3225849559804423,True,False,True,1,3,0,0,-0.9134157461729969,TARGET_PRESERVED,0.9,1.0,0.09999999999999998,0.089,0.48835430193988183,False,0.0,0.0,80000,8a015e3f860296dd3aca796cda326c3703d87c07b3f719b51b1eb7fb9b7d4abb
FMNoiseSaopin|jsr=20|seed=10311|center=1500|Oracle_FrFT_UpperBound,FMNoiseSaopin,20.0,10311,1500,Oracle_FrFT_UpperBound,ORACLE_DIAGNOSTIC_ONLY;NOT_FAIR;NOT_RL_ELIGIBLE,ORACLE_DIAGNOSTIC_ONLY,unified/pass,PASS,10.204701436731005,9.29670473318837,-0.9079967035426346,True,True,True,0,0,0,0,-0.913415746172999,TARGET_PRESERVED,0.9,1.0,0.09999999999999998,0.089,0.022844449577101404,False,0.0,0.0,80000,8a015e3f860296dd3aca796cda326c3703d87c07b3f719b51b1eb7fb9b7d4abb
FMNoiseSaopin|jsr=20|seed=10311|center=2500|Oracle_FrFT_UpperBound,FMNoiseSaopin,20.0,10311,2500,Oracle_FrFT_UpperBound,ORACLE_DIAGNOSTIC_ONLY;NOT_FAIR;NOT_RL_ELIGIBLE,ORACLE_DIAGNOSTIC_ONLY,unified/pass,PASS,10.303728210738285,9.37366509114527,-0.9300631195930151,True,True,True,0,0,1,0,-0.913415746172999,TARGET_PRESERVED,0.9,1.0,0.09999999999999998,0.089,0.0,False,0.0,0.0,80000,8a015e3f860296dd3aca796cda326c3703d87c07b3f719b51b1eb7fb9b7d4abb
FMNoiseSaopin|jsr=20|seed=10311|center=3500|Oracle_FrFT_UpperBound,FMNoiseSaopin,20.0,10311,3500,Oracle_FrFT_UpperBound,ORACLE_DIAGNOSTIC_ONLY;NOT_FAIR;NOT_RL_ELIGIBLE,ORACLE_DIAGNOSTIC_ONLY,unified/pass,PASS,10.160912102746888,9.230584706633639,-0.930327396113249,True,True,True,0,0,1,0,-0.913415746172999,TARGET_PRESERVED,0.9,1.0,0.09999999999999998,0.089,0.0,False,0.0,0.0,80000,8a015e3f860296dd3aca796cda326c3703d87c07b3f719b51b1eb7fb9b7d4abb
FMNoiseSaopin|jsr=20|seed=10311|center=4000|Oracle_FrFT_UpperBound,FMNoiseSaopin,20.0,10311,4000,Oracle_FrFT_UpperBound,ORACLE_DIAGNOSTIC_ONLY;NOT_FAIR;NOT_RL_ELIGIBLE,ORACLE_DIAGNOSTIC_ONLY,unified/pass,PASS,10.248766320642257,9.334224772718231,-0.914541547924026,True,True,True,0,0,0,0,-0.913415746172999,TARGET_PRESERVED,0.9,1.0,0.09999999999999998,0.089,0.0,False,0.0,0.0,80000,8a015e3f860296dd3aca796cda326c3703d87c07b3f719b51b1eb7fb9b7d4abb
FMNoiseSaopin|jsr=20|seed=10312|center=1000|Oracle_FrFT_UpperBound,FMNoiseSaopin,20.0,10312,1000,Oracle_FrFT_UpperBound,ORACLE_DIAGNOSTIC_ONLY;NOT_FAIR;NOT_RL_ELIGIBLE,ORACLE_DIAGNOSTIC_ONLY,unified/pass,PASS,14.651428597682388,13.2293549534642,-1.4220736442181874,True,True,True,0,2,1,1,-0.9134157461729969,TARGET_PRESERVED,0.9,1.0,0.09999999999999998,0.089,0.20835302825496177,False,0.0,0.0,80000,8a015e3f860296dd3aca796cda326c3703d87c07b3f719b51b1eb7fb9b7d4abb
FMNoiseSaopin|jsr=20|seed=10312|center=1500|Oracle_FrFT_UpperBound,FMNoiseSaopin,20.0,10312,1500,Oracle_FrFT_UpperBound,ORACLE_DIAGNOSTIC_ONLY;NOT_FAIR;NOT_RL_ELIGIBLE,ORACLE_DIAGNOSTIC_ONLY,unified/pass,PASS,14.888337904766715,14.00428959501983,-0.8840483097468841,True,True,True,0,0,1,1,-0.913415746172999,TARGET_PRESERVED,0.9,1.0,0.09999999999999998,0.089,0.025167891998994264,False,0.0,0.0,80000,8a015e3f860296dd3aca796cda326c3703d87c07b3f719b51b1eb7fb9b7d4abb
FMNoiseSaopin|jsr=20|seed=10312|center=2500|Oracle_FrFT_UpperBound,FMNoiseSaopin,20.0,10312,2500,Oracle_FrFT_UpperBound,ORACLE_DIAGNOSTIC_ONLY;NOT_FAIR;NOT_RL_ELIGIBLE,ORACLE_DIAGNOSTIC_ONLY,unified/pass,PASS,14.770227734324287,13.862121436390336,-0.9081062979339514,True,True,True,0,0,0,0,-0.913415746172999,TARGET_PRESERVED,0.9,1.0,0.09999999999999998,0.089,0.0,False,0.0,0.0,80000,8a015e3f860296dd3aca796cda326c3703d87c07b3f719b51b1eb7fb9b7d4abb
FMNoiseSaopin|jsr=20|seed=10312|center=3500|Oracle_FrFT_UpperBound,FMNoiseSaopin,20.0,10312,3500,Oracle_FrFT_UpperBound,ORACLE_DIAGNOSTIC_ONLY;NOT_FAIR;NOT_RL_ELIGIBLE,ORACLE_DIAGNOSTIC_ONLY,unified/pass,PASS,14.771215715293133,13.84358756931645,-0.9276281459766835,True,True,True,0,0,0,0,-0.913415746172999,TARGET_PRESERVED,0.9,1.0,0.09999999999999998,0.089,0.0,False,0.0,0.0,80000,8a015e3f860296dd3aca796cda326c3703d87c07b3f719b51b1eb7fb9b7d4abb
FMNoiseSaopin|jsr=20|seed=10312|center=4000|Oracle_FrFT_UpperBound,FMNoiseSaopin,20.0,10312,4000,Oracle_FrFT_UpperBound,ORACLE_DIAGNOSTIC_ONLY;NOT_FAIR;NOT_RL_ELIGIBLE,ORACLE_DIAGNOSTIC_ONLY,unified/pass,PASS,14.7089515000183,13.80033546228349,-0.9086160377348094,True,True,True,0,0,0,0,-0.913415746172999,TARGET_PRESERVED,0.9,1.0,0.09999999999999998,0.089,0.0,False,0.0,0.0,80000,8a015e3f860296dd3aca796cda326c3703d87c07b3f719b51b1eb7fb9b7d4abb
FMNoiseSaopin|jsr=20|seed=10313|center=1000|Oracle_FrFT_UpperBound,FMNoiseSaopin,20.0,10313,1000,Oracle_FrFT_UpperBound,ORACLE_DIAGNOSTIC_ONLY;NOT_FAIR;NOT_RL_ELIGIBLE,ORACLE_DIAGNOSTIC_ONLY,unified/pass,PASS,12.235091655633921,10.21245283755994,-2.0226388180739807,False,False,False,7,71,0,0,-0.9134157461729969,TARGET_PRESERVED,0.9,1.0,0.09999999999999998,0.089,0.4305239905553822,False,0.0,0.0,80000,8a015e3f860296dd3aca796cda326c3703d87c07b3f719b51b1eb7fb9b7d4abb
FMNoiseSaopin|jsr=20|seed=10313|center=1500|Oracle_FrFT_UpperBound,FMNoiseSaopin,20.0,10313,1500,Oracle_FrFT_UpperBound,ORACLE_DIAGNOSTIC_ONLY;NOT_FAIR;NOT_RL_ELIGIBLE,ORACLE_DIAGNOSTIC_ONLY,unified/pass,PASS,10.744168483781465,9.84924896602315,-0.8949195177583142,True,True,True,0,492,0,0,-0.913415746172999,TARGET_PRESERVED,0.9,1.0,0.09999999999999998,0.089,0.024190298656156354,False,0.0,0.0,80000,8a015e3f860296dd3aca796cda326c3703d87c07b3f719b51b1eb7fb9b7d4abb
FMNoiseSaopin|jsr=20|seed=10313|center=2500|Oracle_FrFT_UpperBound,FMNoiseSaopin,20.0,10313,2500,Oracle_FrFT_UpperBound,ORACLE_DIAGNOSTIC_ONLY;NOT_FAIR;NOT_RL_ELIGIBLE,ORACLE_DIAGNOSTIC_ONLY,unified/pass,PASS,10.674331773725449,9.75863860523227,-0.9156931684931795,True,True,True,0,1492,1,0,-0.913415746172999,TARGET_PRESERVED,0.9,1.0,0.09999999999999998,0.089,0.0,False,0.0,0.0,80000,8a015e3f860296dd3aca796cda326c3703d87c07b3f719b51b1eb7fb9b7d4abb
FMNoiseSaopin|jsr=20|seed=10313|center=3500|Oracle_FrFT_UpperBound,FMNoiseSaopin,20.0,10313,3500,Oracle_FrFT_UpperBound,ORACLE_DIAGNOSTIC_ONLY;NOT_FAIR;NOT_RL_ELIGIBLE,ORACLE_DIAGNOSTIC_ONLY,unified/pass,PASS,10.709116374946277,9.827240323411296,-0.8818760515349808,True,True,True,0,2492,1,0,-0.913415746172999,TARGET_PRESERVED,0.9,1.0,0.09999999999999998,0.089,0.0,False,0.0,0.0,80000,8a015e3f860296dd3aca796cda326c3703d87c07b3f719b51b1eb7fb9b7d4abb
FMNoiseSaopin|jsr=20|seed=10313|center=4000|Oracle_FrFT_UpperBound,FMNoiseSaopin,20.0,10313,4000,Oracle_FrFT_UpperBound,ORACLE_DIAGNOSTIC_ONLY;NOT_FAIR;NOT_RL_ELIGIBLE,ORACLE_DIAGNOSTIC_ONLY,unified/pass,PASS,10.852623872767452,9.934891934606856,-0.9177319381605962,True,True,True,0,2992,1,0,-0.913415746172999,TARGET_PRESERVED,0.9,1.0,0.09999999999999998,0.089,0.0,False,0.0,0.0,80000,8a015e3f860296dd3aca796cda326c3703d87c07b3f719b51b1eb7fb9b7d4abb
FMNoiseSaopin|jsr=20|seed=10314|center=1000|Oracle_FrFT_UpperBound,FMNoiseSaopin,20.0,10314,1000,Oracle_FrFT_UpperBound,ORACLE_DIAGNOSTIC_ONLY;NOT_FAIR;NOT_RL_ELIGIBLE,ORACLE_DIAGNOSTIC_ONLY,unified/pass,PASS,14.812291067053929,14.38932987700283,-0.4229611900510992,True,True,True,0,1,0,0,-0.9134157461729969,TARGET_PRESERVED,0.9,1.0,0.09999999999999998,0.089,0.18297297004495272,False,0.0,0.0,80000,8a015e3f860296dd3aca796cda326c3703d87c07b3f719b51b1eb7fb9b7d4abb
FMNoiseSaopin|jsr=20|seed=10314|center=1500|Oracle_FrFT_UpperBound,FMNoiseSaopin,20.0,10314,1500,Oracle_FrFT_UpperBound,ORACLE_DIAGNOSTIC_ONLY;NOT_FAIR;NOT_RL_ELIGIBLE,ORACLE_DIAGNOSTIC_ONLY,unified/pass,PASS,14.72198674210204,13.559338420894205,-1.1626483212078345,True,True,True,0,0,0,0,-0.913415746172999,TARGET_PRESERVED,0.9,1.0,0.09999999999999998,0.089,0.024949936403463848,False,0.0,0.0,80000,8a015e3f860296dd3aca796cda326c3703d87c07b3f719b51b1eb7fb9b7d4abb
FMNoiseSaopin|jsr=20|seed=10314|center=2500|Oracle_FrFT_UpperBound,FMNoiseSaopin,20.0,10314,2500,Oracle_FrFT_UpperBound,ORACLE_DIAGNOSTIC_ONLY;NOT_FAIR;NOT_RL_ELIGIBLE,ORACLE_DIAGNOSTIC_ONLY,unified/pass,PASS,14.740158483903096,13.822029262364865,-0.9181292215382317,True,True,True,0,0,1,0,-0.913415746172999,TARGET_PRESERVED,0.9,1.0,0.09999999999999998,0.089,0.0,False,0.0,0.0,80000,8a015e3f860296dd3aca796cda326c3703d87c07b3f719b51b1eb7fb9b7d4abb
FMNoiseSaopin|jsr=20|seed=10314|center=3500|Oracle_FrFT_UpperBound,FMNoiseSaopin,20.0,10314,3500,Oracle_FrFT_UpperBound,ORACLE_DIAGNOSTIC_ONLY;NOT_FAIR;NOT_RL_ELIGIBLE,ORACLE_DIAGNOSTIC_ONLY,unified/pass,PASS,14.79727608442398,13.89144570336552,-0.9058303810584611,True,True,True,0,0,1,0,-0.913415746172999,TARGET_PRESERVED,0.9,1.0,0.09999999999999998,0.089,0.0,False,0.0,0.0,80000,8a015e3f860296dd3aca796cda326c3703d87c07b3f719b51b1eb7fb9b7d4abb
FMNoiseSaopin|jsr=20|seed=10314|center=4000|Oracle_FrFT_UpperBound,FMNoiseSaopin,20.0,10314,4000,Oracle_FrFT_UpperBound,ORACLE_DIAGNOSTIC_ONLY;NOT_FAIR;NOT_RL_ELIGIBLE,ORACLE_DIAGNOSTIC_ONLY,unified/pass,PASS,14.754331854642002,13.830364407036537,-0.9239674476054649,True,True,True,0,0,0,0,-0.913415746172999,TARGET_PRESERVED,0.9,1.0,0.09999999999999998,0.089,0.0,False,0.0,0.0,80000,8a015e3f860296dd3aca796cda326c3703d87c07b3f719b51b1eb7fb9b7d4abb
FMNoiseSaopin|jsr=20|seed=10315|center=1000|Oracle_FrFT_UpperBound,FMNoiseSaopin,20.0,10315,1000,Oracle_FrFT_UpperBound,ORACLE_DIAGNOSTIC_ONLY;NOT_FAIR;NOT_RL_ELIGIBLE,ORACLE_DIAGNOSTIC_ONLY,unified/pass,PASS,13.073852221764263,11.712464951590313,-1.3613872701739496,False,False,False,4,5,0,0,-0.9134157461729969,TARGET_PRESERVED,0.9,1.0,0.09999999999999998,0.089,0.4068706093018584,False,0.0,0.0,80000,8a015e3f860296dd3aca796cda326c3703d87c07b3f719b51b1eb7fb9b7d4abb
FMNoiseSaopin|jsr=20|seed=10315|center=1500|Oracle_FrFT_UpperBound,FMNoiseSaopin,20.0,10315,1500,Oracle_FrFT_UpperBound,ORACLE_DIAGNOSTIC_ONLY;NOT_FAIR;NOT_RL_ELIGIBLE,ORACLE_DIAGNOSTIC_ONLY,unified/pass,PASS,11.023912723695656,10.087961236033163,-0.9359514876624928,True,True,True,0,0,0,0,-0.913415746172999,TARGET_PRESERVED,0.9,1.0,0.09999999999999998,0.089,0.027478308665825957,False,0.0,0.0,80000,8a015e3f860296dd3aca796cda326c3703d87c07b3f719b51b1eb7fb9b7d4abb
FMNoiseSaopin|jsr=20|seed=10315|center=2500|Oracle_FrFT_UpperBound,FMNoiseSaopin,20.0,10315,2500,Oracle_FrFT_UpperBound,ORACLE_DIAGNOSTIC_ONLY;NOT_FAIR;NOT_RL_ELIGIBLE,ORACLE_DIAGNOSTIC_ONLY,unified/pass,PASS,11.172193327606754,10.266824739366363,-0.9053685882403908,True,True,True,0,0,0,0,-0.913415746172999,TARGET_PRESERVED,0.9,1.0,0.09999999999999998,0.089,0.0,False,0.0,0.0,80000,8a015e3f860296dd3aca796cda326c3703d87c07b3f719b51b1eb7fb9b7d4abb
FMNoiseSaopin|jsr=20|seed=10315|center=3500|Oracle_FrFT_UpperBound,FMNoiseSaopin,20.0,10315,3500,Oracle_FrFT_UpperBound,ORACLE_DIAGNOSTIC_ONLY;NOT_FAIR;NOT_RL_ELIGIBLE,ORACLE_DIAGNOSTIC_ONLY,unified/pass,PASS,10.967210855264597,10.054306234574192,-0.912904620690405,True,True,True,0,0,0,0,-0.913415746172999,TARGET_PRESERVED,0.9,1.0,0.09999999999999998,0.089,0.0,False,0.0,0.0,80000,8a015e3f860296dd3aca796cda326c3703d87c07b3f719b51b1eb7fb9b7d4abb
FMNoiseSaopin|jsr=20|seed=10315|center=4000|Oracle_FrFT_UpperBound,FMNoiseSaopin,20.0,10315,4000,Oracle_FrFT_UpperBound,ORACLE_DIAGNOSTIC_ONLY;NOT_FAIR;NOT_RL_ELIGIBLE,ORACLE_DIAGNOSTIC_ONLY,unified/pass,PASS,11.069297483863558,10.159522143266242,-0.9097753405973155,True,True,True,0,0,0,0,-0.913415746172999,TARGET_PRESERVED,0.9,1.0,0.09999999999999998,0.089,0.0,False,0.0,0.0,80000,8a015e3f860296dd3aca796cda326c3703d87c07b3f719b51b1eb7fb9b7d4abb
FMNoiseSaopin|jsr=20|seed=10316|center=1000|Oracle_FrFT_UpperBound,FMNoiseSaopin,20.0,10316,1000,Oracle_FrFT_UpperBound,ORACLE_DIAGNOSTIC_ONLY;NOT_FAIR;NOT_RL_ELIGIBLE,ORACLE_DIAGNOSTIC_ONLY,unified/pass,PASS,12.178478078114967,10.814370193727283,-1.3641078843876837,True,False,True,1,3,1,0,-0.9134157461729969,TARGET_PRESERVED,0.9,1.0,0.09999999999999998,0.089,0.5035699141144044,False,0.0,0.0,80000,8a015e3f860296dd3aca796cda326c3703d87c07b3f719b51b1eb7fb9b7d4abb
FMNoiseSaopin|jsr=20|seed=10316|center=1500|Oracle_FrFT_UpperBound,FMNoiseSaopin,20.0,10316,1500,Oracle_FrFT_UpperBound,ORACLE_DIAGNOSTIC_ONLY;NOT_FAIR;NOT_RL_ELIGIBLE,ORACLE_DIAGNOSTIC_ONLY,unified/pass,PASS,10.03087796470867,9.104976850509477,-0.9259011141991937,True,True,True,0,709,1,0,-0.913415746172999,TARGET_PRESERVED,0.9,1.0,0.09999999999999998,0.089,0.048456048260375466,False,0.0,0.0,80000,8a015e3f860296dd3aca796cda326c3703d87c07b3f719b51b1eb7fb9b7d4abb
FMNoiseSaopin|jsr=20|seed=10316|center=2500|Oracle_FrFT_UpperBound,FMNoiseSaopin,20.0,10316,2500,Oracle_FrFT_UpperBound,ORACLE_DIAGNOSTIC_ONLY;NOT_FAIR;NOT_RL_ELIGIBLE,ORACLE_DIAGNOSTIC_ONLY,unified/pass,PASS,10.102045876072744,9.168172251323242,-0.9338736247495021,True,True,True,0,1707,1,0,-0.913415746172999,TARGET_PRESERVED,0.9,1.0,0.09999999999999998,0.089,0.0,False,0.0,0.0,80000,8a015e3f860296dd3aca796cda326c3703d87c07b3f719b51b1eb7fb9b7d4abb
FMNoiseSaopin|jsr=20|seed=10316|center=3500|Oracle_FrFT_UpperBound,FMNoiseSaopin,20.0,10316,3500,Oracle_FrFT_UpperBound,ORACLE_DIAGNOSTIC_ONLY;NOT_FAIR;NOT_RL_ELIGIBLE,ORACLE_DIAGNOSTIC_ONLY,unified/pass,PASS,10.097122960676966,9.16893915270401,-0.9281838079729567,True,True,True,0,2707,1,1,-0.913415746172999,TARGET_PRESERVED,0.9,1.0,0.09999999999999998,0.089,0.0,False,0.0,0.0,80000,8a015e3f860296dd3aca796cda326c3703d87c07b3f719b51b1eb7fb9b7d4abb
FMNoiseSaopin|jsr=20|seed=10316|center=4000|Oracle_FrFT_UpperBound,FMNoiseSaopin,20.0,10316,4000,Oracle_FrFT_UpperBound,ORACLE_DIAGNOSTIC_ONLY;NOT_FAIR;NOT_RL_ELIGIBLE,ORACLE_DIAGNOSTIC_ONLY,unified/pass,PASS,10.121920515953427,9.191315012495995,-0.9306055034574321,True,True,True,0,0,2,1,-0.913415746172999,TARGET_PRESERVED,0.9,1.0,0.09999999999999998,0.089,0.0,False,0.0,0.0,80000,8a015e3f860296dd3aca796cda326c3703d87c07b3f719b51b1eb7fb9b7d4abb
FMNoiseSaopin|jsr=20|seed=10317|center=1000|Oracle_FrFT_UpperBound,FMNoiseSaopin,20.0,10317,1000,Oracle_FrFT_UpperBound,ORACLE_DIAGNOSTIC_ONLY;NOT_FAIR;NOT_RL_ELIGIBLE,ORACLE_DIAGNOSTIC_ONLY,unified/pass,PASS,14.550637215909319,12.947528714695924,-1.603108501213395,True,True,True,0,745,1,1,-0.9134157461729969,TARGET_PRESERVED,0.9,1.0,0.09999999999999998,0.089,0.20209030533298433,False,0.0,0.0,80000,8a015e3f860296dd3aca796cda326c3703d87c07b3f719b51b1eb7fb9b7d4abb
FMNoiseSaopin|jsr=20|seed=10317|center=1500|Oracle_FrFT_UpperBound,FMNoiseSaopin,20.0,10317,1500,Oracle_FrFT_UpperBound,ORACLE_DIAGNOSTIC_ONLY;NOT_FAIR;NOT_RL_ELIGIBLE,ORACLE_DIAGNOSTIC_ONLY,unified/pass,PASS,14.962577838496118,14.138774138465017,-0.8238037000311014,True,True,True,0,0,0,0,-0.913415746172999,TARGET_PRESERVED,0.9,1.0,0.09999999999999998,0.089,0.02542125296813817,False,0.0,0.0,80000,8a015e3f860296dd3aca796cda326c3703d87c07b3f719b51b1eb7fb9b7d4abb
FMNoiseSaopin|jsr=20|seed=10317|center=2500|Oracle_FrFT_UpperBound,FMNoiseSaopin,20.0,10317,2500,Oracle_FrFT_UpperBound,ORACLE_DIAGNOSTIC_ONLY;NOT_FAIR;NOT_RL_ELIGIBLE,ORACLE_DIAGNOSTIC_ONLY,unified/pass,PASS,14.913248259118747,13.985905346269693,-0.9273429128490545,True,True,True,0,0,0,0,-0.913415746172999,TARGET_PRESERVED,0.9,1.0,0.09999999999999998,0.089,0.0,False,0.0,0.0,80000,8a015e3f860296dd3aca796cda326c3703d87c07b3f719b51b1eb7fb9b7d4abb
FMNoiseSaopin|jsr=20|seed=10317|center=3500|Oracle_FrFT_UpperBound,FMNoiseSaopin,20.0,10317,3500,Oracle_FrFT_UpperBound,ORACLE_DIAGNOSTIC_ONLY;NOT_FAIR;NOT_RL_ELIGIBLE,ORACLE_DIAGNOSTIC_ONLY,unified/pass,PASS,14.86247139983268,13.927447547408505,-0.935023852424175,True,True,True,0,0,1,2,-0.913415746172999,TARGET_PRESERVED,0.9,1.0,0.09999999999999998,0.089,0.0,False,0.0,0.0,80000,8a015e3f860296dd3aca796cda326c3703d87c07b3f719b51b1eb7fb9b7d4abb
FMNoiseSaopin|jsr=20|seed=10317|center=4000|Oracle_FrFT_UpperBound,FMNoiseSaopin,20.0,10317,4000,Oracle_FrFT_UpperBound,ORACLE_DIAGNOSTIC_ONLY;NOT_FAIR;NOT_RL_ELIGIBLE,ORACLE_DIAGNOSTIC_ONLY,unified/pass,PASS,14.911456775578129,13.987003658729284,-0.924453116848845,True,True,True,0,0,1,1,-0.913415746172999,TARGET_PRESERVED,0.9,1.0,0.09999999999999998,0.089,0.0,False,0.0,0.0,80000,8a015e3f860296dd3aca796cda326c3703d87c07b3f719b51b1eb7fb9b7d4abb
FMNoiseSaopin|jsr=20|seed=10318|center=1000|Oracle_FrFT_UpperBound,FMNoiseSaopin,20.0,10318,1000,Oracle_FrFT_UpperBound,ORACLE_DIAGNOSTIC_ONLY;NOT_FAIR;NOT_RL_ELIGIBLE,ORACLE_DIAGNOSTIC_ONLY,unified/pass,PASS,11.772174042985666,10.699259104416289,-1.0729149385693777,False,False,False,6,70,1,0,-0.9134157461729969,TARGET_PRESERVED,0.9,1.0,0.09999999999999998,0.089,0.4208925448176927,False,0.0,0.0,80000,8a015e3f860296dd3aca796cda326c3703d87c07b3f719b51b1eb7fb9b7d4abb
FMNoiseSaopin|jsr=20|seed=10318|center=1500|Oracle_FrFT_UpperBound,FMNoiseSaopin,20.0,10318,1500,Oracle_FrFT_UpperBound,ORACLE_DIAGNOSTIC_ONLY;NOT_FAIR;NOT_RL_ELIGIBLE,ORACLE_DIAGNOSTIC_ONLY,unified/pass,PASS,10.747972443758297,9.829012700271825,-0.9189597434864716,True,True,True,0,467,0,0,-0.913415746172999,TARGET_PRESERVED,0.9,1.0,0.09999999999999998,0.089,0.03320326083121347,False,0.0,0.0,80000,8a015e3f860296dd3aca796cda326c3703d87c07b3f719b51b1eb7fb9b7d4abb
FMNoiseSaopin|jsr=20|seed=10318|center=2500|Oracle_FrFT_UpperBound,FMNoiseSaopin,20.0,10318,2500,Oracle_FrFT_UpperBound,ORACLE_DIAGNOSTIC_ONLY;NOT_FAIR;NOT_RL_ELIGIBLE,ORACLE_DIAGNOSTIC_ONLY,unified/pass,PASS,10.756931565527248,9.825621317101753,-0.9313102484254951,True,True,True,0,1466,1,0,-0.913415746172999,TARGET_PRESERVED,0.9,1.0,0.09999999999999998,0.089,0.0,False,0.0,0.0,80000,8a015e3f860296dd3aca796cda326c3703d87c07b3f719b51b1eb7fb9b7d4abb
FMNoiseSaopin|jsr=20|seed=10318|center=3500|Oracle_FrFT_UpperBound,FMNoiseSaopin,20.0,10318,3500,Oracle_FrFT_UpperBound,ORACLE_DIAGNOSTIC_ONLY;NOT_FAIR;NOT_RL_ELIGIBLE,ORACLE_DIAGNOSTIC_ONLY,unified/pass,PASS,10.90775740308219,9.961659558027215,-0.9460978450549753,True,True,True,0,2466,2,1,-0.913415746172999,TARGET_PRESERVED,0.9,1.0,0.09999999999999998,0.089,0.0,False,0.0,0.0,80000,8a015e3f860296dd3aca796cda326c3703d87c07b3f719b51b1eb7fb9b7d4abb
FMNoiseSaopin|jsr=20|seed=10318|center=4000|Oracle_FrFT_UpperBound,FMNoiseSaopin,20.0,10318,4000,Oracle_FrFT_UpperBound,ORACLE_DIAGNOSTIC_ONLY;NOT_FAIR;NOT_RL_ELIGIBLE,ORACLE_DIAGNOSTIC_ONLY,unified/pass,PASS,10.903574030458048,9.963394418916295,-0.9401796115417529,True,True,True,0,2966,1,1,-0.913415746172999,TARGET_PRESERVED,0.9,1.0,0.09999999999999998,0.089,0.0,False,0.0,0.0,80000,8a015e3f860296dd3aca796cda326c3703d87c07b3f719b51b1eb7fb9b7d4abb
FMNoiseSaopin|jsr=20|seed=10319|center=1000|Oracle_FrFT_UpperBound,FMNoiseSaopin,20.0,10319,1000,Oracle_FrFT_UpperBound,ORACLE_DIAGNOSTIC_ONLY;NOT_FAIR;NOT_RL_ELIGIBLE,ORACLE_DIAGNOSTIC_ONLY,unified/pass,PASS,15.088466005460548,15.194381834639042,0.10591582917849429,True,True,True,0,0,1,1,-0.9134157461729969,TARGET_PRESERVED,0.9,1.0,0.09999999999999998,0.089,0.15671370099295714,False,0.0,0.0,80000,8a015e3f860296dd3aca796cda326c3703d87c07b3f719b51b1eb7fb9b7d4abb
FMNoiseSaopin|jsr=20|seed=10319|center=1500|Oracle_FrFT_UpperBound,FMNoiseSaopin,20.0,10319,1500,Oracle_FrFT_UpperBound,ORACLE_DIAGNOSTIC_ONLY;NOT_FAIR;NOT_RL_ELIGIBLE,ORACLE_DIAGNOSTIC_ONLY,unified/pass,PASS,14.896391283488743,14.022796673112,-0.8735946103767436,True,True,True,0,0,1,1,-0.913415746172999,TARGET_PRESERVED,0.9,1.0,0.09999999999999998,0.089,0.02496575890323473,False,0.0,0.0,80000,8a015e3f860296dd3aca796cda326c3703d87c07b3f719b51b1eb7fb9b7d4abb
FMNoiseSaopin|jsr=20|seed=10319|center=2500|Oracle_FrFT_UpperBound,FMNoiseSaopin,20.0,10319,2500,Oracle_FrFT_UpperBound,ORACLE_DIAGNOSTIC_ONLY;NOT_FAIR;NOT_RL_ELIGIBLE,ORACLE_DIAGNOSTIC_ONLY,unified/pass,PASS,14.807974844212975,13.903679207383323,-0.9042956368296515,True,True,True,0,0,0,0,-0.913415746172999,TARGET_PRESERVED,0.9,1.0,0.09999999999999998,0.089,0.0,False,0.0,0.0,80000,8a015e3f860296dd3aca796cda326c3703d87c07b3f719b51b1eb7fb9b7d4abb
FMNoiseSaopin|jsr=20|seed=10319|center=3500|Oracle_FrFT_UpperBound,FMNoiseSaopin,20.0,10319,3500,Oracle_FrFT_UpperBound,ORACLE_DIAGNOSTIC_ONLY;NOT_FAIR;NOT_RL_ELIGIBLE,ORACLE_DIAGNOSTIC_ONLY,unified/pass,PASS,14.953620961694225,14.018190097783814,-0.9354308639104119,True,True,True,0,0,0,0,-0.913415746172999,TARGET_PRESERVED,0.9,1.0,0.09999999999999998,0.089,0.0,False,0.0,0.0,80000,8a015e3f860296dd3aca796cda326c3703d87c07b3f719b51b1eb7fb9b7d4abb
FMNoiseSaopin|jsr=20|seed=10319|center=4000|Oracle_FrFT_UpperBound,FMNoiseSaopin,20.0,10319,4000,Oracle_FrFT_UpperBound,ORACLE_DIAGNOSTIC_ONLY;NOT_FAIR;NOT_RL_ELIGIBLE,ORACLE_DIAGNOSTIC_ONLY,unified/pass,PASS,14.908729257172197,13.990124994054927,-0.9186042631172704,True,True,True,0,0,1,1,-0.913415746172999,TARGET_PRESERVED,0.9,1.0,0.09999999999999998,0.089,0.0,False,0.0,0.0,80000,8a015e3f860296dd3aca796cda326c3703d87c07b3f719b51b1eb7fb9b7d4abb
FMNoiseSaopin|jsr=20|seed=10320|center=1000|Oracle_FrFT_UpperBound,FMNoiseSaopin,20.0,10320,1000,Oracle_FrFT_UpperBound,ORACLE_DIAGNOSTIC_ONLY;NOT_FAIR;NOT_RL_ELIGIBLE,ORACLE_DIAGNOSTIC_ONLY,unified/pass,PASS,29.666184701358468,27.47969385120313,-2.1864908501553373,True,False,True,0,0,0,0,-0.9134157461729969,TARGET_PRESERVED,0.9,1.0,0.09999999999999998,0.089,0.04060476446316699,False,0.0,0.0,80000,8a015e3f860296dd3aca796cda326c3703d87c07b3f719b51b1eb7fb9b7d4abb
FMNoiseSaopin|jsr=20|seed=10320|center=1500|Oracle_FrFT_UpperBound,FMNoiseSaopin,20.0,10320,1500,Oracle_FrFT_UpperBound,ORACLE_DIAGNOSTIC_ONLY;NOT_FAIR;NOT_RL_ELIGIBLE,ORACLE_DIAGNOSTIC_ONLY,unified/pass,PASS,29.336754052365784,27.551602420068086,-1.7851516322976977,True,True,True,0,0,0,0,-0.913415746172999,TARGET_PRESERVED,0.9,1.0,0.09999999999999998,0.089,0.022642165498946994,False,0.0,0.0,80000,8a015e3f860296dd3aca796cda326c3703d87c07b3f719b51b1eb7fb9b7d4abb
FMNoiseSaopin|jsr=20|seed=10320|center=2500|Oracle_FrFT_UpperBound,FMNoiseSaopin,20.0,10320,2500,Oracle_FrFT_UpperBound,ORACLE_DIAGNOSTIC_ONLY;NOT_FAIR;NOT_RL_ELIGIBLE,ORACLE_DIAGNOSTIC_ONLY,unified/pass,PASS,29.298683836473852,28.19612707781588,-1.1025567586579719,True,True,True,0,0,0,0,-0.913415746172999,TARGET_PRESERVED,0.9,1.0,0.09999999999999998,0.089,0.0,False,0.0,0.0,80000,8a015e3f860296dd3aca796cda326c3703d87c07b3f719b51b1eb7fb9b7d4abb
FMNoiseSaopin|jsr=20|seed=10320|center=3500|Oracle_FrFT_UpperBound,FMNoiseSaopin,20.0,10320,3500,Oracle_FrFT_UpperBound,ORACLE_DIAGNOSTIC_ONLY;NOT_FAIR;NOT_RL_ELIGIBLE,ORACLE_DIAGNOSTIC_ONLY,unified/pass,PASS,29.53596618543772,28.4154331066887,-1.1205330787490198,True,True,True,0,0,0,0,-0.913415746172999,TARGET_PRESERVED,0.9,1.0,0.09999999999999998,0.089,0.0,False,0.0,0.0,80000,8a015e3f860296dd3aca796cda326c3703d87c07b3f719b51b1eb7fb9b7d4abb
FMNoiseSaopin|jsr=20|seed=10320|center=4000|Oracle_FrFT_UpperBound,FMNoiseSaopin,20.0,10320,4000,Oracle_FrFT_UpperBound,ORACLE_DIAGNOSTIC_ONLY;NOT_FAIR;NOT_RL_ELIGIBLE,ORACLE_DIAGNOSTIC_ONLY,unified/pass,PASS,29.421447742462455,28.288281149490047,-1.1331665929724082,True,True,True,0,0,0,0,-0.913415746172999,TARGET_PRESERVED,0.9,1.0,0.09999999999999998,0.089,0.0,False,0.0,0.0,80000,8a015e3f860296dd3aca796cda326c3703d87c07b3f719b51b1eb7fb9b7d4abb
FMNoiseSaopin|jsr=20|seed=10321|center=1000|Oracle_FrFT_UpperBound,FMNoiseSaopin,20.0,10321,1000,Oracle_FrFT_UpperBound,ORACLE_DIAGNOSTIC_ONLY;NOT_FAIR;NOT_RL_ELIGIBLE,ORACLE_DIAGNOSTIC_ONLY,unified/pass,PASS,11.014268603796689,9.534349348208412,-1.4799192555882765,False,False,False,5,311,2,2,-0.9134157461729969,TARGET_PRESERVED,0.9,1.0,0.09999999999999998,0.089,0.41757169263902344,False,0.0,0.0,80000,8a015e3f860296dd3aca796cda326c3703d87c07b3f719b51b1eb7fb9b7d4abb
FMNoiseSaopin|jsr=20|seed=10321|center=1500|Oracle_FrFT_UpperBound,FMNoiseSaopin,20.0,10321,1500,Oracle_FrFT_UpperBound,ORACLE_DIAGNOSTIC_ONLY;NOT_FAIR;NOT_RL_ELIGIBLE,ORACLE_DIAGNOSTIC_ONLY,unified/pass,PASS,10.946794000783033,10.028256461477923,-0.9185375393051096,True,True,True,0,711,2,2,-0.913415746172999,TARGET_PRESERVED,0.9,1.0,0.09999999999999998,0.089,0.0277740233289472,False,0.0,0.0,80000,8a015e3f860296dd3aca796cda326c3703d87c07b3f719b51b1eb7fb9b7d4abb
FMNoiseSaopin|jsr=20|seed=10321|center=2500|Oracle_FrFT_UpperBound,FMNoiseSaopin,20.0,10321,2500,Oracle_FrFT_UpperBound,ORACLE_DIAGNOSTIC_ONLY;NOT_FAIR;NOT_RL_ELIGIBLE,ORACLE_DIAGNOSTIC_ONLY,unified/pass,PASS,11.049851523692242,10.154052954376375,-0.8957985693158665,True,True,True,0,1713,1,1,-0.913415746172999,TARGET_PRESERVED,0.9,1.0,0.09999999999999998,0.089,0.0,False,0.0,0.0,80000,8a015e3f860296dd3aca796cda326c3703d87c07b3f719b51b1eb7fb9b7d4abb
FMNoiseSaopin|jsr=20|seed=10321|center=3500|Oracle_FrFT_UpperBound,FMNoiseSaopin,20.0,10321,3500,Oracle_FrFT_UpperBound,ORACLE_DIAGNOSTIC_ONLY;NOT_FAIR;NOT_RL_ELIGIBLE,ORACLE_DIAGNOSTIC_ONLY,unified/pass,PASS,10.957498312339455,10.092592527563873,-0.8649057847755817,True,True,True,0,2713,1,0,-0.913415746172999,TARGET_PRESERVED,0.9,1.0,0.09999999999999998,0.089,0.0,False,0.0,0.0,80000,8a015e3f860296dd3aca796cda326c3703d87c07b3f719b51b1eb7fb9b7d4abb
FMNoiseSaopin|jsr=20|seed=10321|center=4000|Oracle_FrFT_UpperBound,FMNoiseSaopin,20.0,10321,4000,Oracle_FrFT_UpperBound,ORACLE_DIAGNOSTIC_ONLY;NOT_FAIR;NOT_RL_ELIGIBLE,ORACLE_DIAGNOSTIC_ONLY,unified/pass,PASS,10.932760759968097,10.064637162016421,-0.8681235979516764,True,True,True,0,3213,0,0,-0.913415746172999,TARGET_PRESERVED,0.9,1.0,0.09999999999999998,0.089,0.0,False,0.0,0.0,80000,8a015e3f860296dd3aca796cda326c3703d87c07b3f719b51b1eb7fb9b7d4abb
FMNoiseSaopin|jsr=20|seed=10322|center=1000|Oracle_FrFT_UpperBound,FMNoiseSaopin,20.0,10322,1000,Oracle_FrFT_UpperBound,ORACLE_DIAGNOSTIC_ONLY;NOT_FAIR;NOT_RL_ELIGIBLE,ORACLE_DIAGNOSTIC_ONLY,unified/pass,PASS,30.460726319068282,28.089972629050074,-2.3707536900182085,True,True,True,0,0,1,1,-0.9134157461729969,TARGET_PRESERVED,0.9,1.0,0.09999999999999998,0.089,0.03816731855212064,False,0.0,0.0,80000,8a015e3f860296dd3aca796cda326c3703d87c07b3f719b51b1eb7fb9b7d4abb
FMNoiseSaopin|jsr=20|seed=10322|center=1500|Oracle_FrFT_UpperBound,FMNoiseSaopin,20.0,10322,1500,Oracle_FrFT_UpperBound,ORACLE_DIAGNOSTIC_ONLY;NOT_FAIR;NOT_RL_ELIGIBLE,ORACLE_DIAGNOSTIC_ONLY,unified/pass,PASS,30.376150860074183,28.423537008281407,-1.9526138517927762,True,True,True,0,0,1,1,-0.913415746172999,TARGET_PRESERVED,0.9,1.0,0.09999999999999998,0.089,0.023125542627455233,False,0.0,0.0,80000,8a015e3f860296dd3aca796cda326c3703d87c07b3f719b51b1eb7fb9b7d4abb
FMNoiseSaopin|jsr=20|seed=10322|center=2500|Oracle_FrFT_UpperBound,FMNoiseSaopin,20.0,10322,2500,Oracle_FrFT_UpperBound,ORACLE_DIAGNOSTIC_ONLY;NOT_FAIR;NOT_RL_ELIGIBLE,ORACLE_DIAGNOSTIC_ONLY,unified/pass,PASS,30.31005898022861,29.147720805893744,-1.1623381743348666,True,True,True,0,0,1,1,-0.913415746172999,TARGET_PRESERVED,0.9,1.0,0.09999999999999998,0.089,0.0,False,0.0,0.0,80000,8a015e3f860296dd3aca796cda326c3703d87c07b3f719b51b1eb7fb9b7d4abb
FMNoiseSaopin|jsr=20|seed=10322|center=3500|Oracle_FrFT_UpperBound,FMNoiseSaopin,20.0,10322,3500,Oracle_FrFT_UpperBound,ORACLE_DIAGNOSTIC_ONLY;NOT_FAIR;NOT_RL_ELIGIBLE,ORACLE_DIAGNOSTIC_ONLY,unified/pass,PASS,30.173574427570653,29.024467076855768,-1.1491073507148855,True,True,True,0,0,0,1,-0.913415746172999,TARGET_PRESERVED,0.9,1.0,0.09999999999999998,0.089,0.0,False,0.0,0.0,80000,8a015e3f860296dd3aca796cda326c3703d87c07b3f719b51b1eb7fb9b7d4abb
FMNoiseSaopin|jsr=20|seed=10322|center=4000|Oracle_FrFT_UpperBound,FMNoiseSaopin,20.0,10322,4000,Oracle_FrFT_UpperBound,ORACLE_DIAGNOSTIC_ONLY;NOT_FAIR;NOT_RL_ELIGIBLE,ORACLE_DIAGNOSTIC_ONLY,unified/pass,PASS,30.160599689041444,29.027241202794684,-1.1333584862467596,True,True,True,0,0,0,0,-0.913415746172999,TARGET_PRESERVED,0.9,1.0,0.09999999999999998,0.089,0.0,False,0.0,0.0,80000,8a015e3f860296dd3aca796cda326c3703d87c07b3f719b51b1eb7fb9b7d4abb
FMNoiseSaopin|jsr=20|seed=10323|center=1000|Oracle_FrFT_UpperBound,FMNoiseSaopin,20.0,10323,1000,Oracle_FrFT_UpperBound,ORACLE_DIAGNOSTIC_ONLY;NOT_FAIR;NOT_RL_ELIGIBLE,ORACLE_DIAGNOSTIC_ONLY,unified/pass,PASS,14.556539600712828,14.284499790335838,-0.2720398103769899,True,True,True,0,1,0,0,-0.9134157461729969,TARGET_PRESERVED,0.9,1.0,0.09999999999999998,0.089,0.19854202182722655,False,0.0,0.0,80000,8a015e3f860296dd3aca796cda326c3703d87c07b3f719b51b1eb7fb9b7d4abb
FMNoiseSaopin|jsr=20|seed=10323|center=1500|Oracle_FrFT_UpperBound,FMNoiseSaopin,20.0,10323,1500,Oracle_FrFT_UpperBound,ORACLE_DIAGNOSTIC_ONLY;NOT_FAIR;NOT_RL_ELIGIBLE,ORACLE_DIAGNOSTIC_ONLY,unified/pass,PASS,14.669210439705067,13.49057654510619,-1.1786338945988764,True,True,True,0,0,0,1,-0.913415746172999,TARGET_PRESERVED,0.9,1.0,0.09999999999999998,0.089,0.025218200899214716,False,0.0,0.0,80000,8a015e3f860296dd3aca796cda326c3703d87c07b3f719b51b1eb7fb9b7d4abb
FMNoiseSaopin|jsr=20|seed=10323|center=2500|Oracle_FrFT_UpperBound,FMNoiseSaopin,20.0,10323,2500,Oracle_FrFT_UpperBound,ORACLE_DIAGNOSTIC_ONLY;NOT_FAIR;NOT_RL_ELIGIBLE,ORACLE_DIAGNOSTIC_ONLY,unified/pass,PASS,14.665468807616488,13.744341532244684,-0.9211272753718038,True,True,True,0,0,0,0,-0.913415746172999,TARGET_PRESERVED,0.9,1.0,0.09999999999999998,0.089,0.0,False,0.0,0.0,80000,8a015e3f860296dd3aca796cda326c3703d87c07b3f719b51b1eb7fb9b7d4abb
FMNoiseSaopin|jsr=20|seed=10323|center=3500|Oracle_FrFT_UpperBound,FMNoiseSaopin,20.0,10323,3500,Oracle_FrFT_UpperBound,ORACLE_DIAGNOSTIC_ONLY;NOT_FAIR;NOT_RL_ELIGIBLE,ORACLE_DIAGNOSTIC_ONLY,unified/pass,PASS,14.623569743971679,13.673308676590656,-0.9502610673810228,True,True,True,0,0,0,0,-0.913415746172999,TARGET_PRESERVED,0.9,1.0,0.09999999999999998,0.089,0.0,False,0.0,0.0,80000,8a015e3f860296dd3aca796cda326c3703d87c07b3f719b51b1eb7fb9b7d4abb
FMNoiseSaopin|jsr=20|seed=10323|center=4000|Oracle_FrFT_UpperBound,FMNoiseSaopin,20.0,10323,4000,Oracle_FrFT_UpperBound,ORACLE_DIAGNOSTIC_ONLY;NOT_FAIR;NOT_RL_ELIGIBLE,ORACLE_DIAGNOSTIC_ONLY,unified/pass,PASS,14.67988665407248,13.779652764973463,-0.9002338890990167,True,True,True,0,0,0,0,-0.913415746172999,TARGET_PRESERVED,0.9,1.0,0.09999999999999998,0.089,0.0,False,0.0,0.0,80000,8a015e3f860296dd3aca796cda326c3703d87c07b3f719b51b1eb7fb9b7d4abb
FMNoiseSaopin|jsr=20|seed=10324|center=1000|Oracle_FrFT_UpperBound,FMNoiseSaopin,20.0,10324,1000,Oracle_FrFT_UpperBound,ORACLE_DIAGNOSTIC_ONLY;NOT_FAIR;NOT_RL_ELIGIBLE,ORACLE_DIAGNOSTIC_ONLY,unified/pass,PASS,11.385759492634008,10.104805889336761,-1.280953603297247,False,False,False,6,68,0,0,-0.9134157461729969,TARGET_PRESERVED,0.9,1.0,0.09999999999999998,0.089,0.44467054555345903,False,0.0,0.0,80000,8a015e3f860296dd3aca796cda326c3703d87c07b3f719b51b1eb7fb9b7d4abb
FMNoiseSaopin|jsr=20|seed=10324|center=1500|Oracle_FrFT_UpperBound,FMNoiseSaopin,20.0,10324,1500,Oracle_FrFT_UpperBound,ORACLE_DIAGNOSTIC_ONLY;NOT_FAIR;NOT_RL_ELIGIBLE,ORACLE_DIAGNOSTIC_ONLY,unified/pass,PASS,10.687287385618253,9.786727531261366,-0.9005598543568869,True,True,True,0,0,0,0,-0.913415746172999,TARGET_PRESERVED,0.9,1.0,0.09999999999999998,0.089,0.036971282700235156,False,0.0,0.0,80000,8a015e3f860296dd3aca796cda326c3703d87c07b3f719b51b1eb7fb9b7d4abb
FMNoiseSaopin|jsr=20|seed=10324|center=2500|Oracle_FrFT_UpperBound,FMNoiseSaopin,20.0,10324,2500,Oracle_FrFT_UpperBound,ORACLE_DIAGNOSTIC_ONLY;NOT_FAIR;NOT_RL_ELIGIBLE,ORACLE_DIAGNOSTIC_ONLY,unified/pass,PASS,10.636034852975122,9.722198419809839,-0.9138364331652831,True,True,True,0,2255,0,0,-0.913415746172999,TARGET_PRESERVED,0.9,1.0,0.09999999999999998,0.089,0.0,False,0.0,0.0,80000,8a015e3f860296dd3aca796cda326c3703d87c07b3f719b51b1eb7fb9b7d4abb
FMNoiseSaopin|jsr=20|seed=10324|center=3500|Oracle_FrFT_UpperBound,FMNoiseSaopin,20.0,10324,3500,Oracle_FrFT_UpperBound,ORACLE_DIAGNOSTIC_ONLY;NOT_FAIR;NOT_RL_ELIGIBLE,ORACLE_DIAGNOSTIC_ONLY,unified/pass,PASS,10.595997494230211,9.685302605630351,-0.9106948885998598,True,True,True,0,3255,0,0,-0.913415746172999,TARGET_PRESERVED,0.9,1.0,0.09999999999999998,0.089,0.0,False,0.0,0.0,80000,8a015e3f860296dd3aca796cda326c3703d87c07b3f719b51b1eb7fb9b7d4abb
FMNoiseSaopin|jsr=20|seed=10324|center=4000|Oracle_FrFT_UpperBound,FMNoiseSaopin,20.0,10324,4000,Oracle_FrFT_UpperBound,ORACLE_DIAGNOSTIC_ONLY;NOT_FAIR;NOT_RL_ELIGIBLE,ORACLE_DIAGNOSTIC_ONLY,unified/pass,PASS,10.650431599561879,9.732784009739616,-0.9176475898222627,True,True,True,0,3755,1,0,-0.913415746172999,TARGET_PRESERVED,0.9,1.0,0.09999999999999998,0.089,0.0,False,0.0,0.0,80000,8a015e3f860296dd3aca796cda326c3703d87c07b3f719b51b1eb7fb9b7d4abb
FMNoiseSaopin|jsr=20|seed=10325|center=1000|Oracle_FrFT_UpperBound,FMNoiseSaopin,20.0,10325,1000,Oracle_FrFT_UpperBound,ORACLE_DIAGNOSTIC_ONLY;NOT_FAIR;NOT_RL_ELIGIBLE,ORACLE_DIAGNOSTIC_ONLY,unified/pass,PASS,14.412005661078002,13.996446413773251,-0.4155592473047509,True,True,True,0,1,0,0,-0.9134157461729969,TARGET_PRESERVED,0.9,1.0,0.09999999999999998,0.089,0.17893816402105545,False,0.0,0.0,80000,8a015e3f860296dd3aca796cda326c3703d87c07b3f719b51b1eb7fb9b7d4abb
FMNoiseSaopin|jsr=20|seed=10325|center=1500|Oracle_FrFT_UpperBound,FMNoiseSaopin,20.0,10325,1500,Oracle_FrFT_UpperBound,ORACLE_DIAGNOSTIC_ONLY;NOT_FAIR;NOT_RL_ELIGIBLE,ORACLE_DIAGNOSTIC_ONLY,unified/pass,PASS,14.712740428315893,13.9970959828272,-0.7156444454886923,True,True,True,0,0,0,0,-0.913415746172999,TARGET_PRESERVED,0.9,1.0,0.09999999999999998,0.089,0.025484660108371266,False,0.0,0.0,80000,8a015e3f860296dd3aca796cda326c3703d87c07b3f719b51b1eb7fb9b7d4abb
FMNoiseSaopin|jsr=20|seed=10325|center=2500|Oracle_FrFT_UpperBound,FMNoiseSaopin,20.0,10325,2500,Oracle_FrFT_UpperBound,ORACLE_DIAGNOSTIC_ONLY;NOT_FAIR;NOT_RL_ELIGIBLE,ORACLE_DIAGNOSTIC_ONLY,unified/pass,PASS,14.905025332016335,13.998819811406957,-0.9062055206093778,True,True,True,0,0,0,0,-0.913415746172999,TARGET_PRESERVED,0.9,1.0,0.09999999999999998,0.089,0.0,False,0.0,0.0,80000,8a015e3f860296dd3aca796cda326c3703d87c07b3f719b51b1eb7fb9b7d4abb
FMNoiseSaopin|jsr=20|seed=10325|center=3500|Oracle_FrFT_UpperBound,FMNoiseSaopin,20.0,10325,3500,Oracle_FrFT_UpperBound,ORACLE_DIAGNOSTIC_ONLY;NOT_FAIR;NOT_RL_ELIGIBLE,ORACLE_DIAGNOSTIC_ONLY,unified/pass,PASS,14.78889636252664,13.836053861053605,-0.9528425014730342,True,True,True,0,0,0,0,-0.913415746172999,TARGET_PRESERVED,0.9,1.0,0.09999999999999998,0.089,0.0,False,0.0,0.0,80000,8a015e3f860296dd3aca796cda326c3703d87c07b3f719b51b1eb7fb9b7d4abb
FMNoiseSaopin|jsr=20|seed=10325|center=4000|Oracle_FrFT_UpperBound,FMNoiseSaopin,20.0,10325,4000,Oracle_FrFT_UpperBound,ORACLE_DIAGNOSTIC_ONLY;NOT_FAIR;NOT_RL_ELIGIBLE,ORACLE_DIAGNOSTIC_ONLY,unified/pass,PASS,14.80629929091242,13.863452775056729,-0.9428465158556918,True,True,True,0,0,0,0,-0.913415746172999,TARGET_PRESERVED,0.9,1.0,0.09999999999999998,0.089,0.0,False,0.0,0.0,80000,8a015e3f860296dd3aca796cda326c3703d87c07b3f719b51b1eb7fb9b7d4abb
FMNoiseSaopin|jsr=20|seed=10326|center=1000|Oracle_FrFT_UpperBound,FMNoiseSaopin,20.0,10326,1000,Oracle_FrFT_UpperBound,ORACLE_DIAGNOSTIC_ONLY;NOT_FAIR;NOT_RL_ELIGIBLE,ORACLE_DIAGNOSTIC_ONLY,unified/pass,PASS,12.07380582649995,10.948091406105489,-1.125714420394461,False,False,False,5,81,1,1,-0.9134157461729969,TARGET_PRESERVED,0.9,1.0,0.09999999999999998,0.089,0.4136524932984662,False,0.0,0.0,80000,8a015e3f860296dd3aca796cda326c3703d87c07b3f719b51b1eb7fb9b7d4abb
FMNoiseSaopin|jsr=20|seed=10326|center=1500|Oracle_FrFT_UpperBound,FMNoiseSaopin,20.0,10326,1500,Oracle_FrFT_UpperBound,ORACLE_DIAGNOSTIC_ONLY;NOT_FAIR;NOT_RL_ELIGIBLE,ORACLE_DIAGNOSTIC_ONLY,unified/pass,PASS,10.975044866133658,10.1003669263667,-0.8746779397669577,True,True,True,0,0,1,1,-0.913415746172999,TARGET_PRESERVED,0.9,1.0,0.09999999999999998,0.089,0.03036130827934502,False,0.0,0.0,80000,8a015e3f860296dd3aca796cda326c3703d87c07b3f719b51b1eb7fb9b7d4abb
FMNoiseSaopin|jsr=20|seed=10326|center=2500|Oracle_FrFT_UpperBound,FMNoiseSaopin,20.0,10326,2500,Oracle_FrFT_UpperBound,ORACLE_DIAGNOSTIC_ONLY;NOT_FAIR;NOT_RL_ELIGIBLE,ORACLE_DIAGNOSTIC_ONLY,unified/pass,PASS,10.975562151265624,10.03127898519419,-0.9442831660714344,True,True,True,0,0,0,0,-0.913415746172999,TARGET_PRESERVED,0.9,1.0,0.09999999999999998,0.089,0.0,False,0.0,0.0,80000,8a015e3f860296dd3aca796cda326c3703d87c07b3f719b51b1eb7fb9b7d4abb
FMNoiseSaopin|jsr=20|seed=10326|center=3500|Oracle_FrFT_UpperBound,FMNoiseSaopin,20.0,10326,3500,Oracle_FrFT_UpperBound,ORACLE_DIAGNOSTIC_ONLY;NOT_FAIR;NOT_RL_ELIGIBLE,ORACLE_DIAGNOSTIC_ONLY,unified/pass,PASS,10.93028252316759,10.014067060371838,-0.9162154627957513,True,True,True,0,0,1,1,-0.913415746172999,TARGET_PRESERVED,0.9,1.0,0.09999999999999998,0.089,0.0,False,0.0,0.0,80000,8a015e3f860296dd3aca796cda326c3703d87c07b3f719b51b1eb7fb9b7d4abb
FMNoiseSaopin|jsr=20|seed=10326|center=4000|Oracle_FrFT_UpperBound,FMNoiseSaopin,20.0,10326,4000,Oracle_FrFT_UpperBound,ORACLE_DIAGNOSTIC_ONLY;NOT_FAIR;NOT_RL_ELIGIBLE,ORACLE_DIAGNOSTIC_ONLY,unified/pass,PASS,10.985566401082432,10.077597585066972,-0.90796881601546,True,True,True,0,0,1,1,-0.913415746172999,TARGET_PRESERVED,0.9,1.0,0.09999999999999998,0.089,0.0,False,0.0,0.0,80000,8a015e3f860296dd3aca796cda326c3703d87c07b3f719b51b1eb7fb9b7d4abb
FMNoiseSaopin|jsr=20|seed=10327|center=1000|Oracle_FrFT_UpperBound,FMNoiseSaopin,20.0,10327,1000,Oracle_FrFT_UpperBound,ORACLE_DIAGNOSTIC_ONLY;NOT_FAIR;NOT_RL_ELIGIBLE,ORACLE_DIAGNOSTIC_ONLY,unified/pass,PASS,13.979178262481629,13.647421616225762,-0.331756646255867,False,False,False,2,1,0,0,-0.9134157461729969,TARGET_PRESERVED,0.9,1.0,0.09999999999999998,0.089,0.4006540284767654,False,0.0,0.0,80000,8a015e3f860296dd3aca796cda326c3703d87c07b3f719b51b1eb7fb9b7d4abb
FMNoiseSaopin|jsr=20|seed=10327|center=1500|Oracle_FrFT_UpperBound,FMNoiseSaopin,20.0,10327,1500,Oracle_FrFT_UpperBound,ORACLE_DIAGNOSTIC_ONLY;NOT_FAIR;NOT_RL_ELIGIBLE,ORACLE_DIAGNOSTIC_ONLY,unified/pass,PASS,11.04733508543178,10.109097038213172,-0.9382380472186078,True,True,True,0,0,0,0,-0.913415746172999,TARGET_PRESERVED,0.9,1.0,0.09999999999999998,0.089,0.02399229847157192,False,0.0,0.0,80000,8a015e3f860296dd3aca796cda326c3703d87c07b3f719b51b1eb7fb9b7d4abb
FMNoiseSaopin|jsr=20|seed=10327|center=2500|Oracle_FrFT_UpperBound,FMNoiseSaopin,20.0,10327,2500,Oracle_FrFT_UpperBound,ORACLE_DIAGNOSTIC_ONLY;NOT_FAIR;NOT_RL_ELIGIBLE,ORACLE_DIAGNOSTIC_ONLY,unified/pass,PASS,11.164816111863338,10.26717676913532,-0.8976393427280183,True,True,True,0,0,0,0,-0.913415746172999,TARGET_PRESERVED,0.9,1.0,0.09999999999999998,0.089,0.0,False,0.0,0.0,80000,8a015e3f860296dd3aca796cda326c3703d87c07b3f719b51b1eb7fb9b7d4abb
FMNoiseSaopin|jsr=20|seed=10327|center=3500|Oracle_FrFT_UpperBound,FMNoiseSaopin,20.0,10327,3500,Oracle_FrFT_UpperBound,ORACLE_DIAGNOSTIC_ONLY;NOT_FAIR;NOT_RL_ELIGIBLE,ORACLE_DIAGNOSTIC_ONLY,unified/pass,PASS,11.126726875091059,10.188444677427004,-0.938282197664055,True,True,True,0,0,0,1,-0.913415746172999,TARGET_PRESERVED,0.9,1.0,0.09999999999999998,0.089,0.0,False,0.0,0.0,80000,8a015e3f860296dd3aca796cda326c3703d87c07b3f719b51b1eb7fb9b7d4abb
FMNoiseSaopin|jsr=20|seed=10327|center=4000|Oracle_FrFT_UpperBound,FMNoiseSaopin,20.0,10327,4000,Oracle_FrFT_UpperBound,ORACLE_DIAGNOSTIC_ONLY;NOT_FAIR;NOT_RL_ELIGIBLE,ORACLE_DIAGNOSTIC_ONLY,unified/pass,PASS,11.132981265605341,10.192695515736684,-0.9402857498686572,True,True,True,0,0,0,0,-0.913415746172999,TARGET_PRESERVED,0.9,1.0,0.09999999999999998,0.089,0.0,False,0.0,0.0,80000,8a015e3f860296dd3aca796cda326c3703d87c07b3f719b51b1eb7fb9b7d4abb
FMNoiseSaopin|jsr=20|seed=10328|center=1000|Oracle_FrFT_UpperBound,FMNoiseSaopin,20.0,10328,1000,Oracle_FrFT_UpperBound,ORACLE_DIAGNOSTIC_ONLY;NOT_FAIR;NOT_RL_ELIGIBLE,ORACLE_DIAGNOSTIC_ONLY,unified/pass,PASS,14.743202581576075,12.918273411982922,-1.8249291695931529,True,True,True,0,1,0,0,-0.9134157461729969,TARGET_PRESERVED,0.9,1.0,0.09999999999999998,0.089,0.205435464331819,False,0.0,0.0,80000,8a015e3f860296dd3aca796cda326c3703d87c07b3f719b51b1eb7fb9b7d4abb
FMNoiseSaopin|jsr=20|seed=10328|center=1500|Oracle_FrFT_UpperBound,FMNoiseSaopin,20.0,10328,1500,Oracle_FrFT_UpperBound,ORACLE_DIAGNOSTIC_ONLY;NOT_FAIR;NOT_RL_ELIGIBLE,ORACLE_DIAGNOSTIC_ONLY,unified/pass,PASS,15.030623607494238,14.03709062324754,-0.9935329842466984,True,True,True,0,0,0,0,-0.913415746172999,TARGET_PRESERVED,0.9,1.0,0.09999999999999998,0.089,0.025190669422284102,False,0.0,0.0,80000,8a015e3f860296dd3aca796cda326c3703d87c07b3f719b51b1eb7fb9b7d4abb
FMNoiseSaopin|jsr=20|seed=10328|center=2500|Oracle_FrFT_UpperBound,FMNoiseSaopin,20.0,10328,2500,Oracle_FrFT_UpperBound,ORACLE_DIAGNOSTIC_ONLY;NOT_FAIR;NOT_RL_ELIGIBLE,ORACLE_DIAGNOSTIC_ONLY,unified/pass,PASS,14.929642315635984,13.996496233842917,-0.9331460817930672,True,True,True,0,0,0,0,-0.913415746172999,TARGET_PRESERVED,0.9,1.0,0.09999999999999998,0.089,0.0,False,0.0,0.0,80000,8a015e3f860296dd3aca796cda326c3703d87c07b3f719b51b1eb7fb9b7d4abb
FMNoiseSaopin|jsr=20|seed=10328|center=3500|Oracle_FrFT_UpperBound,FMNoiseSaopin,20.0,10328,3500,Oracle_FrFT_UpperBound,ORACLE_DIAGNOSTIC_ONLY;NOT_FAIR;NOT_RL_ELIGIBLE,ORACLE_DIAGNOSTIC_ONLY,unified/pass,PASS,14.910668685130421,13.984978254497149,-0.9256904306332725,True,True,True,0,0,0,0,-0.913415746172999,TARGET_PRESERVED,0.9,1.0,0.09999999999999998,0.089,0.0,False,0.0,0.0,80000,8a015e3f860296dd3aca796cda326c3703d87c07b3f719b51b1eb7fb9b7d4abb
FMNoiseSaopin|jsr=20|seed=10328|center=4000|Oracle_FrFT_UpperBound,FMNoiseSaopin,20.0,10328,4000,Oracle_FrFT_UpperBound,ORACLE_DIAGNOSTIC_ONLY;NOT_FAIR;NOT_RL_ELIGIBLE,ORACLE_DIAGNOSTIC_ONLY,unified/pass,PASS,14.91108513646645,13.949334653615782,-0.9617504828506682,True,True,True,0,0,0,0,-0.913415746172999,TARGET_PRESERVED,0.9,1.0,0.09999999999999998,0.089,0.0,False,0.0,0.0,80000,8a015e3f860296dd3aca796cda326c3703d87c07b3f719b51b1eb7fb9b7d4abb
FMNoiseSaopin|jsr=20|seed=10329|center=1000|Oracle_FrFT_UpperBound,FMNoiseSaopin,20.0,10329,1000,Oracle_FrFT_UpperBound,ORACLE_DIAGNOSTIC_ONLY;NOT_FAIR;NOT_RL_ELIGIBLE,ORACLE_DIAGNOSTIC_ONLY,unified/pass,PASS,11.24405459178477,9.927600649869994,-1.3164539419147765,False,False,False,6,68,0,0,-0.9134157461729969,TARGET_PRESERVED,0.9,1.0,0.09999999999999998,0.089,0.433873256192213,False,0.0,0.0,80000,8a015e3f860296dd3aca796cda326c3703d87c07b3f719b51b1eb7fb9b7d4abb
FMNoiseSaopin|jsr=20|seed=10329|center=1500|Oracle_FrFT_UpperBound,FMNoiseSaopin,20.0,10329,1500,Oracle_FrFT_UpperBound,ORACLE_DIAGNOSTIC_ONLY;NOT_FAIR;NOT_RL_ELIGIBLE,ORACLE_DIAGNOSTIC_ONLY,unified/pass,PASS,10.78331094776792,9.884405113713134,-0.8989058340547853,True,True,True,0,0,0,0,-0.913415746172999,TARGET_PRESERVED,0.9,1.0,0.09999999999999998,0.089,0.03721071035938742,False,0.0,0.0,80000,8a015e3f860296dd3aca796cda326c3703d87c07b3f719b51b1eb7fb9b7d4abb
FMNoiseSaopin|jsr=20|seed=10329|center=2500|Oracle_FrFT_UpperBound,FMNoiseSaopin,20.0,10329,2500,Oracle_FrFT_UpperBound,ORACLE_DIAGNOSTIC_ONLY;NOT_FAIR;NOT_RL_ELIGIBLE,ORACLE_DIAGNOSTIC_ONLY,unified/pass,PASS,10.77552035852494,9.841235029718256,-0.9342853288066841,True,True,True,0,0,0,0,-0.913415746172999,TARGET_PRESERVED,0.9,1.0,0.09999999999999998,0.089,0.0,False,0.0,0.0,80000,8a015e3f860296dd3aca796cda326c3703d87c07b3f719b51b1eb7fb9b7d4abb
FMNoiseSaopin|jsr=20|seed=10329|center=3500|Oracle_FrFT_UpperBound,FMNoiseSaopin,20.0,10329,3500,Oracle_FrFT_UpperBound,ORACLE_DIAGNOSTIC_ONLY;NOT_FAIR;NOT_RL_ELIGIBLE,ORACLE_DIAGNOSTIC_ONLY,unified/pass,PASS,10.809076135581087,9.922107999786158,-0.8869681357949286,True,True,True,0,0,0,1,-0.913415746172999,TARGET_PRESERVED,0.9,1.0,0.09999999999999998,0.089,0.0,False,0.0,0.0,80000,8a015e3f860296dd3aca796cda326c3703d87c07b3f719b51b1eb7fb9b7d4abb
FMNoiseSaopin|jsr=20|seed=10329|center=4000|Oracle_FrFT_UpperBound,FMNoiseSaopin,20.0,10329,4000,Oracle_FrFT_UpperBound,ORACLE_DIAGNOSTIC_ONLY;NOT_FAIR;NOT_RL_ELIGIBLE,ORACLE_DIAGNOSTIC_ONLY,unified/pass,PASS,10.79640172474672,9.830116281217613,-0.9662854435291077,True,True,True,0,0,0,0,-0.913415746172999,TARGET_PRESERVED,0.9,1.0,0.09999999999999998,0.089,0.0,False,0.0,0.0,80000,8a015e3f860296dd3aca796cda326c3703d87c07b3f719b51b1eb7fb9b7d4abb
FMNoiseSaopin|jsr=20|seed=10330|center=1000|Oracle_FrFT_UpperBound,FMNoiseSaopin,20.0,10330,1000,Oracle_FrFT_UpperBound,ORACLE_DIAGNOSTIC_ONLY;NOT_FAIR;NOT_RL_ELIGIBLE,ORACLE_DIAGNOSTIC_ONLY,unified/pass,PASS,11.311155725459855,10.811551656760994,-0.4996040686988614,True,False,True,2,3,1,1,-0.9134157461729969,TARGET_PRESERVED,0.9,1.0,0.09999999999999998,0.089,0.5087640887924406,False,0.0,0.0,80000,8a015e3f860296dd3aca796cda326c3703d87c07b3f719b51b1eb7fb9b7d4abb
FMNoiseSaopin|jsr=20|seed=10330|center=1500|Oracle_FrFT_UpperBound,FMNoiseSaopin,20.0,10330,1500,Oracle_FrFT_UpperBound,ORACLE_DIAGNOSTIC_ONLY;NOT_FAIR;NOT_RL_ELIGIBLE,ORACLE_DIAGNOSTIC_ONLY,unified/pass,PASS,9.960025756819416,9.03340189639087,-0.9266238604285455,True,True,True,0,1204,1,1,-0.913415746172999,TARGET_PRESERVED,0.9,1.0,0.09999999999999998,0.089,0.050144160920491176,False,0.0,0.0,80000,8a015e3f860296dd3aca796cda326c3703d87c07b3f719b51b1eb7fb9b7d4abb
FMNoiseSaopin|jsr=20|seed=10330|center=2500|Oracle_FrFT_UpperBound,FMNoiseSaopin,20.0,10330,2500,Oracle_FrFT_UpperBound,ORACLE_DIAGNOSTIC_ONLY;NOT_FAIR;NOT_RL_ELIGIBLE,ORACLE_DIAGNOSTIC_ONLY,unified/pass,PASS,10.078458667607546,9.152325874578334,-0.9261327930292111,True,True,True,0,2204,1,1,-0.913415746172999,TARGET_PRESERVED,0.9,1.0,0.09999999999999998,0.089,0.0,False,0.0,0.0,80000,8a015e3f860296dd3aca796cda326c3703d87c07b3f719b51b1eb7fb9b7d4abb
FMNoiseSaopin|jsr=20|seed=10330|center=3500|Oracle_FrFT_UpperBound,FMNoiseSaopin,20.0,10330,3500,Oracle_FrFT_UpperBound,ORACLE_DIAGNOSTIC_ONLY;NOT_FAIR;NOT_RL_ELIGIBLE,ORACLE_DIAGNOSTIC_ONLY,unified/pass,PASS,10.037705122942544,9.085330100506114,-0.9523750224364296,True,True,True,0,3204,1,0,-0.913415746172999,TARGET_PRESERVED,0.9,1.0,0.09999999999999998,0.089,0.0,False,0.0,0.0,80000,8a015e3f860296dd3aca796cda326c3703d87c07b3f719b51b1eb7fb9b7d4abb
FMNoiseSaopin|jsr=20|seed=10330|center=4000|Oracle_FrFT_UpperBound,FMNoiseSaopin,20.0,10330,4000,Oracle_FrFT_UpperBound,ORACLE_DIAGNOSTIC_ONLY;NOT_FAIR;NOT_RL_ELIGIBLE,ORACLE_DIAGNOSTIC_ONLY,unified/pass,PASS,10.050156739922837,9.095261862106005,-0.954894877816832,True,True,True,0,3704,0,0,-0.913415746172999,TARGET_PRESERVED,0.9,1.0,0.09999999999999998,0.089,0.0,False,0.0,0.0,80000,8a015e3f860296dd3aca796cda326c3703d87c07b3f719b51b1eb7fb9b7d4abb
FMNoiseSaopin|jsr=20|seed=10331|center=1000|Oracle_FrFT_UpperBound,FMNoiseSaopin,20.0,10331,1000,Oracle_FrFT_UpperBound,ORACLE_DIAGNOSTIC_ONLY;NOT_FAIR;NOT_RL_ELIGIBLE,ORACLE_DIAGNOSTIC_ONLY,unified/pass,PASS,12.453741315651545,12.181658541906755,-0.2720827737447902,True,True,True,1,2,0,0,-0.9134157461729969,TARGET_PRESERVED,0.9,1.0,0.09999999999999998,0.089,0.4905465518609743,False,0.0,0.0,80000,8a015e3f860296dd3aca796cda326c3703d87c07b3f719b51b1eb7fb9b7d4abb
FMNoiseSaopin|jsr=20|seed=10331|center=1500|Oracle_FrFT_UpperBound,FMNoiseSaopin,20.0,10331,1500,Oracle_FrFT_UpperBound,ORACLE_DIAGNOSTIC_ONLY;NOT_FAIR;NOT_RL_ELIGIBLE,ORACLE_DIAGNOSTIC_ONLY,unified/pass,PASS,10.148760251264285,9.223442930182589,-0.9253173210816961,True,True,True,0,744,1,0,-0.913415746172999,TARGET_PRESERVED,0.9,1.0,0.09999999999999998,0.089,0.02047054105645605,False,0.0,0.0,80000,8a015e3f860296dd3aca796cda326c3703d87c07b3f719b51b1eb7fb9b7d4abb
FMNoiseSaopin|jsr=20|seed=10331|center=2500|Oracle_FrFT_UpperBound,FMNoiseSaopin,20.0,10331,2500,Oracle_FrFT_UpperBound,ORACLE_DIAGNOSTIC_ONLY;NOT_FAIR;NOT_RL_ELIGIBLE,ORACLE_DIAGNOSTIC_ONLY,unified/pass,PASS,10.174878388321913,9.298638072041047,-0.8762403162808656,True,True,True,0,1740,0,1,-0.913415746172999,TARGET_PRESERVED,0.9,1.0,0.09999999999999998,0.089,0.0,False,0.0,0.0,80000,8a015e3f860296dd3aca796cda326c3703d87c07b3f719b51b1eb7fb9b7d4abb
FMNoiseSaopin|jsr=20|seed=10331|center=3500|Oracle_FrFT_UpperBound,FMNoiseSaopin,20.0,10331,3500,Oracle_FrFT_UpperBound,ORACLE_DIAGNOSTIC_ONLY;NOT_FAIR;NOT_RL_ELIGIBLE,ORACLE_DIAGNOSTIC_ONLY,unified/pass,PASS,10.148274363568069,9.229331263367031,-0.9189431002010373,True,True,True,0,2740,0,0,-0.913415746172999,TARGET_PRESERVED,0.9,1.0,0.09999999999999998,0.089,0.0,False,0.0,0.0,80000,8a015e3f860296dd3aca796cda326c3703d87c07b3f719b51b1eb7fb9b7d4abb
FMNoiseSaopin|jsr=20|seed=10331|center=4000|Oracle_FrFT_UpperBound,FMNoiseSaopin,20.0,10331,4000,Oracle_FrFT_UpperBound,ORACLE_DIAGNOSTIC_ONLY;NOT_FAIR;NOT_RL_ELIGIBLE,ORACLE_DIAGNOSTIC_ONLY,unified/pass,PASS,10.133965546828046,9.236986744872473,-0.8969788019555729,True,True,True,0,3240,0,0,-0.913415746172999,TARGET_PRESERVED,0.9,1.0,0.09999999999999998,0.089,0.0,False,0.0,0.0,80000,8a015e3f860296dd3aca796cda326c3703d87c07b3f719b51b1eb7fb9b7d4abb
FMNoiseSaopin|jsr=20|seed=10332|center=1000|Oracle_FrFT_UpperBound,FMNoiseSaopin,20.0,10332,1000,Oracle_FrFT_UpperBound,ORACLE_DIAGNOSTIC_ONLY;NOT_FAIR;NOT_RL_ELIGIBLE,ORACLE_DIAGNOSTIC_ONLY,unified/pass,PASS,12.507110455619541,11.930347806228257,-0.5767626493912843,False,False,False,5,3,1,1,-0.9134157461729969,TARGET_PRESERVED,0.9,1.0,0.09999999999999998,0.089,0.40217512047876325,False,0.0,0.0,80000,8a015e3f860296dd3aca796cda326c3703d87c07b3f719b51b1eb7fb9b7d4abb
FMNoiseSaopin|jsr=20|seed=10332|center=1500|Oracle_FrFT_UpperBound,FMNoiseSaopin,20.0,10332,1500,Oracle_FrFT_UpperBound,ORACLE_DIAGNOSTIC_ONLY;NOT_FAIR;NOT_RL_ELIGIBLE,ORACLE_DIAGNOSTIC_ONLY,unified/pass,PASS,11.102065895616665,10.203899307354,-0.898166588262665,True,True,True,0,0,1,1,-0.913415746172999,TARGET_PRESERVED,0.9,1.0,0.09999999999999998,0.089,0.03138331898904451,False,0.0,0.0,80000,8a015e3f860296dd3aca796cda326c3703d87c07b3f719b51b1eb7fb9b7d4abb
FMNoiseSaopin|jsr=20|seed=10332|center=2500|Oracle_FrFT_UpperBound,FMNoiseSaopin,20.0,10332,2500,Oracle_FrFT_UpperBound,ORACLE_DIAGNOSTIC_ONLY;NOT_FAIR;NOT_RL_ELIGIBLE,ORACLE_DIAGNOSTIC_ONLY,unified/pass,PASS,11.117856316105929,10.223274855402884,-0.8945814607030442,True,True,True,0,0,1,0,-0.913415746172999,TARGET_PRESERVED,0.9,1.0,0.09999999999999998,0.089,0.0,False,0.0,0.0,80000,8a015e3f860296dd3aca796cda326c3703d87c07b3f719b51b1eb7fb9b7d4abb
FMNoiseSaopin|jsr=20|seed=10332|center=3500|Oracle_FrFT_UpperBound,FMNoiseSaopin,20.0,10332,3500,Oracle_FrFT_UpperBound,ORACLE_DIAGNOSTIC_ONLY;NOT_FAIR;NOT_RL_ELIGIBLE,ORACLE_DIAGNOSTIC_ONLY,unified/pass,PASS,11.178034863294828,10.278196921829485,-0.8998379414653428,True,True,True,0,0,0,0,-0.913415746172999,TARGET_PRESERVED,0.9,1.0,0.09999999999999998,0.089,0.0,False,0.0,0.0,80000,8a015e3f860296dd3aca796cda326c3703d87c07b3f719b51b1eb7fb9b7d4abb
FMNoiseSaopin|jsr=20|seed=10332|center=4000|Oracle_FrFT_UpperBound,FMNoiseSaopin,20.0,10332,4000,Oracle_FrFT_UpperBound,ORACLE_DIAGNOSTIC_ONLY;NOT_FAIR;NOT_RL_ELIGIBLE,ORACLE_DIAGNOSTIC_ONLY,unified/pass,PASS,11.130540608114934,10.172532015099346,-0.9580085930155882,True,True,True,0,0,2,1,-0.913415746172999,TARGET_PRESERVED,0.9,1.0,0.09999999999999998,0.089,0.0,False,0.0,0.0,80000,8a015e3f860296dd3aca796cda326c3703d87c07b3f719b51b1eb7fb9b7d4abb
FMNoiseSaopin|jsr=20|seed=10333|center=1000|Oracle_FrFT_UpperBound,FMNoiseSaopin,20.0,10333,1000,Oracle_FrFT_UpperBound,ORACLE_DIAGNOSTIC_ONLY;NOT_FAIR;NOT_RL_ELIGIBLE,ORACLE_DIAGNOSTIC_ONLY,unified/pass,PASS,11.408526015908505,10.353366168322435,-1.0551598475860704,True,False,True,1,3,1,1,-0.9134157461729969,TARGET_PRESERVED,0.9,1.0,0.09999999999999998,0.089,0.4852506660811765,False,0.0,0.0,80000,8a015e3f860296dd3aca796cda326c3703d87c07b3f719b51b1eb7fb9b7d4abb
FMNoiseSaopin|jsr=20|seed=10333|center=1500|Oracle_FrFT_UpperBound,FMNoiseSaopin,20.0,10333,1500,Oracle_FrFT_UpperBound,ORACLE_DIAGNOSTIC_ONLY;NOT_FAIR;NOT_RL_ELIGIBLE,ORACLE_DIAGNOSTIC_ONLY,unified/pass,PASS,10.151366564956987,9.250473676591062,-0.9008928883659255,True,True,True,1347,1347,1,1,-0.913415746172999,TARGET_PRESERVED,0.9,1.0,0.09999999999999998,0.089,0.03374290738301755,False,0.0,0.0,80000,8a015e3f860296dd3aca796cda326c3703d87c07b3f719b51b1eb7fb9b7d4abb
FMNoiseSaopin|jsr=20|seed=10333|center=2500|Oracle_FrFT_UpperBound,FMNoiseSaopin,20.0,10333,2500,Oracle_FrFT_UpperBound,ORACLE_DIAGNOSTIC_ONLY;NOT_FAIR;NOT_RL_ELIGIBLE,ORACLE_DIAGNOSTIC_ONLY,unified/pass,PASS,10.154538822129398,9.230474035402013,-0.924064786727385,True,True,True,2347,2347,0,0,-0.913415746172999,TARGET_PRESERVED,0.9,1.0,0.09999999999999998,0.089,0.0,False,0.0,0.0,80000,8a015e3f860296dd3aca796cda326c3703d87c07b3f719b51b1eb7fb9b7d4abb
FMNoiseSaopin|jsr=20|seed=10333|center=3500|Oracle_FrFT_UpperBound,FMNoiseSaopin,20.0,10333,3500,Oracle_FrFT_UpperBound,ORACLE_DIAGNOSTIC_ONLY;NOT_FAIR;NOT_RL_ELIGIBLE,ORACLE_DIAGNOSTIC_ONLY,unified/pass,PASS,10.205565083502046,9.290918585504572,-0.9146464979974738,True,True,True,3347,3347,0,1,-0.913415746172999,TARGET_PRESERVED,0.9,1.0,0.09999999999999998,0.089,0.0,False,0.0,0.0,80000,8a015e3f860296dd3aca796cda326c3703d87c07b3f719b51b1eb7fb9b7d4abb
FMNoiseSaopin|jsr=20|seed=10333|center=4000|Oracle_FrFT_UpperBound,FMNoiseSaopin,20.0,10333,4000,Oracle_FrFT_UpperBound,ORACLE_DIAGNOSTIC_ONLY;NOT_FAIR;NOT_RL_ELIGIBLE,ORACLE_DIAGNOSTIC_ONLY,unified/pass,PASS,10.24295230176782,9.329157344807712,-0.9137949569601087,True,True,True,0,3847,0,0,-0.913415746172999,TARGET_PRESERVED,0.9,1.0,0.09999999999999998,0.089,0.0,False,0.0,0.0,80000,8a015e3f860296dd3aca796cda326c3703d87c07b3f719b51b1eb7fb9b7d4abb
FMNoiseSaopin|jsr=20|seed=10334|center=1000|Oracle_FrFT_UpperBound,FMNoiseSaopin,20.0,10334,1000,Oracle_FrFT_UpperBound,ORACLE_DIAGNOSTIC_ONLY;NOT_FAIR;NOT_RL_ELIGIBLE,ORACLE_DIAGNOSTIC_ONLY,unified/pass,PASS,14.910786028047882,13.821072070097218,-1.0897139579506643,True,True,True,0,1,1,0,-0.9134157461729969,TARGET_PRESERVED,0.9,1.0,0.09999999999999998,0.089,0.20931144348154235,False,0.0,0.0,80000,8a015e3f860296dd3aca796cda326c3703d87c07b3f719b51b1eb7fb9b7d4abb
FMNoiseSaopin|jsr=20|seed=10334|center=1500|Oracle_FrFT_UpperBound,FMNoiseSaopin,20.0,10334,1500,Oracle_FrFT_UpperBound,ORACLE_DIAGNOSTIC_ONLY;NOT_FAIR;NOT_RL_ELIGIBLE,ORACLE_DIAGNOSTIC_ONLY,unified/pass,PASS,14.907779474447656,13.796452980358476,-1.1113264940891803,True,True,True,0,0,0,0,-0.913415746172999,TARGET_PRESERVED,0.9,1.0,0.09999999999999998,0.089,0.025322775529798267,False,0.0,0.0,80000,8a015e3f860296dd3aca796cda326c3703d87c07b3f719b51b1eb7fb9b7d4abb
FMNoiseSaopin|jsr=20|seed=10334|center=2500|Oracle_FrFT_UpperBound,FMNoiseSaopin,20.0,10334,2500,Oracle_FrFT_UpperBound,ORACLE_DIAGNOSTIC_ONLY;NOT_FAIR;NOT_RL_ELIGIBLE,ORACLE_DIAGNOSTIC_ONLY,unified/pass,PASS,15.072817418093084,14.177243120394794,-0.8955742976982908,True,True,True,0,0,1,0,-0.913415746172999,TARGET_PRESERVED,0.9,1.0,0.09999999999999998,0.089,0.0,False,0.0,0.0,80000,8a015e3f860296dd3aca796cda326c3703d87c07b3f719b51b1eb7fb9b7d4abb
FMNoiseSaopin|jsr=20|seed=10334|center=3500|Oracle_FrFT_UpperBound,FMNoiseSaopin,20.0,10334,3500,Oracle_FrFT_UpperBound,ORACLE_DIAGNOSTIC_ONLY;NOT_FAIR;NOT_RL_ELIGIBLE,ORACLE_DIAGNOSTIC_ONLY,unified/pass,PASS,14.796878624920533,13.941079671332318,-0.8557989535882147,True,True,True,0,0,1,1,-0.913415746172999,TARGET_PRESERVED,0.9,1.0,0.09999999999999998,0.089,0.0,False,0.0,0.0,80000,8a015e3f860296dd3aca796cda326c3703d87c07b3f719b51b1eb7fb9b7d4abb
FMNoiseSaopin|jsr=20|seed=10334|center=4000|Oracle_FrFT_UpperBound,FMNoiseSaopin,20.0,10334,4000,Oracle_FrFT_UpperBound,ORACLE_DIAGNOSTIC_ONLY;NOT_FAIR;NOT_RL_ELIGIBLE,ORACLE_DIAGNOSTIC_ONLY,unified/pass,PASS,14.92396963807204,13.974304775500876,-0.9496648625711632,True,True,True,0,0,1,1,-0.913415746172999,TARGET_PRESERVED,0.9,1.0,0.09999999999999998,0.089,0.0,False,0.0,0.0,80000,8a015e3f860296dd3aca796cda326c3703d87c07b3f719b51b1eb7fb9b7d4abb
FMNoiseSaopin|jsr=20|seed=10335|center=1000|Oracle_FrFT_UpperBound,FMNoiseSaopin,20.0,10335,1000,Oracle_FrFT_UpperBound,ORACLE_DIAGNOSTIC_ONLY;NOT_FAIR;NOT_RL_ELIGIBLE,ORACLE_DIAGNOSTIC_ONLY,unified/pass,PASS,29.522033646504987,28.188612626680765,-1.3334210198242218,True,True,True,0,1,1,1,-0.9134157461729969,TARGET_PRESERVED,0.9,1.0,0.09999999999999998,0.089,0.038799165513949005,False,0.0,0.0,80000,8a015e3f860296dd3aca796cda326c3703d87c07b3f719b51b1eb7fb9b7d4abb
FMNoiseSaopin|jsr=20|seed=10335|center=1500|Oracle_FrFT_UpperBound,FMNoiseSaopin,20.0,10335,1500,Oracle_FrFT_UpperBound,ORACLE_DIAGNOSTIC_ONLY;NOT_FAIR;NOT_RL_ELIGIBLE,ORACLE_DIAGNOSTIC_ONLY,unified/pass,PASS,29.385200333274977,27.484794120600284,-1.9004062126746923,True,True,True,0,0,1,0,-0.913415746172999,TARGET_PRESERVED,0.9,1.0,0.09999999999999998,0.089,0.02325382438458056,False,0.0,0.0,80000,8a015e3f860296dd3aca796cda326c3703d87c07b3f719b51b1eb7fb9b7d4abb
FMNoiseSaopin|jsr=20|seed=10335|center=2500|Oracle_FrFT_UpperBound,FMNoiseSaopin,20.0,10335,2500,Oracle_FrFT_UpperBound,ORACLE_DIAGNOSTIC_ONLY;NOT_FAIR;NOT_RL_ELIGIBLE,ORACLE_DIAGNOSTIC_ONLY,unified/pass,PASS,29.446285014077716,28.33939113150982,-1.1068938825678956,True,True,True,0,0,0,0,-0.913415746172999,TARGET_PRESERVED,0.9,1.0,0.09999999999999998,0.089,0.0,False,0.0,0.0,80000,8a015e3f860296dd3aca796cda326c3703d87c07b3f719b51b1eb7fb9b7d4abb
FMNoiseSaopin|jsr=20|seed=10335|center=3500|Oracle_FrFT_UpperBound,FMNoiseSaopin,20.0,10335,3500,Oracle_FrFT_UpperBound,ORACLE_DIAGNOSTIC_ONLY;NOT_FAIR;NOT_RL_ELIGIBLE,ORACLE_DIAGNOSTIC_ONLY,unified/pass,PASS,29.422051771302034,28.312773919743005,-1.1092778515590282,True,True,True,0,0,1,1,-0.913415746172999,TARGET_PRESERVED,0.9,1.0,0.09999999999999998,0.089,0.0,False,0.0,0.0,80000,8a015e3f860296dd3aca796cda326c3703d87c07b3f719b51b1eb7fb9b7d4abb
FMNoiseSaopin|jsr=20|seed=10335|center=4000|Oracle_FrFT_UpperBound,FMNoiseSaopin,20.0,10335,4000,Oracle_FrFT_UpperBound,ORACLE_DIAGNOSTIC_ONLY;NOT_FAIR;NOT_RL_ELIGIBLE,ORACLE_DIAGNOSTIC_ONLY,unified/pass,PASS,29.436104201049723,28.317081784320337,-1.1190224167293863,True,True,True,0,0,1,1,-0.913415746172999,TARGET_PRESERVED,0.9,1.0,0.09999999999999998,0.089,0.0,False,0.0,0.0,80000,8a015e3f860296dd3aca796cda326c3703d87c07b3f719b51b1eb7fb9b7d4abb
FMNoiseSaopin|jsr=20|seed=10336|center=1000|Oracle_FrFT_UpperBound,FMNoiseSaopin,20.0,10336,1000,Oracle_FrFT_UpperBound,ORACLE_DIAGNOSTIC_ONLY;NOT_FAIR;NOT_RL_ELIGIBLE,ORACLE_DIAGNOSTIC_ONLY,unified/pass,PASS,12.091958799057565,10.879192608043288,-1.2127661910142766,False,False,False,6,385,0,0,-0.9134157461729969,TARGET_PRESERVED,0.9,1.0,0.09999999999999998,0.089,0.4347467414554349,False,0.0,0.0,80000,8a015e3f860296dd3aca796cda326c3703d87c07b3f719b51b1eb7fb9b7d4abb
FMNoiseSaopin|jsr=20|seed=10336|center=1500|Oracle_FrFT_UpperBound,FMNoiseSaopin,20.0,10336,1500,Oracle_FrFT_UpperBound,ORACLE_DIAGNOSTIC_ONLY;NOT_FAIR;NOT_RL_ELIGIBLE,ORACLE_DIAGNOSTIC_ONLY,unified/pass,PASS,10.80165589967928,9.88698335770607,-0.9146725419732107,True,True,True,0,893,0,0,-0.913415746172999,TARGET_PRESERVED,0.9,1.0,0.09999999999999998,0.089,0.035265656907582814,False,0.0,0.0,80000,8a015e3f860296dd3aca796cda326c3703d87c07b3f719b51b1eb7fb9b7d4abb
FMNoiseSaopin|jsr=20|seed=10336|center=2500|Oracle_FrFT_UpperBound,FMNoiseSaopin,20.0,10336,2500,Oracle_FrFT_UpperBound,ORACLE_DIAGNOSTIC_ONLY;NOT_FAIR;NOT_RL_ELIGIBLE,ORACLE_DIAGNOSTIC_ONLY,unified/pass,PASS,10.764936754091295,9.862995310039468,-0.9019414440518272,True,True,True,0,1885,0,0,-0.913415746172999,TARGET_PRESERVED,0.9,1.0,0.09999999999999998,0.089,0.0,False,0.0,0.0,80000,8a015e3f860296dd3aca796cda326c3703d87c07b3f719b51b1eb7fb9b7d4abb
FMNoiseSaopin|jsr=20|seed=10336|center=3500|Oracle_FrFT_UpperBound,FMNoiseSaopin,20.0,10336,3500,Oracle_FrFT_UpperBound,ORACLE_DIAGNOSTIC_ONLY;NOT_FAIR;NOT_RL_ELIGIBLE,ORACLE_DIAGNOSTIC_ONLY,unified/pass,PASS,10.797532593541131,9.890802492218612,-0.9067301013225197,True,True,True,0,0,0,1,-0.913415746172999,TARGET_PRESERVED,0.9,1.0,0.09999999999999998,0.089,0.0,False,0.0,0.0,80000,8a015e3f860296dd3aca796cda326c3703d87c07b3f719b51b1eb7fb9b7d4abb
FMNoiseSaopin|jsr=20|seed=10336|center=4000|Oracle_FrFT_UpperBound,FMNoiseSaopin,20.0,10336,4000,Oracle_FrFT_UpperBound,ORACLE_DIAGNOSTIC_ONLY;NOT_FAIR;NOT_RL_ELIGIBLE,ORACLE_DIAGNOSTIC_ONLY,unified/pass,PASS,10.715080089956956,9.804898304554541,-0.9101817854024148,True,True,True,0,3385,0,0,-0.913415746172999,TARGET_PRESERVED,0.9,1.0,0.09999999999999998,0.089,0.0,False,0.0,0.0,80000,8a015e3f860296dd3aca796cda326c3703d87c07b3f719b51b1eb7fb9b7d4abb
FMNoiseSaopin|jsr=20|seed=10337|center=1000|Oracle_FrFT_UpperBound,FMNoiseSaopin,20.0,10337,1000,Oracle_FrFT_UpperBound,ORACLE_DIAGNOSTIC_ONLY;NOT_FAIR;NOT_RL_ELIGIBLE,ORACLE_DIAGNOSTIC_ONLY,unified/pass,PASS,30.01954784112617,29.151587466912027,-0.8679603742141424,True,True,True,0,0,0,0,-0.9134157461729969,TARGET_PRESERVED,0.9,1.0,0.09999999999999998,0.089,0.0370061783617645,False,0.0,0.0,80000,8a015e3f860296dd3aca796cda326c3703d87c07b3f719b51b1eb7fb9b7d4abb
FMNoiseSaopin|jsr=20|seed=10337|center=1500|Oracle_FrFT_UpperBound,FMNoiseSaopin,20.0,10337,1500,Oracle_FrFT_UpperBound,ORACLE_DIAGNOSTIC_ONLY;NOT_FAIR;NOT_RL_ELIGIBLE,ORACLE_DIAGNOSTIC_ONLY,unified/pass,PASS,29.862869965210386,27.82653337952007,-2.0363365856903144,True,True,True,0,0,0,0,-0.913415746172999,TARGET_PRESERVED,0.9,1.0,0.09999999999999998,0.089,0.02340412410430325,False,0.0,0.0,80000,8a015e3f860296dd3aca796cda326c3703d87c07b3f719b51b1eb7fb9b7d4abb
FMNoiseSaopin|jsr=20|seed=10337|center=2500|Oracle_FrFT_UpperBound,FMNoiseSaopin,20.0,10337,2500,Oracle_FrFT_UpperBound,ORACLE_DIAGNOSTIC_ONLY;NOT_FAIR;NOT_RL_ELIGIBLE,ORACLE_DIAGNOSTIC_ONLY,unified/pass,PASS,29.958394902287623,28.82681375616167,-1.1315811461259528,True,True,True,0,0,0,0,-0.913415746172999,TARGET_PRESERVED,0.9,1.0,0.09999999999999998,0.089,0.0,False,0.0,0.0,80000,8a015e3f860296dd3aca796cda326c3703d87c07b3f719b51b1eb7fb9b7d4abb
FMNoiseSaopin|jsr=20|seed=10337|center=3500|Oracle_FrFT_UpperBound,FMNoiseSaopin,20.0,10337,3500,Oracle_FrFT_UpperBound,ORACLE_DIAGNOSTIC_ONLY;NOT_FAIR;NOT_RL_ELIGIBLE,ORACLE_DIAGNOSTIC_ONLY,unified/pass,PASS,29.7661750107844,28.620625196671014,-1.1455498141133873,True,True,True,0,0,0,0,-0.913415746172999,TARGET_PRESERVED,0.9,1.0,0.09999999999999998,0.089,0.0,False,0.0,0.0,80000,8a015e3f860296dd3aca796cda326c3703d87c07b3f719b51b1eb7fb9b7d4abb
FMNoiseSaopin|jsr=20|seed=10337|center=4000|Oracle_FrFT_UpperBound,FMNoiseSaopin,20.0,10337,4000,Oracle_FrFT_UpperBound,ORACLE_DIAGNOSTIC_ONLY;NOT_FAIR;NOT_RL_ELIGIBLE,ORACLE_DIAGNOSTIC_ONLY,unified/pass,PASS,29.785973518958485,28.647021355747228,-1.1389521632112576,True,True,True,0,0,1,0,-0.913415746172999,TARGET_PRESERVED,0.9,1.0,0.09999999999999998,0.089,0.0,False,0.0,0.0,80000,8a015e3f860296dd3aca796cda326c3703d87c07b3f719b51b1eb7fb9b7d4abb
FMNoiseSaopin|jsr=20|seed=10338|center=1000|Oracle_FrFT_UpperBound,FMNoiseSaopin,20.0,10338,1000,Oracle_FrFT_UpperBound,ORACLE_DIAGNOSTIC_ONLY;NOT_FAIR;NOT_RL_ELIGIBLE,ORACLE_DIAGNOSTIC_ONLY,unified/pass,PASS,11.977827587471037,11.808681764536061,-0.1691458229349756,True,True,True,2,3,0,0,-0.9134157461729969,TARGET_PRESERVED,0.9,1.0,0.09999999999999998,0.089,0.4999181589813364,False,0.0,0.0,80000,8a015e3f860296dd3aca796cda326c3703d87c07b3f719b51b1eb7fb9b7d4abb
FMNoiseSaopin|jsr=20|seed=10338|center=1500|Oracle_FrFT_UpperBound,FMNoiseSaopin,20.0,10338,1500,Oracle_FrFT_UpperBound,ORACLE_DIAGNOSTIC_ONLY;NOT_FAIR;NOT_RL_ELIGIBLE,ORACLE_DIAGNOSTIC_ONLY,unified/pass,PASS,10.041903305794708,9.126395580831057,-0.9155077249636516,True,True,True,0,746,0,0,-0.913415746172999,TARGET_PRESERVED,0.9,1.0,0.09999999999999998,0.089,0.04324255782937618,False,0.0,0.0,80000,8a015e3f860296dd3aca796cda326c3703d87c07b3f719b51b1eb7fb9b7d4abb
FMNoiseSaopin|jsr=20|seed=10338|center=2500|Oracle_FrFT_UpperBound,FMNoiseSaopin,20.0,10338,2500,Oracle_FrFT_UpperBound,ORACLE_DIAGNOSTIC_ONLY;NOT_FAIR;NOT_RL_ELIGIBLE,ORACLE_DIAGNOSTIC_ONLY,unified/pass,PASS,10.067711997719645,9.133453363839957,-0.9342586338796881,True,True,True,0,1739,1,0,-0.913415746172999,TARGET_PRESERVED,0.9,1.0,0.09999999999999998,0.089,0.0,False,0.0,0.0,80000,8a015e3f860296dd3aca796cda326c3703d87c07b3f719b51b1eb7fb9b7d4abb
FMNoiseSaopin|jsr=20|seed=10338|center=3500|Oracle_FrFT_UpperBound,FMNoiseSaopin,20.0,10338,3500,Oracle_FrFT_UpperBound,ORACLE_DIAGNOSTIC_ONLY;NOT_FAIR;NOT_RL_ELIGIBLE,ORACLE_DIAGNOSTIC_ONLY,unified/pass,PASS,10.069753916347048,9.13614681918789,-0.9336070971591592,True,True,True,0,2739,1,0,-0.913415746172999,TARGET_PRESERVED,0.9,1.0,0.09999999999999998,0.089,0.0,False,0.0,0.0,80000,8a015e3f860296dd3aca796cda326c3703d87c07b3f719b51b1eb7fb9b7d4abb
FMNoiseSaopin|jsr=20|seed=10338|center=4000|Oracle_FrFT_UpperBound,FMNoiseSaopin,20.0,10338,4000,Oracle_FrFT_UpperBound,ORACLE_DIAGNOSTIC_ONLY;NOT_FAIR;NOT_RL_ELIGIBLE,ORACLE_DIAGNOSTIC_ONLY,unified/pass,PASS,10.035602019368692,9.136121528493579,-0.8994804908751135,True,True,True,0,3239,0,0,-0.913415746172999,TARGET_PRESERVED,0.9,1.0,0.09999999999999998,0.089,0.0,False,0.0,0.0,80000,8a015e3f860296dd3aca796cda326c3703d87c07b3f719b51b1eb7fb9b7d4abb
FMNoiseSaopin|jsr=20|seed=10339|center=1000|Oracle_FrFT_UpperBound,FMNoiseSaopin,20.0,10339,1000,Oracle_FrFT_UpperBound,ORACLE_DIAGNOSTIC_ONLY;NOT_FAIR;NOT_RL_ELIGIBLE,ORACLE_DIAGNOSTIC_ONLY,unified/pass,PASS,11.456237360071098,9.586876065376051,-1.8693612946950466,False,False,False,7,69,2,2,-0.9134157461729969,TARGET_PRESERVED,0.9,1.0,0.09999999999999998,0.089,0.4245682462950869,False,0.0,0.0,80000,8a015e3f860296dd3aca796cda326c3703d87c07b3f719b51b1eb7fb9b7d4abb
FMNoiseSaopin|jsr=20|seed=10339|center=1500|Oracle_FrFT_UpperBound,FMNoiseSaopin,20.0,10339,1500,Oracle_FrFT_UpperBound,ORACLE_DIAGNOSTIC_ONLY;NOT_FAIR;NOT_RL_ELIGIBLE,ORACLE_DIAGNOSTIC_ONLY,unified/pass,PASS,10.845886125571266,9.947709283401734,-0.8981768421695318,True,True,True,0,0,1,1,-0.913415746172999,TARGET_PRESERVED,0.9,1.0,0.09999999999999998,0.089,0.04288104103632328,False,0.0,0.0,80000,8a015e3f860296dd3aca796cda326c3703d87c07b3f719b51b1eb7fb9b7d4abb
FMNoiseSaopin|jsr=20|seed=10339|center=2500|Oracle_FrFT_UpperBound,FMNoiseSaopin,20.0,10339,2500,Oracle_FrFT_UpperBound,ORACLE_DIAGNOSTIC_ONLY;NOT_FAIR;NOT_RL_ELIGIBLE,ORACLE_DIAGNOSTIC_ONLY,unified/pass,PASS,10.810655711476173,9.88729082584321,-0.9233648856329619,True,True,True,0,0,0,0,-0.913415746172999,TARGET_PRESERVED,0.9,1.0,0.09999999999999998,0.089,0.0,False,0.0,0.0,80000,8a015e3f860296dd3aca796cda326c3703d87c07b3f719b51b1eb7fb9b7d4abb
FMNoiseSaopin|jsr=20|seed=10339|center=3500|Oracle_FrFT_UpperBound,FMNoiseSaopin,20.0,10339,3500,Oracle_FrFT_UpperBound,ORACLE_DIAGNOSTIC_ONLY;NOT_FAIR;NOT_RL_ELIGIBLE,ORACLE_DIAGNOSTIC_ONLY,unified/pass,PASS,10.80794800935017,9.886926835796235,-0.9210211735539353,True,True,True,0,0,1,1,-0.913415746172999,TARGET_PRESERVED,0.9,1.0,0.09999999999999998,0.089,0.0,False,0.0,0.0,80000,8a015e3f860296dd3aca796cda326c3703d87c07b3f719b51b1eb7fb9b7d4abb
FMNoiseSaopin|jsr=20|seed=10339|center=4000|Oracle_FrFT_UpperBound,FMNoiseSaopin,20.0,10339,4000,Oracle_FrFT_UpperBound,ORACLE_DIAGNOSTIC_ONLY;NOT_FAIR;NOT_RL_ELIGIBLE,ORACLE_DIAGNOSTIC_ONLY,unified/pass,PASS,10.907108170085042,9.97243962824453,-0.9346685418405123,True,True,True,0,0,2,2,-0.913415746172999,TARGET_PRESERVED,0.9,1.0,0.09999999999999998,0.089,0.0,False,0.0,0.0,80000,8a015e3f860296dd3aca796cda326c3703d87c07b3f719b51b1eb7fb9b7d4abb
FMNoiseSaopin|jsr=20|seed=10340|center=1000|Oracle_FrFT_UpperBound,FMNoiseSaopin,20.0,10340,1000,Oracle_FrFT_UpperBound,ORACLE_DIAGNOSTIC_ONLY;NOT_FAIR;NOT_RL_ELIGIBLE,ORACLE_DIAGNOSTIC_ONLY,unified/pass,PASS,11.259775642826007,10.5199297890276,-0.739845853798407,True,False,True,2,592,0,0,-0.9134157461729969,TARGET_PRESERVED,0.9,1.0,0.09999999999999998,0.089,0.5024054889803226,False,0.0,0.0,80000,8a015e3f860296dd3aca796cda326c3703d87c07b3f719b51b1eb7fb9b7d4abb
FMNoiseSaopin|jsr=20|seed=10340|center=1500|Oracle_FrFT_UpperBound,FMNoiseSaopin,20.0,10340,1500,Oracle_FrFT_UpperBound,ORACLE_DIAGNOSTIC_ONLY;NOT_FAIR;NOT_RL_ELIGIBLE,ORACLE_DIAGNOSTIC_ONLY,unified/pass,PASS,9.987055575073184,9.055198302860056,-0.9318572722131275,True,True,True,0,1117,0,0,-0.913415746172999,TARGET_PRESERVED,0.9,1.0,0.09999999999999998,0.089,0.0351584008792967,False,0.0,0.0,80000,8a015e3f860296dd3aca796cda326c3703d87c07b3f719b51b1eb7fb9b7d4abb
FMNoiseSaopin|jsr=20|seed=10340|center=2500|Oracle_FrFT_UpperBound,FMNoiseSaopin,20.0,10340,2500,Oracle_FrFT_UpperBound,ORACLE_DIAGNOSTIC_ONLY;NOT_FAIR;NOT_RL_ELIGIBLE,ORACLE_DIAGNOSTIC_ONLY,unified/pass,PASS,10.031859565405819,9.089200417639935,-0.9426591477658839,True,True,True,0,2117,0,0,-0.913415746172999,TARGET_PRESERVED,0.9,1.0,0.09999999999999998,0.089,0.0,False,0.0,0.0,80000,8a015e3f860296dd3aca796cda326c3703d87c07b3f719b51b1eb7fb9b7d4abb
FMNoiseSaopin|jsr=20|seed=10340|center=3500|Oracle_FrFT_UpperBound,FMNoiseSaopin,20.0,10340,3500,Oracle_FrFT_UpperBound,ORACLE_DIAGNOSTIC_ONLY;NOT_FAIR;NOT_RL_ELIGIBLE,ORACLE_DIAGNOSTIC_ONLY,unified/pass,PASS,10.067382379722618,9.143170140916396,-0.9242122388062217,True,True,True,0,3117,0,0,-0.913415746172999,TARGET_PRESERVED,0.9,1.0,0.09999999999999998,0.089,0.0,False,0.0,0.0,80000,8a015e3f860296dd3aca796cda326c3703d87c07b3f719b51b1eb7fb9b7d4abb
FMNoiseSaopin|jsr=20|seed=10340|center=4000|Oracle_FrFT_UpperBound,FMNoiseSaopin,20.0,10340,4000,Oracle_FrFT_UpperBound,ORACLE_DIAGNOSTIC_ONLY;NOT_FAIR;NOT_RL_ELIGIBLE,ORACLE_DIAGNOSTIC_ONLY,unified/pass,PASS,10.087595089510025,9.202613596716935,-0.8849814927930897,True,True,True,0,3617,0,0,-0.913415746172999,TARGET_PRESERVED,0.9,1.0,0.09999999999999998,0.089,0.0,False,0.0,0.0,80000,8a015e3f860296dd3aca796cda326c3703d87c07b3f719b51b1eb7fb9b7d4abb
FMNoiseSaopin|jsr=20|seed=10341|center=1000|Oracle_FrFT_UpperBound,FMNoiseSaopin,20.0,10341,1000,Oracle_FrFT_UpperBound,ORACLE_DIAGNOSTIC_ONLY;NOT_FAIR;NOT_RL_ELIGIBLE,ORACLE_DIAGNOSTIC_ONLY,unified/pass,PASS,14.533513940980571,14.253949178970462,-0.27956476201010894,True,True,True,0,0,0,0,-0.9134157461729969,TARGET_PRESERVED,0.9,1.0,0.09999999999999998,0.089,0.17092368813346306,False,0.0,0.0,80000,8a015e3f860296dd3aca796cda326c3703d87c07b3f719b51b1eb7fb9b7d4abb
FMNoiseSaopin|jsr=20|seed=10341|center=1500|Oracle_FrFT_UpperBound,FMNoiseSaopin,20.0,10341,1500,Oracle_FrFT_UpperBound,ORACLE_DIAGNOSTIC_ONLY;NOT_FAIR;NOT_RL_ELIGIBLE,ORACLE_DIAGNOSTIC_ONLY,unified/pass,PASS,14.818149522985792,13.966041834183718,-0.8521076888020733,True,True,True,0,0,0,0,-0.913415746172999,TARGET_PRESERVED,0.9,1.0,0.09999999999999998,0.089,0.025159136928099114,False,0.0,0.0,80000,8a015e3f860296dd3aca796cda326c3703d87c07b3f719b51b1eb7fb9b7d4abb
FMNoiseSaopin|jsr=20|seed=10341|center=2500|Oracle_FrFT_UpperBound,FMNoiseSaopin,20.0,10341,2500,Oracle_FrFT_UpperBound,ORACLE_DIAGNOSTIC_ONLY;NOT_FAIR;NOT_RL_ELIGIBLE,ORACLE_DIAGNOSTIC_ONLY,unified/pass,PASS,14.683193291952183,13.753497773843977,-0.9296955181082058,True,True,True,0,0,1,0,-0.913415746172999,TARGET_PRESERVED,0.9,1.0,0.09999999999999998,0.089,0.0,False,0.0,0.0,80000,8a015e3f860296dd3aca796cda326c3703d87c07b3f719b51b1eb7fb9b7d4abb
FMNoiseSaopin|jsr=20|seed=10341|center=3500|Oracle_FrFT_UpperBound,FMNoiseSaopin,20.0,10341,3500,Oracle_FrFT_UpperBound,ORACLE_DIAGNOSTIC_ONLY;NOT_FAIR;NOT_RL_ELIGIBLE,ORACLE_DIAGNOSTIC_ONLY,unified/pass,PASS,14.699651003237,13.797751107045503,-0.9018998961914964,True,True,True,0,0,0,0,-0.913415746172999,TARGET_PRESERVED,0.9,1.0,0.09999999999999998,0.089,0.0,False,0.0,0.0,80000,8a015e3f860296dd3aca796cda326c3703d87c07b3f719b51b1eb7fb9b7d4abb
FMNoiseSaopin|jsr=20|seed=10341|center=4000|Oracle_FrFT_UpperBound,FMNoiseSaopin,20.0,10341,4000,Oracle_FrFT_UpperBound,ORACLE_DIAGNOSTIC_ONLY;NOT_FAIR;NOT_RL_ELIGIBLE,ORACLE_DIAGNOSTIC_ONLY,unified/pass,PASS,14.70424348550649,13.770675291786374,-0.9335681937201166,True,True,True,0,0,0,0,-0.913415746172999,TARGET_PRESERVED,0.9,1.0,0.09999999999999998,0.089,0.0,False,0.0,0.0,80000,8a015e3f860296dd3aca796cda326c3703d87c07b3f719b51b1eb7fb9b7d4abb
FMNoiseSaopin|jsr=20|seed=10342|center=1000|Oracle_FrFT_UpperBound,FMNoiseSaopin,20.0,10342,1000,Oracle_FrFT_UpperBound,ORACLE_DIAGNOSTIC_ONLY;NOT_FAIR;NOT_RL_ELIGIBLE,ORACLE_DIAGNOSTIC_ONLY,unified/pass,PASS,11.48306352417882,9.728158640826532,-1.754904883352289,False,False,False,6,68,0,0,-0.9134157461729969,TARGET_PRESERVED,0.9,1.0,0.09999999999999998,0.089,0.4230766963179892,False,0.0,0.0,80000,8a015e3f860296dd3aca796cda326c3703d87c07b3f719b51b1eb7fb9b7d4abb
FMNoiseSaopin|jsr=20|seed=10342|center=1500|Oracle_FrFT_UpperBound,FMNoiseSaopin,20.0,10342,1500,Oracle_FrFT_UpperBound,ORACLE_DIAGNOSTIC_ONLY;NOT_FAIR;NOT_RL_ELIGIBLE,ORACLE_DIAGNOSTIC_ONLY,unified/pass,PASS,10.880668525998022,9.962828618735067,-0.9178399072629553,True,True,True,0,0,0,0,-0.913415746172999,TARGET_PRESERVED,0.9,1.0,0.09999999999999998,0.089,0.026568685642245918,False,0.0,0.0,80000,8a015e3f860296dd3aca796cda326c3703d87c07b3f719b51b1eb7fb9b7d4abb
FMNoiseSaopin|jsr=20|seed=10342|center=2500|Oracle_FrFT_UpperBound,FMNoiseSaopin,20.0,10342,2500,Oracle_FrFT_UpperBound,ORACLE_DIAGNOSTIC_ONLY;NOT_FAIR;NOT_RL_ELIGIBLE,ORACLE_DIAGNOSTIC_ONLY,unified/pass,PASS,10.831982382886897,9.915200552102393,-0.9167818307845046,True,True,True,0,0,0,0,-0.913415746172999,TARGET_PRESERVED,0.9,1.0,0.09999999999999998,0.089,0.0,False,0.0,0.0,80000,8a015e3f860296dd3aca796cda326c3703d87c07b3f719b51b1eb7fb9b7d4abb
FMNoiseSaopin|jsr=20|seed=10342|center=3500|Oracle_FrFT_UpperBound,FMNoiseSaopin,20.0,10342,3500,Oracle_FrFT_UpperBound,ORACLE_DIAGNOSTIC_ONLY;NOT_FAIR;NOT_RL_ELIGIBLE,ORACLE_DIAGNOSTIC_ONLY,unified/pass,PASS,10.959499030516893,10.047499921697465,-0.9119991088194279,True,True,True,0,0,1,0,-0.913415746172999,TARGET_PRESERVED,0.9,1.0,0.09999999999999998,0.089,0.0,False,0.0,0.0,80000,8a015e3f860296dd3aca796cda326c3703d87c07b3f719b51b1eb7fb9b7d4abb
FMNoiseSaopin|jsr=20|seed=10342|center=4000|Oracle_FrFT_UpperBound,FMNoiseSaopin,20.0,10342,4000,Oracle_FrFT_UpperBound,ORACLE_DIAGNOSTIC_ONLY;NOT_FAIR;NOT_RL_ELIGIBLE,ORACLE_DIAGNOSTIC_ONLY,unified/pass,PASS,10.856969616702452,9.965868520396736,-0.8911010963057162,True,True,True,0,0,0,0,-0.913415746172999,TARGET_PRESERVED,0.9,1.0,0.09999999999999998,0.089,0.0,False,0.0,0.0,80000,8a015e3f860296dd3aca796cda326c3703d87c07b3f719b51b1eb7fb9b7d4abb
FMNoiseSaopin|jsr=20|seed=10343|center=1000|Oracle_FrFT_UpperBound,FMNoiseSaopin,20.0,10343,1000,Oracle_FrFT_UpperBound,ORACLE_DIAGNOSTIC_ONLY;NOT_FAIR;NOT_RL_ELIGIBLE,ORACLE_DIAGNOSTIC_ONLY,unified/pass,PASS,10.22748952018858,8.340183217242247,-1.8873063029463335,False,False,False,7,67,0,0,-0.9134157461729969,TARGET_PRESERVED,0.9,1.0,0.09999999999999998,0.089,0.4271137312087476,False,0.0,0.0,80000,8a015e3f860296dd3aca796cda326c3703d87c07b3f719b51b1eb7fb9b7d4abb
FMNoiseSaopin|jsr=20|seed=10343|center=1500|Oracle_FrFT_UpperBound,FMNoiseSaopin,20.0,10343,1500,Oracle_FrFT_UpperBound,ORACLE_DIAGNOSTIC_ONLY;NOT_FAIR;NOT_RL_ELIGIBLE,ORACLE_DIAGNOSTIC_ONLY,unified/pass,PASS,10.961617358817321,10.023760565569145,-0.9378567932481765,True,True,True,0,0,0,0,-0.913415746172999,TARGET_PRESERVED,0.9,1.0,0.09999999999999998,0.089,0.02985753463591661,False,0.0,0.0,80000,8a015e3f860296dd3aca796cda326c3703d87c07b3f719b51b1eb7fb9b7d4abb
FMNoiseSaopin|jsr=20|seed=10343|center=2500|Oracle_FrFT_UpperBound,FMNoiseSaopin,20.0,10343,2500,Oracle_FrFT_UpperBound,ORACLE_DIAGNOSTIC_ONLY;NOT_FAIR;NOT_RL_ELIGIBLE,ORACLE_DIAGNOSTIC_ONLY,unified/pass,PASS,10.869143355471012,9.931889116390138,-0.9372542390808736,True,True,True,0,0,0,0,-0.913415746172999,TARGET_PRESERVED,0.9,1.0,0.09999999999999998,0.089,0.0,False,0.0,0.0,80000,8a015e3f860296dd3aca796cda326c3703d87c07b3f719b51b1eb7fb9b7d4abb
FMNoiseSaopin|jsr=20|seed=10343|center=3500|Oracle_FrFT_UpperBound,FMNoiseSaopin,20.0,10343,3500,Oracle_FrFT_UpperBound,ORACLE_DIAGNOSTIC_ONLY;NOT_FAIR;NOT_RL_ELIGIBLE,ORACLE_DIAGNOSTIC_ONLY,unified/pass,PASS,10.824375369087242,9.945965056583779,-0.8784103125034637,True,True,True,0,0,0,0,-0.913415746172999,TARGET_PRESERVED,0.9,1.0,0.09999999999999998,0.089,0.0,False,0.0,0.0,80000,8a015e3f860296dd3aca796cda326c3703d87c07b3f719b51b1eb7fb9b7d4abb
FMNoiseSaopin|jsr=20|seed=10343|center=4000|Oracle_FrFT_UpperBound,FMNoiseSaopin,20.0,10343,4000,Oracle_FrFT_UpperBound,ORACLE_DIAGNOSTIC_ONLY;NOT_FAIR;NOT_RL_ELIGIBLE,ORACLE_DIAGNOSTIC_ONLY,unified/pass,PASS,10.805496272575066,9.922787677748586,-0.8827085948264806,True,True,True,0,0,1,0,-0.913415746172999,TARGET_PRESERVED,0.9,1.0,0.09999999999999998,0.089,0.0,False,0.0,0.0,80000,8a015e3f860296dd3aca796cda326c3703d87c07b3f719b51b1eb7fb9b7d4abb
FMNoiseSaopin|jsr=20|seed=10344|center=1000|Oracle_FrFT_UpperBound,FMNoiseSaopin,20.0,10344,1000,Oracle_FrFT_UpperBound,ORACLE_DIAGNOSTIC_ONLY;NOT_FAIR;NOT_RL_ELIGIBLE,ORACLE_DIAGNOSTIC_ONLY,unified/pass,PASS,12.26996499228794,12.062350390693421,-0.2076146015945195,True,True,True,1,3,0,0,-0.9134157461729969,TARGET_PRESERVED,0.9,1.0,0.09999999999999998,0.089,0.4949967798336238,False,0.0,0.0,80000,8a015e3f860296dd3aca796cda326c3703d87c07b3f719b51b1eb7fb9b7d4abb
FMNoiseSaopin|jsr=20|seed=10344|center=1500|Oracle_FrFT_UpperBound,FMNoiseSaopin,20.0,10344,1500,Oracle_FrFT_UpperBound,ORACLE_DIAGNOSTIC_ONLY;NOT_FAIR;NOT_RL_ELIGIBLE,ORACLE_DIAGNOSTIC_ONLY,unified/pass,PASS,10.031041260000961,9.126050773305817,-0.9049904866951444,True,True,True,0,1345,0,0,-0.913415746172999,TARGET_PRESERVED,0.9,1.0,0.09999999999999998,0.089,0.04267454251284525,False,0.0,0.0,80000,8a015e3f860296dd3aca796cda326c3703d87c07b3f719b51b1eb7fb9b7d4abb
FMNoiseSaopin|jsr=20|seed=10344|center=2500|Oracle_FrFT_UpperBound,FMNoiseSaopin,20.0,10344,2500,Oracle_FrFT_UpperBound,ORACLE_DIAGNOSTIC_ONLY;NOT_FAIR;NOT_RL_ELIGIBLE,ORACLE_DIAGNOSTIC_ONLY,unified/pass,PASS,10.042861512837016,9.153534968612382,-0.8893265442246339,True,True,True,0,2345,0,1,-0.913415746172999,TARGET_PRESERVED,0.9,1.0,0.09999999999999998,0.089,0.0,False,0.0,0.0,80000,8a015e3f860296dd3aca796cda326c3703d87c07b3f719b51b1eb7fb9b7d4abb
FMNoiseSaopin|jsr=20|seed=10344|center=3500|Oracle_FrFT_UpperBound,FMNoiseSaopin,20.0,10344,3500,Oracle_FrFT_UpperBound,ORACLE_DIAGNOSTIC_ONLY;NOT_FAIR;NOT_RL_ELIGIBLE,ORACLE_DIAGNOSTIC_ONLY,unified/pass,PASS,10.030629292742741,9.13609089481169,-0.8945383979310506,True,True,True,0,3345,0,1,-0.913415746172999,TARGET_PRESERVED,0.9,1.0,0.09999999999999998,0.089,0.0,False,0.0,0.0,80000,8a015e3f860296dd3aca796cda326c3703d87c07b3f719b51b1eb7fb9b7d4abb
FMNoiseSaopin|jsr=20|seed=10344|center=4000|Oracle_FrFT_UpperBound,FMNoiseSaopin,20.0,10344,4000,Oracle_FrFT_UpperBound,ORACLE_DIAGNOSTIC_ONLY;NOT_FAIR;NOT_RL_ELIGIBLE,ORACLE_DIAGNOSTIC_ONLY,unified/pass,PASS,10.077468560724881,9.15670465041755,-0.9207639103073308,True,True,True,0,3845,0,0,-0.913415746172999,TARGET_PRESERVED,0.9,1.0,0.09999999999999998,0.089,0.0,False,0.0,0.0,80000,8a015e3f860296dd3aca796cda326c3703d87c07b3f719b51b1eb7fb9b7d4abb
FMNoiseSaopin|jsr=20|seed=10345|center=1000|Oracle_FrFT_UpperBound,FMNoiseSaopin,20.0,10345,1000,Oracle_FrFT_UpperBound,ORACLE_DIAGNOSTIC_ONLY;NOT_FAIR;NOT_RL_ELIGIBLE,ORACLE_DIAGNOSTIC_ONLY,unified/pass,PASS,11.589814608407256,11.340443385352522,-0.2493712230547338,True,False,True,1,2,1,1,-0.9134157461729969,TARGET_PRESERVED,0.9,1.0,0.09999999999999998,0.089,0.5135458585861103,False,0.0,0.0,80000,8a015e3f860296dd3aca796cda326c3703d87c07b3f719b51b1eb7fb9b7d4abb
FMNoiseSaopin|jsr=20|seed=10345|center=1500|Oracle_FrFT_UpperBound,FMNoiseSaopin,20.0,10345,1500,Oracle_FrFT_UpperBound,ORACLE_DIAGNOSTIC_ONLY;NOT_FAIR;NOT_RL_ELIGIBLE,ORACLE_DIAGNOSTIC_ONLY,unified/pass,PASS,9.893171191483107,8.964176315298104,-0.9289948761850031,True,True,True,0,925,0,0,-0.913415746172999,TARGET_PRESERVED,0.9,1.0,0.09999999999999998,0.089,0.0418130334367256,False,0.0,0.0,80000,8a015e3f860296dd3aca796cda326c3703d87c07b3f719b51b1eb7fb9b7d4abb
FMNoiseSaopin|jsr=20|seed=10345|center=2500|Oracle_FrFT_UpperBound,FMNoiseSaopin,20.0,10345,2500,Oracle_FrFT_UpperBound,ORACLE_DIAGNOSTIC_ONLY;NOT_FAIR;NOT_RL_ELIGIBLE,ORACLE_DIAGNOSTIC_ONLY,unified/pass,PASS,10.020113879707434,9.107649091984035,-0.9124647877233993,True,True,True,0,2301,0,0,-0.913415746172999,TARGET_PRESERVED,0.9,1.0,0.09999999999999998,0.089,0.0,False,0.0,0.0,80000,8a015e3f860296dd3aca796cda326c3703d87c07b3f719b51b1eb7fb9b7d4abb
FMNoiseSaopin|jsr=20|seed=10345|center=3500|Oracle_FrFT_UpperBound,FMNoiseSaopin,20.0,10345,3500,Oracle_FrFT_UpperBound,ORACLE_DIAGNOSTIC_ONLY;NOT_FAIR;NOT_RL_ELIGIBLE,ORACLE_DIAGNOSTIC_ONLY,unified/pass,PASS,9.98218262474442,9.051011951895433,-0.931170672848987,True,True,True,0,3301,1,1,-0.913415746172999,TARGET_PRESERVED,0.9,1.0,0.09999999999999998,0.089,0.0,False,0.0,0.0,80000,8a015e3f860296dd3aca796cda326c3703d87c07b3f719b51b1eb7fb9b7d4abb
FMNoiseSaopin|jsr=20|seed=10345|center=4000|Oracle_FrFT_UpperBound,FMNoiseSaopin,20.0,10345,4000,Oracle_FrFT_UpperBound,ORACLE_DIAGNOSTIC_ONLY;NOT_FAIR;NOT_RL_ELIGIBLE,ORACLE_DIAGNOSTIC_ONLY,unified/pass,PASS,9.95478625594863,9.039766573764869,-0.9150196821837611,True,True,True,0,3801,1,1,-0.913415746172999,TARGET_PRESERVED,0.9,1.0,0.09999999999999998,0.089,0.0,False,0.0,0.0,80000,8a015e3f860296dd3aca796cda326c3703d87c07b3f719b51b1eb7fb9b7d4abb
FMNoiseSaopin|jsr=20|seed=10346|center=1000|Oracle_FrFT_UpperBound,FMNoiseSaopin,20.0,10346,1000,Oracle_FrFT_UpperBound,ORACLE_DIAGNOSTIC_ONLY;NOT_FAIR;NOT_RL_ELIGIBLE,ORACLE_DIAGNOSTIC_ONLY,unified/pass,PASS,11.540054239799247,10.972148927773063,-0.5679053120261841,True,False,True,1,2,1,0,-0.9134157461729969,TARGET_PRESERVED,0.9,1.0,0.09999999999999998,0.089,0.5085992599574211,False,0.0,0.0,80000,8a015e3f860296dd3aca796cda326c3703d87c07b3f719b51b1eb7fb9b7d4abb
FMNoiseSaopin|jsr=20|seed=10346|center=1500|Oracle_FrFT_UpperBound,FMNoiseSaopin,20.0,10346,1500,Oracle_FrFT_UpperBound,ORACLE_DIAGNOSTIC_ONLY;NOT_FAIR;NOT_RL_ELIGIBLE,ORACLE_DIAGNOSTIC_ONLY,unified/pass,PASS,10.039401144862886,9.13396710442723,-0.9054340404356562,True,True,True,0,749,0,0,-0.913415746172999,TARGET_PRESERVED,0.9,1.0,0.09999999999999998,0.089,0.02729819494659628,False,0.0,0.0,80000,8a015e3f860296dd3aca796cda326c3703d87c07b3f719b51b1eb7fb9b7d4abb
FMNoiseSaopin|jsr=20|seed=10346|center=2500|Oracle_FrFT_UpperBound,FMNoiseSaopin,20.0,10346,2500,Oracle_FrFT_UpperBound,ORACLE_DIAGNOSTIC_ONLY;NOT_FAIR;NOT_RL_ELIGIBLE,ORACLE_DIAGNOSTIC_ONLY,unified/pass,PASS,10.033277350962187,9.079080406084877,-0.9541969448773102,True,True,True,0,1752,0,0,-0.913415746172999,TARGET_PRESERVED,0.9,1.0,0.09999999999999998,0.089,0.0,False,0.0,0.0,80000,8a015e3f860296dd3aca796cda326c3703d87c07b3f719b51b1eb7fb9b7d4abb
FMNoiseSaopin|jsr=20|seed=10346|center=3500|Oracle_FrFT_UpperBound,FMNoiseSaopin,20.0,10346,3500,Oracle_FrFT_UpperBound,ORACLE_DIAGNOSTIC_ONLY;NOT_FAIR;NOT_RL_ELIGIBLE,ORACLE_DIAGNOSTIC_ONLY,unified/pass,PASS,9.951793888828849,9.013469489717744,-0.9383243991111048,True,True,True,0,2752,1,1,-0.913415746172999,TARGET_PRESERVED,0.9,1.0,0.09999999999999998,0.089,0.0,False,0.0,0.0,80000,8a015e3f860296dd3aca796cda326c3703d87c07b3f719b51b1eb7fb9b7d4abb
FMNoiseSaopin|jsr=20|seed=10346|center=4000|Oracle_FrFT_UpperBound,FMNoiseSaopin,20.0,10346,4000,Oracle_FrFT_UpperBound,ORACLE_DIAGNOSTIC_ONLY;NOT_FAIR;NOT_RL_ELIGIBLE,ORACLE_DIAGNOSTIC_ONLY,unified/pass,PASS,10.146577541180504,9.231859515598442,-0.9147180255820615,True,True,True,0,3252,1,1,-0.913415746172999,TARGET_PRESERVED,0.9,1.0,0.09999999999999998,0.089,0.0,False,0.0,0.0,80000,8a015e3f860296dd3aca796cda326c3703d87c07b3f719b51b1eb7fb9b7d4abb
FMNoiseSaopin|jsr=20|seed=10347|center=1000|Oracle_FrFT_UpperBound,FMNoiseSaopin,20.0,10347,1000,Oracle_FrFT_UpperBound,ORACLE_DIAGNOSTIC_ONLY;NOT_FAIR;NOT_RL_ELIGIBLE,ORACLE_DIAGNOSTIC_ONLY,unified/pass,PASS,11.328757395852424,9.597256117182711,-1.7315012786697128,False,False,False,6,67,0,0,-0.9134157461729969,TARGET_PRESERVED,0.9,1.0,0.09999999999999998,0.089,0.42342050303991857,False,0.0,0.0,80000,8a015e3f860296dd3aca796cda326c3703d87c07b3f719b51b1eb7fb9b7d4abb
FMNoiseSaopin|jsr=20|seed=10347|center=1500|Oracle_FrFT_UpperBound,FMNoiseSaopin,20.0,10347,1500,Oracle_FrFT_UpperBound,ORACLE_DIAGNOSTIC_ONLY;NOT_FAIR;NOT_RL_ELIGIBLE,ORACLE_DIAGNOSTIC_ONLY,unified/pass,PASS,10.908896209303451,9.977462747323072,-0.9314334619803795,True,True,True,0,0,0,0,-0.913415746172999,TARGET_PRESERVED,0.9,1.0,0.09999999999999998,0.089,0.0400169863972982,False,0.0,0.0,80000,8a015e3f860296dd3aca796cda326c3703d87c07b3f719b51b1eb7fb9b7d4abb
FMNoiseSaopin|jsr=20|seed=10347|center=2500|Oracle_FrFT_UpperBound,FMNoiseSaopin,20.0,10347,2500,Oracle_FrFT_UpperBound,ORACLE_DIAGNOSTIC_ONLY;NOT_FAIR;NOT_RL_ELIGIBLE,ORACLE_DIAGNOSTIC_ONLY,unified/pass,PASS,10.818287972399173,9.911788578193358,-0.9064993942058148,True,True,True,0,0,0,0,-0.913415746172999,TARGET_PRESERVED,0.9,1.0,0.09999999999999998,0.089,0.0,False,0.0,0.0,80000,8a015e3f860296dd3aca796cda326c3703d87c07b3f719b51b1eb7fb9b7d4abb
FMNoiseSaopin|jsr=20|seed=10347|center=3500|Oracle_FrFT_UpperBound,FMNoiseSaopin,20.0,10347,3500,Oracle_FrFT_UpperBound,ORACLE_DIAGNOSTIC_ONLY;NOT_FAIR;NOT_RL_ELIGIBLE,ORACLE_DIAGNOSTIC_ONLY,unified/pass,PASS,10.950917897143242,10.014236782161639,-0.936681114981603,True,True,True,0,0,0,0,-0.913415746172999,TARGET_PRESERVED,0.9,1.0,0.09999999999999998,0.089,0.0,False,0.0,0.0,80000,8a015e3f860296dd3aca796cda326c3703d87c07b3f719b51b1eb7fb9b7d4abb
FMNoiseSaopin|jsr=20|seed=10347|center=4000|Oracle_FrFT_UpperBound,FMNoiseSaopin,20.0,10347,4000,Oracle_FrFT_UpperBound,ORACLE_DIAGNOSTIC_ONLY;NOT_FAIR;NOT_RL_ELIGIBLE,ORACLE_DIAGNOSTIC_ONLY,unified/pass,PASS,10.977102819149653,10.10026656176359,-0.8768362573860635,True,True,True,0,0,0,0,-0.913415746172999,TARGET_PRESERVED,0.9,1.0,0.09999999999999998,0.089,0.0,False,0.0,0.0,80000,8a015e3f860296dd3aca796cda326c3703d87c07b3f719b51b1eb7fb9b7d4abb
FMNoiseSaopin|jsr=20|seed=10348|center=1000|Oracle_FrFT_UpperBound,FMNoiseSaopin,20.0,10348,1000,Oracle_FrFT_UpperBound,ORACLE_DIAGNOSTIC_ONLY;NOT_FAIR;NOT_RL_ELIGIBLE,ORACLE_DIAGNOSTIC_ONLY,unified/pass,PASS,11.3137115783076,10.165256999677222,-1.1484545786303784,False,False,False,6,69,2,2,-0.9134157461729969,TARGET_PRESERVED,0.9,1.0,0.09999999999999998,0.089,0.4237922850526674,False,0.0,0.0,80000,8a015e3f860296dd3aca796cda326c3703d87c07b3f719b51b1eb7fb9b7d4abb
FMNoiseSaopin|jsr=20|seed=10348|center=1500|Oracle_FrFT_UpperBound,FMNoiseSaopin,20.0,10348,1500,Oracle_FrFT_UpperBound,ORACLE_DIAGNOSTIC_ONLY;NOT_FAIR;NOT_RL_ELIGIBLE,ORACLE_DIAGNOSTIC_ONLY,unified/pass,PASS,10.901648588923829,9.99435198113922,-0.907296607784609,True,True,True,0,0,2,3,-0.913415746172999,TARGET_PRESERVED,0.9,1.0,0.09999999999999998,0.089,0.026815431891089536,False,0.0,0.0,80000,8a015e3f860296dd3aca796cda326c3703d87c07b3f719b51b1eb7fb9b7d4abb
FMNoiseSaopin|jsr=20|seed=10348|center=2500|Oracle_FrFT_UpperBound,FMNoiseSaopin,20.0,10348,2500,Oracle_FrFT_UpperBound,ORACLE_DIAGNOSTIC_ONLY;NOT_FAIR;NOT_RL_ELIGIBLE,ORACLE_DIAGNOSTIC_ONLY,unified/pass,PASS,10.753644640309872,9.862395033624857,-0.8912496066850153,True,True,True,0,0,1,1,-0.913415746172999,TARGET_PRESERVED,0.9,1.0,0.09999999999999998,0.089,0.0,False,0.0,0.0,80000,8a015e3f860296dd3aca796cda326c3703d87c07b3f719b51b1eb7fb9b7d4abb
FMNoiseSaopin|jsr=20|seed=10348|center=3500|Oracle_FrFT_UpperBound,FMNoiseSaopin,20.0,10348,3500,Oracle_FrFT_UpperBound,ORACLE_DIAGNOSTIC_ONLY;NOT_FAIR;NOT_RL_ELIGIBLE,ORACLE_DIAGNOSTIC_ONLY,unified/pass,PASS,10.834849198861614,9.895159367172417,-0.9396898316891971,True,True,True,0,0,0,0,-0.913415746172999,TARGET_PRESERVED,0.9,1.0,0.09999999999999998,0.089,0.0,False,0.0,0.0,80000,8a015e3f860296dd3aca796cda326c3703d87c07b3f719b51b1eb7fb9b7d4abb
FMNoiseSaopin|jsr=20|seed=10348|center=4000|Oracle_FrFT_UpperBound,FMNoiseSaopin,20.0,10348,4000,Oracle_FrFT_UpperBound,ORACLE_DIAGNOSTIC_ONLY;NOT_FAIR;NOT_RL_ELIGIBLE,ORACLE_DIAGNOSTIC_ONLY,unified/pass,PASS,10.911351476383377,9.98728912239796,-0.9240623539854163,True,True,True,0,0,0,0,-0.913415746172999,TARGET_PRESERVED,0.9,1.0,0.09999999999999998,0.089,0.0,False,0.0,0.0,80000,8a015e3f860296dd3aca796cda326c3703d87c07b3f719b51b1eb7fb9b7d4abb
FMNoiseSaopin|jsr=20|seed=10349|center=1000|Oracle_FrFT_UpperBound,FMNoiseSaopin,20.0,10349,1000,Oracle_FrFT_UpperBound,ORACLE_DIAGNOSTIC_ONLY;NOT_FAIR;NOT_RL_ELIGIBLE,ORACLE_DIAGNOSTIC_ONLY,unified/pass,PASS,11.37584848253095,10.544205322284538,-0.8316431602464114,False,False,False,5,82,0,0,-0.9134157461729969,TARGET_PRESERVED,0.9,1.0,0.09999999999999998,0.089,0.40121487395227307,False,0.0,0.0,80000,8a015e3f860296dd3aca796cda326c3703d87c07b3f719b51b1eb7fb9b7d4abb
FMNoiseSaopin|jsr=20|seed=10349|center=1500|Oracle_FrFT_UpperBound,FMNoiseSaopin,20.0,10349,1500,Oracle_FrFT_UpperBound,ORACLE_DIAGNOSTIC_ONLY;NOT_FAIR;NOT_RL_ELIGIBLE,ORACLE_DIAGNOSTIC_ONLY,unified/pass,PASS,11.080028038236433,10.156280877342672,-0.9237471608937611,True,True,True,0,0,0,0,-0.913415746172999,TARGET_PRESERVED,0.9,1.0,0.09999999999999998,0.089,0.024900389721610405,False,0.0,0.0,80000,8a015e3f860296dd3aca796cda326c3703d87c07b3f719b51b1eb7fb9b7d4abb
FMNoiseSaopin|jsr=20|seed=10349|center=2500|Oracle_FrFT_UpperBound,FMNoiseSaopin,20.0,10349,2500,Oracle_FrFT_UpperBound,ORACLE_DIAGNOSTIC_ONLY;NOT_FAIR;NOT_RL_ELIGIBLE,ORACLE_DIAGNOSTIC_ONLY,unified/pass,PASS,11.118407401959383,10.22663389765903,-0.8917735043003532,True,True,True,0,0,0,0,-0.913415746172999,TARGET_PRESERVED,0.9,1.0,0.09999999999999998,0.089,0.0,False,0.0,0.0,80000,8a015e3f860296dd3aca796cda326c3703d87c07b3f719b51b1eb7fb9b7d4abb
FMNoiseSaopin|jsr=20|seed=10349|center=3500|Oracle_FrFT_UpperBound,FMNoiseSaopin,20.0,10349,3500,Oracle_FrFT_UpperBound,ORACLE_DIAGNOSTIC_ONLY;NOT_FAIR;NOT_RL_ELIGIBLE,ORACLE_DIAGNOSTIC_ONLY,unified/pass,PASS,11.154500179361449,10.267402850697804,-0.8870973286636445,True,True,True,0,0,1,0,-0.913415746172999,TARGET_PRESERVED,0.9,1.0,0.09999999999999998,0.089,0.0,False,0.0,0.0,80000,8a015e3f860296dd3aca796cda326c3703d87c07b3f719b51b1eb7fb9b7d4abb
FMNoiseSaopin|jsr=20|seed=10349|center=4000|Oracle_FrFT_UpperBound,FMNoiseSaopin,20.0,10349,4000,Oracle_FrFT_UpperBound,ORACLE_DIAGNOSTIC_ONLY;NOT_FAIR;NOT_RL_ELIGIBLE,ORACLE_DIAGNOSTIC_ONLY,unified/pass,PASS,11.056662179454529,10.132170208423123,-0.9244919710314061,True,True,True,0,0,2,0,-0.913415746172999,TARGET_PRESERVED,0.9,1.0,0.09999999999999998,0.089,0.0,False,0.0,0.0,80000,8a015e3f860296dd3aca796cda326c3703d87c07b3f719b51b1eb7fb9b7d4abb
FMNoiseSaopin|jsr=30|seed=10300|center=1000|Oracle_FrFT_UpperBound,FMNoiseSaopin,30.0,10300,1000,Oracle_FrFT_UpperBound,ORACLE_DIAGNOSTIC_ONLY;NOT_FAIR;NOT_RL_ELIGIBLE,ORACLE_DIAGNOSTIC_ONLY,unified/pass,PASS,5.15229159014323,5.815605051355648,0.6633134612124181,False,False,False,264,271,0,0,-0.9134157461729969,TARGET_PRESERVED,0.9,1.0,0.09999999999999998,0.089,0.4952059618246117,False,0.0,0.0,80000,8a015e3f860296dd3aca796cda326c3703d87c07b3f719b51b1eb7fb9b7d4abb
FMNoiseSaopin|jsr=30|seed=10300|center=1500|Oracle_FrFT_UpperBound,FMNoiseSaopin,30.0,10300,1500,Oracle_FrFT_UpperBound,ORACLE_DIAGNOSTIC_ONLY;NOT_FAIR;NOT_RL_ELIGIBLE,ORACLE_DIAGNOSTIC_ONLY,unified/pass,PASS,0.11115776143012375,-0.8265397979650331,-0.9376975593951569,True,True,True,764,761,0,0,-0.913415746172999,TARGET_PRESERVED,0.9,1.0,0.09999999999999998,0.089,0.032245121474949574,False,0.0,0.0,80000,8a015e3f860296dd3aca796cda326c3703d87c07b3f719b51b1eb7fb9b7d4abb
FMNoiseSaopin|jsr=30|seed=10300|center=2500|Oracle_FrFT_UpperBound,FMNoiseSaopin,30.0,10300,2500,Oracle_FrFT_UpperBound,ORACLE_DIAGNOSTIC_ONLY;NOT_FAIR;NOT_RL_ELIGIBLE,ORACLE_DIAGNOSTIC_ONLY,unified/pass,PASS,0.14666209277791772,-0.7667440384526458,-0.9134061312305636,True,True,True,1759,1759,0,0,-0.913415746172999,TARGET_PRESERVED,0.9,1.0,0.09999999999999998,0.089,0.0,False,0.0,0.0,80000,8a015e3f860296dd3aca796cda326c3703d87c07b3f719b51b1eb7fb9b7d4abb
FMNoiseSaopin|jsr=30|seed=10300|center=3500|Oracle_FrFT_UpperBound,FMNoiseSaopin,30.0,10300,3500,Oracle_FrFT_UpperBound,ORACLE_DIAGNOSTIC_ONLY;NOT_FAIR;NOT_RL_ELIGIBLE,ORACLE_DIAGNOSTIC_ONLY,unified/pass,PASS,0.05940247221919967,-0.8270755502561676,-0.8864780224753673,True,True,True,2759,2759,0,0,-0.913415746172999,TARGET_PRESERVED,0.9,1.0,0.09999999999999998,0.089,0.0,False,0.0,0.0,80000,8a015e3f860296dd3aca796cda326c3703d87c07b3f719b51b1eb7fb9b7d4abb
FMNoiseSaopin|jsr=30|seed=10300|center=4000|Oracle_FrFT_UpperBound,FMNoiseSaopin,30.0,10300,4000,Oracle_FrFT_UpperBound,ORACLE_DIAGNOSTIC_ONLY;NOT_FAIR;NOT_RL_ELIGIBLE,ORACLE_DIAGNOSTIC_ONLY,unified/pass,PASS,0.06882918413406668,-0.8306429465653229,-0.8994721306993896,True,True,True,3259,3259,1,0,-0.913415746172999,TARGET_PRESERVED,0.9,1.0,0.09999999999999998,0.089,0.0,False,0.0,0.0,80000,8a015e3f860296dd3aca796cda326c3703d87c07b3f719b51b1eb7fb9b7d4abb
FMNoiseSaopin|jsr=30|seed=10301|center=1000|Oracle_FrFT_UpperBound,FMNoiseSaopin,30.0,10301,1000,Oracle_FrFT_UpperBound,ORACLE_DIAGNOSTIC_ONLY;NOT_FAIR;NOT_RL_ELIGIBLE,ORACLE_DIAGNOSTIC_ONLY,unified/pass,PASS,9.595026563767338,6.704872909754172,-2.890153654013165,False,False,False,7,83,0,0,-0.9134157461729969,TARGET_PRESERVED,0.9,1.0,0.09999999999999998,0.089,0.4406873589028057,False,0.0,0.0,80000,8a015e3f860296dd3aca796cda326c3703d87c07b3f719b51b1eb7fb9b7d4abb
FMNoiseSaopin|jsr=30|seed=10301|center=1500|Oracle_FrFT_UpperBound,FMNoiseSaopin,30.0,10301,1500,Oracle_FrFT_UpperBound,ORACLE_DIAGNOSTIC_ONLY;NOT_FAIR;NOT_RL_ELIGIBLE,ORACLE_DIAGNOSTIC_ONLY,unified/pass,PASS,0.6227133030233198,-0.2933205982866903,-0.9160339013100102,True,True,True,598,598,0,0,-0.913415746172999,TARGET_PRESERVED,0.9,1.0,0.09999999999999998,0.089,0.03603842317669319,False,0.0,0.0,80000,8a015e3f860296dd3aca796cda326c3703d87c07b3f719b51b1eb7fb9b7d4abb
FMNoiseSaopin|jsr=30|seed=10301|center=2500|Oracle_FrFT_UpperBound,FMNoiseSaopin,30.0,10301,2500,Oracle_FrFT_UpperBound,ORACLE_DIAGNOSTIC_ONLY;NOT_FAIR;NOT_RL_ELIGIBLE,ORACLE_DIAGNOSTIC_ONLY,unified/pass,PASS,0.8076345320803696,-0.10345997429203306,-0.9110945063724026,True,True,True,1598,1598,0,0,-0.913415746172999,TARGET_PRESERVED,0.9,1.0,0.09999999999999998,0.089,0.0,False,0.0,0.0,80000,8a015e3f860296dd3aca796cda326c3703d87c07b3f719b51b1eb7fb9b7d4abb
FMNoiseSaopin|jsr=30|seed=10301|center=3500|Oracle_FrFT_UpperBound,FMNoiseSaopin,30.0,10301,3500,Oracle_FrFT_UpperBound,ORACLE_DIAGNOSTIC_ONLY;NOT_FAIR;NOT_RL_ELIGIBLE,ORACLE_DIAGNOSTIC_ONLY,unified/pass,PASS,0.7759324825483136,-0.13864942500446575,-0.9145819075527793,True,True,True,2598,2598,0,0,-0.913415746172999,TARGET_PRESERVED,0.9,1.0,0.09999999999999998,0.089,0.0,False,0.0,0.0,80000,8a015e3f860296dd3aca796cda326c3703d87c07b3f719b51b1eb7fb9b7d4abb
FMNoiseSaopin|jsr=30|seed=10301|center=4000|Oracle_FrFT_UpperBound,FMNoiseSaopin,30.0,10301,4000,Oracle_FrFT_UpperBound,ORACLE_DIAGNOSTIC_ONLY;NOT_FAIR;NOT_RL_ELIGIBLE,ORACLE_DIAGNOSTIC_ONLY,unified/pass,PASS,0.6386517365825796,-0.2605908833286368,-0.8992426199112163,True,True,True,3098,3098,0,0,-0.913415746172999,TARGET_PRESERVED,0.9,1.0,0.09999999999999998,0.089,0.0,False,0.0,0.0,80000,8a015e3f860296dd3aca796cda326c3703d87c07b3f719b51b1eb7fb9b7d4abb
FMNoiseSaopin|jsr=30|seed=10302|center=1000|Oracle_FrFT_UpperBound,FMNoiseSaopin,30.0,10302,1000,Oracle_FrFT_UpperBound,ORACLE_DIAGNOSTIC_ONLY;NOT_FAIR;NOT_RL_ELIGIBLE,ORACLE_DIAGNOSTIC_ONLY,unified/pass,PASS,7.008170608828185,6.740265114428801,-0.2679054943993844,False,False,False,843,594,0,0,-0.9134157461729969,TARGET_PRESERVED,0.9,1.0,0.09999999999999998,0.089,0.5082347303361996,False,0.0,0.0,80000,8a015e3f860296dd3aca796cda326c3703d87c07b3f719b51b1eb7fb9b7d4abb
FMNoiseSaopin|jsr=30|seed=10302|center=1500|Oracle_FrFT_UpperBound,FMNoiseSaopin,30.0,10302,1500,Oracle_FrFT_UpperBound,ORACLE_DIAGNOSTIC_ONLY;NOT_FAIR;NOT_RL_ELIGIBLE,ORACLE_DIAGNOSTIC_ONLY,unified/pass,PASS,-0.20617035229656477,-1.101171867026069,-0.8950015147295043,True,True,True,1343,1343,0,1,-0.913415746172999,TARGET_PRESERVED,0.9,1.0,0.09999999999999998,0.089,0.035881448962139184,False,0.0,0.0,80000,8a015e3f860296dd3aca796cda326c3703d87c07b3f719b51b1eb7fb9b7d4abb
FMNoiseSaopin|jsr=30|seed=10302|center=2500|Oracle_FrFT_UpperBound,FMNoiseSaopin,30.0,10302,2500,Oracle_FrFT_UpperBound,ORACLE_DIAGNOSTIC_ONLY;NOT_FAIR;NOT_RL_ELIGIBLE,ORACLE_DIAGNOSTIC_ONLY,unified/pass,PASS,0.04339746405723857,-0.8823086463464398,-0.9257061104036783,True,True,True,2343,2343,0,0,-0.913415746172999,TARGET_PRESERVED,0.9,1.0,0.09999999999999998,0.089,0.0,False,0.0,0.0,80000,8a015e3f860296dd3aca796cda326c3703d87c07b3f719b51b1eb7fb9b7d4abb
FMNoiseSaopin|jsr=30|seed=10302|center=3500|Oracle_FrFT_UpperBound,FMNoiseSaopin,30.0,10302,3500,Oracle_FrFT_UpperBound,ORACLE_DIAGNOSTIC_ONLY;NOT_FAIR;NOT_RL_ELIGIBLE,ORACLE_DIAGNOSTIC_ONLY,unified/pass,PASS,0.04007584355660608,-0.9091668706281154,-0.9492427141847215,True,True,True,3343,3343,0,0,-0.913415746172999,TARGET_PRESERVED,0.9,1.0,0.09999999999999998,0.089,0.0,False,0.0,0.0,80000,8a015e3f860296dd3aca796cda326c3703d87c07b3f719b51b1eb7fb9b7d4abb
FMNoiseSaopin|jsr=30|seed=10302|center=4000|Oracle_FrFT_UpperBound,FMNoiseSaopin,30.0,10302,4000,Oracle_FrFT_UpperBound,ORACLE_DIAGNOSTIC_ONLY;NOT_FAIR;NOT_RL_ELIGIBLE,ORACLE_DIAGNOSTIC_ONLY,unified/pass,PASS,0.007410813909322638,-0.8723201865211138,-0.8797310004304364,True,True,True,3843,3843,0,0,-0.913415746172999,TARGET_PRESERVED,0.9,1.0,0.09999999999999998,0.089,0.0,False,0.0,0.0,80000,8a015e3f860296dd3aca796cda326c3703d87c07b3f719b51b1eb7fb9b7d4abb
FMNoiseSaopin|jsr=30|seed=10303|center=1000|Oracle_FrFT_UpperBound,FMNoiseSaopin,30.0,10303,1000,Oracle_FrFT_UpperBound,ORACLE_DIAGNOSTIC_ONLY;NOT_FAIR;NOT_RL_ELIGIBLE,ORACLE_DIAGNOSTIC_ONLY,unified/pass,PASS,5.078010078566193,5.846117916226065,0.7681078376598727,False,False,False,802,594,0,0,-0.9134157461729969,TARGET_PRESERVED,0.9,1.0,0.09999999999999998,0.089,0.5001784104758674,False,0.0,0.0,80000,8a015e3f860296dd3aca796cda326c3703d87c07b3f719b51b1eb7fb9b7d4abb
FMNoiseSaopin|jsr=30|seed=10303|center=1500|Oracle_FrFT_UpperBound,FMNoiseSaopin,30.0,10303,1500,Oracle_FrFT_UpperBound,ORACLE_DIAGNOSTIC_ONLY;NOT_FAIR;NOT_RL_ELIGIBLE,ORACLE_DIAGNOSTIC_ONLY,unified/pass,PASS,-0.06913457661282477,-0.9891806955194292,-0.9200461189066045,True,True,True,1302,1302,0,0,-0.913415746172999,TARGET_PRESERVED,0.9,1.0,0.09999999999999998,0.089,0.04513855748761994,False,0.0,0.0,80000,8a015e3f860296dd3aca796cda326c3703d87c07b3f719b51b1eb7fb9b7d4abb
FMNoiseSaopin|jsr=30|seed=10303|center=2500|Oracle_FrFT_UpperBound,FMNoiseSaopin,30.0,10303,2500,Oracle_FrFT_UpperBound,ORACLE_DIAGNOSTIC_ONLY;NOT_FAIR;NOT_RL_ELIGIBLE,ORACLE_DIAGNOSTIC_ONLY,unified/pass,PASS,0.04935338925294633,-0.8349842416694403,-0.8843376309223866,True,True,True,2302,2302,0,0,-0.913415746172999,TARGET_PRESERVED,0.9,1.0,0.09999999999999998,0.089,0.0,False,0.0,0.0,80000,8a015e3f860296dd3aca796cda326c3703d87c07b3f719b51b1eb7fb9b7d4abb
FMNoiseSaopin|jsr=30|seed=10303|center=3500|Oracle_FrFT_UpperBound,FMNoiseSaopin,30.0,10303,3500,Oracle_FrFT_UpperBound,ORACLE_DIAGNOSTIC_ONLY;NOT_FAIR;NOT_RL_ELIGIBLE,ORACLE_DIAGNOSTIC_ONLY,unified/pass,PASS,-0.000522626058102418,-0.9280618661556551,-0.9275392400975527,True,True,True,3302,3302,0,0,-0.913415746172999,TARGET_PRESERVED,0.9,1.0,0.09999999999999998,0.089,0.0,False,0.0,0.0,80000,8a015e3f860296dd3aca796cda326c3703d87c07b3f719b51b1eb7fb9b7d4abb
FMNoiseSaopin|jsr=30|seed=10303|center=4000|Oracle_FrFT_UpperBound,FMNoiseSaopin,30.0,10303,4000,Oracle_FrFT_UpperBound,ORACLE_DIAGNOSTIC_ONLY;NOT_FAIR;NOT_RL_ELIGIBLE,ORACLE_DIAGNOSTIC_ONLY,unified/pass,PASS,0.12995674943936508,-0.7877236502464412,-0.9176803996858063,True,True,True,3802,3802,0,0,-0.913415746172999,TARGET_PRESERVED,0.9,1.0,0.09999999999999998,0.089,0.0,False,0.0,0.0,80000,8a015e3f860296dd3aca796cda326c3703d87c07b3f719b51b1eb7fb9b7d4abb
FMNoiseSaopin|jsr=30|seed=10304|center=1000|Oracle_FrFT_UpperBound,FMNoiseSaopin,30.0,10304,1000,Oracle_FrFT_UpperBound,ORACLE_DIAGNOSTIC_ONLY;NOT_FAIR;NOT_RL_ELIGIBLE,ORACLE_DIAGNOSTIC_ONLY,unified/pass,PASS,9.4374051439788,7.148414877804868,-2.2889902661739328,False,False,False,273,289,0,0,-0.9134157461729969,TARGET_PRESERVED,0.9,1.0,0.09999999999999998,0.089,0.4204957776056294,False,0.0,0.0,80000,8a015e3f860296dd3aca796cda326c3703d87c07b3f719b51b1eb7fb9b7d4abb
FMNoiseSaopin|jsr=30|seed=10304|center=1500|Oracle_FrFT_UpperBound,FMNoiseSaopin,30.0,10304,1500,Oracle_FrFT_UpperBound,ORACLE_DIAGNOSTIC_ONLY;NOT_FAIR;NOT_RL_ELIGIBLE,ORACLE_DIAGNOSTIC_ONLY,unified/pass,PASS,0.9027950175522352,0.008476326292509495,-0.8943186912597257,True,True,True,773,775,0,0,-0.913415746172999,TARGET_PRESERVED,0.9,1.0,0.09999999999999998,0.089,0.029835457972942285,False,0.0,0.0,80000,8a015e3f860296dd3aca796cda326c3703d87c07b3f719b51b1eb7fb9b7d4abb
FMNoiseSaopin|jsr=30|seed=10304|center=2500|Oracle_FrFT_UpperBound,FMNoiseSaopin,30.0,10304,2500,Oracle_FrFT_UpperBound,ORACLE_DIAGNOSTIC_ONLY;NOT_FAIR;NOT_RL_ELIGIBLE,ORACLE_DIAGNOSTIC_ONLY,unified/pass,PASS,0.9486104382208288,0.017610061959242904,-0.9310003762615859,True,True,True,1773,1773,0,0,-0.913415746172999,TARGET_PRESERVED,0.9,1.0,0.09999999999999998,0.089,0.0,False,0.0,0.0,80000,8a015e3f860296dd3aca796cda326c3703d87c07b3f719b51b1eb7fb9b7d4abb
FMNoiseSaopin|jsr=30|seed=10304|center=3500|Oracle_FrFT_UpperBound,FMNoiseSaopin,30.0,10304,3500,Oracle_FrFT_UpperBound,ORACLE_DIAGNOSTIC_ONLY;NOT_FAIR;NOT_RL_ELIGIBLE,ORACLE_DIAGNOSTIC_ONLY,unified/pass,PASS,0.8718808171584342,-0.02862038394937252,-0.9005012011078067,True,True,True,2773,2773,1,0,-0.913415746172999,TARGET_PRESERVED,0.9,1.0,0.09999999999999998,0.089,0.0,False,0.0,0.0,80000,8a015e3f860296dd3aca796cda326c3703d87c07b3f719b51b1eb7fb9b7d4abb
FMNoiseSaopin|jsr=30|seed=10304|center=4000|Oracle_FrFT_UpperBound,FMNoiseSaopin,30.0,10304,4000,Oracle_FrFT_UpperBound,ORACLE_DIAGNOSTIC_ONLY;NOT_FAIR;NOT_RL_ELIGIBLE,ORACLE_DIAGNOSTIC_ONLY,unified/pass,PASS,0.8921496393207211,0.005841386422035936,-0.8863082528986852,True,True,True,3273,3273,0,0,-0.913415746172999,TARGET_PRESERVED,0.9,1.0,0.09999999999999998,0.089,0.0,False,0.0,0.0,80000,8a015e3f860296dd3aca796cda326c3703d87c07b3f719b51b1eb7fb9b7d4abb
FMNoiseSaopin|jsr=30|seed=10305|center=1000|Oracle_FrFT_UpperBound,FMNoiseSaopin,30.0,10305,1000,Oracle_FrFT_UpperBound,ORACLE_DIAGNOSTIC_ONLY;NOT_FAIR;NOT_RL_ELIGIBLE,ORACLE_DIAGNOSTIC_ONLY,unified/pass,PASS,6.0458945541587745,5.533510666092316,-0.5123838880664584,False,False,False,846,239,0,0,-0.9134157461729969,TARGET_PRESERVED,0.9,1.0,0.09999999999999998,0.089,0.49158614816268137,False,0.0,0.0,80000,8a015e3f860296dd3aca796cda326c3703d87c07b3f719b51b1eb7fb9b7d4abb
FMNoiseSaopin|jsr=30|seed=10305|center=1500|Oracle_FrFT_UpperBound,FMNoiseSaopin,30.0,10305,1500,Oracle_FrFT_UpperBound,ORACLE_DIAGNOSTIC_ONLY;NOT_FAIR;NOT_RL_ELIGIBLE,ORACLE_DIAGNOSTIC_ONLY,unified/pass,PASS,0.06905163006058165,-0.8369714690169641,-0.9060230990775457,True,True,True,1346,1346,0,0,-0.913415746172999,TARGET_PRESERVED,0.9,1.0,0.09999999999999998,0.089,0.022811632514050433,False,0.0,0.0,80000,8a015e3f860296dd3aca796cda326c3703d87c07b3f719b51b1eb7fb9b7d4abb
FMNoiseSaopin|jsr=30|seed=10305|center=2500|Oracle_FrFT_UpperBound,FMNoiseSaopin,30.0,10305,2500,Oracle_FrFT_UpperBound,ORACLE_DIAGNOSTIC_ONLY;NOT_FAIR;NOT_RL_ELIGIBLE,ORACLE_DIAGNOSTIC_ONLY,unified/pass,PASS,0.1456573784371755,-0.7416441444598585,-0.887301522897034,True,True,True,2346,2346,0,0,-0.913415746172999,TARGET_PRESERVED,0.9,1.0,0.09999999999999998,0.089,0.0,False,0.0,0.0,80000,8a015e3f860296dd3aca796cda326c3703d87c07b3f719b51b1eb7fb9b7d4abb
FMNoiseSaopin|jsr=30|seed=10305|center=3500|Oracle_FrFT_UpperBound,FMNoiseSaopin,30.0,10305,3500,Oracle_FrFT_UpperBound,ORACLE_DIAGNOSTIC_ONLY;NOT_FAIR;NOT_RL_ELIGIBLE,ORACLE_DIAGNOSTIC_ONLY,unified/pass,PASS,0.1284055069754343,-0.766508839948381,-0.8949143469238153,True,True,True,3346,3346,0,0,-0.913415746172999,TARGET_PRESERVED,0.9,1.0,0.09999999999999998,0.089,0.0,False,0.0,0.0,80000,8a015e3f860296dd3aca796cda326c3703d87c07b3f719b51b1eb7fb9b7d4abb
FMNoiseSaopin|jsr=30|seed=10305|center=4000|Oracle_FrFT_UpperBound,FMNoiseSaopin,30.0,10305,4000,Oracle_FrFT_UpperBound,ORACLE_DIAGNOSTIC_ONLY;NOT_FAIR;NOT_RL_ELIGIBLE,ORACLE_DIAGNOSTIC_ONLY,unified/pass,PASS,0.12383775545822233,-0.7611951718689064,-0.8850329273271287,True,True,True,3846,3846,0,0,-0.913415746172999,TARGET_PRESERVED,0.9,1.0,0.09999999999999998,0.089,0.0,False,0.0,0.0,80000,8a015e3f860296dd3aca796cda326c3703d87c07b3f719b51b1eb7fb9b7d4abb
FMNoiseSaopin|jsr=30|seed=10306|center=1000|Oracle_FrFT_UpperBound,FMNoiseSaopin,30.0,10306,1000,Oracle_FrFT_UpperBound,ORACLE_DIAGNOSTIC_ONLY;NOT_FAIR;NOT_RL_ELIGIBLE,ORACLE_DIAGNOSTIC_ONLY,unified/pass,PASS,4.483885263896848,3.305438935999507,-1.1784463278973414,True,False,True,734,738,1,1,-0.9134157461729969,TARGET_PRESERVED,0.9,1.0,0.09999999999999998,0.089,0.20045991070029462,False,0.0,0.0,80000,8a015e3f860296dd3aca796cda326c3703d87c07b3f719b51b1eb7fb9b7d4abb
FMNoiseSaopin|jsr=30|seed=10306|center=1500|Oracle_FrFT_UpperBound,FMNoiseSaopin,30.0,10306,1500,Oracle_FrFT_UpperBound,ORACLE_DIAGNOSTIC_ONLY;NOT_FAIR;NOT_RL_ELIGIBLE,ORACLE_DIAGNOSTIC_ONLY,unified/pass,PASS,4.667398728418346,3.0570287328962054,-1.6103699955221402,True,True,True,1234,1234,1,1,-0.913415746172999,TARGET_PRESERVED,0.9,1.0,0.09999999999999998,0.089,0.025074705361372553,False,0.0,0.0,80000,8a015e3f860296dd3aca796cda326c3703d87c07b3f719b51b1eb7fb9b7d4abb
FMNoiseSaopin|jsr=30|seed=10306|center=2500|Oracle_FrFT_UpperBound,FMNoiseSaopin,30.0,10306,2500,Oracle_FrFT_UpperBound,ORACLE_DIAGNOSTIC_ONLY;NOT_FAIR;NOT_RL_ELIGIBLE,ORACLE_DIAGNOSTIC_ONLY,unified/pass,PASS,4.658054957925338,3.7548596692503877,-0.9031952886749504,True,True,True,2234,2234,0,0,-0.913415746172999,TARGET_PRESERVED,0.9,1.0,0.09999999999999998,0.089,0.0,False,0.0,0.0,80000,8a015e3f860296dd3aca796cda326c3703d87c07b3f719b51b1eb7fb9b7d4abb
FMNoiseSaopin|jsr=30|seed=10306|center=3500|Oracle_FrFT_UpperBound,FMNoiseSaopin,30.0,10306,3500,Oracle_FrFT_UpperBound,ORACLE_DIAGNOSTIC_ONLY;NOT_FAIR;NOT_RL_ELIGIBLE,ORACLE_DIAGNOSTIC_ONLY,unified/pass,PASS,4.634986267776861,3.7185597244088937,-0.916426543367967,True,True,True,3234,3234,1,0,-0.913415746172999,TARGET_PRESERVED,0.9,1.0,0.09999999999999998,0.089,0.0,False,0.0,0.0,80000,8a015e3f860296dd3aca796cda326c3703d87c07b3f719b51b1eb7fb9b7d4abb
FMNoiseSaopin|jsr=30|seed=10306|center=4000|Oracle_FrFT_UpperBound,FMNoiseSaopin,30.0,10306,4000,Oracle_FrFT_UpperBound,ORACLE_DIAGNOSTIC_ONLY;NOT_FAIR;NOT_RL_ELIGIBLE,ORACLE_DIAGNOSTIC_ONLY,unified/pass,PASS,4.708578971467036,3.817163466114853,-0.8914155053521831,True,True,True,3734,3734,1,1,-0.913415746172999,TARGET_PRESERVED,0.9,1.0,0.09999999999999998,0.089,0.0,False,0.0,0.0,80000,8a015e3f860296dd3aca796cda326c3703d87c07b3f719b51b1eb7fb9b7d4abb
FMNoiseSaopin|jsr=30|seed=10307|center=1000|Oracle_FrFT_UpperBound,FMNoiseSaopin,30.0,10307,1000,Oracle_FrFT_UpperBound,ORACLE_DIAGNOSTIC_ONLY;NOT_FAIR;NOT_RL_ELIGIBLE,ORACLE_DIAGNOSTIC_ONLY,unified/pass,PASS,7.177546995095829,5.292841882802104,-1.8847051122937248,False,False,False,424,447,1,1,-0.9134157461729969,TARGET_PRESERVED,0.9,1.0,0.09999999999999998,0.089,0.508703616248947,False,0.0,0.0,80000,8a015e3f860296dd3aca796cda326c3703d87c07b3f719b51b1eb7fb9b7d4abb
FMNoiseSaopin|jsr=30|seed=10307|center=1500|Oracle_FrFT_UpperBound,FMNoiseSaopin,30.0,10307,1500,Oracle_FrFT_UpperBound,ORACLE_DIAGNOSTIC_ONLY;NOT_FAIR;NOT_RL_ELIGIBLE,ORACLE_DIAGNOSTIC_ONLY,unified/pass,PASS,0.030577076716390338,-0.8857431109568125,-0.9163201876732028,True,True,True,924,926,1,1,-0.913415746172999,TARGET_PRESERVED,0.9,1.0,0.09999999999999998,0.089,0.03281774563233188,False,0.0,0.0,80000,8a015e3f860296dd3aca796cda326c3703d87c07b3f719b51b1eb7fb9b7d4abb
FMNoiseSaopin|jsr=30|seed=10307|center=2500|Oracle_FrFT_UpperBound,FMNoiseSaopin,30.0,10307,2500,Oracle_FrFT_UpperBound,ORACLE_DIAGNOSTIC_ONLY;NOT_FAIR;NOT_RL_ELIGIBLE,ORACLE_DIAGNOSTIC_ONLY,unified/pass,PASS,0.012490597965598876,-0.8988929590815085,-0.9113835570471074,True,True,True,1924,1924,1,1,-0.913415746172999,TARGET_PRESERVED,0.9,1.0,0.09999999999999998,0.089,0.0,False,0.0,0.0,80000,8a015e3f860296dd3aca796cda326c3703d87c07b3f719b51b1eb7fb9b7d4abb
FMNoiseSaopin|jsr=30|seed=10307|center=3500|Oracle_FrFT_UpperBound,FMNoiseSaopin,30.0,10307,3500,Oracle_FrFT_UpperBound,ORACLE_DIAGNOSTIC_ONLY;NOT_FAIR;NOT_RL_ELIGIBLE,ORACLE_DIAGNOSTIC_ONLY,unified/pass,PASS,0.030844219577235876,-0.8914237294409438,-0.9222679490181798,True,True,True,2924,2924,0,0,-0.913415746172999,TARGET_PRESERVED,0.9,1.0,0.09999999999999998,0.089,0.0,False,0.0,0.0,80000,8a015e3f860296dd3aca796cda326c3703d87c07b3f719b51b1eb7fb9b7d4abb
FMNoiseSaopin|jsr=30|seed=10307|center=4000|Oracle_FrFT_UpperBound,FMNoiseSaopin,30.0,10307,4000,Oracle_FrFT_UpperBound,ORACLE_DIAGNOSTIC_ONLY;NOT_FAIR;NOT_RL_ELIGIBLE,ORACLE_DIAGNOSTIC_ONLY,unified/pass,PASS,-0.014398611242661664,-0.9453022099165969,-0.9309035986739352,True,True,True,3424,3424,0,0,-0.913415746172999,TARGET_PRESERVED,0.9,1.0,0.09999999999999998,0.089,0.0,False,0.0,0.0,80000,8a015e3f860296dd3aca796cda326c3703d87c07b3f719b51b1eb7fb9b7d4abb
FMNoiseSaopin|jsr=30|seed=10308|center=1000|Oracle_FrFT_UpperBound,FMNoiseSaopin,30.0,10308,1000,Oracle_FrFT_UpperBound,ORACLE_DIAGNOSTIC_ONLY;NOT_FAIR;NOT_RL_ELIGIBLE,ORACLE_DIAGNOSTIC_ONLY,unified/pass,PASS,20.855653890887055,19.920435729162886,-0.935218161724169,True,False,True,0,2,0,0,-0.9134157461729969,TARGET_PRESERVED,0.9,1.0,0.09999999999999998,0.089,0.036715645547599464,False,0.0,0.0,80000,8a015e3f860296dd3aca796cda326c3703d87c07b3f719b51b1eb7fb9b7d4abb
FMNoiseSaopin|jsr=30|seed=10308|center=1500|Oracle_FrFT_UpperBound,FMNoiseSaopin,30.0,10308,1500,Oracle_FrFT_UpperBound,ORACLE_DIAGNOSTIC_ONLY;NOT_FAIR;NOT_RL_ELIGIBLE,ORACLE_DIAGNOSTIC_ONLY,unified/pass,PASS,20.500045355687256,18.509789022345508,-1.9902563333417476,True,True,True,1,1,0,0,-0.913415746172999,TARGET_PRESERVED,0.9,1.0,0.09999999999999998,0.089,0.023308536068243322,False,0.0,0.0,80000,8a015e3f860296dd3aca796cda326c3703d87c07b3f719b51b1eb7fb9b7d4abb
FMNoiseSaopin|jsr=30|seed=10308|center=2500|Oracle_FrFT_UpperBound,FMNoiseSaopin,30.0,10308,2500,Oracle_FrFT_UpperBound,ORACLE_DIAGNOSTIC_ONLY;NOT_FAIR;NOT_RL_ELIGIBLE,ORACLE_DIAGNOSTIC_ONLY,unified/pass,PASS,20.653005909284474,19.697286619566373,-0.9557192897181004,True,True,True,0,0,0,0,-0.913415746172999,TARGET_PRESERVED,0.9,1.0,0.09999999999999998,0.089,0.0,False,0.0,0.0,80000,8a015e3f860296dd3aca796cda326c3703d87c07b3f719b51b1eb7fb9b7d4abb
FMNoiseSaopin|jsr=30|seed=10308|center=3500|Oracle_FrFT_UpperBound,FMNoiseSaopin,30.0,10308,3500,Oracle_FrFT_UpperBound,ORACLE_DIAGNOSTIC_ONLY;NOT_FAIR;NOT_RL_ELIGIBLE,ORACLE_DIAGNOSTIC_ONLY,unified/pass,PASS,20.59249372787239,19.660112186569595,-0.9323815413027958,True,True,True,0,0,0,0,-0.913415746172999,TARGET_PRESERVED,0.9,1.0,0.09999999999999998,0.089,0.0,False,0.0,0.0,80000,8a015e3f860296dd3aca796cda326c3703d87c07b3f719b51b1eb7fb9b7d4abb
FMNoiseSaopin|jsr=30|seed=10308|center=4000|Oracle_FrFT_UpperBound,FMNoiseSaopin,30.0,10308,4000,Oracle_FrFT_UpperBound,ORACLE_DIAGNOSTIC_ONLY;NOT_FAIR;NOT_RL_ELIGIBLE,ORACLE_DIAGNOSTIC_ONLY,unified/pass,PASS,20.546268288593254,19.583296459486135,-0.9629718291071185,True,True,True,0,0,0,1,-0.913415746172999,TARGET_PRESERVED,0.9,1.0,0.09999999999999998,0.089,0.0,False,0.0,0.0,80000,8a015e3f860296dd3aca796cda326c3703d87c07b3f719b51b1eb7fb9b7d4abb
FMNoiseSaopin|jsr=30|seed=10309|center=1000|Oracle_FrFT_UpperBound,FMNoiseSaopin,30.0,10309,1000,Oracle_FrFT_UpperBound,ORACLE_DIAGNOSTIC_ONLY;NOT_FAIR;NOT_RL_ELIGIBLE,ORACLE_DIAGNOSTIC_ONLY,unified/pass,PASS,9.31746031527988,7.488507595590292,-1.8289527196895872,False,False,False,651,611,0,0,-0.9134157461729969,TARGET_PRESERVED,0.9,1.0,0.09999999999999998,0.089,0.42892566899280654,False,0.0,0.0,80000,8a015e3f860296dd3aca796cda326c3703d87c07b3f719b51b1eb7fb9b7d4abb
FMNoiseSaopin|jsr=30|seed=10309|center=1500|Oracle_FrFT_UpperBound,FMNoiseSaopin,30.0,10309,1500,Oracle_FrFT_UpperBound,ORACLE_DIAGNOSTIC_ONLY;NOT_FAIR;NOT_RL_ELIGIBLE,ORACLE_DIAGNOSTIC_ONLY,unified/pass,PASS,0.8123455075775694,-0.11787449757315821,-0.9302200051507277,True,True,True,1151,1151,0,0,-0.913415746172999,TARGET_PRESERVED,0.9,1.0,0.09999999999999998,0.089,0.032598246662680005,False,0.0,0.0,80000,8a015e3f860296dd3aca796cda326c3703d87c07b3f719b51b1eb7fb9b7d4abb
FMNoiseSaopin|jsr=30|seed=10309|center=2500|Oracle_FrFT_UpperBound,FMNoiseSaopin,30.0,10309,2500,Oracle_FrFT_UpperBound,ORACLE_DIAGNOSTIC_ONLY;NOT_FAIR;NOT_RL_ELIGIBLE,ORACLE_DIAGNOSTIC_ONLY,unified/pass,PASS,0.8277732531804473,-0.10564775688617684,-0.933421010066624,True,True,True,2151,2151,0,0,-0.913415746172999,TARGET_PRESERVED,0.9,1.0,0.09999999999999998,0.089,0.0,False,0.0,0.0,80000,8a015e3f860296dd3aca796cda326c3703d87c07b3f719b51b1eb7fb9b7d4abb
FMNoiseSaopin|jsr=30|seed=10309|center=3500|Oracle_FrFT_UpperBound,FMNoiseSaopin,30.0,10309,3500,Oracle_FrFT_UpperBound,ORACLE_DIAGNOSTIC_ONLY;NOT_FAIR;NOT_RL_ELIGIBLE,ORACLE_DIAGNOSTIC_ONLY,unified/pass,PASS,0.7795568605626493,-0.10369762928966646,-0.8832544898523157,True,True,True,3151,3151,0,0,-0.913415746172999,TARGET_PRESERVED,0.9,1.0,0.09999999999999998,0.089,0.0,False,0.0,0.0,80000,8a015e3f860296dd3aca796cda326c3703d87c07b3f719b51b1eb7fb9b7d4abb
FMNoiseSaopin|jsr=30|seed=10309|center=4000|Oracle_FrFT_UpperBound,FMNoiseSaopin,30.0,10309,4000,Oracle_FrFT_UpperBound,ORACLE_DIAGNOSTIC_ONLY;NOT_FAIR;NOT_RL_ELIGIBLE,ORACLE_DIAGNOSTIC_ONLY,unified/pass,PASS,0.7916901412883963,-0.10807274956575753,-0.8997628908541538,True,True,True,3651,3651,0,0,-0.913415746172999,TARGET_PRESERVED,0.9,1.0,0.09999999999999998,0.089,0.0,False,0.0,0.0,80000,8a015e3f860296dd3aca796cda326c3703d87c07b3f719b51b1eb7fb9b7d4abb
FMNoiseSaopin|jsr=30|seed=10310|center=1000|Oracle_FrFT_UpperBound,FMNoiseSaopin,30.0,10310,1000,Oracle_FrFT_UpperBound,ORACLE_DIAGNOSTIC_ONLY;NOT_FAIR;NOT_RL_ELIGIBLE,ORACLE_DIAGNOSTIC_ONLY,unified/pass,PASS,5.314511648949485,6.1024892429881845,0.7879775940386997,False,False,False,218,241,0,0,-0.9134157461729969,TARGET_PRESERVED,0.9,1.0,0.09999999999999998,0.089,0.5021694636981286,False,0.0,0.0,80000,8a015e3f860296dd3aca796cda326c3703d87c07b3f719b51b1eb7fb9b7d4abb
FMNoiseSaopin|jsr=30|seed=10310|center=1500|Oracle_FrFT_UpperBound,FMNoiseSaopin,30.0,10310,1500,Oracle_FrFT_UpperBound,ORACLE_DIAGNOSTIC_ONLY;NOT_FAIR;NOT_RL_ELIGIBLE,ORACLE_DIAGNOSTIC_ONLY,unified/pass,PASS,-0.017122744216233807,-0.9287664576256838,-0.9116437134094499,True,True,True,717,713,0,0,-0.913415746172999,TARGET_PRESERVED,0.9,1.0,0.09999999999999998,0.089,0.03513236468298778,False,0.0,0.0,80000,8a015e3f860296dd3aca796cda326c3703d87c07b3f719b51b1eb7fb9b7d4abb
FMNoiseSaopin|jsr=30|seed=10310|center=2500|Oracle_FrFT_UpperBound,FMNoiseSaopin,30.0,10310,2500,Oracle_FrFT_UpperBound,ORACLE_DIAGNOSTIC_ONLY;NOT_FAIR;NOT_RL_ELIGIBLE,ORACLE_DIAGNOSTIC_ONLY,unified/pass,PASS,0.10032111984007752,-0.8305702539458804,-0.9308913737859579,True,True,True,1717,1717,0,0,-0.913415746172999,TARGET_PRESERVED,0.9,1.0,0.09999999999999998,0.089,0.0,False,0.0,0.0,80000,8a015e3f860296dd3aca796cda326c3703d87c07b3f719b51b1eb7fb9b7d4abb
FMNoiseSaopin|jsr=30|seed=10310|center=3500|Oracle_FrFT_UpperBound,FMNoiseSaopin,30.0,10310,3500,Oracle_FrFT_UpperBound,ORACLE_DIAGNOSTIC_ONLY;NOT_FAIR;NOT_RL_ELIGIBLE,ORACLE_DIAGNOSTIC_ONLY,unified/pass,PASS,0.12693363649021708,-0.8212425323109411,-0.9481761688011582,True,True,True,2717,2717,0,0,-0.913415746172999,TARGET_PRESERVED,0.9,1.0,0.09999999999999998,0.089,0.0,False,0.0,0.0,80000,8a015e3f860296dd3aca796cda326c3703d87c07b3f719b51b1eb7fb9b7d4abb
FMNoiseSaopin|jsr=30|seed=10310|center=4000|Oracle_FrFT_UpperBound,FMNoiseSaopin,30.0,10310,4000,Oracle_FrFT_UpperBound,ORACLE_DIAGNOSTIC_ONLY;NOT_FAIR;NOT_RL_ELIGIBLE,ORACLE_DIAGNOSTIC_ONLY,unified/pass,PASS,0.07988805768364886,-0.8221864660313929,-0.9020745237150417,True,True,True,3217,3217,0,0,-0.913415746172999,TARGET_PRESERVED,0.9,1.0,0.09999999999999998,0.089,0.0,False,0.0,0.0,80000,8a015e3f860296dd3aca796cda326c3703d87c07b3f719b51b1eb7fb9b7d4abb
FMNoiseSaopin|jsr=30|seed=10311|center=1000|Oracle_FrFT_UpperBound,FMNoiseSaopin,30.0,10311,1000,Oracle_FrFT_UpperBound,ORACLE_DIAGNOSTIC_ONLY;NOT_FAIR;NOT_RL_ELIGIBLE,ORACLE_DIAGNOSTIC_ONLY,unified/pass,PASS,6.518370095001331,5.4676109696188,-1.0507591253825312,False,False,False,681,682,0,0,-0.9134157461729969,TARGET_PRESERVED,0.9,1.0,0.09999999999999998,0.089,0.4883543019398817,False,0.0,0.0,80000,8a015e3f860296dd3aca796cda326c3703d87c07b3f719b51b1eb7fb9b7d4abb
FMNoiseSaopin|jsr=30|seed=10311|center=1500|Oracle_FrFT_UpperBound,FMNoiseSaopin,30.0,10311,1500,Oracle_FrFT_UpperBound,ORACLE_DIAGNOSTIC_ONLY;NOT_FAIR;NOT_RL_ELIGIBLE,ORACLE_DIAGNOSTIC_ONLY,unified/pass,PASS,0.18641503293705614,-0.7081503286366269,-0.894565361573683,True,True,True,1181,1181,0,0,-0.913415746172999,TARGET_PRESERVED,0.9,1.0,0.09999999999999998,0.089,0.0228444495771014,False,0.0,0.0,80000,8a015e3f860296dd3aca796cda326c3703d87c07b3f719b51b1eb7fb9b7d4abb
FMNoiseSaopin|jsr=30|seed=10311|center=2500|Oracle_FrFT_UpperBound,FMNoiseSaopin,30.0,10311,2500,Oracle_FrFT_UpperBound,ORACLE_DIAGNOSTIC_ONLY;NOT_FAIR;NOT_RL_ELIGIBLE,ORACLE_DIAGNOSTIC_ONLY,unified/pass,PASS,0.3170705562919518,-0.610657944253522,-0.9277285005454738,True,True,True,2181,2181,1,0,-0.913415746172999,TARGET_PRESERVED,0.9,1.0,0.09999999999999998,0.089,0.0,False,0.0,0.0,80000,8a015e3f860296dd3aca796cda326c3703d87c07b3f719b51b1eb7fb9b7d4abb
FMNoiseSaopin|jsr=30|seed=10311|center=3500|Oracle_FrFT_UpperBound,FMNoiseSaopin,30.0,10311,3500,Oracle_FrFT_UpperBound,ORACLE_DIAGNOSTIC_ONLY;NOT_FAIR;NOT_RL_ELIGIBLE,ORACLE_DIAGNOSTIC_ONLY,unified/pass,PASS,0.17409195294502824,-0.7539814065680992,-0.9280733595131274,True,True,True,3181,3181,1,0,-0.913415746172999,TARGET_PRESERVED,0.9,1.0,0.09999999999999998,0.089,0.0,False,0.0,0.0,80000,8a015e3f860296dd3aca796cda326c3703d87c07b3f719b51b1eb7fb9b7d4abb
FMNoiseSaopin|jsr=30|seed=10311|center=4000|Oracle_FrFT_UpperBound,FMNoiseSaopin,30.0,10311,4000,Oracle_FrFT_UpperBound,ORACLE_DIAGNOSTIC_ONLY;NOT_FAIR;NOT_RL_ELIGIBLE,ORACLE_DIAGNOSTIC_ONLY,unified/pass,PASS,0.2612700909819057,-0.6511450607980798,-0.9124151517799854,True,True,True,3681,3681,0,0,-0.913415746172999,TARGET_PRESERVED,0.9,1.0,0.09999999999999998,0.089,0.0,False,0.0,0.0,80000,8a015e3f860296dd3aca796cda326c3703d87c07b3f719b51b1eb7fb9b7d4abb
FMNoiseSaopin|jsr=30|seed=10312|center=1000|Oracle_FrFT_UpperBound,FMNoiseSaopin,30.0,10312,1000,Oracle_FrFT_UpperBound,ORACLE_DIAGNOSTIC_ONLY;NOT_FAIR;NOT_RL_ELIGIBLE,ORACLE_DIAGNOSTIC_ONLY,unified/pass,PASS,4.537099434727122,4.123230717258855,-0.4138687174682669,True,False,True,910,744,1,1,-0.9134157461729969,TARGET_PRESERVED,0.9,1.0,0.09999999999999998,0.089,0.20835302825496177,False,0.0,0.0,80000,8a015e3f860296dd3aca796cda326c3703d87c07b3f719b51b1eb7fb9b7d4abb
FMNoiseSaopin|jsr=30|seed=10312|center=1500|Oracle_FrFT_UpperBound,FMNoiseSaopin,30.0,10312,1500,Oracle_FrFT_UpperBound,ORACLE_DIAGNOSTIC_ONLY;NOT_FAIR;NOT_RL_ELIGIBLE,ORACLE_DIAGNOSTIC_ONLY,unified/pass,PASS,5.031815787605318,4.255176106175602,-0.7766396814297156,True,True,True,1410,1410,1,1,-0.913415746172999,TARGET_PRESERVED,0.9,1.0,0.09999999999999998,0.089,0.025167891998994264,False,0.0,0.0,80000,8a015e3f860296dd3aca796cda326c3703d87c07b3f719b51b1eb7fb9b7d4abb
FMNoiseSaopin|jsr=30|seed=10312|center=2500|Oracle_FrFT_UpperBound,FMNoiseSaopin,30.0,10312,2500,Oracle_FrFT_UpperBound,ORACLE_DIAGNOSTIC_ONLY;NOT_FAIR;NOT_RL_ELIGIBLE,ORACLE_DIAGNOSTIC_ONLY,unified/pass,PASS,4.800670911334922,3.8989237329797666,-0.9017471783551558,True,True,True,2410,2410,0,0,-0.913415746172999,TARGET_PRESERVED,0.9,1.0,0.09999999999999998,0.089,0.0,False,0.0,0.0,80000,8a015e3f860296dd3aca796cda326c3703d87c07b3f719b51b1eb7fb9b7d4abb
FMNoiseSaopin|jsr=30|seed=10312|center=3500|Oracle_FrFT_UpperBound,FMNoiseSaopin,30.0,10312,3500,Oracle_FrFT_UpperBound,ORACLE_DIAGNOSTIC_ONLY;NOT_FAIR;NOT_RL_ELIGIBLE,ORACLE_DIAGNOSTIC_ONLY,unified/pass,PASS,4.80212400348238,3.880720881929175,-0.9214031215532046,True,True,True,3410,3410,0,0,-0.913415746172999,TARGET_PRESERVED,0.9,1.0,0.09999999999999998,0.089,0.0,False,0.0,0.0,80000,8a015e3f860296dd3aca796cda326c3703d87c07b3f719b51b1eb7fb9b7d4abb
FMNoiseSaopin|jsr=30|seed=10312|center=4000|Oracle_FrFT_UpperBound,FMNoiseSaopin,30.0,10312,4000,Oracle_FrFT_UpperBound,ORACLE_DIAGNOSTIC_ONLY;NOT_FAIR;NOT_RL_ELIGIBLE,ORACLE_DIAGNOSTIC_ONLY,unified/pass,PASS,4.738988363513328,3.8371521665061885,-0.9018361970071394,True,True,True,3910,3910,0,0,-0.913415746172999,TARGET_PRESERVED,0.9,1.0,0.09999999999999998,0.089,0.0,False,0.0,0.0,80000,8a015e3f860296dd3aca796cda326c3703d87c07b3f719b51b1eb7fb9b7d4abb
FMNoiseSaopin|jsr=30|seed=10313|center=1000|Oracle_FrFT_UpperBound,FMNoiseSaopin,30.0,10313,1000,Oracle_FrFT_UpperBound,ORACLE_DIAGNOSTIC_ONLY;NOT_FAIR;NOT_RL_ELIGIBLE,ORACLE_DIAGNOSTIC_ONLY,unified/pass,PASS,10.869531266915926,7.978822040175096,-2.89070922674083,False,False,False,7,71,0,0,-0.9134157461729969,TARGET_PRESERVED,0.9,1.0,0.09999999999999998,0.089,0.4305239905553822,False,0.0,0.0,80000,8a015e3f860296dd3aca796cda326c3703d87c07b3f719b51b1eb7fb9b7d4abb
FMNoiseSaopin|jsr=30|seed=10313|center=1500|Oracle_FrFT_UpperBound,FMNoiseSaopin,30.0,10313,1500,Oracle_FrFT_UpperBound,ORACLE_DIAGNOSTIC_ONLY;NOT_FAIR;NOT_RL_ELIGIBLE,ORACLE_DIAGNOSTIC_ONLY,unified/pass,PASS,0.7210714773215676,-0.1746986602235307,-0.8957701375450984,True,True,True,492,492,0,0,-0.913415746172999,TARGET_PRESERVED,0.9,1.0,0.09999999999999998,0.089,0.024190298656156354,False,0.0,0.0,80000,8a015e3f860296dd3aca796cda326c3703d87c07b3f719b51b1eb7fb9b7d4abb
FMNoiseSaopin|jsr=30|seed=10313|center=2500|Oracle_FrFT_UpperBound,FMNoiseSaopin,30.0,10313,2500,Oracle_FrFT_UpperBound,ORACLE_DIAGNOSTIC_ONLY;NOT_FAIR;NOT_RL_ELIGIBLE,ORACLE_DIAGNOSTIC_ONLY,unified/pass,PASS,0.686529239645498,-0.22691863788147248,-0.9134478775269704,True,True,True,1492,1492,1,0,-0.913415746172999,TARGET_PRESERVED,0.9,1.0,0.09999999999999998,0.089,0.0,False,0.0,0.0,80000,8a015e3f860296dd3aca796cda326c3703d87c07b3f719b51b1eb7fb9b7d4abb
FMNoiseSaopin|jsr=30|seed=10313|center=3500|Oracle_FrFT_UpperBound,FMNoiseSaopin,30.0,10313,3500,Oracle_FrFT_UpperBound,ORACLE_DIAGNOSTIC_ONLY;NOT_FAIR;NOT_RL_ELIGIBLE,ORACLE_DIAGNOSTIC_ONLY,unified/pass,PASS,0.7210579896560819,-0.1584094022690597,-0.8794673919251417,True,True,True,2492,2492,1,0,-0.913415746172999,TARGET_PRESERVED,0.9,1.0,0.09999999999999998,0.089,0.0,False,0.0,0.0,80000,8a015e3f860296dd3aca796cda326c3703d87c07b3f719b51b1eb7fb9b7d4abb
FMNoiseSaopin|jsr=30|seed=10313|center=4000|Oracle_FrFT_UpperBound,FMNoiseSaopin,30.0,10313,4000,Oracle_FrFT_UpperBound,ORACLE_DIAGNOSTIC_ONLY;NOT_FAIR;NOT_RL_ELIGIBLE,ORACLE_DIAGNOSTIC_ONLY,unified/pass,PASS,0.8638633326974439,-0.0512249750993762,-0.91508830779682,True,True,True,2992,2992,1,0,-0.913415746172999,TARGET_PRESERVED,0.9,1.0,0.09999999999999998,0.089,0.0,False,0.0,0.0,80000,8a015e3f860296dd3aca796cda326c3703d87c07b3f719b51b1eb7fb9b7d4abb
FMNoiseSaopin|jsr=30|seed=10314|center=1000|Oracle_FrFT_UpperBound,FMNoiseSaopin,30.0,10314,1000,Oracle_FrFT_UpperBound,ORACLE_DIAGNOSTIC_ONLY;NOT_FAIR;NOT_RL_ELIGIBLE,ORACLE_DIAGNOSTIC_ONLY,unified/pass,PASS,4.8429708195832974,4.542116249000619,-0.30085457058267817,True,False,True,911,742,0,0,-0.9134157461729969,TARGET_PRESERVED,0.9,1.0,0.09999999999999998,0.089,0.1829729700449527,False,0.0,0.0,80000,8a015e3f860296dd3aca796cda326c3703d87c07b3f719b51b1eb7fb9b7d4abb
FMNoiseSaopin|jsr=30|seed=10314|center=1500|Oracle_FrFT_UpperBound,FMNoiseSaopin,30.0,10314,1500,Oracle_FrFT_UpperBound,ORACLE_DIAGNOSTIC_ONLY;NOT_FAIR;NOT_RL_ELIGIBLE,ORACLE_DIAGNOSTIC_ONLY,unified/pass,PASS,4.616813502760517,2.993760883735406,-1.623052619025111,True,True,True,1411,1411,0,0,-0.913415746172999,TARGET_PRESERVED,0.9,1.0,0.09999999999999998,0.089,0.024949936403463848,False,0.0,0.0,80000,8a015e3f860296dd3aca796cda326c3703d87c07b3f719b51b1eb7fb9b7d4abb
FMNoiseSaopin|jsr=30|seed=10314|center=2500|Oracle_FrFT_UpperBound,FMNoiseSaopin,30.0,10314,2500,Oracle_FrFT_UpperBound,ORACLE_DIAGNOSTIC_ONLY;NOT_FAIR;NOT_RL_ELIGIBLE,ORACLE_DIAGNOSTIC_ONLY,unified/pass,PASS,4.7667795981968935,3.8549656896625333,-0.9118139085343602,True,True,True,2411,2411,1,0,-0.913415746172999,TARGET_PRESERVED,0.9,1.0,0.09999999999999998,0.089,0.0,False,0.0,0.0,80000,8a015e3f860296dd3aca796cda326c3703d87c07b3f719b51b1eb7fb9b7d4abb
FMNoiseSaopin|jsr=30|seed=10314|center=3500|Oracle_FrFT_UpperBound,FMNoiseSaopin,30.0,10314,3500,Oracle_FrFT_UpperBound,ORACLE_DIAGNOSTIC_ONLY;NOT_FAIR;NOT_RL_ELIGIBLE,ORACLE_DIAGNOSTIC_ONLY,unified/pass,PASS,4.8245300682725665,3.9250118904464566,-0.8995181778261099,True,True,True,3411,3411,1,0,-0.913415746172999,TARGET_PRESERVED,0.9,1.0,0.09999999999999998,0.089,0.0,False,0.0,0.0,80000,8a015e3f860296dd3aca796cda326c3703d87c07b3f719b51b1eb7fb9b7d4abb
FMNoiseSaopin|jsr=30|seed=10314|center=4000|Oracle_FrFT_UpperBound,FMNoiseSaopin,30.0,10314,4000,Oracle_FrFT_UpperBound,ORACLE_DIAGNOSTIC_ONLY;NOT_FAIR;NOT_RL_ELIGIBLE,ORACLE_DIAGNOSTIC_ONLY,unified/pass,PASS,4.781697642977483,3.8639581353955195,-0.9177395075819637,True,True,True,3911,3911,0,0,-0.913415746172999,TARGET_PRESERVED,0.9,1.0,0.09999999999999998,0.089,0.0,False,0.0,0.0,80000,8a015e3f860296dd3aca796cda326c3703d87c07b3f719b51b1eb7fb9b7d4abb
FMNoiseSaopin|jsr=30|seed=10315|center=1000|Oracle_FrFT_UpperBound,FMNoiseSaopin,30.0,10315,1000,Oracle_FrFT_UpperBound,ORACLE_DIAGNOSTIC_ONLY;NOT_FAIR;NOT_RL_ELIGIBLE,ORACLE_DIAGNOSTIC_ONLY,unified/pass,PASS,9.919920757865343,8.465905194091087,-1.4540155637742558,False,False,False,785,71,0,0,-0.9134157461729969,TARGET_PRESERVED,0.9,1.0,0.09999999999999998,0.089,0.4068706093018584,False,0.0,0.0,80000,8a015e3f860296dd3aca796cda326c3703d87c07b3f719b51b1eb7fb9b7d4abb
FMNoiseSaopin|jsr=30|seed=10315|center=1500|Oracle_FrFT_UpperBound,FMNoiseSaopin,30.0,10315,1500,Oracle_FrFT_UpperBound,ORACLE_DIAGNOSTIC_ONLY;NOT_FAIR;NOT_RL_ELIGIBLE,ORACLE_DIAGNOSTIC_ONLY,unified/pass,PASS,1.0196074462035272,0.07992094121650521,-0.939686504987022,True,True,True,1285,1285,0,0,-0.913415746172999,TARGET_PRESERVED,0.9,1.0,0.09999999999999998,0.089,0.027478308665825957,False,0.0,0.0,80000,8a015e3f860296dd3aca796cda326c3703d87c07b3f719b51b1eb7fb9b7d4abb
FMNoiseSaopin|jsr=30|seed=10315|center=2500|Oracle_FrFT_UpperBound,FMNoiseSaopin,30.0,10315,2500,Oracle_FrFT_UpperBound,ORACLE_DIAGNOSTIC_ONLY;NOT_FAIR;NOT_RL_ELIGIBLE,ORACLE_DIAGNOSTIC_ONLY,unified/pass,PASS,1.18673529591406,0.284065069171193,-0.902670226742867,True,True,True,2285,2285,0,0,-0.913415746172999,TARGET_PRESERVED,0.9,1.0,0.09999999999999998,0.089,0.0,False,0.0,0.0,80000,8a015e3f860296dd3aca796cda326c3703d87c07b3f719b51b1eb7fb9b7d4abb
FMNoiseSaopin|jsr=30|seed=10315|center=3500|Oracle_FrFT_UpperBound,FMNoiseSaopin,30.0,10315,3500,Oracle_FrFT_UpperBound,ORACLE_DIAGNOSTIC_ONLY;NOT_FAIR;NOT_RL_ELIGIBLE,ORACLE_DIAGNOSTIC_ONLY,unified/pass,PASS,0.9822476390539427,0.07180736032953278,-0.9104402787244099,True,True,True,3285,3285,0,0,-0.913415746172999,TARGET_PRESERVED,0.9,1.0,0.09999999999999998,0.089,0.0,False,0.0,0.0,80000,8a015e3f860296dd3aca796cda326c3703d87c07b3f719b51b1eb7fb9b7d4abb
FMNoiseSaopin|jsr=30|seed=10315|center=4000|Oracle_FrFT_UpperBound,FMNoiseSaopin,30.0,10315,4000,Oracle_FrFT_UpperBound,ORACLE_DIAGNOSTIC_ONLY;NOT_FAIR;NOT_RL_ELIGIBLE,ORACLE_DIAGNOSTIC_ONLY,unified/pass,PASS,1.0835251610007839,0.17641828855195602,-0.9071068724488278,True,True,True,3785,3785,0,0,-0.913415746172999,TARGET_PRESERVED,0.9,1.0,0.09999999999999998,0.089,0.0,False,0.0,0.0,80000,8a015e3f860296dd3aca796cda326c3703d87c07b3f719b51b1eb7fb9b7d4abb
FMNoiseSaopin|jsr=30|seed=10316|center=1000|Oracle_FrFT_UpperBound,FMNoiseSaopin,30.0,10316,1000,Oracle_FrFT_UpperBound,ORACLE_DIAGNOSTIC_ONLY;NOT_FAIR;NOT_RL_ELIGIBLE,ORACLE_DIAGNOSTIC_ONLY,unified/pass,PASS,6.296073478037933,5.325062182907031,-0.9710112951309018,False,False,False,210,591,0,0,-0.9134157461729969,TARGET_PRESERVED,0.9,1.0,0.09999999999999998,0.089,0.5035699141144045,False,0.0,0.0,80000,8a015e3f860296dd3aca796cda326c3703d87c07b3f719b51b1eb7fb9b7d4abb
FMNoiseSaopin|jsr=30|seed=10316|center=1500|Oracle_FrFT_UpperBound,FMNoiseSaopin,30.0,10316,1500,Oracle_FrFT_UpperBound,ORACLE_DIAGNOSTIC_ONLY;NOT_FAIR;NOT_RL_ELIGIBLE,ORACLE_DIAGNOSTIC_ONLY,unified/pass,PASS,-0.020509659855264997,-0.9488390575121658,-0.9283293976569008,True,True,True,711,710,0,0,-0.913415746172999,TARGET_PRESERVED,0.9,1.0,0.09999999999999998,0.089,0.048456048260375466,False,0.0,0.0,80000,8a015e3f860296dd3aca796cda326c3703d87c07b3f719b51b1eb7fb9b7d4abb
FMNoiseSaopin|jsr=30|seed=10316|center=2500|Oracle_FrFT_UpperBound,FMNoiseSaopin,30.0,10316,2500,Oracle_FrFT_UpperBound,ORACLE_DIAGNOSTIC_ONLY;NOT_FAIR;NOT_RL_ELIGIBLE,ORACLE_DIAGNOSTIC_ONLY,unified/pass,PASS,0.09404018014822368,-0.8376882087734483,-0.931728388921672,True,True,True,1711,1711,0,0,-0.913415746172999,TARGET_PRESERVED,0.9,1.0,0.09999999999999998,0.089,0.0,False,0.0,0.0,80000,8a015e3f860296dd3aca796cda326c3703d87c07b3f719b51b1eb7fb9b7d4abb
FMNoiseSaopin|jsr=30|seed=10316|center=3500|Oracle_FrFT_UpperBound,FMNoiseSaopin,30.0,10316,3500,Oracle_FrFT_UpperBound,ORACLE_DIAGNOSTIC_ONLY;NOT_FAIR;NOT_RL_ELIGIBLE,ORACLE_DIAGNOSTIC_ONLY,unified/pass,PASS,0.0893859204462233,-0.8366615513252019,-0.9260474717714252,True,True,True,2711,2711,0,0,-0.913415746172999,TARGET_PRESERVED,0.9,1.0,0.09999999999999998,0.089,0.0,False,0.0,0.0,80000,8a015e3f860296dd3aca796cda326c3703d87c07b3f719b51b1eb7fb9b7d4abb
FMNoiseSaopin|jsr=30|seed=10316|center=4000|Oracle_FrFT_UpperBound,FMNoiseSaopin,30.0,10316,4000,Oracle_FrFT_UpperBound,ORACLE_DIAGNOSTIC_ONLY;NOT_FAIR;NOT_RL_ELIGIBLE,ORACLE_DIAGNOSTIC_ONLY,unified/pass,PASS,0.11425190988001176,-0.8142480535529122,-0.928499963432924,True,True,True,3211,3211,1,0,-0.913415746172999,TARGET_PRESERVED,0.9,1.0,0.09999999999999998,0.089,0.0,False,0.0,0.0,80000,8a015e3f860296dd3aca796cda326c3703d87c07b3f719b51b1eb7fb9b7d4abb
FMNoiseSaopin|jsr=30|seed=10317|center=1000|Oracle_FrFT_UpperBound,FMNoiseSaopin,30.0,10317,1000,Oracle_FrFT_UpperBound,ORACLE_DIAGNOSTIC_ONLY;NOT_FAIR;NOT_RL_ELIGIBLE,ORACLE_DIAGNOSTIC_ONLY,unified/pass,PASS,3.6749203805136226,3.5338975885171937,-0.14102279199642886,True,False,True,910,744,1,1,-0.9134157461729969,TARGET_PRESERVED,0.9,1.0,0.09999999999999998,0.089,0.2020903053329843,False,0.0,0.0,80000,8a015e3f860296dd3aca796cda326c3703d87c07b3f719b51b1eb7fb9b7d4abb
FMNoiseSaopin|jsr=30|seed=10317|center=1500|Oracle_FrFT_UpperBound,FMNoiseSaopin,30.0,10317,1500,Oracle_FrFT_UpperBound,ORACLE_DIAGNOSTIC_ONLY;NOT_FAIR;NOT_RL_ELIGIBLE,ORACLE_DIAGNOSTIC_ONLY,unified/pass,PASS,5.1297854734700055,4.556620039908987,-0.5731654335610186,True,True,True,1410,1410,0,0,-0.913415746172999,TARGET_PRESERVED,0.9,1.0,0.09999999999999998,0.089,0.025421252968138172,False,0.0,0.0,80000,8a015e3f860296dd3aca796cda326c3703d87c07b3f719b51b1eb7fb9b7d4abb
FMNoiseSaopin|jsr=30|seed=10317|center=2500|Oracle_FrFT_UpperBound,FMNoiseSaopin,30.0,10317,2500,Oracle_FrFT_UpperBound,ORACLE_DIAGNOSTIC_ONLY;NOT_FAIR;NOT_RL_ELIGIBLE,ORACLE_DIAGNOSTIC_ONLY,unified/pass,PASS,4.9452197796281325,4.024181209319708,-0.9210385703084247,True,True,True,2410,2410,0,0,-0.913415746172999,TARGET_PRESERVED,0.9,1.0,0.09999999999999998,0.089,0.0,False,0.0,0.0,80000,8a015e3f860296dd3aca796cda326c3703d87c07b3f719b51b1eb7fb9b7d4abb
FMNoiseSaopin|jsr=30|seed=10317|center=3500|Oracle_FrFT_UpperBound,FMNoiseSaopin,30.0,10317,3500,Oracle_FrFT_UpperBound,ORACLE_DIAGNOSTIC_ONLY;NOT_FAIR;NOT_RL_ELIGIBLE,ORACLE_DIAGNOSTIC_ONLY,unified/pass,PASS,4.895458668152974,3.967452150439345,-0.9280065177136292,True,True,True,3410,3410,1,2,-0.913415746172999,TARGET_PRESERVED,0.9,1.0,0.09999999999999998,0.089,0.0,False,0.0,0.0,80000,8a015e3f860296dd3aca796cda326c3703d87c07b3f719b51b1eb7fb9b7d4abb
FMNoiseSaopin|jsr=30|seed=10317|center=4000|Oracle_FrFT_UpperBound,FMNoiseSaopin,30.0,10317,4000,Oracle_FrFT_UpperBound,ORACLE_DIAGNOSTIC_ONLY;NOT_FAIR;NOT_RL_ELIGIBLE,ORACLE_DIAGNOSTIC_ONLY,unified/pass,PASS,4.944736806406663,4.027048403331471,-0.917688403075192,True,True,True,3910,3910,1,1,-0.913415746172999,TARGET_PRESERVED,0.9,1.0,0.09999999999999998,0.089,0.0,False,0.0,0.0,80000,8a015e3f860296dd3aca796cda326c3703d87c07b3f719b51b1eb7fb9b7d4abb
FMNoiseSaopin|jsr=30|seed=10318|center=1000|Oracle_FrFT_UpperBound,FMNoiseSaopin,30.0,10318,1000,Oracle_FrFT_UpperBound,ORACLE_DIAGNOSTIC_ONLY;NOT_FAIR;NOT_RL_ELIGIBLE,ORACLE_DIAGNOSTIC_ONLY,unified/pass,PASS,9.989558866643508,8.05058586814215,-1.9389729985013577,False,False,False,31,70,0,0,-0.9134157461729969,TARGET_PRESERVED,0.9,1.0,0.09999999999999998,0.089,0.42089254481769267,False,0.0,0.0,80000,8a015e3f860296dd3aca796cda326c3703d87c07b3f719b51b1eb7fb9b7d4abb
FMNoiseSaopin|jsr=30|seed=10318|center=1500|Oracle_FrFT_UpperBound,FMNoiseSaopin,30.0,10318,1500,Oracle_FrFT_UpperBound,ORACLE_DIAGNOSTIC_ONLY;NOT_FAIR;NOT_RL_ELIGIBLE,ORACLE_DIAGNOSTIC_ONLY,unified/pass,PASS,0.708912845958133,-0.1788913589739164,-0.8878042049320494,True,True,True,466,467,0,0,-0.913415746172999,TARGET_PRESERVED,0.9,1.0,0.09999999999999998,0.089,0.03320326083121348,False,0.0,0.0,80000,8a015e3f860296dd3aca796cda326c3703d87c07b3f719b51b1eb7fb9b7d4abb
FMNoiseSaopin|jsr=30|seed=10318|center=2500|Oracle_FrFT_UpperBound,FMNoiseSaopin,30.0,10318,2500,Oracle_FrFT_UpperBound,ORACLE_DIAGNOSTIC_ONLY;NOT_FAIR;NOT_RL_ELIGIBLE,ORACLE_DIAGNOSTIC_ONLY,unified/pass,PASS,0.7671924849488949,-0.16164348402549894,-0.9288359689743939,True,True,True,1466,1466,0,0,-0.913415746172999,TARGET_PRESERVED,0.9,1.0,0.09999999999999998,0.089,0.0,False,0.0,0.0,80000,8a015e3f860296dd3aca796cda326c3703d87c07b3f719b51b1eb7fb9b7d4abb
FMNoiseSaopin|jsr=30|seed=10318|center=3500|Oracle_FrFT_UpperBound,FMNoiseSaopin,30.0,10318,3500,Oracle_FrFT_UpperBound,ORACLE_DIAGNOSTIC_ONLY;NOT_FAIR;NOT_RL_ELIGIBLE,ORACLE_DIAGNOSTIC_ONLY,unified/pass,PASS,0.9182167377933926,-0.02534233884343476,-0.9435590766368274,True,True,True,2466,2466,1,0,-0.913415746172999,TARGET_PRESERVED,0.9,1.0,0.09999999999999998,0.089,0.0,False,0.0,0.0,80000,8a015e3f860296dd3aca796cda326c3703d87c07b3f719b51b1eb7fb9b7d4abb
FMNoiseSaopin|jsr=30|seed=10318|center=4000|Oracle_FrFT_UpperBound,FMNoiseSaopin,30.0,10318,4000,Oracle_FrFT_UpperBound,ORACLE_DIAGNOSTIC_ONLY;NOT_FAIR;NOT_RL_ELIGIBLE,ORACLE_DIAGNOSTIC_ONLY,unified/pass,PASS,0.9146903791971971,-0.022907772926536,-0.9375981521237331,True,True,True,2966,2966,0,0,-0.913415746172999,TARGET_PRESERVED,0.9,1.0,0.09999999999999998,0.089,0.0,False,0.0,0.0,80000,8a015e3f860296dd3aca796cda326c3703d87c07b3f719b51b1eb7fb9b7d4abb
FMNoiseSaopin|jsr=30|seed=10319|center=1000|Oracle_FrFT_UpperBound,FMNoiseSaopin,30.0,10319,1000,Oracle_FrFT_UpperBound,ORACLE_DIAGNOSTIC_ONLY;NOT_FAIR;NOT_RL_ELIGIBLE,ORACLE_DIAGNOSTIC_ONLY,unified/pass,PASS,5.752276016866528,5.3460675279162215,-0.40620848895030637,True,False,True,909,741,1,1,-0.9134157461729969,TARGET_PRESERVED,0.9,1.0,0.09999999999999998,0.089,0.1567137009929572,False,0.0,0.0,80000,8a015e3f860296dd3aca796cda326c3703d87c07b3f719b51b1eb7fb9b7d4abb
FMNoiseSaopin|jsr=30|seed=10319|center=1500|Oracle_FrFT_UpperBound,FMNoiseSaopin,30.0,10319,1500,Oracle_FrFT_UpperBound,ORACLE_DIAGNOSTIC_ONLY;NOT_FAIR;NOT_RL_ELIGIBLE,ORACLE_DIAGNOSTIC_ONLY,unified/pass,PASS,4.738146233191738,4.048577492461275,-0.6895687407304631,True,True,True,1410,1410,1,1,-0.913415746172999,TARGET_PRESERVED,0.9,1.0,0.09999999999999998,0.089,0.02496575890323473,False,0.0,0.0,80000,8a015e3f860296dd3aca796cda326c3703d87c07b3f719b51b1eb7fb9b7d4abb
FMNoiseSaopin|jsr=30|seed=10319|center=2500|Oracle_FrFT_UpperBound,FMNoiseSaopin,30.0,10319,2500,Oracle_FrFT_UpperBound,ORACLE_DIAGNOSTIC_ONLY;NOT_FAIR;NOT_RL_ELIGIBLE,ORACLE_DIAGNOSTIC_ONLY,unified/pass,PASS,4.819958408115773,3.9225451175351806,-0.8974132905805923,True,True,True,2410,2410,0,0,-0.913415746172999,TARGET_PRESERVED,0.9,1.0,0.09999999999999998,0.089,0.0,False,0.0,0.0,80000,8a015e3f860296dd3aca796cda326c3703d87c07b3f719b51b1eb7fb9b7d4abb
FMNoiseSaopin|jsr=30|seed=10319|center=3500|Oracle_FrFT_UpperBound,FMNoiseSaopin,30.0,10319,3500,Oracle_FrFT_UpperBound,ORACLE_DIAGNOSTIC_ONLY;NOT_FAIR;NOT_RL_ELIGIBLE,ORACLE_DIAGNOSTIC_ONLY,unified/pass,PASS,4.966021110002793,4.0369456940333635,-0.9290754159694297,True,True,True,3410,3410,0,0,-0.913415746172999,TARGET_PRESERVED,0.9,1.0,0.09999999999999998,0.089,0.0,False,0.0,0.0,80000,8a015e3f860296dd3aca796cda326c3703d87c07b3f719b51b1eb7fb9b7d4abb
FMNoiseSaopin|jsr=30|seed=10319|center=4000|Oracle_FrFT_UpperBound,FMNoiseSaopin,30.0,10319,4000,Oracle_FrFT_UpperBound,ORACLE_DIAGNOSTIC_ONLY;NOT_FAIR;NOT_RL_ELIGIBLE,ORACLE_DIAGNOSTIC_ONLY,unified/pass,PASS,4.92217225391467,4.009905968020872,-0.9122662858937982,True,True,True,3910,3910,1,1,-0.913415746172999,TARGET_PRESERVED,0.9,1.0,0.09999999999999998,0.089,0.0,False,0.0,0.0,80000,8a015e3f860296dd3aca796cda326c3703d87c07b3f719b51b1eb7fb9b7d4abb
FMNoiseSaopin|jsr=30|seed=10320|center=1000|Oracle_FrFT_UpperBound,FMNoiseSaopin,30.0,10320,1000,Oracle_FrFT_UpperBound,ORACLE_DIAGNOSTIC_ONLY;NOT_FAIR;NOT_RL_ELIGIBLE,ORACLE_DIAGNOSTIC_ONLY,unified/pass,PASS,19.978999828368377,16.877154813478,-3.101845014890376,True,False,True,0,4,0,0,-0.9134157461729969,TARGET_PRESERVED,0.9,1.0,0.09999999999999998,0.089,0.04060476446316699,False,0.0,0.0,80000,8a015e3f860296dd3aca796cda326c3703d87c07b3f719b51b1eb7fb9b7d4abb
FMNoiseSaopin|jsr=30|seed=10320|center=1500|Oracle_FrFT_UpperBound,FMNoiseSaopin,30.0,10320,1500,Oracle_FrFT_UpperBound,ORACLE_DIAGNOSTIC_ONLY;NOT_FAIR;NOT_RL_ELIGIBLE,ORACLE_DIAGNOSTIC_ONLY,unified/pass,PASS,20.119335561756074,17.90485322249493,-2.2144823392611457,True,True,True,1,1,0,0,-0.913415746172999,TARGET_PRESERVED,0.9,1.0,0.09999999999999998,0.089,0.022642165498946994,False,0.0,0.0,80000,8a015e3f860296dd3aca796cda326c3703d87c07b3f719b51b1eb7fb9b7d4abb
FMNoiseSaopin|jsr=30|seed=10320|center=2500|Oracle_FrFT_UpperBound,FMNoiseSaopin,30.0,10320,2500,Oracle_FrFT_UpperBound,ORACLE_DIAGNOSTIC_ONLY;NOT_FAIR;NOT_RL_ELIGIBLE,ORACLE_DIAGNOSTIC_ONLY,unified/pass,PASS,20.00883553538963,19.059727682888944,-0.9491078525006849,True,True,True,0,0,0,0,-0.913415746172999,TARGET_PRESERVED,0.9,1.0,0.09999999999999998,0.089,0.0,False,0.0,0.0,80000,8a015e3f860296dd3aca796cda326c3703d87c07b3f719b51b1eb7fb9b7d4abb
FMNoiseSaopin|jsr=30|seed=10320|center=3500|Oracle_FrFT_UpperBound,FMNoiseSaopin,30.0,10320,3500,Oracle_FrFT_UpperBound,ORACLE_DIAGNOSTIC_ONLY;NOT_FAIR;NOT_RL_ELIGIBLE,ORACLE_DIAGNOSTIC_ONLY,unified/pass,PASS,20.138748278012685,19.216876764278563,-0.9218715137341214,True,True,True,0,0,0,0,-0.913415746172999,TARGET_PRESERVED,0.9,1.0,0.09999999999999998,0.089,0.0,False,0.0,0.0,80000,8a015e3f860296dd3aca796cda326c3703d87c07b3f719b51b1eb7fb9b7d4abb
FMNoiseSaopin|jsr=30|seed=10320|center=4000|Oracle_FrFT_UpperBound,FMNoiseSaopin,30.0,10320,4000,Oracle_FrFT_UpperBound,ORACLE_DIAGNOSTIC_ONLY;NOT_FAIR;NOT_RL_ELIGIBLE,ORACLE_DIAGNOSTIC_ONLY,unified/pass,PASS,20.051537945563584,19.099691998187357,-0.9518459473762277,True,True,True,0,0,0,0,-0.913415746172999,TARGET_PRESERVED,0.9,1.0,0.09999999999999998,0.089,0.0,False,0.0,0.0,80000,8a015e3f860296dd3aca796cda326c3703d87c07b3f719b51b1eb7fb9b7d4abb
FMNoiseSaopin|jsr=30|seed=10321|center=1000|Oracle_FrFT_UpperBound,FMNoiseSaopin,30.0,10321,1000,Oracle_FrFT_UpperBound,ORACLE_DIAGNOSTIC_ONLY;NOT_FAIR;NOT_RL_ELIGIBLE,ORACLE_DIAGNOSTIC_ONLY,unified/pass,PASS,7.727122443809822,5.713923841756047,-2.013198602053775,False,False,False,213,311,2,2,-0.9134157461729969,TARGET_PRESERVED,0.9,1.0,0.09999999999999998,0.089,0.4175716926390234,False,0.0,0.0,80000,8a015e3f860296dd3aca796cda326c3703d87c07b3f719b51b1eb7fb9b7d4abb
FMNoiseSaopin|jsr=30|seed=10321|center=1500|Oracle_FrFT_UpperBound,FMNoiseSaopin,30.0,10321,1500,Oracle_FrFT_UpperBound,ORACLE_DIAGNOSTIC_ONLY;NOT_FAIR;NOT_RL_ELIGIBLE,ORACLE_DIAGNOSTIC_ONLY,unified/pass,PASS,0.9068212022350036,-0.017247955838107846,-0.9240691580731115,True,True,True,714,713,2,2,-0.913415746172999,TARGET_PRESERVED,0.9,1.0,0.09999999999999998,0.089,0.027774023328947205,False,0.0,0.0,80000,8a015e3f860296dd3aca796cda326c3703d87c07b3f719b51b1eb7fb9b7d4abb
FMNoiseSaopin|jsr=30|seed=10321|center=2500|Oracle_FrFT_UpperBound,FMNoiseSaopin,30.0,10321,2500,Oracle_FrFT_UpperBound,ORACLE_DIAGNOSTIC_ONLY;NOT_FAIR;NOT_RL_ELIGIBLE,ORACLE_DIAGNOSTIC_ONLY,unified/pass,PASS,1.0580642629422878,0.16484121646680006,-0.8932230464754878,True,True,True,1714,1714,1,1,-0.913415746172999,TARGET_PRESERVED,0.9,1.0,0.09999999999999998,0.089,0.0,False,0.0,0.0,80000,8a015e3f860296dd3aca796cda326c3703d87c07b3f719b51b1eb7fb9b7d4abb
FMNoiseSaopin|jsr=30|seed=10321|center=3500|Oracle_FrFT_UpperBound,FMNoiseSaopin,30.0,10321,3500,Oracle_FrFT_UpperBound,ORACLE_DIAGNOSTIC_ONLY;NOT_FAIR;NOT_RL_ELIGIBLE,ORACLE_DIAGNOSTIC_ONLY,unified/pass,PASS,0.9661591190750961,0.10399400951397739,-0.8621651095611187,True,True,True,2714,2714,1,0,-0.913415746172999,TARGET_PRESERVED,0.9,1.0,0.09999999999999998,0.089,0.0,False,0.0,0.0,80000,8a015e3f860296dd3aca796cda326c3703d87c07b3f719b51b1eb7fb9b7d4abb
FMNoiseSaopin|jsr=30|seed=10321|center=4000|Oracle_FrFT_UpperBound,FMNoiseSaopin,30.0,10321,4000,Oracle_FrFT_UpperBound,ORACLE_DIAGNOSTIC_ONLY;NOT_FAIR;NOT_RL_ELIGIBLE,ORACLE_DIAGNOSTIC_ONLY,unified/pass,PASS,0.9409962147367162,0.0754504044068073,-0.865545810329909,True,True,True,3214,3214,0,0,-0.913415746172999,TARGET_PRESERVED,0.9,1.0,0.09999999999999998,0.089,0.0,False,0.0,0.0,80000,8a015e3f860296dd3aca796cda326c3703d87c07b3f719b51b1eb7fb9b7d4abb
FMNoiseSaopin|jsr=30|seed=10322|center=1000|Oracle_FrFT_UpperBound,FMNoiseSaopin,30.0,10322,1000,Oracle_FrFT_UpperBound,ORACLE_DIAGNOSTIC_ONLY;NOT_FAIR;NOT_RL_ELIGIBLE,ORACLE_DIAGNOSTIC_ONLY,unified/pass,PASS,21.01591517987262,17.103795285166594,-3.912119894706027,True,False,True,0,3,1,1,-0.9134157461729969,TARGET_PRESERVED,0.9,1.0,0.09999999999999998,0.089,0.03816731855212064,False,0.0,0.0,80000,8a015e3f860296dd3aca796cda326c3703d87c07b3f719b51b1eb7fb9b7d4abb
FMNoiseSaopin|jsr=30|seed=10322|center=1500|Oracle_FrFT_UpperBound,FMNoiseSaopin,30.0,10322,1500,Oracle_FrFT_UpperBound,ORACLE_DIAGNOSTIC_ONLY;NOT_FAIR;NOT_RL_ELIGIBLE,ORACLE_DIAGNOSTIC_ONLY,unified/pass,PASS,21.457292688411542,19.368845260322203,-2.0884474280893386,True,True,True,1,1,1,1,-0.913415746172999,TARGET_PRESERVED,0.9,1.0,0.09999999999999998,0.089,0.023125542627455233,False,0.0,0.0,80000,8a015e3f860296dd3aca796cda326c3703d87c07b3f719b51b1eb7fb9b7d4abb
FMNoiseSaopin|jsr=30|seed=10322|center=2500|Oracle_FrFT_UpperBound,FMNoiseSaopin,30.0,10322,2500,Oracle_FrFT_UpperBound,ORACLE_DIAGNOSTIC_ONLY;NOT_FAIR;NOT_RL_ELIGIBLE,ORACLE_DIAGNOSTIC_ONLY,unified/pass,PASS,21.22523641749337,20.285286672407913,-0.9399497450854568,True,True,True,0,0,1,1,-0.913415746172999,TARGET_PRESERVED,0.9,1.0,0.09999999999999998,0.089,0.0,False,0.0,0.0,80000,8a015e3f860296dd3aca796cda326c3703d87c07b3f719b51b1eb7fb9b7d4abb
FMNoiseSaopin|jsr=30|seed=10322|center=3500|Oracle_FrFT_UpperBound,FMNoiseSaopin,30.0,10322,3500,Oracle_FrFT_UpperBound,ORACLE_DIAGNOSTIC_ONLY;NOT_FAIR;NOT_RL_ELIGIBLE,ORACLE_DIAGNOSTIC_ONLY,unified/pass,PASS,21.051917105308135,20.109343978042233,-0.9425731272659021,True,True,True,0,0,0,1,-0.913415746172999,TARGET_PRESERVED,0.9,1.0,0.09999999999999998,0.089,0.0,False,0.0,0.0,80000,8a015e3f860296dd3aca796cda326c3703d87c07b3f719b51b1eb7fb9b7d4abb
FMNoiseSaopin|jsr=30|seed=10322|center=4000|Oracle_FrFT_UpperBound,FMNoiseSaopin,30.0,10322,4000,Oracle_FrFT_UpperBound,ORACLE_DIAGNOSTIC_ONLY;NOT_FAIR;NOT_RL_ELIGIBLE,ORACLE_DIAGNOSTIC_ONLY,unified/pass,PASS,21.070299385172348,20.148506584747004,-0.9217928004253437,True,True,True,0,0,0,0,-0.913415746172999,TARGET_PRESERVED,0.9,1.0,0.09999999999999998,0.089,0.0,False,0.0,0.0,80000,8a015e3f860296dd3aca796cda326c3703d87c07b3f719b51b1eb7fb9b7d4abb
FMNoiseSaopin|jsr=30|seed=10323|center=1000|Oracle_FrFT_UpperBound,FMNoiseSaopin,30.0,10323,1000,Oracle_FrFT_UpperBound,ORACLE_DIAGNOSTIC_ONLY;NOT_FAIR;NOT_RL_ELIGIBLE,ORACLE_DIAGNOSTIC_ONLY,unified/pass,PASS,4.507596786423198,5.483038254472865,0.9754414680496666,True,False,True,909,740,0,0,-0.9134157461729969,TARGET_PRESERVED,0.9,1.0,0.09999999999999998,0.089,0.19854202182722652,False,0.0,0.0,80000,8a015e3f860296dd3aca796cda326c3703d87c07b3f719b51b1eb7fb9b7d4abb
FMNoiseSaopin|jsr=30|seed=10323|center=1500|Oracle_FrFT_UpperBound,FMNoiseSaopin,30.0,10323,1500,Oracle_FrFT_UpperBound,ORACLE_DIAGNOSTIC_ONLY;NOT_FAIR;NOT_RL_ELIGIBLE,ORACLE_DIAGNOSTIC_ONLY,unified/pass,PASS,4.630658706574428,2.928365463097414,-1.7022932434770137,True,True,True,1409,1409,0,1,-0.913415746172999,TARGET_PRESERVED,0.9,1.0,0.09999999999999998,0.089,0.025218200899214716,False,0.0,0.0,80000,8a015e3f860296dd3aca796cda326c3703d87c07b3f719b51b1eb7fb9b7d4abb
FMNoiseSaopin|jsr=30|seed=10323|center=2500|Oracle_FrFT_UpperBound,FMNoiseSaopin,30.0,10323,2500,Oracle_FrFT_UpperBound,ORACLE_DIAGNOSTIC_ONLY;NOT_FAIR;NOT_RL_ELIGIBLE,ORACLE_DIAGNOSTIC_ONLY,unified/pass,PASS,4.68981395622058,3.7749738567326685,-0.9148400994879116,True,True,True,2409,2409,0,0,-0.913415746172999,TARGET_PRESERVED,0.9,1.0,0.09999999999999998,0.089,0.0,False,0.0,0.0,80000,8a015e3f860296dd3aca796cda326c3703d87c07b3f719b51b1eb7fb9b7d4abb
FMNoiseSaopin|jsr=30|seed=10323|center=3500|Oracle_FrFT_UpperBound,FMNoiseSaopin,30.0,10323,3500,Oracle_FrFT_UpperBound,ORACLE_DIAGNOSTIC_ONLY;NOT_FAIR;NOT_RL_ELIGIBLE,ORACLE_DIAGNOSTIC_ONLY,unified/pass,PASS,4.64734792398068,3.7034751564176176,-0.9438727675630627,True,True,True,3409,3409,0,0,-0.913415746172999,TARGET_PRESERVED,0.9,1.0,0.09999999999999998,0.089,0.0,False,0.0,0.0,80000,8a015e3f860296dd3aca796cda326c3703d87c07b3f719b51b1eb7fb9b7d4abb
FMNoiseSaopin|jsr=30|seed=10323|center=4000|Oracle_FrFT_UpperBound,FMNoiseSaopin,30.0,10323,4000,Oracle_FrFT_UpperBound,ORACLE_DIAGNOSTIC_ONLY;NOT_FAIR;NOT_RL_ELIGIBLE,ORACLE_DIAGNOSTIC_ONLY,unified/pass,PASS,4.703188778813504,3.8096290753428566,-0.8935597034706477,True,True,True,3909,3909,0,0,-0.913415746172999,TARGET_PRESERVED,0.9,1.0,0.09999999999999998,0.089,0.0,False,0.0,0.0,80000,8a015e3f860296dd3aca796cda326c3703d87c07b3f719b51b1eb7fb9b7d4abb
FMNoiseSaopin|jsr=30|seed=10324|center=1000|Oracle_FrFT_UpperBound,FMNoiseSaopin,30.0,10324,1000,Oracle_FrFT_UpperBound,ORACLE_DIAGNOSTIC_ONLY;NOT_FAIR;NOT_RL_ELIGIBLE,ORACLE_DIAGNOSTIC_ONLY,unified/pass,PASS,9.31104318922693,8.19890951496901,-1.1121336742579206,False,False,False,755,68,0,0,-0.9134157461729969,TARGET_PRESERVED,0.9,1.0,0.09999999999999998,0.089,0.44467054555345914,False,0.0,0.0,80000,8a015e3f860296dd3aca796cda326c3703d87c07b3f719b51b1eb7fb9b7d4abb
FMNoiseSaopin|jsr=30|seed=10324|center=1500|Oracle_FrFT_UpperBound,FMNoiseSaopin,30.0,10324,1500,Oracle_FrFT_UpperBound,ORACLE_DIAGNOSTIC_ONLY;NOT_FAIR;NOT_RL_ELIGIBLE,ORACLE_DIAGNOSTIC_ONLY,unified/pass,PASS,0.6627203231298098,-0.21956812788396798,-0.8822884510137777,True,True,True,1255,1255,0,0,-0.913415746172999,TARGET_PRESERVED,0.9,1.0,0.09999999999999998,0.089,0.03697128270023517,False,0.0,0.0,80000,8a015e3f860296dd3aca796cda326c3703d87c07b3f719b51b1eb7fb9b7d4abb
FMNoiseSaopin|jsr=30|seed=10324|center=2500|Oracle_FrFT_UpperBound,FMNoiseSaopin,30.0,10324,2500,Oracle_FrFT_UpperBound,ORACLE_DIAGNOSTIC_ONLY;NOT_FAIR;NOT_RL_ELIGIBLE,ORACLE_DIAGNOSTIC_ONLY,unified/pass,PASS,0.6352231726240448,-0.2762942197599309,-0.9115173923839757,True,True,True,2255,2255,0,0,-0.913415746172999,TARGET_PRESERVED,0.9,1.0,0.09999999999999998,0.089,0.0,False,0.0,0.0,80000,8a015e3f860296dd3aca796cda326c3703d87c07b3f719b51b1eb7fb9b7d4abb
FMNoiseSaopin|jsr=30|seed=10324|center=3500|Oracle_FrFT_UpperBound,FMNoiseSaopin,30.0,10324,3500,Oracle_FrFT_UpperBound,ORACLE_DIAGNOSTIC_ONLY;NOT_FAIR;NOT_RL_ELIGIBLE,ORACLE_DIAGNOSTIC_ONLY,unified/pass,PASS,0.5953238370898618,-0.31298082554284856,-0.9083046626327104,True,True,True,3255,3255,0,0,-0.913415746172999,TARGET_PRESERVED,0.9,1.0,0.09999999999999998,0.089,0.0,False,0.0,0.0,80000,8a015e3f860296dd3aca796cda326c3703d87c07b3f719b51b1eb7fb9b7d4abb
FMNoiseSaopin|jsr=30|seed=10324|center=4000|Oracle_FrFT_UpperBound,FMNoiseSaopin,30.0,10324,4000,Oracle_FrFT_UpperBound,ORACLE_DIAGNOSTIC_ONLY;NOT_FAIR;NOT_RL_ELIGIBLE,ORACLE_DIAGNOSTIC_ONLY,unified/pass,PASS,0.6500504801789295,-0.2652274074886994,-0.9152778876676289,True,True,True,3755,3755,1,0,-0.913415746172999,TARGET_PRESERVED,0.9,1.0,0.09999999999999998,0.089,0.0,False,0.0,0.0,80000,8a015e3f860296dd3aca796cda326c3703d87c07b3f719b51b1eb7fb9b7d4abb
FMNoiseSaopin|jsr=30|seed=10325|center=1000|Oracle_FrFT_UpperBound,FMNoiseSaopin,30.0,10325,1000,Oracle_FrFT_UpperBound,ORACLE_DIAGNOSTIC_ONLY;NOT_FAIR;NOT_RL_ELIGIBLE,ORACLE_DIAGNOSTIC_ONLY,unified/pass,PASS,3.931810407322718,3.400649598253556,-0.5311608090691617,True,False,True,725,736,0,0,-0.9134157461729969,TARGET_PRESERVED,0.9,1.0,0.09999999999999998,0.089,0.17893816402105547,False,0.0,0.0,80000,8a015e3f860296dd3aca796cda326c3703d87c07b3f719b51b1eb7fb9b7d4abb
FMNoiseSaopin|jsr=30|seed=10325|center=1500|Oracle_FrFT_UpperBound,FMNoiseSaopin,30.0,10325,1500,Oracle_FrFT_UpperBound,ORACLE_DIAGNOSTIC_ONLY;NOT_FAIR;NOT_RL_ELIGIBLE,ORACLE_DIAGNOSTIC_ONLY,unified/pass,PASS,4.630327216609925,4.322287544647149,-0.30803967196277604,True,True,True,1225,1225,0,0,-0.913415746172999,TARGET_PRESERVED,0.9,1.0,0.09999999999999998,0.089,0.025484660108371266,False,0.0,0.0,80000,8a015e3f860296dd3aca796cda326c3703d87c07b3f719b51b1eb7fb9b7d4abb
FMNoiseSaopin|jsr=30|seed=10325|center=2500|Oracle_FrFT_UpperBound,FMNoiseSaopin,30.0,10325,2500,Oracle_FrFT_UpperBound,ORACLE_DIAGNOSTIC_ONLY;NOT_FAIR;NOT_RL_ELIGIBLE,ORACLE_DIAGNOSTIC_ONLY,unified/pass,PASS,4.912157985546141,4.012785330933131,-0.8993726546130105,True,True,True,2225,2225,0,0,-0.913415746172999,TARGET_PRESERVED,0.9,1.0,0.09999999999999998,0.089,0.0,False,0.0,0.0,80000,8a015e3f860296dd3aca796cda326c3703d87c07b3f719b51b1eb7fb9b7d4abb
FMNoiseSaopin|jsr=30|seed=10325|center=3500|Oracle_FrFT_UpperBound,FMNoiseSaopin,30.0,10325,3500,Oracle_FrFT_UpperBound,ORACLE_DIAGNOSTIC_ONLY;NOT_FAIR;NOT_RL_ELIGIBLE,ORACLE_DIAGNOSTIC_ONLY,unified/pass,PASS,4.7968820652571456,3.8499566806916965,-0.9469253845654491,True,True,True,3225,3225,0,0,-0.913415746172999,TARGET_PRESERVED,0.9,1.0,0.09999999999999998,0.089,0.0,False,0.0,0.0,80000,8a015e3f860296dd3aca796cda326c3703d87c07b3f719b51b1eb7fb9b7d4abb
FMNoiseSaopin|jsr=30|seed=10325|center=4000|Oracle_FrFT_UpperBound,FMNoiseSaopin,30.0,10325,4000,Oracle_FrFT_UpperBound,ORACLE_DIAGNOSTIC_ONLY;NOT_FAIR;NOT_RL_ELIGIBLE,ORACLE_DIAGNOSTIC_ONLY,unified/pass,PASS,4.812824927128972,3.876504808977141,-0.9363201181518308,True,True,True,3725,3725,0,0,-0.913415746172999,TARGET_PRESERVED,0.9,1.0,0.09999999999999998,0.089,0.0,False,0.0,0.0,80000,8a015e3f860296dd3aca796cda326c3703d87c07b3f719b51b1eb7fb9b7d4abb
FMNoiseSaopin|jsr=30|seed=10326|center=1000|Oracle_FrFT_UpperBound,FMNoiseSaopin,30.0,10326,1000,Oracle_FrFT_UpperBound,ORACLE_DIAGNOSTIC_ONLY;NOT_FAIR;NOT_RL_ELIGIBLE,ORACLE_DIAGNOSTIC_ONLY,unified/pass,PASS,9.307076023047069,6.581791514766983,-2.725284508280086,False,False,False,263,288,1,1,-0.9134157461729969,TARGET_PRESERVED,0.9,1.0,0.09999999999999998,0.089,0.4136524932984663,False,0.0,0.0,80000,8a015e3f860296dd3aca796cda326c3703d87c07b3f719b51b1eb7fb9b7d4abb
FMNoiseSaopin|jsr=30|seed=10326|center=1500|Oracle_FrFT_UpperBound,FMNoiseSaopin,30.0,10326,1500,Oracle_FrFT_UpperBound,ORACLE_DIAGNOSTIC_ONLY;NOT_FAIR;NOT_RL_ELIGIBLE,ORACLE_DIAGNOSTIC_ONLY,unified/pass,PASS,0.9695455527666573,0.11574804472301801,-0.8537975080436393,True,True,True,765,763,1,1,-0.913415746172999,TARGET_PRESERVED,0.9,1.0,0.09999999999999998,0.089,0.030361308279345012,False,0.0,0.0,80000,8a015e3f860296dd3aca796cda326c3703d87c07b3f719b51b1eb7fb9b7d4abb
FMNoiseSaopin|jsr=30|seed=10326|center=2500|Oracle_FrFT_UpperBound,FMNoiseSaopin,30.0,10326,2500,Oracle_FrFT_UpperBound,ORACLE_DIAGNOSTIC_ONLY;NOT_FAIR;NOT_RL_ELIGIBLE,ORACLE_DIAGNOSTIC_ONLY,unified/pass,PASS,0.9846778323803844,0.04291576253204774,-0.9417620698483367,True,True,True,1764,1764,0,0,-0.913415746172999,TARGET_PRESERVED,0.9,1.0,0.09999999999999998,0.089,0.0,False,0.0,0.0,80000,8a015e3f860296dd3aca796cda326c3703d87c07b3f719b51b1eb7fb9b7d4abb
FMNoiseSaopin|jsr=30|seed=10326|center=3500|Oracle_FrFT_UpperBound,FMNoiseSaopin,30.0,10326,3500,Oracle_FrFT_UpperBound,ORACLE_DIAGNOSTIC_ONLY;NOT_FAIR;NOT_RL_ELIGIBLE,ORACLE_DIAGNOSTIC_ONLY,unified/pass,PASS,0.9398025152141176,0.02620995559358437,-0.9135925596205332,True,True,True,2764,2764,1,1,-0.913415746172999,TARGET_PRESERVED,0.9,1.0,0.09999999999999998,0.089,0.0,False,0.0,0.0,80000,8a015e3f860296dd3aca796cda326c3703d87c07b3f719b51b1eb7fb9b7d4abb
FMNoiseSaopin|jsr=30|seed=10326|center=4000|Oracle_FrFT_UpperBound,FMNoiseSaopin,30.0,10326,4000,Oracle_FrFT_UpperBound,ORACLE_DIAGNOSTIC_ONLY;NOT_FAIR;NOT_RL_ELIGIBLE,ORACLE_DIAGNOSTIC_ONLY,unified/pass,PASS,0.9948110380457549,0.08943147340991234,-0.9053795646358426,True,True,True,3264,3264,1,1,-0.913415746172999,TARGET_PRESERVED,0.9,1.0,0.09999999999999998,0.089,0.0,False,0.0,0.0,80000,8a015e3f860296dd3aca796cda326c3703d87c07b3f719b51b1eb7fb9b7d4abb
FMNoiseSaopin|jsr=30|seed=10327|center=1000|Oracle_FrFT_UpperBound,FMNoiseSaopin,30.0,10327,1000,Oracle_FrFT_UpperBound,ORACLE_DIAGNOSTIC_ONLY;NOT_FAIR;NOT_RL_ELIGIBLE,ORACLE_DIAGNOSTIC_ONLY,unified/pass,PASS,9.198180830654486,8.665939029691662,-0.532241800962824,False,False,False,562,69,0,0,-0.9134157461729969,TARGET_PRESERVED,0.9,1.0,0.09999999999999998,0.089,0.4006540284767654,False,0.0,0.0,80000,8a015e3f860296dd3aca796cda326c3703d87c07b3f719b51b1eb7fb9b7d4abb
FMNoiseSaopin|jsr=30|seed=10327|center=1500|Oracle_FrFT_UpperBound,FMNoiseSaopin,30.0,10327,1500,Oracle_FrFT_UpperBound,ORACLE_DIAGNOSTIC_ONLY;NOT_FAIR;NOT_RL_ELIGIBLE,ORACLE_DIAGNOSTIC_ONLY,unified/pass,PASS,1.0726393813075268,0.12313883060437619,-0.9495005507031506,True,True,True,1062,1062,0,0,-0.913415746172999,TARGET_PRESERVED,0.9,1.0,0.09999999999999998,0.089,0.023992298471571916,False,0.0,0.0,80000,8a015e3f860296dd3aca796cda326c3703d87c07b3f719b51b1eb7fb9b7d4abb
FMNoiseSaopin|jsr=30|seed=10327|center=2500|Oracle_FrFT_UpperBound,FMNoiseSaopin,30.0,10327,2500,Oracle_FrFT_UpperBound,ORACLE_DIAGNOSTIC_ONLY;NOT_FAIR;NOT_RL_ELIGIBLE,ORACLE_DIAGNOSTIC_ONLY,unified/pass,PASS,1.1793967817462438,0.28439735813557077,-0.8949994236106731,True,True,True,2062,2062,0,0,-0.913415746172999,TARGET_PRESERVED,0.9,1.0,0.09999999999999998,0.089,0.0,False,0.0,0.0,80000,8a015e3f860296dd3aca796cda326c3703d87c07b3f719b51b1eb7fb9b7d4abb
FMNoiseSaopin|jsr=30|seed=10327|center=3500|Oracle_FrFT_UpperBound,FMNoiseSaopin,30.0,10327,3500,Oracle_FrFT_UpperBound,ORACLE_DIAGNOSTIC_ONLY;NOT_FAIR;NOT_RL_ELIGIBLE,ORACLE_DIAGNOSTIC_ONLY,unified/pass,PASS,1.1419385296804798,0.2062453152202381,-0.9356932144602417,True,True,True,3062,3062,0,1,-0.913415746172999,TARGET_PRESERVED,0.9,1.0,0.09999999999999998,0.089,0.0,False,0.0,0.0,80000,8a015e3f860296dd3aca796cda326c3703d87c07b3f719b51b1eb7fb9b7d4abb
FMNoiseSaopin|jsr=30|seed=10327|center=4000|Oracle_FrFT_UpperBound,FMNoiseSaopin,30.0,10327,4000,Oracle_FrFT_UpperBound,ORACLE_DIAGNOSTIC_ONLY;NOT_FAIR;NOT_RL_ELIGIBLE,ORACLE_DIAGNOSTIC_ONLY,unified/pass,PASS,1.1470664681088063,0.20950605496148064,-0.9375604131473256,True,True,True,3562,3562,0,0,-0.913415746172999,TARGET_PRESERVED,0.9,1.0,0.09999999999999998,0.089,0.0,False,0.0,0.0,80000,8a015e3f860296dd3aca796cda326c3703d87c07b3f719b51b1eb7fb9b7d4abb
FMNoiseSaopin|jsr=30|seed=10328|center=1000|Oracle_FrFT_UpperBound,FMNoiseSaopin,30.0,10328,1000,Oracle_FrFT_UpperBound,ORACLE_DIAGNOSTIC_ONLY;NOT_FAIR;NOT_RL_ELIGIBLE,ORACLE_DIAGNOSTIC_ONLY,unified/pass,PASS,4.563718138314917,1.9321072103827164,-2.6316109279322,True,False,True,913,817,0,0,-0.9134157461729969,TARGET_PRESERVED,0.9,1.0,0.09999999999999998,0.089,0.20543546433181906,False,0.0,0.0,80000,8a015e3f860296dd3aca796cda326c3703d87c07b3f719b51b1eb7fb9b7d4abb
FMNoiseSaopin|jsr=30|seed=10328|center=1500|Oracle_FrFT_UpperBound,FMNoiseSaopin,30.0,10328,1500,Oracle_FrFT_UpperBound,ORACLE_DIAGNOSTIC_ONLY;NOT_FAIR;NOT_RL_ELIGIBLE,ORACLE_DIAGNOSTIC_ONLY,unified/pass,PASS,5.149867476215184,4.014268392487902,-1.135599083727282,True,True,True,1413,1413,0,0,-0.913415746172999,TARGET_PRESERVED,0.9,1.0,0.09999999999999998,0.089,0.025190669422284102,False,0.0,0.0,80000,8a015e3f860296dd3aca796cda326c3703d87c07b3f719b51b1eb7fb9b7d4abb
FMNoiseSaopin|jsr=30|seed=10328|center=2500|Oracle_FrFT_UpperBound,FMNoiseSaopin,30.0,10328,2500,Oracle_FrFT_UpperBound,ORACLE_DIAGNOSTIC_ONLY;NOT_FAIR;NOT_RL_ELIGIBLE,ORACLE_DIAGNOSTIC_ONLY,unified/pass,PASS,4.949505778946465,4.023159254090612,-0.9263465248558527,True,True,True,2413,2413,0,0,-0.913415746172999,TARGET_PRESERVED,0.9,1.0,0.09999999999999998,0.089,0.0,False,0.0,0.0,80000,8a015e3f860296dd3aca796cda326c3703d87c07b3f719b51b1eb7fb9b7d4abb
FMNoiseSaopin|jsr=30|seed=10328|center=3500|Oracle_FrFT_UpperBound,FMNoiseSaopin,30.0,10328,3500,Oracle_FrFT_UpperBound,ORACLE_DIAGNOSTIC_ONLY;NOT_FAIR;NOT_RL_ELIGIBLE,ORACLE_DIAGNOSTIC_ONLY,unified/pass,PASS,4.928986705488415,4.009730346918285,-0.9192563585701308,True,True,True,3413,3413,0,0,-0.913415746172999,TARGET_PRESERVED,0.9,1.0,0.09999999999999998,0.089,0.0,False,0.0,0.0,80000,8a015e3f860296dd3aca796cda326c3703d87c07b3f719b51b1eb7fb9b7d4abb
FMNoiseSaopin|jsr=30|seed=10328|center=4000|Oracle_FrFT_UpperBound,FMNoiseSaopin,30.0,10328,4000,Oracle_FrFT_UpperBound,ORACLE_DIAGNOSTIC_ONLY;NOT_FAIR;NOT_RL_ELIGIBLE,ORACLE_DIAGNOSTIC_ONLY,unified/pass,PASS,4.930057192355303,3.974137281245298,-0.955919911110005,True,True,True,3913,3913,0,0,-0.913415746172999,TARGET_PRESERVED,0.9,1.0,0.09999999999999998,0.089,0.0,False,0.0,0.0,80000,8a015e3f860296dd3aca796cda326c3703d87c07b3f719b51b1eb7fb9b7d4abb
FMNoiseSaopin|jsr=30|seed=10329|center=1000|Oracle_FrFT_UpperBound,FMNoiseSaopin,30.0,10329,1000,Oracle_FrFT_UpperBound,ORACLE_DIAGNOSTIC_ONLY;NOT_FAIR;NOT_RL_ELIGIBLE,ORACLE_DIAGNOSTIC_ONLY,unified/pass,PASS,9.02473161004196,7.947576204310517,-1.0771554057314425,False,False,False,31,69,0,0,-0.9134157461729969,TARGET_PRESERVED,0.9,1.0,0.09999999999999998,0.089,0.433873256192213,False,0.0,0.0,80000,8a015e3f860296dd3aca796cda326c3703d87c07b3f719b51b1eb7fb9b7d4abb
FMNoiseSaopin|jsr=30|seed=10329|center=1500|Oracle_FrFT_UpperBound,FMNoiseSaopin,30.0,10329,1500,Oracle_FrFT_UpperBound,ORACLE_DIAGNOSTIC_ONLY;NOT_FAIR;NOT_RL_ELIGIBLE,ORACLE_DIAGNOSTIC_ONLY,unified/pass,PASS,0.7579324729777627,-0.1727311883356923,-0.9306636613134549,True,True,True,469,469,0,0,-0.913415746172999,TARGET_PRESERVED,0.9,1.0,0.09999999999999998,0.089,0.037210710359387424,False,0.0,0.0,80000,8a015e3f860296dd3aca796cda326c3703d87c07b3f719b51b1eb7fb9b7d4abb
FMNoiseSaopin|jsr=30|seed=10329|center=2500|Oracle_FrFT_UpperBound,FMNoiseSaopin,30.0,10329,2500,Oracle_FrFT_UpperBound,ORACLE_DIAGNOSTIC_ONLY;NOT_FAIR;NOT_RL_ELIGIBLE,ORACLE_DIAGNOSTIC_ONLY,unified/pass,PASS,0.7805167573705378,-0.15124150095530292,-0.9317582583258408,True,True,True,1469,1469,0,0,-0.913415746172999,TARGET_PRESERVED,0.9,1.0,0.09999999999999998,0.089,0.0,False,0.0,0.0,80000,8a015e3f860296dd3aca796cda326c3703d87c07b3f719b51b1eb7fb9b7d4abb
FMNoiseSaopin|jsr=30|seed=10329|center=3500|Oracle_FrFT_UpperBound,FMNoiseSaopin,30.0,10329,3500,Oracle_FrFT_UpperBound,ORACLE_DIAGNOSTIC_ONLY;NOT_FAIR;NOT_RL_ELIGIBLE,ORACLE_DIAGNOSTIC_ONLY,unified/pass,PASS,0.814492019426209,-0.07001713850061723,-0.8845091579268262,True,True,True,2469,2469,0,1,-0.913415746172999,TARGET_PRESERVED,0.9,1.0,0.09999999999999998,0.089,0.0,False,0.0,0.0,80000,8a015e3f860296dd3aca796cda326c3703d87c07b3f719b51b1eb7fb9b7d4abb
FMNoiseSaopin|jsr=30|seed=10329|center=4000|Oracle_FrFT_UpperBound,FMNoiseSaopin,30.0,10329,4000,Oracle_FrFT_UpperBound,ORACLE_DIAGNOSTIC_ONLY;NOT_FAIR;NOT_RL_ELIGIBLE,ORACLE_DIAGNOSTIC_ONLY,unified/pass,PASS,0.8017614392762138,-0.16215458020933904,-0.9639160194855528,True,True,True,2969,2969,0,0,-0.913415746172999,TARGET_PRESERVED,0.9,1.0,0.09999999999999998,0.089,0.0,False,0.0,0.0,80000,8a015e3f860296dd3aca796cda326c3703d87c07b3f719b51b1eb7fb9b7d4abb
FMNoiseSaopin|jsr=30|seed=10330|center=1000|Oracle_FrFT_UpperBound,FMNoiseSaopin,30.0,10330,1000,Oracle_FrFT_UpperBound,ORACLE_DIAGNOSTIC_ONLY;NOT_FAIR;NOT_RL_ELIGIBLE,ORACLE_DIAGNOSTIC_ONLY,unified/pass,PASS,5.163302914751516,5.786043502848683,0.6227405880971668,False,False,False,704,683,1,1,-0.9134157461729969,TARGET_PRESERVED,0.9,1.0,0.09999999999999998,0.089,0.5087640887924405,False,0.0,0.0,80000,8a015e3f860296dd3aca796cda326c3703d87c07b3f719b51b1eb7fb9b7d4abb
FMNoiseSaopin|jsr=30|seed=10330|center=1500|Oracle_FrFT_UpperBound,FMNoiseSaopin,30.0,10330,1500,Oracle_FrFT_UpperBound,ORACLE_DIAGNOSTIC_ONLY;NOT_FAIR;NOT_RL_ELIGIBLE,ORACLE_DIAGNOSTIC_ONLY,unified/pass,PASS,-0.0998689233675046,-1.019291193964997,-0.9194222705974923,True,True,True,1204,1204,1,1,-0.913415746172999,TARGET_PRESERVED,0.9,1.0,0.09999999999999998,0.089,0.050144160920491176,False,0.0,0.0,80000,8a015e3f860296dd3aca796cda326c3703d87c07b3f719b51b1eb7fb9b7d4abb
FMNoiseSaopin|jsr=30|seed=10330|center=2500|Oracle_FrFT_UpperBound,FMNoiseSaopin,30.0,10330,2500,Oracle_FrFT_UpperBound,ORACLE_DIAGNOSTIC_ONLY;NOT_FAIR;NOT_RL_ELIGIBLE,ORACLE_DIAGNOSTIC_ONLY,unified/pass,PASS,0.08232224189457193,-0.8417471567798906,-0.9240693986744626,True,True,True,2204,2204,1,1,-0.913415746172999,TARGET_PRESERVED,0.9,1.0,0.09999999999999998,0.089,0.0,False,0.0,0.0,80000,8a015e3f860296dd3aca796cda326c3703d87c07b3f719b51b1eb7fb9b7d4abb
FMNoiseSaopin|jsr=30|seed=10330|center=3500|Oracle_FrFT_UpperBound,FMNoiseSaopin,30.0,10330,3500,Oracle_FrFT_UpperBound,ORACLE_DIAGNOSTIC_ONLY;NOT_FAIR;NOT_RL_ELIGIBLE,ORACLE_DIAGNOSTIC_ONLY,unified/pass,PASS,0.041872060357125325,-0.9085657022731487,-0.950437762630274,True,True,True,3204,3204,1,0,-0.913415746172999,TARGET_PRESERVED,0.9,1.0,0.09999999999999998,0.089,0.0,False,0.0,0.0,80000,8a015e3f860296dd3aca796cda326c3703d87c07b3f719b51b1eb7fb9b7d4abb
FMNoiseSaopin|jsr=30|seed=10330|center=4000|Oracle_FrFT_UpperBound,FMNoiseSaopin,30.0,10330,4000,Oracle_FrFT_UpperBound,ORACLE_DIAGNOSTIC_ONLY;NOT_FAIR;NOT_RL_ELIGIBLE,ORACLE_DIAGNOSTIC_ONLY,unified/pass,PASS,0.05424258667835766,-0.8985714553535065,-0.9528140420318642,True,True,True,3704,3704,0,0,-0.913415746172999,TARGET_PRESERVED,0.9,1.0,0.09999999999999998,0.089,0.0,False,0.0,0.0,80000,8a015e3f860296dd3aca796cda326c3703d87c07b3f719b51b1eb7fb9b7d4abb
FMNoiseSaopin|jsr=30|seed=10331|center=1000|Oracle_FrFT_UpperBound,FMNoiseSaopin,30.0,10331,1000,Oracle_FrFT_UpperBound,ORACLE_DIAGNOSTIC_ONLY;NOT_FAIR;NOT_RL_ELIGIBLE,ORACLE_DIAGNOSTIC_ONLY,unified/pass,PASS,6.620727805029098,6.958864354343762,0.3381365493146635,False,False,False,240,595,0,0,-0.9134157461729969,TARGET_PRESERVED,0.9,1.0,0.09999999999999998,0.089,0.4905465518609743,False,0.0,0.0,80000,8a015e3f860296dd3aca796cda326c3703d87c07b3f719b51b1eb7fb9b7d4abb
FMNoiseSaopin|jsr=30|seed=10331|center=1500|Oracle_FrFT_UpperBound,FMNoiseSaopin,30.0,10331,1500,Oracle_FrFT_UpperBound,ORACLE_DIAGNOSTIC_ONLY;NOT_FAIR;NOT_RL_ELIGIBLE,ORACLE_DIAGNOSTIC_ONLY,unified/pass,PASS,0.1402117030646476,-0.7734116266958918,-0.9136233297605394,True,True,True,735,732,1,0,-0.913415746172999,TARGET_PRESERVED,0.9,1.0,0.09999999999999998,0.089,0.02047054105645605,False,0.0,0.0,80000,8a015e3f860296dd3aca796cda326c3703d87c07b3f719b51b1eb7fb9b7d4abb
FMNoiseSaopin|jsr=30|seed=10331|center=2500|Oracle_FrFT_UpperBound,FMNoiseSaopin,30.0,10331,2500,Oracle_FrFT_UpperBound,ORACLE_DIAGNOSTIC_ONLY;NOT_FAIR;NOT_RL_ELIGIBLE,ORACLE_DIAGNOSTIC_ONLY,unified/pass,PASS,0.18413247123079463,-0.68996585725339,-0.8740983284841846,True,True,True,1735,1735,2,1,-0.913415746172999,TARGET_PRESERVED,0.9,1.0,0.09999999999999998,0.089,0.0,False,0.0,0.0,80000,8a015e3f860296dd3aca796cda326c3703d87c07b3f719b51b1eb7fb9b7d4abb
FMNoiseSaopin|jsr=30|seed=10331|center=3500|Oracle_FrFT_UpperBound,FMNoiseSaopin,30.0,10331,3500,Oracle_FrFT_UpperBound,ORACLE_DIAGNOSTIC_ONLY;NOT_FAIR;NOT_RL_ELIGIBLE,ORACLE_DIAGNOSTIC_ONLY,unified/pass,PASS,0.15730974820102636,-0.7593957009306417,-0.9167054491316681,True,True,True,2735,2735,2,2,-0.913415746172999,TARGET_PRESERVED,0.9,1.0,0.09999999999999998,0.089,0.0,False,0.0,0.0,80000,8a015e3f860296dd3aca796cda326c3703d87c07b3f719b51b1eb7fb9b7d4abb
FMNoiseSaopin|jsr=30|seed=10331|center=4000|Oracle_FrFT_UpperBound,FMNoiseSaopin,30.0,10331,4000,Oracle_FrFT_UpperBound,ORACLE_DIAGNOSTIC_ONLY;NOT_FAIR;NOT_RL_ELIGIBLE,ORACLE_DIAGNOSTIC_ONLY,unified/pass,PASS,0.14248171447940483,-0.7522582561190033,-0.8947399705984082,True,True,True,3235,3235,2,2,-0.913415746172999,TARGET_PRESERVED,0.9,1.0,0.09999999999999998,0.089,0.0,False,0.0,0.0,80000,8a015e3f860296dd3aca796cda326c3703d87c07b3f719b51b1eb7fb9b7d4abb
FMNoiseSaopin|jsr=30|seed=10332|center=1000|Oracle_FrFT_UpperBound,FMNoiseSaopin,30.0,10332,1000,Oracle_FrFT_UpperBound,ORACLE_DIAGNOSTIC_ONLY;NOT_FAIR;NOT_RL_ELIGIBLE,ORACLE_DIAGNOSTIC_ONLY,unified/pass,PASS,9.480352522571966,8.10900106316073,-1.3713514594112368,False,False,False,522,528,1,1,-0.9134157461729969,TARGET_PRESERVED,0.9,1.0,0.09999999999999998,0.089,0.4021751204787632,False,0.0,0.0,80000,8a015e3f860296dd3aca796cda326c3703d87c07b3f719b51b1eb7fb9b7d4abb
FMNoiseSaopin|jsr=30|seed=10332|center=1500|Oracle_FrFT_UpperBound,FMNoiseSaopin,30.0,10332,1500,Oracle_FrFT_UpperBound,ORACLE_DIAGNOSTIC_ONLY;NOT_FAIR;NOT_RL_ELIGIBLE,ORACLE_DIAGNOSTIC_ONLY,unified/pass,PASS,1.0727857816732795,0.1637748725263409,-0.9090109091469386,True,True,True,1022,1022,1,1,-0.913415746172999,TARGET_PRESERVED,0.9,1.0,0.09999999999999998,0.089,0.03138331898904452,False,0.0,0.0,80000,8a015e3f860296dd3aca796cda326c3703d87c07b3f719b51b1eb7fb9b7d4abb
FMNoiseSaopin|jsr=30|seed=10332|center=2500|Oracle_FrFT_UpperBound,FMNoiseSaopin,30.0,10332,2500,Oracle_FrFT_UpperBound,ORACLE_DIAGNOSTIC_ONLY;NOT_FAIR;NOT_RL_ELIGIBLE,ORACLE_DIAGNOSTIC_ONLY,unified/pass,PASS,1.1252176238089588,0.23323753805447892,-0.89198008575448,True,True,True,2022,2022,1,0,-0.913415746172999,TARGET_PRESERVED,0.9,1.0,0.09999999999999998,0.089,0.0,False,0.0,0.0,80000,8a015e3f860296dd3aca796cda326c3703d87c07b3f719b51b1eb7fb9b7d4abb
FMNoiseSaopin|jsr=30|seed=10332|center=3500|Oracle_FrFT_UpperBound,FMNoiseSaopin,30.0,10332,3500,Oracle_FrFT_UpperBound,ORACLE_DIAGNOSTIC_ONLY;NOT_FAIR;NOT_RL_ELIGIBLE,ORACLE_DIAGNOSTIC_ONLY,unified/pass,PASS,1.1856886719475694,0.2885319321344234,-0.897156739813146,True,True,True,3022,3022,0,0,-0.913415746172999,TARGET_PRESERVED,0.9,1.0,0.09999999999999998,0.089,0.0,False,0.0,0.0,80000,8a015e3f860296dd3aca796cda326c3703d87c07b3f719b51b1eb7fb9b7d4abb
FMNoiseSaopin|jsr=30|seed=10332|center=4000|Oracle_FrFT_UpperBound,FMNoiseSaopin,30.0,10332,4000,Oracle_FrFT_UpperBound,ORACLE_DIAGNOSTIC_ONLY;NOT_FAIR;NOT_RL_ELIGIBLE,ORACLE_DIAGNOSTIC_ONLY,unified/pass,PASS,1.1381020810582816,0.18276631693124445,-0.9553357641270371,True,True,True,3522,3522,2,1,-0.913415746172999,TARGET_PRESERVED,0.9,1.0,0.09999999999999998,0.089,0.0,False,0.0,0.0,80000,8a015e3f860296dd3aca796cda326c3703d87c07b3f719b51b1eb7fb9b7d4abb
FMNoiseSaopin|jsr=30|seed=10333|center=1000|Oracle_FrFT_UpperBound,FMNoiseSaopin,30.0,10333,1000,Oracle_FrFT_UpperBound,ORACLE_DIAGNOSTIC_ONLY;NOT_FAIR;NOT_RL_ELIGIBLE,ORACLE_DIAGNOSTIC_ONLY,unified/pass,PASS,4.7639342813617676,4.640734083756824,-0.12320019760494372,False,False,False,847,144,1,1,-0.9134157461729969,TARGET_PRESERVED,0.9,1.0,0.09999999999999998,0.089,0.4852506660811765,False,0.0,0.0,80000,8a015e3f860296dd3aca796cda326c3703d87c07b3f719b51b1eb7fb9b7d4abb
FMNoiseSaopin|jsr=30|seed=10333|center=1500|Oracle_FrFT_UpperBound,FMNoiseSaopin,30.0,10333,1500,Oracle_FrFT_UpperBound,ORACLE_DIAGNOSTIC_ONLY;NOT_FAIR;NOT_RL_ELIGIBLE,ORACLE_DIAGNOSTIC_ONLY,unified/pass,PASS,0.11387949981657583,-0.7829291532068765,-0.8968086530234524,True,True,True,1347,1347,1,1,-0.913415746172999,TARGET_PRESERVED,0.9,1.0,0.09999999999999998,0.089,0.03374290738301755,False,0.0,0.0,80000,8a015e3f860296dd3aca796cda326c3703d87c07b3f719b51b1eb7fb9b7d4abb
FMNoiseSaopin|jsr=30|seed=10333|center=2500|Oracle_FrFT_UpperBound,FMNoiseSaopin,30.0,10333,2500,Oracle_FrFT_UpperBound,ORACLE_DIAGNOSTIC_ONLY;NOT_FAIR;NOT_RL_ELIGIBLE,ORACLE_DIAGNOSTIC_ONLY,unified/pass,PASS,0.15826427791985614,-0.7635859643682196,-0.9218502422880757,True,True,True,2347,2347,0,0,-0.913415746172999,TARGET_PRESERVED,0.9,1.0,0.09999999999999998,0.089,0.0,False,0.0,0.0,80000,8a015e3f860296dd3aca796cda326c3703d87c07b3f719b51b1eb7fb9b7d4abb
FMNoiseSaopin|jsr=30|seed=10333|center=3500|Oracle_FrFT_UpperBound,FMNoiseSaopin,30.0,10333,3500,Oracle_FrFT_UpperBound,ORACLE_DIAGNOSTIC_ONLY;NOT_FAIR;NOT_RL_ELIGIBLE,ORACLE_DIAGNOSTIC_ONLY,unified/pass,PASS,0.2097737298164139,-0.7025424688427279,-0.9123161986591417,True,True,True,3347,3347,0,1,-0.913415746172999,TARGET_PRESERVED,0.9,1.0,0.09999999999999998,0.089,0.0,False,0.0,0.0,80000,8a015e3f860296dd3aca796cda326c3703d87c07b3f719b51b1eb7fb9b7d4abb
FMNoiseSaopin|jsr=30|seed=10333|center=4000|Oracle_FrFT_UpperBound,FMNoiseSaopin,30.0,10333,4000,Oracle_FrFT_UpperBound,ORACLE_DIAGNOSTIC_ONLY;NOT_FAIR;NOT_RL_ELIGIBLE,ORACLE_DIAGNOSTIC_ONLY,unified/pass,PASS,0.24742025095916897,-0.6639609395716861,-0.9113811905308551,True,True,True,3847,3847,0,0,-0.913415746172999,TARGET_PRESERVED,0.9,1.0,0.09999999999999998,0.089,0.0,False,0.0,0.0,80000,8a015e3f860296dd3aca796cda326c3703d87c07b3f719b51b1eb7fb9b7d4abb
FMNoiseSaopin|jsr=30|seed=10334|center=1000|Oracle_FrFT_UpperBound,FMNoiseSaopin,30.0,10334,1000,Oracle_FrFT_UpperBound,ORACLE_DIAGNOSTIC_ONLY;NOT_FAIR;NOT_RL_ELIGIBLE,ORACLE_DIAGNOSTIC_ONLY,unified/pass,PASS,5.072236205608887,4.941245762251676,-0.1309904433572111,True,False,True,912,740,0,0,-0.9134157461729969,TARGET_PRESERVED,0.9,1.0,0.09999999999999998,0.089,0.20931144348154232,False,0.0,0.0,80000,8a015e3f860296dd3aca796cda326c3703d87c07b3f719b51b1eb7fb9b7d4abb
FMNoiseSaopin|jsr=30|seed=10334|center=1500|Oracle_FrFT_UpperBound,FMNoiseSaopin,30.0,10334,1500,Oracle_FrFT_UpperBound,ORACLE_DIAGNOSTIC_ONLY;NOT_FAIR;NOT_RL_ELIGIBLE,ORACLE_DIAGNOSTIC_ONLY,unified/pass,PASS,4.976635916164093,3.443725342199937,-1.532910573964156,True,True,True,1412,1412,0,0,-0.913415746172999,TARGET_PRESERVED,0.9,1.0,0.09999999999999998,0.089,0.025322775529798263,False,0.0,0.0,80000,8a015e3f860296dd3aca796cda326c3703d87c07b3f719b51b1eb7fb9b7d4abb
FMNoiseSaopin|jsr=30|seed=10334|center=2500|Oracle_FrFT_UpperBound,FMNoiseSaopin,30.0,10334,2500,Oracle_FrFT_UpperBound,ORACLE_DIAGNOSTIC_ONLY;NOT_FAIR;NOT_RL_ELIGIBLE,ORACLE_DIAGNOSTIC_ONLY,unified/pass,PASS,5.092397736675798,4.203308365986698,-0.8890893706891001,True,True,True,2412,2412,0,0,-0.913415746172999,TARGET_PRESERVED,0.9,1.0,0.09999999999999998,0.089,0.0,False,0.0,0.0,80000,8a015e3f860296dd3aca796cda326c3703d87c07b3f719b51b1eb7fb9b7d4abb
FMNoiseSaopin|jsr=30|seed=10334|center=3500|Oracle_FrFT_UpperBound,FMNoiseSaopin,30.0,10334,3500,Oracle_FrFT_UpperBound,ORACLE_DIAGNOSTIC_ONLY;NOT_FAIR;NOT_RL_ELIGIBLE,ORACLE_DIAGNOSTIC_ONLY,unified/pass,PASS,4.815692104184492,3.966931752711181,-0.8487603514733104,True,True,True,3412,3412,0,0,-0.913415746172999,TARGET_PRESERVED,0.9,1.0,0.09999999999999998,0.089,0.0,False,0.0,0.0,80000,8a015e3f860296dd3aca796cda326c3703d87c07b3f719b51b1eb7fb9b7d4abb
FMNoiseSaopin|jsr=30|seed=10334|center=4000|Oracle_FrFT_UpperBound,FMNoiseSaopin,30.0,10334,4000,Oracle_FrFT_UpperBound,ORACLE_DIAGNOSTIC_ONLY;NOT_FAIR;NOT_RL_ELIGIBLE,ORACLE_DIAGNOSTIC_ONLY,unified/pass,PASS,4.942435073690018,3.9991164970375115,-0.9433185766525067,True,True,True,3912,3912,0,0,-0.913415746172999,TARGET_PRESERVED,0.9,1.0,0.09999999999999998,0.089,0.0,False,0.0,0.0,80000,8a015e3f860296dd3aca796cda326c3703d87c07b3f719b51b1eb7fb9b7d4abb
FMNoiseSaopin|jsr=30|seed=10335|center=1000|Oracle_FrFT_UpperBound,FMNoiseSaopin,30.0,10335,1000,Oracle_FrFT_UpperBound,ORACLE_DIAGNOSTIC_ONLY;NOT_FAIR;NOT_RL_ELIGIBLE,ORACLE_DIAGNOSTIC_ONLY,unified/pass,PASS,20.02908233732081,18.201837076189417,-1.8272452611313916,True,False,True,0,4,1,1,-0.9134157461729969,TARGET_PRESERVED,0.9,1.0,0.09999999999999998,0.089,0.038799165513949005,False,0.0,0.0,80000,8a015e3f860296dd3aca796cda326c3703d87c07b3f719b51b1eb7fb9b7d4abb
FMNoiseSaopin|jsr=30|seed=10335|center=1500|Oracle_FrFT_UpperBound,FMNoiseSaopin,30.0,10335,1500,Oracle_FrFT_UpperBound,ORACLE_DIAGNOSTIC_ONLY;NOT_FAIR;NOT_RL_ELIGIBLE,ORACLE_DIAGNOSTIC_ONLY,unified/pass,PASS,20.38638886546494,18.147358006433954,-2.2390308590309864,True,True,True,1,1,1,0,-0.913415746172999,TARGET_PRESERVED,0.9,1.0,0.09999999999999998,0.089,0.02325382438458056,False,0.0,0.0,80000,8a015e3f860296dd3aca796cda326c3703d87c07b3f719b51b1eb7fb9b7d4abb
FMNoiseSaopin|jsr=30|seed=10335|center=2500|Oracle_FrFT_UpperBound,FMNoiseSaopin,30.0,10335,2500,Oracle_FrFT_UpperBound,ORACLE_DIAGNOSTIC_ONLY;NOT_FAIR;NOT_RL_ELIGIBLE,ORACLE_DIAGNOSTIC_ONLY,unified/pass,PASS,20.203634151381124,19.27520725938481,-0.9284268919963132,True,True,True,0,0,0,0,-0.913415746172999,TARGET_PRESERVED,0.9,1.0,0.09999999999999998,0.089,0.0,False,0.0,0.0,80000,8a015e3f860296dd3aca796cda326c3703d87c07b3f719b51b1eb7fb9b7d4abb
FMNoiseSaopin|jsr=30|seed=10335|center=3500|Oracle_FrFT_UpperBound,FMNoiseSaopin,30.0,10335,3500,Oracle_FrFT_UpperBound,ORACLE_DIAGNOSTIC_ONLY;NOT_FAIR;NOT_RL_ELIGIBLE,ORACLE_DIAGNOSTIC_ONLY,unified/pass,PASS,20.178193088609394,19.238222261744507,-0.9399708268648865,True,True,True,0,0,1,1,-0.913415746172999,TARGET_PRESERVED,0.9,1.0,0.09999999999999998,0.089,0.0,False,0.0,0.0,80000,8a015e3f860296dd3aca796cda326c3703d87c07b3f719b51b1eb7fb9b7d4abb
FMNoiseSaopin|jsr=30|seed=10335|center=4000|Oracle_FrFT_UpperBound,FMNoiseSaopin,30.0,10335,4000,Oracle_FrFT_UpperBound,ORACLE_DIAGNOSTIC_ONLY;NOT_FAIR;NOT_RL_ELIGIBLE,ORACLE_DIAGNOSTIC_ONLY,unified/pass,PASS,20.180426300242654,19.233732802706246,-0.9466934975364083,True,True,True,0,0,1,1,-0.913415746172999,TARGET_PRESERVED,0.9,1.0,0.09999999999999998,0.089,0.0,False,0.0,0.0,80000,8a015e3f860296dd3aca796cda326c3703d87c07b3f719b51b1eb7fb9b7d4abb
FMNoiseSaopin|jsr=30|seed=10336|center=1000|Oracle_FrFT_UpperBound,FMNoiseSaopin,30.0,10336,1000,Oracle_FrFT_UpperBound,ORACLE_DIAGNOSTIC_ONLY;NOT_FAIR;NOT_RL_ELIGIBLE,ORACLE_DIAGNOSTIC_ONLY,unified/pass,PASS,10.055643391055755,7.473238787145615,-2.58240460391014,False,False,False,388,385,1,0,-0.9134157461729969,TARGET_PRESERVED,0.9,1.0,0.09999999999999998,0.089,0.43474674145543496,False,0.0,0.0,80000,8a015e3f860296dd3aca796cda326c3703d87c07b3f719b51b1eb7fb9b7d4abb
FMNoiseSaopin|jsr=30|seed=10336|center=1500|Oracle_FrFT_UpperBound,FMNoiseSaopin,30.0,10336,1500,Oracle_FrFT_UpperBound,ORACLE_DIAGNOSTIC_ONLY;NOT_FAIR;NOT_RL_ELIGIBLE,ORACLE_DIAGNOSTIC_ONLY,unified/pass,PASS,0.7668570032029771,-0.16041865710177544,-0.9272756603047525,True,True,True,888,892,0,0,-0.913415746172999,TARGET_PRESERVED,0.9,1.0,0.09999999999999998,0.089,0.03526565690758281,False,0.0,0.0,80000,8a015e3f860296dd3aca796cda326c3703d87c07b3f719b51b1eb7fb9b7d4abb
FMNoiseSaopin|jsr=30|seed=10336|center=2500|Oracle_FrFT_UpperBound,FMNoiseSaopin,30.0,10336,2500,Oracle_FrFT_UpperBound,ORACLE_DIAGNOSTIC_ONLY;NOT_FAIR;NOT_RL_ELIGIBLE,ORACLE_DIAGNOSTIC_ONLY,unified/pass,PASS,0.7756484715953851,-0.12385670198976317,-0.8995051735851483,True,True,True,1888,1888,1,0,-0.913415746172999,TARGET_PRESERVED,0.9,1.0,0.09999999999999998,0.089,0.0,False,0.0,0.0,80000,8a015e3f860296dd3aca796cda326c3703d87c07b3f719b51b1eb7fb9b7d4abb
FMNoiseSaopin|jsr=30|seed=10336|center=3500|Oracle_FrFT_UpperBound,FMNoiseSaopin,30.0,10336,3500,Oracle_FrFT_UpperBound,ORACLE_DIAGNOSTIC_ONLY;NOT_FAIR;NOT_RL_ELIGIBLE,ORACLE_DIAGNOSTIC_ONLY,unified/pass,PASS,0.808447500336043,-0.09560206263295774,-0.9040495629690007,True,True,True,2888,2888,1,2,-0.913415746172999,TARGET_PRESERVED,0.9,1.0,0.09999999999999998,0.089,0.0,False,0.0,0.0,80000,8a015e3f860296dd3aca796cda326c3703d87c07b3f719b51b1eb7fb9b7d4abb
FMNoiseSaopin|jsr=30|seed=10336|center=4000|Oracle_FrFT_UpperBound,FMNoiseSaopin,30.0,10336,4000,Oracle_FrFT_UpperBound,ORACLE_DIAGNOSTIC_ONLY;NOT_FAIR;NOT_RL_ELIGIBLE,ORACLE_DIAGNOSTIC_ONLY,unified/pass,PASS,0.7253164194853277,-0.1821492691280851,-0.9074656886134127,True,True,True,3388,3388,1,1,-0.913415746172999,TARGET_PRESERVED,0.9,1.0,0.09999999999999998,0.089,0.0,False,0.0,0.0,80000,8a015e3f860296dd3aca796cda326c3703d87c07b3f719b51b1eb7fb9b7d4abb
FMNoiseSaopin|jsr=30|seed=10337|center=1000|Oracle_FrFT_UpperBound,FMNoiseSaopin,30.0,10337,1000,Oracle_FrFT_UpperBound,ORACLE_DIAGNOSTIC_ONLY;NOT_FAIR;NOT_RL_ELIGIBLE,ORACLE_DIAGNOSTIC_ONLY,unified/pass,PASS,20.74766705773755,19.219293915655648,-1.5283731420819038,True,False,True,0,2,0,0,-0.9134157461729969,TARGET_PRESERVED,0.9,1.0,0.09999999999999998,0.089,0.0370061783617645,False,0.0,0.0,80000,8a015e3f860296dd3aca796cda326c3703d87c07b3f719b51b1eb7fb9b7d4abb
FMNoiseSaopin|jsr=30|seed=10337|center=1500|Oracle_FrFT_UpperBound,FMNoiseSaopin,30.0,10337,1500,Oracle_FrFT_UpperBound,ORACLE_DIAGNOSTIC_ONLY;NOT_FAIR;NOT_RL_ELIGIBLE,ORACLE_DIAGNOSTIC_ONLY,unified/pass,PASS,20.80605135945639,18.265221383442295,-2.540829976014095,True,True,True,1,1,0,0,-0.913415746172999,TARGET_PRESERVED,0.9,1.0,0.09999999999999998,0.089,0.023404124104303252,False,0.0,0.0,80000,8a015e3f860296dd3aca796cda326c3703d87c07b3f719b51b1eb7fb9b7d4abb
FMNoiseSaopin|jsr=30|seed=10337|center=2500|Oracle_FrFT_UpperBound,FMNoiseSaopin,30.0,10337,2500,Oracle_FrFT_UpperBound,ORACLE_DIAGNOSTIC_ONLY;NOT_FAIR;NOT_RL_ELIGIBLE,ORACLE_DIAGNOSTIC_ONLY,unified/pass,PASS,20.867725868446595,19.926464631188097,-0.9412612372584981,True,True,True,0,0,0,0,-0.913415746172999,TARGET_PRESERVED,0.9,1.0,0.09999999999999998,0.089,0.0,False,0.0,0.0,80000,8a015e3f860296dd3aca796cda326c3703d87c07b3f719b51b1eb7fb9b7d4abb
FMNoiseSaopin|jsr=30|seed=10337|center=3500|Oracle_FrFT_UpperBound,FMNoiseSaopin,30.0,10337,3500,Oracle_FrFT_UpperBound,ORACLE_DIAGNOSTIC_ONLY;NOT_FAIR;NOT_RL_ELIGIBLE,ORACLE_DIAGNOSTIC_ONLY,unified/pass,PASS,20.633766345146256,19.677417615422087,-0.9563487297241693,True,True,True,0,0,0,0,-0.913415746172999,TARGET_PRESERVED,0.9,1.0,0.09999999999999998,0.089,0.0,False,0.0,0.0,80000,8a015e3f860296dd3aca796cda326c3703d87c07b3f719b51b1eb7fb9b7d4abb
FMNoiseSaopin|jsr=30|seed=10337|center=4000|Oracle_FrFT_UpperBound,FMNoiseSaopin,30.0,10337,4000,Oracle_FrFT_UpperBound,ORACLE_DIAGNOSTIC_ONLY;NOT_FAIR;NOT_RL_ELIGIBLE,ORACLE_DIAGNOSTIC_ONLY,unified/pass,PASS,20.649089488977936,19.69937705112654,-0.9497124378513959,True,True,True,0,0,1,0,-0.913415746172999,TARGET_PRESERVED,0.9,1.0,0.09999999999999998,0.089,0.0,False,0.0,0.0,80000,8a015e3f860296dd3aca796cda326c3703d87c07b3f719b51b1eb7fb9b7d4abb
FMNoiseSaopin|jsr=30|seed=10338|center=1000|Oracle_FrFT_UpperBound,FMNoiseSaopin,30.0,10338,1000,Oracle_FrFT_UpperBound,ORACLE_DIAGNOSTIC_ONLY;NOT_FAIR;NOT_RL_ELIGIBLE,ORACLE_DIAGNOSTIC_ONLY,unified/pass,PASS,5.929300449812439,6.744008767244707,0.8147083174322676,False,False,False,240,450,0,0,-0.9134157461729969,TARGET_PRESERVED,0.9,1.0,0.09999999999999998,0.089,0.4999181589813364,False,0.0,0.0,80000,8a015e3f860296dd3aca796cda326c3703d87c07b3f719b51b1eb7fb9b7d4abb
FMNoiseSaopin|jsr=30|seed=10338|center=1500|Oracle_FrFT_UpperBound,FMNoiseSaopin,30.0,10338,1500,Oracle_FrFT_UpperBound,ORACLE_DIAGNOSTIC_ONLY;NOT_FAIR;NOT_RL_ELIGIBLE,ORACLE_DIAGNOSTIC_ONLY,unified/pass,PASS,-0.000761395216023687,-0.9064059615853457,-0.905644566369322,True,True,True,740,744,0,0,-0.913415746172999,TARGET_PRESERVED,0.9,1.0,0.09999999999999998,0.089,0.04324255782937618,False,0.0,0.0,80000,8a015e3f860296dd3aca796cda326c3703d87c07b3f719b51b1eb7fb9b7d4abb
FMNoiseSaopin|jsr=30|seed=10338|center=2500|Oracle_FrFT_UpperBound,FMNoiseSaopin,30.0,10338,2500,Oracle_FrFT_UpperBound,ORACLE_DIAGNOSTIC_ONLY;NOT_FAIR;NOT_RL_ELIGIBLE,ORACLE_DIAGNOSTIC_ONLY,unified/pass,PASS,0.08140031777181281,-0.8507873175154274,-0.9321876352872401,True,True,True,1740,1740,1,0,-0.913415746172999,TARGET_PRESERVED,0.9,1.0,0.09999999999999998,0.089,0.0,False,0.0,0.0,80000,8a015e3f860296dd3aca796cda326c3703d87c07b3f719b51b1eb7fb9b7d4abb
FMNoiseSaopin|jsr=30|seed=10338|center=3500|Oracle_FrFT_UpperBound,FMNoiseSaopin,30.0,10338,3500,Oracle_FrFT_UpperBound,ORACLE_DIAGNOSTIC_ONLY;NOT_FAIR;NOT_RL_ELIGIBLE,ORACLE_DIAGNOSTIC_ONLY,unified/pass,PASS,0.08298907724232028,-0.8483521466014389,-0.9313412238437592,True,True,True,2740,2740,1,0,-0.913415746172999,TARGET_PRESERVED,0.9,1.0,0.09999999999999998,0.089,0.0,False,0.0,0.0,80000,8a015e3f860296dd3aca796cda326c3703d87c07b3f719b51b1eb7fb9b7d4abb
FMNoiseSaopin|jsr=30|seed=10338|center=4000|Oracle_FrFT_UpperBound,FMNoiseSaopin,30.0,10338,4000,Oracle_FrFT_UpperBound,ORACLE_DIAGNOSTIC_ONLY;NOT_FAIR;NOT_RL_ELIGIBLE,ORACLE_DIAGNOSTIC_ONLY,unified/pass,PASS,0.04857466669468678,-0.8486735519600421,-0.8972482186547289,True,True,True,3240,3240,0,0,-0.913415746172999,TARGET_PRESERVED,0.9,1.0,0.09999999999999998,0.089,0.0,False,0.0,0.0,80000,8a015e3f860296dd3aca796cda326c3703d87c07b3f719b51b1eb7fb9b7d4abb
FMNoiseSaopin|jsr=30|seed=10339|center=1000|Oracle_FrFT_UpperBound,FMNoiseSaopin,30.0,10339,1000,Oracle_FrFT_UpperBound,ORACLE_DIAGNOSTIC_ONLY;NOT_FAIR;NOT_RL_ELIGIBLE,ORACLE_DIAGNOSTIC_ONLY,unified/pass,PASS,10.181330116017422,8.700379108316167,-1.4809510077012558,False,False,False,7,68,3,2,-0.9134157461729969,TARGET_PRESERVED,0.9,1.0,0.09999999999999998,0.089,0.424568246295087,False,0.0,0.0,80000,8a015e3f860296dd3aca796cda326c3703d87c07b3f719b51b1eb7fb9b7d4abb
FMNoiseSaopin|jsr=30|seed=10339|center=1500|Oracle_FrFT_UpperBound,FMNoiseSaopin,30.0,10339,1500,Oracle_FrFT_UpperBound,ORACLE_DIAGNOSTIC_ONLY;NOT_FAIR;NOT_RL_ELIGIBLE,ORACLE_DIAGNOSTIC_ONLY,unified/pass,PASS,0.8175828654006091,-0.06680708169339741,-0.8843899470940065,True,True,True,468,468,1,1,-0.913415746172999,TARGET_PRESERVED,0.9,1.0,0.09999999999999998,0.089,0.042881041036323286,False,0.0,0.0,80000,8a015e3f860296dd3aca796cda326c3703d87c07b3f719b51b1eb7fb9b7d4abb
FMNoiseSaopin|jsr=30|seed=10339|center=2500|Oracle_FrFT_UpperBound,FMNoiseSaopin,30.0,10339,2500,Oracle_FrFT_UpperBound,ORACLE_DIAGNOSTIC_ONLY;NOT_FAIR;NOT_RL_ELIGIBLE,ORACLE_DIAGNOSTIC_ONLY,unified/pass,PASS,0.8240476443703925,-0.09691149240851157,-0.9209591367789041,True,True,True,1469,1469,0,1,-0.913415746172999,TARGET_PRESERVED,0.9,1.0,0.09999999999999998,0.089,0.0,False,0.0,0.0,80000,8a015e3f860296dd3aca796cda326c3703d87c07b3f719b51b1eb7fb9b7d4abb
FMNoiseSaopin|jsr=30|seed=10339|center=3500|Oracle_FrFT_UpperBound,FMNoiseSaopin,30.0,10339,3500,Oracle_FrFT_UpperBound,ORACLE_DIAGNOSTIC_ONLY;NOT_FAIR;NOT_RL_ELIGIBLE,ORACLE_DIAGNOSTIC_ONLY,unified/pass,PASS,0.8209834922024922,-0.09742500935136504,-0.9184085015538572,True,True,True,2469,2469,1,1,-0.913415746172999,TARGET_PRESERVED,0.9,1.0,0.09999999999999998,0.089,0.0,False,0.0,0.0,80000,8a015e3f860296dd3aca796cda326c3703d87c07b3f719b51b1eb7fb9b7d4abb
FMNoiseSaopin|jsr=30|seed=10339|center=4000|Oracle_FrFT_UpperBound,FMNoiseSaopin,30.0,10339,4000,Oracle_FrFT_UpperBound,ORACLE_DIAGNOSTIC_ONLY;NOT_FAIR;NOT_RL_ELIGIBLE,ORACLE_DIAGNOSTIC_ONLY,unified/pass,PASS,0.9207818021100598,-0.01130644699125916,-0.9320882491013189,True,True,True,2969,2969,2,2,-0.913415746172999,TARGET_PRESERVED,0.9,1.0,0.09999999999999998,0.089,0.0,False,0.0,0.0,80000,8a015e3f860296dd3aca796cda326c3703d87c07b3f719b51b1eb7fb9b7d4abb
FMNoiseSaopin|jsr=30|seed=10340|center=1000|Oracle_FrFT_UpperBound,FMNoiseSaopin,30.0,10340,1000,Oracle_FrFT_UpperBound,ORACLE_DIAGNOSTIC_ONLY;NOT_FAIR;NOT_RL_ELIGIBLE,ORACLE_DIAGNOSTIC_ONLY,unified/pass,PASS,4.809879621176934,5.219089588835999,0.4092099676590646,False,False,False,616,593,0,0,-0.9134157461729969,TARGET_PRESERVED,0.9,1.0,0.09999999999999998,0.089,0.5024054889803226,False,0.0,0.0,80000,8a015e3f860296dd3aca796cda326c3703d87c07b3f719b51b1eb7fb9b7d4abb
FMNoiseSaopin|jsr=30|seed=10340|center=1500|Oracle_FrFT_UpperBound,FMNoiseSaopin,30.0,10340,1500,Oracle_FrFT_UpperBound,ORACLE_DIAGNOSTIC_ONLY;NOT_FAIR;NOT_RL_ELIGIBLE,ORACLE_DIAGNOSTIC_ONLY,unified/pass,PASS,-0.026724810085392764,-0.9378021512695461,-0.9110773411841534,True,True,True,1116,1116,0,0,-0.913415746172999,TARGET_PRESERVED,0.9,1.0,0.09999999999999998,0.089,0.03515840087929669,False,0.0,0.0,80000,8a015e3f860296dd3aca796cda326c3703d87c07b3f719b51b1eb7fb9b7d4abb
FMNoiseSaopin|jsr=30|seed=10340|center=2500|Oracle_FrFT_UpperBound,FMNoiseSaopin,30.0,10340,2500,Oracle_FrFT_UpperBound,ORACLE_DIAGNOSTIC_ONLY;NOT_FAIR;NOT_RL_ELIGIBLE,ORACLE_DIAGNOSTIC_ONLY,unified/pass,PASS,0.040168610425841064,-0.9003457878807687,-0.9405143983066098,True,True,True,2116,2116,0,0,-0.913415746172999,TARGET_PRESERVED,0.9,1.0,0.09999999999999998,0.089,0.0,False,0.0,0.0,80000,8a015e3f860296dd3aca796cda326c3703d87c07b3f719b51b1eb7fb9b7d4abb
FMNoiseSaopin|jsr=30|seed=10340|center=3500|Oracle_FrFT_UpperBound,FMNoiseSaopin,30.0,10340,3500,Oracle_FrFT_UpperBound,ORACLE_DIAGNOSTIC_ONLY;NOT_FAIR;NOT_RL_ELIGIBLE,ORACLE_DIAGNOSTIC_ONLY,unified/pass,PASS,0.07589370572057577,-0.8462366226093981,-0.9221303283299739,True,True,True,3116,3116,0,0,-0.913415746172999,TARGET_PRESERVED,0.9,1.0,0.09999999999999998,0.089,0.0,False,0.0,0.0,80000,8a015e3f860296dd3aca796cda326c3703d87c07b3f719b51b1eb7fb9b7d4abb
FMNoiseSaopin|jsr=30|seed=10340|center=4000|Oracle_FrFT_UpperBound,FMNoiseSaopin,30.0,10340,4000,Oracle_FrFT_UpperBound,ORACLE_DIAGNOSTIC_ONLY;NOT_FAIR;NOT_RL_ELIGIBLE,ORACLE_DIAGNOSTIC_ONLY,unified/pass,PASS,0.09590637190918293,-0.7870985998789254,-0.8830049717881083,True,True,True,3616,3616,0,0,-0.913415746172999,TARGET_PRESERVED,0.9,1.0,0.09999999999999998,0.089,0.0,False,0.0,0.0,80000,8a015e3f860296dd3aca796cda326c3703d87c07b3f719b51b1eb7fb9b7d4abb
FMNoiseSaopin|jsr=30|seed=10341|center=1000|Oracle_FrFT_UpperBound,FMNoiseSaopin,30.0,10341,1000,Oracle_FrFT_UpperBound,ORACLE_DIAGNOSTIC_ONLY;NOT_FAIR;NOT_RL_ELIGIBLE,ORACLE_DIAGNOSTIC_ONLY,unified/pass,PASS,4.120154122725074,3.414715985450385,-0.705438137274689,True,False,True,909,742,0,0,-0.9134157461729969,TARGET_PRESERVED,0.9,1.0,0.09999999999999998,0.089,0.17092368813346306,False,0.0,0.0,80000,8a015e3f860296dd3aca796cda326c3703d87c07b3f719b51b1eb7fb9b7d4abb
FMNoiseSaopin|jsr=30|seed=10341|center=1500|Oracle_FrFT_UpperBound,FMNoiseSaopin,30.0,10341,1500,Oracle_FrFT_UpperBound,ORACLE_DIAGNOSTIC_ONLY;NOT_FAIR;NOT_RL_ELIGIBLE,ORACLE_DIAGNOSTIC_ONLY,unified/pass,PASS,4.682220094038147,4.0223689145909995,-0.6598511794471476,True,True,True,1409,1409,0,0,-0.913415746172999,TARGET_PRESERVED,0.9,1.0,0.09999999999999998,0.089,0.025159136928099114,False,0.0,0.0,80000,8a015e3f860296dd3aca796cda326c3703d87c07b3f719b51b1eb7fb9b7d4abb
FMNoiseSaopin|jsr=30|seed=10341|center=2500|Oracle_FrFT_UpperBound,FMNoiseSaopin,30.0,10341,2500,Oracle_FrFT_UpperBound,ORACLE_DIAGNOSTIC_ONLY;NOT_FAIR;NOT_RL_ELIGIBLE,ORACLE_DIAGNOSTIC_ONLY,unified/pass,PASS,4.712541613874286,3.7888860583928476,-0.9236555554814387,True,True,True,2409,2409,1,0,-0.913415746172999,TARGET_PRESERVED,0.9,1.0,0.09999999999999998,0.089,0.0,False,0.0,0.0,80000,8a015e3f860296dd3aca796cda326c3703d87c07b3f719b51b1eb7fb9b7d4abb
FMNoiseSaopin|jsr=30|seed=10341|center=3500|Oracle_FrFT_UpperBound,FMNoiseSaopin,30.0,10341,3500,Oracle_FrFT_UpperBound,ORACLE_DIAGNOSTIC_ONLY;NOT_FAIR;NOT_RL_ELIGIBLE,ORACLE_DIAGNOSTIC_ONLY,unified/pass,PASS,4.729352143782627,3.8338690236830093,-0.8954831200996178,True,True,True,3409,3409,0,0,-0.913415746172999,TARGET_PRESERVED,0.9,1.0,0.09999999999999998,0.089,0.0,False,0.0,0.0,80000,8a015e3f860296dd3aca796cda326c3703d87c07b3f719b51b1eb7fb9b7d4abb
FMNoiseSaopin|jsr=30|seed=10341|center=4000|Oracle_FrFT_UpperBound,FMNoiseSaopin,30.0,10341,4000,Oracle_FrFT_UpperBound,ORACLE_DIAGNOSTIC_ONLY;NOT_FAIR;NOT_RL_ELIGIBLE,ORACLE_DIAGNOSTIC_ONLY,unified/pass,PASS,4.734219587216591,3.806410282677861,-0.9278093045387301,True,True,True,3909,3909,0,0,-0.913415746172999,TARGET_PRESERVED,0.9,1.0,0.09999999999999998,0.089,0.0,False,0.0,0.0,80000,8a015e3f860296dd3aca796cda326c3703d87c07b3f719b51b1eb7fb9b7d4abb
FMNoiseSaopin|jsr=30|seed=10342|center=1000|Oracle_FrFT_UpperBound,FMNoiseSaopin,30.0,10342,1000,Oracle_FrFT_UpperBound,ORACLE_DIAGNOSTIC_ONLY;NOT_FAIR;NOT_RL_ELIGIBLE,ORACLE_DIAGNOSTIC_ONLY,unified/pass,PASS,9.61728562814368,7.244111487473589,-2.3731741406700912,False,False,False,7,69,0,0,-0.9134157461729969,TARGET_PRESERVED,0.9,1.0,0.09999999999999998,0.089,0.42307669631798916,False,0.0,0.0,80000,8a015e3f860296dd3aca796cda326c3703d87c07b3f719b51b1eb7fb9b7d4abb
FMNoiseSaopin|jsr=30|seed=10342|center=1500|Oracle_FrFT_UpperBound,FMNoiseSaopin,30.0,10342,1500,Oracle_FrFT_UpperBound,ORACLE_DIAGNOSTIC_ONLY;NOT_FAIR;NOT_RL_ELIGIBLE,ORACLE_DIAGNOSTIC_ONLY,unified/pass,PASS,0.875198164730906,-0.021420567913275776,-0.8966187326441817,True,True,True,773,774,0,0,-0.913415746172999,TARGET_PRESERVED,0.9,1.0,0.09999999999999998,0.089,0.026568685642245918,False,0.0,0.0,80000,8a015e3f860296dd3aca796cda326c3703d87c07b3f719b51b1eb7fb9b7d4abb
FMNoiseSaopin|jsr=30|seed=10342|center=2500|Oracle_FrFT_UpperBound,FMNoiseSaopin,30.0,10342,2500,Oracle_FrFT_UpperBound,ORACLE_DIAGNOSTIC_ONLY;NOT_FAIR;NOT_RL_ELIGIBLE,ORACLE_DIAGNOSTIC_ONLY,unified/pass,PASS,0.846696421926587,-0.06755550936446345,-0.9142519312910504,True,True,True,1773,1773,0,0,-0.913415746172999,TARGET_PRESERVED,0.9,1.0,0.09999999999999998,0.089,0.0,False,0.0,0.0,80000,8a015e3f860296dd3aca796cda326c3703d87c07b3f719b51b1eb7fb9b7d4abb
FMNoiseSaopin|jsr=30|seed=10342|center=3500|Oracle_FrFT_UpperBound,FMNoiseSaopin,30.0,10342,3500,Oracle_FrFT_UpperBound,ORACLE_DIAGNOSTIC_ONLY;NOT_FAIR;NOT_RL_ELIGIBLE,ORACLE_DIAGNOSTIC_ONLY,unified/pass,PASS,0.9733716127191056,0.06403306030821783,-0.9093385524108877,True,True,True,2773,2773,1,0,-0.913415746172999,TARGET_PRESERVED,0.9,1.0,0.09999999999999998,0.089,0.0,False,0.0,0.0,80000,8a015e3f860296dd3aca796cda326c3703d87c07b3f719b51b1eb7fb9b7d4abb
FMNoiseSaopin|jsr=30|seed=10342|center=4000|Oracle_FrFT_UpperBound,FMNoiseSaopin,30.0,10342,4000,Oracle_FrFT_UpperBound,ORACLE_DIAGNOSTIC_ONLY;NOT_FAIR;NOT_RL_ELIGIBLE,ORACLE_DIAGNOSTIC_ONLY,unified/pass,PASS,0.870888244942261,-0.01766857923529669,-0.8885568241775577,True,True,True,3273,3273,0,0,-0.913415746172999,TARGET_PRESERVED,0.9,1.0,0.09999999999999998,0.089,0.0,False,0.0,0.0,80000,8a015e3f860296dd3aca796cda326c3703d87c07b3f719b51b1eb7fb9b7d4abb
FMNoiseSaopin|jsr=30|seed=10343|center=1000|Oracle_FrFT_UpperBound,FMNoiseSaopin,30.0,10343,1000,Oracle_FrFT_UpperBound,ORACLE_DIAGNOSTIC_ONLY;NOT_FAIR;NOT_RL_ELIGIBLE,ORACLE_DIAGNOSTIC_ONLY,unified/pass,PASS,8.710812866416056,6.484005054551743,-2.2268078118643126,False,False,False,188,67,0,0,-0.9134157461729969,TARGET_PRESERVED,0.9,1.0,0.09999999999999998,0.089,0.4271137312087476,False,0.0,0.0,80000,8a015e3f860296dd3aca796cda326c3703d87c07b3f719b51b1eb7fb9b7d4abb
FMNoiseSaopin|jsr=30|seed=10343|center=1500|Oracle_FrFT_UpperBound,FMNoiseSaopin,30.0,10343,1500,Oracle_FrFT_UpperBound,ORACLE_DIAGNOSTIC_ONLY;NOT_FAIR;NOT_RL_ELIGIBLE,ORACLE_DIAGNOSTIC_ONLY,unified/pass,PASS,0.9608946868671432,0.03565605713723814,-0.925238629729905,True,True,True,687,685,0,0,-0.913415746172999,TARGET_PRESERVED,0.9,1.0,0.09999999999999998,0.089,0.02985753463591661,False,0.0,0.0,80000,8a015e3f860296dd3aca796cda326c3703d87c07b3f719b51b1eb7fb9b7d4abb
FMNoiseSaopin|jsr=30|seed=10343|center=2500|Oracle_FrFT_UpperBound,FMNoiseSaopin,30.0,10343,2500,Oracle_FrFT_UpperBound,ORACLE_DIAGNOSTIC_ONLY;NOT_FAIR;NOT_RL_ELIGIBLE,ORACLE_DIAGNOSTIC_ONLY,unified/pass,PASS,0.8852211494206074,-0.04939898341904943,-0.9346201328396568,True,True,True,1687,1687,0,0,-0.913415746172999,TARGET_PRESERVED,0.9,1.0,0.09999999999999998,0.089,0.0,False,0.0,0.0,80000,8a015e3f860296dd3aca796cda326c3703d87c07b3f719b51b1eb7fb9b7d4abb
FMNoiseSaopin|jsr=30|seed=10343|center=3500|Oracle_FrFT_UpperBound,FMNoiseSaopin,30.0,10343,3500,Oracle_FrFT_UpperBound,ORACLE_DIAGNOSTIC_ONLY;NOT_FAIR;NOT_RL_ELIGIBLE,ORACLE_DIAGNOSTIC_ONLY,unified/pass,PASS,0.8407867628703403,-0.03486626934394131,-0.8756530322142816,True,True,True,2687,2687,0,0,-0.913415746172999,TARGET_PRESERVED,0.9,1.0,0.09999999999999998,0.089,0.0,False,0.0,0.0,80000,8a015e3f860296dd3aca796cda326c3703d87c07b3f719b51b1eb7fb9b7d4abb
FMNoiseSaopin|jsr=30|seed=10343|center=4000|Oracle_FrFT_UpperBound,FMNoiseSaopin,30.0,10343,4000,Oracle_FrFT_UpperBound,ORACLE_DIAGNOSTIC_ONLY;NOT_FAIR;NOT_RL_ELIGIBLE,ORACLE_DIAGNOSTIC_ONLY,unified/pass,PASS,0.8222396418251982,-0.058214008298005354,-0.8804536501232035,True,True,True,3187,3187,1,0,-0.913415746172999,TARGET_PRESERVED,0.9,1.0,0.09999999999999998,0.089,0.0,False,0.0,0.0,80000,8a015e3f860296dd3aca796cda326c3703d87c07b3f719b51b1eb7fb9b7d4abb
FMNoiseSaopin|jsr=30|seed=10344|center=1000|Oracle_FrFT_UpperBound,FMNoiseSaopin,30.0,10344,1000,Oracle_FrFT_UpperBound,ORACLE_DIAGNOSTIC_ONLY;NOT_FAIR;NOT_RL_ELIGIBLE,ORACLE_DIAGNOSTIC_ONLY,unified/pass,PASS,6.422184344483672,7.100125613126562,0.6779412686428898,False,False,False,845,449,0,0,-0.9134157461729969,TARGET_PRESERVED,0.9,1.0,0.09999999999999998,0.089,0.49499677983362395,False,0.0,0.0,80000,8a015e3f860296dd3aca796cda326c3703d87c07b3f719b51b1eb7fb9b7d4abb
FMNoiseSaopin|jsr=30|seed=10344|center=1500|Oracle_FrFT_UpperBound,FMNoiseSaopin,30.0,10344,1500,Oracle_FrFT_UpperBound,ORACLE_DIAGNOSTIC_ONLY;NOT_FAIR;NOT_RL_ELIGIBLE,ORACLE_DIAGNOSTIC_ONLY,unified/pass,PASS,-0.02487574923546127,-0.9180744631193198,-0.8931987138838585,True,True,True,1345,1345,0,0,-0.913415746172999,TARGET_PRESERVED,0.9,1.0,0.09999999999999998,0.089,0.04267454251284525,False,0.0,0.0,80000,8a015e3f860296dd3aca796cda326c3703d87c07b3f719b51b1eb7fb9b7d4abb
FMNoiseSaopin|jsr=30|seed=10344|center=2500|Oracle_FrFT_UpperBound,FMNoiseSaopin,30.0,10344,2500,Oracle_FrFT_UpperBound,ORACLE_DIAGNOSTIC_ONLY;NOT_FAIR;NOT_RL_ELIGIBLE,ORACLE_DIAGNOSTIC_ONLY,unified/pass,PASS,0.048570545521305415,-0.8383179643841181,-0.8868885099054236,True,True,True,2345,2345,0,1,-0.913415746172999,TARGET_PRESERVED,0.9,1.0,0.09999999999999998,0.089,0.0,False,0.0,0.0,80000,8a015e3f860296dd3aca796cda326c3703d87c07b3f719b51b1eb7fb9b7d4abb
FMNoiseSaopin|jsr=30|seed=10344|center=3500|Oracle_FrFT_UpperBound,FMNoiseSaopin,30.0,10344,3500,Oracle_FrFT_UpperBound,ORACLE_DIAGNOSTIC_ONLY;NOT_FAIR;NOT_RL_ELIGIBLE,ORACLE_DIAGNOSTIC_ONLY,unified/pass,PASS,0.03678163569840427,-0.8558752949308046,-0.8926569306292089,True,True,True,3345,3345,0,1,-0.913415746172999,TARGET_PRESERVED,0.9,1.0,0.09999999999999998,0.089,0.0,False,0.0,0.0,80000,8a015e3f860296dd3aca796cda326c3703d87c07b3f719b51b1eb7fb9b7d4abb
FMNoiseSaopin|jsr=30|seed=10344|center=4000|Oracle_FrFT_UpperBound,FMNoiseSaopin,30.0,10344,4000,Oracle_FrFT_UpperBound,ORACLE_DIAGNOSTIC_ONLY;NOT_FAIR;NOT_RL_ELIGIBLE,ORACLE_DIAGNOSTIC_ONLY,unified/pass,PASS,0.08331238496910631,-0.8354147606800286,-0.9187271456491349,True,True,True,3845,3845,0,0,-0.913415746172999,TARGET_PRESERVED,0.9,1.0,0.09999999999999998,0.089,0.0,False,0.0,0.0,80000,8a015e3f860296dd3aca796cda326c3703d87c07b3f719b51b1eb7fb9b7d4abb
FMNoiseSaopin|jsr=30|seed=10345|center=1000|Oracle_FrFT_UpperBound,FMNoiseSaopin,30.0,10345,1000,Oracle_FrFT_UpperBound,ORACLE_DIAGNOSTIC_ONLY;NOT_FAIR;NOT_RL_ELIGIBLE,ORACLE_DIAGNOSTIC_ONLY,unified/pass,PASS,5.392787372266737,6.10735780538453,0.7145704331177933,False,False,False,801,592,1,1,-0.9134157461729969,TARGET_PRESERVED,0.9,1.0,0.09999999999999998,0.089,0.5135458585861102,False,0.0,0.0,80000,8a015e3f860296dd3aca796cda326c3703d87c07b3f719b51b1eb7fb9b7d4abb
FMNoiseSaopin|jsr=30|seed=10345|center=1500|Oracle_FrFT_UpperBound,FMNoiseSaopin,30.0,10345,1500,Oracle_FrFT_UpperBound,ORACLE_DIAGNOSTIC_ONLY;NOT_FAIR;NOT_RL_ELIGIBLE,ORACLE_DIAGNOSTIC_ONLY,unified/pass,PASS,-0.15336612444690434,-1.0731913689463972,-0.9198252444994929,True,True,True,1301,1301,0,0,-0.913415746172999,TARGET_PRESERVED,0.9,1.0,0.09999999999999998,0.089,0.0418130334367256,False,0.0,0.0,80000,8a015e3f860296dd3aca796cda326c3703d87c07b3f719b51b1eb7fb9b7d4abb
FMNoiseSaopin|jsr=30|seed=10345|center=2500|Oracle_FrFT_UpperBound,FMNoiseSaopin,30.0,10345,2500,Oracle_FrFT_UpperBound,ORACLE_DIAGNOSTIC_ONLY;NOT_FAIR;NOT_RL_ELIGIBLE,ORACLE_DIAGNOSTIC_ONLY,unified/pass,PASS,0.02178885524302371,-0.8885447635773307,-0.9103336188203545,True,True,True,2301,2301,0,0,-0.913415746172999,TARGET_PRESERVED,0.9,1.0,0.09999999999999998,0.089,0.0,False,0.0,0.0,80000,8a015e3f860296dd3aca796cda326c3703d87c07b3f719b51b1eb7fb9b7d4abb
FMNoiseSaopin|jsr=30|seed=10345|center=3500|Oracle_FrFT_UpperBound,FMNoiseSaopin,30.0,10345,3500,Oracle_FrFT_UpperBound,ORACLE_DIAGNOSTIC_ONLY;NOT_FAIR;NOT_RL_ELIGIBLE,ORACLE_DIAGNOSTIC_ONLY,unified/pass,PASS,-0.015644443957371683,-0.9447502772370597,-0.9291058332796881,True,True,True,3301,3301,1,1,-0.913415746172999,TARGET_PRESERVED,0.9,1.0,0.09999999999999998,0.089,0.0,False,0.0,0.0,80000,8a015e3f860296dd3aca796cda326c3703d87c07b3f719b51b1eb7fb9b7d4abb
FMNoiseSaopin|jsr=30|seed=10345|center=4000|Oracle_FrFT_UpperBound,FMNoiseSaopin,30.0,10345,4000,Oracle_FrFT_UpperBound,ORACLE_DIAGNOSTIC_ONLY;NOT_FAIR;NOT_RL_ELIGIBLE,ORACLE_DIAGNOSTIC_ONLY,unified/pass,PASS,-0.04326026978140289,-0.9562859694791009,-0.9130256996976981,True,True,True,3801,3801,1,1,-0.913415746172999,TARGET_PRESERVED,0.9,1.0,0.09999999999999998,0.089,0.0,False,0.0,0.0,80000,8a015e3f860296dd3aca796cda326c3703d87c07b3f719b51b1eb7fb9b7d4abb
FMNoiseSaopin|jsr=30|seed=10346|center=1000|Oracle_FrFT_UpperBound,FMNoiseSaopin,30.0,10346,1000,Oracle_FrFT_UpperBound,ORACLE_DIAGNOSTIC_ONLY;NOT_FAIR;NOT_RL_ELIGIBLE,ORACLE_DIAGNOSTIC_ONLY,unified/pass,PASS,4.8951601286655695,5.256514024084674,0.36135389541910445,False,False,False,258,255,0,0,-0.9134157461729969,TARGET_PRESERVED,0.9,1.0,0.09999999999999998,0.089,0.5085992599574211,False,0.0,0.0,80000,8a015e3f860296dd3aca796cda326c3703d87c07b3f719b51b1eb7fb9b7d4abb
FMNoiseSaopin|jsr=30|seed=10346|center=1500|Oracle_FrFT_UpperBound,FMNoiseSaopin,30.0,10346,1500,Oracle_FrFT_UpperBound,ORACLE_DIAGNOSTIC_ONLY;NOT_FAIR;NOT_RL_ELIGIBLE,ORACLE_DIAGNOSTIC_ONLY,unified/pass,PASS,0.03125924283258703,-0.8595882669257686,-0.8908475097583557,True,True,True,752,750,0,0,-0.913415746172999,TARGET_PRESERVED,0.9,1.0,0.09999999999999998,0.089,0.02729819494659628,False,0.0,0.0,80000,8a015e3f860296dd3aca796cda326c3703d87c07b3f719b51b1eb7fb9b7d4abb
FMNoiseSaopin|jsr=30|seed=10346|center=2500|Oracle_FrFT_UpperBound,FMNoiseSaopin,30.0,10346,2500,Oracle_FrFT_UpperBound,ORACLE_DIAGNOSTIC_ONLY;NOT_FAIR;NOT_RL_ELIGIBLE,ORACLE_DIAGNOSTIC_ONLY,unified/pass,PASS,0.04086200159535573,-0.9113928925437667,-0.9522548941391223,True,True,True,1752,1752,0,0,-0.913415746172999,TARGET_PRESERVED,0.9,1.0,0.09999999999999998,0.089,0.0,False,0.0,0.0,80000,8a015e3f860296dd3aca796cda326c3703d87c07b3f719b51b1eb7fb9b7d4abb
FMNoiseSaopin|jsr=30|seed=10346|center=3500|Oracle_FrFT_UpperBound,FMNoiseSaopin,30.0,10346,3500,Oracle_FrFT_UpperBound,ORACLE_DIAGNOSTIC_ONLY;NOT_FAIR;NOT_RL_ELIGIBLE,ORACLE_DIAGNOSTIC_ONLY,unified/pass,PASS,-0.04085039084900887,-0.9771147748504245,-0.9362643840014157,True,True,True,2752,2752,1,1,-0.913415746172999,TARGET_PRESERVED,0.9,1.0,0.09999999999999998,0.089,0.0,False,0.0,0.0,80000,8a015e3f860296dd3aca796cda326c3703d87c07b3f719b51b1eb7fb9b7d4abb
FMNoiseSaopin|jsr=30|seed=10346|center=4000|Oracle_FrFT_UpperBound,FMNoiseSaopin,30.0,10346,4000,Oracle_FrFT_UpperBound,ORACLE_DIAGNOSTIC_ONLY;NOT_FAIR;NOT_RL_ELIGIBLE,ORACLE_DIAGNOSTIC_ONLY,unified/pass,PASS,0.154134971674627,-0.7583877266245167,-0.9125226982991437,True,True,True,3252,3252,1,1,-0.913415746172999,TARGET_PRESERVED,0.9,1.0,0.09999999999999998,0.089,0.0,False,0.0,0.0,80000,8a015e3f860296dd3aca796cda326c3703d87c07b3f719b51b1eb7fb9b7d4abb
FMNoiseSaopin|jsr=30|seed=10347|center=1000|Oracle_FrFT_UpperBound,FMNoiseSaopin,30.0,10347,1000,Oracle_FrFT_UpperBound,ORACLE_DIAGNOSTIC_ONLY;NOT_FAIR;NOT_RL_ELIGIBLE,ORACLE_DIAGNOSTIC_ONLY,unified/pass,PASS,9.541121005688657,7.664294257907146,-1.8768267477815108,False,False,False,67,66,0,0,-0.9134157461729969,TARGET_PRESERVED,0.9,1.0,0.09999999999999998,0.089,0.4234205030399186,False,0.0,0.0,80000,8a015e3f860296dd3aca796cda326c3703d87c07b3f719b51b1eb7fb9b7d4abb
FMNoiseSaopin|jsr=30|seed=10347|center=1500|Oracle_FrFT_UpperBound,FMNoiseSaopin,30.0,10347,1500,Oracle_FrFT_UpperBound,ORACLE_DIAGNOSTIC_ONLY;NOT_FAIR;NOT_RL_ELIGIBLE,ORACLE_DIAGNOSTIC_ONLY,unified/pass,PASS,0.8672131080828973,-0.0681985552243928,-0.9354116633072901,True,True,True,565,563,0,0,-0.913415746172999,TARGET_PRESERVED,0.9,1.0,0.09999999999999998,0.089,0.0400169863972982,False,0.0,0.0,80000,8a015e3f860296dd3aca796cda326c3703d87c07b3f719b51b1eb7fb9b7d4abb
FMNoiseSaopin|jsr=30|seed=10347|center=2500|Oracle_FrFT_UpperBound,FMNoiseSaopin,30.0,10347,2500,Oracle_FrFT_UpperBound,ORACLE_DIAGNOSTIC_ONLY;NOT_FAIR;NOT_RL_ELIGIBLE,ORACLE_DIAGNOSTIC_ONLY,unified/pass,PASS,0.8143321346781836,-0.08976048456236269,-0.9040926192405463,True,True,True,1565,1565,0,0,-0.913415746172999,TARGET_PRESERVED,0.9,1.0,0.09999999999999998,0.089,0.0,False,0.0,0.0,80000,8a015e3f860296dd3aca796cda326c3703d87c07b3f719b51b1eb7fb9b7d4abb
FMNoiseSaopin|jsr=30|seed=10347|center=3500|Oracle_FrFT_UpperBound,FMNoiseSaopin,30.0,10347,3500,Oracle_FrFT_UpperBound,ORACLE_DIAGNOSTIC_ONLY;NOT_FAIR;NOT_RL_ELIGIBLE,ORACLE_DIAGNOSTIC_ONLY,unified/pass,PASS,0.9472169394469807,0.01320755018896454,-0.9340093892580161,True,True,True,2565,2565,0,0,-0.913415746172999,TARGET_PRESERVED,0.9,1.0,0.09999999999999998,0.089,0.0,False,0.0,0.0,80000,8a015e3f860296dd3aca796cda326c3703d87c07b3f719b51b1eb7fb9b7d4abb
FMNoiseSaopin|jsr=30|seed=10347|center=4000|Oracle_FrFT_UpperBound,FMNoiseSaopin,30.0,10347,4000,Oracle_FrFT_UpperBound,ORACLE_DIAGNOSTIC_ONLY;NOT_FAIR;NOT_RL_ELIGIBLE,ORACLE_DIAGNOSTIC_ONLY,unified/pass,PASS,0.9729245931625429,0.09878283947776013,-0.8741417536847828,True,True,True,3065,3065,0,0,-0.913415746172999,TARGET_PRESERVED,0.9,1.0,0.09999999999999998,0.089,0.0,False,0.0,0.0,80000,8a015e3f860296dd3aca796cda326c3703d87c07b3f719b51b1eb7fb9b7d4abb
FMNoiseSaopin|jsr=30|seed=10348|center=1000|Oracle_FrFT_UpperBound,FMNoiseSaopin,30.0,10348,1000,Oracle_FrFT_UpperBound,ORACLE_DIAGNOSTIC_ONLY;NOT_FAIR;NOT_RL_ELIGIBLE,ORACLE_DIAGNOSTIC_ONLY,unified/pass,PASS,9.1258600786244,7.56191859111473,-1.5639414875096707,False,False,False,704,69,2,2,-0.9134157461729969,TARGET_PRESERVED,0.9,1.0,0.09999999999999998,0.089,0.4237922850526675,False,0.0,0.0,80000,8a015e3f860296dd3aca796cda326c3703d87c07b3f719b51b1eb7fb9b7d4abb
FMNoiseSaopin|jsr=30|seed=10348|center=1500|Oracle_FrFT_UpperBound,FMNoiseSaopin,30.0,10348,1500,Oracle_FrFT_UpperBound,ORACLE_DIAGNOSTIC_ONLY;NOT_FAIR;NOT_RL_ELIGIBLE,ORACLE_DIAGNOSTIC_ONLY,unified/pass,PASS,0.8882168790082117,-0.019748343086179315,-0.907965222094391,True,True,True,1204,1204,2,2,-0.913415746172999,TARGET_PRESERVED,0.9,1.0,0.09999999999999998,0.089,0.026815431891089536,False,0.0,0.0,80000,8a015e3f860296dd3aca796cda326c3703d87c07b3f719b51b1eb7fb9b7d4abb
FMNoiseSaopin|jsr=30|seed=10348|center=2500|Oracle_FrFT_UpperBound,FMNoiseSaopin,30.0,10348,2500,Oracle_FrFT_UpperBound,ORACLE_DIAGNOSTIC_ONLY;NOT_FAIR;NOT_RL_ELIGIBLE,ORACLE_DIAGNOSTIC_ONLY,unified/pass,PASS,0.7653321909605262,-0.12334449294852784,-0.8886766839090541,True,True,True,2204,2204,1,1,-0.913415746172999,TARGET_PRESERVED,0.9,1.0,0.09999999999999998,0.089,0.0,False,0.0,0.0,80000,8a015e3f860296dd3aca796cda326c3703d87c07b3f719b51b1eb7fb9b7d4abb
FMNoiseSaopin|jsr=30|seed=10348|center=3500|Oracle_FrFT_UpperBound,FMNoiseSaopin,30.0,10348,3500,Oracle_FrFT_UpperBound,ORACLE_DIAGNOSTIC_ONLY;NOT_FAIR;NOT_RL_ELIGIBLE,ORACLE_DIAGNOSTIC_ONLY,unified/pass,PASS,0.8466580966475599,-0.09045978170417734,-0.9371178783517372,True,True,True,3204,3204,1,1,-0.913415746172999,TARGET_PRESERVED,0.9,1.0,0.09999999999999998,0.089,0.0,False,0.0,0.0,80000,8a015e3f860296dd3aca796cda326c3703d87c07b3f719b51b1eb7fb9b7d4abb
FMNoiseSaopin|jsr=30|seed=10348|center=4000|Oracle_FrFT_UpperBound,FMNoiseSaopin,30.0,10348,4000,Oracle_FrFT_UpperBound,ORACLE_DIAGNOSTIC_ONLY;NOT_FAIR;NOT_RL_ELIGIBLE,ORACLE_DIAGNOSTIC_ONLY,unified/pass,PASS,0.9227421641203799,0.0014155422638929306,-0.921326621856487,True,True,True,3704,3704,1,1,-0.913415746172999,TARGET_PRESERVED,0.9,1.0,0.09999999999999998,0.089,0.0,False,0.0,0.0,80000,8a015e3f860296dd3aca796cda326c3703d87c07b3f719b51b1eb7fb9b7d4abb
FMNoiseSaopin|jsr=30|seed=10349|center=1000|Oracle_FrFT_UpperBound,FMNoiseSaopin,30.0,10349,1000,Oracle_FrFT_UpperBound,ORACLE_DIAGNOSTIC_ONLY;NOT_FAIR;NOT_RL_ELIGIBLE,ORACLE_DIAGNOSTIC_ONLY,unified/pass,PASS,8.257768705020085,6.707085154211926,-1.5506835508081593,False,False,False,188,82,0,0,-0.9134157461729969,TARGET_PRESERVED,0.9,1.0,0.09999999999999998,0.089,0.40121487395227307,False,0.0,0.0,80000,8a015e3f860296dd3aca796cda326c3703d87c07b3f719b51b1eb7fb9b7d4abb
FMNoiseSaopin|jsr=30|seed=10349|center=1500|Oracle_FrFT_UpperBound,FMNoiseSaopin,30.0,10349,1500,Oracle_FrFT_UpperBound,ORACLE_DIAGNOSTIC_ONLY;NOT_FAIR;NOT_RL_ELIGIBLE,ORACLE_DIAGNOSTIC_ONLY,unified/pass,PASS,1.0586625810364763,0.15156922058932074,-0.9070933604471555,True,True,True,684,683,0,0,-0.913415746172999,TARGET_PRESERVED,0.9,1.0,0.09999999999999998,0.089,0.0249003897216104,False,0.0,0.0,80000,8a015e3f860296dd3aca796cda326c3703d87c07b3f719b51b1eb7fb9b7d4abb
FMNoiseSaopin|jsr=30|seed=10349|center=2500|Oracle_FrFT_UpperBound,FMNoiseSaopin,30.0,10349,2500,Oracle_FrFT_UpperBound,ORACLE_DIAGNOSTIC_ONLY;NOT_FAIR;NOT_RL_ELIGIBLE,ORACLE_DIAGNOSTIC_ONLY,unified/pass,PASS,1.121535458343386,0.23249071779686184,-0.8890447405465243,True,True,True,1683,1683,0,0,-0.913415746172999,TARGET_PRESERVED,0.9,1.0,0.09999999999999998,0.089,0.0,False,0.0,0.0,80000,8a015e3f860296dd3aca796cda326c3703d87c07b3f719b51b1eb7fb9b7d4abb
FMNoiseSaopin|jsr=30|seed=10349|center=3500|Oracle_FrFT_UpperBound,FMNoiseSaopin,30.0,10349,3500,Oracle_FrFT_UpperBound,ORACLE_DIAGNOSTIC_ONLY;NOT_FAIR;NOT_RL_ELIGIBLE,ORACLE_DIAGNOSTIC_ONLY,unified/pass,PASS,1.1576844400221526,0.27331455497230883,-0.8843698850498438,True,True,True,2683,2683,1,0,-0.913415746172999,TARGET_PRESERVED,0.9,1.0,0.09999999999999998,0.089,0.0,False,0.0,0.0,80000,8a015e3f860296dd3aca796cda326c3703d87c07b3f719b51b1eb7fb9b7d4abb
FMNoiseSaopin|jsr=30|seed=10349|center=4000|Oracle_FrFT_UpperBound,FMNoiseSaopin,30.0,10349,4000,Oracle_FrFT_UpperBound,ORACLE_DIAGNOSTIC_ONLY;NOT_FAIR;NOT_RL_ELIGIBLE,ORACLE_DIAGNOSTIC_ONLY,unified/pass,PASS,1.0595632226704506,0.13776379238121858,-0.921799430289232,True,True,True,3183,3183,2,0,-0.913415746172999,TARGET_PRESERVED,0.9,1.0,0.09999999999999998,0.089,0.0,False,0.0,0.0,80000,8a015e3f860296dd3aca796cda326c3703d87c07b3f719b51b1eb7fb9b7d4abb
