interface_ok,sinr_before_db,sinr_after_db,delta_sinr_db,detected_before,detected_after,peak_index_before,peak_index_after,peak_error_before,peak_error_after,range_error_before_m,range_error_after_m,target_window_peak_change_db,processed_reference_response_vs_clean_db,false_peak_count_before,false_peak_count_after,false_true_peak_ratio_before,false_true_peak_ratio_after,max_false_peak_db_before,max_false_peak_db_after,runtime_ms,memory_usage_bytes,reference_peak_index,cfar_reference_cells_min,cfar_reference_cells_max,target_only_response_change_db,target_only_reference_peak_index,jammer,algorithm,jsr_db,seed,parameter_strength,parameter_regularization
True,34.14375767734839,34.14375767734839,0.0,True,True,1500,1500,0,0,0.0,0.0,-8.678947198979587e-15,-0.21772053534881602,0,0,0.0,0.0,-inf,-inf,0.0026249908842146397,80000,1500,20,40,-8.678947198979587e-15,1500,FMZuse,Identity,0.0,42,1.0,0.05
True,34.14375767734839,34.14375767734839,0.0,True,True,1500,1500,0,0,0.0,0.0,-7.7146197324263e-15,-0.21772053534881503,0,0,0.0,0.0,-inf,-inf,0.33837498631328344,80000,1500,20,40,-8.678947198979587e-15,1500,FMZuse,Current_FDC,0.0,42,1.0,0.05
True,34.14375767734839,34.14375767734839,0.0,True,True,1500,1500,0,0,0.0,0.0,-8.678947198979587e-15,-0.21772053534881602,0,0,0.0,0.0,-inf,-inf,0.3857500269077718,80000,1500,20,40,-0.011138744501188642,1500,FMZuse,New_FDC,0.0,42,1.0,0.05
True,33.888435629059884,33.888435629059884,0.0,True,True,1500,1500,0,0,0.0,0.0,-8.678947198979587e-15,-0.020159730556444603,0,0,0.0,0.0,-inf,-inf,0.0025830231606960297,80000,1500,20,40,-8.678947198979587e-15,1500,FMZuse,Identity,0.0,43,1.0,0.05
True,33.888435629059884,33.888435629059884,0.0,True,True,1500,1500,0,0,0.0,0.0,-7.7146197324263e-15,-0.020159730556443635,0,0,0.0,0.0,-inf,-inf,0.3326250007376075,80000,1500,20,40,-8.678947198979587e-15,1500,FMZuse,Current_FDC,0.0,43,1.0,0.05
True,33.888435629059884,33.888435629059884,0.0,True,True,1500,1500,0,0,0.0,0.0,-7.7146197324263e-15,-0.020159730556443635,0,0,0.0,0.0,-inf,-inf,0.3969999961555004,80000,1500,20,40,-0.011138744501188642,1500,FMZuse,New_FDC,0.0,43,1.0,0.05
True,33.86208739483598,33.86208739483598,0.0,True,True,1500,1500,0,0,0.0,0.0,-8.678947198979587e-15,0.10020691793495738,0,0,0.0,0.0,-inf,-inf,0.002625049091875553,80000,1500,20,40,-8.678947198979587e-15,1500,FMZuse,Identity,0.0,44,1.0,0.05
True,33.86208739483598,33.86208739483598,0.0,True,True,1500,1500,0,0,0.0,0.0,-8.678947198979587e-15,0.10020691793495738,0,0,0.0,0.0,-inf,-inf,0.33887499012053013,80000,1500,20,40,-8.678947198979587e-15,1500,FMZuse,Current_FDC,0.0,44,1.0,0.05
True,33.86208739483598,33.86208739483598,0.0,True,True,1500,1500,0,0,0.0,0.0,-8.678947198979587e-15,0.10020691793495738,0,0,0.0,0.0,-inf,-inf,0.383291975595057,80000,1500,20,40,-0.011138744501188642,1500,FMZuse,New_FDC,0.0,44,1.0,0.05
True,34.07466885989781,34.07466885989781,0.0,True,True,1500,1500,0,0,0.0,0.0,-8.678947198979587e-15,-0.0636765956118863,1,1,0.021894749064909534,0.021894749064909534,-33.19320055759844,-33.19320055759844,0.0027919886633753777,80000,1500,20,40,-8.678947198979587e-15,1500,FMZuse,Identity,0.0,45,1.0,0.05
True,34.07466885989781,34.07466885989781,0.0,True,True,1500,1500,0,0,0.0,0.0,-7.7146197324263e-15,-0.06367659561188532,1,1,0.021894749064909534,0.02189474906490954,-33.19320055759844,-33.19320055759844,0.3333750064484775,80000,1500,20,40,-8.678947198979587e-15,1500,FMZuse,Current_FDC,0.0,45,1.0,0.05
True,34.07466885989781,34.07466885989781,0.0,True,True,1500,1500,0,0,0.0,0.0,-8.678947198979587e-15,-0.0636765956118863,1,1,0.021894749064909534,0.02189474906490954,-33.19320055759844,-33.19320055759844,0.3901669988408685,80000,1500,20,40,-0.011138744501188642,1500,FMZuse,New_FDC,0.0,45,1.0,0.05
True,34.140791100479525,34.140791100479525,0.0,True,True,1500,1500,0,0,0.0,0.0,-8.678947198979587e-15,-0.054017578201427004,3,3,0.024192762166317848,0.024192762166317848,-32.32629087988387,-32.32629087988387,0.0026249908842146397,80000,1500,20,40,-8.678947198979587e-15,1500,FMZuse,Identity,0.0,46,1.0,0.05
True,34.140791100479525,34.140791100479525,0.0,True,True,1500,1500,0,0,0.0,0.0,-5.785964799319725e-15,-0.05401757820142409,3,3,0.024192762166317848,0.02419276216631784,-32.32629087988387,-32.32629087988388,0.3325419966131449,80000,1500,20,40,-8.678947198979587e-15,1500,FMZuse,Current_FDC,0.0,46,1.0,0.05
True,34.140791100479525,34.140791100479525,0.0,True,True,1500,1500,0,0,0.0,0.0,-6.7502922658730125e-15,-0.05401757820142506,3,3,0.024192762166317848,0.02419276216631784,-32.32629087988387,-32.32629087988388,0.38358301389962435,80000,1500,20,40,-0.011138744501188642,1500,FMZuse,New_FDC,0.0,46,1.0,0.05
True,34.13059030746961,34.13059030746961,0.0,True,True,1500,1500,0,0,0.0,0.0,-8.678947198979587e-15,0.08399365802569704,2,2,0.01888790809134207,0.01888790809134207,-34.47632278406741,-34.47632278406741,0.0025830231606960297,80000,1500,20,40,-8.678947198979587e-15,1500,FMZuse,Identity,0.0,47,1.0,0.05
True,34.13059030746961,34.13059030746961,0.0,True,True,1500,1500,0,0,0.0,0.0,-7.7146197324263e-15,0.08399365802569894,2,2,0.01888790809134207,0.01888790809134206,-34.47632278406741,-34.47632278406742,0.3297089715488255,80000,1500,20,40,-8.678947198979587e-15,1500,FMZuse,Current_FDC,0.0,47,1.0,0.05
True,34.13059030746961,34.13059030746961,0.0,True,True,1500,1500,0,0,0.0,0.0,-8.678947198979587e-15,0.08399365802569704,2,2,0.01888790809134207,0.01888790809134206,-34.47632278406741,-34.47632278406742,0.3848339547403157,80000,1500,20,40,-0.011138744501188642,1500,FMZuse,New_FDC,0.0,47,1.0,0.05
True,34.76973831521843,34.76973831521843,0.0,True,True,1500,1500,0,0,0.0,0.0,-7.7146197324263e-15,0.22453452916461913,0,0,0.0,0.0,-inf,-inf,0.0026249908842146397,80000,1500,20,40,-8.678947198979587e-15,1500,FMZuse,Identity,0.0,48,1.0,0.05
True,34.76973831521843,34.76973831521843,0.0,True,True,1500,1500,0,0,0.0,0.0,-7.7146197324263e-15,0.22453452916461913,0,0,0.0,0.0,-inf,-inf,0.33295899629592896,80000,1500,20,40,-8.678947198979587e-15,1500,FMZuse,Current_FDC,0.0,48,1.0,0.05
True,34.76973831521843,34.76973831521843,0.0,True,True,1500,1500,0,0,0.0,0.0,-7.7146197324263e-15,0.22453452916461913,0,0,0.0,0.0,-inf,-inf,0.381499994546175,80000,1500,20,40,-0.011138744501188642,1500,FMZuse,New_FDC,0.0,48,1.0,0.05
True,34.52275790057563,34.52275790057563,0.0,True,True,1500,1500,0,0,0.0,0.0,-8.678947198979587e-15,-0.10853229669763173,0,0,0.0,0.0,-inf,-inf,0.002625049091875553,80000,1500,20,40,-8.678947198979587e-15,1500,FMZuse,Identity,0.0,49,1.0,0.05
True,34.52275790057563,34.52275790057563,0.0,True,True,1500,1500,0,0,0.0,0.0,-7.7146197324263e-15,-0.10853229669763073,0,0,0.0,0.0,-inf,-inf,0.3357499954290688,80000,1500,20,40,-8.678947198979587e-15,1500,FMZuse,Current_FDC,0.0,49,1.0,0.05
True,34.52275790057563,34.52275790057563,0.0,True,True,1500,1500,0,0,0.0,0.0,-7.7146197324263e-15,-0.10853229669763073,0,0,0.0,0.0,-inf,-inf,0.3803750150837004,80000,1500,20,40,-0.011138744501188642,1500,FMZuse,New_FDC,0.0,49,1.0,0.05
True,33.89482095294602,33.89482095294602,0.0,True,True,1500,1500,0,0,0.0,0.0,-8.678947198979587e-15,-0.12631898329433128,1,1,0.016787881026169942,0.016787881026169942,-35.50008234491857,-35.50008234491857,0.0026249908842146397,80000,1500,20,40,-8.678947198979587e-15,1500,FMZuse,Identity,0.0,50,1.0,0.05
True,33.89482095294602,33.89482095294602,0.0,True,True,1500,1500,0,0,0.0,0.0,-8.678947198979587e-15,-0.12631898329433128,1,1,0.016787881026169942,0.01678788102616996,-35.50008234491857,-35.50008234491856,0.33404200803488493,80000,1500,20,40,-8.678947198979587e-15,1500,FMZuse,Current_FDC,0.0,50,1.0,0.05
True,33.89482095294602,33.89482095294602,0.0,True,True,1500,1500,0,0,0.0,0.0,-8.678947198979587e-15,-0.12631898329433128,1,1,0.016787881026169942,0.01678788102616992,-35.50008234491857,-35.50008234491858,0.3818339901044965,80000,1500,20,40,-0.011138744501188642,1500,FMZuse,New_FDC,0.0,50,1.0,0.05
True,34.11760497585865,34.11760497585865,0.0,True,True,1500,1500,0,0,0.0,0.0,-8.678947198979587e-15,-0.14552749835364795,0,0,0.0,0.0,-inf,-inf,0.002500019036233425,80000,1500,20,40,-8.678947198979587e-15,1500,FMZuse,Identity,0.0,51,1.0,0.05
True,34.11760497585865,34.11760497585865,0.0,True,True,1500,1500,0,0,0.0,0.0,-7.7146197324263e-15,-0.14552749835364695,0,0,0.0,0.0,-inf,-inf,0.33720798091962934,80000,1500,20,40,-8.678947198979587e-15,1500,FMZuse,Current_FDC,0.0,51,1.0,0.05
True,34.11760497585865,34.11760497585865,0.0,True,True,1500,1500,0,0,0.0,0.0,-8.678947198979587e-15,-0.14552749835364795,0,0,0.0,0.0,-inf,-inf,0.38683402817696333,80000,1500,20,40,-0.011138744501188642,1500,FMZuse,New_FDC,0.0,51,1.0,0.05
True,34.21431176818495,34.21431176818495,0.0,True,True,1500,1500,0,0,0.0,0.0,-8.678947198979587e-15,-0.07346427590456327,1,1,0.024058936637009833,0.024058936637009833,-32.37447143259546,-32.37447143259546,0.002541986759752035,80000,1500,20,40,-8.678947198979587e-15,1500,FMZuse,Identity,0.0,52,1.0,0.05
True,34.21431176818495,34.21431176818495,0.0,True,True,1500,1500,0,0,0.0,0.0,-6.7502922658730125e-15,-0.07346427590456132,1,1,0.024058936637009833,0.024058936637009826,-32.37447143259546,-32.37447143259547,0.3368330071680248,80000,1500,20,40,-8.678947198979587e-15,1500,FMZuse,Current_FDC,0.0,52,1.0,0.05
True,34.21431176818495,34.21431176818495,0.0,True,True,1500,1500,0,0,0.0,0.0,-8.678947198979587e-15,-0.07346427590456327,1,1,0.024058936637009833,0.02405893663700983,-32.37447143259546,-32.37447143259546,0.386208004783839,80000,1500,20,40,-0.011138744501188642,1500,FMZuse,New_FDC,0.0,52,1.0,0.05
True,34.14930149440111,34.14930149440111,0.0,True,True,1500,1500,0,0,0.0,0.0,-8.678947198979587e-15,-0.13533643652348662,3,3,0.09387857955065901,0.09387857955065901,-20.548669804131364,-20.548669804131364,0.0025420449674129486,80000,1500,20,40,-8.678947198979587e-15,1500,FMZuse,Identity,0.0,53,1.0,0.05
True,34.14930149440111,34.14930149440111,0.0,True,True,1500,1500,0,0,0.0,0.0,-7.7146197324263e-15,-0.13533643652348562,3,3,0.09387857955065901,0.09387857955065897,-20.548669804131364,-20.54866980413137,0.3378340043127537,80000,1500,20,40,-8.678947198979587e-15,1500,FMZuse,Current_FDC,0.0,53,1.0,0.05
True,34.14930149440111,34.14930149440111,0.0,True,True,1500,1500,0,0,0.0,0.0,-8.678947198979587e-15,-0.13533643652348662,3,3,0.09387857955065901,0.09387857955065898,-20.548669804131364,-20.54866980413137,0.3862499725073576,80000,1500,20,40,-0.011138744501188642,1500,FMZuse,New_FDC,0.0,53,1.0,0.05
True,34.183822747351556,34.183822747351556,0.0,True,True,1500,1500,0,0,0.0,0.0,-8.678947198979587e-15,0.09229067283498416,0,0,0.0,0.0,-inf,-inf,0.002582964953035116,80000,1500,20,40,-8.678947198979587e-15,1500,FMZuse,Identity,0.0,54,1.0,0.05
True,34.183822747351556,34.183822747351556,0.0,True,True,1500,1500,0,0,0.0,0.0,-7.7146197324263e-15,0.09229067283498607,0,0,0.0,0.0,-inf,-inf,0.3492499818094075,80000,1500,20,40,-8.678947198979587e-15,1500,FMZuse,Current_FDC,0.0,54,1.0,0.05
True,34.183822747351556,34.183822747351556,0.0,True,True,1500,1500,0,0,0.0,0.0,-8.678947198979587e-15,0.09229067283498416,0,0,0.0,0.0,-inf,-inf,0.3786659799516201,80000,1500,20,40,-0.011138744501188642,1500,FMZuse,New_FDC,0.0,54,1.0,0.05
True,34.33979690936839,34.33979690936839,0.0,True,True,1500,1500,0,0,0.0,0.0,-8.678947198979587e-15,-0.16793181284046843,0,0,0.0,0.0,-inf,-inf,0.0026249908842146397,80000,1500,20,40,-8.678947198979587e-15,1500,FMZuse,Identity,0.0,55,1.0,0.05
True,34.33979690936839,34.33979690936839,0.0,True,True,1500,1500,0,0,0.0,0.0,-8.678947198979587e-15,-0.16793181284046843,0,0,0.0,0.0,-inf,-inf,0.3317079972475767,80000,1500,20,40,-8.678947198979587e-15,1500,FMZuse,Current_FDC,0.0,55,1.0,0.05
True,34.33979690936839,34.33979690936839,0.0,True,True,1500,1500,0,0,0.0,0.0,-8.678947198979587e-15,-0.16793181284046843,0,0,0.0,0.0,-inf,-inf,0.38041698280721903,80000,1500,20,40,-0.011138744501188642,1500,FMZuse,New_FDC,0.0,55,1.0,0.05
True,34.40161255790216,34.40161255790216,0.0,True,True,1500,1500,0,0,0.0,0.0,-8.678947198979587e-15,0.07538585426098199,1,1,0.018269213717186542,0.018269213717186542,-34.76560287411551,-34.76560287411551,0.002582964953035116,80000,1500,20,40,-8.678947198979587e-15,1500,FMZuse,Identity,0.0,56,1.0,0.05
True,34.40161255790216,34.40161255790216,0.0,True,True,1500,1500,0,0,0.0,0.0,-7.7146197324263e-15,0.07538585426098199,1,1,0.018269213717186542,0.018269213717186556,-34.76560287411551,-34.7656028741155,0.331625051330775,80000,1500,20,40,-8.678947198979587e-15,1500,FMZuse,Current_FDC,0.0,56,1.0,0.05
True,34.40161255790216,34.40161255790216,0.0,True,True,1500,1500,0,0,0.0,0.0,-7.7146197324263e-15,0.07538585426098199,1,1,0.018269213717186542,0.01826921371718654,-34.76560287411551,-34.76560287411551,0.378625001758337,80000,1500,20,40,-0.011138744501188642,1500,FMZuse,New_FDC,0.0,56,1.0,0.05
True,34.19481869196592,34.19481869196592,0.0,True,True,1500,1500,0,0,0.0,0.0,-8.678947198979587e-15,0.09750682647222761,0,0,0.0,0.0,-inf,-inf,0.0025830231606960297,80000,1500,20,40,-8.678947198979587e-15,1500,FMZuse,Identity,0.0,57,1.0,0.05
True,34.19481869196592,34.19481869196592,0.0,True,True,1500,1500,0,0,0.0,0.0,-8.678947198979587e-15,0.09750682647222761,0,0,0.0,0.0,-inf,-inf,0.34191698068752885,80000,1500,20,40,-8.678947198979587e-15,1500,FMZuse,Current_FDC,0.0,57,1.0,0.05
True,34.19481869196592,34.19481869196592,0.0,True,True,1500,1500,0,0,0.0,0.0,-9.643274665532877e-15,0.09750682647222761,0,0,0.0,0.0,-inf,-inf,0.3834579838439822,80000,1500,20,40,-0.011138744501188642,1500,FMZuse,New_FDC,0.0,57,1.0,0.05
True,34.34443816845092,34.34443816845092,0.0,True,True,1500,1500,0,0,0.0,0.0,-8.678947198979587e-15,0.07767790417735873,0,0,0.0,0.0,-inf,-inf,0.0026249908842146397,80000,1500,20,40,-8.678947198979587e-15,1500,FMZuse,Identity,0.0,58,1.0,0.05
True,34.34443816845092,34.34443816845092,0.0,True,True,1500,1500,0,0,0.0,0.0,-7.7146197324263e-15,0.07767790417735873,0,0,0.0,0.0,-inf,-inf,0.33887504832819104,80000,1500,20,40,-8.678947198979587e-15,1500,FMZuse,Current_FDC,0.0,58,1.0,0.05
True,34.34443816845092,34.34443816845092,0.0,True,True,1500,1500,0,0,0.0,0.0,-8.678947198979587e-15,0.07767790417735873,0,0,0.0,0.0,-inf,-inf,0.38225000025704503,80000,1500,20,40,-0.011138744501188642,1500,FMZuse,New_FDC,0.0,58,1.0,0.05
True,33.96267163583738,33.96267163583738,0.0,True,True,1500,1500,0,0,0.0,0.0,-8.678947198979587e-15,0.07970844559950606,0,0,0.0,0.0,-inf,-inf,0.0026659690774977207,80000,1500,20,40,-8.678947198979587e-15,1500,FMZuse,Identity,0.0,59,1.0,0.05
True,33.96267163583738,33.96267163583738,0.0,True,True,1500,1500,0,0,0.0,0.0,-8.678947198979587e-15,0.07970844559950606,0,0,0.0,0.0,-inf,-inf,0.3341659903526306,80000,1500,20,40,-8.678947198979587e-15,1500,FMZuse,Current_FDC,0.0,59,1.0,0.05
True,33.96267163583738,33.96267163583738,0.0,True,True,1500,1500,0,0,0.0,0.0,-8.678947198979587e-15,0.07970844559950606,0,0,0.0,0.0,-inf,-inf,0.3826249740086496,80000,1500,20,40,-0.011138744501188642,1500,FMZuse,New_FDC,0.0,59,1.0,0.05
True,34.71127909884287,34.71127909884287,0.0,True,True,1500,1500,0,0,0.0,0.0,-8.678947198979587e-15,0.12582408360353714,1,1,0.024582558688117734,0.024582558688117734,-32.187458306698964,-32.187458306698964,0.0026249908842146397,80000,1500,20,40,-8.678947198979587e-15,1500,FMZuse,Identity,0.0,60,1.0,0.05
True,34.71127909884287,34.71127909884287,0.0,True,True,1500,1500,0,0,0.0,0.0,-7.7146197324263e-15,0.12582408360353714,1,1,0.024582558688117734,0.024582558688117734,-32.187458306698964,-32.187458306698964,0.33312500454485416,80000,1500,20,40,-8.678947198979587e-15,1500,FMZuse,Current_FDC,0.0,60,1.0,0.05
True,34.71127909884287,34.71127909884287,0.0,True,True,1500,1500,0,0,0.0,0.0,-8.678947198979587e-15,0.12582408360353714,1,1,0.024582558688117734,0.02458255868811775,-32.187458306698964,-32.18745830669896,0.3827919717878103,80000,1500,20,40,-0.011138744501188642,1500,FMZuse,New_FDC,0.0,60,1.0,0.05
True,34.30788675489568,34.30788675489568,0.0,True,True,1500,1500,0,0,0.0,0.0,-8.678947198979587e-15,0.14612027679963116,1,1,0.017911684111550648,0.017911684111550648,-34.93727157060393,-34.93727157060393,0.002625049091875553,80000,1500,20,40,-8.678947198979587e-15,1500,FMZuse,Identity,0.0,61,1.0,0.05
True,34.30788675489568,34.30788675489568,0.0,True,True,1500,1500,0,0,0.0,0.0,-8.678947198979587e-15,0.14612027679963116,1,1,0.017911684111550648,0.01791168411155065,-34.93727157060393,-34.937271570603926,0.33483299193903804,80000,1500,20,40,-8.678947198979587e-15,1500,FMZuse,Current_FDC,0.0,61,1.0,0.05
True,34.30788675489568,34.30788675489568,0.0,True,True,1500,1500,0,0,0.0,0.0,-8.678947198979587e-15,0.14612027679963116,1,1,0.017911684111550648,0.01791168411155066,-34.93727157060393,-34.937271570603926,0.38241600850597024,80000,1500,20,40,-0.011138744501188642,1500,FMZuse,New_FDC,0.0,61,1.0,0.05
True,26.35361968203149,26.35361968203149,0.0,True,True,1500,1500,0,0,0.0,0.0,-9.643274665532877e-15,-0.5771648682551753,0,0,0.0,0.0,-inf,-inf,0.002500019036233425,80000,1500,20,40,-8.678947198979587e-15,1500,FMZuse,Identity,10.0,42,1.0,0.05
True,26.35361968203149,26.35361968203149,0.0,True,True,1500,1500,0,0,0.0,0.0,-7.7146197324263e-15,-0.5771648682551732,0,0,0.0,0.0,-inf,-inf,0.3291250322945416,80000,1500,20,40,-8.678947198979587e-15,1500,FMZuse,Current_FDC,10.0,42,1.0,0.05
True,26.35361968203149,26.35361968203149,0.0,True,True,1500,1500,0,0,0.0,0.0,-7.7146197324263e-15,-0.5771648682551732,0,0,0.0,0.0,-inf,-inf,0.3837910480797291,80000,1500,20,40,-0.011138744501188642,1500,FMZuse,New_FDC,10.0,42,1.0,0.05
True,26.589023451483392,26.589023451483392,0.0,True,True,1500,1500,0,0,0.0,0.0,-8.678947198979587e-15,-0.03749782047401523,0,0,0.0,0.0,-inf,-inf,0.002707995008677244,80000,1500,20,40,-8.678947198979587e-15,1500,FMZuse,Identity,10.0,43,1.0,0.05
True,26.589023451483392,26.589023451483392,0.0,True,True,1500,1500,0,0,0.0,0.0,-8.678947198979587e-15,-0.03749782047401523,0,0,0.0,0.0,-inf,-inf,0.33245800295844674,80000,1500,20,40,-8.678947198979587e-15,1500,FMZuse,Current_FDC,10.0,43,1.0,0.05
True,26.589023451483392,26.589023451483392,0.0,True,True,1500,1500,0,0,0.0,0.0,-8.678947198979587e-15,-0.03749782047401523,0,0,0.0,0.0,-inf,-inf,0.39116700645536184,80000,1500,20,40,-0.011138744501188642,1500,FMZuse,New_FDC,10.0,43,1.0,0.05
True,26.55969111505182,26.55969111505182,0.0,True,True,1500,1500,0,0,0.0,0.0,-7.7146197324263e-15,0.3218348881012206,0,0,0.0,0.0,-inf,-inf,0.002541986759752035,80000,1500,20,40,-8.678947198979587e-15,1500,FMZuse,Identity,10.0,44,1.0,0.05
True,26.55969111505182,26.559691115051823,3.552713678800501e-15,True,True,1500,1500,0,0,0.0,0.0,-5.785964799319725e-15,0.3218348881012224,0,0,0.0,0.0,-inf,-inf,0.3327499725855887,80000,1500,20,40,-8.678947198979587e-15,1500,FMZuse,Current_FDC,10.0,44,1.0,0.05
True,26.55969111505182,26.55969111505182,0.0,True,True,1500,1500,0,0,0.0,0.0,-7.7146197324263e-15,0.3218348881012206,0,0,0.0,0.0,-inf,-inf,0.38458401104435325,80000,1500,20,40,-0.011138744501188642,1500,FMZuse,New_FDC,10.0,44,1.0,0.05
True,26.409490842978652,26.409490842978652,0.0,True,True,1500,1500,0,0,0.0,0.0,-8.678947198979587e-15,0.012575488457094641,1,1,0.021703379673531434,0.021703379673531434,-33.269452641667414,-33.269452641667414,0.0025830231606960297,80000,1500,20,40,-8.678947198979587e-15,1500,FMZuse,Identity,10.0,45,1.0,0.05
True,26.409490842978652,26.409490842978656,3.552713678800501e-15,True,True,1500,1500,0,0,0.0,0.0,-6.7502922658730125e-15,0.012575488457096566,1,1,0.021703379673531434,0.02170337967353144,-33.269452641667414,-33.26945264166741,0.34324999433010817,80000,1500,20,40,-8.678947198979587e-15,1500,FMZuse,Current_FDC,10.0,45,1.0,0.05
True,26.409490842978652,26.409490842978652,0.0,True,True,1500,1500,0,0,0.0,0.0,-9.643274665532877e-15,0.012575488457094641,1,1,0.021703379673531434,0.021703379673531427,-33.269452641667414,-33.269452641667414,0.3808750188909471,80000,1500,20,40,-0.011138744501188642,1500,FMZuse,New_FDC,10.0,45,1.0,0.05
True,26.716422024915584,26.716422024915584,0.0,True,True,1500,1500,0,0,0.0,0.0,-8.678947198979587e-15,0.03101622202039678,3,3,0.023957073539124147,0.023957073539124147,-32.4113246801057,-32.4113246801057,0.0026249908842146397,80000,1500,20,40,-8.678947198979587e-15,1500,FMZuse,Identity,10.0,46,1.0,0.05
True,26.716422024915584,26.71642202491558,-3.552713678800501e-15,True,True,1500,1500,0,0,0.0,0.0,-7.7146197324263e-15,0.0310162220203987,3,3,0.023957073539124147,0.023957073539124185,-32.4113246801057,-32.411324680105686,0.34333299845457077,80000,1500,20,40,-8.678947198979587e-15,1500,FMZuse,Current_FDC,10.0,46,1.0,0.05
True,26.716422024915584,26.71642202491558,-3.552713678800501e-15,True,True,1500,1500,0,0,0.0,0.0,-8.678947198979587e-15,0.03101622202039678,3,3,0.023957073539124147,0.02395707353912417,-32.4113246801057,-32.41132468010569,0.3896669950336218,80000,1500,20,40,-0.011138744501188642,1500,FMZuse,New_FDC,10.0,46,1.0,0.05
True,27.360863738985366,27.360863738985366,0.0,True,True,1500,1500,0,0,0.0,0.0,-7.7146197324263e-15,0.4649075024779544,2,2,0.018077491607077792,0.018077491607077792,-34.85723662851967,-34.85723662851967,0.0025830231606960297,80000,1500,20,40,-8.678947198979587e-15,1500,FMZuse,Identity,10.0,47,1.0,0.05
True,27.360863738985366,27.360863738985366,0.0,True,True,1500,1500,0,0,0.0,0.0,-7.7146197324263e-15,0.4649075024779544,2,2,0.018077491607077792,0.01807749160707782,-34.85723662851967,-34.85723662851966,0.3317079972475767,80000,1500,20,40,-8.678947198979587e-15,1500,FMZuse,Current_FDC,10.0,47,1.0,0.05
True,27.360863738985366,27.360863738985366,0.0,True,True,1500,1500,0,0,0.0,0.0,-9.643274665532877e-15,0.46490750247795254,2,2,0.018077491607077792,0.018077491607077795,-34.85723662851967,-34.85723662851967,0.3772919881157577,80000,1500,20,40,-0.011138744501188642,1500,FMZuse,New_FDC,10.0,47,1.0,0.05
True,27.72563016136168,27.72563016136168,0.0,True,True,1500,1500,0,0,0.0,0.0,-7.7146197324263e-15,0.5303957710955582,0,0,0.0,0.0,-inf,-inf,0.0026249908842146397,80000,1500,20,40,-8.678947198979587e-15,1500,FMZuse,Identity,10.0,48,1.0,0.05
True,27.72563016136168,27.725630161361675,-3.552713678800501e-15,True,True,1500,1500,0,0,0.0,0.0,-7.7146197324263e-15,0.5303957710955582,0,0,0.0,0.0,-inf,-inf,0.33320800866931677,80000,1500,20,40,-8.678947198979587e-15,1500,FMZuse,Current_FDC,10.0,48,1.0,0.05
True,27.72563016136168,27.76045604448193,0.034825883120252143,True,True,1500,1500,0,0,0.0,0.0,0.002128816567867001,0.5325245876634317,0,0,0.0,0.0,-inf,-inf,0.41516596684232354,80000,1500,20,40,-0.011138744501188642,1500,FMZuse,New_FDC,10.0,48,1.0,0.05
True,27.205164798226473,27.205164798226473,0.0,True,True,1500,1500,0,0,0.0,0.0,-9.643274665532877e-15,-0.30396074417721514,0,0,0.0,0.0,-inf,-inf,0.0026249908842146397,80000,1500,20,40,-8.678947198979587e-15,1500,FMZuse,Identity,10.0,49,1.0,0.05
True,27.205164798226473,27.205164798226473,0.0,True,True,1500,1500,0,0,0.0,0.0,-6.7502922658730125e-15,-0.30396074417721214,0,0,0.0,0.0,-inf,-inf,0.33374998020008206,80000,1500,20,40,-8.678947198979587e-15,1500,FMZuse,Current_FDC,10.0,49,1.0,0.05
True,27.205164798226473,27.205164798226473,0.0,True,True,1500,1500,0,0,0.0,0.0,-6.7502922658730125e-15,-0.30396074417721214,0,0,0.0,0.0,-inf,-inf,0.3767090383917093,80000,1500,20,40,-0.011138744501188642,1500,FMZuse,New_FDC,10.0,49,1.0,0.05
True,26.10700415908517,26.10700415908517,0.0,True,True,1500,1500,0,0,0.0,0.0,-8.678947198979587e-15,-0.15300958400467807,1,1,0.016839547326008727,0.016839547326008727,-35.47339174420822,-35.47339174420822,0.0026249908842146397,80000,1500,20,40,-8.678947198979587e-15,1500,FMZuse,Identity,10.0,50,1.0,0.05
True,26.10700415908517,26.10700415908517,0.0,True,True,1500,1500,0,0,0.0,0.0,-7.7146197324263e-15,-0.15300958400467707,1,1,0.016839547326008727,0.016839547326008723,-35.47339174420822,-35.47339174420823,0.3370409831404686,80000,1500,20,40,-8.678947198979587e-15,1500,FMZuse,Current_FDC,10.0,50,1.0,0.05
True,26.10700415908517,26.10700415908517,0.0,True,True,1500,1500,0,0,0.0,0.0,-8.678947198979587e-15,-0.15300958400467807,1,1,0.016839547326008727,0.0168395473260087,-35.47339174420822,-35.47339174420824,0.38358301389962435,80000,1500,20,40,-0.011138744501188642,1500,FMZuse,New_FDC,10.0,50,1.0,0.05
True,26.312112676578685,26.312112676578685,0.0,True,True,1500,1500,0,0,0.0,0.0,-9.643274665532877e-15,-0.609982369179034,0,0,0.0,0.0,-inf,-inf,0.0026249908842146397,80000,1500,20,40,-8.678947198979587e-15,1500,FMZuse,Identity,10.0,51,1.0,0.05
True,26.312112676578685,26.312112676578685,0.0,True,True,1500,1500,0,0,0.0,0.0,-7.7146197324263e-15,-0.6099823691790319,0,0,0.0,0.0,-inf,-inf,0.33537502167746425,80000,1500,20,40,-8.678947198979587e-15,1500,FMZuse,Current_FDC,10.0,51,1.0,0.05
True,26.312112676578685,26.312112676578685,0.0,True,True,1500,1500,0,0,0.0,0.0,-9.643274665532877e-15,-0.609982369179034,0,0,0.0,0.0,-inf,-inf,0.37979200715199113,80000,1500,20,40,-0.011138744501188642,1500,FMZuse,New_FDC,10.0,51,1.0,0.05
True,26.94535872118694,26.94535872118694,0.0,True,True,1501,1501,1,1,3.0,3.0,-8.678947198979587e-15,0.019281615831299732,1,1,0.023650960145641692,0.023650960145641692,-32.52302447485336,-32.52302447485336,0.0026249908842146397,80000,1500,20,40,-8.678947198979587e-15,1500,FMZuse,Identity,10.0,52,1.0,0.05
True,26.94535872118694,26.94535872118694,0.0,True,True,1501,1501,1,1,3.0,3.0,-9.643274665532877e-15,0.01928161583130166,1,1,0.023650960145641692,0.023650960145641664,-32.52302447485336,-32.52302447485337,0.3416250110603869,80000,1500,20,40,-8.678947198979587e-15,1500,FMZuse,Current_FDC,10.0,52,1.0,0.05
True,26.94535872118694,26.94535872118694,0.0,True,True,1501,1501,1,1,3.0,3.0,-9.643274665532877e-15,0.019281615831299732,1,1,0.023650960145641692,0.023650960145641706,-32.52302447485336,-32.52302447485335,0.3957499866373837,80000,1500,20,40,-0.011138744501188642,1500,FMZuse,New_FDC,10.0,52,1.0,0.05
True,26.67679240306441,26.67679240306441,0.0,True,True,1499,1499,1,1,3.0,3.0,-8.678947198979587e-15,-0.2979544704878437,2,2,0.01914924367905571,0.01914924367905571,-34.35696748612558,-34.35696748612558,0.0026249908842146397,80000,1500,20,40,-8.678947198979587e-15,1500,FMZuse,Identity,10.0,53,1.0,0.05
True,26.67679240306441,26.680603505981075,0.0038111029166643107,True,True,1499,1499,1,1,3.0,3.0,-0.04788489478940455,-0.3460142569678956,2,2,0.01914924367905571,0.019129481931942454,-34.35696748612558,-34.36593582908846,0.33854099456220865,80000,1500,20,40,-8.678947198979587e-15,1500,FMZuse,Current_FDC,10.0,53,1.0,0.05
True,26.67679240306441,26.721505799397534,0.044713396333122546,True,True,1499,1499,1,1,3.0,3.0,-0.001710384971706194,-0.3001276481528813,2,2,0.01914924367905571,0.0190438470553966,-34.35696748612558,-34.40490630163172,0.3860839642584324,80000,1500,20,40,-0.011138744501188642,1500,FMZuse,New_FDC,10.0,53,1.0,0.05
True,27.17065006800319,27.17065006800319,0.0,True,True,1500,1500,0,0,0.0,0.0,-7.7146197324263e-15,0.4662838817308496,0,0,0.0,0.0,-inf,-inf,0.0025830231606960297,80000,1500,20,40,-8.678947198979587e-15,1500,FMZuse,Identity,10.0,54,1.0,0.05
True,27.17065006800319,27.17065006800319,0.0,True,True,1500,1500,0,0,0.0,0.0,-7.7146197324263e-15,0.4662838817308496,0,0,0.0,0.0,-inf,-inf,0.3358329995535314,80000,1500,20,40,-8.678947198979587e-15,1500,FMZuse,Current_FDC,10.0,54,1.0,0.05
True,27.17065006800319,27.17065006800319,0.0,True,True,1500,1500,0,0,0.0,0.0,-7.7146197324263e-15,0.4662838817308496,0,0,0.0,0.0,-inf,-inf,0.38579205283895135,80000,1500,20,40,-0.011138744501188642,1500,FMZuse,New_FDC,10.0,54,1.0,0.05
True,26.542016126491465,26.542016126491465,0.0,True,True,1499,1499,1,1,3.0,3.0,-9.643274665532877e-15,-0.45700458628940877,0,0,0.0,0.0,-inf,-inf,0.002541986759752035,80000,1500,20,40,-8.678947198979587e-15,1500,FMZuse,Identity,10.0,55,1.0,0.05
True,26.542016126491465,26.542016126491465,0.0,True,True,1499,1499,1,1,3.0,3.0,-9.643274665532877e-15,-0.45700458628940677,0,0,0.0,0.0,-inf,-inf,0.33133302349597216,80000,1500,20,40,-8.678947198979587e-15,1500,FMZuse,Current_FDC,10.0,55,1.0,0.05
True,26.542016126491465,26.542016126491465,0.0,True,True,1499,1499,1,1,3.0,3.0,-9.643274665532877e-15,-0.45700458628940877,0,0,0.0,0.0,-inf,-inf,0.380084034986794,80000,1500,20,40,-0.011138744501188642,1500,FMZuse,New_FDC,10.0,55,1.0,0.05
True,27.00816414595838,27.00816414595838,0.0,True,True,1500,1500,0,0,0.0,0.0,-8.678947198979587e-15,0.15334135187385015,1,1,0.018105981880400725,0.018105981880400725,-34.84355837172837,-34.84355837172837,0.0027909991331398487,80000,1500,20,40,-8.678947198979587e-15,1500,FMZuse,Identity,10.0,56,1.0,0.05
True,27.00816414595838,27.00816414595838,0.0,True,True,1500,1500,0,0,0.0,0.0,-7.7146197324263e-15,0.15334135187385203,1,1,0.018105981880400725,0.018105981880400756,-34.84355837172837,-34.843558371728356,0.33291702857241035,80000,1500,20,40,-8.678947198979587e-15,1500,FMZuse,Current_FDC,10.0,56,1.0,0.05
True,27.00816414595838,27.00816414595838,0.0,True,True,1500,1500,0,0,0.0,0.0,-7.7146197324263e-15,0.15334135187385203,1,1,0.018105981880400725,0.018105981880400718,-34.84355837172837,-34.84355837172837,0.38220902206376195,80000,1500,20,40,-0.011138744501188642,1500,FMZuse,New_FDC,10.0,56,1.0,0.05
True,26.776569733751447,26.776569733751447,0.0,True,True,1500,1500,0,0,0.0,0.0,-7.7146197324263e-15,0.40564275599977284,0,0,0.0,0.0,-inf,-inf,0.0026249908842146397,80000,1500,20,40,-8.678947198979587e-15,1500,FMZuse,Identity,10.0,57,1.0,0.05
True,26.776569733751447,26.776569733751447,0.0,True,True,1500,1500,0,0,0.0,0.0,-5.785964799319725e-15,0.4056427559997747,0,0,0.0,0.0,-inf,-inf,0.3308749874122441,80000,1500,20,40,-8.678947198979587e-15,1500,FMZuse,Current_FDC,10.0,57,1.0,0.05
True,26.776569733751447,26.776569733751447,0.0,True,True,1500,1500,0,0,0.0,0.0,-5.785964799319725e-15,0.4056427559997747,0,0,0.0,0.0,-inf,-inf,0.37925003562122583,80000,1500,20,40,-0.011138744501188642,1500,FMZuse,New_FDC,10.0,57,1.0,0.05
True,27.003445644263767,27.003445644263767,0.0,True,True,1500,1500,0,0,0.0,0.0,-7.7146197324263e-15,0.2794397073032681,0,0,0.0,0.0,-inf,-inf,0.0026669586077332497,80000,1500,20,40,-8.678947198979587e-15,1500,FMZuse,Identity,10.0,58,1.0,0.05
True,27.003445644263767,27.003445644263767,0.0,True,True,1500,1500,0,0,0.0,0.0,-3.857309866213149e-15,0.27943970730327183,0,0,0.0,0.0,-inf,-inf,0.33312500454485416,80000,1500,20,40,-8.678947198979587e-15,1500,FMZuse,Current_FDC,10.0,58,1.0,0.05
True,27.003445644263767,27.003445644263767,0.0,True,True,1500,1500,0,0,0.0,0.0,-7.7146197324263e-15,0.2794397073032681,0,0,0.0,0.0,-inf,-inf,0.3837910480797291,80000,1500,20,40,-0.011138744501188642,1500,FMZuse,New_FDC,10.0,58,1.0,0.05
True,26.284677155467172,26.284677155467172,0.0,True,True,1500,1500,0,0,0.0,0.0,-7.7146197324263e-15,0.2094588606578412,0,0,0.0,0.0,-inf,-inf,0.0025420449674129486,80000,1500,20,40,-8.678947198979587e-15,1500,FMZuse,Identity,10.0,59,1.0,0.05
True,26.284677155467172,26.284677155467172,0.0,True,True,1500,1500,0,0,0.0,0.0,-7.7146197324263e-15,0.2094588606578412,0,0,0.0,0.0,-inf,-inf,0.3501249593682587,80000,1500,20,40,-8.678947198979587e-15,1500,FMZuse,Current_FDC,10.0,59,1.0,0.05
True,26.284677155467172,26.284677155467172,0.0,True,True,1500,1500,0,0,0.0,0.0,-9.643274665532877e-15,0.20945886065783928,0,0,0.0,0.0,-inf,-inf,0.38362498162314296,80000,1500,20,40,-0.011138744501188642,1500,FMZuse,New_FDC,10.0,59,1.0,0.05
True,27.727258075854774,27.727258075854774,0.0,True,True,1500,1500,0,0,0.0,0.0,-7.7146197324263e-15,0.5182517234066368,1,1,0.0234966367383087,0.0234966367383087,-32.57988594650206,-32.57988594650206,0.0026249908842146397,80000,1500,20,40,-8.678947198979587e-15,1500,FMZuse,Identity,10.0,60,1.0,0.05
True,27.727258075854774,27.72725287289793,-5.202956842254025e-06,True,True,1500,1500,0,0,0.0,0.0,-0.0022214862275112303,0.5160302371791324,1,1,0.0234966367383087,0.0234970100688787,-32.57988594650206,-32.57974794026717,0.33237499883398414,80000,1500,20,40,-8.678947198979587e-15,1500,FMZuse,Current_FDC,10.0,60,1.0,0.05
True,27.727258075854774,27.933480848904885,0.20622277305011139,True,True,1500,1500,0,0,0.0,0.0,0.011109917713535316,0.5293616411201785,1,1,0.0234966367383087,0.02304904805437912,-32.57988594650206,-32.746940132833736,0.4023330402560532,80000,1500,20,40,-0.011138744501188642,1500,FMZuse,New_FDC,10.0,60,1.0,0.05
True,27.249201908394074,27.249201908394074,0.0,True,True,1500,1500,0,0,0.0,0.0,-7.7146197324263e-15,0.4037589174874725,1,1,0.017388194499193495,0.017388194499193495,-35.194910211291784,-35.194910211291784,0.002540997229516506,80000,1500,20,40,-8.678947198979587e-15,1500,FMZuse,Identity,10.0,61,1.0,0.05
True,27.249201908394074,27.249201908394074,0.0,True,True,1500,1500,0,0,0.0,0.0,-5.785964799319725e-15,0.4037589174874744,1,1,0.017388194499193495,0.017388194499193516,-35.194910211291784,-35.19491021129178,0.33312500454485416,80000,1500,20,40,-8.678947198979587e-15,1500,FMZuse,Current_FDC,10.0,61,1.0,0.05
True,27.249201908394074,27.249201908394074,0.0,True,True,1500,1500,0,0,0.0,0.0,-7.7146197324263e-15,0.4037589174874725,1,1,0.017388194499193495,0.0173881944991935,-35.194910211291784,-35.19491021129178,0.38404198130592704,80000,1500,20,40,-0.011138744501188642,1500,FMZuse,New_FDC,10.0,61,1.0,0.05
True,15.454338637559722,15.454338637559722,0.0,False,False,1500,1500,0,0,0.0,0.0,-1.0607602132086164e-14,-1.8107568365152862,0,0,0.0,0.0,-inf,-inf,0.0025830231606960297,80000,1500,20,40,-8.678947198979587e-15,1500,FMZuse,Identity,20.0,42,1.0,0.05
True,15.454338637559722,15.454338637559722,0.0,False,False,1500,1500,0,0,0.0,0.0,-9.643274665532877e-15,-1.810756836515285,0,0,0.0,0.0,-inf,-inf,0.33483299193903804,80000,1500,20,40,-8.678947198979587e-15,1500,FMZuse,Current_FDC,20.0,42,1.0,0.05
True,15.454338637559722,15.4982267499343,0.043888112374578014,False,False,1500,1500,0,0,0.0,0.0,0.010435641428650612,-1.8003211950866251,0,0,0.0,0.0,-inf,-inf,0.3839170094579458,80000,1500,20,40,-0.011138744501188642,1500,FMZuse,New_FDC,20.0,42,1.0,0.05
True,16.987693877406578,16.987693877406578,0.0,False,False,1500,1500,0,0,0.0,0.0,-8.678947198979587e-15,-0.0913971982938746,0,0,0.0,0.0,-inf,-inf,0.0026249908842146397,80000,1500,20,40,-8.678947198979587e-15,1500,FMZuse,Identity,20.0,43,1.0,0.05
True,16.987693877406578,16.987693877406578,0.0,False,False,1500,1500,0,0,0.0,0.0,-7.7146197324263e-15,-0.09139719829387362,0,0,0.0,0.0,-inf,-inf,0.3347079618833959,80000,1500,20,40,-8.678947198979587e-15,1500,FMZuse,Current_FDC,20.0,43,1.0,0.05
True,16.987693877406578,16.987693877406578,0.0,False,False,1500,1500,0,0,0.0,0.0,-8.678947198979587e-15,-0.0913971982938746,0,0,0.0,0.0,-inf,-inf,0.3830839996226132,80000,1500,20,40,-0.011138744501188642,1500,FMZuse,New_FDC,20.0,43,1.0,0.05
True,17.679383373560025,17.679383373560025,0.0,True,True,1501,1501,1,1,3.0,3.0,-6.7502922658730125e-15,1.0215775681257202,0,0,0.0,0.0,-inf,-inf,0.0026249908842146397,80000,1500,20,40,-8.678947198979587e-15,1500,FMZuse,Identity,20.0,44,1.0,0.05
True,17.679383373560025,17.67938337356002,-3.552713678800501e-15,True,True,1501,1501,1,1,3.0,3.0,-4.821637332766436e-15,1.0215775681257202,0,0,0.0,0.0,-inf,-inf,0.33437495585530996,80000,1500,20,40,-8.678947198979587e-15,1500,FMZuse,Current_FDC,20.0,44,1.0,0.05
True,17.679383373560025,17.679383373560025,0.0,True,True,1501,1501,1,1,3.0,3.0,-6.7502922658730125e-15,1.0215775681257167,0,0,0.0,0.0,-inf,-inf,0.3784589935094118,80000,1500,20,40,-0.011138744501188642,1500,FMZuse,New_FDC,20.0,44,1.0,0.05
True,16.92096980204709,16.92096980204709,0.0,True,True,1501,1501,1,1,3.0,3.0,-7.7146197324263e-15,0.24961823388006327,1,1,0.021085411491691915,0.021085411491691915,-33.520358382119326,-33.520358382119326,0.0025840126909315586,80000,1500,20,40,-8.678947198979587e-15,1500,FMZuse,Identity,20.0,45,1.0,0.05
True,16.92096980204709,16.92096980204709,0.0,True,True,1501,1501,1,1,3.0,3.0,-7.7146197324263e-15,0.24961823388006701,1,1,0.021085411491691915,0.02108541149169197,-33.520358382119326,-33.520358382119305,0.3375000087544322,80000,1500,20,40,-8.678947198979587e-15,1500,FMZuse,Current_FDC,20.0,45,1.0,0.05
True,16.92096980204709,16.920969802047086,-3.552713678800501e-15,True,True,1501,1501,1,1,3.0,3.0,-1.1571929598639454e-14,0.24961823388006701,1,1,0.021085411491691915,0.02108541149169187,-33.520358382119326,-33.52035838211935,0.3824590239673853,80000,1500,20,40,-0.011138744501188642,1500,FMZuse,New_FDC,20.0,45,1.0,0.05
True,17.24964461624043,17.24964461624043,0.0,True,True,1500,1500,0,0,0.0,0.0,-7.7146197324263e-15,0.29671674800947273,3,3,0.023235324369787494,0.023235324369787494,-32.67702520609477,-32.67702520609477,0.0025840126909315586,80000,1500,20,40,-8.678947198979587e-15,1500,FMZuse,Identity,20.0,46,1.0,0.05
True,17.24964461624043,17.24964461624043,0.0,True,True,1500,1500,0,0,0.0,0.0,-5.785964799319725e-15,0.2967167480094746,3,3,0.023235324369787494,0.023235324369787487,-32.67702520609477,-32.67702520609477,0.33558299764990807,80000,1500,20,40,-8.678947198979587e-15,1500,FMZuse,Current_FDC,20.0,46,1.0,0.05
True,17.24964461624043,17.24964461624043,0.0,True,True,1500,1500,0,0,0.0,0.0,-5.785964799319725e-15,0.2967167480094746,3,3,0.023235324369787494,0.023235324369787504,-32.67702520609477,-32.67702520609476,0.3860839642584324,80000,1500,20,40,-0.011138744501188642,1500,FMZuse,New_FDC,20.0,46,1.0,0.05
True,19.092511239190628,19.092511239190628,0.0,False,False,1499,1499,1,1,3.0,3.0,-6.7502922658730125e-15,1.6688677707548663,2,2,0.015717845227339405,0.015717845227339405,-36.07213984025605,-36.07213984025605,0.0026249908842146397,80000,1500,20,40,-8.678947198979587e-15,1500,FMZuse,Identity,20.0,47,1.0,0.05
True,19.092511239190628,19.09251123919063,3.552713678800501e-15,False,False,1499,1499,1,1,3.0,3.0,-2.892982399659862e-15,1.6688677707548647,2,2,0.015717845227339405,0.01571784522733945,-36.07213984025605,-36.07213984025602,0.3329580067656934,80000,1500,20,40,-8.678947198979587e-15,1500,FMZuse,Current_FDC,20.0,47,1.0,0.05
True,19.092511239190628,19.092511239190628,0.0,False,False,1499,1499,1,1,3.0,3.0,-6.7502922658730125e-15,1.6688677707548663,2,2,0.015717845227339405,0.015717845227339412,-36.07213984025605,-36.07213984025604,0.3820830024778843,80000,1500,20,40,-0.011138744501188642,1500,FMZuse,New_FDC,20.0,47,1.0,0.05
True,19.009313172624605,19.009313172624605,0.0,False,False,1500,1500,0,0,0.0,0.0,-6.7502922658730125e-15,1.491551505603844,0,0,0.0,0.0,-inf,-inf,0.0026249908842146397,80000,1500,20,40,-8.678947198979587e-15,1500,FMZuse,Identity,20.0,48,1.0,0.05
True,19.009313172624605,19.010284461857356,0.00097128923275136,False,False,1500,1500,0,0,0.0,0.0,-0.007815733426701586,1.4837357721771485,0,0,0.0,0.0,-inf,-inf,0.33529201755300164,80000,1500,20,40,-8.678947198979587e-15,1500,FMZuse,Current_FDC,20.0,48,1.0,0.05
True,19.009313172624605,19.09732969106615,0.08801651844154534,False,False,1500,1500,0,0,0.0,0.0,0.013959922159597939,1.5055114277634494,0,0,0.0,0.0,-inf,-inf,0.3879170399159193,80000,1500,20,40,-0.011138744501188642,1500,FMZuse,New_FDC,20.0,48,1.0,0.05
True,17.06732389614966,17.06732389614966,0.0,True,True,1499,1499,1,1,3.0,3.0,-9.643274665532877e-15,-0.8602539029393186,0,0,0.0,0.0,-inf,-inf,0.0026249908842146397,80000,1500,20,40,-8.678947198979587e-15,1500,FMZuse,Identity,20.0,49,1.0,0.05
True,17.06732389614966,17.067323896149656,-3.552713678800501e-15,True,True,1499,1499,1,1,3.0,3.0,-9.643274665532877e-15,-0.8602539029393186,0,0,0.0,0.0,-inf,-inf,0.3367090248502791,80000,1500,20,40,-8.678947198979587e-15,1500,FMZuse,Current_FDC,20.0,49,1.0,0.05
True,17.06732389614966,17.06732389614966,0.0,True,True,1499,1499,1,1,3.0,3.0,-1.0607602132086164e-14,-0.8602539029393186,0,0,0.0,0.0,-inf,-inf,0.39166701026260853,80000,1500,20,40,-0.011138744501188642,1500,FMZuse,New_FDC,20.0,49,1.0,0.05
True,16.29548808322116,16.29548808322116,0.0,True,True,1500,1500,0,0,0.0,0.0,-8.678947198979587e-15,-0.2359368804374953,1,1,0.017001090437865383,0.017001090437865383,-35.39046444777545,-35.39046444777545,0.0025830231606960297,80000,1500,20,40,-8.678947198979587e-15,1500,FMZuse,Identity,20.0,50,1.0,0.05
True,16.29548808322116,16.295488083221155,-3.552713678800501e-15,True,True,1500,1500,0,0,0.0,0.0,-7.7146197324263e-15,-0.23593688043749433,1,1,0.017001090437865383,0.017001090437865483,-35.39046444777545,-35.3904644477754,0.3370000049471855,80000,1500,20,40,-8.678947198979587e-15,1500,FMZuse,Current_FDC,20.0,50,1.0,0.05
True,16.29548808322116,16.29548808322116,0.0,True,True,1500,1500,0,0,0.0,0.0,-8.678947198979587e-15,-0.2359368804374953,1,1,0.017001090437865383,0.01700109043786546,-35.39046444777545,-35.39046444777541,0.3839159617200494,80000,1500,20,40,-0.011138744501188642,1500,FMZuse,New_FDC,20.0,50,1.0,0.05
True,15.028626176386554,15.028626176386554,0.0,False,False,1500,1500,0,0,0.0,0.0,-1.1571929598639454e-14,-2.2670705505240765,0,0,0.0,0.0,-inf,-inf,0.002667016815394163,80000,1500,20,40,-8.678947198979587e-15,1500,FMZuse,Identity,20.0,51,1.0,0.05
True,15.028626176386554,15.028626176386554,0.0,False,False,1500,1500,0,0,0.0,0.0,-1.1571929598639454e-14,-2.2670705505240765,0,0,0.0,0.0,-inf,-inf,0.3364580334164202,80000,1500,20,40,-8.678947198979587e-15,1500,FMZuse,Current_FDC,20.0,51,1.0,0.05
True,15.028626176386554,15.028626176386554,0.0,False,False,1500,1500,0,0,0.0,0.0,-1.1571929598639454e-14,-2.2670705505240765,0,0,0.0,0.0,-inf,-inf,0.38662500446662307,80000,1500,20,40,-0.011138744501188642,1500,FMZuse,New_FDC,20.0,51,1.0,0.05
True,18.127444629198887,18.127444629198887,0.0,False,False,1501,1501,1,1,3.0,3.0,-6.7502922658730125e-15,0.5046479603187152,1,1,0.021432832674340513,0.021432832674340513,-33.378408531066604,-33.378408531066604,0.002582964953035116,80000,1500,20,40,-8.678947198979587e-15,1500,FMZuse,Identity,20.0,52,1.0,0.05
True,18.127444629198887,18.127444629198884,-3.552713678800501e-15,False,False,1501,1501,1,1,3.0,3.0,-6.7502922658730125e-15,0.5046479603187152,1,1,0.021432832674340513,0.02143283267434053,-33.378408531066604,-33.3784085310666,0.3322500269860029,80000,1500,20,40,-8.678947198979587e-15,1500,FMZuse,Current_FDC,20.0,52,1.0,0.05
True,18.127444629198887,18.127444629198887,0.0,False,False,1501,1501,1,1,3.0,3.0,-6.7502922658730125e-15,0.5046479603187152,1,1,0.021432832674340513,0.021432832674340534,-33.378408531066604,-33.3784085310666,0.37987501127645373,80000,1500,20,40,-0.011138744501188642,1500,FMZuse,New_FDC,20.0,52,1.0,0.05
True,17.523903217403664,17.523903217403664,0.0,True,True,1498,1498,2,2,6.0,6.0,-7.7146197324263e-15,-0.33260081201682146,2,2,0.018114666601822458,0.018114666601822458,-34.8393930938323,-34.8393930938323,0.002583954483270645,80000,1500,20,40,-8.678947198979587e-15,1500,FMZuse,Identity,20.0,53,1.0,0.05
True,17.523903217403664,17.525568592599903,0.001665375196239438,True,True,1498,1498,2,2,6.0,6.0,-0.026190148271438993,-0.36008396426521067,2,2,0.018114666601822458,0.018106483950709906,-34.8393930938323,-34.84331751945851,0.338125042617321,80000,1500,20,40,-8.678947198979587e-15,1500,FMZuse,Current_FDC,20.0,53,1.0,0.05
True,17.523903217403664,17.556439268519814,0.03253605111614988,True,True,1498,1498,2,2,6.0,6.0,-0.003024888135147879,-0.3367018775693301,2,2,0.018114666601822458,0.01804576373803589,-34.8393930938323,-34.87249465757507,0.3802920109592378,80000,1500,20,40,-0.011138744501188642,1500,FMZuse,New_FDC,20.0,53,1.0,0.05
True,18.640507985020623,18.640507985020623,0.0,False,False,1500,1500,0,0,0.0,0.0,-6.7502922658730125e-15,1.5558923035705021,0,0,0.0,0.0,-inf,-inf,0.0026249908842146397,80000,1500,20,40,-8.678947198979587e-15,1500,FMZuse,Identity,20.0,54,1.0,0.05
True,18.640507985020623,18.640507985020623,0.0,False,False,1500,1500,0,0,0.0,0.0,-6.7502922658730125e-15,1.5558923035705021,0,0,0.0,0.0,-inf,-inf,0.3329579485580325,80000,1500,20,40,-8.678947198979587e-15,1500,FMZuse,Current_FDC,20.0,54,1.0,0.05
True,18.640507985020623,18.661047351396075,0.02053936637545206,False,False,1500,1500,0,0,0.0,0.0,0.003385767169972083,1.5592780707404805,0,0,0.0,0.0,-inf,-inf,0.3819589619524777,80000,1500,20,40,-0.011138744501188642,1500,FMZuse,New_FDC,20.0,54,1.0,0.05
True,16.856440437956735,16.856440437956735,0.0,True,True,1498,1498,2,2,6.0,6.0,-9.643274665532877e-15,-1.1852446620358978,0,0,0.0,0.0,-inf,-inf,0.0026249908842146397,80000,1500,20,40,-8.678947198979587e-15,1500,FMZuse,Identity,20.0,55,1.0,0.05
True,16.856440437956735,16.85644043795674,3.552713678800501e-15,True,True,1498,1498,2,2,6.0,6.0,-7.7146197324263e-15,-1.1852446620358978,0,0,0.0,0.0,-inf,-inf,0.3331669722683728,80000,1500,20,40,-8.678947198979587e-15,1500,FMZuse,Current_FDC,20.0,55,1.0,0.05
True,16.856440437956735,16.856440437956735,0.0,True,True,1498,1498,2,2,6.0,6.0,-9.643274665532877e-15,-1.185244662035899,0,0,0.0,0.0,-inf,-inf,0.3802500432357192,80000,1500,20,40,-0.011138744501188642,1500,FMZuse,New_FDC,20.0,55,1.0,0.05
True,17.83292232222466,17.83292232222466,0.0,True,True,1499,1499,1,1,3.0,3.0,-7.7146197324263e-15,0.43697402106823746,1,1,0.017206279061299214,0.017206279061299214,-35.28626075482548,-35.28626075482548,0.0026249908842146397,80000,1500,20,40,-8.678947198979587e-15,1500,FMZuse,Identity,20.0,56,1.0,0.05
True,17.83292232222466,17.83292232222466,0.0,True,True,1499,1499,1,1,3.0,3.0,-5.785964799319725e-15,0.43697402106823746,1,1,0.017206279061299214,0.017206279061299186,-35.28626075482548,-35.286260754825484,0.33541698940098286,80000,1500,20,40,-8.678947198979587e-15,1500,FMZuse,Current_FDC,20.0,56,1.0,0.05
True,17.83292232222466,17.83292232222466,0.0,True,True,1499,1499,1,1,3.0,3.0,-7.7146197324263e-15,0.43697402106823746,1,1,0.017206279061299214,0.01720627906129922,-35.28626075482548,-35.28626075482547,0.38195797242224216,80000,1500,20,40,-0.011138744501188642,1500,FMZuse,New_FDC,20.0,56,1.0,0.05
True,17.990927677137954,17.990927677137954,0.0,True,True,1500,1500,0,0,0.0,0.0,-6.7502922658730125e-15,1.3349070427024379,0,0,0.0,0.0,-inf,-inf,0.002667016815394163,80000,1500,20,40,-8.678947198979587e-15,1500,FMZuse,Identity,20.0,57,1.0,0.05
True,17.990927677137954,17.990927677137954,0.0,True,True,1500,1500,0,0,0.0,0.0,-4.821637332766436e-15,1.3349070427024397,0,0,0.0,0.0,-inf,-inf,0.3355839871801436,80000,1500,20,40,-8.678947198979587e-15,1500,FMZuse,Current_FDC,20.0,57,1.0,0.05
True,17.990927677137954,17.990927677137954,0.0,True,True,1500,1500,0,0,0.0,0.0,-6.7502922658730125e-15,1.3349070427024379,0,0,0.0,0.0,-inf,-inf,0.3910830128006637,80000,1500,20,40,-0.011138744501188642,1500,FMZuse,New_FDC,20.0,57,1.0,0.05
True,18.126066658006327,18.126066658006327,0.0,False,False,1501,1501,1,1,3.0,3.0,-6.7502922658730125e-15,0.8944594161685191,0,0,0.0,0.0,-inf,-inf,0.0026249908842146397,80000,1500,20,40,-8.678947198979587e-15,1500,FMZuse,Identity,20.0,58,1.0,0.05
True,18.126066658006327,18.12606665800633,3.552713678800501e-15,False,False,1501,1501,1,1,3.0,3.0,-3.857309866213149e-15,0.8944594161685191,0,0,0.0,0.0,-inf,-inf,0.3362919669598341,80000,1500,20,40,-8.678947198979587e-15,1500,FMZuse,Current_FDC,20.0,58,1.0,0.05
True,18.126066658006327,18.126066658006334,7.105427357601002e-15,False,False,1501,1501,1,1,3.0,3.0,-3.857309866213149e-15,0.8944594161685191,0,0,0.0,0.0,-inf,-inf,0.3832920338027179,80000,1500,20,40,-0.011138744501188642,1500,FMZuse,New_FDC,20.0,58,1.0,0.05
True,17.03056414909064,17.03056414909064,0.0,False,False,1501,1501,1,1,3.0,3.0,-7.7146197324263e-15,0.6538693918133105,0,0,0.0,0.0,-inf,-inf,0.0026249908842146397,80000,1500,20,40,-8.678947198979587e-15,1500,FMZuse,Identity,20.0,59,1.0,0.05
True,17.03056414909064,17.03056414909064,0.0,False,False,1501,1501,1,1,3.0,3.0,-5.785964799319725e-15,0.6538693918133123,0,0,0.0,0.0,-inf,-inf,0.3352080238983035,80000,1500,20,40,-8.678947198979587e-15,1500,FMZuse,Current_FDC,20.0,59,1.0,0.05
True,17.03056414909064,17.03056414909064,0.0,False,False,1501,1501,1,1,3.0,3.0,-7.7146197324263e-15,0.6538693918133105,0,0,0.0,0.0,-inf,-inf,0.3838749835267663,80000,1500,20,40,-0.011138744501188642,1500,FMZuse,New_FDC,20.0,59,1.0,0.05
True,19.23525886787057,19.23525886787057,0.0,True,True,1500,1500,0,0,0.0,0.0,-6.7502922658730125e-15,1.65498209787996,1,1,0.020614328095522588,0.020614328095522588,-33.716616320975376,-33.716616320975376,0.002582964953035116,80000,1500,20,40,-8.678947198979587e-15,1500,FMZuse,Identity,20.0,60,1.0,0.05
True,19.23525886787057,19.245950398914403,0.01069153104383247,True,True,1500,1500,0,0,0.0,0.0,-0.09907641989309503,1.5559056779868712,1,1,0.020614328095522588,0.02060116972156339,-33.716616320975376,-33.72216239922081,0.3382909926585853,80000,1500,20,40,-8.678947198979587e-15,1500,FMZuse,Current_FDC,20.0,60,1.0,0.05
True,19.23525886787057,19.543369218625777,0.3081103507552072,True,True,1500,1500,0,0,0.0,0.0,0.0412367206814508,1.696218818561417,1,1,0.020614328095522588,0.020061230719352563,-33.716616320975376,-33.952848546722656,0.3808329929597676,80000,1500,20,40,-0.011138744501188642,1500,FMZuse,New_FDC,20.0,60,1.0,0.05
True,18.421893793576135,18.421893793576135,0.0,True,True,1500,1500,0,0,0.0,0.0,-6.7502922658730125e-15,1.1897348450353473,1,1,0.0158838469252432,0.0158838469252432,-35.98088613883966,-35.98088613883966,0.002666027285158634,80000,1500,20,40,-8.678947198979587e-15,1500,FMZuse,Identity,20.0,61,1.0,0.05
True,18.421893793576135,18.42189379357614,3.552713678800501e-15,True,True,1500,1500,0,0,0.0,0.0,-3.857309866213149e-15,1.1897348450353507,1,1,0.0158838469252432,0.015883846925243292,-35.98088613883966,-35.98088613883961,0.3325419966131449,80000,1500,20,40,-8.678947198979587e-15,1500,FMZuse,Current_FDC,20.0,61,1.0,0.05
True,18.421893793576135,18.421893793576135,0.0,True,True,1500,1500,0,0,0.0,0.0,-6.7502922658730125e-15,1.1897348450353473,1,1,0.0158838469252432,0.015883846925243247,-35.98088613883966,-35.98088613883964,0.3831670037470758,80000,1500,20,40,-0.011138744501188642,1500,FMZuse,New_FDC,20.0,61,1.0,0.05
True,7.680359926350603,7.680359926350603,0.0,False,False,1182,1182,318,318,954.0,954.0,-7.7146197324263e-15,-7.021594542945082,0,0,0.0,0.0,-inf,-inf,0.002667016815394163,80000,1500,20,40,-8.678947198979587e-15,1500,FMZuse,Identity,30.0,42,1.0,0.05
True,7.680359926350603,7.685446074725208,0.005086148374605415,False,False,1182,1182,318,318,954.0,954.0,-0.009485606187321046,-7.00124053084612,0,0,0.0,0.0,-inf,-inf,0.3339579561725259,80000,1500,20,40,-8.678947198979587e-15,1500,FMZuse,Current_FDC,30.0,42,1.0,0.05
True,7.680359926350603,7.689644853224561,0.0092849268739581,False,False,1182,1182,318,318,954.0,954.0,-0.027807762176292924,-6.964324695068863,0,0,0.0,0.0,-inf,-inf,0.38304098416119814,80000,1500,20,40,-0.011138744501188642,1500,FMZuse,New_FDC,30.0,42,1.0,0.05
True,6.893608318198607,6.893608318198607,0.0,False,False,897,897,603,603,1809.0,1809.0,-8.678947198979587e-15,-0.2519528813665217,0,0,0.0,0.0,-inf,-inf,0.0025420449674129486,80000,1500,20,40,-8.678947198979587e-15,1500,FMZuse,Identity,30.0,43,1.0,0.05
True,6.893608318198607,6.893608318198608,8.881784197001252e-16,False,False,897,897,603,603,1809.0,1809.0,-7.7146197324263e-15,-0.2519528813665207,0,0,0.0,0.0,-inf,-inf,0.33404200803488493,80000,1500,20,40,-8.678947198979587e-15,1500,FMZuse,Current_FDC,30.0,43,1.0,0.05
True,6.893608318198607,6.893608318198607,0.0,False,False,897,897,603,603,1809.0,1809.0,-8.678947198979587e-15,-0.2519528813665217,0,0,0.0,0.0,-inf,-inf,0.3850000211969018,80000,1500,20,40,-0.011138744501188642,1500,FMZuse,New_FDC,30.0,43,1.0,0.05
True,10.034191381044051,10.034191381044051,0.0,False,False,1158,1158,342,342,1026.0,1026.0,-5.785964799319725e-15,3.115497048093447,0,0,0.0,0.0,-inf,-inf,0.0026249908842146397,80000,1500,20,40,-8.678947198979587e-15,1500,FMZuse,Identity,30.0,44,1.0,0.05
True,10.034191381044051,10.034191381044051,0.0,False,False,1158,1158,342,342,1026.0,1026.0,-2.892982399659862e-15,3.115497048093448,0,0,0.0,0.0,-inf,-inf,0.3423750167712569,80000,1500,20,40,-8.678947198979587e-15,1500,FMZuse,Current_FDC,30.0,44,1.0,0.05
True,10.034191381044051,10.034191381044051,0.0,False,False,1158,1158,342,342,1026.0,1026.0,-5.785964799319725e-15,3.115497048093445,0,0,0.0,0.0,-inf,-inf,0.3875829861499369,80000,1500,20,40,-0.011138744501188642,1500,FMZuse,New_FDC,30.0,44,1.0,0.05
True,7.932135636856295,7.932135636856295,0.0,False,False,625,625,875,875,2625.0,2625.0,-6.7502922658730125e-15,0.9611290615064989,1,1,0.018794895790468003,0.018794895790468003,-34.51920155835445,-34.51920155835445,0.0026249908842146397,80000,1500,20,40,-8.678947198979587e-15,1500,FMZuse,Identity,30.0,45,1.0,0.05
True,7.932135636856295,7.932135636856295,0.0,False,False,625,625,875,875,2625.0,2625.0,-6.7502922658730125e-15,0.9611290615064989,1,1,0.018794895790468003,0.018794895790468065,-34.51920155835445,-34.519201558354425,0.3368750330992043,80000,1500,20,40,-8.678947198979587e-15,1500,FMZuse,Current_FDC,30.0,45,1.0,0.05
True,7.932135636856295,7.932135636856293,-2.6645352591003757e-15,False,False,625,625,875,875,2625.0,2625.0,-1.0607602132086164e-14,0.9611290615064955,1,1,0.018794895790468003,0.018794895790468027,-34.51920155835445,-34.51920155835444,0.3880000440403819,80000,1500,20,40,-0.011138744501188642,1500,FMZuse,New_FDC,30.0,45,1.0,0.05
True,8.162097255307636,8.162097255307636,0.0,False,False,1204,1204,296,296,888.0,888.0,-6.7502922658730125e-15,1.104319289226773,3,3,0.020922468764974864,0.020922468764974864,-33.587741436489786,-33.587741436489786,0.0025840126909315586,80000,1500,20,40,-8.678947198979587e-15,1500,FMZuse,Identity,30.0,46,1.0,0.05
True,8.162097255307636,8.162097255307636,0.0,False,False,1204,1204,296,296,888.0,888.0,-4.821637332766436e-15,1.104319289226773,3,3,0.020922468764974864,0.020922468764974934,-33.587741436489786,-33.58774143648976,0.3374580410309136,80000,1500,20,40,-8.678947198979587e-15,1500,FMZuse,Current_FDC,30.0,46,1.0,0.05
True,8.162097255307636,8.162097255307634,-1.7763568394002505e-15,False,False,1204,1204,296,296,888.0,888.0,-8.678947198979587e-15,1.104319289226773,3,3,0.020922468764974864,0.02092246876497487,-33.587741436489786,-33.587741436489786,0.3888329956680536,80000,1500,20,40,-0.011138744501188642,1500,FMZuse,New_FDC,30.0,46,1.0,0.05
True,12.806361568610898,12.806361568610898,0.0,False,False,1015,1015,485,485,1455.0,1455.0,-3.857309866213149e-15,5.0419644783069195,2,2,0.010351207655814045,0.010351207655814045,-39.70017957871142,-39.70017957871142,0.0026249908842146397,80000,1500,20,40,-8.678947198979587e-15,1500,FMZuse,Identity,30.0,47,1.0,0.05
True,12.806361568610898,12.806361568610898,0.0,False,False,1015,1015,485,485,1455.0,1455.0,-2.892982399659862e-15,5.041964478306923,2,2,0.010351207655814045,0.0103512076558141,-39.70017957871142,-39.70017957871137,0.3446249756962061,80000,1500,20,40,-8.678947198979587e-15,1500,FMZuse,Current_FDC,30.0,47,1.0,0.05
True,12.806361568610898,12.8063615686109,1.7763568394002505e-15,False,False,1015,1015,485,485,1455.0,1455.0,-2.892982399659862e-15,5.0419644783069195,2,2,0.010351207655814045,0.010351207655813982,-39.70017957871142,-39.70017957871148,0.37991697899997234,80000,1500,20,40,-0.011138744501188642,1500,FMZuse,New_FDC,30.0,47,1.0,0.05
True,11.865858187341562,11.865858187341562,0.0,False,False,892,892,608,608,1824.0,1824.0,-4.821637332766436e-15,4.255334271639889,1,1,0.7707192871159935,0.7707192871159935,-2.2620754546838935,-2.2620754546838935,0.002541986759752035,80000,1500,20,40,-8.678947198979587e-15,1500,FMZuse,Identity,30.0,48,1.0,0.05
True,11.865858187341562,11.875919360786508,0.010061173444945837,False,False,892,892,608,608,1824.0,1824.0,-0.01759857879980553,4.239430452425231,1,1,0.7707192871159935,0.7712639268168379,-2.2620754546838935,-2.255939615476275,0.33195799915120006,80000,1500,20,40,-8.678947198979587e-15,1500,FMZuse,Current_FDC,30.0,48,1.0,0.05
True,11.865858187341562,11.889591318666131,0.023733131324569,False,False,892,892,608,608,1824.0,1824.0,-0.04037918560949737,4.2172980810881855,1,1,0.7707192871159935,0.7716219127079238,-2.2620754546838935,-2.251908953040857,0.38187496829777956,80000,1500,20,40,-0.011138744501188642,1500,FMZuse,New_FDC,30.0,48,1.0,0.05
True,7.2382775299811986,7.2382775299811986,0.0,False,False,1177,1177,323,323,969.0,969.0,-9.643274665532877e-15,-1.5371003233726779,1,1,0.1692671140868178,0.1692671140868178,-15.42854820438208,-15.42854820438208,0.0026249908842146397,80000,1500,20,40,-8.678947198979587e-15,1500,FMZuse,Identity,30.0,49,1.0,0.05
True,7.2382775299811986,7.238277529981199,8.881784197001252e-16,False,False,1177,1177,323,323,969.0,969.0,-7.7146197324263e-15,-1.5371003233726732,1,1,0.1692671140868178,0.16926711408681777,-15.42854820438208,-15.428548204382082,0.3332499763928354,80000,1500,20,40,-8.678947198979587e-15,1500,FMZuse,Current_FDC,30.0,49,1.0,0.05
True,7.2382775299811986,7.2382775299812,1.7763568394002505e-15,False,False,1177,1177,323,323,969.0,969.0,-6.7502922658730125e-15,-1.5371003233726768,1,1,0.1692671140868178,0.16926711408681777,-15.42854820438208,-15.428548204382082,0.3803339786827564,80000,1500,20,40,-0.011138744501188642,1500,FMZuse,New_FDC,30.0,49,1.0,0.05
True,6.067611427773433,6.067611427773433,0.0,False,False,1051,1051,449,449,1347.0,1347.0,-9.643274665532877e-15,-0.48181618762640055,2,2,0.12267367228618409,0.12267367228618409,-18.224972674995424,-18.224972674995424,0.002582964953035116,80000,1500,20,40,-8.678947198979587e-15,1500,FMZuse,Identity,30.0,50,1.0,0.05
True,6.067611427773433,6.0676114277734285,-4.440892098500626e-15,False,False,1051,1051,449,449,1347.0,1347.0,-1.2536257065192741e-14,-0.48181618762640366,2,2,0.12267367228618409,0.12267367228618435,-18.224972674995424,-18.224972674995406,0.3333339700475335,80000,1500,20,40,-8.678947198979587e-15,1500,FMZuse,Current_FDC,30.0,50,1.0,0.05
True,6.067611427773433,6.067611427773429,-3.552713678800501e-15,False,False,1051,1051,449,449,1347.0,1347.0,-1.2536257065192741e-14,-0.48181618762640366,2,2,0.12267367228618409,0.12267367228618409,-18.224972674995424,-18.224972674995424,0.388749991543591,80000,1500,20,40,-0.011138744501188642,1500,FMZuse,New_FDC,30.0,50,1.0,0.05
True,2.5507768480278363,2.5507768480278363,0.0,False,False,1387,1387,113,113,339.0,339.0,-1.5429239464852607e-14,-11.743853086450265,0,0,0.0,0.0,-inf,-inf,0.0026249908842146397,80000,1500,20,40,-8.678947198979587e-15,1500,FMZuse,Identity,30.0,51,1.0,0.05
True,2.5507768480278363,2.5507768480278363,0.0,False,False,1387,1387,113,113,339.0,339.0,-1.5429239464852607e-14,-11.74385308645027,0,0,0.0,0.0,-inf,-inf,0.3308749874122441,80000,1500,20,40,-8.678947198979587e-15,1500,FMZuse,Current_FDC,30.0,51,1.0,0.05
True,2.5507768480278363,2.5507768480278346,-1.7763568394002505e-15,False,False,1387,1387,113,113,339.0,339.0,-1.7357894397959187e-14,-11.74385308645027,0,0,0.0,0.0,-inf,-inf,0.38350000977516174,80000,1500,20,40,-0.011138744501188642,1500,FMZuse,New_FDC,30.0,51,1.0,0.05
True,11.746045803540376,11.746045803540376,0.0,False,False,1232,1232,268,268,804.0,804.0,-4.821637332766436e-15,3.0435545408943723,1,1,0.014164431594735693,0.014164431594735693,-36.976016972426464,-36.976016972426464,0.0026249908842146397,80000,1500,20,40,-8.678947198979587e-15,1500,FMZuse,Identity,30.0,52,1.0,0.05
True,11.746045803540376,11.746045803540381,5.329070518200751e-15,False,False,1232,1232,268,268,804.0,804.0,-9.643274665532871e-16,3.043554540894373,1,1,0.014164431594735693,0.014164431594735807,-36.976016972426464,-36.97601697242639,0.3340410185046494,80000,1500,20,40,-8.678947198979587e-15,1500,FMZuse,Current_FDC,30.0,52,1.0,0.05
True,11.746045803540376,11.74604580354038,3.552713678800501e-15,False,False,1232,1232,268,268,804.0,804.0,-1.9286549331065743e-15,3.0435545408943705,1,1,0.014164431594735693,0.014164431594735698,-36.976016972426464,-36.97601697242646,0.38225000025704503,80000,1500,20,40,-0.011138744501188642,1500,FMZuse,New_FDC,30.0,52,1.0,0.05
True,12.19098660813826,12.19098660813826,0.0,False,False,1107,1107,393,393,1179.0,1179.0,-4.821637332766436e-15,2.911823356893408,2,2,0.010624894460274618,0.010624894460274618,-39.473507504231605,-39.473507504231605,0.0025830231606960297,80000,1500,20,40,-8.678947198979587e-15,1500,FMZuse,Identity,30.0,53,1.0,0.05
True,12.19098660813826,12.1931857429426,0.002199134804339309,False,False,1107,1107,393,393,1179.0,1179.0,-0.009555404762139964,2.900298920345954,2,2,0.010624894460274618,0.010620627005565356,-39.473507504231605,-39.47699686467853,0.34179200883954763,80000,1500,20,40,-8.678947198979587e-15,1500,FMZuse,Current_FDC,30.0,53,1.0,0.05
True,12.19098660813826,12.19098660813826,0.0,False,False,1107,1107,393,393,1179.0,1179.0,-4.821637332766436e-15,2.911823356893411,2,2,0.010624894460274618,0.010624894460274667,-39.473507504231605,-39.47350750423156,0.38308301009237766,80000,1500,20,40,-0.011138744501188642,1500,FMZuse,New_FDC,30.0,53,1.0,0.05
True,11.763693747518236,11.763693747518236,0.0,False,False,851,851,649,649,1947.0,1947.0,-4.821637332766436e-15,4.3213247998951045,0,0,0.0,0.0,-inf,-inf,0.0026249908842146397,80000,1500,20,40,-8.678947198979587e-15,1500,FMZuse,Identity,30.0,54,1.0,0.05
True,11.763693747518236,11.763803056657734,0.00010930913949813714,False,False,851,851,649,649,1947.0,1947.0,-0.00012425245699965515,4.321198528729508,0,0,0.0,0.0,-inf,-inf,0.33962499583140016,80000,1500,20,40,-8.678947198979587e-15,1500,FMZuse,Current_FDC,30.0,54,1.0,0.05
True,11.763693747518236,11.783846863923063,0.020153116404827642,False,False,851,851,649,649,1947.0,1947.0,-0.02359091050343957,4.296910034004529,0,0,0.0,0.0,-inf,-inf,0.38241600850597024,80000,1500,20,40,-0.011138744501188642,1500,FMZuse,New_FDC,30.0,54,1.0,0.05
True,9.965255988414064,9.965255988414064,0.0,False,False,983,983,517,517,1551.0,1551.0,-5.785964799319725e-15,-0.500046421299045,0,0,0.0,0.0,-inf,-inf,0.0025830231606960297,80000,1500,20,40,-8.678947198979587e-15,1500,FMZuse,Identity,30.0,55,1.0,0.05
True,9.965255988414064,9.965255988414064,0.0,False,False,983,983,517,517,1551.0,1551.0,-5.785964799319725e-15,-0.500046421299045,0,0,0.0,0.0,-inf,-inf,0.33429096220061183,80000,1500,20,40,-8.678947198979587e-15,1500,FMZuse,Current_FDC,30.0,55,1.0,0.05
True,9.965255988414064,9.965255988414064,0.0,False,False,983,983,517,517,1551.0,1551.0,-5.785964799319725e-15,-0.5000464212990429,0,0,0.0,0.0,-inf,-inf,0.3852910012938082,80000,1500,20,40,-0.011138744501188642,1500,FMZuse,New_FDC,30.0,55,1.0,0.05
True,9.545187741925831,9.545187741925831,0.0,False,False,1095,1095,405,405,1215.0,1215.0,-5.785964799319725e-15,1.593572330332972,1,1,0.014206085548354445,0.014206085548354445,-36.95051148711793,-36.95051148711793,0.002667016815394163,80000,1500,20,40,-8.678947198979587e-15,1500,FMZuse,Identity,30.0,56,1.0,0.05
True,9.545187741925831,9.54518774192583,-1.7763568394002505e-15,False,False,1095,1095,405,405,1215.0,1215.0,-5.785964799319725e-15,1.593572330332972,1,1,0.014206085548354445,0.014206085548354517,-36.95051148711793,-36.950511487117886,0.33291702857241035,80000,1500,20,40,-8.678947198979587e-15,1500,FMZuse,Current_FDC,30.0,56,1.0,0.05
True,9.545187741925831,9.545187741925831,0.0,False,False,1095,1095,405,405,1215.0,1215.0,-5.785964799319725e-15,1.593572330332972,1,1,0.014206085548354445,0.014206085548354501,-36.95051148711793,-36.95051148711789,0.38645899621769786,80000,1500,20,40,-0.011138744501188642,1500,FMZuse,New_FDC,30.0,56,1.0,0.05
True,10.533309859189261,10.533309859189261,0.0,False,False,1010,1010,490,490,1470.0,1470.0,-4.821637332766436e-15,3.8554808271719683,0,0,0.0,0.0,-inf,-inf,0.0026249908842146397,80000,1500,20,40,-8.678947198979587e-15,1500,FMZuse,Identity,30.0,57,1.0,0.05
True,10.533309859189261,10.533309859189261,0.0,False,False,1010,1010,490,490,1470.0,1470.0,-3.857309866213149e-15,3.855480827171969,0,0,0.0,0.0,-inf,-inf,0.3352079656906426,80000,1500,20,40,-8.678947198979587e-15,1500,FMZuse,Current_FDC,30.0,57,1.0,0.05
True,10.533309859189261,10.533309859189261,0.0,False,False,1010,1010,490,490,1470.0,1470.0,-4.821637332766436e-15,3.8554808271719683,0,0,0.0,0.0,-inf,-inf,0.38237497210502625,80000,1500,20,40,-0.011138744501188642,1500,FMZuse,New_FDC,30.0,57,1.0,0.05
True,10.523291652066778,10.523291652066778,0.0,False,False,1044,1044,456,456,1368.0,1368.0,-4.821637332766436e-15,2.6322429144556914,0,0,0.0,0.0,-inf,-inf,0.002583954483270645,80000,1500,20,40,-8.678947198979587e-15,1500,FMZuse,Identity,30.0,58,1.0,0.05
True,10.523291652066778,10.523291652066778,0.0,False,False,1044,1044,456,456,1368.0,1368.0,-6.7502922658730125e-15,2.6322429144556914,0,0,0.0,0.0,-inf,-inf,0.3577499883249402,80000,1500,20,40,-8.678947198979587e-15,1500,FMZuse,Current_FDC,30.0,58,1.0,0.05
True,10.523291652066778,10.52329165206678,1.7763568394002505e-15,False,False,1044,1044,456,456,1368.0,1368.0,-3.857309866213149e-15,2.6322429144556914,0,0,0.0,0.0,-inf,-inf,0.3852499648928642,80000,1500,20,40,-0.011138744501188642,1500,FMZuse,New_FDC,30.0,58,1.0,0.05
True,8.926122574625188,8.926122574625188,0.0,False,False,1004,1004,496,496,1488.0,1488.0,-5.785964799319725e-15,2.237520427842698,0,0,0.0,0.0,-inf,-inf,0.002667016815394163,80000,1500,20,40,-8.678947198979587e-15,1500,FMZuse,Identity,30.0,59,1.0,0.05
True,8.926122574625188,8.92612257462519,1.7763568394002505e-15,False,False,1004,1004,496,496,1488.0,1488.0,-4.821637332766436e-15,2.2375204278426994,0,0,0.0,0.0,-inf,-inf,0.33725000685080886,80000,1500,20,40,-8.678947198979587e-15,1500,FMZuse,Current_FDC,30.0,59,1.0,0.05
True,8.926122574625188,8.926122574625188,0.0,False,False,1004,1004,496,496,1488.0,1488.0,-5.785964799319725e-15,2.237520427842701,0,0,0.0,0.0,-inf,-inf,0.38633402436971664,80000,1500,20,40,-0.011138744501188642,1500,FMZuse,New_FDC,30.0,59,1.0,0.05
True,12.124161275501304,12.124161275501304,0.0,False,False,1074,1074,426,426,1278.0,1278.0,-4.821637332766436e-15,4.506495002632077,1,1,0.014845455883209513,0.014845455883209513,-36.56812922572748,-36.56812922572748,0.0026249908842146397,80000,1500,20,40,-8.678947198979587e-15,1500,FMZuse,Identity,30.0,60,1.0,0.05
True,12.124161275501304,12.162797936555254,0.038636661053949695,False,False,1074,1074,426,426,1278.0,1278.0,-0.09795971594666569,4.408535286685416,1,1,0.014845455883209513,0.014796640314822508,-36.56812922572748,-36.596737662870865,0.3316659713163972,80000,1500,20,40,-8.678947198979587e-15,1500,FMZuse,Current_FDC,30.0,60,1.0,0.05
True,12.124161275501304,12.178759121162745,0.05459784566144066,False,False,1074,1074,426,426,1278.0,1278.0,-0.15337367736007984,4.353121325272002,1,1,0.014845455883209513,0.014746534221598136,-36.56812922572748,-36.62620073988093,0.3780000261031091,80000,1500,20,40,-0.011138744501188642,1500,FMZuse,New_FDC,30.0,60,1.0,0.05
True,10.66071681959641,10.66071681959641,0.0,False,False,1020,1020,480,480,1440.0,1440.0,-5.785964799319725e-15,3.3883998791465846,1,1,0.012331685532536971,0.012331685532536971,-38.179551172950895,-38.179551172950895,0.002541986759752035,80000,1500,20,40,-8.678947198979587e-15,1500,FMZuse,Identity,30.0,61,1.0,0.05
True,10.66071681959641,10.660716819596415,5.329070518200751e-15,False,False,1020,1020,480,480,1440.0,1440.0,-9.643274665532871e-16,3.3883998791465886,1,1,0.012331685532536971,0.012331685532537181,-38.179551172950895,-38.17955117295075,0.33895799424499273,80000,1500,20,40,-8.678947198979587e-15,1500,FMZuse,Current_FDC,30.0,61,1.0,0.05
True,10.66071681959641,10.66071681959641,0.0,False,False,1020,1020,480,480,1440.0,1440.0,-5.785964799319725e-15,3.3883998791465846,1,1,0.012331685532536971,0.01233168553253704,-38.179551172950895,-38.179551172950845,0.38066599518060684,80000,1500,20,40,-0.011138744501188642,1500,FMZuse,New_FDC,30.0,61,1.0,0.05
True,29.4943566302841,29.4943566302841,0.0,True,True,1500,1500,0,0,0.0,0.0,-8.678947198979587e-15,0.16694474988414892,0,0,0.0,0.0,-inf,-inf,0.0026249908842146397,80000,1500,20,40,-8.678947198979587e-15,1500,FMNoiseAimedJam,Identity,0.0,42,1.0,0.05
True,29.4943566302841,29.4943566302841,0.0,True,True,1500,1500,0,0,0.0,0.0,-8.678947198979587e-15,0.16694474988414892,0,0,0.0,0.0,-inf,-inf,0.33475004602223635,80000,1500,20,40,-8.678947198979587e-15,1500,FMNoiseAimedJam,Current_FDC,0.0,42,1.0,0.05
True,29.4943566302841,29.4943566302841,0.0,True,True,1500,1500,0,0,0.0,0.0,-8.678947198979587e-15,0.16694474988414892,0,0,0.0,0.0,-inf,-inf,0.3826660104095936,80000,1500,20,40,-0.011138744501188642,1500,FMNoiseAimedJam,New_FDC,0.0,42,1.0,0.05
True,28.558596771622167,28.558596771622167,0.0,True,True,1500,1500,0,0,0.0,0.0,-9.643274665532877e-15,-0.672920047971784,0,0,0.0,0.0,-inf,-inf,0.002667016815394163,80000,1500,20,40,-8.678947198979587e-15,1500,FMNoiseAimedJam,Identity,0.0,43,1.0,0.05
True,28.558596771622167,28.558596771622167,0.0,True,True,1500,1500,0,0,0.0,0.0,-9.643274665532877e-15,-0.672920047971784,0,0,0.0,0.0,-inf,-inf,0.3352499916218221,80000,1500,20,40,-8.678947198979587e-15,1500,FMNoiseAimedJam,Current_FDC,0.0,43,1.0,0.05
True,28.558596771622167,28.558596771622167,0.0,True,True,1500,1500,0,0,0.0,0.0,-9.643274665532877e-15,-0.672920047971784,0,0,0.0,0.0,-inf,-inf,0.3799159894697368,80000,1500,20,40,-0.011138744501188642,1500,FMNoiseAimedJam,New_FDC,0.0,43,1.0,0.05
True,29.53855700042352,29.53855700042352,0.0,True,True,1500,1500,0,0,0.0,0.0,-8.678947198979587e-15,0.09127032878242569,0,0,0.0,0.0,-inf,-inf,0.0026249908842146397,80000,1500,20,40,-8.678947198979587e-15,1500,FMNoiseAimedJam,Identity,0.0,44,1.0,0.05
True,29.53855700042352,29.51927814007599,-0.019278860347530014,True,True,1500,1500,0,0,0.0,0.0,-0.24604495608992374,-0.15477462730748925,0,0,0.0,0.0,-inf,-inf,0.3323329729028046,80000,1500,20,40,-8.678947198979587e-15,1500,FMNoiseAimedJam,Current_FDC,0.0,44,1.0,0.05
True,29.53855700042352,29.53855700042352,0.0,True,True,1500,1500,0,0,0.0,0.0,-8.678947198979587e-15,0.09127032878242569,0,0,0.0,0.0,-inf,-inf,0.3831249778158963,80000,1500,20,40,-0.011138744501188642,1500,FMNoiseAimedJam,New_FDC,0.0,44,1.0,0.05
True,30.230898565397144,30.230898565397144,0.0,True,True,1500,1500,0,0,0.0,0.0,-7.7146197324263e-15,0.47469144994043744,2,2,0.020578872187843184,0.020578872187843184,-33.73156860315077,-33.73156860315077,0.0026249908842146397,80000,1500,20,40,-8.678947198979587e-15,1500,FMNoiseAimedJam,Identity,0.0,45,1.0,0.05
True,30.230898565397144,30.22968140590133,-0.0012171594958125809,True,True,1500,1500,0,0,0.0,0.0,-0.018368262150251134,0.45632318779019365,2,2,0.020578872187843184,0.020594084075816192,-33.73156860315077,-33.72515037147044,0.33341703237965703,80000,1500,20,40,-8.678947198979587e-15,1500,FMNoiseAimedJam,Current_FDC,0.0,45,1.0,0.05
True,30.230898565397144,30.230898565397144,0.0,True,True,1500,1500,0,0,0.0,0.0,-7.7146197324263e-15,0.47469144994043744,2,2,0.020578872187843184,0.020578872187843184,-33.73156860315077,-33.73156860315077,0.38191600469872355,80000,1500,20,40,-0.011138744501188642,1500,FMNoiseAimedJam,New_FDC,0.0,45,1.0,0.05
True,29.22526561647633,29.22526561647633,0.0,True,True,1500,1500,0,0,0.0,0.0,-9.643274665532877e-15,-0.4404713557518283,2,2,0.025293454320713164,0.025293454320713164,-31.939837102333467,-31.939837102333467,0.0027500209398567677,80000,1500,20,40,-8.678947198979587e-15,1500,FMNoiseAimedJam,Identity,0.0,46,1.0,0.05
True,29.22526561647633,29.225265616476328,-3.552713678800501e-15,True,True,1500,1500,0,0,0.0,0.0,-9.643274665532877e-15,-0.4404713557518283,2,2,0.025293454320713164,0.02529345432071315,-31.939837102333467,-31.93983710233347,0.34258398227393627,80000,1500,20,40,-8.678947198979587e-15,1500,FMNoiseAimedJam,Current_FDC,0.0,46,1.0,0.05
True,29.22526561647633,29.22526561647633,0.0,True,True,1500,1500,0,0,0.0,0.0,-9.643274665532877e-15,-0.4404713557518283,2,2,0.025293454320713164,0.025293454320713154,-31.939837102333467,-31.93983710233347,0.38841599598526955,80000,1500,20,40,-0.011138744501188642,1500,FMNoiseAimedJam,New_FDC,0.0,46,1.0,0.05
True,29.77950889616509,29.77950889616509,0.0,True,True,1500,1500,0,0,0.0,0.0,-8.678947198979587e-15,-0.17237433637130595,0,0,0.0,0.0,-inf,-inf,0.0025830231606960297,80000,1500,20,40,-8.678947198979587e-15,1500,FMNoiseAimedJam,Identity,0.0,47,1.0,0.05
True,29.77950889616509,29.782392455823974,0.002883559658883428,True,True,1500,1500,0,0,0.0,0.0,-0.08740204798048679,-0.2597763843517834,0,0,0.0,0.0,-inf,-inf,0.33650000113993883,80000,1500,20,40,-8.678947198979587e-15,1500,FMNoiseAimedJam,Current_FDC,0.0,47,1.0,0.05
True,29.77950889616509,29.805200474813734,0.025691578648643798,True,True,1500,1500,0,0,0.0,0.0,-0.0009951334080960433,-0.17336946977939333,0,0,0.0,0.0,-inf,-inf,0.38658297853544354,80000,1500,20,40,-0.011138744501188642,1500,FMNoiseAimedJam,New_FDC,0.0,47,1.0,0.05
True,30.13261169695516,30.13261169695516,0.0,True,True,1500,1500,0,0,0.0,0.0,-7.7146197324263e-15,0.29319524543670433,0,0,0.0,0.0,-inf,-inf,0.0026249908842146397,80000,1500,20,40,-8.678947198979587e-15,1500,FMNoiseAimedJam,Identity,0.0,48,1.0,0.05
True,30.13261169695516,30.132611696955163,3.552713678800501e-15,True,True,1500,1500,0,0,0.0,0.0,-3.857309866213149e-15,0.29319524543670805,0,0,0.0,0.0,-inf,-inf,0.3417080151848495,80000,1500,20,40,-8.678947198979587e-15,1500,FMNoiseAimedJam,Current_FDC,0.0,48,1.0,0.05
True,30.13261169695516,30.13261169695516,0.0,True,True,1500,1500,0,0,0.0,0.0,-7.7146197324263e-15,0.29319524543670433,0,0,0.0,0.0,-inf,-inf,0.38412498543038964,80000,1500,20,40,-0.011138744501188642,1500,FMNoiseAimedJam,New_FDC,0.0,48,1.0,0.05
True,30.278199003012002,30.278199003012002,0.0,True,True,1500,1500,0,0,0.0,0.0,-7.7146197324263e-15,0.37602098938798056,0,0,0.0,0.0,-inf,-inf,0.0026249908842146397,80000,1500,20,40,-8.678947198979587e-15,1500,FMNoiseAimedJam,Identity,0.0,49,1.0,0.05
True,30.278199003012002,30.278199003012,-3.552713678800501e-15,True,True,1500,1500,0,0,0.0,0.0,-7.7146197324263e-15,0.37602098938798056,0,0,0.0,0.0,-inf,-inf,0.33495796378701925,80000,1500,20,40,-8.678947198979587e-15,1500,FMNoiseAimedJam,Current_FDC,0.0,49,1.0,0.05
True,30.278199003012002,30.344086614692706,0.06588761168070434,True,True,1500,1500,0,0,0.0,0.0,0.00044558243310871846,0.37646657182109666,0,0,0.0,0.0,-inf,-inf,0.3845000173896551,80000,1500,20,40,-0.011138744501188642,1500,FMNoiseAimedJam,New_FDC,0.0,49,1.0,0.05
True,29.141754836299665,29.141754836299665,0.0,True,True,1500,1500,0,0,0.0,0.0,-8.678947198979587e-15,-0.24456502195636332,1,1,0.023573019932677217,0.023573019932677217,-32.551695531453845,-32.551695531453845,0.0025830231606960297,80000,1500,20,40,-8.678947198979587e-15,1500,FMNoiseAimedJam,Identity,0.0,50,1.0,0.05
True,29.141754836299665,29.141754836299665,0.0,True,True,1500,1500,0,0,0.0,0.0,-8.678947198979587e-15,-0.24456502195636332,1,1,0.023573019932677217,0.02357301993267725,-32.551695531453845,-32.55169553145383,0.33237499883398414,80000,1500,20,40,-8.678947198979587e-15,1500,FMNoiseAimedJam,Current_FDC,0.0,50,1.0,0.05
True,29.141754836299665,29.141754836299665,0.0,True,True,1500,1500,0,0,0.0,0.0,-8.678947198979587e-15,-0.24456502195636332,1,1,0.023573019932677217,0.02357301993267722,-32.551695531453845,-32.55169553145384,0.38066698471084237,80000,1500,20,40,-0.011138744501188642,1500,FMNoiseAimedJam,New_FDC,0.0,50,1.0,0.05
True,30.493987087523053,30.493987087523053,0.0,True,True,1500,1500,0,0,0.0,0.0,-7.7146197324263e-15,0.7174215586822696,0,0,0.0,0.0,-inf,-inf,0.0026249908842146397,80000,1500,20,40,-8.678947198979587e-15,1500,FMNoiseAimedJam,Identity,0.0,51,1.0,0.05
True,30.493987087523053,30.49398708752306,7.105427357601002e-15,True,True,1500,1500,0,0,0.0,0.0,-5.785964799319725e-15,0.7174215586822714,0,0,0.0,0.0,-inf,-inf,0.3320000250823796,80000,1500,20,40,-8.678947198979587e-15,1500,FMNoiseAimedJam,Current_FDC,0.0,51,1.0,0.05
True,30.493987087523053,30.68454179371999,0.19055470619693793,True,True,1500,1500,0,0,0.0,0.0,0.004398289835710468,0.7218198485179877,0,0,0.0,0.0,-inf,-inf,0.3822080325335264,80000,1500,20,40,-0.011138744501188642,1500,FMNoiseAimedJam,New_FDC,0.0,51,1.0,0.05
True,29.83899408094135,29.83899408094135,0.0,True,True,1500,1500,0,0,0.0,0.0,-8.678947198979587e-15,0.013368293539911695,0,0,0.0,0.0,-inf,-inf,0.0026249908842146397,80000,1500,20,40,-8.678947198979587e-15,1500,FMNoiseAimedJam,Identity,0.0,52,1.0,0.05
True,29.83899408094135,29.83899408094135,0.0,True,True,1500,1500,0,0,0.0,0.0,-7.7146197324263e-15,0.013368293539913624,0,0,0.0,0.0,-inf,-inf,0.32870896393433213,80000,1500,20,40,-8.678947198979587e-15,1500,FMNoiseAimedJam,Current_FDC,0.0,52,1.0,0.05
True,29.83899408094135,29.83899408094135,0.0,True,True,1500,1500,0,0,0.0,0.0,-8.678947198979587e-15,0.013368293539911695,0,0,0.0,0.0,-inf,-inf,0.3802080173045397,80000,1500,20,40,-0.011138744501188642,1500,FMNoiseAimedJam,New_FDC,0.0,52,1.0,0.05
True,29.547016974221325,29.547016974221325,0.0,True,True,1500,1500,0,0,0.0,0.0,-8.678947198979587e-15,0.0441378538421351,1,1,0.02782782824393329,0.02782782824393329,-31.110413716279275,-31.110413716279275,0.0026249908842146397,80000,1500,20,40,-8.678947198979587e-15,1500,FMNoiseAimedJam,Identity,0.0,53,1.0,0.05
True,29.547016974221325,29.557492880113397,0.010475905892072035,True,True,1500,1500,0,0,0.0,0.0,-0.47651848568520977,-0.43238063184306497,1,1,0.02782782824393329,0.02807404327526547,-31.110413716279275,-31.03390069944419,0.343875028192997,80000,1500,20,40,-8.678947198979587e-15,1500,FMNoiseAimedJam,Current_FDC,0.0,53,1.0,0.05
True,29.547016974221325,29.981528086169604,0.43451111194827874,True,True,1500,1500,0,0,0.0,0.0,-0.029478128171809437,0.014659725670336056,1,1,0.02782782824393329,0.026700401892506,-31.110413716279275,-31.469644032345883,0.3820839920081198,80000,1500,20,40,-0.011138744501188642,1500,FMNoiseAimedJam,New_FDC,0.0,53,1.0,0.05
True,29.263463294839234,29.263463294839234,0.0,True,True,1500,1500,0,0,0.0,0.0,-8.678947198979587e-15,0.13935677824807635,1,1,0.026309911168424047,0.026309911168424047,-31.597612364875364,-31.597612364875364,0.002541986759752035,80000,1500,20,40,-8.678947198979587e-15,1500,FMNoiseAimedJam,Identity,0.0,54,1.0,0.05
True,29.263463294839234,29.263463294839234,0.0,True,True,1500,1500,0,0,0.0,0.0,-8.678947198979587e-15,0.13935677824807635,1,1,0.026309911168424047,0.026309911168424065,-31.597612364875364,-31.59761236487536,0.3328750026412308,80000,1500,20,40,-8.678947198979587e-15,1500,FMNoiseAimedJam,Current_FDC,0.0,54,1.0,0.05
True,29.263463294839234,29.263463294839234,0.0,True,True,1500,1500,0,0,0.0,0.0,-8.678947198979587e-15,0.13935677824807635,1,1,0.026309911168424047,0.02630991116842406,-31.597612364875364,-31.59761236487536,0.38533296901732683,80000,1500,20,40,-0.011138744501188642,1500,FMNoiseAimedJam,New_FDC,0.0,54,1.0,0.05
True,30.0982162970457,30.0982162970457,0.0,True,True,1500,1500,0,0,0.0,0.0,-7.7146197324263e-15,0.32131359540777904,0,0,0.0,0.0,-inf,-inf,0.0026659690774977207,80000,1500,20,40,-8.678947198979587e-15,1500,FMNoiseAimedJam,Identity,0.0,55,1.0,0.05
True,30.0982162970457,30.07022482740151,-0.027991469644188527,True,True,1500,1500,0,0,0.0,0.0,-0.23748080918128897,0.08383278622649844,0,0,0.0,0.0,-inf,-inf,0.34087500534951687,80000,1500,20,40,-8.678947198979587e-15,1500,FMNoiseAimedJam,Current_FDC,0.0,55,1.0,0.05
True,30.0982162970457,30.0982162970457,0.0,True,True,1500,1500,0,0,0.0,0.0,-7.7146197324263e-15,0.32131359540777904,0,0,0.0,0.0,-inf,-inf,0.3886250196956098,80000,1500,20,40,-0.011138744501188642,1500,FMNoiseAimedJam,New_FDC,0.0,55,1.0,0.05
True,29.42464187248198,29.42464187248198,0.0,True,True,1500,1500,0,0,0.0,0.0,-8.678947198979587e-15,-0.16194825807875207,1,1,0.019552793543189895,0.019552793543189895,-34.175823707847506,-34.175823707847506,0.002625049091875553,80000,1500,20,40,-8.678947198979587e-15,1500,FMNoiseAimedJam,Identity,0.0,56,1.0,0.05
True,29.42464187248198,29.42464187248198,0.0,True,True,1500,1500,0,0,0.0,0.0,-8.678947198979587e-15,-0.16194825807875207,1,1,0.019552793543189895,0.0195527935431899,-34.175823707847506,-34.175823707847506,0.3469170187599957,80000,1500,20,40,-8.678947198979587e-15,1500,FMNoiseAimedJam,Current_FDC,0.0,56,1.0,0.05
True,29.42464187248198,29.42464187248198,0.0,True,True,1500,1500,0,0,0.0,0.0,-8.678947198979587e-15,-0.16194825807875207,1,1,0.019552793543189895,0.0195527935431899,-34.175823707847506,-34.175823707847506,0.37916703149676323,80000,1500,20,40,-0.011138744501188642,1500,FMNoiseAimedJam,New_FDC,0.0,56,1.0,0.05
True,29.80153817913852,29.80153817913852,0.0,True,True,1500,1500,0,0,0.0,0.0,-8.678947198979587e-15,0.027129559443407128,0,0,0.0,0.0,-inf,-inf,0.002667016815394163,80000,1500,20,40,-8.678947198979587e-15,1500,FMNoiseAimedJam,Identity,0.0,57,1.0,0.05
True,29.80153817913852,29.794449889429924,-0.0070882897085979835,True,True,1500,1500,0,0,0.0,0.0,-0.07788872371433596,-0.050759164270919234,0,0,0.0,0.0,-inf,-inf,0.3331670304760337,80000,1500,20,40,-8.678947198979587e-15,1500,FMNoiseAimedJam,Current_FDC,0.0,57,1.0,0.05
True,29.80153817913852,30.137012569654132,0.33547439051561057,True,True,1500,1500,0,0,0.0,0.0,0.02035652233988078,0.04748608178329699,0,0,0.0,0.0,-inf,-inf,0.37933397106826305,80000,1500,20,40,-0.011138744501188642,1500,FMNoiseAimedJam,New_FDC,0.0,57,1.0,0.05
True,29.969436661990137,29.969436661990137,0.0,True,True,1500,1500,0,0,0.0,0.0,-8.678947198979587e-15,0.04698942278607554,0,0,0.0,0.0,-inf,-inf,0.0026659690774977207,80000,1500,20,40,-8.678947198979587e-15,1500,FMNoiseAimedJam,Identity,0.0,58,1.0,0.05
True,29.969436661990137,29.96586653719256,-0.003570124797576568,True,True,1500,1500,0,0,0.0,0.0,-0.03832303552630338,0.00866638725977983,0,0,0.0,0.0,-inf,-inf,0.3343340358696878,80000,1500,20,40,-8.678947198979587e-15,1500,FMNoiseAimedJam,Current_FDC,0.0,58,1.0,0.05
True,29.969436661990137,29.969436661990137,0.0,True,True,1500,1500,0,0,0.0,0.0,-6.7502922658730125e-15,0.046989422786077456,0,0,0.0,0.0,-inf,-inf,0.38141600089147687,80000,1500,20,40,-0.011138744501188642,1500,FMNoiseAimedJam,New_FDC,0.0,58,1.0,0.05
True,30.064659805307397,30.064659805307397,0.0,True,True,1500,1500,0,0,0.0,0.0,-7.7146197324263e-15,0.5885447457628924,0,0,0.0,0.0,-inf,-inf,0.0026669586077332497,80000,1500,20,40,-8.678947198979587e-15,1500,FMNoiseAimedJam,Identity,0.0,59,1.0,0.05
True,30.064659805307397,30.06099684811705,-0.003662957190346816,True,True,1500,1500,0,0,0.0,0.0,-0.13262480324553144,0.4559199425173692,0,0,0.0,0.0,-inf,-inf,0.33141596941277385,80000,1500,20,40,-8.678947198979587e-15,1500,FMNoiseAimedJam,Current_FDC,0.0,59,1.0,0.05
True,30.064659805307397,30.070714237148437,0.006054431841040042,True,True,1500,1500,0,0,0.0,0.0,-0.00036687030806958936,0.58817787545483,0,0,0.0,0.0,-inf,-inf,0.37887500366196036,80000,1500,20,40,-0.011138744501188642,1500,FMNoiseAimedJam,New_FDC,0.0,59,1.0,0.05
True,30.222117448699453,30.222117448699453,0.0,True,True,1500,1500,0,0,0.0,0.0,-8.678947198979587e-15,0.19385528716605496,1,1,0.02187454585024533,0.02187454585024533,-33.20121909688313,-33.20121909688313,0.0026249908842146397,80000,1500,20,40,-8.678947198979587e-15,1500,FMNoiseAimedJam,Identity,0.0,60,1.0,0.05
True,30.222117448699453,30.21830187274751,-0.003815575951943373,True,True,1500,1500,0,0,0.0,0.0,-0.10200029193321415,0.09185499523284893,1,1,0.02187454585024533,0.02191569369491869,-33.20121909688313,-33.184895562388654,0.33125001937150955,80000,1500,20,40,-8.678947198979587e-15,1500,FMNoiseAimedJam,Current_FDC,0.0,60,1.0,0.05
True,30.222117448699453,30.222117448699453,0.0,True,True,1500,1500,0,0,0.0,0.0,-8.678947198979587e-15,0.19385528716605496,1,1,0.02187454585024533,0.02187454585024533,-33.20121909688313,-33.20121909688313,0.3789999755099416,80000,1500,20,40,-0.011138744501188642,1500,FMNoiseAimedJam,New_FDC,0.0,60,1.0,0.05
True,29.04474312254883,29.04474312254883,0.0,True,True,1500,1500,0,0,0.0,0.0,-8.678947198979587e-15,-0.15136332332743085,1,1,0.013092095103359415,0.013092095103359415,-37.659816971169775,-37.659816971169775,0.002667016815394163,80000,1500,20,40,-8.678947198979587e-15,1500,FMNoiseAimedJam,Identity,0.0,61,1.0,0.05
True,29.04474312254883,29.04474312254883,0.0,True,True,1500,1500,0,0,0.0,0.0,-8.678947198979587e-15,-0.15136332332743085,1,1,0.013092095103359415,0.013092095103359416,-37.659816971169775,-37.659816971169775,0.33120799344033003,80000,1500,20,40,-8.678947198979587e-15,1500,FMNoiseAimedJam,Current_FDC,0.0,61,1.0,0.05
True,29.04474312254883,29.04474312254883,0.0,True,True,1500,1500,0,0,0.0,0.0,-8.678947198979587e-15,-0.15136332332743085,1,1,0.013092095103359415,0.01309209510335941,-37.659816971169775,-37.65981697116978,0.3815829986706376,80000,1500,20,40,-0.011138744501188642,1500,FMNoiseAimedJam,New_FDC,0.0,61,1.0,0.05
True,20.789272410646106,20.789272410646106,0.0,True,True,1499,1499,1,1,3.0,3.0,-7.7146197324263e-15,0.5863663706758773,0,0,0.0,0.0,-inf,-inf,0.0026249908842146397,80000,1500,20,40,-8.678947198979587e-15,1500,FMNoiseAimedJam,Identity,10.0,42,1.0,0.05
True,20.789272410646106,20.789272410646106,0.0,True,True,1499,1499,1,1,3.0,3.0,-5.785964799319725e-15,0.586366370675879,0,0,0.0,0.0,-inf,-inf,0.3349999897181988,80000,1500,20,40,-8.678947198979587e-15,1500,FMNoiseAimedJam,Current_FDC,10.0,42,1.0,0.05
True,20.789272410646106,20.789272410646106,0.0,True,True,1499,1499,1,1,3.0,3.0,-5.785964799319725e-15,0.5863663706758773,0,0,0.0,0.0,-inf,-inf,0.3773330245167017,80000,1500,20,40,-0.011138744501188642,1500,FMNoiseAimedJam,New_FDC,10.0,42,1.0,0.05
True,18.099041730202163,18.099041730202163,0.0,False,False,1501,1501,1,1,3.0,3.0,-1.1571929598639454e-14,-2.020635919847733,0,0,0.0,0.0,-inf,-inf,0.002667016815394163,80000,1500,20,40,-8.678947198979587e-15,1500,FMNoiseAimedJam,Identity,10.0,43,1.0,0.05
True,18.099041730202163,18.099041730202163,0.0,False,False,1501,1501,1,1,3.0,3.0,-9.643274665532877e-15,-2.020635919847733,0,0,0.0,0.0,-inf,-inf,0.3352910280227661,80000,1500,20,40,-8.678947198979587e-15,1500,FMNoiseAimedJam,Current_FDC,10.0,43,1.0,0.05
True,18.099041730202163,18.099041730202163,0.0,False,False,1501,1501,1,1,3.0,3.0,-1.2536257065192741e-14,-2.020635919847733,0,0,0.0,0.0,-inf,-inf,0.3850419889204204,80000,1500,20,40,-0.011138744501188642,1500,FMNoiseAimedJam,New_FDC,10.0,43,1.0,0.05
True,20.56547530807782,20.56547530807782,0.0,True,True,1501,1501,1,1,3.0,3.0,-7.7146197324263e-15,0.3052266162169329,0,0,0.0,0.0,-inf,-inf,0.0025420449674129486,80000,1500,20,40,-8.678947198979587e-15,1500,FMNoiseAimedJam,Identity,10.0,44,1.0,0.05
True,20.56547530807782,20.518498707504893,-0.04697660057292552,True,True,1501,1501,1,1,3.0,3.0,-0.26303919892265887,0.036788037958115784,0,0,0.0,0.0,-inf,-inf,0.33616600558161736,80000,1500,20,40,-8.678947198979587e-15,1500,FMNoiseAimedJam,Current_FDC,10.0,44,1.0,0.05
True,20.56547530807782,20.613774323772457,0.04829901569463857,True,True,1501,1501,1,1,3.0,3.0,-0.00778451998923691,0.29498733152870227,0,0,0.0,0.0,-inf,-inf,0.38537499494850636,80000,1500,20,40,-0.011138744501188642,1500,FMNoiseAimedJam,New_FDC,10.0,44,1.0,0.05
True,22.0349801428046,22.0349801428046,0.0,False,False,1499,1499,1,1,3.0,3.0,-6.7502922658730125e-15,1.314775991776729,2,2,0.01840903460096696,0.01840903460096696,-34.69937971983412,-34.69937971983412,0.0026249908842146397,80000,1500,20,40,-8.678947198979587e-15,1500,FMNoiseAimedJam,Identity,10.0,45,1.0,0.05
True,22.0349801428046,22.03152144985215,-0.0034586929524493826,False,False,1499,1499,1,1,3.0,3.0,-0.06540509250986694,1.2491078897647925,2,2,0.01840903460096696,0.018421484647577594,-34.69937971983412,-34.69350743037559,0.33616600558161736,80000,1500,20,40,-8.678947198979587e-15,1500,FMNoiseAimedJam,Current_FDC,10.0,45,1.0,0.05
True,22.0349801428046,22.0349801428046,0.0,False,False,1499,1499,1,1,3.0,3.0,-6.7502922658730125e-15,1.3147759917767274,2,2,0.01840903460096696,0.018409034600966982,-34.69937971983412,-34.69937971983411,0.38837501779198647,80000,1500,20,40,-0.011138744501188642,1500,FMNoiseAimedJam,New_FDC,10.0,45,1.0,0.05
True,18.895835155170964,18.895835155170964,0.0,True,True,1500,1500,0,0,0.0,0.0,-1.0607602132086164e-14,-1.5818043413280543,2,2,0.028845282335815875,0.028845282335815875,-30.798504116757243,-30.798504116757243,0.0026249908842146397,80000,1500,20,40,-8.678947198979587e-15,1500,FMNoiseAimedJam,Identity,10.0,46,1.0,0.05
True,18.895835155170964,18.89772345024842,0.001888295077456803,True,True,1500,1500,0,0,0.0,0.0,-0.014613246137525522,-1.5964175874655697,2,2,0.028845282335815875,0.02883609712985551,-30.798504116757243,-30.801270405867804,0.33708399860188365,80000,1500,20,40,-8.678947198979587e-15,1500,FMNoiseAimedJam,Current_FDC,10.0,46,1.0,0.05
True,18.895835155170964,19.09706495636858,0.20122980119761635,True,True,1500,1500,0,0,0.0,0.0,0.014595096329089766,-1.5672092449989539,2,2,0.028845282335815875,0.02812666305405291,-30.798504116757243,-31.017635789099366,0.38241699803620577,80000,1500,20,40,-0.011138744501188642,1500,FMNoiseAimedJam,New_FDC,10.0,46,1.0,0.05
True,20.45987795741613,20.45987795741613,0.0,False,False,1501,1501,1,1,3.0,3.0,-9.643274665532877e-15,-0.4117934541523123,0,0,0.0,0.0,-inf,-inf,0.0026249908842146397,80000,1500,20,40,-8.678947198979587e-15,1500,FMNoiseAimedJam,Identity,10.0,47,1.0,0.05
True,20.45987795741613,20.44807552317547,-0.01180243424066063,False,False,1501,1501,1,1,3.0,3.0,-0.3338515883478513,-0.7467025455441357,0,0,0.0,0.0,-inf,-inf,0.3323329729028046,80000,1500,20,40,-8.678947198979587e-15,1500,FMNoiseAimedJam,Current_FDC,10.0,47,1.0,0.05
True,20.45987795741613,20.879237023018064,0.4193590656019346,False,True,1501,1501,1,1,3.0,3.0,-0.038556786618451966,-0.45790204933728407,0,0,0.0,0.0,-inf,-inf,0.3797910176217556,80000,1500,20,40,-0.011138744501188642,1500,FMNoiseAimedJam,New_FDC,10.0,47,1.0,0.05
True,21.75793532736393,21.75793532736393,0.0,True,True,1500,1500,0,0,0.0,0.0,-6.7502922658730125e-15,1.0290334240759293,0,0,0.0,0.0,-inf,-inf,0.0026249908842146397,80000,1500,20,40,-8.678947198979587e-15,1500,FMNoiseAimedJam,Identity,10.0,48,1.0,0.05
True,21.75793532736393,21.754707949912717,-0.003227377451214153,True,True,1500,1500,0,0,0.0,0.0,-0.08718439584014473,0.9418490282357906,0,0,0.0,0.0,-inf,-inf,0.33254100708290935,80000,1500,20,40,-8.678947198979587e-15,1500,FMNoiseAimedJam,Current_FDC,10.0,48,1.0,0.05
True,21.75793532736393,21.757935327363928,-3.552713678800501e-15,True,True,1500,1500,0,0,0.0,0.0,-6.7502922658730125e-15,1.0290334240759293,0,0,0.0,0.0,-inf,-inf,0.3821249702014029,80000,1500,20,40,-0.011138744501188642,1500,FMNoiseAimedJam,New_FDC,10.0,48,1.0,0.05
True,22.4686159867153,22.4686159867153,0.0,True,True,1499,1499,1,1,3.0,3.0,-6.7502922658730125e-15,1.4448505456135055,0,0,0.0,0.0,-inf,-inf,0.0026249908842146397,80000,1500,20,40,-8.678947198979587e-15,1500,FMNoiseAimedJam,Identity,10.0,49,1.0,0.05
True,22.4686159867153,22.470235574429903,0.0016195877146039095,True,True,1499,1499,1,1,3.0,3.0,-0.013664584531449649,1.4313652852872973,0,0,0.0,0.0,-inf,-inf,0.33779197838157415,80000,1500,20,40,-8.678947198979587e-15,1500,FMNoiseAimedJam,Current_FDC,10.0,49,1.0,0.05
True,22.4686159867153,22.690344008151886,0.22172802143658643,True,True,1499,1499,1,1,3.0,3.0,0.008467091247000576,1.4559651273097651,0,0,0.0,0.0,-inf,-inf,0.3783749998547137,80000,1500,20,40,-0.011138744501188642,1500,FMNoiseAimedJam,New_FDC,10.0,49,1.0,0.05
True,19.6164980610174,19.6164980610174,0.0,True,True,1499,1499,1,1,3.0,3.0,-9.643274665532877e-15,-0.6226568690660902,0,0,0.0,0.0,-inf,-inf,0.002667016815394163,80000,1500,20,40,-8.678947198979587e-15,1500,FMNoiseAimedJam,Identity,10.0,50,1.0,0.05
True,19.6164980610174,19.6164980610174,0.0,True,True,1499,1499,1,1,3.0,3.0,-9.643274665532877e-15,-0.6226568690660892,0,0,0.0,0.0,-inf,-inf,0.3488339716568589,80000,1500,20,40,-8.678947198979587e-15,1500,FMNoiseAimedJam,Current_FDC,10.0,50,1.0,0.05
True,19.6164980610174,19.6164980610174,0.0,True,True,1499,1499,1,1,3.0,3.0,-9.643274665532877e-15,-0.6226568690660902,0,0,0.0,0.0,-inf,-inf,0.38004195084795356,80000,1500,20,40,-0.011138744501188642,1500,FMNoiseAimedJam,New_FDC,10.0,50,1.0,0.05
True,22.984846410783277,22.984846410783277,0.0,True,True,1500,1500,0,0,0.0,0.0,-5.785964799319725e-15,2.275060846401516,0,0,0.0,0.0,-inf,-inf,0.0026249908842146397,80000,1500,20,40,-8.678947198979587e-15,1500,FMNoiseAimedJam,Identity,10.0,51,1.0,0.05
True,22.984846410783277,22.993299816880175,0.008453406096897709,True,True,1500,1500,0,0,0.0,0.0,-0.04275425249736339,2.232306593904158,0,0,0.0,0.0,-inf,-inf,0.3320000250823796,80000,1500,20,40,-8.678947198979587e-15,1500,FMNoiseAimedJam,Current_FDC,10.0,51,1.0,0.05
True,22.984846410783277,23.511982114117053,0.5271357033337765,True,True,1500,1500,0,0,0.0,0.0,0.029373986490129796,2.3044348328916526,0,0,0.0,0.0,-inf,-inf,0.38141600089147687,80000,1500,20,40,-0.011138744501188642,1500,FMNoiseAimedJam,New_FDC,10.0,51,1.0,0.05
True,20.716308939206062,20.716308939206062,0.0,True,True,1500,1500,0,0,0.0,0.0,-8.678947198979587e-15,0.05923116664266122,0,0,0.0,0.0,-inf,-inf,0.002541986759752035,80000,1500,20,40,-8.678947198979587e-15,1500,FMNoiseAimedJam,Identity,10.0,52,1.0,0.05
True,20.716308939206062,20.71630893920606,-3.552713678800501e-15,True,True,1500,1500,0,0,0.0,0.0,-8.678947198979587e-15,0.05923116664266122,0,0,0.0,0.0,-inf,-inf,0.33183296909555793,80000,1500,20,40,-8.678947198979587e-15,1500,FMNoiseAimedJam,Current_FDC,10.0,52,1.0,0.05
True,20.716308939206062,20.716308939206062,0.0,True,True,1500,1500,0,0,0.0,0.0,-8.678947198979587e-15,0.05923116664266122,0,0,0.0,0.0,-inf,-inf,0.38016599137336016,80000,1500,20,40,-0.011138744501188642,1500,FMNoiseAimedJam,New_FDC,10.0,52,1.0,0.05
True,20.7037350887365,20.7037350887365,0.0,True,True,1500,1500,0,0,0.0,0.0,-7.7146197324263e-15,0.2726866325166522,1,1,0.027105153759805305,0.027105153759805305,-31.33896249495379,-31.33896249495379,0.0027080532163381577,80000,1500,20,40,-8.678947198979587e-15,1500,FMNoiseAimedJam,Identity,10.0,53,1.0,0.05
True,20.7037350887365,20.65183647820648,-0.05189861053002076,True,True,1500,1500,0,0,0.0,0.0,-0.675627240124083,-0.40294060760742256,1,1,0.027105153759805305,0.027930363059141518,-31.33896249495379,-31.078468379745043,0.3290419699624181,80000,1500,20,40,-8.678947198979587e-15,1500,FMNoiseAimedJam,Current_FDC,10.0,53,1.0,0.05
True,20.7037350887365,21.38040574092654,0.6766706521900403,True,True,1500,1500,0,0,0.0,0.0,-0.13399139208889674,0.13869524042776357,1,1,0.027105153759805305,0.025565130439667898,-31.33896249495379,-31.847039741061835,0.38008298724889755,80000,1500,20,40,-0.011138744501188642,1500,FMNoiseAimedJam,New_FDC,10.0,53,1.0,0.05
True,20.582822282761374,20.582822282761374,0.0,True,True,1499,1499,1,1,3.0,3.0,-7.7146197324263e-15,0.5476773562415695,0,0,0.0,0.0,-inf,-inf,0.0026249908842146397,80000,1500,20,40,-8.678947198979587e-15,1500,FMNoiseAimedJam,Identity,10.0,54,1.0,0.05
True,20.582822282761374,20.582822282761377,3.552713678800501e-15,True,True,1499,1499,1,1,3.0,3.0,-3.857309866213149e-15,0.5476773562415713,0,0,0.0,0.0,-inf,-inf,0.3334999782964587,80000,1500,20,40,-8.678947198979587e-15,1500,FMNoiseAimedJam,Current_FDC,10.0,54,1.0,0.05
True,20.582822282761374,20.582822282761374,0.0,True,True,1499,1499,1,1,3.0,3.0,-5.785964799319725e-15,0.5476773562415695,0,0,0.0,0.0,-inf,-inf,0.3816249663941562,80000,1500,20,40,-0.011138744501188642,1500,FMNoiseAimedJam,New_FDC,10.0,54,1.0,0.05
True,21.958546224373965,21.958546224373965,0.0,True,True,1499,1499,1,1,3.0,3.0,-6.7502922658730125e-15,1.2110322380929301,0,0,0.0,0.0,-inf,-inf,0.0026249908842146397,80000,1500,20,40,-8.678947198979587e-15,1500,FMNoiseAimedJam,Identity,10.0,55,1.0,0.05
True,21.958546224373965,21.950516852012335,-0.008029372361630038,True,True,1499,1499,1,1,3.0,3.0,-0.03667725477624389,1.1739881462728696,0,0,0.0,0.0,-inf,-inf,0.3295420319773257,80000,1500,20,40,-8.678947198979587e-15,1500,FMNoiseAimedJam,Current_FDC,10.0,55,1.0,0.05
True,21.958546224373965,21.958546224373965,0.0,True,True,1499,1499,1,1,3.0,3.0,-6.7502922658730125e-15,1.2110322380929301,0,0,0.0,0.0,-inf,-inf,0.37999998312443495,80000,1500,20,40,-0.011138744501188642,1500,FMNoiseAimedJam,New_FDC,10.0,55,1.0,0.05
True,19.944501203253584,19.944501203253584,0.0,True,True,1499,1499,1,1,3.0,3.0,-8.678947198979587e-15,-0.4191945755242224,1,1,0.019675989078205815,0.019675989078205815,-34.12126854363679,-34.12126854363679,0.0026249908842146397,80000,1500,20,40,-8.678947198979587e-15,1500,FMNoiseAimedJam,Identity,10.0,56,1.0,0.05
True,19.944501203253584,19.94728968293923,0.0027884796856447736,True,True,1499,1499,1,1,3.0,3.0,-0.07443003796860392,-0.49205449946896956,1,1,0.019675989078205815,0.01961490287024561,-34.12126854363679,-34.14827676167111,0.3385419840924442,80000,1500,20,40,-8.678947198979587e-15,1500,FMNoiseAimedJam,Current_FDC,10.0,56,1.0,0.05
True,19.944501203253584,20.18440690471872,0.2399057014651369,True,True,1499,1499,1,1,3.0,3.0,0.008950646563488355,-0.40516739550211134,1,1,0.019675989078205815,0.019035029626050023,-34.12126854363679,-34.40892885829511,0.3803330473601818,80000,1500,20,40,-0.011138744501188642,1500,FMNoiseAimedJam,New_FDC,10.0,56,1.0,0.05
True,20.44346026820363,20.44346026820363,0.0,True,True,1499,1499,1,1,3.0,3.0,-8.678947198979587e-15,-0.001883398871003304,0,0,0.0,0.0,-inf,-inf,0.0027500209398567677,80000,1500,20,40,-8.678947198979587e-15,1500,FMNoiseAimedJam,Identity,10.0,57,1.0,0.05
True,20.44346026820363,20.45758425670465,0.014123988501019369,True,True,1499,1499,1,1,3.0,3.0,-0.09838437550117755,-0.10586999306208948,0,0,0.0,0.0,-inf,-inf,0.38124999264255166,80000,1500,20,40,-8.678947198979587e-15,1500,FMNoiseAimedJam,Current_FDC,10.0,57,1.0,0.05
True,20.44346026820363,21.06340840935841,0.6199481411547794,True,True,1499,1499,1,1,3.0,3.0,0.08550775173934315,0.08203012091960357,0,0,0.0,0.0,-inf,-inf,0.41795801371335983,80000,1500,20,40,-0.011138744501188642,1500,FMNoiseAimedJam,New_FDC,10.0,57,1.0,0.05
True,20.594788646030903,20.594788646030903,0.0,True,True,1500,1500,0,0,0.0,0.0,-8.678947198979587e-15,0.03255333918954145,0,0,0.0,0.0,-inf,-inf,0.0026659690774977207,80000,1500,20,40,-8.678947198979587e-15,1500,FMNoiseAimedJam,Identity,10.0,58,1.0,0.05
True,20.594788646030903,20.594788646030906,3.552713678800501e-15,True,True,1500,1500,0,0,0.0,0.0,-5.785964799319725e-15,0.0325533391895453,0,0,0.0,0.0,-inf,-inf,0.35099999513477087,80000,1500,20,40,-8.678947198979587e-15,1500,FMNoiseAimedJam,Current_FDC,10.0,58,1.0,0.05
True,20.594788646030903,20.60773711999525,0.012948473964346618,True,True,1500,1500,0,0,0.0,0.0,0.0020591038532767085,0.034612443042828005,0,0,0.0,0.0,-inf,-inf,0.3946659853681922,80000,1500,20,40,-0.011138744501188642,1500,FMNoiseAimedJam,New_FDC,10.0,58,1.0,0.05
True,21.815147075795704,21.815147075795704,0.0,True,True,1500,1500,0,0,0.0,0.0,-6.7502922658730125e-15,1.6366336086838427,0,0,0.0,0.0,-inf,-inf,0.0026249908842146397,80000,1500,20,40,-8.678947198979587e-15,1500,FMNoiseAimedJam,Identity,10.0,59,1.0,0.05
True,21.815147075795704,21.7939122192261,-0.021234856569602556,True,True,1500,1500,0,0,0.0,0.0,-0.2594921425308592,1.3771414661529886,0,0,0.0,0.0,-inf,-inf,0.35275000846013427,80000,1500,20,40,-8.678947198979587e-15,1500,FMNoiseAimedJam,Current_FDC,10.0,59,1.0,0.05
True,21.815147075795704,21.94973272424,0.13458564844429688,True,True,1500,1500,0,0,0.0,0.0,-0.020939112446001475,1.615694496237847,0,0,0.0,0.0,-inf,-inf,0.3819169942289591,80000,1500,20,40,-0.011138744501188642,1500,FMNoiseAimedJam,New_FDC,10.0,59,1.0,0.05
True,21.478640234792596,21.478640234792596,0.0,True,True,1499,1499,1,1,3.0,3.0,-6.7502922658730125e-15,0.5748435049694232,1,1,0.020411794705383905,0.020411794705383905,-33.802376165964546,-33.802376165964546,0.0026249908842146397,80000,1500,20,40,-8.678947198979587e-15,1500,FMNoiseAimedJam,Identity,10.0,60,1.0,0.05
True,21.478640234792596,21.46323369113336,-0.015406543659235439,True,True,1499,1499,1,1,3.0,3.0,-0.07747049937862054,0.49695762073367317,1,1,0.020411794705383905,0.02047000370192369,-33.802376165964546,-33.77764157593906,0.3333330387249589,80000,1500,20,40,-8.678947198979587e-15,1500,FMNoiseAimedJam,Current_FDC,10.0,60,1.0,0.05
True,21.478640234792596,21.478640234792596,0.0,True,True,1499,1499,1,1,3.0,3.0,-6.7502922658730125e-15,0.5748435049694232,1,1,0.020411794705383905,0.020411794705383887,-33.802376165964546,-33.80237616596455,0.3868339699693024,80000,1500,20,40,-0.011138744501188642,1500,FMNoiseAimedJam,New_FDC,10.0,60,1.0,0.05
True,19.48531973472226,19.48531973472226,0.0,True,True,1501,1501,1,1,3.0,3.0,-9.643274665532877e-15,-0.4492473553507593,1,1,0.013441872688934571,0.013441872688934571,-37.43080444437216,-37.43080444437216,0.0026659690774977207,80000,1500,20,40,-8.678947198979587e-15,1500,FMNoiseAimedJam,Identity,10.0,61,1.0,0.05
True,19.48531973472226,19.48531973472226,0.0,True,True,1501,1501,1,1,3.0,3.0,-8.678947198979587e-15,-0.4492473553507563,1,1,0.013441872688934571,0.013441872688934582,-37.43080444437216,-37.43080444437214,0.33720798091962934,80000,1500,20,40,-8.678947198979587e-15,1500,FMNoiseAimedJam,Current_FDC,10.0,61,1.0,0.05
True,19.48531973472226,19.48531973472226,0.0,True,True,1501,1501,1,1,3.0,3.0,-9.643274665532877e-15,-0.4492473553507593,1,1,0.013441872688934571,0.013441872688934566,-37.43080444437216,-37.43080444437216,0.38970797322690487,80000,1500,20,40,-0.011138744501188642,1500,FMNoiseAimedJam,New_FDC,10.0,61,1.0,0.05
True,12.52509913880284,12.52509913880284,0.0,False,False,1056,1056,444,444,1332.0,1332.0,-5.785964799319725e-15,1.7938018527256303,0,0,0.0,0.0,-inf,-inf,0.0026249908842146397,80000,1500,20,40,-8.678947198979587e-15,1500,FMNoiseAimedJam,Identity,20.0,42,1.0,0.05
True,12.52509913880284,12.525099138802842,1.7763568394002505e-15,False,False,1056,1056,444,444,1332.0,1332.0,-2.892982399659862e-15,1.7938018527256319,0,0,0.0,0.0,-inf,-inf,0.33433304633945227,80000,1500,20,40,-8.678947198979587e-15,1500,FMNoiseAimedJam,Current_FDC,20.0,42,1.0,0.05
True,12.52509913880284,12.52509913880284,0.0,False,False,1056,1056,444,444,1332.0,1332.0,-5.785964799319725e-15,1.7938018527256303,0,0,0.0,0.0,-inf,-inf,0.3827080363407731,80000,1500,20,40,-0.011138744501188642,1500,FMNoiseAimedJam,New_FDC,20.0,42,1.0,0.05
True,10.430953557416306,10.430953557416306,0.0,False,False,996,996,504,504,1512.0,1512.0,-7.7146197324263e-15,-3.1706543305870394,0,0,0.0,0.0,-inf,-inf,0.002749962732195854,80000,1500,20,40,-8.678947198979587e-15,1500,FMNoiseAimedJam,Identity,20.0,43,1.0,0.05
True,10.430953557416306,10.430953557416306,0.0,False,False,996,996,504,504,1512.0,1512.0,-7.7146197324263e-15,-3.170654330587035,0,0,0.0,0.0,-inf,-inf,0.3380000125616789,80000,1500,20,40,-8.678947198979587e-15,1500,FMNoiseAimedJam,Current_FDC,20.0,43,1.0,0.05
True,10.430953557416306,10.430953557416306,0.0,False,False,996,996,504,504,1512.0,1512.0,-7.7146197324263e-15,-3.1706543305870367,0,0,0.0,0.0,-inf,-inf,0.38458401104435325,80000,1500,20,40,-0.011138744501188642,1500,FMNoiseAimedJam,New_FDC,20.0,43,1.0,0.05
True,11.823062185309665,11.823062185309665,0.0,True,True,1188,1188,312,312,936.0,936.0,-6.7502922658730125e-15,1.1961597760640679,0,0,0.0,0.0,-inf,-inf,0.002582964953035116,80000,1500,20,40,-8.678947198979587e-15,1500,FMNoiseAimedJam,Identity,20.0,44,1.0,0.05
True,11.823062185309665,11.792580076903052,-0.030482108406612696,True,True,1188,1188,312,312,936.0,936.0,-0.09987601188428352,1.0905057369068574,0,0,0.0,0.0,-inf,-inf,0.33479195553809404,80000,1500,20,40,-8.678947198979587e-15,1500,FMNoiseAimedJam,Current_FDC,20.0,44,1.0,0.05
True,11.823062185309665,11.823062185309665,0.0,True,True,1188,1188,312,312,936.0,936.0,-6.7502922658730125e-15,1.1961597760640679,0,0,0.0,0.0,-inf,-inf,0.38491602754220366,80000,1500,20,40,-0.011138744501188642,1500,FMNoiseAimedJam,New_FDC,20.0,44,1.0,0.05
True,14.94549755085208,14.94549755085208,0.0,False,False,1498,1498,2,2,6.0,6.0,-4.821637332766436e-15,3.734118758684108,2,2,0.01334050294867772,0.01334050294867772,-37.49655593654846,-37.49655593654846,0.0026249908842146397,80000,1500,20,40,-8.678947198979587e-15,1500,FMNoiseAimedJam,Identity,20.0,45,1.0,0.05
True,14.94549755085208,14.943102498321622,-0.0023950525304581305,False,False,1498,1498,2,2,6.0,6.0,-0.04565343819095707,3.6886599784187095,2,2,0.01334050294867772,0.01333483230163265,-37.49655593654846,-37.50024883222829,0.3338750102557242,80000,1500,20,40,-8.678947198979587e-15,1500,FMNoiseAimedJam,Current_FDC,20.0,45,1.0,0.05
True,14.94549755085208,14.989207268785602,0.043709717933522185,False,False,1498,1498,2,2,6.0,6.0,-0.0013207997312972139,3.731681666947289,2,2,0.01334050294867772,0.013253251815836985,-37.49655593654846,-37.55355100449697,0.38720801239833236,80000,1500,20,40,-0.011138744501188642,1500,FMNoiseAimedJam,New_FDC,20.0,45,1.0,0.05
True,7.054975401431797,7.054975401431797,0.0,False,False,1053,1053,447,447,1341.0,1341.0,-1.350058453174603e-14,-6.277491248228491,2,2,0.03597921358500381,0.03597921358500381,-28.87896666940682,-28.87896666940682,0.002540997229516506,80000,1500,20,40,-8.678947198979587e-15,1500,FMNoiseAimedJam,Identity,20.0,46,1.0,0.05
True,7.054975401431797,7.05395567307037,-0.0010197283614266084,False,False,1053,1053,447,447,1341.0,1341.0,-0.10966306298509482,-6.330261624621045,2,2,0.03597921358500381,0.035938197806513084,-28.87896666940682,-28.888874105092356,0.3361250273883343,80000,1500,20,40,-8.678947198979587e-15,1500,FMNoiseAimedJam,Current_FDC,20.0,46,1.0,0.05
True,7.054975401431797,7.055327666575359,0.0003522651435616808,False,False,1053,1053,447,447,1341.0,1341.0,-0.03790811689572632,-6.297609243795113,2,2,0.03597921358500381,0.0359778401651194,-28.87896666940682,-28.879298238667168,0.387999985832721,80000,1500,20,40,-0.011138744501188642,1500,FMNoiseAimedJam,New_FDC,20.0,46,1.0,0.05
True,11.03998149681649,11.03998149681649,0.0,False,False,1637,1637,137,137,411.0,411.0,-8.678947198979587e-15,-1.119356510918203,0,0,0.0,0.0,-inf,-inf,0.002707995008677244,80000,1500,20,40,-8.678947198979587e-15,1500,FMNoiseAimedJam,Identity,20.0,47,1.0,0.05
True,11.03998149681649,11.009582821221784,-0.030398675594705438,False,False,1637,1637,137,137,411.0,411.0,-0.34700211328730124,-1.5266841689897912,0,0,0.0,0.0,-inf,-inf,0.34733302891254425,80000,1500,20,40,-8.678947198979587e-15,1500,FMNoiseAimedJam,Current_FDC,20.0,47,1.0,0.05
True,11.03998149681649,10.911386130062137,-0.12859536675435201,False,False,1637,1637,137,137,411.0,411.0,-0.8035996809494049,-2.059395441801015,0,0,0.0,0.0,-inf,-inf,0.4022089997306466,80000,1500,20,40,-0.011138744501188642,1500,FMNoiseAimedJam,New_FDC,20.0,47,1.0,0.05
True,13.967221475486522,13.967221475486522,0.0,False,False,1500,1500,0,0,0.0,0.0,-5.785964799319725e-15,3.110957500691696,0,0,0.0,0.0,-inf,-inf,0.0026249908842146397,80000,1500,20,40,-8.678947198979587e-15,1500,FMNoiseAimedJam,Identity,20.0,48,1.0,0.05
True,13.967221475486522,13.955251593877591,-0.011969881608930422,False,False,1500,1500,0,0,0.0,0.0,-0.07766669805464965,3.0332908026370515,0,0,0.0,0.0,-inf,-inf,0.3405000315979123,80000,1500,20,40,-8.678947198979587e-15,1500,FMNoiseAimedJam,Current_FDC,20.0,48,1.0,0.05
True,13.967221475486522,13.983417919321226,0.016196443834704866,False,False,1500,1500,0,0,0.0,0.0,-0.005397452916241892,3.1055600477754592,0,0,0.0,0.0,-inf,-inf,0.3837089752778411,80000,1500,20,40,-0.011138744501188642,1500,FMNoiseAimedJam,New_FDC,20.0,48,1.0,0.05
True,16.199167706148806,16.199167706148806,0.0,False,False,1498,1498,2,2,6.0,6.0,-3.857309866213149e-15,4.707289290102516,0,0,0.0,0.0,-inf,-inf,0.0025840126909315586,80000,1500,20,40,-8.678947198979587e-15,1500,FMNoiseAimedJam,Identity,20.0,49,1.0,0.05
True,16.199167706148806,16.20980107058019,0.010633364431384962,False,False,1498,1498,2,2,6.0,6.0,-0.06306606266236675,4.645111513773982,0,0,0.0,0.0,-inf,-inf,0.3352499916218221,80000,1500,20,40,-8.678947198979587e-15,1500,FMNoiseAimedJam,Current_FDC,20.0,49,1.0,0.05
True,16.199167706148806,16.456024734819547,0.25685702867074056,False,False,1498,1498,2,2,6.0,6.0,0.022212966861327343,4.725139480916344,0,0,0.0,0.0,-inf,-inf,0.38362503983080387,80000,1500,20,40,-0.011138744501188642,1500,FMNoiseAimedJam,New_FDC,20.0,49,1.0,0.05
True,10.97873643252332,10.97873643252332,0.0,False,False,1140,1140,360,360,1080.0,1080.0,-6.7502922658730125e-15,-1.2461206942339806,0,0,0.0,0.0,-inf,-inf,0.0025830231606960297,80000,1500,20,40,-8.678947198979587e-15,1500,FMNoiseAimedJam,Identity,20.0,50,1.0,0.05
True,10.97873643252332,10.97873643252332,0.0,False,False,1140,1140,360,360,1080.0,1080.0,-5.785964799319725e-15,-1.2461206942339818,0,0,0.0,0.0,-inf,-inf,0.3381660208106041,80000,1500,20,40,-8.678947198979587e-15,1500,FMNoiseAimedJam,Current_FDC,20.0,50,1.0,0.05
True,10.97873643252332,10.978736432523322,1.7763568394002505e-15,False,False,1140,1140,360,360,1080.0,1080.0,-5.785964799319725e-15,-1.2461206942339806,0,0,0.0,0.0,-inf,-inf,0.398874981328845,80000,1500,20,40,-0.011138744501188642,1500,FMNoiseAimedJam,New_FDC,20.0,50,1.0,0.05
True,16.916201070821412,16.916201070821412,0.0,True,True,1501,1501,1,1,3.0,3.0,-3.857309866213149e-15,5.9872977334119515,0,0,0.0,0.0,-inf,-inf,0.0025830231606960297,80000,1500,20,40,-8.678947198979587e-15,1500,FMNoiseAimedJam,Identity,20.0,51,1.0,0.05
True,16.916201070821412,16.9624672111668,0.046266140345387896,True,True,1501,1501,1,1,3.0,3.0,-0.13122907824217292,5.854203280634445,0,0,0.0,0.0,-inf,-inf,0.342374958563596,80000,1500,20,40,-8.678947198979587e-15,1500,FMNoiseAimedJam,Current_FDC,20.0,51,1.0,0.05
True,16.916201070821412,17.519881745383394,0.603680674561982,True,True,1501,1501,1,1,3.0,3.0,0.06529887378284456,6.045015171767194,0,0,0.0,0.0,-inf,-inf,0.38787495577707887,80000,1500,20,40,-0.011138744501188642,1500,FMNoiseAimedJam,New_FDC,20.0,51,1.0,0.05
True,11.030356793074588,11.030356793074588,0.0,False,False,1370,1370,130,130,390.0,390.0,-7.7146197324263e-15,0.20753638336945876,0,0,0.0,0.0,-inf,-inf,0.0026249908842146397,80000,1500,20,40,-8.678947198979587e-15,1500,FMNoiseAimedJam,Identity,20.0,52,1.0,0.05
True,11.030356793074588,11.030356793074588,0.0,False,False,1370,1370,130,130,390.0,390.0,-5.785964799319725e-15,0.20753638336946062,0,0,0.0,0.0,-inf,-inf,0.33237499883398414,80000,1500,20,40,-8.678947198979587e-15,1500,FMNoiseAimedJam,Current_FDC,20.0,52,1.0,0.05
True,11.030356793074588,11.030356793074588,0.0,False,False,1370,1370,130,130,390.0,390.0,-5.785964799319725e-15,0.20753638336946062,0,0,0.0,0.0,-inf,-inf,0.38133299676701427,80000,1500,20,40,-0.011138744501188642,1500,FMNoiseAimedJam,New_FDC,20.0,52,1.0,0.05
True,12.117103255153186,12.117103255153186,0.0,False,False,1160,1160,340,340,1020.0,1020.0,-6.7502922658730125e-15,1.5232431856097235,1,1,0.02341857834731539,0.02341857834731539,-32.6087894565423,-32.6087894565423,0.0025830231606960297,80000,1500,20,40,-8.678947198979587e-15,1500,FMNoiseAimedJam,Identity,20.0,53,1.0,0.05
True,12.117103255153186,11.959015063588165,-0.15808819156502096,False,False,1160,1160,340,340,1020.0,1020.0,-0.680229808564802,0.8212870340344656,1,1,0.02341857834731539,0.024371716816763297,-32.6087894565423,-32.262277534660186,0.33608300145715475,80000,1500,20,40,-8.678947198979587e-15,1500,FMNoiseAimedJam,Current_FDC,20.0,53,1.0,0.05
True,12.117103255153186,11.835718722791988,-0.28138453236119787,False,False,1160,1160,340,340,1020.0,1020.0,-0.9482253291554756,0.559078055462595,1,1,0.02341857834731539,0.024676991873226948,-32.6087894565423,-32.154155638708716,0.3951250109821558,80000,1500,20,40,-0.011138744501188642,1500,FMNoiseAimedJam,New_FDC,20.0,53,1.0,0.05
True,13.709443582043125,13.709443582043125,0.0,False,False,1033,1033,467,467,1401.0,1401.0,-4.821637332766436e-15,2.868335368708948,0,0,0.0,0.0,-inf,-inf,0.002625049091875553,80000,1500,20,40,-8.678947198979587e-15,1500,FMNoiseAimedJam,Identity,20.0,54,1.0,0.05
True,13.709443582043125,13.709443582043123,-1.7763568394002505e-15,False,False,1033,1033,467,467,1401.0,1401.0,-4.821637332766436e-15,2.868335368708948,0,0,0.0,0.0,-inf,-inf,0.3375420346856117,80000,1500,20,40,-8.678947198979587e-15,1500,FMNoiseAimedJam,Current_FDC,20.0,54,1.0,0.05
True,13.709443582043125,13.709443582043123,-1.7763568394002505e-15,False,False,1033,1033,467,467,1401.0,1401.0,-6.7502922658730125e-15,2.868335368708948,0,0,0.0,0.0,-inf,-inf,0.38487499114125967,80000,1500,20,40,-0.011138744501188642,1500,FMNoiseAimedJam,New_FDC,20.0,54,1.0,0.05
True,15.265893232978797,15.265893232978797,0.0,False,False,1498,1498,2,2,6.0,6.0,-4.821637332766436e-15,4.229595886797196,0,0,0.0,0.0,-inf,-inf,0.0026249908842146397,80000,1500,20,40,-8.678947198979587e-15,1500,FMNoiseAimedJam,Identity,20.0,55,1.0,0.05
True,15.265893232978797,15.265893232978797,0.0,False,False,1498,1498,2,2,6.0,6.0,-1.9286549331065743e-15,4.229595886797197,0,0,0.0,0.0,-inf,-inf,0.34729199251160026,80000,1500,20,40,-8.678947198979587e-15,1500,FMNoiseAimedJam,Current_FDC,20.0,55,1.0,0.05
True,15.265893232978797,15.265893232978797,0.0,False,False,1498,1498,2,2,6.0,6.0,-3.857309866213149e-15,4.229595886797197,0,0,0.0,0.0,-inf,-inf,0.3831250360235572,80000,1500,20,40,-0.011138744501188642,1500,FMNoiseAimedJam,New_FDC,20.0,55,1.0,0.05
True,11.550667228832443,11.550667228832443,0.0,False,False,1156,1156,344,344,1032.0,1032.0,-6.7502922658730125e-15,-0.43604976645617854,1,1,0.016403326306858257,0.016403326306858257,-35.70136151437004,-35.70136151437004,0.0025830231606960297,80000,1500,20,40,-8.678947198979587e-15,1500,FMNoiseAimedJam,Identity,20.0,56,1.0,0.05
True,11.550667228832443,11.539372241575363,-0.01129498725708089,False,False,1156,1156,344,344,1032.0,1032.0,-0.18581713795603444,-0.6076105165916462,1,1,0.016403326306858257,0.0163339530108516,-35.70136151437004,-35.73817396228621,0.33529201755300164,80000,1500,20,40,-8.678947198979587e-15,1500,FMNoiseAimedJam,Current_FDC,20.0,56,1.0,0.05
True,11.550667228832443,11.441427777349315,-0.10923945148312875,False,False,1156,1156,344,344,1032.0,1032.0,-0.6447062373451331,-1.0406542899177964,1,0,0.016403326306858257,0.0,-35.70136151437004,-inf,0.38554100319743156,80000,1500,20,40,-0.011138744501188642,1500,FMNoiseAimedJam,New_FDC,20.0,56,1.0,0.05
True,10.736216312053726,10.736216312053726,0.0,False,False,962,962,538,538,1614.0,1614.0,-7.7146197324263e-15,-0.09118009692171114,0,0,0.0,0.0,-inf,-inf,0.002625049091875553,80000,1500,20,40,-8.678947198979587e-15,1500,FMNoiseAimedJam,Identity,20.0,57,1.0,0.05
True,10.736216312053726,10.83757718444055,0.10136087238682379,False,False,962,962,538,538,1614.0,1614.0,-0.09617403343727757,-0.20140186453516895,0,0,0.0,0.0,-inf,-inf,0.337707984726876,80000,1500,20,40,-8.678947198979587e-15,1500,FMNoiseAimedJam,Current_FDC,20.0,57,1.0,0.05
True,10.736216312053726,10.94783563241949,0.2116193203657648,False,False,962,962,538,538,1614.0,1614.0,-0.20849025944166222,-0.33109880353040433,0,0,0.0,0.0,-inf,-inf,0.3808749606832862,80000,1500,20,40,-0.011138744501188642,1500,FMNoiseAimedJam,New_FDC,20.0,57,1.0,0.05
True,10.75903179723936,10.75903179723936,0.0,False,False,987,987,513,513,1539.0,1539.0,-8.678947198979587e-15,-0.009757809877527241,0,0,0.0,0.0,-inf,-inf,0.002583954483270645,80000,1500,20,40,-8.678947198979587e-15,1500,FMNoiseAimedJam,Identity,20.0,58,1.0,0.05
True,10.75903179723936,10.759031797239357,-1.7763568394002505e-15,False,False,987,987,513,513,1539.0,1539.0,-8.678947198979587e-15,-0.009757809877526275,0,0,0.0,0.0,-inf,-inf,0.3351669874973595,80000,1500,20,40,-8.678947198979587e-15,1500,FMNoiseAimedJam,Current_FDC,20.0,58,1.0,0.05
True,10.75903179723936,10.75903179723936,0.0,False,False,987,987,513,513,1539.0,1539.0,-8.678947198979587e-15,-0.009757809877527241,0,0,0.0,0.0,-inf,-inf,0.3821669961325824,80000,1500,20,40,-0.011138744501188642,1500,FMNoiseAimedJam,New_FDC,20.0,58,1.0,0.05
True,14.639449040881649,14.639449040881649,0.0,False,False,1500,1500,0,0,0.0,0.0,-4.821637332766436e-15,4.3872851584995285,0,0,0.0,0.0,-inf,-inf,0.002541986759752035,80000,1500,20,40,-8.678947198979587e-15,1500,FMNoiseAimedJam,Identity,20.0,59,1.0,0.05
True,14.639449040881649,14.593473130729816,-0.04597591015183333,False,False,1500,1500,0,0,0.0,0.0,-0.2319822486780428,4.15530290982149,0,0,0.0,0.0,-inf,-inf,0.3392079961486161,80000,1500,20,40,-8.678947198979587e-15,1500,FMNoiseAimedJam,Current_FDC,20.0,59,1.0,0.05
True,14.639449040881649,14.762750166065413,0.12330112518376346,False,True,1500,1500,0,0,0.0,0.0,-0.05231354167879508,4.334971616820738,0,0,0.0,0.0,-inf,-inf,0.3827500040642917,80000,1500,20,40,-0.011138744501188642,1500,FMNoiseAimedJam,New_FDC,20.0,59,1.0,0.05
True,14.412330816632457,14.412330816632457,0.0,False,False,1496,1496,4,4,12.0,12.0,-4.821637332766436e-15,2.022037140387249,1,1,0.014625319509017158,0.014625319509017158,-36.69789274835174,-36.69789274835174,0.002582964953035116,80000,1500,20,40,-8.678947198979587e-15,1500,FMNoiseAimedJam,Identity,20.0,60,1.0,0.05
True,14.412330816632457,14.412330816632462,5.329070518200751e-15,False,False,1496,1496,4,4,12.0,12.0,-9.643274665532871e-16,2.022037140387251,1,1,0.014625319509017158,0.014625319509017168,-36.69789274835174,-36.697892748351734,0.3441659500822425,80000,1500,20,40,-8.678947198979587e-15,1500,FMNoiseAimedJam,Current_FDC,20.0,60,1.0,0.05
True,14.412330816632457,14.412330816632462,5.329070518200751e-15,False,False,1496,1496,4,4,12.0,12.0,-9.643274665532871e-16,2.022037140387249,1,1,0.014625319509017158,0.014625319509017158,-36.69789274835174,-36.69789274835174,0.3831670037470758,80000,1500,20,40,-0.011138744501188642,1500,FMNoiseAimedJam,New_FDC,20.0,60,1.0,0.05
True,9.3384995804062,9.3384995804062,0.0,False,False,1203,1203,297,297,891.0,891.0,-9.643274665532877e-15,-1.3792944306827069,1,1,0.013793305839636434,0.013793305839636434,-37.20663268105086,-37.20663268105086,0.0025840126909315586,80000,1500,20,40,-8.678947198979587e-15,1500,FMNoiseAimedJam,Identity,20.0,61,1.0,0.05
True,9.3384995804062,9.3384995804062,0.0,False,False,1203,1203,297,297,891.0,891.0,-9.643274665532877e-15,-1.3792944306827053,1,1,0.013793305839636434,0.013793305839636465,-37.20663268105086,-37.20663268105085,0.3618340124376118,80000,1500,20,40,-8.678947198979587e-15,1500,FMNoiseAimedJam,Current_FDC,20.0,61,1.0,0.05
True,9.3384995804062,9.338499580406202,1.7763568394002505e-15,False,False,1203,1203,297,297,891.0,891.0,-9.643274665532877e-15,-1.3792944306827069,1,1,0.013793305839636434,0.013793305839636345,-37.20663268105086,-37.20663268105093,0.37979200715199113,80000,1500,20,40,-0.011138744501188642,1500,FMNoiseAimedJam,New_FDC,20.0,61,1.0,0.05
True,7.060134425981024,7.060134425981024,0.0,False,False,1056,1056,444,444,1332.0,1332.0,-3.857309866213149e-15,4.782759001343425,0,0,0.0,0.0,-inf,-inf,0.002540997229516506,80000,1500,20,40,-8.678947198979587e-15,1500,FMNoiseAimedJam,Identity,30.0,42,1.0,0.05
True,7.060134425981024,7.060134425981026,1.7763568394002505e-15,False,False,1056,1056,444,444,1332.0,1332.0,0.0,4.782759001343432,0,0,0.0,0.0,-inf,-inf,0.3338750102557242,80000,1500,20,40,-8.678947198979587e-15,1500,FMNoiseAimedJam,Current_FDC,30.0,42,1.0,0.05
True,7.060134425981024,7.060134425981024,0.0,False,False,1056,1056,444,444,1332.0,1332.0,-3.857309866213149e-15,4.782759001343429,0,0,0.0,0.0,-inf,-inf,0.3840410499833524,80000,1500,20,40,-0.011138744501188642,1500,FMNoiseAimedJam,New_FDC,30.0,42,1.0,0.05
True,9.84810739745633,9.84810739745633,0.0,False,False,996,996,504,504,1512.0,1512.0,-2.892982399659862e-15,7.622764051709948,0,0,0.0,0.0,-inf,-inf,0.0026249908842146397,80000,1500,20,40,-8.678947198979587e-15,1500,FMNoiseAimedJam,Identity,30.0,43,1.0,0.05
True,9.84810739745633,9.84810739745633,0.0,False,False,996,996,504,504,1512.0,1512.0,-9.643274665532871e-16,7.622764051709952,0,0,0.0,0.0,-inf,-inf,0.33466698369011283,80000,1500,20,40,-8.678947198979587e-15,1500,FMNoiseAimedJam,Current_FDC,30.0,43,1.0,0.05
True,9.84810739745633,9.84810739745633,0.0,False,False,996,996,504,504,1512.0,1512.0,-2.892982399659862e-15,7.622764051709949,0,0,0.0,0.0,-inf,-inf,0.3855830291286111,80000,1500,20,40,-0.011138744501188642,1500,FMNoiseAimedJam,New_FDC,30.0,43,1.0,0.05
True,5.4847839642742855,5.4847839642742855,0.0,True,True,1188,1188,312,312,936.0,936.0,-4.821637332766436e-15,4.62632394593085,0,0,0.0,0.0,-inf,-inf,0.002541986759752035,80000,1500,20,40,-8.678947198979587e-15,1500,FMNoiseAimedJam,Identity,30.0,44,1.0,0.05
True,5.4847839642742855,5.482136437318887,-0.002647526955398938,True,True,1188,1188,312,312,936.0,936.0,-0.009868103272352897,4.615367627988903,0,0,0.0,0.0,-inf,-inf,0.33783301478251815,80000,1500,20,40,-8.678947198979587e-15,1500,FMNoiseAimedJam,Current_FDC,30.0,44,1.0,0.05
True,5.4847839642742855,5.4847839642742855,0.0,True,True,1188,1188,312,312,936.0,936.0,-4.821637332766436e-15,4.626323945930849,0,0,0.0,0.0,-inf,-inf,0.38174999644979835,80000,1500,20,40,-0.011138744501188642,1500,FMNoiseAimedJam,New_FDC,30.0,44,1.0,0.05
True,11.128255786841732,11.128255786841732,0.0,False,False,1145,1145,355,355,1065.0,1065.0,-1.9286549331065743e-15,9.094153110260534,2,2,0.006560384115743073,0.006560384115743073,-43.66141463180439,-43.66141463180439,0.002540997229516506,80000,1500,20,40,-8.678947198979587e-15,1500,FMNoiseAimedJam,Identity,30.0,45,1.0,0.05
True,11.128255786841732,11.116647244174043,-0.011608542667689292,False,False,1145,1145,355,355,1065.0,1065.0,-0.04503612085999497,9.06220751410663,2,2,0.006560384115743073,0.006563071348967151,-43.66141463180439,-43.65785748763529,0.3339169779792428,80000,1500,20,40,-8.678947198979587e-15,1500,FMNoiseAimedJam,Current_FDC,30.0,45,1.0,0.05
True,11.128255786841732,10.911838758353547,-0.2164170284881859,False,False,1145,1145,355,355,1065.0,1065.0,-0.6582862240010835,8.62520431698224,2,2,0.006560384115743073,0.006705244547460999,-43.66141463180439,-43.4717075667588,0.38412504363805056,80000,1500,20,40,-0.011138744501188642,1500,FMNoiseAimedJam,New_FDC,30.0,45,1.0,0.05
True,4.825188517027002,4.825188517027002,0.0,False,False,1053,1053,447,447,1341.0,1341.0,-4.821637332766436e-15,-0.9895319781549532,2,2,0.014714857453815205,0.014714857453815205,-36.644878813076495,-36.644878813076495,0.002541986759752035,80000,1500,20,40,-8.678947198979587e-15,1500,FMNoiseAimedJam,Identity,30.0,46,1.0,0.05
True,4.825188517027002,4.799312514714586,-0.02587600231241627,False,False,1053,1053,447,447,1341.0,1341.0,-0.1617008213351267,-1.1820575330323697,2,2,0.014714857453815205,0.014725099655472099,-36.644878813076495,-36.6388351468781,0.3355000517331064,80000,1500,20,40,-8.678947198979587e-15,1500,FMNoiseAimedJam,Current_FDC,30.0,46,1.0,0.05
True,4.825188517027002,4.7950967727382405,-0.030091744288761824,False,False,1053,1053,447,447,1341.0,1341.0,-0.10449540565998994,-1.0809172676571266,2,2,0.014714857453815205,0.014762713034745764,-36.644878813076495,-36.61667644410103,0.38412498543038964,80000,1500,20,40,-0.011138744501188642,1500,FMNoiseAimedJam,New_FDC,30.0,46,1.0,0.05
True,9.022132670948213,9.022132670948213,0.0,False,False,1637,1637,137,137,411.0,411.0,-2.892982399659862e-15,-2.1962655521263765,0,0,0.0,0.0,-inf,-inf,0.0025830231606960297,80000,1500,20,40,-8.678947198979587e-15,1500,FMNoiseAimedJam,Identity,30.0,47,1.0,0.05
True,9.022132670948213,9.076811395045064,0.05467872409685093,False,False,1637,1637,137,137,411.0,411.0,-0.24237042247832405,-2.627000854147465,0,0,0.0,0.0,-inf,-inf,0.342042010743171,80000,1500,20,40,-8.678947198979587e-15,1500,FMNoiseAimedJam,Current_FDC,30.0,47,1.0,0.05
True,9.022132670948213,9.115502672987526,0.0933700020393129,False,False,1637,1637,137,137,411.0,411.0,-0.5466398763924821,-3.203438117123797,0,0,0.0,0.0,-inf,-inf,0.39908301550894976,80000,1500,20,40,-0.011138744501188642,1500,FMNoiseAimedJam,New_FDC,30.0,47,1.0,0.05
True,8.913742179642588,8.913742179642588,0.0,False,False,1203,1203,297,297,891.0,891.0,-2.892982399659862e-15,7.825334819159164,0,0,0.0,0.0,-inf,-inf,0.0025830231606960297,80000,1500,20,40,-8.678947198979587e-15,1500,FMNoiseAimedJam,Identity,30.0,48,1.0,0.05
True,8.913742179642588,8.89914152735535,-0.014600652287237281,False,False,1203,1203,297,297,891.0,891.0,-0.05997740919615406,7.7635053160259115,0,0,0.0,0.0,-inf,-inf,0.3360409755259752,80000,1500,20,40,-8.678947198979587e-15,1500,FMNoiseAimedJam,Current_FDC,30.0,48,1.0,0.05
True,8.913742179642588,8.86532391589919,-0.048418263743398526,False,False,1203,1203,297,297,891.0,891.0,-0.16534231110565692,7.655020213604342,0,0,0.0,0.0,-inf,-inf,0.37916703149676323,80000,1500,20,40,-0.011138744501188642,1500,FMNoiseAimedJam,New_FDC,30.0,48,1.0,0.05
True,12.863420809485627,12.863420809485627,0.0,False,False,1007,1007,493,493,1479.0,1479.0,-1.9286549331065743e-15,11.42592604082493,0,0,0.0,0.0,-inf,-inf,0.0025840126909315586,80000,1500,20,40,-8.678947198979587e-15,1500,FMNoiseAimedJam,Identity,30.0,49,1.0,0.05
True,12.863420809485627,12.88138282103504,0.017962011549412793,False,False,1007,1007,493,493,1479.0,1479.0,-0.0686718899380887,11.355952758791785,0,0,0.0,0.0,-inf,-inf,0.33662497298792005,80000,1500,20,40,-8.678947198979587e-15,1500,FMNoiseAimedJam,Current_FDC,30.0,49,1.0,0.05
True,12.863420809485627,12.863420809485627,0.0,False,False,1007,1007,493,493,1479.0,1479.0,-1.9286549331065743e-15,11.42592604082493,0,0,0.0,0.0,-inf,-inf,0.38166699232533574,80000,1500,20,40,-0.011138744501188642,1500,FMNoiseAimedJam,New_FDC,30.0,49,1.0,0.05
True,9.395786963498233,9.395786963498233,0.0,False,False,1140,1140,360,360,1080.0,1080.0,-2.892982399659862e-15,2.349528615432061,0,0,0.0,0.0,-inf,-inf,0.002582964953035116,80000,1500,20,40,-8.678947198979587e-15,1500,FMNoiseAimedJam,Identity,30.0,50,1.0,0.05
True,9.395786963498233,9.395786963498235,1.7763568394002505e-15,False,False,1140,1140,360,360,1080.0,1080.0,1.928654933106574e-15,2.3495286154320656,0,0,0.0,0.0,-inf,-inf,0.3344170399941504,80000,1500,20,40,-8.678947198979587e-15,1500,FMNoiseAimedJam,Current_FDC,30.0,50,1.0,0.05
True,9.395786963498233,9.395786963498233,0.0,False,False,1140,1140,360,360,1080.0,1080.0,-2.892982399659862e-15,2.349528615432061,0,0,0.0,0.0,-inf,-inf,0.3820829442702234,80000,1500,20,40,-0.011138744501188642,1500,FMNoiseAimedJam,New_FDC,30.0,50,1.0,0.05
True,13.495126537995628,13.495126537995628,0.0,False,False,1365,1365,135,135,405.0,405.0,-1.9286549331065743e-15,12.528240192769019,0,0,0.0,0.0,-inf,-inf,0.002540997229516506,80000,1500,20,40,-8.678947198979587e-15,1500,FMNoiseAimedJam,Identity,30.0,51,1.0,0.05
True,13.495126537995628,13.564164957616377,0.06903841962074964,False,False,1365,1365,135,135,405.0,405.0,-0.14366266515144688,12.38455513451002,0,0,0.0,0.0,-inf,-inf,0.33866596641018987,80000,1500,20,40,-8.678947198979587e-15,1500,FMNoiseAimedJam,Current_FDC,30.0,51,1.0,0.05
True,13.495126537995628,13.630432341393268,0.13530580339764064,False,False,1365,1365,135,135,405.0,405.0,-0.3148015427343178,12.221204599095925,0,0,0.0,0.0,-inf,-inf,0.3863329766318202,80000,1500,20,40,-0.011138744501188642,1500,FMNoiseAimedJam,New_FDC,30.0,51,1.0,0.05
True,4.000168906853384,4.000168906853384,0.0,False,False,1370,1370,130,130,390.0,390.0,-5.785964799319725e-15,0.7030019894706984,0,0,0.0,0.0,-inf,-inf,0.002540997229516506,80000,1500,20,40,-8.678947198979587e-15,1500,FMNoiseAimedJam,Identity,30.0,52,1.0,0.05
True,4.000168906853384,4.000168906853388,4.440892098500626e-15,False,False,1370,1370,130,130,390.0,390.0,-9.643274665532871e-16,0.7030019894706984,0,0,0.0,0.0,-inf,-inf,0.33070798963308334,80000,1500,20,40,-8.678947198979587e-15,1500,FMNoiseAimedJam,Current_FDC,30.0,52,1.0,0.05
True,4.000168906853384,4.000168906853384,0.0,False,False,1370,1370,130,130,390.0,390.0,-5.785964799319725e-15,0.7030019894706984,0,0,0.0,0.0,-inf,-inf,0.38141600089147687,80000,1500,20,40,-0.011138744501188642,1500,FMNoiseAimedJam,New_FDC,30.0,52,1.0,0.05
True,7.0071116992525715,7.0071116992525715,0.0,False,False,1160,1160,340,340,1020.0,1020.0,-3.857309866213149e-15,6.405517406682392,1,1,0.013378589753024578,0.013378589753024578,-37.47179326911948,-37.47179326911948,0.002582964953035116,80000,1500,20,40,-8.678947198979587e-15,1500,FMNoiseAimedJam,Identity,30.0,53,1.0,0.05
True,7.0071116992525715,6.7947288990753485,-0.212382800177223,False,False,1160,1160,340,340,1020.0,1020.0,-0.6780519352191432,5.727465471463255,1,1,0.013378589753024578,0.013961326630385454,-37.47179326911948,-37.10146624617443,0.3327919985167682,80000,1500,20,40,-8.678947198979587e-15,1500,FMNoiseAimedJam,Current_FDC,30.0,53,1.0,0.05
True,7.0071116992525715,6.632414417764357,-0.37469728148821435,False,False,1160,1160,340,340,1020.0,1020.0,-0.940288047014307,5.465229359668089,1,1,0.013378589753024578,0.013861974778520754,-37.47179326911948,-37.16349791349979,0.39495801320299506,80000,1500,20,40,-0.011138744501188642,1500,FMNoiseAimedJam,New_FDC,30.0,53,1.0,0.05
True,10.493545822318236,10.493545822318236,0.0,False,False,1033,1033,467,467,1401.0,1401.0,-1.9286549331065743e-15,9.667628903818642,0,0,0.0,0.0,-inf,-inf,0.002541986759752035,80000,1500,20,40,-8.678947198979587e-15,1500,FMNoiseAimedJam,Identity,30.0,54,1.0,0.05
True,10.493545822318236,10.493545822318238,1.7763568394002505e-15,False,False,1033,1033,467,467,1401.0,1401.0,0.0,9.667628903818642,0,0,0.0,0.0,-inf,-inf,0.3335829824209213,80000,1500,20,40,-8.678947198979587e-15,1500,FMNoiseAimedJam,Current_FDC,30.0,54,1.0,0.05
True,10.493545822318236,10.493545822318238,1.7763568394002505e-15,False,False,1033,1033,467,467,1401.0,1401.0,-9.643274665532871e-16,9.667628903818642,0,0,0.0,0.0,-inf,-inf,0.39674999425187707,80000,1500,20,40,-0.011138744501188642,1500,FMNoiseAimedJam,New_FDC,30.0,54,1.0,0.05
True,11.82180030852058,11.82180030852058,0.0,False,False,979,979,521,521,1563.0,1563.0,-1.9286549331065743e-15,10.92301514790143,0,0,0.0,0.0,-inf,-inf,0.0024999608285725117,80000,1500,20,40,-8.678947198979587e-15,1500,FMNoiseAimedJam,Identity,30.0,55,1.0,0.05
True,11.82180030852058,11.82180030852058,0.0,False,False,979,979,521,521,1563.0,1563.0,-1.9286549331065743e-15,10.923015147901431,0,0,0.0,0.0,-inf,-inf,0.3321669646538794,80000,1500,20,40,-8.678947198979587e-15,1500,FMNoiseAimedJam,Current_FDC,30.0,55,1.0,0.05
True,11.82180030852058,11.821800308520576,-3.552713678800501e-15,False,False,979,979,521,521,1563.0,1563.0,-5.785964799319725e-15,10.92301514790143,0,0,0.0,0.0,-inf,-inf,0.3814579686149955,80000,1500,20,40,-0.011138744501188642,1500,FMNoiseAimedJam,New_FDC,30.0,55,1.0,0.05
True,7.395489562421074,7.395489562421074,0.0,False,False,1156,1156,344,344,1032.0,1032.0,-3.857309866213149e-15,4.16695101816029,1,1,0.008361007431031863,0.008361007431031863,-41.554827811559065,-41.554827811559065,0.0025840126909315586,80000,1500,20,40,-8.678947198979587e-15,1500,FMNoiseAimedJam,Identity,30.0,56,1.0,0.05
True,7.395489562421074,7.345964083606775,-0.049525478814298474,False,False,1156,1156,344,344,1032.0,1032.0,-0.24842190812568976,3.8907013061229168,1,1,0.008361007431031863,0.008355626777149882,-41.554827811559065,-41.56041933995305,0.3376249806024134,80000,1500,20,40,-8.678947198979587e-15,1500,FMNoiseAimedJam,Current_FDC,30.0,56,1.0,0.05
True,7.395489562421074,7.148957202447476,-0.2465323599735978,False,False,1156,1156,344,344,1032.0,1032.0,-0.8180296439203555,3.2471832202365425,1,0,0.008361007431031863,0.0,-41.554827811559065,-inf,0.3838340053334832,80000,1500,20,40,-0.011138744501188642,1500,FMNoiseAimedJam,New_FDC,30.0,56,1.0,0.05
True,2.215395100847456,2.215395100847456,0.0,False,False,962,962,538,538,1614.0,1614.0,-6.7502922658730125e-15,-0.3463828918245194,0,0,0.0,0.0,-inf,-inf,0.0025840126909315586,80000,1500,20,40,-8.678947198979587e-15,1500,FMNoiseAimedJam,Identity,30.0,57,1.0,0.05
True,2.215395100847456,2.5250952962699182,0.3097001954224621,False,False,962,962,538,538,1614.0,1614.0,0.08356068347399463,-0.19861601088234881,0,0,0.0,0.0,-inf,-inf,0.33558299764990807,80000,1500,20,40,-8.678947198979587e-15,1500,FMNoiseAimedJam,Current_FDC,30.0,57,1.0,0.05
True,2.215395100847456,2.895895405580041,0.6805003047325848,False,False,962,962,538,538,1614.0,1614.0,0.2041544856151478,0.025866758126194635,0,0,0.0,0.0,-inf,-inf,0.39837503572925925,80000,1500,20,40,-0.011138744501188642,1500,FMNoiseAimedJam,New_FDC,30.0,57,1.0,0.05
True,2.4802740281314852,2.4802740281314852,0.0,False,False,987,987,513,513,1539.0,1539.0,-6.7502922658730125e-15,-0.10876528691148779,0,0,0.0,0.0,-inf,-inf,0.002500019036233425,80000,1500,20,40,-8.678947198979587e-15,1500,FMNoiseAimedJam,Identity,30.0,58,1.0,0.05
True,2.4802740281314852,2.4802740281314843,-8.881784197001252e-16,False,False,987,987,513,513,1539.0,1539.0,-6.7502922658730125e-15,-0.10876528691148779,0,0,0.0,0.0,-inf,-inf,0.33895799424499273,80000,1500,20,40,-8.678947198979587e-15,1500,FMNoiseAimedJam,Current_FDC,30.0,58,1.0,0.05
True,2.4802740281314852,2.4181643045304115,-0.062109723601073696,False,False,987,987,513,513,1539.0,1539.0,-0.13560776414269304,-0.03683501514214323,0,0,0.0,0.0,-inf,-inf,0.38237503031268716,80000,1500,20,40,-0.011138744501188642,1500,FMNoiseAimedJam,New_FDC,30.0,58,1.0,0.05
True,10.180488662276964,10.180488662276964,0.0,False,False,1056,1056,444,444,1332.0,1332.0,-2.892982399659862e-15,9.921924505988272,0,0,0.0,0.0,-inf,-inf,0.0025830231606960297,80000,1500,20,40,-8.678947198979587e-15,1500,FMNoiseAimedJam,Identity,30.0,59,1.0,0.05
True,10.180488662276964,10.113367327981527,-0.06712133429543776,False,False,1056,1056,444,444,1332.0,1332.0,-0.21964501277109835,9.702279493217178,0,0,0.0,0.0,-inf,-inf,0.33483299193903804,80000,1500,20,40,-8.678947198979587e-15,1500,FMNoiseAimedJam,Current_FDC,30.0,59,1.0,0.05
True,10.180488662276964,9.865515870015784,-0.31497279226118025,False,False,1056,1056,444,444,1332.0,1332.0,-0.8548459465807996,9.067078559407477,0,0,0.0,0.0,-inf,-inf,0.38170901825651526,80000,1500,20,40,-0.011138744501188642,1500,FMNoiseAimedJam,New_FDC,30.0,59,1.0,0.05
True,11.597331793984175,11.597331793984175,0.0,False,False,1292,1292,208,208,624.0,624.0,-1.9286549331065743e-15,6.535061780165804,1,1,0.00639035744222545,0.00639035744222545,-43.88949698129359,-43.88949698129359,0.002540997229516506,80000,1500,20,40,-8.678947198979587e-15,1500,FMNoiseAimedJam,Identity,30.0,60,1.0,0.05
True,11.597331793984175,11.597331793984175,0.0,False,False,1292,1292,208,208,624.0,624.0,-1.9286549331065743e-15,6.535061780165804,1,1,0.00639035744222545,0.006390357442225519,-43.88949698129359,-43.889496981293505,0.33425004221498966,80000,1500,20,40,-8.678947198979587e-15,1500,FMNoiseAimedJam,Current_FDC,30.0,60,1.0,0.05
True,11.597331793984175,11.597331793984175,0.0,False,False,1292,1292,208,208,624.0,624.0,-1.9286549331065743e-15,6.535061780165804,1,1,0.00639035744222545,0.006390357442225454,-43.88949698129359,-43.88949698129359,0.3827079781331122,80000,1500,20,40,-0.011138744501188642,1500,FMNoiseAimedJam,New_FDC,30.0,60,1.0,0.05
True,5.847614723911233,5.847614723911233,0.0,False,False,1203,1203,297,297,891.0,891.0,-3.857309866213149e-15,-3.331015377818383,1,1,0.006526375378945942,0.006526375378945942,-43.706559008399644,-43.706559008399644,0.002582964953035116,80000,1500,20,40,-8.678947198979587e-15,1500,FMNoiseAimedJam,Identity,30.0,61,1.0,0.05
True,5.847614723911233,5.847614723911234,8.881784197001252e-16,False,False,1203,1203,297,297,891.0,891.0,-1.9286549331065743e-15,-3.3310153778183773,1,1,0.006526375378945942,0.006526375378945953,-43.706559008399644,-43.70655900839963,0.3337920061312616,80000,1500,20,40,-8.678947198979587e-15,1500,FMNoiseAimedJam,Current_FDC,30.0,61,1.0,0.05
True,5.847614723911233,5.8476147239112315,-1.7763568394002505e-15,False,False,1203,1203,297,297,891.0,891.0,-4.821637332766436e-15,-3.3310153778183844,1,1,0.006526375378945942,0.0065263753789460135,-43.706559008399644,-43.70655900839955,0.386540952604264,80000,1500,20,40,-0.011138744501188642,1500,FMNoiseAimedJam,New_FDC,30.0,61,1.0,0.05
True,27.461632589654407,27.461632589654407,0.0,True,True,1500,1500,0,0,0.0,0.0,-9.643274665532877e-15,-0.41785238261530905,0,0,0.0,0.0,-inf,-inf,0.002541986759752035,80000,1500,20,40,-8.678947198979587e-15,1500,NoiseProductJamming,Identity,0.0,42,1.0,0.05
True,27.461632589654407,27.461632589654414,7.105427357601002e-15,True,True,1500,1500,0,0,0.0,0.0,-5.785964799319725e-15,-0.417852382615305,0,0,0.0,0.0,-inf,-inf,0.33283402444794774,80000,1500,20,40,-8.678947198979587e-15,1500,NoiseProductJamming,Current_FDC,0.0,42,1.0,0.05
True,27.461632589654407,27.73333140398882,0.2716988143344139,True,True,1500,1500,0,0,0.0,0.0,0.01506614013933041,-0.40278624247596845,0,0,0.0,0.0,-inf,-inf,0.386916974093765,80000,1500,20,40,-0.011138744501188642,1500,NoiseProductJamming,New_FDC,0.0,42,1.0,0.05
True,27.821802378505826,27.821802378505826,0.0,True,True,1500,1500,0,0,0.0,0.0,-9.643274665532877e-15,-0.3108485071787042,0,0,0.0,0.0,-inf,-inf,0.002541986759752035,80000,1500,20,40,-8.678947198979587e-15,1500,NoiseProductJamming,Identity,0.0,43,1.0,0.05
True,27.821802378505826,27.793401268432323,-0.028401110073502878,True,True,1500,1500,0,0,0.0,0.0,-0.17398416517710222,-0.4848326723557966,0,0,0.0,0.0,-inf,-inf,0.3367500030435622,80000,1500,20,40,-8.678947198979587e-15,1500,NoiseProductJamming,Current_FDC,0.0,43,1.0,0.05
True,27.821802378505826,28.440284563415194,0.618482184909368,True,True,1500,1500,0,0,0.0,0.0,0.08058302106701157,-0.23026548611168218,0,0,0.0,0.0,-inf,-inf,0.38762501208111644,80000,1500,20,40,-0.011138744501188642,1500,NoiseProductJamming,New_FDC,0.0,43,1.0,0.05
True,28.11982770667376,28.11982770667376,0.0,True,True,1500,1500,0,0,0.0,0.0,-8.678947198979587e-15,0.14711406596788684,0,0,0.0,0.0,-inf,-inf,0.0025830231606960297,80000,1500,20,40,-8.678947198979587e-15,1500,NoiseProductJamming,Identity,0.0,44,1.0,0.05
True,28.11982770667376,28.12175196817814,0.0019242615043779665,True,True,1500,1500,0,0,0.0,0.0,-0.06205009191715631,0.08506397405074015,0,0,0.0,0.0,-inf,-inf,0.33412501215934753,80000,1500,20,40,-8.678947198979587e-15,1500,NoiseProductJamming,Current_FDC,0.0,44,1.0,0.05
True,28.11982770667376,28.54375119303632,0.42392348636256116,True,True,1500,1500,0,0,0.0,0.0,0.00933081828834602,0.15644488425624042,0,0,0.0,0.0,-inf,-inf,0.38237497210502625,80000,1500,20,40,-0.011138744501188642,1500,NoiseProductJamming,New_FDC,0.0,44,1.0,0.05
True,27.92577555912054,27.92577555912054,0.0,True,True,1500,1500,0,0,0.0,0.0,-8.678947198979587e-15,0.08237471691420548,2,2,0.025953818659357017,0.025953818659357017,-31.715974682571115,-31.715974682571115,0.0024999608285725117,80000,1500,20,40,-8.678947198979587e-15,1500,NoiseProductJamming,Identity,0.0,45,1.0,0.05
True,27.92577555912054,27.909910935788442,-0.01586462333209937,True,True,1500,1500,0,0,0.0,0.0,-0.3790662313241214,-0.2966915144099077,2,2,0.025953818659357017,0.025779745841143016,-31.715974682571115,-31.774427372183908,0.3339999821037054,80000,1500,20,40,-8.678947198979587e-15,1500,NoiseProductJamming,Current_FDC,0.0,45,1.0,0.05
True,27.92577555912054,28.331747254577483,0.405971695456941,True,True,1500,1500,0,0,0.0,0.0,-0.006262882108289805,0.07611183480592476,2,1,0.025953818659357017,0.024549389520809643,-31.715974682571115,-32.19918606352101,0.3834160161204636,80000,1500,20,40,-0.011138744501188642,1500,NoiseProductJamming,New_FDC,0.0,45,1.0,0.05
True,27.45873573653728,27.45873573653728,0.0,True,True,1500,1500,0,0,0.0,0.0,-9.643274665532877e-15,-0.3294907750573367,0,0,0.0,0.0,-inf,-inf,0.0025830231606960297,80000,1500,20,40,-8.678947198979587e-15,1500,NoiseProductJamming,Identity,0.0,46,1.0,0.05
True,27.45873573653728,27.45873573653728,0.0,True,True,1500,1500,0,0,0.0,0.0,-5.785964799319725e-15,-0.3294907750573337,0,0,0.0,0.0,-inf,-inf,0.3339580143801868,80000,1500,20,40,-8.678947198979587e-15,1500,NoiseProductJamming,Current_FDC,0.0,46,1.0,0.05
True,27.45873573653728,27.45873573653728,0.0,True,True,1500,1500,0,0,0.0,0.0,-6.7502922658730125e-15,-0.3294907750573347,0,0,0.0,0.0,-inf,-inf,0.3849579952657223,80000,1500,20,40,-0.011138744501188642,1500,NoiseProductJamming,New_FDC,0.0,46,1.0,0.05
True,27.304013384961937,27.304013384961937,0.0,True,True,1500,1500,0,0,0.0,0.0,-9.643274665532877e-15,-0.7203941671202635,0,0,0.0,0.0,-inf,-inf,0.0025840126909315586,80000,1500,20,40,-8.678947198979587e-15,1500,NoiseProductJamming,Identity,0.0,47,1.0,0.05
True,27.304013384961937,27.304013384961934,-3.552713678800501e-15,True,True,1500,1500,0,0,0.0,0.0,-9.643274665532877e-15,-0.7203941671202635,0,0,0.0,0.0,-inf,-inf,0.3322080010548234,80000,1500,20,40,-8.678947198979587e-15,1500,NoiseProductJamming,Current_FDC,0.0,47,1.0,0.05
True,27.304013384961937,27.304013384961937,0.0,True,True,1500,1500,0,0,0.0,0.0,-9.643274665532877e-15,-0.7203941671202635,0,0,0.0,0.0,-inf,-inf,0.3842090372927487,80000,1500,20,40,-0.011138744501188642,1500,NoiseProductJamming,New_FDC,0.0,47,1.0,0.05
True,29.02831980831194,29.02831980831194,0.0,True,True,1500,1500,0,0,0.0,0.0,-6.7502922658730125e-15,0.8361747975790685,1,1,0.02095297841021997,0.02095297841021997,-33.575084690054226,-33.575084690054226,0.0026249908842146397,80000,1500,20,40,-8.678947198979587e-15,1500,NoiseProductJamming,Identity,0.0,48,1.0,0.05
True,29.02831980831194,29.03454224927846,0.006222440966517695,True,True,1500,1500,0,0,0.0,0.0,-0.12116108813314973,0.7150137094459258,1,1,0.02095297841021997,0.020994101549662424,-33.575084690054226,-33.55805412842553,0.3331670304760337,80000,1500,20,40,-8.678947198979587e-15,1500,NoiseProductJamming,Current_FDC,0.0,48,1.0,0.05
True,29.02831980831194,29.797714771751632,0.7693949634396908,True,True,1500,1500,0,0,0.0,0.0,0.0050214867056687365,0.8411962842847456,1,1,0.02095297841021997,0.01980952416888485,-33.575084690054226,-34.06251912457436,0.3832089714705944,80000,1500,20,40,-0.011138744501188642,1500,NoiseProductJamming,New_FDC,0.0,48,1.0,0.05
True,28.43616589203024,28.43616589203024,0.0,True,True,1500,1500,0,0,0.0,0.0,-7.7146197324263e-15,0.6408910480089768,1,1,0.01931656639058524,0.01931656639058524,-34.28140137843912,-34.28140137843912,0.002541986759752035,80000,1500,20,40,-8.678947198979587e-15,1500,NoiseProductJamming,Identity,0.0,49,1.0,0.05
True,28.43616589203024,28.44626604098727,0.010100148957029376,True,True,1500,1500,0,0,0.0,0.0,-0.2608069773531411,0.3800840706558429,1,1,0.01931656639058524,0.019404776967053332,-34.28140137843912,-34.24182689103245,0.33379101660102606,80000,1500,20,40,-8.678947198979587e-15,1500,NoiseProductJamming,Current_FDC,0.0,49,1.0,0.05
True,28.43616589203024,29.213389862215674,0.7772239701854353,True,True,1500,1500,0,0,0.0,0.0,-0.008254559102501797,0.6326364889064822,1,1,0.01931656639058524,0.017633560718423792,-34.28140137843912,-35.073199648260406,0.3890839871019125,80000,1500,20,40,-0.011138744501188642,1500,NoiseProductJamming,New_FDC,0.0,49,1.0,0.05
True,27.788604140008147,27.788604140008147,0.0,True,True,1500,1500,0,0,0.0,0.0,-8.678947198979587e-15,-0.12078566909786637,1,1,0.017071455497136775,0.017071455497136775,-35.35458899489642,-35.35458899489642,0.0025830231606960297,80000,1500,20,40,-8.678947198979587e-15,1500,NoiseProductJamming,Identity,0.0,50,1.0,0.05
True,27.788604140008147,27.788604140008147,0.0,True,True,1500,1500,0,0,0.0,0.0,-8.678947198979587e-15,-0.12078566909786637,1,1,0.017071455497136775,0.01707145549713677,-35.35458899489642,-35.35458899489642,0.333332980517298,80000,1500,20,40,-8.678947198979587e-15,1500,NoiseProductJamming,Current_FDC,0.0,50,1.0,0.05
True,27.788604140008147,27.788604140008147,0.0,True,True,1500,1500,0,0,0.0,0.0,-9.643274665532877e-15,-0.12078566909786734,1,1,0.017071455497136775,0.017071455497136786,-35.35458899489642,-35.35458899489641,0.3849589847959578,80000,1500,20,40,-0.011138744501188642,1500,NoiseProductJamming,New_FDC,0.0,50,1.0,0.05
True,28.79987334316835,28.79987334316835,0.0,True,True,1500,1500,0,0,0.0,0.0,-6.7502922658730125e-15,0.9489036111958921,0,0,0.0,0.0,-inf,-inf,0.0026249908842146397,80000,1500,20,40,-8.678947198979587e-15,1500,NoiseProductJamming,Identity,0.0,51,1.0,0.05
True,28.79987334316835,28.80909137719964,0.009218034031288624,True,True,1500,1500,0,0,0.0,0.0,-0.15415573910720495,0.7947478720886942,0,0,0.0,0.0,-inf,-inf,0.3416669787839055,80000,1500,20,40,-8.678947198979587e-15,1500,NoiseProductJamming,Current_FDC,0.0,51,1.0,0.05
True,28.79987334316835,29.48146179471271,0.6815884515443607,True,True,1500,1500,0,0,0.0,0.0,0.003589149798808925,0.9524927609947071,0,0,0.0,0.0,-inf,-inf,0.39920798735693097,80000,1500,20,40,-0.011138744501188642,1500,NoiseProductJamming,New_FDC,0.0,51,1.0,0.05
True,27.88745660276429,27.88745660276429,0.0,True,True,1500,1500,0,0,0.0,0.0,-8.678947198979587e-15,-0.2221547532396943,0,0,0.0,0.0,-inf,-inf,0.0025830231606960297,80000,1500,20,40,-8.678947198979587e-15,1500,NoiseProductJamming,Identity,0.0,52,1.0,0.05
True,27.88745660276429,27.81468960328273,-0.07276699948155851,True,True,1500,1500,0,0,0.0,0.0,-0.45038436191247244,-0.6725391151521571,0,0,0.0,0.0,-inf,-inf,0.3357080277055502,80000,1500,20,40,-8.678947198979587e-15,1500,NoiseProductJamming,Current_FDC,0.0,52,1.0,0.05
True,27.88745660276429,28.022478257596042,0.13502165483175332,True,True,1500,1500,0,0,0.0,0.0,0.00772257216739849,-0.2144321810722866,0,0,0.0,0.0,-inf,-inf,0.38237503031268716,80000,1500,20,40,-0.011138744501188642,1500,NoiseProductJamming,New_FDC,0.0,52,1.0,0.05
True,28.523970075445053,28.523970075445053,0.0,True,True,1500,1500,0,0,0.0,0.0,-7.7146197324263e-15,0.7485051567700008,0,0,0.0,0.0,-inf,-inf,0.0025840126909315586,80000,1500,20,40,-8.678947198979587e-15,1500,NoiseProductJamming,Identity,0.0,53,1.0,0.05
True,28.523970075445053,28.541121757456615,0.01715168201156203,True,True,1500,1500,0,0,0.0,0.0,-0.2575422525131818,0.49096290425682637,0,0,0.0,0.0,-inf,-inf,0.3344169817864895,80000,1500,20,40,-8.678947198979587e-15,1500,NoiseProductJamming,Current_FDC,0.0,53,1.0,0.05
True,28.523970075445053,29.503013757023965,0.9790436815789114,True,True,1500,1500,0,0,0.0,0.0,-0.005497856386083235,0.7430073003839238,0,0,0.0,0.0,-inf,-inf,0.3868329804390669,80000,1500,20,40,-0.011138744501188642,1500,NoiseProductJamming,New_FDC,0.0,53,1.0,0.05
True,28.64613951878979,28.64613951878979,0.0,True,True,1500,1500,0,0,0.0,0.0,-7.7146197324263e-15,0.7177040789314173,0,0,0.0,0.0,-inf,-inf,0.002541986759752035,80000,1500,20,40,-8.678947198979587e-15,1500,NoiseProductJamming,Identity,0.0,54,1.0,0.05
True,28.64613951878979,28.66011055726274,0.013971038472949004,True,True,1500,1500,0,0,0.0,0.0,-0.1960815199931756,0.5216225589382494,0,0,0.0,0.0,-inf,-inf,0.34012499963864684,80000,1500,20,40,-8.678947198979587e-15,1500,NoiseProductJamming,Current_FDC,0.0,54,1.0,0.05
True,28.64613951878979,29.931753493587543,1.2856139747977515,True,True,1500,1500,0,0,0.0,0.0,0.00041540009572475973,0.7181194790271497,0,0,0.0,0.0,-inf,-inf,0.3886249614879489,80000,1500,20,40,-0.011138744501188642,1500,NoiseProductJamming,New_FDC,0.0,54,1.0,0.05
True,28.77353898667601,28.77353898667601,0.0,True,True,1500,1500,0,0,0.0,0.0,-7.7146197324263e-15,0.49270611867192976,0,0,0.0,0.0,-inf,-inf,0.002582964953035116,80000,1500,20,40,-8.678947198979587e-15,1500,NoiseProductJamming,Identity,0.0,55,1.0,0.05
True,28.77353898667601,28.772965417232257,-0.0005735694437518646,True,True,1500,1500,0,0,0.0,0.0,-0.04337969608070086,0.44932642259123634,0,0,0.0,0.0,-inf,-inf,0.34445797791704535,80000,1500,20,40,-8.678947198979587e-15,1500,NoiseProductJamming,Current_FDC,0.0,55,1.0,0.05
True,28.77353898667601,28.933037629080907,0.1594986424048983,True,True,1500,1500,0,0,0.0,0.0,0.0012174988381975242,0.49392361751013497,0,0,0.0,0.0,-inf,-inf,0.3875000402331352,80000,1500,20,40,-0.011138744501188642,1500,NoiseProductJamming,New_FDC,0.0,55,1.0,0.05
True,28.488832164701904,28.488832164701904,0.0,True,True,1500,1500,0,0,0.0,0.0,-8.678947198979587e-15,0.10452483932513947,1,1,0.02034850037388225,0.02034850037388225,-33.829351830343754,-33.829351830343754,0.002541986759752035,80000,1500,20,40,-8.678947198979587e-15,1500,NoiseProductJamming,Identity,0.0,56,1.0,0.05
True,28.488832164701904,28.488888808466022,5.664376411829153e-05,True,True,1500,1500,0,0,0.0,0.0,-0.30450992683878486,-0.19998508751363733,1,1,0.02034850037388225,0.020449372524945705,-33.829351830343754,-33.78640026964569,0.3334159846417606,80000,1500,20,40,-8.678947198979587e-15,1500,NoiseProductJamming,Current_FDC,0.0,56,1.0,0.05
True,28.488832164701904,29.31741922002071,0.8285870553188062,True,True,1500,1500,0,0,0.0,0.0,0.014108049459046517,0.11863288878419469,1,1,0.02034850037388225,0.018596933449959847,-33.829351830343754,-34.611173261402534,0.3880419535562396,80000,1500,20,40,-0.011138744501188642,1500,NoiseProductJamming,New_FDC,0.0,56,1.0,0.05
True,28.586851403422298,28.586851403422298,0.0,True,True,1500,1500,0,0,0.0,0.0,-8.678947198979587e-15,0.027840199867641982,1,1,0.01902936777927477,0.01902936777927477,-34.411512804447014,-34.411512804447014,0.002541986759752035,80000,1500,20,40,-8.678947198979587e-15,1500,NoiseProductJamming,Identity,0.0,57,1.0,0.05
True,28.586851403422298,28.586851403422294,-3.552713678800501e-15,True,True,1500,1500,0,0,0.0,0.0,-8.678947198979587e-15,0.027840199867641982,1,1,0.01902936777927477,0.019029367779274758,-34.411512804447014,-34.41151280444703,0.34154101740568876,80000,1500,20,40,-8.678947198979587e-15,1500,NoiseProductJamming,Current_FDC,0.0,57,1.0,0.05
True,28.586851403422298,29.413355440041688,0.8265040366193901,True,True,1500,1500,0,0,0.0,0.0,0.0648598264647286,0.09270002633237881,1,1,0.01902936777927477,0.018440028450136873,-34.411512804447014,-34.68476826464136,0.38416701136156917,80000,1500,20,40,-0.011138744501188642,1500,NoiseProductJamming,New_FDC,0.0,57,1.0,0.05
True,27.672312450032173,27.672312450032173,0.0,True,True,1500,1500,0,0,0.0,0.0,-8.678947198979587e-15,0.13451960615602826,1,1,0.020505242717668896,0.020505242717668896,-33.76270171326961,-33.76270171326961,0.002582964953035116,80000,1500,20,40,-8.678947198979587e-15,1500,NoiseProductJamming,Identity,0.0,58,1.0,0.05
True,27.672312450032173,27.672312450032173,0.0,True,True,1500,1500,0,0,0.0,0.0,-8.678947198979587e-15,0.13451960615602826,1,1,0.020505242717668896,0.020505242717668896,-33.76270171326961,-33.76270171326961,0.34666701685637236,80000,1500,20,40,-8.678947198979587e-15,1500,NoiseProductJamming,Current_FDC,0.0,58,1.0,0.05
True,27.672312450032173,27.743960082119912,0.07164763208773905,True,True,1500,1500,0,0,0.0,0.0,0.0031556307115908847,0.13767523686762842,1,1,0.020505242717668896,0.020376135522144102,-33.76270171326961,-33.81756359064576,0.39420800749212503,80000,1500,20,40,-0.011138744501188642,1500,NoiseProductJamming,New_FDC,0.0,58,1.0,0.05
True,28.667504282963403,28.667504282963403,0.0,True,True,1500,1500,0,0,0.0,0.0,-6.7502922658730125e-15,0.9700315005259337,0,0,0.0,0.0,-inf,-inf,0.0026249908842146397,80000,1500,20,40,-8.678947198979587e-15,1500,NoiseProductJamming,Identity,0.0,59,1.0,0.05
True,28.667504282963403,28.64883351082574,-0.018670772137664216,True,True,1500,1500,0,0,0.0,0.0,-0.18850997666006036,0.78152152386588,0,0,0.0,0.0,-inf,-inf,0.33650000113993883,80000,1500,20,40,-8.678947198979587e-15,1500,NoiseProductJamming,Current_FDC,0.0,59,1.0,0.05
True,28.667504282963403,28.667504282963403,0.0,True,True,1500,1500,0,0,0.0,0.0,-6.7502922658730125e-15,0.9700315005259337,0,0,0.0,0.0,-inf,-inf,0.3874999820254743,80000,1500,20,40,-0.011138744501188642,1500,NoiseProductJamming,New_FDC,0.0,59,1.0,0.05
True,28.71715476526596,28.71715476526596,0.0,True,True,1500,1500,0,0,0.0,0.0,-7.7146197324263e-15,0.7220482709674929,0,0,0.0,0.0,-inf,-inf,0.002541986759752035,80000,1500,20,40,-8.678947198979587e-15,1500,NoiseProductJamming,Identity,0.0,60,1.0,0.05
True,28.71715476526596,28.72013802654532,0.0029832612793612157,True,True,1500,1500,0,0,0.0,0.0,-0.20436685038822655,0.5176814205792737,0,0,0.0,0.0,-inf,-inf,0.3422499867156148,80000,1500,20,40,-8.678947198979587e-15,1500,NoiseProductJamming,Current_FDC,0.0,60,1.0,0.05
True,28.71715476526596,28.99678655889379,0.27963179362782853,True,True,1500,1500,0,0,0.0,0.0,-0.018513530324353194,0.7035347406431489,0,0,0.0,0.0,-inf,-inf,0.3856249968521297,80000,1500,20,40,-0.011138744501188642,1500,NoiseProductJamming,New_FDC,0.0,60,1.0,0.05
True,29.07620507596148,29.07620507596148,0.0,True,True,1500,1500,0,0,0.0,0.0,-8.678947198979587e-15,0.17011628356400987,0,0,0.0,0.0,-inf,-inf,0.002625049091875553,80000,1500,20,40,-8.678947198979587e-15,1500,NoiseProductJamming,Identity,0.0,61,1.0,0.05
True,29.07620507596148,29.1031816222887,0.026976546327222906,True,True,1500,1500,0,0,0.0,0.0,-0.38680787077180456,-0.21669158720778545,0,0,0.0,0.0,-inf,-inf,0.3364159492775798,80000,1500,20,40,-8.678947198979587e-15,1500,NoiseProductJamming,Current_FDC,0.0,61,1.0,0.05
True,29.07620507596148,29.698629691711893,0.6224246157504147,True,True,1500,1500,0,0,0.0,0.0,-0.03310967823358913,0.1370066053304305,0,0,0.0,0.0,-inf,-inf,0.3863329766318202,80000,1500,20,40,-0.011138744501188642,1500,NoiseProductJamming,New_FDC,0.0,61,1.0,0.05
True,17.718363319211413,17.718363319211413,0.0,False,False,1503,1503,3,3,9.0,9.0,-9.643274665532877e-15,-1.1054288388815807,0,0,0.0,0.0,-inf,-inf,0.002582964953035116,80000,1500,20,40,-8.678947198979587e-15,1500,NoiseProductJamming,Identity,10.0,42,1.0,0.05
True,17.718363319211413,17.721836729032304,0.0034734098208915043,False,False,1503,1503,3,3,9.0,9.0,-0.1275465597269571,-1.2122991386001138,0,0,0.0,0.0,-inf,-inf,0.33537502167746425,80000,1500,20,40,-8.678947198979587e-15,1500,NoiseProductJamming,Current_FDC,10.0,42,1.0,0.05
True,17.718363319211413,18.203827093932066,0.48546377472065316,False,False,1503,1502,3,2,9.0,6.0,0.049776669410592264,-1.045064104107412,0,1,0.0,0.01440629040827118,-inf,-36.82895669547862,0.3799159894697368,80000,1500,20,40,-0.011138744501188642,1500,NoiseProductJamming,New_FDC,10.0,42,1.0,0.05
True,17.89607450467291,17.89607450467291,0.0,False,False,1501,1501,1,1,3.0,3.0,-9.643274665532877e-15,-0.9823853030647743,1,1,0.03130814865866696,0.03130814865866696,-30.08685225423903,-30.08685225423903,0.002540997229516506,80000,1500,20,40,-8.678947198979587e-15,1500,NoiseProductJamming,Identity,10.0,43,1.0,0.05
True,17.89607450467291,17.9691782431394,0.07310373846648943,False,False,1501,1501,1,1,3.0,3.0,-0.06146917796250716,-1.0453597758055424,1,1,0.03130814865866696,0.030705054737568856,-30.08685225423903,-30.255802481380982,0.33245800295844674,80000,1500,20,40,-8.678947198979587e-15,1500,NoiseProductJamming,Current_FDC,10.0,43,1.0,0.05
True,17.89607450467291,19.828244467331796,1.932169962658886,False,False,1501,1501,1,1,3.0,3.0,0.582236584680287,-0.4124055014723065,1,0,0.03130814865866696,0.0,-30.08685225423903,-inf,0.38708298234269023,80000,1500,20,40,-0.011138744501188642,1500,NoiseProductJamming,New_FDC,10.0,43,1.0,0.05
True,19.2914783314175,19.2914783314175,0.0,False,False,1499,1499,1,1,3.0,3.0,-7.7146197324263e-15,0.6634133601533299,0,0,0.0,0.0,-inf,-inf,0.002500019036233425,80000,1500,20,40,-8.678947198979587e-15,1500,NoiseProductJamming,Identity,10.0,44,1.0,0.05
True,19.2914783314175,19.35989635232118,0.06841802090367821,False,False,1499,1499,1,1,3.0,3.0,-0.32820841554473945,0.3234137788460596,0,0,0.0,0.0,-inf,-inf,0.3350419574417174,80000,1500,20,40,-8.678947198979587e-15,1500,NoiseProductJamming,Current_FDC,10.0,44,1.0,0.05
True,19.2914783314175,20.607884857199956,1.3164065257824547,False,True,1499,1499,1,1,3.0,3.0,0.10251374139745646,0.7303989774837395,0,0,0.0,0.0,-inf,-inf,0.38650003261864185,80000,1500,20,40,-0.011138744501188642,1500,NoiseProductJamming,New_FDC,10.0,44,1.0,0.05
True,18.364156513167572,18.364156513167572,0.0,False,False,1500,1500,0,0,0.0,0.0,-8.678947198979587e-15,0.043843861310976014,1,1,0.01041007145245715,0.01041007145245715,-39.65092579153498,-39.65092579153498,0.002583954483270645,80000,1500,20,40,-8.678947198979587e-15,1500,NoiseProductJamming,Identity,10.0,45,1.0,0.05
True,18.364156513167572,18.32545886570559,-0.038697647461983564,False,False,1500,1500,0,0,0.0,0.0,-0.45061063873453017,-0.40676677742354583,1,0,0.01041007145245715,0.0,-39.65092579153498,-inf,0.33679098123684525,80000,1500,20,40,-8.678947198979587e-15,1500,NoiseProductJamming,Current_FDC,10.0,45,1.0,0.05
True,18.364156513167572,19.05256124898965,0.6884047358220791,False,False,1500,1500,0,0,0.0,0.0,-0.016176618905307014,0.027667242405678697,1,0,0.01041007145245715,0.0,-39.65092579153498,-inf,0.38116698851808906,80000,1500,20,40,-0.011138744501188642,1500,NoiseProductJamming,New_FDC,10.0,45,1.0,0.05
True,17.35501521262719,17.35501521262719,0.0,False,False,1499,1499,1,1,3.0,3.0,-9.643274665532877e-15,-1.11287683911253,0,0,0.0,0.0,-inf,-inf,0.0026249908842146397,80000,1500,20,40,-8.678947198979587e-15,1500,NoiseProductJamming,Identity,10.0,46,1.0,0.05
True,17.35501521262719,17.35501521262719,0.0,False,False,1499,1499,1,1,3.0,3.0,-9.643274665532877e-15,-1.112876839112529,0,0,0.0,0.0,-inf,-inf,0.33191696275025606,80000,1500,20,40,-8.678947198979587e-15,1500,NoiseProductJamming,Current_FDC,10.0,46,1.0,0.05
True,17.35501521262719,17.35501521262719,0.0,False,False,1499,1499,1,1,3.0,3.0,-9.643274665532877e-15,-1.112876839112529,0,0,0.0,0.0,-inf,-inf,0.38225000025704503,80000,1500,20,40,-0.011138744501188642,1500,NoiseProductJamming,New_FDC,10.0,46,1.0,0.05
True,17.221547928040838,17.221547928040838,0.0,False,False,1503,1503,3,3,9.0,9.0,-1.0607602132086164e-14,-2.2702556454850216,0,0,0.0,0.0,-inf,-inf,0.0025420449674129486,80000,1500,20,40,-8.678947198979587e-15,1500,NoiseProductJamming,Identity,10.0,47,1.0,0.05
True,17.221547928040838,17.221547928040838,0.0,False,False,1503,1503,3,3,9.0,9.0,-9.643274665532877e-15,-2.2702556454850216,0,0,0.0,0.0,-inf,-inf,0.33137499121949077,80000,1500,20,40,-8.678947198979587e-15,1500,NoiseProductJamming,Current_FDC,10.0,47,1.0,0.05
True,17.221547928040838,17.221547928040838,0.0,False,False,1503,1503,3,3,9.0,9.0,-1.0607602132086164e-14,-2.2702556454850233,0,0,0.0,0.0,-inf,-inf,0.3827079781331122,80000,1500,20,40,-0.011138744501188642,1500,NoiseProductJamming,New_FDC,10.0,47,1.0,0.05
True,21.237447127390293,21.237447127390293,0.0,False,False,1500,1500,0,0,0.0,0.0,-5.785964799319725e-15,2.380189653445544,1,1,0.01754062333615185,0.01754062333615185,-35.1190995459207,-35.1190995459207,0.0025830231606960297,80000,1500,20,40,-8.678947198979587e-15,1500,NoiseProductJamming,Identity,10.0,48,1.0,0.05
True,21.237447127390293,21.280246220838677,0.04279909344838373,False,False,1500,1500,0,0,0.0,0.0,-0.5404509651434268,1.8397386883021236,1,1,0.01754062333615185,0.017663620653731258,-35.1190995459207,-35.05840541633709,0.3416250110603869,80000,1500,20,40,-8.678947198979587e-15,1500,NoiseProductJamming,Current_FDC,10.0,48,1.0,0.05
True,21.237447127390293,22.685403016833135,1.4479558894428415,False,False,1500,1500,0,0,0.0,0.0,0.01985410718679089,2.4000437606323404,1,1,0.01754062333615185,0.01604606237241242,-35.1190995459207,-35.89263047981133,0.3891669912263751,80000,1500,20,40,-0.011138744501188642,1500,NoiseProductJamming,New_FDC,10.0,48,1.0,0.05
True,20.470448747067806,20.470448747067806,0.0,True,True,1500,1500,0,0,0.0,0.0,-6.7502922658730125e-15,1.9199591199043589,1,1,0.016671571044972598,0.016671571044972598,-35.560469450334516,-35.560469450334516,0.0026249908842146397,80000,1500,20,40,-8.678947198979587e-15,1500,NoiseProductJamming,Identity,10.0,49,1.0,0.05
True,20.470448747067806,20.4612138952568,-0.00923485181100503,True,True,1500,1500,0,0,0.0,0.0,-0.6193096940311748,1.3006494258731907,1,1,0.016671571044972598,0.0168398621256649,-35.560469450334516,-35.47322937110749,0.334041949827224,80000,1500,20,40,-8.678947198979587e-15,1500,NoiseProductJamming,Current_FDC,10.0,49,1.0,0.05
True,20.470448747067806,21.623645507702513,1.1531967606347067,True,True,1500,1500,0,0,0.0,0.0,-0.04397507953793224,1.8759840403664332,1,1,0.016671571044972598,0.014705237955491808,-35.560469450334516,-36.65055886969261,0.3838340053334832,80000,1500,20,40,-0.011138744501188642,1500,NoiseProductJamming,New_FDC,10.0,49,1.0,0.05
True,18.331617920711928,18.331617920711928,0.0,False,False,1500,1500,0,0,0.0,0.0,-8.678947198979587e-15,-0.07819156148522788,1,1,0.016987944946061838,0.016987944946061838,-35.397183102509075,-35.397183102509075,0.002540997229516506,80000,1500,20,40,-8.678947198979587e-15,1500,NoiseProductJamming,Identity,10.0,50,1.0,0.05
True,18.331617920711928,18.3178020153607,-0.013815905351226121,False,False,1500,1500,0,0,0.0,0.0,-0.13298745599039463,-0.2111790174756127,1,1,0.016987944946061838,0.017005312275660944,-35.397183102509075,-35.38830777053679,0.3335409564897418,80000,1500,20,40,-8.678947198979587e-15,1500,NoiseProductJamming,Current_FDC,10.0,50,1.0,0.05
True,18.331617920711928,18.344875411071165,0.013257490359237067,False,False,1500,1500,0,0,0.0,0.0,-0.0018541771472312236,-0.08004573863245047,1,1,0.016987944946061838,0.01696579593760792,-35.397183102509075,-35.40851521881231,0.3922500181943178,80000,1500,20,40,-0.011138744501188642,1500,NoiseProductJamming,New_FDC,10.0,50,1.0,0.05
True,21.077066327087493,21.077066327087493,0.0,False,False,1501,1501,1,1,3.0,3.0,-5.785964799319725e-15,2.6615046485711753,0,0,0.0,0.0,-inf,-inf,0.0025830231606960297,80000,1500,20,40,-8.678947198979587e-15,1500,NoiseProductJamming,Identity,10.0,51,1.0,0.05
True,21.077066327087493,21.089133325892647,0.012066998805153162,False,False,1501,1501,1,1,3.0,3.0,-0.5726196932896246,2.099801704590688,0,0,0.0,0.0,-inf,-inf,0.3297500079497695,80000,1500,20,40,-8.678947198979587e-15,1500,NoiseProductJamming,Current_FDC,10.0,51,1.0,0.05
True,21.077066327087493,22.316524936989342,1.239458609901849,False,False,1501,1501,1,1,3.0,3.0,-0.010657698576852847,2.673183181777747,0,0,0.0,0.0,-inf,-inf,0.38333400152623653,80000,1500,20,40,-0.011138744501188642,1500,NoiseProductJamming,New_FDC,10.0,51,1.0,0.05
True,18.818745744455626,18.818745744455626,0.0,False,False,1499,1499,1,1,3.0,3.0,-7.7146197324263e-15,0.10338348822949713,0,0,0.0,0.0,-inf,-inf,0.0026249908842146397,80000,1500,20,40,-8.678947198979587e-15,1500,NoiseProductJamming,Identity,10.0,52,1.0,0.05
True,18.818745744455626,18.8170042861043,-0.0017414583513257753,False,False,1499,1499,1,1,3.0,3.0,-0.041000241474386065,0.058888893814104955,0,0,0.0,0.0,-inf,-inf,0.3363749710842967,80000,1500,20,40,-8.678947198979587e-15,1500,NoiseProductJamming,Current_FDC,10.0,52,1.0,0.05
True,18.818745744455626,19.69470225513033,0.8759565106747047,False,False,1499,1499,1,1,3.0,3.0,0.21063511963965514,0.27482708233093756,0,0,0.0,0.0,-inf,-inf,0.398916017729789,80000,1500,20,40,-0.011138744501188642,1500,NoiseProductJamming,New_FDC,10.0,52,1.0,0.05
True,20.397672313894276,20.397672313894276,0.0,False,False,1499,1499,1,1,3.0,3.0,-5.785964799319725e-15,2.168926863382435,0,0,0.0,0.0,-inf,-inf,0.0025420449674129486,80000,1500,20,40,-8.678947198979587e-15,1500,NoiseProductJamming,Identity,10.0,53,1.0,0.05
True,20.397672313894276,20.44041810043246,0.04274578653818395,False,False,1499,1499,1,1,3.0,3.0,-0.7025454204894667,1.4638517799967323,0,0,0.0,0.0,-inf,-inf,0.3339579561725259,80000,1500,20,40,-8.678947198979587e-15,1500,NoiseProductJamming,Current_FDC,10.0,53,1.0,0.05
True,20.397672313894276,22.028239717530155,1.6305674036358795,False,False,1499,1499,1,1,3.0,3.0,-0.03117626859960509,2.132062414893924,0,2,0.0,0.017545708532945275,-inf,-35.11658178723281,0.38762501208111644,80000,1500,20,40,-0.011138744501188642,1500,NoiseProductJamming,New_FDC,10.0,53,1.0,0.05
True,20.630371167355037,20.630371167355037,0.0,True,True,1499,1499,1,1,3.0,3.0,-5.785964799319725e-15,2.2026865754517204,0,0,0.0,0.0,-inf,-inf,0.0025830231606960297,80000,1500,20,40,-8.678947198979587e-15,1500,NoiseProductJamming,Identity,10.0,54,1.0,0.05
True,20.630371167355037,20.705935658389816,0.07556449103477902,True,True,1499,1499,1,1,3.0,3.0,-0.8025832350151779,1.406304374553434,0,0,0.0,0.0,-inf,-inf,0.332249968778342,80000,1500,20,40,-8.678947198979587e-15,1500,NoiseProductJamming,Current_FDC,10.0,54,1.0,0.05
True,20.630371167355037,22.80910763828413,2.178736470929092,True,True,1499,1499,1,1,3.0,3.0,0.013747306420888863,2.1933174114214795,0,0,0.0,0.0,-inf,-inf,0.3838750417344272,80000,1500,20,40,-0.011138744501188642,1500,NoiseProductJamming,New_FDC,10.0,54,1.0,0.05
True,20.28853666458511,20.28853666458511,0.0,False,False,1501,1501,1,1,3.0,3.0,-6.7502922658730125e-15,1.6101524959399742,0,0,0.0,0.0,-inf,-inf,0.002625049091875553,80000,1500,20,40,-8.678947198979587e-15,1500,NoiseProductJamming,Identity,10.0,55,1.0,0.05
True,20.28853666458511,20.283788359763022,-0.0047483048220868795,False,False,1501,1501,1,1,3.0,3.0,-0.22832353985796872,1.3886672126865012,0,0,0.0,0.0,-inf,-inf,0.33604202326387167,80000,1500,20,40,-8.678947198979587e-15,1500,NoiseProductJamming,Current_FDC,10.0,55,1.0,0.05
True,20.28853666458511,20.83695475425733,0.5484180896722215,False,False,1501,1500,1,0,3.0,0.0,0.0026067654701276317,1.6247951484611218,0,0,0.0,0.0,-inf,-inf,0.3947080112993717,80000,1500,20,40,-0.011138744501188642,1500,NoiseProductJamming,New_FDC,10.0,55,1.0,0.05
True,19.341828471568164,19.341828471568164,0.0,False,False,1499,1499,1,1,3.0,3.0,-7.7146197324263e-15,0.39770896544849615,1,1,0.019358710870323804,0.019358710870323804,-34.26247132954578,-34.26247132954578,0.002541986759752035,80000,1500,20,40,-8.678947198979587e-15,1500,NoiseProductJamming,Identity,10.0,56,1.0,0.05
True,19.341828471568164,19.319461184891406,-0.022367286676757914,False,False,1499,1499,1,1,3.0,3.0,-0.6406381170035631,-0.20103740746311072,1,1,0.019358710870323804,0.019625426190607885,-34.26247132954578,-34.14361806467894,0.3370830090716481,80000,1500,20,40,-8.678947198979587e-15,1500,NoiseProductJamming,Current_FDC,10.0,56,1.0,0.05
True,19.341828471568164,20.62269846274621,1.2808699911780472,False,False,1499,1499,1,1,3.0,3.0,0.02097279545697359,0.4935264878061873,1,1,0.019358710870323804,0.016956478906520252,-34.26247132954578,-35.41328652063029,0.41145802242681384,80000,1500,20,40,-0.011138744501188642,1500,NoiseProductJamming,New_FDC,10.0,56,1.0,0.05
True,19.26267572627962,19.26267572627962,0.0,True,True,1501,1501,1,1,3.0,3.0,-7.7146197324263e-15,0.019021347747400903,1,1,0.018577999150433087,0.018577999150433087,-34.62002122634992,-34.62002122634992,0.002666027285158634,80000,1500,20,40,-8.678947198979587e-15,1500,NoiseProductJamming,Identity,10.0,57,1.0,0.05
True,19.26267572627962,19.317582883284796,0.05490715700517512,True,True,1501,1501,1,1,3.0,3.0,-0.1283705714258029,-0.1012581316902289,1,1,0.018577999150433087,0.018720936096214506,-34.62002122634992,-34.55344878369305,0.3393330262042582,80000,1500,20,40,-8.678947198979587e-15,1500,NoiseProductJamming,Current_FDC,10.0,57,1.0,0.05
True,19.26267572627962,20.639186137257365,1.376510410977744,True,True,1501,1501,1,1,3.0,3.0,0.24407650395580613,0.30497273332540703,1,1,0.018577999150433087,0.017504870156362973,-34.62002122634992,-35.13682212595293,0.3860830329358578,80000,1500,20,40,-0.011138744501188642,1500,NoiseProductJamming,New_FDC,10.0,57,1.0,0.05
True,18.855768112776566,18.855768112776566,0.0,False,False,1500,1500,0,0,0.0,0.0,-7.7146197324263e-15,0.6938992803301167,1,1,0.019226309563696174,0.019226309563696174,-34.3220813874437,-34.3220813874437,0.0026249908842146397,80000,1500,20,40,-8.678947198979587e-15,1500,NoiseProductJamming,Identity,10.0,58,1.0,0.05
True,18.855768112776566,18.869846590732585,0.014078477956019242,False,False,1500,1500,0,0,0.0,0.0,-0.05011879002434303,0.643780490305782,1,1,0.019226309563696174,0.019229404885203985,-34.3220813874437,-34.320683123416906,0.33512496156618,80000,1500,20,40,-8.678947198979587e-15,1500,NoiseProductJamming,Current_FDC,10.0,58,1.0,0.05
True,18.855768112776566,19.55716949181363,0.7014013790370655,False,False,1500,1500,0,0,0.0,0.0,0.07196234793757283,0.7658616282676969,1,1,0.019226309563696174,0.018095635110763366,-34.3220813874437,-34.848523393133334,0.3862499725073576,80000,1500,20,40,-0.011138744501188642,1500,NoiseProductJamming,New_FDC,10.0,58,1.0,0.05
True,21.533746598450655,21.533746598450655,0.0,False,False,1501,1501,1,1,3.0,3.0,-5.785964799319725e-15,2.98650395014191,0,0,0.0,0.0,-inf,-inf,0.0025840126909315586,80000,1500,20,40,-8.678947198979587e-15,1500,NoiseProductJamming,Identity,10.0,59,1.0,0.05
True,21.533746598450655,21.50784136075457,-0.025905237696086658,False,False,1501,1501,1,1,3.0,3.0,-0.12698425128870247,2.8591369194512213,0,0,0.0,0.0,-inf,-inf,0.3434999962337315,80000,1500,20,40,-8.678947198979587e-15,1500,NoiseProductJamming,Current_FDC,10.0,59,1.0,0.05
True,21.533746598450655,21.533746598450655,0.0,False,False,1501,1501,1,1,3.0,3.0,-6.7502922658730125e-15,2.98650395014191,0,0,0.0,0.0,-inf,-inf,0.37758302642032504,80000,1500,20,40,-0.011138744501188642,1500,NoiseProductJamming,New_FDC,10.0,59,1.0,0.05
True,20.453767194262042,20.453767194262042,0.0,False,False,1500,1500,0,0,0.0,0.0,-5.785964799319725e-15,2.197252541122392,0,0,0.0,0.0,-inf,-inf,0.0024999608285725117,80000,1500,20,40,-8.678947198979587e-15,1500,NoiseProductJamming,Identity,10.0,60,1.0,0.05
True,20.453767194262042,20.398141934439693,-0.05562525982234945,False,False,1500,1500,0,0,0.0,0.0,-0.7411297892764597,1.4561227518459388,0,0,0.0,0.0,-inf,-inf,0.33300003269687295,80000,1500,20,40,-8.678947198979587e-15,1500,NoiseProductJamming,Current_FDC,10.0,60,1.0,0.05
True,20.453767194262042,21.277910531922146,0.8241433376601037,False,True,1500,1500,0,0,0.0,0.0,-0.154220664979868,2.0430318761425297,0,1,0.0,0.015886058941106448,-inf,-35.97967660892933,0.381499994546175,80000,1500,20,40,-0.011138744501188642,1500,NoiseProductJamming,New_FDC,10.0,60,1.0,0.05
True,20.16160724897478,20.16160724897478,0.0,False,False,1501,1501,1,1,3.0,3.0,-6.7502922658730125e-15,0.6960084354587794,0,0,0.0,0.0,-inf,-inf,0.002541986759752035,80000,1500,20,40,-8.678947198979587e-15,1500,NoiseProductJamming,Identity,10.0,61,1.0,0.05
True,20.16160724897478,20.1635125979189,0.001905348944120533,False,False,1501,1501,1,1,3.0,3.0,-0.8816012423113627,-0.2021761587678952,0,0,0.0,0.0,-inf,-inf,0.3548749955371022,80000,1500,20,40,-8.678947198979587e-15,1500,NoiseProductJamming,Current_FDC,10.0,61,1.0,0.05
True,20.16160724897478,21.52862993063042,1.3670226816556408,False,False,1501,1501,1,1,3.0,3.0,-0.15366304891706153,0.5031292818109689,0,0,0.0,0.0,-inf,-inf,0.3774579963646829,80000,1500,20,40,-0.011138744501188642,1500,NoiseProductJamming,New_FDC,10.0,61,1.0,0.05
True,13.139922422594532,13.139922422594532,0.0,False,False,1456,1456,44,44,132.0,132.0,-4.821637332766436e-15,0.6961782327884364,0,0,0.0,0.0,-inf,-inf,0.0024170149117708206,80000,1500,20,40,-8.678947198979587e-15,1500,NoiseProductJamming,Identity,20.0,42,1.0,0.05
True,13.139922422594532,13.054228595566919,-0.08569382702761352,False,False,1456,1456,44,44,132.0,132.0,-0.4185047947126609,0.37774614665082196,0,0,0.0,0.0,-inf,-inf,0.33300003269687295,80000,1500,20,40,-8.678947198979587e-15,1500,NoiseProductJamming,Current_FDC,20.0,42,1.0,0.05
True,13.139922422594532,12.818871255717069,-0.3210511668774636,False,False,1456,1456,44,44,132.0,132.0,-1.10490904638991,-0.13694374501891698,0,1,0.0,0.008173264296141666,-inf,-41.75208914434502,0.38374995347112417,80000,1500,20,40,-0.011138744501188642,1500,NoiseProductJamming,New_FDC,20.0,42,1.0,0.05
True,9.908025272365272,9.908025272365272,0.0,False,False,1298,1298,202,202,606.0,606.0,-6.7502922658730125e-15,-3.1420894072674246,0,0,0.0,0.0,-inf,-inf,0.002540997229516506,80000,1500,20,40,-8.678947198979587e-15,1500,NoiseProductJamming,Identity,20.0,43,1.0,0.05
True,9.908025272365272,9.07805682229781,-0.8299684500674616,False,False,1298,1298,202,202,606.0,606.0,-1.45151605467694,-2.5522949591797595,0,0,0.0,0.0,-inf,-inf,0.33587496727705,80000,1500,20,40,-8.678947198979587e-15,1500,NoiseProductJamming,Current_FDC,20.0,43,1.0,0.05
True,9.908025272365272,8.64407490036724,-1.2639503719980318,False,False,1298,1298,202,202,606.0,606.0,-2.2229951284386478,-2.2118726885343944,0,0,0.0,0.0,-inf,-inf,0.3826249740086496,80000,1500,20,40,-0.011138744501188642,1500,NoiseProductJamming,New_FDC,20.0,43,1.0,0.05
True,11.946576709905635,11.946576709905635,0.0,False,False,1452,1452,48,48,144.0,144.0,-5.785964799319725e-15,3.037367824437769,0,0,0.0,0.0,-inf,-inf,0.002540997229516506,80000,1500,20,40,-8.678947198979587e-15,1500,NoiseProductJamming,Identity,20.0,44,1.0,0.05
True,11.946576709905635,12.19691517602913,0.25033846612349464,False,False,1452,1452,48,48,144.0,144.0,-0.31023668152070144,2.6904945103180995,0,0,0.0,0.0,-inf,-inf,0.3345829900354147,80000,1500,20,40,-8.678947198979587e-15,1500,NoiseProductJamming,Current_FDC,20.0,44,1.0,0.05
True,11.946576709905635,12.375420295943568,0.4288435860379334,False,False,1452,1452,48,48,144.0,144.0,-0.8015245635459789,2.155167212238674,0,0,0.0,0.0,-inf,-inf,0.382583006285131,80000,1500,20,40,-0.011138744501188642,1500,NoiseProductJamming,New_FDC,20.0,44,1.0,0.05
True,10.68839753992071,10.68839753992071,0.0,False,False,1380,1380,120,120,360.0,360.0,-5.785964799319725e-15,-0.023133426399785068,1,1,0.008016742380167736,0.008016742380167736,-41.92004144659846,-41.92004144659846,0.002582964953035116,80000,1500,20,40,-8.678947198979587e-15,1500,NoiseProductJamming,Identity,20.0,45,1.0,0.05
True,10.68839753992071,10.906901153444501,0.21850361352379188,False,False,1380,1380,120,120,360.0,360.0,-0.15356612536455563,-0.4153355529615671,1,0,0.008016742380167736,0.0,-41.92004144659846,-inf,0.3334999782964587,80000,1500,20,40,-8.678947198979587e-15,1500,NoiseProductJamming,Current_FDC,20.0,45,1.0,0.05
True,10.68839753992071,11.004008578695244,0.31561103877453434,False,False,1380,1380,120,120,360.0,360.0,-0.24065515407175722,-0.5971101951880355,1,1,0.008016742380167736,0.017346828949969122,-41.92004144659846,-35.21559807786313,0.38474996108561754,80000,1500,20,40,-0.011138744501188642,1500,NoiseProductJamming,New_FDC,20.0,45,1.0,0.05
True,10.393491777780516,10.393491777780516,0.0,False,False,1252,1252,248,248,744.0,744.0,-6.7502922658730125e-15,-2.6658288469054674,0,0,0.0,0.0,-inf,-inf,0.002541986759752035,80000,1500,20,40,-8.678947198979587e-15,1500,NoiseProductJamming,Identity,20.0,46,1.0,0.05
True,10.393491777780516,10.393491777780515,-1.7763568394002505e-15,False,False,1252,1252,248,248,744.0,744.0,-6.7502922658730125e-15,-2.6658288469054674,0,0,0.0,0.0,-inf,-inf,0.33708399860188365,80000,1500,20,40,-8.678947198979587e-15,1500,NoiseProductJamming,Current_FDC,20.0,46,1.0,0.05
True,10.393491777780516,10.393491777780515,-1.7763568394002505e-15,False,False,1252,1252,248,248,744.0,744.0,-7.7146197324263e-15,-2.665828846905469,0,0,0.0,0.0,-inf,-inf,0.3846249892376363,80000,1500,20,40,-0.011138744501188642,1500,NoiseProductJamming,New_FDC,20.0,46,1.0,0.05
True,12.51152862398116,12.51152862398116,0.0,False,False,1390,1390,110,110,330.0,330.0,-4.821637332766436e-15,-1.9996485683695102,0,0,0.0,0.0,-inf,-inf,0.0026249908842146397,80000,1500,20,40,-8.678947198979587e-15,1500,NoiseProductJamming,Identity,20.0,47,1.0,0.05
True,12.51152862398116,12.434511263066046,-0.07701736091511435,False,False,1390,1218,110,282,330.0,846.0,-0.20800705275630477,-2.2008258772187106,0,0,0.0,0.0,-inf,-inf,0.33424998400732875,80000,1500,20,40,-8.678947198979587e-15,1500,NoiseProductJamming,Current_FDC,20.0,47,1.0,0.05
True,12.51152862398116,12.511431524986655,-9.70989945052736e-05,False,False,1390,1390,110,110,330.0,330.0,-0.00024557929015459973,-1.9998745609817947,0,0,0.0,0.0,-inf,-inf,0.38225000025704503,80000,1500,20,40,-0.011138744501188642,1500,NoiseProductJamming,New_FDC,20.0,47,1.0,0.05
True,15.231738099502737,15.231738099502737,0.0,False,False,1394,1394,106,106,318.0,318.0,-3.857309866213149e-15,6.250689204648566,1,1,0.011205846189004139,0.011205846189004139,-39.01110685872399,-39.01110685872399,0.002540997229516506,80000,1500,20,40,-8.678947198979587e-15,1500,NoiseProductJamming,Identity,20.0,48,1.0,0.05
True,15.231738099502737,15.305852988911814,0.07411488940907773,False,False,1394,1394,106,106,318.0,318.0,-0.6629727143163866,5.596306989157482,1,1,0.011205846189004139,0.011273632380710696,-39.01110685872399,-38.95872262187921,0.33354200422763824,80000,1500,20,40,-8.678947198979587e-15,1500,NoiseProductJamming,Current_FDC,20.0,48,1.0,0.05
True,15.231738099502737,15.260498419263966,0.02876031976122917,False,False,1394,1394,106,106,318.0,318.0,-1.1105200627002616,5.161676903548624,1,1,0.011205846189004139,0.01115674892204581,-39.01110685872399,-39.04924680853036,0.38254098035395145,80000,1500,20,40,-0.011138744501188642,1500,NoiseProductJamming,New_FDC,20.0,48,1.0,0.05
True,13.75158823743437,13.75158823743437,0.0,False,False,1323,1323,177,177,531.0,531.0,-4.821637332766436e-15,5.044958009505603,1,1,0.01163393366012085,0.01163393366012085,-38.68546833993574,-38.68546833993574,0.002541986759752035,80000,1500,20,40,-8.678947198979587e-15,1500,NoiseProductJamming,Identity,20.0,49,1.0,0.05
True,13.75158823743437,13.697005782525979,-0.05458245490839175,False,False,1323,1323,177,177,531.0,531.0,-0.70971470624882,4.335243303256786,1,1,0.01163393366012085,0.011816214281875095,-38.68546833993574,-38.550432837686344,0.3321249969303608,80000,1500,20,40,-8.678947198979587e-15,1500,NoiseProductJamming,Current_FDC,20.0,49,1.0,0.05
True,13.75158823743437,13.487295325724576,-0.26429291170979496,False,False,1323,1323,177,177,531.0,531.0,-1.5484807893189325,3.496477220186674,1,0,0.01163393366012085,0.0,-38.68546833993574,-inf,0.3822080325335264,80000,1500,20,40,-0.011138744501188642,1500,NoiseProductJamming,New_FDC,20.0,49,1.0,0.05
True,9.276071287277363,9.276071287277363,0.0,False,False,1459,1459,41,41,123.0,123.0,-6.7502922658730125e-15,0.8029384783543143,1,1,0.01534915044586045,0.01534915044586045,-36.278313142348686,-36.278313142348686,0.002541986759752035,80000,1500,20,40,-8.678947198979587e-15,1500,NoiseProductJamming,Identity,20.0,50,1.0,0.05
True,9.276071287277363,9.257325232814148,-0.018746054463214534,False,False,1459,1459,41,41,123.0,123.0,-0.08867819308069877,0.7142602852736241,1,1,0.01534915044586045,0.015381939728986853,-36.278313142348686,-36.25977789345229,0.3316249931231141,80000,1500,20,40,-8.678947198979587e-15,1500,NoiseProductJamming,Current_FDC,20.0,50,1.0,0.05
True,9.276071287277363,9.192211189360075,-0.0838600979172881,False,False,1459,1459,41,41,123.0,123.0,-0.3064374973801961,0.4965009809741261,1,1,0.01534915044586045,0.01550969865175119,-36.278313142348686,-36.18793280601417,0.38220896385610104,80000,1500,20,40,-0.011138744501188642,1500,NoiseProductJamming,New_FDC,20.0,50,1.0,0.05
True,15.310818939582962,15.310818939582962,0.0,False,False,1421,1421,79,79,237.0,237.0,-3.857309866213149e-15,6.6917615509682555,0,0,0.0,0.0,-inf,-inf,0.002540997229516506,80000,1500,20,40,-8.678947198979587e-15,1500,NoiseProductJamming,Identity,20.0,51,1.0,0.05
True,15.310818939582962,15.30259683403894,-0.008222105544021474,False,False,1421,1421,79,79,237.0,237.0,-0.7404851448050986,5.977694674779299,0,0,0.0,0.0,-inf,-inf,0.33195799915120006,80000,1500,20,40,-8.678947198979587e-15,1500,NoiseProductJamming,Current_FDC,20.0,51,1.0,0.05
True,15.310818939582962,15.13456407266781,-0.17625486691515135,False,False,1421,1421,79,79,237.0,237.0,-1.311965527320046,5.429184818116315,0,0,0.0,0.0,-inf,-inf,0.3821249702014029,80000,1500,20,40,-0.011138744501188642,1500,NoiseProductJamming,New_FDC,20.0,51,1.0,0.05
True,12.905666831441513,12.905666831441513,0.0,False,False,1422,1422,78,78,234.0,234.0,-4.821637332766436e-15,3.480783807049437,0,0,0.0,0.0,-inf,-inf,0.0025840126909315586,80000,1500,20,40,-8.678947198979587e-15,1500,NoiseProductJamming,Identity,20.0,52,1.0,0.05
True,12.905666831441513,12.905666831441515,1.7763568394002505e-15,False,False,1422,1422,78,78,234.0,234.0,-3.857309866213149e-15,3.480783807049437,0,0,0.0,0.0,-inf,-inf,0.33362495014443994,80000,1500,20,40,-8.678947198979587e-15,1500,NoiseProductJamming,Current_FDC,20.0,52,1.0,0.05
True,12.905666831441513,12.905666831441513,0.0,False,False,1422,1422,78,78,234.0,234.0,-4.821637332766436e-15,3.480783807049437,0,0,0.0,0.0,-inf,-inf,0.3874580143019557,80000,1500,20,40,-0.011138744501188642,1500,NoiseProductJamming,New_FDC,20.0,52,1.0,0.05
True,14.323060799136728,14.323060799136728,0.0,False,False,1497,1497,3,3,9.0,9.0,-3.857309866213149e-15,5.632333144020708,0,0,0.0,0.0,-inf,-inf,0.002707995008677244,80000,1500,20,40,-8.678947198979587e-15,1500,NoiseProductJamming,Identity,20.0,53,1.0,0.05
True,14.323060799136728,14.358175410299005,0.03511461116227643,False,False,1497,1497,3,3,9.0,9.0,-0.8256750708211946,4.801419942367421,0,0,0.0,0.0,-inf,-inf,0.3540419857017696,80000,1500,20,40,-8.678947198979587e-15,1500,NoiseProductJamming,Current_FDC,20.0,53,1.0,0.05
True,14.323060799136728,15.923710715148706,1.600649916011978,False,False,1497,1497,3,3,9.0,9.0,-0.11274304320478255,5.428411182564319,0,2,0.0,0.011284006333206793,-inf,-38.95073357533167,0.3877920098602772,80000,1500,20,40,-0.011138744501188642,1500,NoiseProductJamming,New_FDC,20.0,53,1.0,0.05
True,14.47041194575458,14.47041194575458,0.0,False,False,1459,1459,41,41,123.0,123.0,-3.857309866213149e-15,5.8535469551873645,0,0,0.0,0.0,-inf,-inf,0.0025840126909315586,80000,1500,20,40,-8.678947198979587e-15,1500,NoiseProductJamming,Identity,20.0,54,1.0,0.05
True,14.47041194575458,14.542912199550633,0.0725002537960524,False,False,1459,1459,41,41,123.0,123.0,-1.0226148281020941,4.829852502636806,0,1,0.0,0.029390955336171223,-inf,-30.635725944090822,0.33016694942489266,80000,1500,20,40,-8.678947198979587e-15,1500,NoiseProductJamming,Current_FDC,20.0,54,1.0,0.05
True,14.47041194575458,16.736574519763355,2.2661625740087743,False,False,1459,1499,41,1,123.0,3.0,-0.01549024584800742,5.832035366077469,0,1,0.0,0.02590244781536835,-inf,-31.73318385159911,0.3855419927276671,80000,1500,20,40,-0.011138744501188642,1500,NoiseProductJamming,New_FDC,20.0,54,1.0,0.05
True,13.666250431392903,13.666250431392903,0.0,False,False,1116,1116,384,384,1152.0,1152.0,-4.821637332766436e-15,4.6715715374260265,0,0,0.0,0.0,-inf,-inf,0.0025830231606960297,80000,1500,20,40,-8.678947198979587e-15,1500,NoiseProductJamming,Identity,20.0,55,1.0,0.05
True,13.666250431392903,13.62620766004252,-0.04004277135038414,False,False,1116,1116,384,384,1152.0,1152.0,-0.3431519746576902,4.3718027501715255,0,0,0.0,0.0,-inf,-inf,0.3343750140629709,80000,1500,20,40,-8.678947198979587e-15,1500,NoiseProductJamming,Current_FDC,20.0,55,1.0,0.05
True,13.666250431392903,13.518933579789632,-0.14731685160327146,False,False,1116,1116,384,384,1152.0,1152.0,-0.7982479349187654,3.9697155325213416,0,0,0.0,0.0,-inf,-inf,0.3844170132651925,80000,1500,20,40,-0.011138744501188642,1500,NoiseProductJamming,New_FDC,20.0,55,1.0,0.05
True,11.850463311259873,11.850463311259873,0.0,False,False,1481,1481,19,19,57.0,57.0,-5.785964799319725e-15,1.2971589538360226,1,1,0.014524586170049212,0.014524586170049212,-36.7579246508688,-36.7579246508688,0.0026249908842146397,80000,1500,20,40,-8.678947198979587e-15,1500,NoiseProductJamming,Identity,20.0,56,1.0,0.05
True,11.850463311259873,11.473092105478413,-0.37737120578145955,False,False,1481,1481,19,19,57.0,57.0,-1.1371736904603384,0.6477104131513043,1,1,0.014524586170049212,0.015387122260672556,-36.7579246508688,-36.2568519089872,0.3498750156722963,80000,1500,20,40,-8.678947198979587e-15,1500,NoiseProductJamming,Current_FDC,20.0,56,1.0,0.05
True,11.850463311259873,11.170650895779852,-0.6798124154800202,False,False,1481,1481,19,19,57.0,57.0,-2.017387281624927,-0.05172700798091592,1,1,0.014524586170049212,0.015885063037871808,-36.7579246508688,-35.98022114780932,0.39424997521564364,80000,1500,20,40,-0.011138744501188642,1500,NoiseProductJamming,New_FDC,20.0,56,1.0,0.05
True,10.984897014462142,10.984897014462142,0.0,False,False,1445,1445,55,55,165.0,165.0,-6.7502922658730125e-15,0.10263203252936946,1,1,0.015276922734810974,0.015276922734810974,-36.319282357461695,-36.319282357461695,0.0026249908842146397,80000,1500,20,40,-8.678947198979587e-15,1500,NoiseProductJamming,Identity,20.0,57,1.0,0.05
True,10.984897014462142,11.156962204856985,0.17206519039484292,False,False,1445,1445,55,55,165.0,165.0,-0.31586442115489977,0.040613521745181715,1,1,0.015276922734810974,0.015574407822060227,-36.319282357461695,-36.151769146346375,0.3372920327819884,80000,1500,20,40,-8.678947198979587e-15,1500,NoiseProductJamming,Current_FDC,20.0,57,1.0,0.05
True,10.984897014462142,11.315356190082685,0.3304591756205433,False,False,1445,1446,55,54,165.0,162.0,-0.5567421423701888,0.02807701799466883,1,1,0.015276922734810974,0.01587190324504596,-36.319282357461695,-35.98741985272776,0.3846659674309194,80000,1500,20,40,-0.011138744501188642,1500,NoiseProductJamming,New_FDC,20.0,57,1.0,0.05
True,13.276089722387201,13.276089722387201,0.0,False,False,1375,1375,125,125,375.0,375.0,-4.821637332766436e-15,3.2073356581022945,1,1,0.01169506265378116,0.01169506265378116,-38.63994894418755,-38.63994894418755,0.002583954483270645,80000,1500,20,40,-8.678947198979587e-15,1500,NoiseProductJamming,Identity,20.0,58,1.0,0.05
True,13.276089722387201,13.326445704405863,0.05035598201866165,False,False,1375,1375,125,125,375.0,375.0,-0.24429089270178508,3.021852622229255,1,1,0.01169506265378116,0.011734406664575106,-38.63994894418755,-38.61077730122346,0.3343750140629709,80000,1500,20,40,-8.678947198979587e-15,1500,NoiseProductJamming,Current_FDC,20.0,58,1.0,0.05
True,13.276089722387201,13.324313752896863,0.04822403050966173,False,False,1375,1375,125,125,375.0,375.0,-0.3253124268182001,2.9566276516694407,1,1,0.01169506265378116,0.011780894604866383,-38.63994894418755,-38.57643458621603,0.38404198130592704,80000,1500,20,40,-0.011138744501188642,1500,NoiseProductJamming,New_FDC,20.0,58,1.0,0.05
True,16.626885232189387,16.626885232189387,0.0,False,False,1501,1501,1,1,3.0,3.0,-2.892982399659862e-15,7.944186661005235,0,0,0.0,0.0,-inf,-inf,0.002540997229516506,80000,1500,20,40,-8.678947198979587e-15,1500,NoiseProductJamming,Identity,20.0,59,1.0,0.05
True,16.626885232189387,16.62688523218939,3.552713678800501e-15,False,False,1501,1501,1,1,3.0,3.0,0.0,7.944186661005236,0,0,0.0,0.0,-inf,-inf,0.3356669913046062,80000,1500,20,40,-8.678947198979587e-15,1500,NoiseProductJamming,Current_FDC,20.0,59,1.0,0.05
True,16.626885232189387,16.626885232189387,0.0,False,False,1501,1501,1,1,3.0,3.0,-2.892982399659862e-15,7.944186661005231,0,0,0.0,0.0,-inf,-inf,0.3839580458588898,80000,1500,20,40,-0.011138744501188642,1500,NoiseProductJamming,New_FDC,20.0,59,1.0,0.05
True,14.0568024583804,14.0568024583804,0.0,False,False,1095,1095,405,405,1215.0,1215.0,-3.857309866213149e-15,5.711086487295891,0,0,0.0,0.0,-inf,-inf,0.0025840126909315586,80000,1500,20,40,-8.678947198979587e-15,1500,NoiseProductJamming,Identity,20.0,60,1.0,0.05
True,14.0568024583804,13.878608299696483,-0.17819415868391708,False,False,1095,1095,405,405,1215.0,1215.0,-0.8996505384416016,4.7951089058869965,0,0,0.0,0.0,-inf,-inf,0.3427919582463801,80000,1500,20,40,-8.678947198979587e-15,1500,NoiseProductJamming,Current_FDC,20.0,60,1.0,0.05
True,14.0568024583804,13.660387574964265,-0.39641488341613496,False,False,1095,1095,405,405,1215.0,1215.0,-1.4386797059655247,4.244371646058113,0,1,0.0,0.011993563919245526,-inf,-38.42103491938335,0.38649997441098094,80000,1500,20,40,-0.011138744501188642,1500,NoiseProductJamming,New_FDC,20.0,60,1.0,0.05
True,12.769331046152828,12.769331046152828,0.0,False,False,1076,1076,424,424,1272.0,1272.0,-5.785964799319725e-15,2.2395285137629726,0,0,0.0,0.0,-inf,-inf,0.002625049091875553,80000,1500,20,40,-8.678947198979587e-15,1500,NoiseProductJamming,Identity,20.0,61,1.0,0.05
True,12.769331046152828,12.862320911589515,0.09298986543668697,False,False,1076,1076,424,424,1272.0,1272.0,-0.8202060960323903,1.0792043112590435,0,0,0.0,0.0,-inf,-inf,0.33583398908376694,80000,1500,20,40,-8.678947198979587e-15,1500,NoiseProductJamming,Current_FDC,20.0,61,1.0,0.05
True,12.769331046152828,12.802464903766468,0.03313385761363996,False,False,1076,1076,424,424,1272.0,1272.0,-1.8032008581272398,-0.3864977154796255,0,0,0.0,0.0,-inf,-inf,0.38641697028651834,80000,1500,20,40,-0.011138744501188642,1500,NoiseProductJamming,New_FDC,20.0,61,1.0,0.05
True,12.157860663763952,12.157860663763952,0.0,False,False,1456,1456,44,44,132.0,132.0,-1.9286549331065743e-15,10.263598049856483,0,0,0.0,0.0,-inf,-inf,0.002582964953035116,80000,1500,20,40,-8.678947198979587e-15,1500,NoiseProductJamming,Identity,30.0,42,1.0,0.05
True,12.157860663763952,12.016186519967038,-0.141674143796914,False,False,1456,1456,44,44,132.0,132.0,-0.5239112898823641,9.775934776519968,0,0,0.0,0.0,-inf,-inf,0.3367500030435622,80000,1500,20,40,-8.678947198979587e-15,1500,NoiseProductJamming,Current_FDC,30.0,42,1.0,0.05
True,12.157860663763952,11.68601886807883,-0.47184179568512086,False,False,1456,1456,44,44,132.0,132.0,-1.3699191488290043,8.976477265564448,0,1,0.0,0.0029184796644984128,-inf,-50.6968665687615,0.3866670303978026,80000,1500,20,40,-0.011138744501188642,1500,NoiseProductJamming,New_FDC,30.0,42,1.0,0.05
True,9.848540290296306,9.848540290296306,0.0,False,False,1298,1298,202,202,606.0,606.0,-1.9286549331065743e-15,-2.29636337130835,0,0,0.0,0.0,-inf,-inf,0.002582964953035116,80000,1500,20,40,-8.678947198979587e-15,1500,NoiseProductJamming,Identity,30.0,43,1.0,0.05
True,9.848540290296306,8.78859327948639,-1.0599470108099158,False,False,1298,1298,202,202,606.0,606.0,-1.8325711470817265,-1.7409072814441615,0,0,0.0,0.0,-inf,-inf,0.3422910231165588,80000,1500,20,40,-8.678947198979587e-15,1500,NoiseProductJamming,Current_FDC,30.0,43,1.0,0.05
True,9.848540290296306,7.665716528318995,-2.1828237619773105,False,False,1298,1298,202,202,606.0,606.0,-3.4289939199924255,-0.7182959724321392,0,0,0.0,0.0,-inf,-inf,0.41229097405448556,80000,1500,20,40,-0.011138744501188642,1500,NoiseProductJamming,New_FDC,30.0,43,1.0,0.05
True,8.770977418326028,8.770977418326028,0.0,False,False,1452,1452,48,48,144.0,144.0,-2.892982399659862e-15,9.560496252077188,0,0,0.0,0.0,-inf,-inf,0.002583954483270645,80000,1500,20,40,-8.678947198979587e-15,1500,NoiseProductJamming,Identity,30.0,44,1.0,0.05
True,8.770977418326028,9.10692777772444,0.3359503593984119,False,False,1452,1452,48,48,144.0,144.0,-0.266613178581897,9.312368269413552,0,0,0.0,0.0,-inf,-inf,0.33312500454485416,80000,1500,20,40,-8.678947198979587e-15,1500,NoiseProductJamming,Current_FDC,30.0,44,1.0,0.05
True,8.770977418326028,9.394693678414459,0.6237162600884307,False,False,1452,1452,48,48,144.0,144.0,-0.7011889830717464,8.89542469275195,0,0,0.0,0.0,-inf,-inf,0.37779100239276886,80000,1500,20,40,-0.011138744501188642,1500,NoiseProductJamming,New_FDC,30.0,44,1.0,0.05
True,10.352507413651772,10.352507413651772,0.0,False,False,1380,1380,120,120,360.0,360.0,-1.9286549331065743e-15,0.3176293702409952,1,1,0.002637181700168532,0.002637181700168532,-51.5771989311543,-51.5771989311543,0.002540997229516506,80000,1500,20,40,-8.678947198979587e-15,1500,NoiseProductJamming,Identity,30.0,45,1.0,0.05
True,10.352507413651772,10.529837213817167,0.17732980016539557,False,False,1380,1380,120,120,360.0,360.0,-0.17877928135207494,0.23394213754657886,1,0,0.002637181700168532,0.0,-51.5771989311543,-inf,0.3320840187370777,80000,1500,20,40,-8.678947198979587e-15,1500,NoiseProductJamming,Current_FDC,30.0,45,1.0,0.05
True,10.352507413651772,10.580083128481721,0.22757571482994976,False,False,1380,1380,120,120,360.0,360.0,-0.30292910792517286,0.3533991576360428,1,1,0.002637181700168532,0.0061473158826575785,-51.5771989311543,-44.226289397676,0.38229196798056364,80000,1500,20,40,-0.011138744501188642,1500,NoiseProductJamming,New_FDC,30.0,45,1.0,0.05
True,9.248232711204725,9.248232711204725,0.0,False,False,1252,1252,248,248,744.0,744.0,-1.9286549331065743e-15,3.6486890346591885,0,0,0.0,0.0,-inf,-inf,0.0025410554371774197,80000,1500,20,40,-8.678947198979587e-15,1500,NoiseProductJamming,Identity,30.0,46,1.0,0.05
True,9.248232711204725,9.248232711204725,0.0,False,False,1252,1252,248,248,744.0,744.0,-1.9286549331065743e-15,3.6486890346591885,0,0,0.0,0.0,-inf,-inf,0.33829204039648175,80000,1500,20,40,-8.678947198979587e-15,1500,NoiseProductJamming,Current_FDC,30.0,46,1.0,0.05
True,9.248232711204725,9.248232711204725,0.0,False,False,1252,1252,248,248,744.0,744.0,-1.9286549331065743e-15,3.6486890346591885,0,0,0.0,0.0,-inf,-inf,0.38216705434024334,80000,1500,20,40,-0.011138744501188642,1500,NoiseProductJamming,New_FDC,30.0,46,1.0,0.05
True,11.529668541873189,11.529668541873189,0.0,False,False,1390,1390,110,110,330.0,330.0,-1.9286549331065743e-15,9.625179353561888,0,0,0.0,0.0,-inf,-inf,0.002582964953035116,80000,1500,20,40,-8.678947198979587e-15,1500,NoiseProductJamming,Identity,30.0,47,1.0,0.05
True,11.529668541873189,11.400091057683204,-0.12957748418998527,False,False,1390,1390,110,110,330.0,330.0,-0.3214068709703926,9.268316354439065,0,0,0.0,0.0,-inf,-inf,0.3392079961486161,80000,1500,20,40,-8.678947198979587e-15,1500,NoiseProductJamming,Current_FDC,30.0,47,1.0,0.05
True,11.529668541873189,11.440891035015596,-0.08877750685759267,False,False,1390,1390,110,110,330.0,330.0,-0.2054143378084722,9.405817447670117,0,0,0.0,0.0,-inf,-inf,0.38225000025704503,80000,1500,20,40,-0.011138744501188642,1500,NoiseProductJamming,New_FDC,30.0,47,1.0,0.05
True,12.449996803875775,12.449996803875775,0.0,False,False,1394,1394,106,106,318.0,318.0,-1.9286549331065743e-15,13.137607088550208,1,1,0.00489242749577063,0.00489242749577063,-46.209512034584925,-46.209512034584925,0.002625049091875553,80000,1500,20,40,-8.678947198979587e-15,1500,NoiseProductJamming,Identity,30.0,48,1.0,0.05
True,12.449996803875775,12.552280494318866,0.10228369044309105,False,False,1394,1394,106,106,318.0,318.0,-0.6653527115388989,12.488197738278377,1,1,0.00489242749577063,0.004906456169946307,-46.209512034584925,-46.184641528297405,0.33312500454485416,80000,1500,20,40,-8.678947198979587e-15,1500,NoiseProductJamming,Current_FDC,30.0,48,1.0,0.05
True,12.449996803875775,12.513209942934601,0.06321313905882597,False,False,1394,1394,106,106,318.0,318.0,-1.1311384166533571,12.05617730105271,1,1,0.00489242749577063,0.004867226491478063,-46.209512034584925,-46.25436887660737,0.38237497210502625,80000,1500,20,40,-0.011138744501188642,1500,NoiseProductJamming,New_FDC,30.0,48,1.0,0.05
True,9.616298562848936,9.616298562848936,0.0,False,False,1323,1323,177,177,531.0,531.0,-1.9286549331065743e-15,10.870357599089735,1,1,0.005949173072249619,0.005949173072249619,-44.510867929520074,-44.510867929520074,0.002541986759752035,80000,1500,20,40,-8.678947198979587e-15,1500,NoiseProductJamming,Identity,30.0,49,1.0,0.05
True,9.616298562848936,9.518135357226225,-0.0981632056227113,False,False,1323,1323,177,177,531.0,531.0,-0.7452499563797135,10.125107642710024,1,1,0.005949173072249619,0.006104558718300864,-44.510867929520074,-44.286914490675244,0.33383298432454467,80000,1500,20,40,-8.678947198979587e-15,1500,NoiseProductJamming,Current_FDC,30.0,49,1.0,0.05
True,9.616298562848936,9.244584805524946,-0.3717137573239899,False,False,1323,1323,177,177,531.0,531.0,-1.639276020557323,9.231081578532413,1,0,0.005949173072249619,0.0,-44.510867929520074,-inf,0.3850829671137035,80000,1500,20,40,-0.011138744501188642,1500,NoiseProductJamming,New_FDC,30.0,49,1.0,0.05
True,7.12498476526198,7.12498476526198,0.0,False,False,1461,1461,39,39,117.0,117.0,-2.892982399659862e-15,5.8067227216519415,1,1,0.0062246617321965285,0.0062246617321965285,-44.11768489053078,-44.11768489053078,0.0025830231606960297,80000,1500,20,40,-8.678947198979587e-15,1500,NoiseProductJamming,Identity,30.0,50,1.0,0.05
True,7.12498476526198,7.1290330255443815,0.004048260282401017,False,False,1461,1461,39,39,117.0,117.0,-0.03410771682204133,5.768104152248524,1,1,0.0062246617321965285,0.00622244920714888,-44.11768489053078,-44.12077279561677,0.3446660120971501,80000,1500,20,40,-8.678947198979587e-15,1500,NoiseProductJamming,Current_FDC,30.0,50,1.0,0.05
True,7.12498476526198,7.132022575195393,0.007037809933412298,False,False,1461,1461,39,39,117.0,117.0,-0.1181168103267096,5.667273024004561,1,1,0.0062246617321965285,0.006223781655576992,-44.11768489053078,-44.11891303579601,0.39566599298268557,80000,1500,20,40,-0.011138744501188642,1500,NoiseProductJamming,New_FDC,30.0,50,1.0,0.05
True,12.408930703817347,12.408930703817347,0.0,False,False,1421,1421,79,79,237.0,237.0,-1.9286549331065743e-15,13.580059799354746,0,0,0.0,0.0,-inf,-inf,0.0025830231606960297,80000,1500,20,40,-8.678947198979587e-15,1500,NoiseProductJamming,Identity,30.0,51,1.0,0.05
True,12.408930703817347,12.322238624759583,-0.0866920790577641,False,False,1421,1421,79,79,237.0,237.0,-0.8508324891125317,12.810903691950731,0,0,0.0,0.0,-inf,-inf,0.33429200993850827,80000,1500,20,40,-8.678947198979587e-15,1500,NoiseProductJamming,Current_FDC,30.0,51,1.0,0.05
True,12.408930703817347,12.07886649316833,-0.3300642106490166,False,False,1421,1421,79,79,237.0,237.0,-1.5092925578888683,12.200684347965225,0,0,0.0,0.0,-inf,-inf,0.38658402627334,80000,1500,20,40,-0.011138744501188642,1500,NoiseProductJamming,New_FDC,30.0,51,1.0,0.05
True,11.321438472825573,11.321438472825573,0.0,False,False,1422,1422,78,78,234.0,234.0,-1.9286549331065743e-15,11.972065409158246,0,0,0.0,0.0,-inf,-inf,0.002541986759752035,80000,1500,20,40,-8.678947198979587e-15,1500,NoiseProductJamming,Identity,30.0,52,1.0,0.05
True,11.321438472825573,11.346548146891692,0.02510967406611897,False,False,1422,1422,78,78,234.0,234.0,-0.029199698955901167,11.969081168762328,0,0,0.0,0.0,-inf,-inf,0.33495802199468017,80000,1500,20,40,-8.678947198979587e-15,1500,NoiseProductJamming,Current_FDC,30.0,52,1.0,0.05
True,11.321438472825573,11.356033885772929,0.0345954129473558,False,False,1422,1422,78,78,234.0,234.0,-0.05159142729112415,11.95812204039288,0,0,0.0,0.0,-inf,-inf,0.39529200876131654,80000,1500,20,40,-0.011138744501188642,1500,NoiseProductJamming,New_FDC,30.0,52,1.0,0.05
True,11.885176453284947,11.885176453284947,0.0,False,False,1369,1369,131,131,393.0,393.0,-1.9286549331065743e-15,11.925778712318479,0,0,0.0,0.0,-inf,-inf,0.0025830231606960297,80000,1500,20,40,-8.678947198979587e-15,1500,NoiseProductJamming,Identity,30.0,53,1.0,0.05
True,11.885176453284947,11.8891984524043,0.004021999119352415,False,False,1369,1369,131,131,393.0,393.0,-0.8686819804227343,11.062485518773283,0,0,0.0,0.0,-inf,-inf,0.3375420346856117,80000,1500,20,40,-8.678947198979587e-15,1500,NoiseProductJamming,Current_FDC,30.0,53,1.0,0.05
True,11.885176453284947,11.802459331562742,-0.08271712172220447,False,False,1369,1369,131,131,393.0,393.0,-1.5765552861082843,10.368147938506933,0,2,0.0,0.0056077930587906805,-inf,-45.024160425376955,0.38304197369143367,80000,1500,20,40,-0.011138744501188642,1500,NoiseProductJamming,New_FDC,30.0,53,1.0,0.05
True,11.19002240121878,11.19002240121878,0.0,False,False,1458,1458,42,42,126.0,126.0,-1.9286549331065743e-15,12.416974988120442,1,1,0.03643786885661055,0.03643786885661055,-28.768940631170587,-28.768940631170587,0.0026249908842146397,80000,1500,20,40,-8.678947198979587e-15,1500,NoiseProductJamming,Identity,30.0,54,1.0,0.05
True,11.19002240121878,11.247160839247133,0.05713843802835328,False,False,1458,1459,42,41,126.0,123.0,-1.0761988613118638,11.302895829494501,1,1,0.03643786885661055,0.03891748849480697,-28.768940631170587,-28.19710388608018,0.3451660159043968,80000,1500,20,40,-8.678947198979587e-15,1500,NoiseProductJamming,Current_FDC,30.0,54,1.0,0.05
True,11.19002240121878,11.320817677776233,0.13079527655745338,False,False,1458,1459,42,41,126.0,123.0,-2.208640435926265,9.943726698620436,1,1,0.03643786885661055,0.04156345466205317,-28.768940631170587,-27.625767240433724,0.40358403930440545,80000,1500,20,40,-0.011138744501188642,1500,NoiseProductJamming,New_FDC,30.0,54,1.0,0.05
True,12.25317756716934,12.25317756716934,0.0,False,False,1116,1116,384,384,1152.0,1152.0,-1.9286549331065743e-15,10.813235822348858,0,0,0.0,0.0,-inf,-inf,0.002582964953035116,80000,1500,20,40,-8.678947198979587e-15,1500,NoiseProductJamming,Identity,30.0,55,1.0,0.05
True,12.25317756716934,12.152674384056056,-0.10050318311328432,False,False,1116,1116,384,384,1152.0,1152.0,-0.4275144844399068,10.467503853052984,0,0,0.0,0.0,-inf,-inf,0.3305829595774412,80000,1500,20,40,-8.678947198979587e-15,1500,NoiseProductJamming,Current_FDC,30.0,55,1.0,0.05
True,12.25317756716934,11.99644846246779,-0.2567291047015505,False,False,1116,1116,384,384,1152.0,1152.0,-0.9491561938474675,10.003420802194338,0,0,0.0,0.0,-inf,-inf,0.3840409917756915,80000,1500,20,40,-0.011138744501188642,1500,NoiseProductJamming,New_FDC,30.0,55,1.0,0.05
True,11.869370139362207,11.869370139362207,0.0,False,False,1481,1481,19,19,57.0,57.0,-1.9286549331065743e-15,3.8112478968634034,1,1,0.0045786181807053435,0.0045786181807053435,-46.78531143137512,-46.78531143137512,0.002541986759752035,80000,1500,20,40,-8.678947198979587e-15,1500,NoiseProductJamming,Identity,30.0,56,1.0,0.05
True,11.869370139362207,11.425733964947842,-0.4436361744143653,False,False,1481,1481,19,19,57.0,57.0,-1.2405271108035538,3.186636309414512,1,1,0.0045786181807053435,0.004896297607009813,-46.78531143137512,-46.202643855019325,0.33312500454485416,80000,1500,20,40,-8.678947198979587e-15,1500,NoiseProductJamming,Current_FDC,30.0,56,1.0,0.05
True,11.869370139362207,11.10691707785336,-0.7624530615088467,False,False,1481,1481,19,19,57.0,57.0,-2.1376075946392685,2.4173582231692876,1,1,0.0045786181807053435,0.005058500348532584,-46.78531143137512,-45.91956431493861,0.3832500078715384,80000,1500,20,40,-0.011138744501188642,1500,NoiseProductJamming,New_FDC,30.0,56,1.0,0.05
True,7.337115632215533,7.337115632215533,0.0,False,False,1445,1445,55,55,165.0,165.0,-2.892982399659862e-15,1.2886872331994301,1,1,0.00734716880848085,0.00734716880848085,-42.67759963390188,-42.67759963390188,0.0026249908842146397,80000,1500,20,40,-8.678947198979587e-15,1500,NoiseProductJamming,Identity,30.0,57,1.0,0.05
True,7.337115632215533,6.809519541047648,-0.5275960911678848,False,False,1445,1445,55,55,165.0,165.0,-1.1025748313892705,1.715003618583969,1,1,0.00734716880848085,0.008175350136336074,-42.67759963390188,-41.74987276351294,0.3334160428494215,80000,1500,20,40,-8.678947198979587e-15,1500,NoiseProductJamming,Current_FDC,30.0,57,1.0,0.05
True,7.337115632215533,6.776481527797406,-0.5606341044181269,False,False,1445,1445,55,55,165.0,165.0,-1.629699024943396,2.3141145712647213,1,1,0.00734716880848085,0.008596407855715995,-42.67759963390188,-41.31365975266527,0.3822080325335264,80000,1500,20,40,-0.011138744501188642,1500,NoiseProductJamming,New_FDC,30.0,57,1.0,0.05
True,13.344472893546708,13.344472893546708,0.0,False,False,1375,1375,125,125,375.0,375.0,-9.643274665532871e-16,9.873454269842128,1,1,0.0036783843268803234,0.0036783843268803234,-48.686857930868975,-48.686857930868975,0.002582964953035116,80000,1500,20,40,-8.678947198979587e-15,1500,NoiseProductJamming,Identity,30.0,58,1.0,0.05
True,13.344472893546708,13.405949483505257,0.061476589958548544,False,False,1375,1375,125,125,375.0,375.0,-0.2959002505963818,9.653433099859509,1,1,0.0036783843268803234,0.00369507528148819,-48.686857930868975,-48.6475341819089,0.33345900010317564,80000,1500,20,40,-8.678947198979587e-15,1500,NoiseProductJamming,Current_FDC,30.0,58,1.0,0.05
True,13.344472893546708,13.405943046892997,0.06147015334628847,False,False,1375,1375,125,125,375.0,375.0,-0.425122028798682,9.545278733358286,1,1,0.0036783843268803234,0.0037138753426982254,-48.686857930868975,-48.60345355143396,0.3837500116787851,80000,1500,20,40,-0.011138744501188642,1500,NoiseProductJamming,New_FDC,30.0,58,1.0,0.05
True,14.467643945872652,14.467643945872652,0.0,False,False,1057,1057,443,443,1329.0,1329.0,-9.643274665532871e-16,15.874097643582095,0,0,0.0,0.0,-inf,-inf,0.002666027285158634,80000,1500,20,40,-8.678947198979587e-15,1500,NoiseProductJamming,Identity,30.0,59,1.0,0.05
True,14.467643945872652,14.467643945872656,3.552713678800501e-15,False,False,1057,1057,443,443,1329.0,1329.0,1.928654933106574e-15,15.874097643582099,0,0,0.0,0.0,-inf,-inf,0.33208297099918127,80000,1500,20,40,-8.678947198979587e-15,1500,NoiseProductJamming,Current_FDC,30.0,59,1.0,0.05
True,14.467643945872652,14.461998000203414,-0.0056459456692383725,False,False,1057,1057,443,443,1329.0,1329.0,-0.014119549787430135,15.859978093794666,0,0,0.0,0.0,-inf,-inf,0.3834579838439822,80000,1500,20,40,-0.011138744501188642,1500,NoiseProductJamming,New_FDC,30.0,59,1.0,0.05
True,10.651963880512046,10.651963880512046,0.0,False,False,1095,1095,405,405,1215.0,1215.0,-1.9286549331065743e-15,11.991318499130061,0,0,0.0,0.0,-inf,-inf,0.002666027285158634,80000,1500,20,40,-8.678947198979587e-15,1500,NoiseProductJamming,Identity,30.0,60,1.0,0.05
True,10.651963880512046,10.415926493105076,-0.2360373874069701,False,False,1095,1095,405,405,1215.0,1215.0,-0.9323120552261187,10.975343125326669,0,0,0.0,0.0,-inf,-inf,0.3321669646538794,80000,1500,20,40,-8.678947198979587e-15,1500,NoiseProductJamming,Current_FDC,30.0,60,1.0,0.05
True,10.651963880512046,10.187367714454822,-0.4645961660572233,False,False,1095,1095,405,405,1215.0,1215.0,-1.4486612645804609,10.397518579953033,0,1,0.0,0.005638624223430449,-inf,-44.976536945361794,0.3893329994753003,80000,1500,20,40,-0.011138744501188642,1500,NoiseProductJamming,New_FDC,30.0,60,1.0,0.05
True,10.208766606713201,10.208766606713201,0.0,False,False,1076,1076,424,424,1272.0,1272.0,-1.9286549331065743e-15,6.05839475502288,0,0,0.0,0.0,-inf,-inf,0.002541986759752035,80000,1500,20,40,-8.678947198979587e-15,1500,NoiseProductJamming,Identity,30.0,61,1.0,0.05
True,10.208766606713201,10.593028364578547,0.384261757865346,False,False,1076,1076,424,424,1272.0,1272.0,-0.5015014220761395,4.565103032464636,0,0,0.0,0.0,-inf,-inf,0.33166701905429363,80000,1500,20,40,-8.678947198979587e-15,1500,NoiseProductJamming,Current_FDC,30.0,61,1.0,0.05
True,10.208766606713201,10.882665242846908,0.6738986361337069,False,False,1076,1076,424,424,1272.0,1272.0,-1.1103341149736345,2.658511229895697,0,0,0.0,0.0,-inf,-inf,0.38291700184345245,80000,1500,20,40,-0.011138744501188642,1500,NoiseProductJamming,New_FDC,30.0,61,1.0,0.05
