jammer,jsr_db,seed,target_position,position_policy,fixture_label_physical,fixture_label_stress,physical_received_energy_error_db,stress_received_energy_error_db,physical_target_energy_error_db,stress_target_energy_error_db,physical_noise_energy_error_db,stress_noise_energy_error_db,physical_jammer_energy_error_db,stress_jammer_energy_error_db,physical_measured_jsr_db,stress_received_finite
NoiseProductJamming,0.0,6100,1000,TARGET_COUPLED_COMPONENT_SHIFT,PHYSICAL_COMPONENT_RECOMPOSITION,WHOLE_RECORD_TRANSLATION_STRESS,0.12442611434739084,-0.08852464201289992,0.0,0.0,0.0,-0.4536172142801617,-4.821637332766436e-16,-4.821637332766436e-16,0.0,True
NoiseProductJamming,0.0,6100,1500,TARGET_COUPLED_COMPONENT_SHIFT,PHYSICAL_COMPONENT_RECOMPOSITION,WHOLE_RECORD_TRANSLATION_STRESS,0.1265206099494619,0.0,0.0,0.0,0.0,0.0,0.0,0.0,9.64327466553287e-16,True
NoiseProductJamming,0.0,6100,2500,TARGET_COUPLED_COMPONENT_SHIFT,PHYSICAL_COMPONENT_RECOMPOSITION,WHOLE_RECORD_TRANSLATION_STRESS,0.09534730039294984,-0.17226473495447067,0.0,0.0,0.0,-0.9213522413999027,-4.821637332766436e-16,-4.821637332766436e-16,0.0,True
NoiseProductJamming,0.0,6100,3500,TARGET_COUPLED_COMPONENT_SHIFT,PHYSICAL_COMPONENT_RECOMPOSITION,WHOLE_RECORD_TRANSLATION_STRESS,0.03928117200677848,-0.3655152550785097,0.0,0.0,0.0,-2.1951402695838955,0.0,0.0,9.64327466553287e-16,True
NoiseProductJamming,0.0,6100,4000,TARGET_COUPLED_COMPONENT_SHIFT,PHYSICAL_COMPONENT_RECOMPOSITION,WHOLE_RECORD_TRANSLATION_STRESS,0.06980570117605121,-0.4647632918541553,0.0,0.0,0.0,-3.0003941618804464,-4.821637332766436e-16,-4.821637332766436e-16,0.0,True
NoiseProductJamming,0.0,6101,1000,TARGET_COUPLED_COMPONENT_SHIFT,PHYSICAL_COMPONENT_RECOMPOSITION,WHOLE_RECORD_TRANSLATION_STRESS,-0.15907167952336254,-0.08628572945344443,0.0,0.0,0.0,-0.46697818159502946,-4.821637332766436e-16,-4.821637332766436e-16,9.64327466553287e-16,True
NoiseProductJamming,0.0,6101,1500,TARGET_COUPLED_COMPONENT_SHIFT,PHYSICAL_COMPONENT_RECOMPOSITION,WHOLE_RECORD_TRANSLATION_STRESS,-0.15504110065501692,0.0,0.0,0.0,0.0,0.0,0.0,0.0,1.928654933106574e-15,True
NoiseProductJamming,0.0,6101,2500,TARGET_COUPLED_COMPONENT_SHIFT,PHYSICAL_COMPONENT_RECOMPOSITION,WHOLE_RECORD_TRANSLATION_STRESS,-0.09087445662977661,-0.17845406666341543,0.0,0.0,0.0,-1.0161996281305252,-4.821637332766436e-16,-4.821637332766436e-16,9.64327466553287e-16,True
NoiseProductJamming,0.0,6101,3500,TARGET_COUPLED_COMPONENT_SHIFT,PHYSICAL_COMPONENT_RECOMPOSITION,WHOLE_RECORD_TRANSLATION_STRESS,-0.1916362714088145,-0.34465375135565146,0.0,0.0,0.0,-2.185111604668513,-9.643274665532871e-16,-9.643274665532871e-16,9.64327466553287e-16,True
NoiseProductJamming,0.0,6101,4000,TARGET_COUPLED_COMPONENT_SHIFT,PHYSICAL_COMPONENT_RECOMPOSITION,WHOLE_RECORD_TRANSLATION_STRESS,-0.10549276859440383,-0.4429606035940743,0.0,0.0,0.0,-3.032169899537483,0.0,0.0,1.928654933106574e-15,True
NoiseProductJamming,0.0,6102,1000,TARGET_COUPLED_COMPONENT_SHIFT,PHYSICAL_COMPONENT_RECOMPOSITION,WHOLE_RECORD_TRANSLATION_STRESS,0.14142659807968036,-0.08039256538929224,0.0,0.0,0.0,-0.431630376823772,0.0,0.0,0.0,True
NoiseProductJamming,0.0,6102,1500,TARGET_COUPLED_COMPONENT_SHIFT,PHYSICAL_COMPONENT_RECOMPOSITION,WHOLE_RECORD_TRANSLATION_STRESS,0.1259929883637442,0.0,0.0,0.0,0.0,0.0,0.0,0.0,0.0,True
NoiseProductJamming,0.0,6102,2500,TARGET_COUPLED_COMPONENT_SHIFT,PHYSICAL_COMPONENT_RECOMPOSITION,WHOLE_RECORD_TRANSLATION_STRESS,0.16840591215340542,-0.16529650254753253,0.0,0.0,0.0,-0.9293301522333303,-4.821637332766436e-16,-4.821637332766436e-16,-4.821637332766436e-16,True
NoiseProductJamming,0.0,6102,3500,TARGET_COUPLED_COMPONENT_SHIFT,PHYSICAL_COMPONENT_RECOMPOSITION,WHOLE_RECORD_TRANSLATION_STRESS,0.09149159069910251,-0.3491684085813534,0.0,0.0,0.0,-2.2075615365975465,0.0,0.0,0.0,True
NoiseProductJamming,0.0,6102,4000,TARGET_COUPLED_COMPONENT_SHIFT,PHYSICAL_COMPONENT_RECOMPOSITION,WHOLE_RECORD_TRANSLATION_STRESS,0.1902104245789292,-0.44488089318902446,0.0,0.0,0.0,-3.0298073206318565,0.0,0.0,0.0,True
NoiseProductJamming,0.0,6103,1000,TARGET_COUPLED_COMPONENT_SHIFT,PHYSICAL_COMPONENT_RECOMPOSITION,WHOLE_RECORD_TRANSLATION_STRESS,-0.03105335963207371,-0.08696735549534625,0.0,0.0,0.0,-0.46699289844412345,-9.643274665532871e-16,-9.643274665532871e-16,-9.643274665532871e-16,True
NoiseProductJamming,0.0,6103,1500,TARGET_COUPLED_COMPONENT_SHIFT,PHYSICAL_COMPONENT_RECOMPOSITION,WHOLE_RECORD_TRANSLATION_STRESS,-0.045693358870938165,0.0,0.0,0.0,0.0,0.0,0.0,0.0,0.0,True
NoiseProductJamming,0.0,6103,2500,TARGET_COUPLED_COMPONENT_SHIFT,PHYSICAL_COMPONENT_RECOMPOSITION,WHOLE_RECORD_TRANSLATION_STRESS,-0.04388444040688422,-0.1716749264116643,0.0,0.0,0.0,-0.9653377529300979,0.0,0.0,0.0,True
NoiseProductJamming,0.0,6103,3500,TARGET_COUPLED_COMPONENT_SHIFT,PHYSICAL_COMPONENT_RECOMPOSITION,WHOLE_RECORD_TRANSLATION_STRESS,-0.027467685592944054,-0.36130105519200884,0.0,0.0,0.0,-2.295068778705083,-4.821637332766436e-16,-4.821637332766436e-16,-4.821637332766436e-16,True
NoiseProductJamming,0.0,6103,4000,TARGET_COUPLED_COMPONENT_SHIFT,PHYSICAL_COMPONENT_RECOMPOSITION,WHOLE_RECORD_TRANSLATION_STRESS,-0.01831156229332332,-0.4487803452668999,0.0,0.0,0.0,-3.052591789404139,-4.821637332766436e-16,-4.821637332766436e-16,-4.821637332766436e-16,True
NoiseProductJamming,0.0,6104,1000,TARGET_COUPLED_COMPONENT_SHIFT,PHYSICAL_COMPONENT_RECOMPOSITION,WHOLE_RECORD_TRANSLATION_STRESS,0.3273620775019595,-0.08960042190140952,0.0,0.0,0.0,-0.5019022267490246,0.0,0.0,0.0,True
NoiseProductJamming,0.0,6104,1500,TARGET_COUPLED_COMPONENT_SHIFT,PHYSICAL_COMPONENT_RECOMPOSITION,WHOLE_RECORD_TRANSLATION_STRESS,0.29634200480620104,0.0,0.0,0.0,0.0,0.0,0.0,0.0,0.0,True
NoiseProductJamming,0.0,6104,2500,TARGET_COUPLED_COMPONENT_SHIFT,PHYSICAL_COMPONENT_RECOMPOSITION,WHOLE_RECORD_TRANSLATION_STRESS,0.3264037337533958,-0.16144932285247154,0.0,0.0,0.0,-0.9422780784138575,0.0,0.0,0.0,True
NoiseProductJamming,0.0,6104,3500,TARGET_COUPLED_COMPONENT_SHIFT,PHYSICAL_COMPONENT_RECOMPOSITION,WHOLE_RECORD_TRANSLATION_STRESS,0.33273560950216063,-0.3268623117092998,0.0,0.0,0.0,-2.1289146572041338,-4.821637332766436e-16,-4.821637332766436e-16,-4.821637332766436e-16,True
NoiseProductJamming,0.0,6104,4000,TARGET_COUPLED_COMPONENT_SHIFT,PHYSICAL_COMPONENT_RECOMPOSITION,WHOLE_RECORD_TRANSLATION_STRESS,0.30451543743105247,-0.4200042133518741,0.0,0.0,0.0,-2.9471932930027327,0.0,0.0,0.0,True
NoiseProductJamming,10.0,6100,1000,TARGET_COUPLED_COMPONENT_SHIFT,PHYSICAL_COMPONENT_RECOMPOSITION,WHOLE_RECORD_TRANSLATION_STRESS,0.09800397607783834,-0.019233294676797137,0.0,0.0,0.0,-0.4536172142801617,0.0,0.0,10.0,True
NoiseProductJamming,10.0,6100,1500,TARGET_COUPLED_COMPONENT_SHIFT,PHYSICAL_COMPONENT_RECOMPOSITION,WHOLE_RECORD_TRANSLATION_STRESS,0.07724089810996429,0.0,0.0,0.0,0.0,0.0,0.0,0.0,10.0,True
NoiseProductJamming,10.0,6100,2500,TARGET_COUPLED_COMPONENT_SHIFT,PHYSICAL_COMPONENT_RECOMPOSITION,WHOLE_RECORD_TRANSLATION_STRESS,0.06220391467366679,-0.037146210085670484,0.0,0.0,0.0,-0.9213522413999027,0.0,0.0,10.0,True
NoiseProductJamming,10.0,6100,3500,TARGET_COUPLED_COMPONENT_SHIFT,PHYSICAL_COMPONENT_RECOMPOSITION,WHOLE_RECORD_TRANSLATION_STRESS,0.050619374375257056,-0.07745902401539514,0.0,0.0,0.0,-2.1951402695838955,9.64327466553287e-16,9.64327466553287e-16,10.0,True
NoiseProductJamming,10.0,6100,4000,TARGET_COUPLED_COMPONENT_SHIFT,PHYSICAL_COMPONENT_RECOMPOSITION,WHOLE_RECORD_TRANSLATION_STRESS,0.060032361313681,-0.09761564369264779,0.0,0.0,0.0,-3.0003941618804464,9.64327466553287e-16,9.64327466553287e-16,10.0,True
NoiseProductJamming,10.0,6101,1000,TARGET_COUPLED_COMPONENT_SHIFT,PHYSICAL_COMPONENT_RECOMPOSITION,WHOLE_RECORD_TRANSLATION_STRESS,-0.09917052223569853,-0.019065511863172842,0.0,0.0,0.0,-0.46697818159502946,-9.643274665532871e-16,-9.643274665532871e-16,10.0,True
NoiseProductJamming,10.0,6101,1500,TARGET_COUPLED_COMPONENT_SHIFT,PHYSICAL_COMPONENT_RECOMPOSITION,WHOLE_RECORD_TRANSLATION_STRESS,-0.10740957817138896,0.0,0.0,0.0,0.0,0.0,0.0,0.0,10.0,True
NoiseProductJamming,10.0,6101,2500,TARGET_COUPLED_COMPONENT_SHIFT,PHYSICAL_COMPONENT_RECOMPOSITION,WHOLE_RECORD_TRANSLATION_STRESS,-0.050635950872969765,-0.039106764030380596,0.0,0.0,0.0,-1.0161996281305252,0.0,0.0,10.0,True
NoiseProductJamming,10.0,6101,3500,TARGET_COUPLED_COMPONENT_SHIFT,PHYSICAL_COMPONENT_RECOMPOSITION,WHOLE_RECORD_TRANSLATION_STRESS,-0.10115403242907287,-0.07441205227650159,0.0,0.0,0.0,-2.185111604668513,0.0,0.0,10.0,True
NoiseProductJamming,10.0,6101,4000,TARGET_COUPLED_COMPONENT_SHIFT,PHYSICAL_COMPONENT_RECOMPOSITION,WHOLE_RECORD_TRANSLATION_STRESS,-0.06251378332777519,-0.09479824717750573,0.0,0.0,0.0,-3.032169899537483,-9.643274665532871e-16,-9.643274665532871e-16,10.0,True
NoiseProductJamming,10.0,6102,1000,TARGET_COUPLED_COMPONENT_SHIFT,PHYSICAL_COMPONENT_RECOMPOSITION,WHOLE_RECORD_TRANSLATION_STRESS,0.07282947480180842,-0.017611957115822384,0.0,0.0,0.0,-0.431630376823772,0.0,0.0,10.0,True
NoiseProductJamming,10.0,6102,1500,TARGET_COUPLED_COMPONENT_SHIFT,PHYSICAL_COMPONENT_RECOMPOSITION,WHOLE_RECORD_TRANSLATION_STRESS,0.08962142053167912,0.0,0.0,0.0,0.0,0.0,0.0,0.0,10.0,True
NoiseProductJamming,10.0,6102,2500,TARGET_COUPLED_COMPONENT_SHIFT,PHYSICAL_COMPONENT_RECOMPOSITION,WHOLE_RECORD_TRANSLATION_STRESS,0.09171714971804579,-0.035937307729675724,0.0,0.0,0.0,-0.9293301522333303,-9.643274665532871e-16,-9.643274665532871e-16,9.999999999999998,True
NoiseProductJamming,10.0,6102,3500,TARGET_COUPLED_COMPONENT_SHIFT,PHYSICAL_COMPONENT_RECOMPOSITION,WHOLE_RECORD_TRANSLATION_STRESS,0.05392516113038545,-0.07467005987541042,0.0,0.0,0.0,-2.2075615365975465,0.0,0.0,10.0,True
NoiseProductJamming,10.0,6102,4000,TARGET_COUPLED_COMPONENT_SHIFT,PHYSICAL_COMPONENT_RECOMPOSITION,WHOLE_RECORD_TRANSLATION_STRESS,0.10192229811082973,-0.09432397628083444,0.0,0.0,0.0,-3.0298073206318565,0.0,0.0,10.0,True
NoiseProductJamming,10.0,6103,1000,TARGET_COUPLED_COMPONENT_SHIFT,PHYSICAL_COMPONENT_RECOMPOSITION,WHOLE_RECORD_TRANSLATION_STRESS,-0.023047541125893696,-0.01882175938459946,0.0,0.0,0.0,-0.46699289844412345,0.0,0.0,10.0,True
NoiseProductJamming,10.0,6103,1500,TARGET_COUPLED_COMPONENT_SHIFT,PHYSICAL_COMPONENT_RECOMPOSITION,WHOLE_RECORD_TRANSLATION_STRESS,-0.037513198041764506,0.0,0.0,0.0,0.0,0.0,0.0,0.0,10.0,True
NoiseProductJamming,10.0,6103,2500,TARGET_COUPLED_COMPONENT_SHIFT,PHYSICAL_COMPONENT_RECOMPOSITION,WHOLE_RECORD_TRANSLATION_STRESS,-0.03202287911150213,-0.03687211220832198,0.0,0.0,0.0,-0.9653377529300979,0.0,0.0,10.0,True
NoiseProductJamming,10.0,6103,3500,TARGET_COUPLED_COMPONENT_SHIFT,PHYSICAL_COMPONENT_RECOMPOSITION,WHOLE_RECORD_TRANSLATION_STRESS,-0.015035530525007343,-0.07628557457839512,0.0,0.0,0.0,-2.295068778705083,0.0,0.0,10.0,True
NoiseProductJamming,10.0,6103,4000,TARGET_COUPLED_COMPONENT_SHIFT,PHYSICAL_COMPONENT_RECOMPOSITION,WHOLE_RECORD_TRANSLATION_STRESS,-0.012573186364381187,-0.09401225552772896,0.0,0.0,0.0,-3.052591789404139,-9.643274665532871e-16,-9.643274665532871e-16,9.999999999999998,True
NoiseProductJamming,10.0,6104,1000,TARGET_COUPLED_COMPONENT_SHIFT,PHYSICAL_COMPONENT_RECOMPOSITION,WHOLE_RECORD_TRANSLATION_STRESS,0.21556824116966605,-0.019451158097103374,0.0,0.0,0.0,-0.5019022267490246,0.0,0.0,10.0,True
NoiseProductJamming,10.0,6104,1500,TARGET_COUPLED_COMPONENT_SHIFT,PHYSICAL_COMPONENT_RECOMPOSITION,WHOLE_RECORD_TRANSLATION_STRESS,0.20813519065642772,0.0,0.0,0.0,0.0,0.0,0.0,0.0,10.0,True
NoiseProductJamming,10.0,6104,2500,TARGET_COUPLED_COMPONENT_SHIFT,PHYSICAL_COMPONENT_RECOMPOSITION,WHOLE_RECORD_TRANSLATION_STRESS,0.20713420950213896,-0.034822847524207216,0.0,0.0,0.0,-0.9422780784138575,0.0,0.0,10.0,True
NoiseProductJamming,10.0,6104,3500,TARGET_COUPLED_COMPONENT_SHIFT,PHYSICAL_COMPONENT_RECOMPOSITION,WHOLE_RECORD_TRANSLATION_STRESS,0.21545915743051086,-0.06945892868692691,0.0,0.0,0.0,-2.1289146572041338,0.0,0.0,10.0,True
NoiseProductJamming,10.0,6104,4000,TARGET_COUPLED_COMPONENT_SHIFT,PHYSICAL_COMPONENT_RECOMPOSITION,WHOLE_RECORD_TRANSLATION_STRESS,0.2020418266755819,-0.08850667343011212,0.0,0.0,0.0,-2.9471932930027327,0.0,0.0,10.0,True
NoiseProductJamming,20.0,6100,1000,TARGET_COUPLED_COMPONENT_SHIFT,PHYSICAL_COMPONENT_RECOMPOSITION,WHOLE_RECORD_TRANSLATION_STRESS,0.036725655339003245,-0.0021773957639050667,0.0,0.0,0.0,-0.4536172142801617,0.0,0.0,20.0,True
NoiseProductJamming,20.0,6100,1500,TARGET_COUPLED_COMPONENT_SHIFT,PHYSICAL_COMPONENT_RECOMPOSITION,WHOLE_RECORD_TRANSLATION_STRESS,0.0266274219968535,0.0,0.0,0.0,0.0,0.0,0.0,0.0,20.0,True
NoiseProductJamming,20.0,6100,2500,TARGET_COUPLED_COMPONENT_SHIFT,PHYSICAL_COMPONENT_RECOMPOSITION,WHOLE_RECORD_TRANSLATION_STRESS,0.021951480114512027,-0.0041976335410542406,0.0,0.0,0.0,-0.9213522413999027,9.64327466553287e-16,9.64327466553287e-16,20.0,True
NoiseProductJamming,20.0,6100,3500,TARGET_COUPLED_COMPONENT_SHIFT,PHYSICAL_COMPONENT_RECOMPOSITION,WHOLE_RECORD_TRANSLATION_STRESS,0.020888942069493478,-0.008717194682276233,0.0,0.0,0.0,-2.1951402695838955,0.0,0.0,20.0,True
NoiseProductJamming,20.0,6100,4000,TARGET_COUPLED_COMPONENT_SHIFT,PHYSICAL_COMPONENT_RECOMPOSITION,WHOLE_RECORD_TRANSLATION_STRESS,0.022951479424824277,-0.010963064086168298,0.0,0.0,0.0,-3.0003941618804464,9.64327466553287e-16,9.64327466553287e-16,20.0,True
NoiseProductJamming,20.0,6101,1000,TARGET_COUPLED_COMPONENT_SHIFT,PHYSICAL_COMPONENT_RECOMPOSITION,WHOLE_RECORD_TRANSLATION_STRESS,-0.03461136860186718,-0.002200450434938639,0.0,0.0,0.0,-0.46697818159502946,0.0,0.0,20.0,True
NoiseProductJamming,20.0,6101,1500,TARGET_COUPLED_COMPONENT_SHIFT,PHYSICAL_COMPONENT_RECOMPOSITION,WHOLE_RECORD_TRANSLATION_STRESS,-0.03883593053848769,0.0,0.0,0.0,0.0,0.0,0.0,0.0,20.0,True
NoiseProductJamming,20.0,6101,2500,TARGET_COUPLED_COMPONENT_SHIFT,PHYSICAL_COMPONENT_RECOMPOSITION,WHOLE_RECORD_TRANSLATION_STRESS,-0.01694096425199885,-0.004504319999503972,0.0,0.0,0.0,-1.0161996281305252,0.0,0.0,20.0,True
NoiseProductJamming,20.0,6101,3500,TARGET_COUPLED_COMPONENT_SHIFT,PHYSICAL_COMPONENT_RECOMPOSITION,WHOLE_RECORD_TRANSLATION_STRESS,-0.03298498525126736,-0.008540060656746956,0.0,0.0,0.0,-2.185111604668513,-9.643274665532871e-16,-9.643274665532871e-16,20.0,True
NoiseProductJamming,20.0,6101,4000,TARGET_COUPLED_COMPONENT_SHIFT,PHYSICAL_COMPONENT_RECOMPOSITION,WHOLE_RECORD_TRANSLATION_STRESS,-0.021440169688018155,-0.01085719889157304,0.0,0.0,0.0,-3.032169899537483,0.0,0.0,20.0,True
NoiseProductJamming,20.0,6102,1000,TARGET_COUPLED_COMPONENT_SHIFT,PHYSICAL_COMPONENT_RECOMPOSITION,WHOLE_RECORD_TRANSLATION_STRESS,0.023707420667061732,-0.002034871207558741,0.0,0.0,0.0,-0.431630376823772,0.0,0.0,20.0,True
NoiseProductJamming,20.0,6102,1500,TARGET_COUPLED_COMPONENT_SHIFT,PHYSICAL_COMPONENT_RECOMPOSITION,WHOLE_RECORD_TRANSLATION_STRESS,0.03317329700643504,0.0,0.0,0.0,0.0,0.0,0.0,0.0,20.0,True
NoiseProductJamming,20.0,6102,2500,TARGET_COUPLED_COMPONENT_SHIFT,PHYSICAL_COMPONENT_RECOMPOSITION,WHOLE_RECORD_TRANSLATION_STRESS,0.030678994375960812,-0.004144431686103198,0.0,0.0,0.0,-0.9293301522333303,0.0,0.0,20.0,True
NoiseProductJamming,20.0,6102,3500,TARGET_COUPLED_COMPONENT_SHIFT,PHYSICAL_COMPONENT_RECOMPOSITION,WHOLE_RECORD_TRANSLATION_STRESS,0.01863353739505511,-0.008577387148038093,0.0,0.0,0.0,-2.2075615365975465,9.64327466553287e-16,9.64327466553287e-16,20.0,True
NoiseProductJamming,20.0,6102,4000,TARGET_COUPLED_COMPONENT_SHIFT,PHYSICAL_COMPONENT_RECOMPOSITION,WHOLE_RECORD_TRANSLATION_STRESS,0.03384741860002145,-0.010813414834928693,0.0,0.0,0.0,-3.0298073206318565,0.0,0.0,20.0,True
NoiseProductJamming,20.0,6103,1000,TARGET_COUPLED_COMPONENT_SHIFT,PHYSICAL_COMPONENT_RECOMPOSITION,WHOLE_RECORD_TRANSLATION_STRESS,-0.008500969554806767,-0.0021462941778311634,0.0,0.0,0.0,-0.46699289844412345,0.0,0.0,20.0,True
NoiseProductJamming,20.0,6103,1500,TARGET_COUPLED_COMPONENT_SHIFT,PHYSICAL_COMPONENT_RECOMPOSITION,WHOLE_RECORD_TRANSLATION_STRESS,-0.01420357268640306,0.0,0.0,0.0,0.0,0.0,0.0,0.0,20.0,True
NoiseProductJamming,20.0,6103,2500,TARGET_COUPLED_COMPONENT_SHIFT,PHYSICAL_COMPONENT_RECOMPOSITION,WHOLE_RECORD_TRANSLATION_STRESS,-0.011747251609493413,-0.0041968941061156905,0.0,0.0,0.0,-0.9653377529300979,-9.643274665532871e-16,-9.643274665532871e-16,19.999999999999996,True
NoiseProductJamming,20.0,6103,3500,TARGET_COUPLED_COMPONENT_SHIFT,PHYSICAL_COMPONENT_RECOMPOSITION,WHOLE_RECORD_TRANSLATION_STRESS,-0.00498277230074229,-0.008648255970884054,0.0,0.0,0.0,-2.295068778705083,0.0,0.0,20.0,True
NoiseProductJamming,20.0,6103,4000,TARGET_COUPLED_COMPONENT_SHIFT,PHYSICAL_COMPONENT_RECOMPOSITION,WHOLE_RECORD_TRANSLATION_STRESS,-0.004532812113894262,-0.010638652693662359,0.0,0.0,0.0,-3.052591789404139,0.0,0.0,20.0,True
NoiseProductJamming,20.0,6104,1000,TARGET_COUPLED_COMPONENT_SHIFT,PHYSICAL_COMPONENT_RECOMPOSITION,WHOLE_RECORD_TRANSLATION_STRESS,0.07870188223536426,-0.002252070461696589,0.0,0.0,0.0,-0.5019022267490246,0.0,0.0,20.0,True
NoiseProductJamming,20.0,6104,1500,TARGET_COUPLED_COMPONENT_SHIFT,PHYSICAL_COMPONENT_RECOMPOSITION,WHOLE_RECORD_TRANSLATION_STRESS,0.07762862161944213,0.0,0.0,0.0,0.0,0.0,0.0,0.0,20.0,True
NoiseProductJamming,20.0,6104,2500,TARGET_COUPLED_COMPONENT_SHIFT,PHYSICAL_COMPONENT_RECOMPOSITION,WHOLE_RECORD_TRANSLATION_STRESS,0.07458257302311089,-0.004025517040984222,0.0,0.0,0.0,-0.9422780784138575,0.0,0.0,20.0,True
NoiseProductJamming,20.0,6104,3500,TARGET_COUPLED_COMPONENT_SHIFT,PHYSICAL_COMPONENT_RECOMPOSITION,WHOLE_RECORD_TRANSLATION_STRESS,0.07819037773434277,-0.008001213683748789,0.0,0.0,0.0,-2.1289146572041338,-9.643274665532871e-16,-9.643274665532871e-16,20.0,True
NoiseProductJamming,20.0,6104,4000,TARGET_COUPLED_COMPONENT_SHIFT,PHYSICAL_COMPONENT_RECOMPOSITION,WHOLE_RECORD_TRANSLATION_STRESS,0.07390637041580661,-0.010175669447507574,0.0,0.0,0.0,-2.9471932930027327,0.0,0.0,20.0,True
NoiseProductJamming,30.0,6100,1000,TARGET_COUPLED_COMPONENT_SHIFT,PHYSICAL_COMPONENT_RECOMPOSITION,WHOLE_RECORD_TRANSLATION_STRESS,0.011937278322921583,-0.00022060740901604054,0.0,0.0,0.0,-0.4536172142801617,9.64327466553287e-16,9.64327466553287e-16,30.0,True
NoiseProductJamming,30.0,6100,1500,TARGET_COUPLED_COMPONENT_SHIFT,PHYSICAL_COMPONENT_RECOMPOSITION,WHOLE_RECORD_TRANSLATION_STRESS,0.008424997902775327,0.0,0.0,0.0,0.0,0.0,0.0,0.0,30.0,True
NoiseProductJamming,30.0,6100,2500,TARGET_COUPLED_COMPONENT_SHIFT,PHYSICAL_COMPONENT_RECOMPOSITION,WHOLE_RECORD_TRANSLATION_STRESS,0.006999590587886689,-0.00042520314865561145,0.0,0.0,0.0,-0.9213522413999027,0.0,0.0,30.0,True
NoiseProductJamming,30.0,6100,3500,TARGET_COUPLED_COMPONENT_SHIFT,PHYSICAL_COMPONENT_RECOMPOSITION,WHOLE_RECORD_TRANSLATION_STRESS,0.006975844754890339,-0.0008826034953907199,0.0,0.0,0.0,-2.1951402695838955,9.64327466553287e-16,9.64327466553287e-16,30.0,True
NoiseProductJamming,30.0,6100,4000,TARGET_COUPLED_COMPONENT_SHIFT,PHYSICAL_COMPONENT_RECOMPOSITION,WHOLE_RECORD_TRANSLATION_STRESS,0.007502797470686366,-0.001109736717967796,0.0,0.0,0.0,-3.0003941618804464,0.0,0.0,30.0,True
NoiseProductJamming,30.0,6101,1000,TARGET_COUPLED_COMPONENT_SHIFT,PHYSICAL_COMPONENT_RECOMPOSITION,WHOLE_RECORD_TRANSLATION_STRESS,-0.010999781567484903,-0.00022453896904090423,0.0,0.0,0.0,-0.46697818159502946,0.0,0.0,30.0,True
NoiseProductJamming,30.0,6101,1500,TARGET_COUPLED_COMPONENT_SHIFT,PHYSICAL_COMPONENT_RECOMPOSITION,WHOLE_RECORD_TRANSLATION_STRESS,-0.012483088818102436,0.0,0.0,0.0,0.0,0.0,0.0,0.0,30.0,True
NoiseProductJamming,30.0,6101,2500,TARGET_COUPLED_COMPONENT_SHIFT,PHYSICAL_COMPONENT_RECOMPOSITION,WHOLE_RECORD_TRANSLATION_STRESS,-0.00530721913301435,-0.00045952161068140134,0.0,0.0,0.0,-1.0161996281305252,0.0,0.0,30.0,True
NoiseProductJamming,30.0,6101,3500,TARGET_COUPLED_COMPONENT_SHIFT,PHYSICAL_COMPONENT_RECOMPOSITION,WHOLE_RECORD_TRANSLATION_STRESS,-0.010240009835295456,-0.0008708763365469941,0.0,0.0,0.0,-2.185111604668513,9.64327466553287e-16,9.64327466553287e-16,30.0,True
NoiseProductJamming,30.0,6101,4000,TARGET_COUPLED_COMPONENT_SHIFT,PHYSICAL_COMPONENT_RECOMPOSITION,WHOLE_RECORD_TRANSLATION_STRESS,-0.00677461872197149,-0.0011069023653174233,0.0,0.0,0.0,-3.032169899537483,9.64327466553287e-16,9.64327466553287e-16,30.0,True
NoiseProductJamming,30.0,6102,1000,TARGET_COUPLED_COMPONENT_SHIFT,PHYSICAL_COMPONENT_RECOMPOSITION,WHOLE_RECORD_TRANSLATION_STRESS,0.007357648840785687,-0.00020788831071607788,0.0,0.0,0.0,-0.431630376823772,9.64327466553287e-16,9.64327466553287e-16,30.0,True
NoiseProductJamming,30.0,6102,1500,TARGET_COUPLED_COMPONENT_SHIFT,PHYSICAL_COMPONENT_RECOMPOSITION,WHOLE_RECORD_TRANSLATION_STRESS,0.01076310706820847,0.0,0.0,0.0,0.0,0.0,0.0,0.0,30.0,True
NoiseProductJamming,30.0,6102,2500,TARGET_COUPLED_COMPONENT_SHIFT,PHYSICAL_COMPONENT_RECOMPOSITION,WHOLE_RECORD_TRANSLATION_STRESS,0.009617057919312347,-0.0004233147823898473,0.0,0.0,0.0,-0.9293301522333303,-4.821637332766436e-16,-4.821637332766436e-16,30.0,True
NoiseProductJamming,30.0,6102,3500,TARGET_COUPLED_COMPONENT_SHIFT,PHYSICAL_COMPONENT_RECOMPOSITION,WHOLE_RECORD_TRANSLATION_STRESS,0.0059087448560091824,-0.0008756982601637725,0.0,0.0,0.0,-2.2075615365975465,9.64327466553287e-16,9.64327466553287e-16,30.0,True
NoiseProductJamming,30.0,6102,4000,TARGET_COUPLED_COMPONENT_SHIFT,PHYSICAL_COMPONENT_RECOMPOSITION,WHOLE_RECORD_TRANSLATION_STRESS,0.010582157032081992,-0.00110372779502361,0.0,0.0,0.0,-3.0298073206318565,0.0,0.0,30.0,True
NoiseProductJamming,30.0,6103,1000,TARGET_COUPLED_COMPONENT_SHIFT,PHYSICAL_COMPONENT_RECOMPOSITION,WHOLE_RECORD_TRANSLATION_STRESS,-0.002751025098769418,-0.00021821317504708661,0.0,0.0,0.0,-0.46699289844412345,0.0,0.0,30.0,True
NoiseProductJamming,30.0,6103,1500,TARGET_COUPLED_COMPONENT_SHIFT,PHYSICAL_COMPONENT_RECOMPOSITION,WHOLE_RECORD_TRANSLATION_STRESS,-0.004632282976317009,0.0,0.0,0.0,0.0,0.0,0.0,0.0,30.0,True
NoiseProductJamming,30.0,6103,2500,TARGET_COUPLED_COMPONENT_SHIFT,PHYSICAL_COMPONENT_RECOMPOSITION,WHOLE_RECORD_TRANSLATION_STRESS,-0.003794992795734647,-0.00042660666318509484,0.0,0.0,0.0,-0.9653377529300979,-4.821637332766436e-16,-4.821637332766436e-16,30.0,True
NoiseProductJamming,30.0,6103,3500,TARGET_COUPLED_COMPONENT_SHIFT,PHYSICAL_COMPONENT_RECOMPOSITION,WHOLE_RECORD_TRANSLATION_STRESS,-0.0015566709268345236,-0.0008786749552872356,0.0,0.0,0.0,-2.295068778705083,0.0,0.0,30.0,True
NoiseProductJamming,30.0,6103,4000,TARGET_COUPLED_COMPONENT_SHIFT,PHYSICAL_COMPONENT_RECOMPOSITION,WHOLE_RECORD_TRANSLATION_STRESS,-0.0014565711582763506,-0.0010806796182696104,0.0,0.0,0.0,-3.052591789404139,0.0,0.0,30.0,True
NoiseProductJamming,30.0,6104,1000,TARGET_COUPLED_COMPONENT_SHIFT,PHYSICAL_COMPONENT_RECOMPOSITION,WHOLE_RECORD_TRANSLATION_STRESS,0.025462295661340416,-0.0002304645357515519,0.0,0.0,0.0,-0.5019022267490246,0.0,0.0,30.0,True
NoiseProductJamming,30.0,6104,1500,TARGET_COUPLED_COMPONENT_SHIFT,PHYSICAL_COMPONENT_RECOMPOSITION,WHOLE_RECORD_TRANSLATION_STRESS,0.025290810448618868,0.0,0.0,0.0,0.0,0.0,0.0,0.0,30.0,True
NoiseProductJamming,30.0,6104,2500,TARGET_COUPLED_COMPONENT_SHIFT,PHYSICAL_COMPONENT_RECOMPOSITION,WHOLE_RECORD_TRANSLATION_STRESS,0.024016799303767135,-0.0004118738399248209,0.0,0.0,0.0,-0.9422780784138575,-4.821637332766436e-16,-4.821637332766436e-16,30.0,True
NoiseProductJamming,30.0,6104,3500,TARGET_COUPLED_COMPONENT_SHIFT,PHYSICAL_COMPONENT_RECOMPOSITION,WHOLE_RECORD_TRANSLATION_STRESS,0.02524597142189313,-0.0008183140179844905,0.0,0.0,0.0,-2.1289146572041338,-4.821637332766436e-16,-4.821637332766436e-16,30.0,True
NoiseProductJamming,30.0,6104,4000,TARGET_COUPLED_COMPONENT_SHIFT,PHYSICAL_COMPONENT_RECOMPOSITION,WHOLE_RECORD_TRANSLATION_STRESS,0.023924696570300805,-0.0010404699337690799,0.0,0.0,0.0,-2.9471932930027327,0.0,0.0,30.0,True
NoiseConvolutionJamming,0.0,6100,1000,TARGET_COUPLED_COMPONENT_SHIFT,PHYSICAL_COMPONENT_RECOMPOSITION,WHOLE_RECORD_TRANSLATION_STRESS,-0.06393791162648395,-0.09043333606850507,0.0,0.0,0.0,-0.4536172142801617,0.0,0.0,9.64327466553287e-16,True
NoiseConvolutionJamming,0.0,6100,1500,TARGET_COUPLED_COMPONENT_SHIFT,PHYSICAL_COMPONENT_RECOMPOSITION,WHOLE_RECORD_TRANSLATION_STRESS,-0.009129612687478816,0.0,0.0,0.0,0.0,0.0,0.0,0.0,9.64327466553287e-16,True
NoiseConvolutionJamming,0.0,6100,2500,TARGET_COUPLED_COMPONENT_SHIFT,PHYSICAL_COMPONENT_RECOMPOSITION,WHOLE_RECORD_TRANSLATION_STRESS,-0.07842956502799447,-0.17601592090410972,0.0,0.0,0.0,-0.9213522413999027,0.0,0.0,9.64327466553287e-16,True
NoiseConvolutionJamming,0.0,6100,3500,TARGET_COUPLED_COMPONENT_SHIFT,PHYSICAL_COMPONENT_RECOMPOSITION,WHOLE_RECORD_TRANSLATION_STRESS,-0.0823739077555111,-0.37365966375362747,0.0,0.0,0.0,-2.1951402695838955,0.0,0.0,9.64327466553287e-16,True
NoiseConvolutionJamming,0.0,6100,4000,TARGET_COUPLED_COMPONENT_SHIFT,PHYSICAL_COMPONENT_RECOMPOSITION,WHOLE_RECORD_TRANSLATION_STRESS,-0.037116231957096874,-0.4752428756596295,0.0,0.0,0.0,-3.0003941618804464,0.0,0.0,9.64327466553287e-16,True
NoiseConvolutionJamming,0.0,6101,1000,TARGET_COUPLED_COMPONENT_SHIFT,PHYSICAL_COMPONENT_RECOMPOSITION,WHOLE_RECORD_TRANSLATION_STRESS,0.2070477217054027,-0.08841696359730433,0.0,0.0,0.0,-0.46697818159502946,0.0,0.0,0.0,True
NoiseConvolutionJamming,0.0,6101,1500,TARGET_COUPLED_COMPONENT_SHIFT,PHYSICAL_COMPONENT_RECOMPOSITION,WHOLE_RECORD_TRANSLATION_STRESS,0.227285676244392,0.0,0.0,0.0,0.0,0.0,0.0,0.0,0.0,True
NoiseConvolutionJamming,0.0,6101,2500,TARGET_COUPLED_COMPONENT_SHIFT,PHYSICAL_COMPONENT_RECOMPOSITION,WHOLE_RECORD_TRANSLATION_STRESS,0.17359951397123613,-0.1829102874573585,0.0,0.0,0.0,-1.0161996281305252,0.0,0.0,0.0,True
NoiseConvolutionJamming,0.0,6101,3500,TARGET_COUPLED_COMPONENT_SHIFT,PHYSICAL_COMPONENT_RECOMPOSITION,WHOLE_RECORD_TRANSLATION_STRESS,0.15962126356172598,-0.3534325022019257,0.0,0.0,0.0,-2.185111604668513,-4.821637332766436e-16,-4.821637332766436e-16,-4.821637332766436e-16,True
NoiseConvolutionJamming,0.0,6101,4000,TARGET_COUPLED_COMPONENT_SHIFT,PHYSICAL_COMPONENT_RECOMPOSITION,WHOLE_RECORD_TRANSLATION_STRESS,0.21094357983819112,-0.45437719015272837,0.0,0.0,0.0,-3.032169899537483,0.0,0.0,0.0,True
NoiseConvolutionJamming,0.0,6102,1000,TARGET_COUPLED_COMPONENT_SHIFT,PHYSICAL_COMPONENT_RECOMPOSITION,WHOLE_RECORD_TRANSLATION_STRESS,0.12585109164301495,-0.08202740804688752,0.0,0.0,0.0,-0.431630376823772,9.64327466553287e-16,9.64327466553287e-16,0.0,True
NoiseConvolutionJamming,0.0,6102,1500,TARGET_COUPLED_COMPONENT_SHIFT,PHYSICAL_COMPONENT_RECOMPOSITION,WHOLE_RECORD_TRANSLATION_STRESS,0.03837481181201524,0.0,0.0,0.0,0.0,0.0,0.0,0.0,-4.821637332766436e-16,True
NoiseConvolutionJamming,0.0,6102,2500,TARGET_COUPLED_COMPONENT_SHIFT,PHYSICAL_COMPONENT_RECOMPOSITION,WHOLE_RECORD_TRANSLATION_STRESS,0.09704798490344389,-0.16869179323196354,0.0,0.0,0.0,-0.9293301522333303,9.64327466553287e-16,9.64327466553287e-16,0.0,True
NoiseConvolutionJamming,0.0,6102,3500,TARGET_COUPLED_COMPONENT_SHIFT,PHYSICAL_COMPONENT_RECOMPOSITION,WHOLE_RECORD_TRANSLATION_STRESS,0.027153955652307826,-0.3564988360768717,0.0,0.0,0.0,-2.2075615365975465,9.64327466553287e-16,9.64327466553287e-16,0.0,True
NoiseConvolutionJamming,0.0,6102,4000,TARGET_COUPLED_COMPONENT_SHIFT,PHYSICAL_COMPONENT_RECOMPOSITION,WHOLE_RECORD_TRANSLATION_STRESS,0.1409112247287052,-0.45432807876268433,0.0,0.0,0.0,-3.0298073206318565,0.0,0.0,-4.821637332766436e-16,True
NoiseConvolutionJamming,0.0,6103,1000,TARGET_COUPLED_COMPONENT_SHIFT,PHYSICAL_COMPONENT_RECOMPOSITION,WHOLE_RECORD_TRANSLATION_STRESS,0.0019218516044496156,-0.08957892007565893,0.0,0.0,0.0,-0.46699289844412345,0.0,0.0,0.0,True
NoiseConvolutionJamming,0.0,6103,1500,TARGET_COUPLED_COMPONENT_SHIFT,PHYSICAL_COMPONENT_RECOMPOSITION,WHOLE_RECORD_TRANSLATION_STRESS,-0.07056770285958695,0.0,0.0,0.0,0.0,0.0,0.0,0.0,0.0,True
NoiseConvolutionJamming,0.0,6103,2500,TARGET_COUPLED_COMPONENT_SHIFT,PHYSICAL_COMPONENT_RECOMPOSITION,WHOLE_RECORD_TRANSLATION_STRESS,-0.035654090782237774,-0.17688252565956092,0.0,0.0,0.0,-0.9653377529300979,-4.821637332766436e-16,-4.821637332766436e-16,-4.821637332766436e-16,True
NoiseConvolutionJamming,0.0,6103,3500,TARGET_COUPLED_COMPONENT_SHIFT,PHYSICAL_COMPONENT_RECOMPOSITION,WHOLE_RECORD_TRANSLATION_STRESS,-0.057706792214262566,-0.37251293151441706,0.0,0.0,0.0,-2.295068778705083,0.0,0.0,0.0,True
NoiseConvolutionJamming,0.0,6103,4000,TARGET_COUPLED_COMPONENT_SHIFT,PHYSICAL_COMPONENT_RECOMPOSITION,WHOLE_RECORD_TRANSLATION_STRESS,0.006528383504735804,-0.46285468058670126,0.0,0.0,0.0,-3.052591789404139,0.0,0.0,0.0,True
NoiseConvolutionJamming,0.0,6104,1000,TARGET_COUPLED_COMPONENT_SHIFT,PHYSICAL_COMPONENT_RECOMPOSITION,WHOLE_RECORD_TRANSLATION_STRESS,0.06861889601433951,-0.09998186050246574,0.0,0.0,0.0,-0.5019022267490246,0.0,0.0,-4.821637332766436e-16,True
NoiseConvolutionJamming,0.0,6104,1500,TARGET_COUPLED_COMPONENT_SHIFT,PHYSICAL_COMPONENT_RECOMPOSITION,WHOLE_RECORD_TRANSLATION_STRESS,0.030092366802782676,0.0,0.0,0.0,0.0,0.0,0.0,0.0,-4.821637332766436e-16,True
NoiseConvolutionJamming,0.0,6104,2500,TARGET_COUPLED_COMPONENT_SHIFT,PHYSICAL_COMPONENT_RECOMPOSITION,WHOLE_RECORD_TRANSLATION_STRESS,0.13107091306807128,-0.18033002703705897,0.0,0.0,0.0,-0.9422780784138575,9.64327466553287e-16,9.64327466553287e-16,0.0,True
NoiseConvolutionJamming,0.0,6104,3500,TARGET_COUPLED_COMPONENT_SHIFT,PHYSICAL_COMPONENT_RECOMPOSITION,WHOLE_RECORD_TRANSLATION_STRESS,0.05636200198324031,-0.36591965128781845,0.0,0.0,0.0,-2.1289146572041338,9.64327466553287e-16,9.64327466553287e-16,0.0,True
NoiseConvolutionJamming,0.0,6104,4000,TARGET_COUPLED_COMPONENT_SHIFT,PHYSICAL_COMPONENT_RECOMPOSITION,WHOLE_RECORD_TRANSLATION_STRESS,0.08294771826637859,-0.4708086484323927,0.0,0.0,0.0,-2.9471932930027327,9.64327466553287e-16,9.64327466553287e-16,0.0,True
NoiseConvolutionJamming,10.0,6100,1000,TARGET_COUPLED_COMPONENT_SHIFT,PHYSICAL_COMPONENT_RECOMPOSITION,WHOLE_RECORD_TRANSLATION_STRESS,-0.03191271715151683,-0.019516290422257932,0.0,0.0,0.0,-0.4536172142801617,9.64327466553287e-16,9.64327466553287e-16,10.000000000000002,True
NoiseConvolutionJamming,10.0,6100,1500,TARGET_COUPLED_COMPONENT_SHIFT,PHYSICAL_COMPONENT_RECOMPOSITION,WHOLE_RECORD_TRANSLATION_STRESS,-0.017448936922885492,0.0,0.0,0.0,0.0,0.0,0.0,0.0,10.0,True
NoiseConvolutionJamming,10.0,6100,2500,TARGET_COUPLED_COMPONENT_SHIFT,PHYSICAL_COMPONENT_RECOMPOSITION,WHOLE_RECORD_TRANSLATION_STRESS,-0.05803470932978997,-0.03769391997392512,0.0,0.0,0.0,-0.9213522413999027,0.0,0.0,10.0,True
NoiseConvolutionJamming,10.0,6100,3500,TARGET_COUPLED_COMPONENT_SHIFT,PHYSICAL_COMPONENT_RECOMPOSITION,WHOLE_RECORD_TRANSLATION_STRESS,-0.03232708368937939,-0.07860653844167706,0.0,0.0,0.0,-2.1951402695838955,0.0,0.0,10.0,True
NoiseConvolutionJamming,10.0,6100,4000,TARGET_COUPLED_COMPONENT_SHIFT,PHYSICAL_COMPONENT_RECOMPOSITION,WHOLE_RECORD_TRANSLATION_STRESS,-0.013562304461551563,-0.09906518926392874,0.0,0.0,0.0,-3.0003941618804464,-9.643274665532871e-16,-9.643274665532871e-16,10.0,True
NoiseConvolutionJamming,10.0,6101,1000,TARGET_COUPLED_COMPONENT_SHIFT,PHYSICAL_COMPONENT_RECOMPOSITION,WHOLE_RECORD_TRANSLATION_STRESS,0.15750082563762968,-0.019392111910103177,0.0,0.0,0.0,-0.46697818159502946,0.0,0.0,10.0,True
NoiseConvolutionJamming,10.0,6101,1500,TARGET_COUPLED_COMPONENT_SHIFT,PHYSICAL_COMPONENT_RECOMPOSITION,WHOLE_RECORD_TRANSLATION_STRESS,0.16126665876703794,0.0,0.0,0.0,0.0,0.0,0.0,0.0,10.0,True
NoiseConvolutionJamming,10.0,6101,2500,TARGET_COUPLED_COMPONENT_SHIFT,PHYSICAL_COMPONENT_RECOMPOSITION,WHOLE_RECORD_TRANSLATION_STRESS,0.13490704819778013,-0.039778254849902335,0.0,0.0,0.0,-1.0161996281305252,0.0,0.0,10.0,True
NoiseConvolutionJamming,10.0,6101,3500,TARGET_COUPLED_COMPONENT_SHIFT,PHYSICAL_COMPONENT_RECOMPOSITION,WHOLE_RECORD_TRANSLATION_STRESS,0.14382630319298906,-0.07569506559789206,0.0,0.0,0.0,-2.185111604668513,0.0,0.0,10.0,True
NoiseConvolutionJamming,10.0,6101,4000,TARGET_COUPLED_COMPONENT_SHIFT,PHYSICAL_COMPONENT_RECOMPOSITION,WHOLE_RECORD_TRANSLATION_STRESS,0.15965303776527814,-0.09643667977407042,0.0,0.0,0.0,-3.032169899537483,0.0,0.0,10.0,True
NoiseConvolutionJamming,10.0,6102,1000,TARGET_COUPLED_COMPONENT_SHIFT,PHYSICAL_COMPONENT_RECOMPOSITION,WHOLE_RECORD_TRANSLATION_STRESS,0.06089207503821205,-0.01785852829985595,0.0,0.0,0.0,-0.431630376823772,0.0,0.0,10.0,True
NoiseConvolutionJamming,10.0,6102,1500,TARGET_COUPLED_COMPONENT_SHIFT,PHYSICAL_COMPONENT_RECOMPOSITION,WHOLE_RECORD_TRANSLATION_STRESS,0.028009954438635368,0.0,0.0,0.0,0.0,0.0,0.0,0.0,10.0,True
NoiseConvolutionJamming,10.0,6102,2500,TARGET_COUPLED_COMPONENT_SHIFT,PHYSICAL_COMPONENT_RECOMPOSITION,WHOLE_RECORD_TRANSLATION_STRESS,0.040372173673158956,-0.03644151642443665,0.0,0.0,0.0,-0.9293301522333303,-9.643274665532871e-16,-9.643274665532871e-16,9.999999999999998,True
NoiseConvolutionJamming,10.0,6102,3500,TARGET_COUPLED_COMPONENT_SHIFT,PHYSICAL_COMPONENT_RECOMPOSITION,WHOLE_RECORD_TRANSLATION_STRESS,0.008482691032062777,-0.07572245650375417,0.0,0.0,0.0,-2.2075615365975465,0.0,0.0,10.0,True
NoiseConvolutionJamming,10.0,6102,4000,TARGET_COUPLED_COMPONENT_SHIFT,PHYSICAL_COMPONENT_RECOMPOSITION,WHOLE_RECORD_TRANSLATION_STRESS,0.0658293493467226,-0.09565643859222552,0.0,0.0,0.0,-3.0298073206318565,0.0,0.0,10.0,True
NoiseConvolutionJamming,10.0,6103,1000,TARGET_COUPLED_COMPONENT_SHIFT,PHYSICAL_COMPONENT_RECOMPOSITION,WHOLE_RECORD_TRANSLATION_STRESS,-0.0003627921871028723,-0.019204934661004678,0.0,0.0,0.0,-0.46699289844412345,0.0,0.0,10.0,True
NoiseConvolutionJamming,10.0,6103,1500,TARGET_COUPLED_COMPONENT_SHIFT,PHYSICAL_COMPONENT_RECOMPOSITION,WHOLE_RECORD_TRANSLATION_STRESS,-0.05429992211180471,0.0,0.0,0.0,0.0,0.0,0.0,0.0,10.0,True
NoiseConvolutionJamming,10.0,6103,2500,TARGET_COUPLED_COMPONENT_SHIFT,PHYSICAL_COMPONENT_RECOMPOSITION,WHOLE_RECORD_TRANSLATION_STRESS,-0.026171047521646514,-0.037624353578236146,0.0,0.0,0.0,-0.9653377529300979,-9.643274665532871e-16,-9.643274665532871e-16,9.999999999999998,True
NoiseConvolutionJamming,10.0,6103,3500,TARGET_COUPLED_COMPONENT_SHIFT,PHYSICAL_COMPONENT_RECOMPOSITION,WHOLE_RECORD_TRANSLATION_STRESS,-0.03536768767070309,-0.07784914388146386,0.0,0.0,0.0,-2.295068778705083,0.0,0.0,10.0,True
NoiseConvolutionJamming,10.0,6103,4000,TARGET_COUPLED_COMPONENT_SHIFT,PHYSICAL_COMPONENT_RECOMPOSITION,WHOLE_RECORD_TRANSLATION_STRESS,0.00451312371306809,-0.0959431866540317,0.0,0.0,0.0,-3.052591789404139,0.0,0.0,10.0,True
NoiseConvolutionJamming,10.0,6104,1000,TARGET_COUPLED_COMPONENT_SHIFT,PHYSICAL_COMPONENT_RECOMPOSITION,WHOLE_RECORD_TRANSLATION_STRESS,0.030731017753472915,-0.020944004217092037,0.0,0.0,0.0,-0.5019022267490246,0.0,0.0,10.0,True
NoiseConvolutionJamming,10.0,6104,1500,TARGET_COUPLED_COMPONENT_SHIFT,PHYSICAL_COMPONENT_RECOMPOSITION,WHOLE_RECORD_TRANSLATION_STRESS,0.021169488397995637,0.0,0.0,0.0,0.0,0.0,0.0,0.0,10.0,True
NoiseConvolutionJamming,10.0,6104,2500,TARGET_COUPLED_COMPONENT_SHIFT,PHYSICAL_COMPONENT_RECOMPOSITION,WHOLE_RECORD_TRANSLATION_STRESS,0.06431712196755578,-0.03750055101150771,0.0,0.0,0.0,-0.9422780784138575,9.64327466553287e-16,9.64327466553287e-16,10.0,True
NoiseConvolutionJamming,10.0,6104,3500,TARGET_COUPLED_COMPONENT_SHIFT,PHYSICAL_COMPONENT_RECOMPOSITION,WHOLE_RECORD_TRANSLATION_STRESS,0.01804737546326908,-0.07482301616039082,0.0,0.0,0.0,-2.1289146572041338,0.0,0.0,10.0,True
NoiseConvolutionJamming,10.0,6104,4000,TARGET_COUPLED_COMPONENT_SHIFT,PHYSICAL_COMPONENT_RECOMPOSITION,WHOLE_RECORD_TRANSLATION_STRESS,0.04339609809886475,-0.09535798008169236,0.0,0.0,0.0,-2.9471932930027327,9.64327466553287e-16,9.64327466553287e-16,10.0,True
NoiseConvolutionJamming,20.0,6100,1000,TARGET_COUPLED_COMPONENT_SHIFT,PHYSICAL_COMPONENT_RECOMPOSITION,WHOLE_RECORD_TRANSLATION_STRESS,-0.009976096328495937,-0.002188757988124737,0.0,0.0,0.0,-0.4536172142801617,-9.643274665532871e-16,-9.643274665532871e-16,20.0,True
NoiseConvolutionJamming,20.0,6100,1500,TARGET_COUPLED_COMPONENT_SHIFT,PHYSICAL_COMPONENT_RECOMPOSITION,WHOLE_RECORD_TRANSLATION_STRESS,-0.0074463106703148,0.0,0.0,0.0,0.0,0.0,0.0,0.0,20.0,True
NoiseConvolutionJamming,20.0,6100,2500,TARGET_COUPLED_COMPONENT_SHIFT,PHYSICAL_COMPONENT_RECOMPOSITION,WHOLE_RECORD_TRANSLATION_STRESS,-0.02100538044086841,-0.004219543020273175,0.0,0.0,0.0,-0.9213522413999027,0.0,0.0,20.0,True
NoiseConvolutionJamming,20.0,6100,3500,TARGET_COUPLED_COMPONENT_SHIFT,PHYSICAL_COMPONENT_RECOMPOSITION,WHOLE_RECORD_TRANSLATION_STRESS,-0.008764266423181342,-0.008762717747113312,0.0,0.0,0.0,-2.1951402695838955,-9.643274665532871e-16,-9.643274665532871e-16,20.0,True
NoiseConvolutionJamming,20.0,6100,4000,TARGET_COUPLED_COMPONENT_SHIFT,PHYSICAL_COMPONENT_RECOMPOSITION,WHOLE_RECORD_TRANSLATION_STRESS,-0.003477549238068889,-0.011020330452071434,0.0,0.0,0.0,-3.0003941618804464,-9.643274665532871e-16,-9.643274665532871e-16,20.0,True
NoiseConvolutionJamming,20.0,6101,1000,TARGET_COUPLED_COMPONENT_SHIFT,PHYSICAL_COMPONENT_RECOMPOSITION,WHOLE_RECORD_TRANSLATION_STRESS,0.05900973540736408,-0.002214059958844724,0.0,0.0,0.0,-0.46697818159502946,-9.643274665532871e-16,-9.643274665532871e-16,20.0,True
NoiseConvolutionJamming,20.0,6101,1500,TARGET_COUPLED_COMPONENT_SHIFT,PHYSICAL_COMPONENT_RECOMPOSITION,WHOLE_RECORD_TRANSLATION_STRESS,0.059166232619392294,0.0,0.0,0.0,0.0,0.0,0.0,0.0,20.0,True
NoiseConvolutionJamming,20.0,6101,2500,TARGET_COUPLED_COMPONENT_SHIFT,PHYSICAL_COMPONENT_RECOMPOSITION,WHOLE_RECORD_TRANSLATION_STRESS,0.05078263825140013,-0.004532186119300582,0.0,0.0,0.0,-1.0161996281305252,0.0,0.0,20.0,True
NoiseConvolutionJamming,20.0,6101,3500,TARGET_COUPLED_COMPONENT_SHIFT,PHYSICAL_COMPONENT_RECOMPOSITION,WHOLE_RECORD_TRANSLATION_STRESS,0.05626183259266107,-0.008592918727243739,0.0,0.0,0.0,-2.185111604668513,-9.643274665532871e-16,-9.643274665532871e-16,20.0,True
NoiseConvolutionJamming,20.0,6101,4000,TARGET_COUPLED_COMPONENT_SHIFT,PHYSICAL_COMPONENT_RECOMPOSITION,WHOLE_RECORD_TRANSLATION_STRESS,0.05973571933174267,-0.010924416764015166,0.0,0.0,0.0,-3.032169899537483,-9.643274665532871e-16,-9.643274665532871e-16,20.0,True
NoiseConvolutionJamming,20.0,6102,1000,TARGET_COUPLED_COMPONENT_SHIFT,PHYSICAL_COMPONENT_RECOMPOSITION,WHOLE_RECORD_TRANSLATION_STRESS,0.01908029889038281,-0.0020451883320898893,0.0,0.0,0.0,-0.431630376823772,0.0,0.0,20.0,True
NoiseConvolutionJamming,20.0,6102,1500,TARGET_COUPLED_COMPONENT_SHIFT,PHYSICAL_COMPONENT_RECOMPOSITION,WHOLE_RECORD_TRANSLATION_STRESS,0.010339622384065545,0.0,0.0,0.0,0.0,0.0,0.0,0.0,20.0,True
NoiseConvolutionJamming,20.0,6102,2500,TARGET_COUPLED_COMPONENT_SHIFT,PHYSICAL_COMPONENT_RECOMPOSITION,WHOLE_RECORD_TRANSLATION_STRESS,0.0115444771986252,-0.00416544975236544,0.0,0.0,0.0,-0.9293301522333303,0.0,0.0,20.0,True
NoiseConvolutionJamming,20.0,6102,3500,TARGET_COUPLED_COMPONENT_SHIFT,PHYSICAL_COMPONENT_RECOMPOSITION,WHOLE_RECORD_TRANSLATION_STRESS,0.0018868694967390262,-0.008620908824018635,0.0,0.0,0.0,-2.2075615365975465,-9.643274665532871e-16,-9.643274665532871e-16,19.999999999999996,True
NoiseConvolutionJamming,20.0,6102,4000,TARGET_COUPLED_COMPONENT_SHIFT,PHYSICAL_COMPONENT_RECOMPOSITION,WHOLE_RECORD_TRANSLATION_STRESS,0.020231708225367726,-0.01086829632239178,0.0,0.0,0.0,-3.0298073206318565,9.64327466553287e-16,9.64327466553287e-16,20.0,True
NoiseConvolutionJamming,20.0,6103,1000,TARGET_COUPLED_COMPONENT_SHIFT,PHYSICAL_COMPONENT_RECOMPOSITION,WHOLE_RECORD_TRANSLATION_STRESS,-0.00031850266886366516,-0.002161848036692715,0.0,0.0,0.0,-0.46699289844412345,-9.643274665532871e-16,-9.643274665532871e-16,19.999999999999996,True
NoiseConvolutionJamming,20.0,6103,1500,TARGET_COUPLED_COMPONENT_SHIFT,PHYSICAL_COMPONENT_RECOMPOSITION,WHOLE_RECORD_TRANSLATION_STRESS,-0.019982732839296052,0.0,0.0,0.0,0.0,0.0,0.0,0.0,20.0,True
NoiseConvolutionJamming,20.0,6103,2500,TARGET_COUPLED_COMPONENT_SHIFT,PHYSICAL_COMPONENT_RECOMPOSITION,WHOLE_RECORD_TRANSLATION_STRESS,-0.009522426452826511,-0.004227315576661138,0.0,0.0,0.0,-0.9653377529300979,-9.643274665532871e-16,-9.643274665532871e-16,19.999999999999996,True
NoiseConvolutionJamming,20.0,6103,3500,TARGET_COUPLED_COMPONENT_SHIFT,PHYSICAL_COMPONENT_RECOMPOSITION,WHOLE_RECORD_TRANSLATION_STRESS,-0.012134061827388222,-0.008710975814294086,0.0,0.0,0.0,-2.295068778705083,0.0,0.0,20.0,True
NoiseConvolutionJamming,20.0,6103,4000,TARGET_COUPLED_COMPONENT_SHIFT,PHYSICAL_COMPONENT_RECOMPOSITION,WHOLE_RECORD_TRANSLATION_STRESS,0.0016158815015300326,-0.010715825330694997,0.0,0.0,0.0,-3.052591789404139,-9.643274665532871e-16,-9.643274665532871e-16,19.999999999999996,True
NoiseConvolutionJamming,20.0,6104,1000,TARGET_COUPLED_COMPONENT_SHIFT,PHYSICAL_COMPONENT_RECOMPOSITION,WHOLE_RECORD_TRANSLATION_STRESS,0.009077988270143058,-0.0023124176929841794,0.0,0.0,0.0,-0.5019022267490246,0.0,0.0,20.0,True
NoiseConvolutionJamming,20.0,6104,1500,TARGET_COUPLED_COMPONENT_SHIFT,PHYSICAL_COMPONENT_RECOMPOSITION,WHOLE_RECORD_TRANSLATION_STRESS,0.007533217616945153,0.0,0.0,0.0,0.0,0.0,0.0,0.0,20.0,True
NoiseConvolutionJamming,20.0,6104,2500,TARGET_COUPLED_COMPONENT_SHIFT,PHYSICAL_COMPONENT_RECOMPOSITION,WHOLE_RECORD_TRANSLATION_STRESS,0.01995294964659837,-0.00413340875806541,0.0,0.0,0.0,-0.9422780784138575,-9.643274665532871e-16,-9.643274665532871e-16,19.999999999999996,True
NoiseConvolutionJamming,20.0,6104,3500,TARGET_COUPLED_COMPONENT_SHIFT,PHYSICAL_COMPONENT_RECOMPOSITION,WHOLE_RECORD_TRANSLATION_STRESS,0.004130980376391063,-0.008215762670572415,0.0,0.0,0.0,-2.1289146572041338,-9.643274665532871e-16,-9.643274665532871e-16,19.999999999999996,True
NoiseConvolutionJamming,20.0,6104,4000,TARGET_COUPLED_COMPONENT_SHIFT,PHYSICAL_COMPONENT_RECOMPOSITION,WHOLE_RECORD_TRANSLATION_STRESS,0.013869630806373896,-0.010448595673071492,0.0,0.0,0.0,-2.9471932930027327,0.0,0.0,20.0,True
NoiseConvolutionJamming,30.0,6100,1000,TARGET_COUPLED_COMPONENT_SHIFT,PHYSICAL_COMPONENT_RECOMPOSITION,WHOLE_RECORD_TRANSLATION_STRESS,-0.0030483752650931188,-0.00022097493778798597,0.0,0.0,0.0,-0.4536172142801617,9.64327466553287e-16,9.64327466553287e-16,30.0,True
NoiseConvolutionJamming,30.0,6100,1500,TARGET_COUPLED_COMPONENT_SHIFT,PHYSICAL_COMPONENT_RECOMPOSITION,WHOLE_RECORD_TRANSLATION_STRESS,-0.0025029393989425,0.0,0.0,0.0,0.0,0.0,0.0,0.0,30.0,True
NoiseConvolutionJamming,30.0,6100,2500,TARGET_COUPLED_COMPONENT_SHIFT,PHYSICAL_COMPONENT_RECOMPOSITION,WHOLE_RECORD_TRANSLATION_STRESS,-0.006744080447682538,-0.0004259115477017925,0.0,0.0,0.0,-0.9213522413999027,9.64327466553287e-16,9.64327466553287e-16,30.0,True
NoiseConvolutionJamming,30.0,6100,3500,TARGET_COUPLED_COMPONENT_SHIFT,PHYSICAL_COMPONENT_RECOMPOSITION,WHOLE_RECORD_TRANSLATION_STRESS,-0.0025250273744050317,-0.0008840740123844815,0.0,0.0,0.0,-2.1951402695838955,9.64327466553287e-16,9.64327466553287e-16,30.0,True
NoiseConvolutionJamming,30.0,6100,4000,TARGET_COUPLED_COMPONENT_SHIFT,PHYSICAL_COMPONENT_RECOMPOSITION,WHOLE_RECORD_TRANSLATION_STRESS,-0.0009752689159277124,-0.0011115857129660196,0.0,0.0,0.0,-3.0003941618804464,0.0,0.0,30.0,True
NoiseConvolutionJamming,30.0,6101,1000,TARGET_COUPLED_COMPONENT_SHIFT,PHYSICAL_COMPONENT_RECOMPOSITION,WHOLE_RECORD_TRANSLATION_STRESS,0.019194648596202245,-0.00022498522875764943,0.0,0.0,0.0,-0.46697818159502946,0.0,0.0,30.0,True
NoiseConvolutionJamming,30.0,6101,1500,TARGET_COUPLED_COMPONENT_SHIFT,PHYSICAL_COMPONENT_RECOMPOSITION,WHOLE_RECORD_TRANSLATION_STRESS,0.019118455399004974,0.0,0.0,0.0,0.0,0.0,0.0,0.0,30.0,True
NoiseConvolutionJamming,30.0,6101,2500,TARGET_COUPLED_COMPONENT_SHIFT,PHYSICAL_COMPONENT_RECOMPOSITION,WHOLE_RECORD_TRANSLATION_STRESS,0.016540021921307404,-0.000460434911136346,0.0,0.0,0.0,-1.0161996281305252,-4.821637332766436e-16,-4.821637332766436e-16,30.0,True
NoiseConvolutionJamming,30.0,6101,3500,TARGET_COUPLED_COMPONENT_SHIFT,PHYSICAL_COMPONENT_RECOMPOSITION,WHOLE_RECORD_TRANSLATION_STRESS,0.01854001241610114,-0.0008726072877823206,0.0,0.0,0.0,-2.185111604668513,0.0,0.0,30.0,True
NoiseConvolutionJamming,30.0,6101,4000,TARGET_COUPLED_COMPONENT_SHIFT,PHYSICAL_COMPONENT_RECOMPOSITION,WHOLE_RECORD_TRANSLATION_STRESS,0.01942291048495499,-0.0011091025010959645,0.0,0.0,0.0,-3.032169899537483,0.0,0.0,30.0,True
NoiseConvolutionJamming,30.0,6102,1000,TARGET_COUPLED_COMPONENT_SHIFT,PHYSICAL_COMPONENT_RECOMPOSITION,WHOLE_RECORD_TRANSLATION_STRESS,0.0058357452244076945,-0.0002082276678145311,0.0,0.0,0.0,-0.431630376823772,-1.446491199829931e-15,-1.446491199829931e-15,30.0,True
NoiseConvolutionJamming,30.0,6102,1500,TARGET_COUPLED_COMPONENT_SHIFT,PHYSICAL_COMPONENT_RECOMPOSITION,WHOLE_RECORD_TRANSLATION_STRESS,0.003348320634897779,0.0,0.0,0.0,0.0,0.0,0.0,0.0,30.0,True
NoiseConvolutionJamming,30.0,6102,2500,TARGET_COUPLED_COMPONENT_SHIFT,PHYSICAL_COMPONENT_RECOMPOSITION,WHOLE_RECORD_TRANSLATION_STRESS,0.0033999125154756233,-0.00042400581905447445,0.0,0.0,0.0,-0.9293301522333303,-4.821637332766436e-16,-4.821637332766436e-16,30.0,True
NoiseConvolutionJamming,30.0,6102,3500,TARGET_COUPLED_COMPONENT_SHIFT,PHYSICAL_COMPONENT_RECOMPOSITION,WHOLE_RECORD_TRANSLATION_STRESS,0.00048621211282841705,-0.0008771278610195941,0.0,0.0,0.0,-2.2075615365975465,-4.821637332766436e-16,-4.821637332766436e-16,30.0,True
NoiseConvolutionJamming,30.0,6102,4000,TARGET_COUPLED_COMPONENT_SHIFT,PHYSICAL_COMPONENT_RECOMPOSITION,WHOLE_RECORD_TRANSLATION_STRESS,0.0061404847123183075,-0.0011055297075828767,0.0,0.0,0.0,-3.0298073206318565,-4.821637332766436e-16,-4.821637332766436e-16,30.0,True
NoiseConvolutionJamming,30.0,6103,1000,TARGET_COUPLED_COMPONENT_SHIFT,PHYSICAL_COMPONENT_RECOMPOSITION,WHOLE_RECORD_TRANSLATION_STRESS,-0.00012105681636964746,-0.00021871910620359128,0.0,0.0,0.0,-0.46699289844412345,9.64327466553287e-16,9.64327466553287e-16,30.0,True
NoiseConvolutionJamming,30.0,6103,1500,TARGET_COUPLED_COMPONENT_SHIFT,PHYSICAL_COMPONENT_RECOMPOSITION,WHOLE_RECORD_TRANSLATION_STRESS,-0.006454568954662141,0.0,0.0,0.0,0.0,0.0,0.0,0.0,30.0,True
NoiseConvolutionJamming,30.0,6103,2500,TARGET_COUPLED_COMPONENT_SHIFT,PHYSICAL_COMPONENT_RECOMPOSITION,WHOLE_RECORD_TRANSLATION_STRESS,-0.0030657959249454263,-0.00042759578216462166,0.0,0.0,0.0,-0.9653377529300979,0.0,0.0,30.0,True
NoiseConvolutionJamming,30.0,6103,3500,TARGET_COUPLED_COMPONENT_SHIFT,PHYSICAL_COMPONENT_RECOMPOSITION,WHOLE_RECORD_TRANSLATION_STRESS,-0.0038341002353147356,-0.0008807123341932959,0.0,0.0,0.0,-2.295068778705083,9.64327466553287e-16,9.64327466553287e-16,30.0,True
NoiseConvolutionJamming,30.0,6103,4000,TARGET_COUPLED_COMPONENT_SHIFT,PHYSICAL_COMPONENT_RECOMPOSITION,WHOLE_RECORD_TRANSLATION_STRESS,0.0005177304606444485,-0.001083185442718671,0.0,0.0,0.0,-3.052591789404139,0.0,0.0,30.0,True
NoiseConvolutionJamming,30.0,6104,1000,TARGET_COUPLED_COMPONENT_SHIFT,PHYSICAL_COMPONENT_RECOMPOSITION,WHOLE_RECORD_TRANSLATION_STRESS,0.0027170484466383553,-0.000232427446702413,0.0,0.0,0.0,-0.5019022267490246,0.0,0.0,30.0,True
NoiseConvolutionJamming,30.0,6104,1500,TARGET_COUPLED_COMPONENT_SHIFT,PHYSICAL_COMPONENT_RECOMPOSITION,WHOLE_RECORD_TRANSLATION_STRESS,0.002407930339370994,0.0,0.0,0.0,0.0,0.0,0.0,0.0,30.0,True
NoiseConvolutionJamming,30.0,6104,2500,TARGET_COUPLED_COMPONENT_SHIFT,PHYSICAL_COMPONENT_RECOMPOSITION,WHOLE_RECORD_TRANSLATION_STRESS,0.006085157705354337,-0.0004153819228412203,0.0,0.0,0.0,-0.9422780784138575,9.64327466553287e-16,9.64327466553287e-16,30.0,True
NoiseConvolutionJamming,30.0,6104,3500,TARGET_COUPLED_COMPONENT_SHIFT,PHYSICAL_COMPONENT_RECOMPOSITION,WHOLE_RECORD_TRANSLATION_STRESS,0.0010931643173457458,-0.0008252842322296755,0.0,0.0,0.0,-2.1289146572041338,0.0,0.0,30.0,True
NoiseConvolutionJamming,30.0,6104,4000,TARGET_COUPLED_COMPONENT_SHIFT,PHYSICAL_COMPONENT_RECOMPOSITION,WHOLE_RECORD_TRANSLATION_STRESS,0.004276875146735601,-0.0010493326506149903,0.0,0.0,0.0,-2.9471932930027327,0.0,0.0,30.0,True
NoJammer,0.0,6100,1000,NO_JAMMER,PHYSICAL_COMPONENT_RECOMPOSITION,WHOLE_RECORD_TRANSLATION_STRESS,-0.0051285900434469255,-0.23559694202543324,0.0,0.0,0.0,-0.4775048013240648,0.0,0.0,-inf,True
NoJammer,0.0,6100,1500,NO_JAMMER,PHYSICAL_COMPONENT_RECOMPOSITION,WHOLE_RECORD_TRANSLATION_STRESS,0.0,0.0,0.0,0.0,0.0,0.0,0.0,0.0,-inf,True
NoJammer,0.0,6100,2500,NO_JAMMER,PHYSICAL_COMPONENT_RECOMPOSITION,WHOLE_RECORD_TRANSLATION_STRESS,0.014841399192497405,-0.4678165738244643,0.0,0.0,0.0,-0.9765282307607064,0.0,0.0,-inf,True
NoJammer,0.0,6100,3500,NO_JAMMER,PHYSICAL_COMPONENT_RECOMPOSITION,WHOLE_RECORD_TRANSLATION_STRESS,0.11998682459139601,-1.0036697911756587,0.0,0.0,0.0,-2.268580674645631,0.0,0.0,-inf,True
NoJammer,0.0,6100,4000,NO_JAMMER,PHYSICAL_COMPONENT_RECOMPOSITION,WHOLE_RECORD_TRANSLATION_STRESS,0.0606133663418943,-1.2735533770885437,0.0,0.0,0.0,-3.020507302481912,0.0,0.0,-inf,True
NoJammer,0.0,6101,1000,NO_JAMMER,PHYSICAL_COMPONENT_RECOMPOSITION,WHOLE_RECORD_TRANSLATION_STRESS,-0.03321415686787192,-0.2254884753013257,0.0,0.0,0.0,-0.46653387572562127,0.0,0.0,-inf,True
NoJammer,0.0,6101,1500,NO_JAMMER,PHYSICAL_COMPONENT_RECOMPOSITION,WHOLE_RECORD_TRANSLATION_STRESS,0.0,0.0,0.0,0.0,0.0,0.0,0.0,0.0,-inf,True
NoJammer,0.0,6101,2500,NO_JAMMER,PHYSICAL_COMPONENT_RECOMPOSITION,WHOLE_RECORD_TRANSLATION_STRESS,0.02393533359415543,-0.49383170869327875,0.0,0.0,0.0,-1.0589075730366844,0.0,0.0,-inf,True
NoJammer,0.0,6101,3500,NO_JAMMER,PHYSICAL_COMPONENT_RECOMPOSITION,WHOLE_RECORD_TRANSLATION_STRESS,0.07064837007269649,-0.9846088171212315,0.0,0.0,0.0,-2.2794389557374775,0.0,0.0,-inf,True
NoJammer,0.0,6101,4000,NO_JAMMER,PHYSICAL_COMPONENT_RECOMPOSITION,WHOLE_RECORD_TRANSLATION_STRESS,-0.00982636130173364,-1.2539677618568443,0.0,0.0,0.0,-3.0527897852453685,0.0,0.0,-inf,True
NoJammer,0.0,6102,1000,NO_JAMMER,PHYSICAL_COMPONENT_RECOMPOSITION,WHOLE_RECORD_TRANSLATION_STRESS,0.06088417601115913,-0.22181985164258097,0.0,0.0,0.0,-0.4567031556161206,0.0,0.0,-inf,True
NoJammer,0.0,6102,1500,NO_JAMMER,PHYSICAL_COMPONENT_RECOMPOSITION,WHOLE_RECORD_TRANSLATION_STRESS,0.0,0.0,0.0,0.0,0.0,0.0,0.0,0.0,-inf,True
NoJammer,0.0,6102,2500,NO_JAMMER,PHYSICAL_COMPONENT_RECOMPOSITION,WHOLE_RECORD_TRANSLATION_STRESS,-0.013137832700665333,-0.4525763638082799,0.0,0.0,0.0,-0.9603632419681774,0.0,0.0,-inf,True
NoJammer,0.0,6102,3500,NO_JAMMER,PHYSICAL_COMPONENT_RECOMPOSITION,WHOLE_RECORD_TRANSLATION_STRESS,-0.06288852188228566,-0.9628744902766752,0.0,0.0,0.0,-2.208603098941218,0.0,0.0,-inf,True
NoJammer,0.0,6102,4000,NO_JAMMER,PHYSICAL_COMPONENT_RECOMPOSITION,WHOLE_RECORD_TRANSLATION_STRESS,0.0009216973355743203,-1.251748890590934,0.0,0.0,0.0,-3.0275685117345184,0.0,0.0,-inf,True
NoJammer,0.0,6103,1000,NO_JAMMER,PHYSICAL_COMPONENT_RECOMPOSITION,WHOLE_RECORD_TRANSLATION_STRESS,-0.01061468826134577,-0.2359407602221444,0.0,0.0,0.0,-0.4817285294109203,0.0,0.0,-inf,True
NoJammer,0.0,6103,1500,NO_JAMMER,PHYSICAL_COMPONENT_RECOMPOSITION,WHOLE_RECORD_TRANSLATION_STRESS,0.0,0.0,0.0,0.0,0.0,0.0,0.0,0.0,-inf,True
NoJammer,0.0,6103,2500,NO_JAMMER,PHYSICAL_COMPONENT_RECOMPOSITION,WHOLE_RECORD_TRANSLATION_STRESS,0.031114952815194746,-0.44181661250044835,0.0,0.0,0.0,-0.9262004735035284,0.0,0.0,-inf,True
NoJammer,0.0,6103,3500,NO_JAMMER,PHYSICAL_COMPONENT_RECOMPOSITION,WHOLE_RECORD_TRANSLATION_STRESS,0.03249814581637964,-0.9414651146773687,0.0,0.0,0.0,-2.1251740833007755,0.0,0.0,-inf,True
NoJammer,0.0,6103,4000,NO_JAMMER,PHYSICAL_COMPONENT_RECOMPOSITION,WHOLE_RECORD_TRANSLATION_STRESS,-0.02421719609766761,-1.2309162044765707,0.0,0.0,0.0,-2.9246267404577395,0.0,0.0,-inf,True
NoJammer,0.0,6104,1000,NO_JAMMER,PHYSICAL_COMPONENT_RECOMPOSITION,WHOLE_RECORD_TRANSLATION_STRESS,0.035121205583219184,-0.21162392930245677,0.0,0.0,0.0,-0.4331424911725764,0.0,0.0,-inf,True
NoJammer,0.0,6104,1500,NO_JAMMER,PHYSICAL_COMPONENT_RECOMPOSITION,WHOLE_RECORD_TRANSLATION_STRESS,0.0,0.0,0.0,0.0,0.0,0.0,0.0,0.0,-inf,True
NoJammer,0.0,6104,2500,NO_JAMMER,PHYSICAL_COMPONENT_RECOMPOSITION,WHOLE_RECORD_TRANSLATION_STRESS,-0.00916534615771304,-0.46434804508580557,0.0,0.0,0.0,-0.9820606274407162,0.0,0.0,-inf,True
NoJammer,0.0,6104,3500,NO_JAMMER,PHYSICAL_COMPONENT_RECOMPOSITION,WHOLE_RECORD_TRANSLATION_STRESS,-0.061850077846725734,-0.9697573288407829,0.0,0.0,0.0,-2.214225324009901,0.0,0.0,-inf,True
NoJammer,0.0,6104,4000,NO_JAMMER,PHYSICAL_COMPONENT_RECOMPOSITION,WHOLE_RECORD_TRANSLATION_STRESS,0.05558953125888823,-1.2347114276499431,0.0,0.0,0.0,-2.957590881425512,0.0,0.0,-inf,True
NoJammer,10.0,6100,1000,NO_JAMMER,PHYSICAL_COMPONENT_RECOMPOSITION,WHOLE_RECORD_TRANSLATION_STRESS,-0.0051285900434469255,-0.23559694202543324,0.0,0.0,0.0,-0.4775048013240648,0.0,0.0,-inf,True
NoJammer,10.0,6100,1500,NO_JAMMER,PHYSICAL_COMPONENT_RECOMPOSITION,WHOLE_RECORD_TRANSLATION_STRESS,0.0,0.0,0.0,0.0,0.0,0.0,0.0,0.0,-inf,True
NoJammer,10.0,6100,2500,NO_JAMMER,PHYSICAL_COMPONENT_RECOMPOSITION,WHOLE_RECORD_TRANSLATION_STRESS,0.014841399192497405,-0.4678165738244643,0.0,0.0,0.0,-0.9765282307607064,0.0,0.0,-inf,True
NoJammer,10.0,6100,3500,NO_JAMMER,PHYSICAL_COMPONENT_RECOMPOSITION,WHOLE_RECORD_TRANSLATION_STRESS,0.11998682459139601,-1.0036697911756587,0.0,0.0,0.0,-2.268580674645631,0.0,0.0,-inf,True
NoJammer,10.0,6100,4000,NO_JAMMER,PHYSICAL_COMPONENT_RECOMPOSITION,WHOLE_RECORD_TRANSLATION_STRESS,0.0606133663418943,-1.2735533770885437,0.0,0.0,0.0,-3.020507302481912,0.0,0.0,-inf,True
NoJammer,10.0,6101,1000,NO_JAMMER,PHYSICAL_COMPONENT_RECOMPOSITION,WHOLE_RECORD_TRANSLATION_STRESS,-0.03321415686787192,-0.2254884753013257,0.0,0.0,0.0,-0.46653387572562127,0.0,0.0,-inf,True
NoJammer,10.0,6101,1500,NO_JAMMER,PHYSICAL_COMPONENT_RECOMPOSITION,WHOLE_RECORD_TRANSLATION_STRESS,0.0,0.0,0.0,0.0,0.0,0.0,0.0,0.0,-inf,True
NoJammer,10.0,6101,2500,NO_JAMMER,PHYSICAL_COMPONENT_RECOMPOSITION,WHOLE_RECORD_TRANSLATION_STRESS,0.02393533359415543,-0.49383170869327875,0.0,0.0,0.0,-1.0589075730366844,0.0,0.0,-inf,True
NoJammer,10.0,6101,3500,NO_JAMMER,PHYSICAL_COMPONENT_RECOMPOSITION,WHOLE_RECORD_TRANSLATION_STRESS,0.07064837007269649,-0.9846088171212315,0.0,0.0,0.0,-2.2794389557374775,0.0,0.0,-inf,True
NoJammer,10.0,6101,4000,NO_JAMMER,PHYSICAL_COMPONENT_RECOMPOSITION,WHOLE_RECORD_TRANSLATION_STRESS,-0.00982636130173364,-1.2539677618568443,0.0,0.0,0.0,-3.0527897852453685,0.0,0.0,-inf,True
NoJammer,10.0,6102,1000,NO_JAMMER,PHYSICAL_COMPONENT_RECOMPOSITION,WHOLE_RECORD_TRANSLATION_STRESS,0.06088417601115913,-0.22181985164258097,0.0,0.0,0.0,-0.4567031556161206,0.0,0.0,-inf,True
NoJammer,10.0,6102,1500,NO_JAMMER,PHYSICAL_COMPONENT_RECOMPOSITION,WHOLE_RECORD_TRANSLATION_STRESS,0.0,0.0,0.0,0.0,0.0,0.0,0.0,0.0,-inf,True
NoJammer,10.0,6102,2500,NO_JAMMER,PHYSICAL_COMPONENT_RECOMPOSITION,WHOLE_RECORD_TRANSLATION_STRESS,-0.013137832700665333,-0.4525763638082799,0.0,0.0,0.0,-0.9603632419681774,0.0,0.0,-inf,True
NoJammer,10.0,6102,3500,NO_JAMMER,PHYSICAL_COMPONENT_RECOMPOSITION,WHOLE_RECORD_TRANSLATION_STRESS,-0.06288852188228566,-0.9628744902766752,0.0,0.0,0.0,-2.208603098941218,0.0,0.0,-inf,True
NoJammer,10.0,6102,4000,NO_JAMMER,PHYSICAL_COMPONENT_RECOMPOSITION,WHOLE_RECORD_TRANSLATION_STRESS,0.0009216973355743203,-1.251748890590934,0.0,0.0,0.0,-3.0275685117345184,0.0,0.0,-inf,True
NoJammer,10.0,6103,1000,NO_JAMMER,PHYSICAL_COMPONENT_RECOMPOSITION,WHOLE_RECORD_TRANSLATION_STRESS,-0.01061468826134577,-0.2359407602221444,0.0,0.0,0.0,-0.4817285294109203,0.0,0.0,-inf,True
NoJammer,10.0,6103,1500,NO_JAMMER,PHYSICAL_COMPONENT_RECOMPOSITION,WHOLE_RECORD_TRANSLATION_STRESS,0.0,0.0,0.0,0.0,0.0,0.0,0.0,0.0,-inf,True
NoJammer,10.0,6103,2500,NO_JAMMER,PHYSICAL_COMPONENT_RECOMPOSITION,WHOLE_RECORD_TRANSLATION_STRESS,0.031114952815194746,-0.44181661250044835,0.0,0.0,0.0,-0.9262004735035284,0.0,0.0,-inf,True
NoJammer,10.0,6103,3500,NO_JAMMER,PHYSICAL_COMPONENT_RECOMPOSITION,WHOLE_RECORD_TRANSLATION_STRESS,0.03249814581637964,-0.9414651146773687,0.0,0.0,0.0,-2.1251740833007755,0.0,0.0,-inf,True
NoJammer,10.0,6103,4000,NO_JAMMER,PHYSICAL_COMPONENT_RECOMPOSITION,WHOLE_RECORD_TRANSLATION_STRESS,-0.02421719609766761,-1.2309162044765707,0.0,0.0,0.0,-2.9246267404577395,0.0,0.0,-inf,True
NoJammer,10.0,6104,1000,NO_JAMMER,PHYSICAL_COMPONENT_RECOMPOSITION,WHOLE_RECORD_TRANSLATION_STRESS,0.035121205583219184,-0.21162392930245677,0.0,0.0,0.0,-0.4331424911725764,0.0,0.0,-inf,True
NoJammer,10.0,6104,1500,NO_JAMMER,PHYSICAL_COMPONENT_RECOMPOSITION,WHOLE_RECORD_TRANSLATION_STRESS,0.0,0.0,0.0,0.0,0.0,0.0,0.0,0.0,-inf,True
NoJammer,10.0,6104,2500,NO_JAMMER,PHYSICAL_COMPONENT_RECOMPOSITION,WHOLE_RECORD_TRANSLATION_STRESS,-0.00916534615771304,-0.46434804508580557,0.0,0.0,0.0,-0.9820606274407162,0.0,0.0,-inf,True
NoJammer,10.0,6104,3500,NO_JAMMER,PHYSICAL_COMPONENT_RECOMPOSITION,WHOLE_RECORD_TRANSLATION_STRESS,-0.061850077846725734,-0.9697573288407829,0.0,0.0,0.0,-2.214225324009901,0.0,0.0,-inf,True
NoJammer,10.0,6104,4000,NO_JAMMER,PHYSICAL_COMPONENT_RECOMPOSITION,WHOLE_RECORD_TRANSLATION_STRESS,0.05558953125888823,-1.2347114276499431,0.0,0.0,0.0,-2.957590881425512,0.0,0.0,-inf,True
NoJammer,20.0,6100,1000,NO_JAMMER,PHYSICAL_COMPONENT_RECOMPOSITION,WHOLE_RECORD_TRANSLATION_STRESS,-0.0051285900434469255,-0.23559694202543324,0.0,0.0,0.0,-0.4775048013240648,0.0,0.0,-inf,True
NoJammer,20.0,6100,1500,NO_JAMMER,PHYSICAL_COMPONENT_RECOMPOSITION,WHOLE_RECORD_TRANSLATION_STRESS,0.0,0.0,0.0,0.0,0.0,0.0,0.0,0.0,-inf,True
NoJammer,20.0,6100,2500,NO_JAMMER,PHYSICAL_COMPONENT_RECOMPOSITION,WHOLE_RECORD_TRANSLATION_STRESS,0.014841399192497405,-0.4678165738244643,0.0,0.0,0.0,-0.9765282307607064,0.0,0.0,-inf,True
NoJammer,20.0,6100,3500,NO_JAMMER,PHYSICAL_COMPONENT_RECOMPOSITION,WHOLE_RECORD_TRANSLATION_STRESS,0.11998682459139601,-1.0036697911756587,0.0,0.0,0.0,-2.268580674645631,0.0,0.0,-inf,True
NoJammer,20.0,6100,4000,NO_JAMMER,PHYSICAL_COMPONENT_RECOMPOSITION,WHOLE_RECORD_TRANSLATION_STRESS,0.0606133663418943,-1.2735533770885437,0.0,0.0,0.0,-3.020507302481912,0.0,0.0,-inf,True
NoJammer,20.0,6101,1000,NO_JAMMER,PHYSICAL_COMPONENT_RECOMPOSITION,WHOLE_RECORD_TRANSLATION_STRESS,-0.03321415686787192,-0.2254884753013257,0.0,0.0,0.0,-0.46653387572562127,0.0,0.0,-inf,True
NoJammer,20.0,6101,1500,NO_JAMMER,PHYSICAL_COMPONENT_RECOMPOSITION,WHOLE_RECORD_TRANSLATION_STRESS,0.0,0.0,0.0,0.0,0.0,0.0,0.0,0.0,-inf,True
NoJammer,20.0,6101,2500,NO_JAMMER,PHYSICAL_COMPONENT_RECOMPOSITION,WHOLE_RECORD_TRANSLATION_STRESS,0.02393533359415543,-0.49383170869327875,0.0,0.0,0.0,-1.0589075730366844,0.0,0.0,-inf,True
NoJammer,20.0,6101,3500,NO_JAMMER,PHYSICAL_COMPONENT_RECOMPOSITION,WHOLE_RECORD_TRANSLATION_STRESS,0.07064837007269649,-0.9846088171212315,0.0,0.0,0.0,-2.2794389557374775,0.0,0.0,-inf,True
NoJammer,20.0,6101,4000,NO_JAMMER,PHYSICAL_COMPONENT_RECOMPOSITION,WHOLE_RECORD_TRANSLATION_STRESS,-0.00982636130173364,-1.2539677618568443,0.0,0.0,0.0,-3.0527897852453685,0.0,0.0,-inf,True
NoJammer,20.0,6102,1000,NO_JAMMER,PHYSICAL_COMPONENT_RECOMPOSITION,WHOLE_RECORD_TRANSLATION_STRESS,0.06088417601115913,-0.22181985164258097,0.0,0.0,0.0,-0.4567031556161206,0.0,0.0,-inf,True
NoJammer,20.0,6102,1500,NO_JAMMER,PHYSICAL_COMPONENT_RECOMPOSITION,WHOLE_RECORD_TRANSLATION_STRESS,0.0,0.0,0.0,0.0,0.0,0.0,0.0,0.0,-inf,True
NoJammer,20.0,6102,2500,NO_JAMMER,PHYSICAL_COMPONENT_RECOMPOSITION,WHOLE_RECORD_TRANSLATION_STRESS,-0.013137832700665333,-0.4525763638082799,0.0,0.0,0.0,-0.9603632419681774,0.0,0.0,-inf,True
NoJammer,20.0,6102,3500,NO_JAMMER,PHYSICAL_COMPONENT_RECOMPOSITION,WHOLE_RECORD_TRANSLATION_STRESS,-0.06288852188228566,-0.9628744902766752,0.0,0.0,0.0,-2.208603098941218,0.0,0.0,-inf,True
NoJammer,20.0,6102,4000,NO_JAMMER,PHYSICAL_COMPONENT_RECOMPOSITION,WHOLE_RECORD_TRANSLATION_STRESS,0.0009216973355743203,-1.251748890590934,0.0,0.0,0.0,-3.0275685117345184,0.0,0.0,-inf,True
NoJammer,20.0,6103,1000,NO_JAMMER,PHYSICAL_COMPONENT_RECOMPOSITION,WHOLE_RECORD_TRANSLATION_STRESS,-0.01061468826134577,-0.2359407602221444,0.0,0.0,0.0,-0.4817285294109203,0.0,0.0,-inf,True
NoJammer,20.0,6103,1500,NO_JAMMER,PHYSICAL_COMPONENT_RECOMPOSITION,WHOLE_RECORD_TRANSLATION_STRESS,0.0,0.0,0.0,0.0,0.0,0.0,0.0,0.0,-inf,True
NoJammer,20.0,6103,2500,NO_JAMMER,PHYSICAL_COMPONENT_RECOMPOSITION,WHOLE_RECORD_TRANSLATION_STRESS,0.031114952815194746,-0.44181661250044835,0.0,0.0,0.0,-0.9262004735035284,0.0,0.0,-inf,True
NoJammer,20.0,6103,3500,NO_JAMMER,PHYSICAL_COMPONENT_RECOMPOSITION,WHOLE_RECORD_TRANSLATION_STRESS,0.03249814581637964,-0.9414651146773687,0.0,0.0,0.0,-2.1251740833007755,0.0,0.0,-inf,True
NoJammer,20.0,6103,4000,NO_JAMMER,PHYSICAL_COMPONENT_RECOMPOSITION,WHOLE_RECORD_TRANSLATION_STRESS,-0.02421719609766761,-1.2309162044765707,0.0,0.0,0.0,-2.9246267404577395,0.0,0.0,-inf,True
NoJammer,20.0,6104,1000,NO_JAMMER,PHYSICAL_COMPONENT_RECOMPOSITION,WHOLE_RECORD_TRANSLATION_STRESS,0.035121205583219184,-0.21162392930245677,0.0,0.0,0.0,-0.4331424911725764,0.0,0.0,-inf,True
NoJammer,20.0,6104,1500,NO_JAMMER,PHYSICAL_COMPONENT_RECOMPOSITION,WHOLE_RECORD_TRANSLATION_STRESS,0.0,0.0,0.0,0.0,0.0,0.0,0.0,0.0,-inf,True
NoJammer,20.0,6104,2500,NO_JAMMER,PHYSICAL_COMPONENT_RECOMPOSITION,WHOLE_RECORD_TRANSLATION_STRESS,-0.00916534615771304,-0.46434804508580557,0.0,0.0,0.0,-0.9820606274407162,0.0,0.0,-inf,True
NoJammer,20.0,6104,3500,NO_JAMMER,PHYSICAL_COMPONENT_RECOMPOSITION,WHOLE_RECORD_TRANSLATION_STRESS,-0.061850077846725734,-0.9697573288407829,0.0,0.0,0.0,-2.214225324009901,0.0,0.0,-inf,True
NoJammer,20.0,6104,4000,NO_JAMMER,PHYSICAL_COMPONENT_RECOMPOSITION,WHOLE_RECORD_TRANSLATION_STRESS,0.05558953125888823,-1.2347114276499431,0.0,0.0,0.0,-2.957590881425512,0.0,0.0,-inf,True
NoJammer,30.0,6100,1000,NO_JAMMER,PHYSICAL_COMPONENT_RECOMPOSITION,WHOLE_RECORD_TRANSLATION_STRESS,-0.0051285900434469255,-0.23559694202543324,0.0,0.0,0.0,-0.4775048013240648,0.0,0.0,-inf,True
NoJammer,30.0,6100,1500,NO_JAMMER,PHYSICAL_COMPONENT_RECOMPOSITION,WHOLE_RECORD_TRANSLATION_STRESS,0.0,0.0,0.0,0.0,0.0,0.0,0.0,0.0,-inf,True
NoJammer,30.0,6100,2500,NO_JAMMER,PHYSICAL_COMPONENT_RECOMPOSITION,WHOLE_RECORD_TRANSLATION_STRESS,0.014841399192497405,-0.4678165738244643,0.0,0.0,0.0,-0.9765282307607064,0.0,0.0,-inf,True
NoJammer,30.0,6100,3500,NO_JAMMER,PHYSICAL_COMPONENT_RECOMPOSITION,WHOLE_RECORD_TRANSLATION_STRESS,0.11998682459139601,-1.0036697911756587,0.0,0.0,0.0,-2.268580674645631,0.0,0.0,-inf,True
NoJammer,30.0,6100,4000,NO_JAMMER,PHYSICAL_COMPONENT_RECOMPOSITION,WHOLE_RECORD_TRANSLATION_STRESS,0.0606133663418943,-1.2735533770885437,0.0,0.0,0.0,-3.020507302481912,0.0,0.0,-inf,True
NoJammer,30.0,6101,1000,NO_JAMMER,PHYSICAL_COMPONENT_RECOMPOSITION,WHOLE_RECORD_TRANSLATION_STRESS,-0.03321415686787192,-0.2254884753013257,0.0,0.0,0.0,-0.46653387572562127,0.0,0.0,-inf,True
NoJammer,30.0,6101,1500,NO_JAMMER,PHYSICAL_COMPONENT_RECOMPOSITION,WHOLE_RECORD_TRANSLATION_STRESS,0.0,0.0,0.0,0.0,0.0,0.0,0.0,0.0,-inf,True
NoJammer,30.0,6101,2500,NO_JAMMER,PHYSICAL_COMPONENT_RECOMPOSITION,WHOLE_RECORD_TRANSLATION_STRESS,0.02393533359415543,-0.49383170869327875,0.0,0.0,0.0,-1.0589075730366844,0.0,0.0,-inf,True
NoJammer,30.0,6101,3500,NO_JAMMER,PHYSICAL_COMPONENT_RECOMPOSITION,WHOLE_RECORD_TRANSLATION_STRESS,0.07064837007269649,-0.9846088171212315,0.0,0.0,0.0,-2.2794389557374775,0.0,0.0,-inf,True
NoJammer,30.0,6101,4000,NO_JAMMER,PHYSICAL_COMPONENT_RECOMPOSITION,WHOLE_RECORD_TRANSLATION_STRESS,-0.00982636130173364,-1.2539677618568443,0.0,0.0,0.0,-3.0527897852453685,0.0,0.0,-inf,True
NoJammer,30.0,6102,1000,NO_JAMMER,PHYSICAL_COMPONENT_RECOMPOSITION,WHOLE_RECORD_TRANSLATION_STRESS,0.06088417601115913,-0.22181985164258097,0.0,0.0,0.0,-0.4567031556161206,0.0,0.0,-inf,True
NoJammer,30.0,6102,1500,NO_JAMMER,PHYSICAL_COMPONENT_RECOMPOSITION,WHOLE_RECORD_TRANSLATION_STRESS,0.0,0.0,0.0,0.0,0.0,0.0,0.0,0.0,-inf,True
NoJammer,30.0,6102,2500,NO_JAMMER,PHYSICAL_COMPONENT_RECOMPOSITION,WHOLE_RECORD_TRANSLATION_STRESS,-0.013137832700665333,-0.4525763638082799,0.0,0.0,0.0,-0.9603632419681774,0.0,0.0,-inf,True
NoJammer,30.0,6102,3500,NO_JAMMER,PHYSICAL_COMPONENT_RECOMPOSITION,WHOLE_RECORD_TRANSLATION_STRESS,-0.06288852188228566,-0.9628744902766752,0.0,0.0,0.0,-2.208603098941218,0.0,0.0,-inf,True
NoJammer,30.0,6102,4000,NO_JAMMER,PHYSICAL_COMPONENT_RECOMPOSITION,WHOLE_RECORD_TRANSLATION_STRESS,0.0009216973355743203,-1.251748890590934,0.0,0.0,0.0,-3.0275685117345184,0.0,0.0,-inf,True
NoJammer,30.0,6103,1000,NO_JAMMER,PHYSICAL_COMPONENT_RECOMPOSITION,WHOLE_RECORD_TRANSLATION_STRESS,-0.01061468826134577,-0.2359407602221444,0.0,0.0,0.0,-0.4817285294109203,0.0,0.0,-inf,True
NoJammer,30.0,6103,1500,NO_JAMMER,PHYSICAL_COMPONENT_RECOMPOSITION,WHOLE_RECORD_TRANSLATION_STRESS,0.0,0.0,0.0,0.0,0.0,0.0,0.0,0.0,-inf,True
NoJammer,30.0,6103,2500,NO_JAMMER,PHYSICAL_COMPONENT_RECOMPOSITION,WHOLE_RECORD_TRANSLATION_STRESS,0.031114952815194746,-0.44181661250044835,0.0,0.0,0.0,-0.9262004735035284,0.0,0.0,-inf,True
NoJammer,30.0,6103,3500,NO_JAMMER,PHYSICAL_COMPONENT_RECOMPOSITION,WHOLE_RECORD_TRANSLATION_STRESS,0.03249814581637964,-0.9414651146773687,0.0,0.0,0.0,-2.1251740833007755,0.0,0.0,-inf,True
NoJammer,30.0,6103,4000,NO_JAMMER,PHYSICAL_COMPONENT_RECOMPOSITION,WHOLE_RECORD_TRANSLATION_STRESS,-0.02421719609766761,-1.2309162044765707,0.0,0.0,0.0,-2.9246267404577395,0.0,0.0,-inf,True
NoJammer,30.0,6104,1000,NO_JAMMER,PHYSICAL_COMPONENT_RECOMPOSITION,WHOLE_RECORD_TRANSLATION_STRESS,0.035121205583219184,-0.21162392930245677,0.0,0.0,0.0,-0.4331424911725764,0.0,0.0,-inf,True
NoJammer,30.0,6104,1500,NO_JAMMER,PHYSICAL_COMPONENT_RECOMPOSITION,WHOLE_RECORD_TRANSLATION_STRESS,0.0,0.0,0.0,0.0,0.0,0.0,0.0,0.0,-inf,True
NoJammer,30.0,6104,2500,NO_JAMMER,PHYSICAL_COMPONENT_RECOMPOSITION,WHOLE_RECORD_TRANSLATION_STRESS,-0.00916534615771304,-0.46434804508580557,0.0,0.0,0.0,-0.9820606274407162,0.0,0.0,-inf,True
NoJammer,30.0,6104,3500,NO_JAMMER,PHYSICAL_COMPONENT_RECOMPOSITION,WHOLE_RECORD_TRANSLATION_STRESS,-0.061850077846725734,-0.9697573288407829,0.0,0.0,0.0,-2.214225324009901,0.0,0.0,-inf,True
NoJammer,30.0,6104,4000,NO_JAMMER,PHYSICAL_COMPONENT_RECOMPOSITION,WHOLE_RECORD_TRANSLATION_STRESS,0.05558953125888823,-1.2347114276499431,0.0,0.0,0.0,-2.957590881425512,0.0,0.0,-inf,True
AMNoiseGaiJam,0.0,6100,1000,TARGET_INDEPENDENT_COMPONENT_FIXED,PHYSICAL_COMPONENT_RECOMPOSITION,WHOLE_RECORD_TRANSLATION_STRESS,-0.10905675964533401,-0.08222273991476113,0.0,0.0,0.0,-0.4613301700171346,0.0,0.0,-9.643274665532871e-16,True
AMNoiseGaiJam,0.0,6100,1500,TARGET_INDEPENDENT_COMPONENT_FIXED,PHYSICAL_COMPONENT_RECOMPOSITION,WHOLE_RECORD_TRANSLATION_STRESS,-0.049458608176150845,0.0,0.0,0.0,0.0,0.0,0.0,0.0,-9.643274665532871e-16,True
AMNoiseGaiJam,0.0,6100,2500,TARGET_INDEPENDENT_COMPONENT_FIXED,PHYSICAL_COMPONENT_RECOMPOSITION,WHOLE_RECORD_TRANSLATION_STRESS,-0.2805262466944888,-0.1672898977159067,0.0,0.0,0.0,-0.9857070553360698,0.0,0.0,-9.643274665532871e-16,True
AMNoiseGaiJam,0.0,6100,3500,TARGET_INDEPENDENT_COMPONENT_FIXED,PHYSICAL_COMPONENT_RECOMPOSITION,WHOLE_RECORD_TRANSLATION_STRESS,-0.2540833832567829,-0.3243634415509078,0.0,0.0,0.0,-2.1233863965188307,0.0,0.0,-9.643274665532871e-16,True
AMNoiseGaiJam,0.0,6100,4000,TARGET_INDEPENDENT_COMPONENT_FIXED,PHYSICAL_COMPONENT_RECOMPOSITION,WHOLE_RECORD_TRANSLATION_STRESS,-0.30843382120970825,-0.4085066832488602,0.0,0.0,0.0,-2.860099606851172,0.0,0.0,-9.643274665532871e-16,True
AMNoiseGaiJam,0.0,6101,1000,TARGET_INDEPENDENT_COMPONENT_FIXED,PHYSICAL_COMPONENT_RECOMPOSITION,WHOLE_RECORD_TRANSLATION_STRESS,0.009632618974652712,-0.08527200618992224,0.0,0.0,0.0,-0.45251982507312005,0.0,0.0,-4.821637332766436e-16,True
AMNoiseGaiJam,0.0,6101,1500,TARGET_INDEPENDENT_COMPONENT_FIXED,PHYSICAL_COMPONENT_RECOMPOSITION,WHOLE_RECORD_TRANSLATION_STRESS,-0.002655983267586,0.0,0.0,0.0,0.0,0.0,0.0,0.0,-4.821637332766436e-16,True
AMNoiseGaiJam,0.0,6101,2500,TARGET_INDEPENDENT_COMPONENT_FIXED,PHYSICAL_COMPONENT_RECOMPOSITION,WHOLE_RECORD_TRANSLATION_STRESS,-0.11796611962037187,-0.16842403028528946,0.0,0.0,0.0,-0.9344434627628201,0.0,-4.821637332766436e-16,-4.821637332766436e-16,True
AMNoiseGaiJam,0.0,6101,3500,TARGET_INDEPENDENT_COMPONENT_FIXED,PHYSICAL_COMPONENT_RECOMPOSITION,WHOLE_RECORD_TRANSLATION_STRESS,-0.04889357885025733,-0.35900460256522926,0.0,0.0,0.0,-2.245951696014391,0.0,9.64327466553287e-16,-4.821637332766436e-16,True
AMNoiseGaiJam,0.0,6101,4000,TARGET_INDEPENDENT_COMPONENT_FIXED,PHYSICAL_COMPONENT_RECOMPOSITION,WHOLE_RECORD_TRANSLATION_STRESS,-0.06905978568987516,-0.4644929237150798,0.0,0.0,0.0,-3.1535262576388567,0.0,0.0,-4.821637332766436e-16,True
AMNoiseGaiJam,0.0,6102,1000,TARGET_INDEPENDENT_COMPONENT_FIXED,PHYSICAL_COMPONENT_RECOMPOSITION,WHOLE_RECORD_TRANSLATION_STRESS,0.08522751595975016,-0.08814258426455393,0.0,0.0,0.0,-0.463987922980296,0.0,0.0,0.0,True
AMNoiseGaiJam,0.0,6102,1500,TARGET_INDEPENDENT_COMPONENT_FIXED,PHYSICAL_COMPONENT_RECOMPOSITION,WHOLE_RECORD_TRANSLATION_STRESS,0.009706027503600473,0.0,0.0,0.0,0.0,0.0,0.0,0.0,0.0,True
AMNoiseGaiJam,0.0,6102,2500,TARGET_INDEPENDENT_COMPONENT_FIXED,PHYSICAL_COMPONENT_RECOMPOSITION,WHOLE_RECORD_TRANSLATION_STRESS,-0.08334945196740608,-0.173650120349199,0.0,0.0,0.0,-0.9565291688978038,0.0,0.0,0.0,True
AMNoiseGaiJam,0.0,6102,3500,TARGET_INDEPENDENT_COMPONENT_FIXED,PHYSICAL_COMPONENT_RECOMPOSITION,WHOLE_RECORD_TRANSLATION_STRESS,-0.04963709822400918,-0.3561666204905847,0.0,0.0,0.0,-2.1976136083894096,0.0,0.0,0.0,True
AMNoiseGaiJam,0.0,6102,4000,TARGET_INDEPENDENT_COMPONENT_FIXED,PHYSICAL_COMPONENT_RECOMPOSITION,WHOLE_RECORD_TRANSLATION_STRESS,-0.08924032586647172,-0.4523641286208272,0.0,0.0,0.0,-3.000717644486113,0.0,0.0,0.0,True
AMNoiseGaiJam,0.0,6103,1000,TARGET_INDEPENDENT_COMPONENT_FIXED,PHYSICAL_COMPONENT_RECOMPOSITION,WHOLE_RECORD_TRANSLATION_STRESS,0.16536016177341956,-0.09280900307828166,0.0,0.0,0.0,-0.5109317356651463,0.0,0.0,-4.821637332766436e-16,True
AMNoiseGaiJam,0.0,6103,1500,TARGET_INDEPENDENT_COMPONENT_FIXED,PHYSICAL_COMPONENT_RECOMPOSITION,WHOLE_RECORD_TRANSLATION_STRESS,-0.004299434751133187,0.0,0.0,0.0,0.0,0.0,0.0,0.0,-4.821637332766436e-16,True
AMNoiseGaiJam,0.0,6103,2500,TARGET_INDEPENDENT_COMPONENT_FIXED,PHYSICAL_COMPONENT_RECOMPOSITION,WHOLE_RECORD_TRANSLATION_STRESS,-0.17241832841304,-0.17029684420761554,0.0,0.0,0.0,-0.979193548695217,0.0,9.64327466553287e-16,-4.821637332766436e-16,True
AMNoiseGaiJam,0.0,6103,3500,TARGET_INDEPENDENT_COMPONENT_FIXED,PHYSICAL_COMPONENT_RECOMPOSITION,WHOLE_RECORD_TRANSLATION_STRESS,-0.18550350096915919,-0.35355078243950055,0.0,0.0,0.0,-2.2945040154479854,0.0,9.64327466553287e-16,-4.821637332766436e-16,True
AMNoiseGaiJam,0.0,6103,4000,TARGET_INDEPENDENT_COMPONENT_FIXED,PHYSICAL_COMPONENT_RECOMPOSITION,WHOLE_RECORD_TRANSLATION_STRESS,-0.1161481152348217,-0.4391048085085087,0.0,0.0,0.0,-3.052224867292304,0.0,-4.821637332766436e-16,-4.821637332766436e-16,True
AMNoiseGaiJam,0.0,6104,1000,TARGET_INDEPENDENT_COMPONENT_FIXED,PHYSICAL_COMPONENT_RECOMPOSITION,WHOLE_RECORD_TRANSLATION_STRESS,-0.1813578992523221,-0.08136913376952526,0.0,0.0,0.0,-0.44263675712052675,0.0,0.0,0.0,True
AMNoiseGaiJam,0.0,6104,1500,TARGET_INDEPENDENT_COMPONENT_FIXED,PHYSICAL_COMPONENT_RECOMPOSITION,WHOLE_RECORD_TRANSLATION_STRESS,-0.044202476464201945,0.0,0.0,0.0,0.0,0.0,0.0,0.0,0.0,True
AMNoiseGaiJam,0.0,6104,2500,TARGET_INDEPENDENT_COMPONENT_FIXED,PHYSICAL_COMPONENT_RECOMPOSITION,WHOLE_RECORD_TRANSLATION_STRESS,-0.17730485195499188,-0.15759437132358894,0.0,0.0,0.0,-0.8939697731808554,0.0,0.0,0.0,True
AMNoiseGaiJam,0.0,6104,3500,TARGET_INDEPENDENT_COMPONENT_FIXED,PHYSICAL_COMPONENT_RECOMPOSITION,WHOLE_RECORD_TRANSLATION_STRESS,-0.23831716222984273,-0.33553104046938353,0.0,0.0,0.0,-2.1334632173931793,0.0,0.0,0.0,True
AMNoiseGaiJam,0.0,6104,4000,TARGET_INDEPENDENT_COMPONENT_FIXED,PHYSICAL_COMPONENT_RECOMPOSITION,WHOLE_RECORD_TRANSLATION_STRESS,-0.20927286626993008,-0.42495083869789985,0.0,0.0,0.0,-2.8955738666471484,0.0,0.0,0.0,True
AMNoiseGaiJam,10.0,6100,1000,TARGET_INDEPENDENT_COMPONENT_FIXED,PHYSICAL_COMPONENT_RECOMPOSITION,WHOLE_RECORD_TRANSLATION_STRESS,-0.07118904666680614,-0.01806797560095686,0.0,0.0,0.0,-0.4613301700171346,0.0,9.64327466553287e-16,9.999999999999998,True
AMNoiseGaiJam,10.0,6100,1500,TARGET_INDEPENDENT_COMPONENT_FIXED,PHYSICAL_COMPONENT_RECOMPOSITION,WHOLE_RECORD_TRANSLATION_STRESS,-0.028170812039207772,0.0,0.0,0.0,0.0,0.0,0.0,0.0,9.999999999999998,True
AMNoiseGaiJam,10.0,6100,2500,TARGET_INDEPENDENT_COMPONENT_FIXED,PHYSICAL_COMPONENT_RECOMPOSITION,WHOLE_RECORD_TRANSLATION_STRESS,-0.18120578547147304,-0.036481609466793206,0.0,0.0,0.0,-0.9857070553360698,0.0,0.0,9.999999999999998,True
AMNoiseGaiJam,10.0,6100,3500,TARGET_INDEPENDENT_COMPONENT_FIXED,PHYSICAL_COMPONENT_RECOMPOSITION,WHOLE_RECORD_TRANSLATION_STRESS,-0.17547080972422857,-0.06974553173645857,0.0,0.0,0.0,-2.1233863965188307,0.0,9.64327466553287e-16,9.999999999999998,True
AMNoiseGaiJam,10.0,6100,4000,TARGET_INDEPENDENT_COMPONENT_FIXED,PHYSICAL_COMPONENT_RECOMPOSITION,WHOLE_RECORD_TRANSLATION_STRESS,-0.18722882409957725,-0.08717754325605807,0.0,0.0,0.0,-2.860099606851172,0.0,9.64327466553287e-16,9.999999999999998,True
AMNoiseGaiJam,10.0,6101,1000,TARGET_INDEPENDENT_COMPONENT_FIXED,PHYSICAL_COMPONENT_RECOMPOSITION,WHOLE_RECORD_TRANSLATION_STRESS,0.008622929227930462,-0.018402093790263023,0.0,0.0,0.0,-0.45251982507312005,0.0,0.0,10.0,True
AMNoiseGaiJam,10.0,6101,1500,TARGET_INDEPENDENT_COMPONENT_FIXED,PHYSICAL_COMPONENT_RECOMPOSITION,WHOLE_RECORD_TRANSLATION_STRESS,-0.006176408027332665,0.0,0.0,0.0,0.0,0.0,0.0,0.0,10.0,True
AMNoiseGaiJam,10.0,6101,2500,TARGET_INDEPENDENT_COMPONENT_FIXED,PHYSICAL_COMPONENT_RECOMPOSITION,WHOLE_RECORD_TRANSLATION_STRESS,-0.07506050043418322,-0.0360753198093433,0.0,0.0,0.0,-0.9344434627628201,0.0,0.0,10.0,True
AMNoiseGaiJam,10.0,6101,3500,TARGET_INDEPENDENT_COMPONENT_FIXED,PHYSICAL_COMPONENT_RECOMPOSITION,WHOLE_RECORD_TRANSLATION_STRESS,-0.06009393550110534,-0.07558661294077021,0.0,0.0,0.0,-2.245951696014391,0.0,0.0,10.0,True
AMNoiseGaiJam,10.0,6101,4000,TARGET_INDEPENDENT_COMPONENT_FIXED,PHYSICAL_COMPONENT_RECOMPOSITION,WHOLE_RECORD_TRANSLATION_STRESS,-0.06448281201499996,-0.09687095488876994,0.0,0.0,0.0,-3.1535262576388567,0.0,0.0,10.0,True
AMNoiseGaiJam,10.0,6102,1000,TARGET_INDEPENDENT_COMPONENT_FIXED,PHYSICAL_COMPONENT_RECOMPOSITION,WHOLE_RECORD_TRANSLATION_STRESS,0.06503576113351833,-0.01915655211881742,0.0,0.0,0.0,-0.463987922980296,0.0,0.0,10.0,True
AMNoiseGaiJam,10.0,6102,1500,TARGET_INDEPENDENT_COMPONENT_FIXED,PHYSICAL_COMPONENT_RECOMPOSITION,WHOLE_RECORD_TRANSLATION_STRESS,-0.0013247683162806514,0.0,0.0,0.0,0.0,0.0,0.0,0.0,10.0,True
AMNoiseGaiJam,10.0,6102,2500,TARGET_INDEPENDENT_COMPONENT_FIXED,PHYSICAL_COMPONENT_RECOMPOSITION,WHOLE_RECORD_TRANSLATION_STRESS,-0.04339782610212321,-0.037451265403004474,0.0,0.0,0.0,-0.9565291688978038,0.0,0.0,10.0,True
AMNoiseGaiJam,10.0,6102,3500,TARGET_INDEPENDENT_COMPONENT_FIXED,PHYSICAL_COMPONENT_RECOMPOSITION,WHOLE_RECORD_TRANSLATION_STRESS,-0.03605797343385027,-0.07556367210318439,0.0,0.0,0.0,-2.1976136083894096,0.0,0.0,10.0,True
AMNoiseGaiJam,10.0,6102,4000,TARGET_INDEPENDENT_COMPONENT_FIXED,PHYSICAL_COMPONENT_RECOMPOSITION,WHOLE_RECORD_TRANSLATION_STRESS,-0.044675816872054935,-0.0951455809201156,0.0,0.0,0.0,-3.000717644486113,0.0,0.0,10.0,True
AMNoiseGaiJam,10.0,6103,1000,TARGET_INDEPENDENT_COMPONENT_FIXED,PHYSICAL_COMPONENT_RECOMPOSITION,WHOLE_RECORD_TRANSLATION_STRESS,0.11693438838137894,-0.020196683729252554,0.0,0.0,0.0,-0.5109317356651463,0.0,0.0,10.0,True
AMNoiseGaiJam,10.0,6103,1500,TARGET_INDEPENDENT_COMPONENT_FIXED,PHYSICAL_COMPONENT_RECOMPOSITION,WHOLE_RECORD_TRANSLATION_STRESS,-0.006697121951568034,0.0,0.0,0.0,0.0,0.0,0.0,0.0,10.0,True
AMNoiseGaiJam,10.0,6103,2500,TARGET_INDEPENDENT_COMPONENT_FIXED,PHYSICAL_COMPONENT_RECOMPOSITION,WHOLE_RECORD_TRANSLATION_STRESS,-0.0931508111344736,-0.03680197118959672,0.0,0.0,0.0,-0.979193548695217,0.0,0.0,10.0,True
AMNoiseGaiJam,10.0,6103,3500,TARGET_INDEPENDENT_COMPONENT_FIXED,PHYSICAL_COMPONENT_RECOMPOSITION,WHOLE_RECORD_TRANSLATION_STRESS,-0.0959669372963577,-0.07515523283222093,0.0,0.0,0.0,-2.2945040154479854,0.0,0.0,10.0,True
AMNoiseGaiJam,10.0,6103,4000,TARGET_INDEPENDENT_COMPONENT_FIXED,PHYSICAL_COMPONENT_RECOMPOSITION,WHOLE_RECORD_TRANSLATION_STRESS,-0.0809645185623884,-0.09262616881098669,0.0,0.0,0.0,-3.052224867292304,0.0,0.0,10.0,True
AMNoiseGaiJam,10.0,6104,1000,TARGET_INDEPENDENT_COMPONENT_FIXED,PHYSICAL_COMPONENT_RECOMPOSITION,WHOLE_RECORD_TRANSLATION_STRESS,-0.12112760006099045,-0.0178255427880113,0.0,0.0,0.0,-0.44263675712052675,0.0,0.0,10.0,True
AMNoiseGaiJam,10.0,6104,1500,TARGET_INDEPENDENT_COMPONENT_FIXED,PHYSICAL_COMPONENT_RECOMPOSITION,WHOLE_RECORD_TRANSLATION_STRESS,-0.03979883170199795,0.0,0.0,0.0,0.0,0.0,0.0,0.0,10.0,True
AMNoiseGaiJam,10.0,6104,2500,TARGET_INDEPENDENT_COMPONENT_FIXED,PHYSICAL_COMPONENT_RECOMPOSITION,WHOLE_RECORD_TRANSLATION_STRESS,-0.15328865568805378,-0.03428880311294519,0.0,0.0,0.0,-0.8939697731808554,0.0,0.0,10.0,True
AMNoiseGaiJam,10.0,6104,3500,TARGET_INDEPENDENT_COMPONENT_FIXED,PHYSICAL_COMPONENT_RECOMPOSITION,WHOLE_RECORD_TRANSLATION_STRESS,-0.1666051117874834,-0.07184651943116144,0.0,0.0,0.0,-2.1334632173931793,0.0,0.0,10.0,True
AMNoiseGaiJam,10.0,6104,4000,TARGET_INDEPENDENT_COMPONENT_FIXED,PHYSICAL_COMPONENT_RECOMPOSITION,WHOLE_RECORD_TRANSLATION_STRESS,-0.16028418455770355,-0.09026597394935074,0.0,0.0,0.0,-2.8955738666471484,0.0,0.0,10.0,True
AMNoiseGaiJam,20.0,6100,1000,TARGET_INDEPENDENT_COMPONENT_FIXED,PHYSICAL_COMPONENT_RECOMPOSITION,WHOLE_RECORD_TRANSLATION_STRESS,-0.025471934718242006,-0.002096273530696999,0.0,0.0,0.0,-0.4613301700171346,0.0,9.64327466553287e-16,19.999999999999996,True
AMNoiseGaiJam,20.0,6100,1500,TARGET_INDEPENDENT_COMPONENT_FIXED,PHYSICAL_COMPONENT_RECOMPOSITION,WHOLE_RECORD_TRANSLATION_STRESS,-0.009594040765452566,0.0,0.0,0.0,0.0,0.0,0.0,0.0,19.999999999999996,True
AMNoiseGaiJam,20.0,6100,2500,TARGET_INDEPENDENT_COMPONENT_FIXED,PHYSICAL_COMPONENT_RECOMPOSITION,WHOLE_RECORD_TRANSLATION_STRESS,-0.0642322625538681,-0.0042247317359265235,0.0,0.0,0.0,-0.9857070553360698,0.0,9.64327466553287e-16,19.999999999999996,True
AMNoiseGaiJam,20.0,6100,3500,TARGET_INDEPENDENT_COMPONENT_FIXED,PHYSICAL_COMPONENT_RECOMPOSITION,WHOLE_RECORD_TRANSLATION_STRESS,-0.06358299263660273,-0.008049574569109883,0.0,0.0,0.0,-2.1233863965188307,0.0,1.928654933106574e-15,19.999999999999996,True
AMNoiseGaiJam,20.0,6100,4000,TARGET_INDEPENDENT_COMPONENT_FIXED,PHYSICAL_COMPONENT_RECOMPOSITION,WHOLE_RECORD_TRANSLATION_STRESS,-0.06491332661404824,-0.01004365665089846,0.0,0.0,0.0,-2.860099606851172,0.0,0.0,19.999999999999996,True
AMNoiseGaiJam,20.0,6101,1000,TARGET_INDEPENDENT_COMPONENT_FIXED,PHYSICAL_COMPONENT_RECOMPOSITION,WHOLE_RECORD_TRANSLATION_STRESS,0.0033416012470234998,-0.002095947963824361,0.0,0.0,0.0,-0.45251982507312005,0.0,0.0,20.0,True
AMNoiseGaiJam,20.0,6101,1500,TARGET_INDEPENDENT_COMPONENT_FIXED,PHYSICAL_COMPONENT_RECOMPOSITION,WHOLE_RECORD_TRANSLATION_STRESS,-0.0027239691084118877,0.0,0.0,0.0,0.0,0.0,0.0,0.0,20.0,True
AMNoiseGaiJam,20.0,6101,2500,TARGET_INDEPENDENT_COMPONENT_FIXED,PHYSICAL_COMPONENT_RECOMPOSITION,WHOLE_RECORD_TRANSLATION_STRESS,-0.026291346722553524,-0.0041014835442798325,0.0,0.0,0.0,-0.9344434627628201,0.0,0.0,20.0,True
AMNoiseGaiJam,20.0,6101,3500,TARGET_INDEPENDENT_COMPONENT_FIXED,PHYSICAL_COMPONENT_RECOMPOSITION,WHOLE_RECORD_TRANSLATION_STRESS,-0.02459998135406431,-0.008559081513218958,0.0,0.0,0.0,-2.245951696014391,0.0,0.0,20.0,True
AMNoiseGaiJam,20.0,6101,4000,TARGET_INDEPENDENT_COMPONENT_FIXED,PHYSICAL_COMPONENT_RECOMPOSITION,WHOLE_RECORD_TRANSLATION_STRESS,-0.02509650234064987,-0.010945470570467509,0.0,0.0,0.0,-3.1535262576388567,0.0,0.0,20.0,True
AMNoiseGaiJam,20.0,6102,1000,TARGET_INDEPENDENT_COMPONENT_FIXED,PHYSICAL_COMPONENT_RECOMPOSITION,WHOLE_RECORD_TRANSLATION_STRESS,0.024272330603534113,-0.0021836916839864566,0.0,0.0,0.0,-0.463987922980296,0.0,9.64327466553287e-16,19.999999999999996,True
AMNoiseGaiJam,20.0,6102,1500,TARGET_INDEPENDENT_COMPONENT_FIXED,PHYSICAL_COMPONENT_RECOMPOSITION,WHOLE_RECORD_TRANSLATION_STRESS,-0.0013987324795513374,0.0,0.0,0.0,0.0,0.0,0.0,0.0,19.999999999999996,True
AMNoiseGaiJam,20.0,6102,2500,TARGET_INDEPENDENT_COMPONENT_FIXED,PHYSICAL_COMPONENT_RECOMPOSITION,WHOLE_RECORD_TRANSLATION_STRESS,-0.014019036280151413,-0.0042611869738227795,0.0,0.0,0.0,-0.9565291688978038,0.0,9.64327466553287e-16,19.999999999999996,True
AMNoiseGaiJam,20.0,6102,3500,TARGET_INDEPENDENT_COMPONENT_FIXED,PHYSICAL_COMPONENT_RECOMPOSITION,WHOLE_RECORD_TRANSLATION_STRESS,-0.013185744471366034,-0.008564278133946869,0.0,0.0,0.0,-2.1976136083894096,0.0,9.64327466553287e-16,19.999999999999996,True
AMNoiseGaiJam,20.0,6102,4000,TARGET_INDEPENDENT_COMPONENT_FIXED,PHYSICAL_COMPONENT_RECOMPOSITION,WHOLE_RECORD_TRANSLATION_STRESS,-0.014163998709518543,-0.010762181113210131,0.0,0.0,0.0,-3.000717644486113,0.0,9.64327466553287e-16,19.999999999999996,True
AMNoiseGaiJam,20.0,6103,1000,TARGET_INDEPENDENT_COMPONENT_FIXED,PHYSICAL_COMPONENT_RECOMPOSITION,WHOLE_RECORD_TRANSLATION_STRESS,0.04299425997253237,-0.002313871190630443,0.0,0.0,0.0,-0.5109317356651463,0.0,9.64327466553287e-16,19.999999999999996,True
AMNoiseGaiJam,20.0,6103,1500,TARGET_INDEPENDENT_COMPONENT_FIXED,PHYSICAL_COMPONENT_RECOMPOSITION,WHOLE_RECORD_TRANSLATION_STRESS,-0.0028562926617388676,0.0,0.0,0.0,0.0,0.0,0.0,0.0,19.999999999999996,True
AMNoiseGaiJam,20.0,6103,2500,TARGET_INDEPENDENT_COMPONENT_FIXED,PHYSICAL_COMPONENT_RECOMPOSITION,WHOLE_RECORD_TRANSLATION_STRESS,-0.030678913249995297,-0.00420916152064629,0.0,0.0,0.0,-0.979193548695217,0.0,0.0,19.999999999999996,True
AMNoiseGaiJam,20.0,6103,3500,TARGET_INDEPENDENT_COMPONENT_FIXED,PHYSICAL_COMPONENT_RECOMPOSITION,WHOLE_RECORD_TRANSLATION_STRESS,-0.03099750381985196,-0.00856224780023147,0.0,0.0,0.0,-2.2945040154479854,0.0,9.64327466553287e-16,19.999999999999996,True
AMNoiseGaiJam,20.0,6103,4000,TARGET_INDEPENDENT_COMPONENT_FIXED,PHYSICAL_COMPONENT_RECOMPOSITION,WHOLE_RECORD_TRANSLATION_STRESS,-0.029298154841284577,-0.010533921613222176,0.0,0.0,0.0,-3.052224867292304,0.0,9.64327466553287e-16,19.999999999999996,True
AMNoiseGaiJam,20.0,6104,1000,TARGET_INDEPENDENT_COMPONENT_FIXED,PHYSICAL_COMPONENT_RECOMPOSITION,WHOLE_RECORD_TRANSLATION_STRESS,-0.043493459536915816,-0.002063040857892215,0.0,0.0,0.0,-0.44263675712052675,0.0,0.0,20.0,True
AMNoiseGaiJam,20.0,6104,1500,TARGET_INDEPENDENT_COMPONENT_FIXED,PHYSICAL_COMPONENT_RECOMPOSITION,WHOLE_RECORD_TRANSLATION_STRESS,-0.015588649378480937,0.0,0.0,0.0,0.0,0.0,0.0,0.0,20.0,True
AMNoiseGaiJam,20.0,6104,2500,TARGET_INDEPENDENT_COMPONENT_FIXED,PHYSICAL_COMPONENT_RECOMPOSITION,WHOLE_RECORD_TRANSLATION_STRESS,-0.05902855887331981,-0.003961776558130821,0.0,0.0,0.0,-0.8939697731808554,0.0,9.64327466553287e-16,20.0,True
AMNoiseGaiJam,20.0,6104,3500,TARGET_INDEPENDENT_COMPONENT_FIXED,PHYSICAL_COMPONENT_RECOMPOSITION,WHOLE_RECORD_TRANSLATION_STRESS,-0.0605373368165061,-0.008269603083849277,0.0,0.0,0.0,-2.1334632173931793,0.0,0.0,20.0,True
AMNoiseGaiJam,20.0,6104,4000,TARGET_INDEPENDENT_COMPONENT_FIXED,PHYSICAL_COMPONENT_RECOMPOSITION,WHOLE_RECORD_TRANSLATION_STRESS,-0.059821676057623195,-0.010370265886043332,0.0,0.0,0.0,-2.8955738666471484,0.0,0.0,20.0,True
AMNoiseGaiJam,30.0,6100,1000,TARGET_INDEPENDENT_COMPONENT_FIXED,PHYSICAL_COMPONENT_RECOMPOSITION,WHOLE_RECORD_TRANSLATION_STRESS,-0.008170879873135221,-0.00021450761313871882,0.0,0.0,0.0,-0.4613301700171346,0.0,0.0,30.0,True
AMNoiseGaiJam,30.0,6100,1500,TARGET_INDEPENDENT_COMPONENT_FIXED,PHYSICAL_COMPONENT_RECOMPOSITION,WHOLE_RECORD_TRANSLATION_STRESS,-0.00302732926429499,0.0,0.0,0.0,0.0,0.0,0.0,0.0,30.0,True
AMNoiseGaiJam,30.0,6100,2500,TARGET_INDEPENDENT_COMPONENT_FIXED,PHYSICAL_COMPONENT_RECOMPOSITION,WHOLE_RECORD_TRANSLATION_STRESS,-0.02053389156585456,-0.00043221354414340685,0.0,0.0,0.0,-0.9857070553360698,0.0,9.64327466553287e-16,30.0,True
AMNoiseGaiJam,30.0,6100,3500,TARGET_INDEPENDENT_COMPONENT_FIXED,PHYSICAL_COMPONENT_RECOMPOSITION,WHOLE_RECORD_TRANSLATION_STRESS,-0.020468099509255152,-0.0008231908115924368,0.0,0.0,0.0,-2.1233863965188307,0.0,0.0,30.0,True
AMNoiseGaiJam,30.0,6100,4000,TARGET_INDEPENDENT_COMPONENT_FIXED,PHYSICAL_COMPONENT_RECOMPOSITION,WHOLE_RECORD_TRANSLATION_STRESS,-0.020602895899668214,-0.0010269042701041245,0.0,0.0,0.0,-2.860099606851172,0.0,0.0,30.0,True
AMNoiseGaiJam,30.0,6101,1000,TARGET_INDEPENDENT_COMPONENT_FIXED,PHYSICAL_COMPONENT_RECOMPOSITION,WHOLE_RECORD_TRANSLATION_STRESS,0.0010977408326054792,-0.00021303154232994858,0.0,0.0,0.0,-0.45251982507312005,0.0,0.0,30.0,True
AMNoiseGaiJam,30.0,6101,1500,TARGET_INDEPENDENT_COMPONENT_FIXED,PHYSICAL_COMPONENT_RECOMPOSITION,WHOLE_RECORD_TRANSLATION_STRESS,-0.0009259505308324455,0.0,0.0,0.0,0.0,0.0,0.0,0.0,30.0,True
AMNoiseGaiJam,30.0,6101,2500,TARGET_INDEPENDENT_COMPONENT_FIXED,PHYSICAL_COMPONENT_RECOMPOSITION,WHOLE_RECORD_TRANSLATION_STRESS,-0.008369571148932815,-0.00041678714131422926,0.0,0.0,0.0,-0.9344434627628201,0.0,0.0,30.0,True
AMNoiseGaiJam,30.0,6101,3500,TARGET_INDEPENDENT_COMPONENT_FIXED,PHYSICAL_COMPONENT_RECOMPOSITION,WHOLE_RECORD_TRANSLATION_STRESS,-0.008198302125652968,-0.0008693612991950267,0.0,0.0,0.0,-2.245951696014391,0.0,9.64327466553287e-16,30.0,True
AMNoiseGaiJam,30.0,6101,4000,TARGET_INDEPENDENT_COMPONENT_FIXED,PHYSICAL_COMPONENT_RECOMPOSITION,WHOLE_RECORD_TRANSLATION_STRESS,-0.00824858645789432,-0.001111476817177862,0.0,0.0,0.0,-3.1535262576388567,0.0,9.64327466553287e-16,30.0,True
AMNoiseGaiJam,30.0,6102,1000,TARGET_INDEPENDENT_COMPONENT_FIXED,PHYSICAL_COMPONENT_RECOMPOSITION,WHOLE_RECORD_TRANSLATION_STRESS,0.007884860843038216,-0.00022190628825682505,0.0,0.0,0.0,-0.463987922980296,0.0,0.0,30.0,True
AMNoiseGaiJam,30.0,6102,1500,TARGET_INDEPENDENT_COMPONENT_FIXED,PHYSICAL_COMPONENT_RECOMPOSITION,WHOLE_RECORD_TRANSLATION_STRESS,-0.0005430674427799488,0.0,0.0,0.0,0.0,0.0,0.0,0.0,30.0,True
AMNoiseGaiJam,30.0,6102,2500,TARGET_INDEPENDENT_COMPONENT_FIXED,PHYSICAL_COMPONENT_RECOMPOSITION,WHOLE_RECORD_TRANSLATION_STRESS,-0.004338319017273051,-0.00043292789399970765,0.0,0.0,0.0,-0.9565291688978038,0.0,0.0,30.0,True
AMNoiseGaiJam,30.0,6102,3500,TARGET_INDEPENDENT_COMPONENT_FIXED,PHYSICAL_COMPONENT_RECOMPOSITION,WHOLE_RECORD_TRANSLATION_STRESS,-0.004253802254468602,-0.0008697260511180789,0.0,0.0,0.0,-2.1976136083894096,0.0,0.0,30.0,True
AMNoiseGaiJam,30.0,6102,4000,TARGET_INDEPENDENT_COMPONENT_FIXED,PHYSICAL_COMPONENT_RECOMPOSITION,WHOLE_RECORD_TRANSLATION_STRESS,-0.004353020368303371,-0.0010926807826778363,0.0,0.0,0.0,-3.000717644486113,0.0,0.0,30.0,True
AMNoiseGaiJam,30.0,6103,1000,TARGET_INDEPENDENT_COMPONENT_FIXED,PHYSICAL_COMPONENT_RECOMPOSITION,WHOLE_RECORD_TRANSLATION_STRESS,0.013913500116818873,-0.00023563277542193778,0.0,0.0,0.0,-0.5109317356651463,0.0,0.0,30.0,True
AMNoiseGaiJam,30.0,6103,1500,TARGET_INDEPENDENT_COMPONENT_FIXED,PHYSICAL_COMPONENT_RECOMPOSITION,WHOLE_RECORD_TRANSLATION_STRESS,-0.0009632199336811433,0.0,0.0,0.0,0.0,0.0,0.0,0.0,30.0,True
AMNoiseGaiJam,30.0,6103,2500,TARGET_INDEPENDENT_COMPONENT_FIXED,PHYSICAL_COMPONENT_RECOMPOSITION,WHOLE_RECORD_TRANSLATION_STRESS,-0.009563588623797128,-0.0004285554324608426,0.0,0.0,0.0,-0.979193548695217,0.0,9.64327466553287e-16,30.0,True
AMNoiseGaiJam,30.0,6103,3500,TARGET_INDEPENDENT_COMPONENT_FIXED,PHYSICAL_COMPONENT_RECOMPOSITION,WHOLE_RECORD_TRANSLATION_STRESS,-0.009595881557139488,-0.000871372290050575,0.0,0.0,0.0,-2.2945040154479854,0.0,0.0,30.0,True
AMNoiseGaiJam,30.0,6103,4000,TARGET_INDEPENDENT_COMPONENT_FIXED,PHYSICAL_COMPONENT_RECOMPOSITION,WHOLE_RECORD_TRANSLATION_STRESS,-0.009423607772096396,-0.0010718092694657197,0.0,0.0,0.0,-3.052224867292304,0.0,9.64327466553287e-16,30.0,True
AMNoiseGaiJam,30.0,6104,1000,TARGET_INDEPENDENT_COMPONENT_FIXED,PHYSICAL_COMPONENT_RECOMPOSITION,WHOLE_RECORD_TRANSLATION_STRESS,-0.013963891351330015,-0.00021092635562857778,0.0,0.0,0.0,-0.44263675712052675,0.0,-4.821637332766436e-16,30.0,True
AMNoiseGaiJam,30.0,6104,1500,TARGET_INDEPENDENT_COMPONENT_FIXED,PHYSICAL_COMPONENT_RECOMPOSITION,WHOLE_RECORD_TRANSLATION_STRESS,-0.0051409410335441635,0.0,0.0,0.0,0.0,0.0,0.0,0.0,30.0,True
AMNoiseGaiJam,30.0,6104,2500,TARGET_INDEPENDENT_COMPONENT_FIXED,PHYSICAL_COMPONENT_RECOMPOSITION,WHOLE_RECORD_TRANSLATION_STRESS,-0.019350985654894133,-0.00040497458991123315,0.0,0.0,0.0,-0.8939697731808554,0.0,0.0,30.0,True
AMNoiseGaiJam,30.0,6104,3500,TARGET_INDEPENDENT_COMPONENT_FIXED,PHYSICAL_COMPONENT_RECOMPOSITION,WHOLE_RECORD_TRANSLATION_STRESS,-0.019503849717405583,-0.000844946320121519,0.0,0.0,0.0,-2.1334632173931793,0.0,-4.821637332766436e-16,30.0,True
AMNoiseGaiJam,30.0,6104,4000,TARGET_INDEPENDENT_COMPONENT_FIXED,PHYSICAL_COMPONENT_RECOMPOSITION,WHOLE_RECORD_TRANSLATION_STRESS,-0.019431347442126035,-0.001059351459996211,0.0,0.0,0.0,-2.8955738666471484,0.0,0.0,30.0,True
FMNoiseAimedJam,0.0,6100,1000,TARGET_INDEPENDENT_COMPONENT_FIXED,PHYSICAL_COMPONENT_RECOMPOSITION,WHOLE_RECORD_TRANSLATION_STRESS,0.003117535396539616,-0.09365978608919927,0.0,0.0,0.0,-0.48207605525255165,0.0,-4.821637332766436e-16,0.0,True
FMNoiseAimedJam,0.0,6100,1500,TARGET_INDEPENDENT_COMPONENT_FIXED,PHYSICAL_COMPONENT_RECOMPOSITION,WHOLE_RECORD_TRANSLATION_STRESS,0.002988797535184023,0.0,0.0,0.0,0.0,0.0,0.0,0.0,0.0,True
FMNoiseAimedJam,0.0,6100,2500,TARGET_INDEPENDENT_COMPONENT_FIXED,PHYSICAL_COMPONENT_RECOMPOSITION,WHOLE_RECORD_TRANSLATION_STRESS,0.09836414271966935,-0.16843811528097066,0.0,0.0,0.0,-0.9008811264671551,0.0,-4.821637332766436e-16,0.0,True
FMNoiseAimedJam,0.0,6100,3500,TARGET_INDEPENDENT_COMPONENT_FIXED,PHYSICAL_COMPONENT_RECOMPOSITION,WHOLE_RECORD_TRANSLATION_STRESS,0.12128014701476669,-0.3437127201841699,0.0,0.0,0.0,-2.0391841041382466,0.0,0.0,0.0,True
FMNoiseAimedJam,0.0,6100,4000,TARGET_INDEPENDENT_COMPONENT_FIXED,PHYSICAL_COMPONENT_RECOMPOSITION,WHOLE_RECORD_TRANSLATION_STRESS,0.10229528541485738,-0.44690430201066744,0.0,0.0,0.0,-2.8528507084284014,0.0,-4.821637332766436e-16,0.0,True
FMNoiseAimedJam,0.0,6101,1000,TARGET_INDEPENDENT_COMPONENT_FIXED,PHYSICAL_COMPONENT_RECOMPOSITION,WHOLE_RECORD_TRANSLATION_STRESS,0.0787547246281422,-0.08217669033055017,0.0,0.0,0.0,-0.44184213547547485,0.0,-4.821637332766436e-16,-4.821637332766436e-16,True
FMNoiseAimedJam,0.0,6101,1500,TARGET_INDEPENDENT_COMPONENT_FIXED,PHYSICAL_COMPONENT_RECOMPOSITION,WHOLE_RECORD_TRANSLATION_STRESS,-0.007641699916884687,0.0,0.0,0.0,0.0,0.0,0.0,0.0,-4.821637332766436e-16,True
FMNoiseAimedJam,0.0,6101,2500,TARGET_INDEPENDENT_COMPONENT_FIXED,PHYSICAL_COMPONENT_RECOMPOSITION,WHOLE_RECORD_TRANSLATION_STRESS,-0.037115561059261865,-0.1820043251960577,0.0,0.0,0.0,-1.0336868115757771,0.0,0.0,-4.821637332766436e-16,True
FMNoiseAimedJam,0.0,6101,3500,TARGET_INDEPENDENT_COMPONENT_FIXED,PHYSICAL_COMPONENT_RECOMPOSITION,WHOLE_RECORD_TRANSLATION_STRESS,-0.018894351944435096,-0.36759010017997756,0.0,0.0,0.0,-2.3570247294970685,0.0,9.64327466553287e-16,-4.821637332766436e-16,True
FMNoiseAimedJam,0.0,6101,4000,TARGET_INDEPENDENT_COMPONENT_FIXED,PHYSICAL_COMPONENT_RECOMPOSITION,WHOLE_RECORD_TRANSLATION_STRESS,-0.03959472344054706,-0.4506517152142148,0.0,0.0,0.0,-3.0862552595099086,0.0,0.0,-4.821637332766436e-16,True
FMNoiseAimedJam,0.0,6102,1000,TARGET_INDEPENDENT_COMPONENT_FIXED,PHYSICAL_COMPONENT_RECOMPOSITION,WHOLE_RECORD_TRANSLATION_STRESS,0.5098974845681374,-0.09566314529447721,0.0,0.0,0.0,-0.4468769654894962,0.0,0.0,0.0,True
FMNoiseAimedJam,0.0,6102,1500,TARGET_INDEPENDENT_COMPONENT_FIXED,PHYSICAL_COMPONENT_RECOMPOSITION,WHOLE_RECORD_TRANSLATION_STRESS,0.1712505238478011,0.0,0.0,0.0,0.0,0.0,0.0,0.0,0.0,True
FMNoiseAimedJam,0.0,6102,2500,TARGET_INDEPENDENT_COMPONENT_FIXED,PHYSICAL_COMPONENT_RECOMPOSITION,WHOLE_RECORD_TRANSLATION_STRESS,0.3762880480999972,-0.20548070131007545,0.0,0.0,0.0,-1.0094851408828938,0.0,0.0,0.0,True
FMNoiseAimedJam,0.0,6102,3500,TARGET_INDEPENDENT_COMPONENT_FIXED,PHYSICAL_COMPONENT_RECOMPOSITION,WHOLE_RECORD_TRANSLATION_STRESS,0.34580740585537495,-0.4108247605734095,0.0,0.0,0.0,-2.2555341045761805,0.0,0.0,0.0,True
FMNoiseAimedJam,0.0,6102,4000,TARGET_INDEPENDENT_COMPONENT_FIXED,PHYSICAL_COMPONENT_RECOMPOSITION,WHOLE_RECORD_TRANSLATION_STRESS,0.3667950672446995,-0.5195230553781073,0.0,0.0,0.0,-3.0629167497421426,0.0,0.0,0.0,True
FMNoiseAimedJam,0.0,6103,1000,TARGET_INDEPENDENT_COMPONENT_FIXED,PHYSICAL_COMPONENT_RECOMPOSITION,WHOLE_RECORD_TRANSLATION_STRESS,-0.1639209647926239,-0.09339574664604278,0.0,0.0,0.0,-0.4956001903502516,0.0,0.0,0.0,True
FMNoiseAimedJam,0.0,6103,1500,TARGET_INDEPENDENT_COMPONENT_FIXED,PHYSICAL_COMPONENT_RECOMPOSITION,WHOLE_RECORD_TRANSLATION_STRESS,-0.07959976899292437,0.0,0.0,0.0,0.0,0.0,0.0,0.0,0.0,True
FMNoiseAimedJam,0.0,6103,2500,TARGET_INDEPENDENT_COMPONENT_FIXED,PHYSICAL_COMPONENT_RECOMPOSITION,WHOLE_RECORD_TRANSLATION_STRESS,0.010508634870217777,-0.17707547671133902,0.0,0.0,0.0,-0.9828118971805639,0.0,-4.821637332766436e-16,0.0,True
FMNoiseAimedJam,0.0,6103,3500,TARGET_INDEPENDENT_COMPONENT_FIXED,PHYSICAL_COMPONENT_RECOMPOSITION,WHOLE_RECORD_TRANSLATION_STRESS,0.008681318795903784,-0.3574971270452529,0.0,0.0,0.0,-2.222474776198063,0.0,0.0,0.0,True
FMNoiseAimedJam,0.0,6103,4000,TARGET_INDEPENDENT_COMPONENT_FIXED,PHYSICAL_COMPONENT_RECOMPOSITION,WHOLE_RECORD_TRANSLATION_STRESS,0.02495168271123785,-0.4545002243000452,0.0,0.0,0.0,-3.0422771093952683,0.0,0.0,0.0,True
FMNoiseAimedJam,0.0,6104,1000,TARGET_INDEPENDENT_COMPONENT_FIXED,PHYSICAL_COMPONENT_RECOMPOSITION,WHOLE_RECORD_TRANSLATION_STRESS,0.10822606244110652,-0.08683906401986367,0.0,0.0,0.0,-0.4434455034722232,0.0,-4.821637332766436e-16,9.64327466553287e-16,True
FMNoiseAimedJam,0.0,6104,1500,TARGET_INDEPENDENT_COMPONENT_FIXED,PHYSICAL_COMPONENT_RECOMPOSITION,WHOLE_RECORD_TRANSLATION_STRESS,-0.09003705697737707,0.0,0.0,0.0,0.0,0.0,0.0,0.0,9.64327466553287e-16,True
FMNoiseAimedJam,0.0,6104,2500,TARGET_INDEPENDENT_COMPONENT_FIXED,PHYSICAL_COMPONENT_RECOMPOSITION,WHOLE_RECORD_TRANSLATION_STRESS,0.023960238140804706,-0.17296717438418907,0.0,0.0,0.0,-0.922885164968426,0.0,0.0,9.64327466553287e-16,True
FMNoiseAimedJam,0.0,6104,3500,TARGET_INDEPENDENT_COMPONENT_FIXED,PHYSICAL_COMPONENT_RECOMPOSITION,WHOLE_RECORD_TRANSLATION_STRESS,0.024918103353469986,-0.35212112975816723,0.0,0.0,0.0,-2.0890864962402365,0.0,-4.821637332766436e-16,9.64327466553287e-16,True
FMNoiseAimedJam,0.0,6104,4000,TARGET_INDEPENDENT_COMPONENT_FIXED,PHYSICAL_COMPONENT_RECOMPOSITION,WHOLE_RECORD_TRANSLATION_STRESS,0.021088279660975304,-0.45075285214878796,0.0,0.0,0.0,-2.8682782727154317,0.0,0.0,9.64327466553287e-16,True
FMNoiseAimedJam,10.0,6100,1000,TARGET_INDEPENDENT_COMPONENT_FIXED,PHYSICAL_COMPONENT_RECOMPOSITION,WHOLE_RECORD_TRANSLATION_STRESS,0.0035445885833822453,-0.02003048100162206,0.0,0.0,0.0,-0.48207605525255165,0.0,0.0,10.0,True
FMNoiseAimedJam,10.0,6100,1500,TARGET_INDEPENDENT_COMPONENT_FIXED,PHYSICAL_COMPONENT_RECOMPOSITION,WHOLE_RECORD_TRANSLATION_STRESS,-0.01098830375232179,0.0,0.0,0.0,0.0,0.0,0.0,0.0,10.0,True
FMNoiseAimedJam,10.0,6100,2500,TARGET_INDEPENDENT_COMPONENT_FIXED,PHYSICAL_COMPONENT_RECOMPOSITION,WHOLE_RECORD_TRANSLATION_STRESS,0.05109874239478087,-0.03578039489296789,0.0,0.0,0.0,-0.9008811264671551,0.0,0.0,10.0,True
FMNoiseAimedJam,10.0,6100,3500,TARGET_INDEPENDENT_COMPONENT_FIXED,PHYSICAL_COMPONENT_RECOMPOSITION,WHOLE_RECORD_TRANSLATION_STRESS,0.0561056896744318,-0.07186597146320013,0.0,0.0,0.0,-2.0391841041382466,0.0,-9.643274665532871e-16,10.0,True
FMNoiseAimedJam,10.0,6100,4000,TARGET_INDEPENDENT_COMPONENT_FIXED,PHYSICAL_COMPONENT_RECOMPOSITION,WHOLE_RECORD_TRANSLATION_STRESS,0.0519561961327105,-0.09257486599388576,0.0,0.0,0.0,-2.8528507084284014,0.0,-9.643274665532871e-16,10.0,True
FMNoiseAimedJam,10.0,6101,1000,TARGET_INDEPENDENT_COMPONENT_FIXED,PHYSICAL_COMPONENT_RECOMPOSITION,WHOLE_RECORD_TRANSLATION_STRESS,0.043079937016942016,-0.017744188342485204,0.0,0.0,0.0,-0.44184213547547485,0.0,0.0,10.0,True
FMNoiseAimedJam,10.0,6101,1500,TARGET_INDEPENDENT_COMPONENT_FIXED,PHYSICAL_COMPONENT_RECOMPOSITION,WHOLE_RECORD_TRANSLATION_STRESS,-0.014617396473950975,0.0,0.0,0.0,0.0,0.0,0.0,0.0,10.0,True
FMNoiseAimedJam,10.0,6101,2500,TARGET_INDEPENDENT_COMPONENT_FIXED,PHYSICAL_COMPONENT_RECOMPOSITION,WHOLE_RECORD_TRANSLATION_STRESS,-0.03065372418200949,-0.03894772949425726,0.0,0.0,0.0,-1.0336868115757771,0.0,0.0,10.0,True
FMNoiseAimedJam,10.0,6101,3500,TARGET_INDEPENDENT_COMPONENT_FIXED,PHYSICAL_COMPONENT_RECOMPOSITION,WHOLE_RECORD_TRANSLATION_STRESS,-0.026689418836463565,-0.07735688542133712,0.0,0.0,0.0,-2.3570247294970685,0.0,0.0,10.0,True
FMNoiseAimedJam,10.0,6101,4000,TARGET_INDEPENDENT_COMPONENT_FIXED,PHYSICAL_COMPONENT_RECOMPOSITION,WHOLE_RECORD_TRANSLATION_STRESS,-0.0311920989488315,-0.09412915648539154,0.0,0.0,0.0,-3.0862552595099086,0.0,0.0,10.0,True
FMNoiseAimedJam,10.0,6102,1000,TARGET_INDEPENDENT_COMPONENT_FIXED,PHYSICAL_COMPONENT_RECOMPOSITION,WHOLE_RECORD_TRANSLATION_STRESS,0.36246208610589603,-0.020113889174720484,0.0,0.0,0.0,-0.4468769654894962,0.0,0.0,10.0,True
FMNoiseAimedJam,10.0,6102,1500,TARGET_INDEPENDENT_COMPONENT_FIXED,PHYSICAL_COMPONENT_RECOMPOSITION,WHOLE_RECORD_TRANSLATION_STRESS,0.11458258120770592,0.0,0.0,0.0,0.0,0.0,0.0,0.0,10.0,True
FMNoiseAimedJam,10.0,6102,2500,TARGET_INDEPENDENT_COMPONENT_FIXED,PHYSICAL_COMPONENT_RECOMPOSITION,WHOLE_RECORD_TRANSLATION_STRESS,0.25540334965789996,-0.04277549058513405,0.0,0.0,0.0,-1.0094851408828938,0.0,9.64327466553287e-16,10.0,True
FMNoiseAimedJam,10.0,6102,3500,TARGET_INDEPENDENT_COMPONENT_FIXED,PHYSICAL_COMPONENT_RECOMPOSITION,WHOLE_RECORD_TRANSLATION_STRESS,0.24877445201016163,-0.08394371402457029,0.0,0.0,0.0,-2.2555341045761805,0.0,9.64327466553287e-16,10.0,True
FMNoiseAimedJam,10.0,6102,4000,TARGET_INDEPENDENT_COMPONENT_FIXED,PHYSICAL_COMPONENT_RECOMPOSITION,WHOLE_RECORD_TRANSLATION_STRESS,0.2533349217080483,-0.10511218595694763,0.0,0.0,0.0,-3.0629167497421426,0.0,0.0,10.0,True
FMNoiseAimedJam,10.0,6103,1000,TARGET_INDEPENDENT_COMPONENT_FIXED,PHYSICAL_COMPONENT_RECOMPOSITION,WHOLE_RECORD_TRANSLATION_STRESS,-0.1141773398465328,-0.020139443238940468,0.0,0.0,0.0,-0.4956001903502516,0.0,0.0,10.0,True
FMNoiseAimedJam,10.0,6103,1500,TARGET_INDEPENDENT_COMPONENT_FIXED,PHYSICAL_COMPONENT_RECOMPOSITION,WHOLE_RECORD_TRANSLATION_STRESS,-0.048778551491937744,0.0,0.0,0.0,0.0,0.0,0.0,0.0,10.0,True
FMNoiseAimedJam,10.0,6103,2500,TARGET_INDEPENDENT_COMPONENT_FIXED,PHYSICAL_COMPONENT_RECOMPOSITION,WHOLE_RECORD_TRANSLATION_STRESS,0.016602994684142464,-0.03789687433781644,0.0,0.0,0.0,-0.9828118971805639,0.0,0.0,10.0,True
FMNoiseAimedJam,10.0,6103,3500,TARGET_INDEPENDENT_COMPONENT_FIXED,PHYSICAL_COMPONENT_RECOMPOSITION,WHOLE_RECORD_TRANSLATION_STRESS,0.01620625292891507,-0.0752755343671977,0.0,0.0,0.0,-2.222474776198063,0.0,0.0,10.0,True
FMNoiseAimedJam,10.0,6103,4000,TARGET_INDEPENDENT_COMPONENT_FIXED,PHYSICAL_COMPONENT_RECOMPOSITION,WHOLE_RECORD_TRANSLATION_STRESS,0.019743430577904494,-0.09486744266407954,0.0,0.0,0.0,-3.0422771093952683,0.0,0.0,10.0,True
FMNoiseAimedJam,10.0,6104,1000,TARGET_INDEPENDENT_COMPONENT_FIXED,PHYSICAL_COMPONENT_RECOMPOSITION,WHOLE_RECORD_TRANSLATION_STRESS,0.08181387346498034,-0.01878927870533002,0.0,0.0,0.0,-0.4434455034722232,0.0,0.0,10.0,True
FMNoiseAimedJam,10.0,6104,1500,TARGET_INDEPENDENT_COMPONENT_FIXED,PHYSICAL_COMPONENT_RECOMPOSITION,WHOLE_RECORD_TRANSLATION_STRESS,-0.053345701815527065,0.0,0.0,0.0,0.0,0.0,0.0,0.0,10.0,True
FMNoiseAimedJam,10.0,6104,2500,TARGET_INDEPENDENT_COMPONENT_FIXED,PHYSICAL_COMPONENT_RECOMPOSITION,WHOLE_RECORD_TRANSLATION_STRESS,0.040377791385860146,-0.03713556688432805,0.0,0.0,0.0,-0.922885164968426,0.0,0.0,10.0,True
FMNoiseAimedJam,10.0,6104,3500,TARGET_INDEPENDENT_COMPONENT_FIXED,PHYSICAL_COMPONENT_RECOMPOSITION,WHOLE_RECORD_TRANSLATION_STRESS,0.040585900309030074,-0.07438916726714975,0.0,0.0,0.0,-2.0890864962402365,0.0,0.0,10.0,True
FMNoiseAimedJam,10.0,6104,4000,TARGET_INDEPENDENT_COMPONENT_FIXED,PHYSICAL_COMPONENT_RECOMPOSITION,WHOLE_RECORD_TRANSLATION_STRESS,0.03975403562924958,-0.09438369167865437,0.0,0.0,0.0,-2.8682782727154317,0.0,0.0,10.0,True
FMNoiseAimedJam,20.0,6100,1000,TARGET_INDEPENDENT_COMPONENT_FIXED,PHYSICAL_COMPONENT_RECOMPOSITION,WHOLE_RECORD_TRANSLATION_STRESS,0.0014234424726874222,-0.0022528054721250817,0.0,0.0,0.0,-0.48207605525255165,0.0,0.0,20.0,True
FMNoiseAimedJam,20.0,6100,1500,TARGET_INDEPENDENT_COMPONENT_FIXED,PHYSICAL_COMPONENT_RECOMPOSITION,WHOLE_RECORD_TRANSLATION_STRESS,-0.00538108432776668,0.0,0.0,0.0,0.0,0.0,0.0,0.0,20.0,True
FMNoiseAimedJam,20.0,6100,2500,TARGET_INDEPENDENT_COMPONENT_FIXED,PHYSICAL_COMPONENT_RECOMPOSITION,WHOLE_RECORD_TRANSLATION_STRESS,0.016433009346344125,-0.004017714069427839,0.0,0.0,0.0,-0.9008811264671551,0.0,-9.643274665532871e-16,20.0,True
FMNoiseAimedJam,20.0,6100,3500,TARGET_INDEPENDENT_COMPONENT_FIXED,PHYSICAL_COMPONENT_RECOMPOSITION,WHOLE_RECORD_TRANSLATION_STRESS,0.017002101143950114,-0.008040030835677768,0.0,0.0,0.0,-2.0391841041382466,0.0,0.0,20.0,True
FMNoiseAimedJam,20.0,6100,4000,TARGET_INDEPENDENT_COMPONENT_FIXED,PHYSICAL_COMPONENT_RECOMPOSITION,WHOLE_RECORD_TRANSLATION_STRESS,0.016530426646997578,-0.010334989404425699,0.0,0.0,0.0,-2.8528507084284014,0.0,0.0,20.0,True
FMNoiseAimedJam,20.0,6101,1000,TARGET_INDEPENDENT_COMPONENT_FIXED,PHYSICAL_COMPONENT_RECOMPOSITION,WHOLE_RECORD_TRANSLATION_STRESS,0.014240084631867978,-0.0020124929324023167,0.0,0.0,0.0,-0.44184213547547485,0.0,-9.643274665532871e-16,20.0,True
FMNoiseAimedJam,20.0,6101,1500,TARGET_INDEPENDENT_COMPONENT_FIXED,PHYSICAL_COMPONENT_RECOMPOSITION,WHOLE_RECORD_TRANSLATION_STRESS,-0.006309190319336428,0.0,0.0,0.0,0.0,0.0,0.0,0.0,20.0,True
FMNoiseAimedJam,20.0,6101,2500,TARGET_INDEPENDENT_COMPONENT_FIXED,PHYSICAL_COMPONENT_RECOMPOSITION,WHOLE_RECORD_TRANSLATION_STRESS,-0.01157277507989196,-0.004407792044569869,0.0,0.0,0.0,-1.0336868115757771,0.0,-9.643274665532871e-16,20.0,True
FMNoiseAimedJam,20.0,6101,3500,TARGET_INDEPENDENT_COMPONENT_FIXED,PHYSICAL_COMPONENT_RECOMPOSITION,WHOLE_RECORD_TRANSLATION_STRESS,-0.011124133715077995,-0.008720418597054368,0.0,0.0,0.0,-2.3570247294970685,0.0,-9.643274665532871e-16,20.0,True
FMNoiseAimedJam,20.0,6101,4000,TARGET_INDEPENDENT_COMPONENT_FIXED,PHYSICAL_COMPONENT_RECOMPOSITION,WHOLE_RECORD_TRANSLATION_STRESS,-0.011633675072534272,-0.010593031542788501,0.0,0.0,0.0,-3.0862552595099086,0.0,0.0,20.0,True
FMNoiseAimedJam,20.0,6102,1000,TARGET_INDEPENDENT_COMPONENT_FIXED,PHYSICAL_COMPONENT_RECOMPOSITION,WHOLE_RECORD_TRANSLATION_STRESS,0.12974613105388555,-0.0021838182910993396,0.0,0.0,0.0,-0.4468769654894962,0.0,0.0,20.0,True
FMNoiseAimedJam,20.0,6102,1500,TARGET_INDEPENDENT_COMPONENT_FIXED,PHYSICAL_COMPONENT_RECOMPOSITION,WHOLE_RECORD_TRANSLATION_STRESS,0.03965132799846022,0.0,0.0,0.0,0.0,0.0,0.0,0.0,20.0,True
FMNoiseAimedJam,20.0,6102,2500,TARGET_INDEPENDENT_COMPONENT_FIXED,PHYSICAL_COMPONENT_RECOMPOSITION,WHOLE_RECORD_TRANSLATION_STRESS,0.08951532123398603,-0.004633468332256259,0.0,0.0,0.0,-1.0094851408828938,0.0,0.0,20.0,True
FMNoiseAimedJam,20.0,6102,3500,TARGET_INDEPENDENT_COMPONENT_FIXED,PHYSICAL_COMPONENT_RECOMPOSITION,WHOLE_RECORD_TRANSLATION_STRESS,0.08876654385061869,-0.00905455206590771,0.0,0.0,0.0,-2.2555341045761805,0.0,9.64327466553287e-16,20.0,True
FMNoiseAimedJam,20.0,6102,4000,TARGET_INDEPENDENT_COMPONENT_FIXED,PHYSICAL_COMPONENT_RECOMPOSITION,WHOLE_RECORD_TRANSLATION_STRESS,0.08928156993286439,-0.011313322524728265,0.0,0.0,0.0,-3.0629167497421426,0.0,9.64327466553287e-16,20.0,True
FMNoiseAimedJam,20.0,6103,1000,TARGET_INDEPENDENT_COMPONENT_FIXED,PHYSICAL_COMPONENT_RECOMPOSITION,WHOLE_RECORD_TRANSLATION_STRESS,-0.040845077157001766,-0.002279592816699849,0.0,0.0,0.0,-0.4956001903502516,0.0,0.0,20.0,True
FMNoiseAimedJam,20.0,6103,1500,TARGET_INDEPENDENT_COMPONENT_FIXED,PHYSICAL_COMPONENT_RECOMPOSITION,WHOLE_RECORD_TRANSLATION_STRESS,-0.01677987175205287,0.0,0.0,0.0,0.0,0.0,0.0,0.0,20.0,True
FMNoiseAimedJam,20.0,6103,2500,TARGET_INDEPENDENT_COMPONENT_FIXED,PHYSICAL_COMPONENT_RECOMPOSITION,WHOLE_RECORD_TRANSLATION_STRESS,0.007026944368066194,-0.004281800477241098,0.0,0.0,0.0,-0.9828118971805639,0.0,0.0,20.0,True
FMNoiseAimedJam,20.0,6103,3500,TARGET_INDEPENDENT_COMPONENT_FIXED,PHYSICAL_COMPONENT_RECOMPOSITION,WHOLE_RECORD_TRANSLATION_STRESS,0.006981847086748794,-0.008472693588988816,0.0,0.0,0.0,-2.222474776198063,0.0,0.0,20.0,True
FMNoiseAimedJam,20.0,6103,4000,TARGET_INDEPENDENT_COMPONENT_FIXED,PHYSICAL_COMPONENT_RECOMPOSITION,WHOLE_RECORD_TRANSLATION_STRESS,0.007384043785487155,-0.010656573963529196,0.0,0.0,0.0,-3.0422771093952683,0.0,0.0,20.0,True
FMNoiseAimedJam,20.0,6104,1000,TARGET_INDEPENDENT_COMPONENT_FIXED,PHYSICAL_COMPONENT_RECOMPOSITION,WHOLE_RECORD_TRANSLATION_STRESS,0.0301500559697806,-0.002115581227844157,0.0,0.0,0.0,-0.4434455034722232,0.0,-9.643274665532871e-16,20.0,True
FMNoiseAimedJam,20.0,6104,1500,TARGET_INDEPENDENT_COMPONENT_FIXED,PHYSICAL_COMPONENT_RECOMPOSITION,WHOLE_RECORD_TRANSLATION_STRESS,-0.01800044438458087,0.0,0.0,0.0,0.0,0.0,0.0,0.0,20.0,True
FMNoiseAimedJam,20.0,6104,2500,TARGET_INDEPENDENT_COMPONENT_FIXED,PHYSICAL_COMPONENT_RECOMPOSITION,WHOLE_RECORD_TRANSLATION_STRESS,0.017144906427906944,-0.0041734595219878705,0.0,0.0,0.0,-0.922885164968426,0.0,0.0,20.0,True
FMNoiseAimedJam,20.0,6104,3500,TARGET_INDEPENDENT_COMPONENT_FIXED,PHYSICAL_COMPONENT_RECOMPOSITION,WHOLE_RECORD_TRANSLATION_STRESS,0.017168509914663264,-0.008328462818699494,0.0,0.0,0.0,-2.0890864962402365,0.0,-9.643274665532871e-16,20.0,True
FMNoiseAimedJam,20.0,6104,4000,TARGET_INDEPENDENT_COMPONENT_FIXED,PHYSICAL_COMPONENT_RECOMPOSITION,WHOLE_RECORD_TRANSLATION_STRESS,0.01707416673802748,-0.010545482039830967,0.0,0.0,0.0,-2.8682782727154317,0.0,-9.643274665532871e-16,20.0,True
FMNoiseAimedJam,30.0,6100,1000,TARGET_INDEPENDENT_COMPONENT_FIXED,PHYSICAL_COMPONENT_RECOMPOSITION,WHOLE_RECORD_TRANSLATION_STRESS,0.00047165790284119504,-0.00022787837960417835,0.0,0.0,0.0,-0.48207605525255165,0.0,9.64327466553287e-16,30.0,True
FMNoiseAimedJam,30.0,6100,1500,TARGET_INDEPENDENT_COMPONENT_FIXED,PHYSICAL_COMPONENT_RECOMPOSITION,WHOLE_RECORD_TRANSLATION_STRESS,-0.001869396419508096,0.0,0.0,0.0,0.0,0.0,0.0,0.0,30.0,True
FMNoiseAimedJam,30.0,6100,2500,TARGET_INDEPENDENT_COMPONENT_FIXED,PHYSICAL_COMPONENT_RECOMPOSITION,WHOLE_RECORD_TRANSLATION_STRESS,0.005077102675522641,-0.00040633023915297384,0.0,0.0,0.0,-0.9008811264671551,0.0,9.64327466553287e-16,30.0,True
FMNoiseAimedJam,30.0,6100,3500,TARGET_INDEPENDENT_COMPONENT_FIXED,PHYSICAL_COMPONENT_RECOMPOSITION,WHOLE_RECORD_TRANSLATION_STRESS,0.005134835679687227,-0.0008127876300492613,0.0,0.0,0.0,-2.0391841041382466,0.0,9.64327466553287e-16,30.0,True
FMNoiseAimedJam,30.0,6100,4000,TARGET_INDEPENDENT_COMPONENT_FIXED,PHYSICAL_COMPONENT_RECOMPOSITION,WHOLE_RECORD_TRANSLATION_STRESS,0.005086984945871366,-0.0010445429124729306,0.0,0.0,0.0,-2.8528507084284014,0.0,0.0,30.0,True
FMNoiseAimedJam,30.0,6101,1000,TARGET_INDEPENDENT_COMPONENT_FIXED,PHYSICAL_COMPONENT_RECOMPOSITION,WHOLE_RECORD_TRANSLATION_STRESS,0.004443313572851345,-0.0002041618049834973,0.0,0.0,0.0,-0.44184213547547485,0.0,9.64327466553287e-16,30.0,True
FMNoiseAimedJam,30.0,6101,1500,TARGET_INDEPENDENT_COMPONENT_FIXED,PHYSICAL_COMPONENT_RECOMPOSITION,WHOLE_RECORD_TRANSLATION_STRESS,-0.0021311799629193,0.0,0.0,0.0,0.0,0.0,0.0,0.0,30.0,True
FMNoiseAimedJam,30.0,6101,2500,TARGET_INDEPENDENT_COMPONENT_FIXED,PHYSICAL_COMPONENT_RECOMPOSITION,WHOLE_RECORD_TRANSLATION_STRESS,-0.003769123225039648,-0.00044704745150556964,0.0,0.0,0.0,-1.0336868115757771,0.0,0.0,30.0,True
FMNoiseAimedJam,30.0,6101,3500,TARGET_INDEPENDENT_COMPONENT_FIXED,PHYSICAL_COMPONENT_RECOMPOSITION,WHOLE_RECORD_TRANSLATION_STRESS,-0.003723679946795469,-0.0008840485814329698,0.0,0.0,0.0,-2.3570247294970685,0.0,0.0,30.0,True
FMNoiseAimedJam,30.0,6101,4000,TARGET_INDEPENDENT_COMPONENT_FIXED,PHYSICAL_COMPONENT_RECOMPOSITION,WHOLE_RECORD_TRANSLATION_STRESS,-0.0037752915136224467,-0.0010736802140868384,0.0,0.0,0.0,-3.0862552595099086,0.0,-4.821637332766436e-16,30.0,True
FMNoiseAimedJam,30.0,6102,1000,TARGET_INDEPENDENT_COMPONENT_FIXED,PHYSICAL_COMPONENT_RECOMPOSITION,WHOLE_RECORD_TRANSLATION_STRESS,0.04153262437680959,-0.0002179077120935723,0.0,0.0,0.0,-0.4468769654894962,0.0,0.0,30.0,True
FMNoiseAimedJam,30.0,6102,1500,TARGET_INDEPENDENT_COMPONENT_FIXED,PHYSICAL_COMPONENT_RECOMPOSITION,WHOLE_RECORD_TRANSLATION_STRESS,0.012542313130940312,0.0,0.0,0.0,0.0,0.0,0.0,0.0,30.0,True
FMNoiseAimedJam,30.0,6102,2500,TARGET_INDEPENDENT_COMPONENT_FIXED,PHYSICAL_COMPONENT_RECOMPOSITION,WHOLE_RECORD_TRANSLATION_STRESS,0.02844584240605309,-0.000462223530025334,0.0,0.0,0.0,-1.0094851408828938,0.0,0.0,30.0,True
FMNoiseAimedJam,30.0,6102,3500,TARGET_INDEPENDENT_COMPONENT_FIXED,PHYSICAL_COMPONENT_RECOMPOSITION,WHOLE_RECORD_TRANSLATION_STRESS,0.028370057902567195,-0.0009028463687064739,0.0,0.0,0.0,-2.2555341045761805,0.0,0.0,30.0,True
FMNoiseAimedJam,30.0,6102,4000,TARGET_INDEPENDENT_COMPONENT_FIXED,PHYSICAL_COMPONENT_RECOMPOSITION,WHOLE_RECORD_TRANSLATION_STRESS,0.028422182943612047,-0.0011278086128568797,0.0,0.0,0.0,-3.0629167497421426,0.0,-4.821637332766436e-16,30.0,True
FMNoiseAimedJam,30.0,6103,1000,TARGET_INDEPENDENT_COMPONENT_FIXED,PHYSICAL_COMPONENT_RECOMPOSITION,WHOLE_RECORD_TRANSLATION_STRESS,-0.013078384879730415,-0.0002310811190342164,0.0,0.0,0.0,-0.4956001903502516,0.0,0.0,30.0,True
FMNoiseAimedJam,30.0,6103,1500,TARGET_INDEPENDENT_COMPONENT_FIXED,PHYSICAL_COMPONENT_RECOMPOSITION,WHOLE_RECORD_TRANSLATION_STRESS,-0.00530712092542905,0.0,0.0,0.0,0.0,0.0,0.0,0.0,30.0,True
FMNoiseAimedJam,30.0,6103,2500,TARGET_INDEPENDENT_COMPONENT_FIXED,PHYSICAL_COMPONENT_RECOMPOSITION,WHOLE_RECORD_TRANSLATION_STRESS,0.0023623578285926878,-0.00043395395834389106,0.0,0.0,0.0,-0.9828118971805639,0.0,0.0,30.0,True
FMNoiseAimedJam,30.0,6103,3500,TARGET_INDEPENDENT_COMPONENT_FIXED,PHYSICAL_COMPONENT_RECOMPOSITION,WHOLE_RECORD_TRANSLATION_STRESS,0.002357780370290974,-0.0008583224127620397,0.0,0.0,0.0,-2.222474776198063,0.0,0.0,30.0,True
FMNoiseAimedJam,30.0,6103,4000,TARGET_INDEPENDENT_COMPONENT_FIXED,PHYSICAL_COMPONENT_RECOMPOSITION,WHOLE_RECORD_TRANSLATION_STRESS,0.0023986055946198627,-0.001079315592844922,0.0,0.0,0.0,-3.0422771093952683,0.0,0.0,30.0,True
FMNoiseAimedJam,30.0,6104,1000,TARGET_INDEPENDENT_COMPONENT_FIXED,PHYSICAL_COMPONENT_RECOMPOSITION,WHOLE_RECORD_TRANSLATION_STRESS,0.009745026843843239,-0.00021390868330672496,0.0,0.0,0.0,-0.4434455034722232,0.0,0.0,30.0,True
FMNoiseAimedJam,30.0,6104,1500,TARGET_INDEPENDENT_COMPONENT_FIXED,PHYSICAL_COMPONENT_RECOMPOSITION,WHOLE_RECORD_TRANSLATION_STRESS,-0.00565233047062975,0.0,0.0,0.0,0.0,0.0,0.0,0.0,30.0,True
FMNoiseAimedJam,30.0,6104,2500,TARGET_INDEPENDENT_COMPONENT_FIXED,PHYSICAL_COMPONENT_RECOMPOSITION,WHOLE_RECORD_TRANSLATION_STRESS,0.005763934401114843,-0.0004218931100832923,0.0,0.0,0.0,-0.922885164968426,0.0,0.0,30.0,True
FMNoiseAimedJam,30.0,6104,3500,TARGET_INDEPENDENT_COMPONENT_FIXED,PHYSICAL_COMPONENT_RECOMPOSITION,WHOLE_RECORD_TRANSLATION_STRESS,0.0057663277670722424,-0.0008415585971475045,0.0,0.0,0.0,-2.0890864962402365,0.0,-4.821637332766436e-16,30.0,True
FMNoiseAimedJam,30.0,6104,4000,TARGET_INDEPENDENT_COMPONENT_FIXED,PHYSICAL_COMPONENT_RECOMPOSITION,WHOLE_RECORD_TRANSLATION_STRESS,0.005756761549287657,-0.001065335314933288,0.0,0.0,0.0,-2.8682782727154317,0.0,0.0,30.0,True
FMNoiseSaopin,0.0,6100,1000,TARGET_INDEPENDENT_COMPONENT_FIXED,PHYSICAL_COMPONENT_RECOMPOSITION,WHOLE_RECORD_TRANSLATION_STRESS,-0.010233754220571852,-0.08711663929934618,0.0,0.0,0.0,-0.4613301700171346,0.0,9.64327466553287e-16,-1.9286549331065747e-15,True
FMNoiseSaopin,0.0,6100,1500,TARGET_INDEPENDENT_COMPONENT_FIXED,PHYSICAL_COMPONENT_RECOMPOSITION,WHOLE_RECORD_TRANSLATION_STRESS,-0.014299951446716374,0.0,0.0,0.0,0.0,0.0,0.0,0.0,-1.9286549331065747e-15,True
FMNoiseSaopin,0.0,6100,2500,TARGET_INDEPENDENT_COMPONENT_FIXED,PHYSICAL_COMPONENT_RECOMPOSITION,WHOLE_RECORD_TRANSLATION_STRESS,-0.028125074052536978,-0.17735144649228582,0.0,0.0,0.0,-0.9857070553360698,0.0,9.64327466553287e-16,-1.9286549331065747e-15,True
FMNoiseSaopin,0.0,6100,3500,TARGET_INDEPENDENT_COMPONENT_FIXED,PHYSICAL_COMPONENT_RECOMPOSITION,WHOLE_RECORD_TRANSLATION_STRESS,-0.0017049549000513013,-0.34425395301405604,0.0,0.0,0.0,-2.1233863965188307,0.0,9.64327466553287e-16,-1.9286549331065747e-15,True
FMNoiseSaopin,0.0,6100,4000,TARGET_INDEPENDENT_COMPONENT_FIXED,PHYSICAL_COMPONENT_RECOMPOSITION,WHOLE_RECORD_TRANSLATION_STRESS,-0.05600849389505626,-0.4338200810546445,0.0,0.0,0.0,-2.860099606851172,0.0,0.0,-1.9286549331065747e-15,True
FMNoiseSaopin,0.0,6101,1000,TARGET_INDEPENDENT_COMPONENT_FIXED,PHYSICAL_COMPONENT_RECOMPOSITION,WHOLE_RECORD_TRANSLATION_STRESS,-0.2493826300869094,-0.08392769671255026,0.0,0.0,0.0,-0.4399191492634646,0.0,0.0,0.0,True
FMNoiseSaopin,0.0,6101,1500,TARGET_INDEPENDENT_COMPONENT_FIXED,PHYSICAL_COMPONENT_RECOMPOSITION,WHOLE_RECORD_TRANSLATION_STRESS,-0.010969739713345378,0.0,0.0,0.0,0.0,0.0,0.0,0.0,0.0,True
FMNoiseSaopin,0.0,6101,2500,TARGET_INDEPENDENT_COMPONENT_FIXED,PHYSICAL_COMPONENT_RECOMPOSITION,WHOLE_RECORD_TRANSLATION_STRESS,-0.04742622806914566,-0.16306632036898774,0.0,0.0,0.0,-0.8909869309984333,0.0,-4.821637332766436e-16,0.0,True
FMNoiseSaopin,0.0,6101,3500,TARGET_INDEPENDENT_COMPONENT_FIXED,PHYSICAL_COMPONENT_RECOMPOSITION,WHOLE_RECORD_TRANSLATION_STRESS,0.014008885852724612,-0.35865726611173376,0.0,0.0,0.0,-2.2109888108348033,0.0,0.0,0.0,True
FMNoiseSaopin,0.0,6101,4000,TARGET_INDEPENDENT_COMPONENT_FIXED,PHYSICAL_COMPONENT_RECOMPOSITION,WHOLE_RECORD_TRANSLATION_STRESS,0.01964489121893495,-0.45375349947477056,0.0,0.0,0.0,-3.0045316624433562,0.0,0.0,0.0,True
FMNoiseSaopin,0.0,6102,1000,TARGET_INDEPENDENT_COMPONENT_FIXED,PHYSICAL_COMPONENT_RECOMPOSITION,WHOLE_RECORD_TRANSLATION_STRESS,0.008734393013175018,-0.0909539978015883,0.0,0.0,0.0,-0.4658116399375422,0.0,0.0,0.0,True
FMNoiseSaopin,0.0,6102,1500,TARGET_INDEPENDENT_COMPONENT_FIXED,PHYSICAL_COMPONENT_RECOMPOSITION,WHOLE_RECORD_TRANSLATION_STRESS,0.0007738566977083544,0.0,0.0,0.0,0.0,0.0,0.0,0.0,0.0,True
FMNoiseSaopin,0.0,6102,2500,TARGET_INDEPENDENT_COMPONENT_FIXED,PHYSICAL_COMPONENT_RECOMPOSITION,WHOLE_RECORD_TRANSLATION_STRESS,0.000535431250019683,-0.18157550855414764,0.0,0.0,0.0,-0.9742194031717738,0.0,0.0,0.0,True
FMNoiseSaopin,0.0,6102,3500,TARGET_INDEPENDENT_COMPONENT_FIXED,PHYSICAL_COMPONENT_RECOMPOSITION,WHOLE_RECORD_TRANSLATION_STRESS,0.02969217285087248,-0.3723074760877681,0.0,0.0,0.0,-2.2414443732816407,0.0,0.0,0.0,True
FMNoiseSaopin,0.0,6102,4000,TARGET_INDEPENDENT_COMPONENT_FIXED,PHYSICAL_COMPONENT_RECOMPOSITION,WHOLE_RECORD_TRANSLATION_STRESS,0.016180657245008723,-0.4655775516536353,0.0,0.0,0.0,-3.0004489672962418,0.0,0.0,0.0,True
FMNoiseSaopin,0.0,6103,1000,TARGET_INDEPENDENT_COMPONENT_FIXED,PHYSICAL_COMPONENT_RECOMPOSITION,WHOLE_RECORD_TRANSLATION_STRESS,0.045176911890779756,-0.08736952495686819,0.0,0.0,0.0,-0.46253231144810286,0.0,0.0,0.0,True
FMNoiseSaopin,0.0,6103,1500,TARGET_INDEPENDENT_COMPONENT_FIXED,PHYSICAL_COMPONENT_RECOMPOSITION,WHOLE_RECORD_TRANSLATION_STRESS,0.03458663838924345,0.0,0.0,0.0,0.0,0.0,0.0,0.0,0.0,True
FMNoiseSaopin,0.0,6103,2500,TARGET_INDEPENDENT_COMPONENT_FIXED,PHYSICAL_COMPONENT_RECOMPOSITION,WHOLE_RECORD_TRANSLATION_STRESS,0.058056867718079455,-0.18437447210991223,0.0,0.0,0.0,-1.0283473119131155,0.0,0.0,0.0,True
FMNoiseSaopin,0.0,6103,3500,TARGET_INDEPENDENT_COMPONENT_FIXED,PHYSICAL_COMPONENT_RECOMPOSITION,WHOLE_RECORD_TRANSLATION_STRESS,-0.0051746880421715095,-0.3644873968559687,0.0,0.0,0.0,-2.2792864280038154,0.0,0.0,0.0,True
FMNoiseSaopin,0.0,6103,4000,TARGET_INDEPENDENT_COMPONENT_FIXED,PHYSICAL_COMPONENT_RECOMPOSITION,WHOLE_RECORD_TRANSLATION_STRESS,0.0458477523070296,-0.45298109280464854,0.0,0.0,0.0,-3.0313557800043744,0.0,0.0,0.0,True
FMNoiseSaopin,0.0,6104,1000,TARGET_INDEPENDENT_COMPONENT_FIXED,PHYSICAL_COMPONENT_RECOMPOSITION,WHOLE_RECORD_TRANSLATION_STRESS,0.06853270524526363,-0.08629327819071586,0.0,0.0,0.0,-0.44263675712052675,0.0,0.0,-4.821637332766436e-16,True
FMNoiseSaopin,0.0,6104,1500,TARGET_INDEPENDENT_COMPONENT_FIXED,PHYSICAL_COMPONENT_RECOMPOSITION,WHOLE_RECORD_TRANSLATION_STRESS,0.019546631522641293,0.0,0.0,0.0,0.0,0.0,0.0,0.0,-4.821637332766436e-16,True
FMNoiseSaopin,0.0,6104,2500,TARGET_INDEPENDENT_COMPONENT_FIXED,PHYSICAL_COMPONENT_RECOMPOSITION,WHOLE_RECORD_TRANSLATION_STRESS,0.06465585655142506,-0.16722103033437835,0.0,0.0,0.0,-0.8939697731808554,0.0,-4.821637332766436e-16,-4.821637332766436e-16,True
FMNoiseSaopin,0.0,6104,3500,TARGET_INDEPENDENT_COMPONENT_FIXED,PHYSICAL_COMPONENT_RECOMPOSITION,WHOLE_RECORD_TRANSLATION_STRESS,0.0034911550069035195,-0.3564825110073807,0.0,0.0,0.0,-2.1334632173931793,0.0,0.0,-4.821637332766436e-16,True
FMNoiseSaopin,0.0,6104,4000,TARGET_INDEPENDENT_COMPONENT_FIXED,PHYSICAL_COMPONENT_RECOMPOSITION,WHOLE_RECORD_TRANSLATION_STRESS,0.0326082629882834,-0.4517826795940336,0.0,0.0,0.0,-2.8955738666471484,0.0,9.64327466553287e-16,-4.821637332766436e-16,True
FMNoiseSaopin,10.0,6100,1000,TARGET_INDEPENDENT_COMPONENT_FIXED,PHYSICAL_COMPONENT_RECOMPOSITION,WHOLE_RECORD_TRANSLATION_STRESS,-0.0020537206056164647,-0.018801915464601315,0.0,0.0,0.0,-0.4613301700171346,0.0,9.64327466553287e-16,9.999999999999998,True
FMNoiseSaopin,10.0,6100,1500,TARGET_INDEPENDENT_COMPONENT_FIXED,PHYSICAL_COMPONENT_RECOMPOSITION,WHOLE_RECORD_TRANSLATION_STRESS,-0.003217686931178121,0.0,0.0,0.0,0.0,0.0,0.0,0.0,9.999999999999998,True
FMNoiseSaopin,10.0,6100,2500,TARGET_INDEPENDENT_COMPONENT_FIXED,PHYSICAL_COMPONENT_RECOMPOSITION,WHOLE_RECORD_TRANSLATION_STRESS,-0.006081405692374375,-0.03796680685916859,0.0,0.0,0.0,-0.9857070553360698,0.0,9.64327466553287e-16,9.999999999999998,True
FMNoiseSaopin,10.0,6100,3500,TARGET_INDEPENDENT_COMPONENT_FIXED,PHYSICAL_COMPONENT_RECOMPOSITION,WHOLE_RECORD_TRANSLATION_STRESS,-0.00034981397815788697,-0.07259629685813032,0.0,0.0,0.0,-2.1233863965188307,0.0,9.64327466553287e-16,9.999999999999998,True
FMNoiseSaopin,10.0,6100,4000,TARGET_INDEPENDENT_COMPONENT_FIXED,PHYSICAL_COMPONENT_RECOMPOSITION,WHOLE_RECORD_TRANSLATION_STRESS,-0.012100885498918228,-0.0907482969411123,0.0,0.0,0.0,-2.860099606851172,0.0,9.64327466553287e-16,9.999999999999998,True
FMNoiseSaopin,10.0,6101,1000,TARGET_INDEPENDENT_COMPONENT_FIXED,PHYSICAL_COMPONENT_RECOMPOSITION,WHOLE_RECORD_TRANSLATION_STRESS,-0.16282060826699665,-0.018045150008776465,0.0,0.0,0.0,-0.4399191492634646,0.0,-9.643274665532871e-16,10.0,True
FMNoiseSaopin,10.0,6101,1500,TARGET_INDEPENDENT_COMPONENT_FIXED,PHYSICAL_COMPONENT_RECOMPOSITION,WHOLE_RECORD_TRANSLATION_STRESS,-0.0025227306759069814,0.0,0.0,0.0,0.0,0.0,0.0,0.0,10.0,True
FMNoiseSaopin,10.0,6101,2500,TARGET_INDEPENDENT_COMPONENT_FIXED,PHYSICAL_COMPONENT_RECOMPOSITION,WHOLE_RECORD_TRANSLATION_STRESS,-0.010150431275639232,-0.034811179333833556,0.0,0.0,0.0,-0.8909869309984333,0.0,-9.643274665532871e-16,10.0,True
FMNoiseSaopin,10.0,6101,3500,TARGET_INDEPENDENT_COMPONENT_FIXED,PHYSICAL_COMPONENT_RECOMPOSITION,WHOLE_RECORD_TRANSLATION_STRESS,0.0031187373005759447,-0.07522616636948669,0.0,0.0,0.0,-2.2109888108348033,0.0,-9.643274665532871e-16,10.0,True
FMNoiseSaopin,10.0,6101,4000,TARGET_INDEPENDENT_COMPONENT_FIXED,PHYSICAL_COMPONENT_RECOMPOSITION,WHOLE_RECORD_TRANSLATION_STRESS,0.004343420843196482,-0.09435873240591394,0.0,0.0,0.0,-3.0045316624433562,0.0,-9.643274665532871e-16,10.0,True
FMNoiseSaopin,10.0,6102,1000,TARGET_INDEPENDENT_COMPONENT_FIXED,PHYSICAL_COMPONENT_RECOMPOSITION,WHOLE_RECORD_TRANSLATION_STRESS,-0.0015852433194655485,-0.019665717413167638,0.0,0.0,0.0,-0.4658116399375422,0.0,-9.643274665532871e-16,10.000000000000002,True
FMNoiseSaopin,10.0,6102,1500,TARGET_INDEPENDENT_COMPONENT_FIXED,PHYSICAL_COMPONENT_RECOMPOSITION,WHOLE_RECORD_TRANSLATION_STRESS,0.0008510098807312297,0.0,0.0,0.0,0.0,0.0,0.0,0.0,10.000000000000002,True
FMNoiseSaopin,10.0,6102,2500,TARGET_INDEPENDENT_COMPONENT_FIXED,PHYSICAL_COMPONENT_RECOMPOSITION,WHOLE_RECORD_TRANSLATION_STRESS,0.00037571443870335633,-0.03894041182493586,0.0,0.0,0.0,-0.9742194031717738,0.0,-9.643274665532871e-16,10.000000000000002,True
FMNoiseSaopin,10.0,6102,3500,TARGET_INDEPENDENT_COMPONENT_FIXED,PHYSICAL_COMPONENT_RECOMPOSITION,WHOLE_RECORD_TRANSLATION_STRESS,0.006748653651825683,-0.07848425031711398,0.0,0.0,0.0,-2.2414443732816407,0.0,-1.9286549331065747e-15,10.000000000000002,True
FMNoiseSaopin,10.0,6102,4000,TARGET_INDEPENDENT_COMPONENT_FIXED,PHYSICAL_COMPONENT_RECOMPOSITION,WHOLE_RECORD_TRANSLATION_STRESS,0.0037912150874850697,-0.09732470503187927,0.0,0.0,0.0,-3.0004489672962418,0.0,0.0,10.000000000000002,True
FMNoiseSaopin,10.0,6103,1000,TARGET_INDEPENDENT_COMPONENT_FIXED,PHYSICAL_COMPONENT_RECOMPOSITION,WHOLE_RECORD_TRANSLATION_STRESS,0.006663826143818511,-0.018629573648287504,0.0,0.0,0.0,-0.46253231144810286,0.0,0.0,10.0,True
FMNoiseSaopin,10.0,6103,1500,TARGET_INDEPENDENT_COMPONENT_FIXED,PHYSICAL_COMPONENT_RECOMPOSITION,WHOLE_RECORD_TRANSLATION_STRESS,0.007000110555026317,0.0,0.0,0.0,0.0,0.0,0.0,0.0,10.0,True
FMNoiseSaopin,10.0,6103,2500,TARGET_INDEPENDENT_COMPONENT_FIXED,PHYSICAL_COMPONENT_RECOMPOSITION,WHOLE_RECORD_TRANSLATION_STRESS,0.010973257857327912,-0.038970384480299436,0.0,0.0,0.0,-1.0283473119131155,0.0,0.0,10.0,True
FMNoiseSaopin,10.0,6103,3500,TARGET_INDEPENDENT_COMPONENT_FIXED,PHYSICAL_COMPONENT_RECOMPOSITION,WHOLE_RECORD_TRANSLATION_STRESS,-0.002686413150269987,-0.0757953920491828,0.0,0.0,0.0,-2.2792864280038154,0.0,0.0,10.0,True
FMNoiseSaopin,10.0,6103,4000,TARGET_INDEPENDENT_COMPONENT_FIXED,PHYSICAL_COMPONENT_RECOMPOSITION,WHOLE_RECORD_TRANSLATION_STRESS,0.008323612977599626,-0.09344687450736514,0.0,0.0,0.0,-3.0313557800043744,0.0,0.0,10.0,True
FMNoiseSaopin,10.0,6104,1000,TARGET_INDEPENDENT_COMPONENT_FIXED,PHYSICAL_COMPONENT_RECOMPOSITION,WHOLE_RECORD_TRANSLATION_STRESS,0.05172055123122173,-0.018559182600097094,0.0,0.0,0.0,-0.44263675712052675,0.0,0.0,9.999999999999998,True
FMNoiseSaopin,10.0,6104,1500,TARGET_INDEPENDENT_COMPONENT_FIXED,PHYSICAL_COMPONENT_RECOMPOSITION,WHOLE_RECORD_TRANSLATION_STRESS,0.004132065623609399,0.0,0.0,0.0,0.0,0.0,0.0,0.0,9.999999999999998,True
FMNoiseSaopin,10.0,6104,2500,TARGET_INDEPENDENT_COMPONENT_FIXED,PHYSICAL_COMPONENT_RECOMPOSITION,WHOLE_RECORD_TRANSLATION_STRESS,0.014042570737096312,-0.0357028065228325,0.0,0.0,0.0,-0.8939697731808554,0.0,0.0,9.999999999999998,True
FMNoiseSaopin,10.0,6104,3500,TARGET_INDEPENDENT_COMPONENT_FIXED,PHYSICAL_COMPONENT_RECOMPOSITION,WHOLE_RECORD_TRANSLATION_STRESS,0.0007031764179198369,-0.07482273016525273,0.0,0.0,0.0,-2.1334632173931793,0.0,0.0,9.999999999999998,True
FMNoiseSaopin,10.0,6104,4000,TARGET_INDEPENDENT_COMPONENT_FIXED,PHYSICAL_COMPONENT_RECOMPOSITION,WHOLE_RECORD_TRANSLATION_STRESS,0.007035000525594325,-0.09401349788645111,0.0,0.0,0.0,-2.8955738666471484,0.0,9.64327466553287e-16,9.999999999999998,True
FMNoiseSaopin,20.0,6100,1000,TARGET_INDEPENDENT_COMPONENT_FIXED,PHYSICAL_COMPONENT_RECOMPOSITION,WHOLE_RECORD_TRANSLATION_STRESS,-0.00017168379213954087,-0.0021267320629567796,0.0,0.0,0.0,-0.4613301700171346,0.0,0.0,19.999999999999996,True
FMNoiseSaopin,20.0,6100,1500,TARGET_INDEPENDENT_COMPONENT_FIXED,PHYSICAL_COMPONENT_RECOMPOSITION,WHOLE_RECORD_TRANSLATION_STRESS,-0.0004043271867047843,0.0,0.0,0.0,0.0,0.0,0.0,0.0,19.999999999999996,True
FMNoiseSaopin,20.0,6100,2500,TARGET_INDEPENDENT_COMPONENT_FIXED,PHYSICAL_COMPONENT_RECOMPOSITION,WHOLE_RECORD_TRANSLATION_STRESS,-0.0006812502540325149,-0.004286131703399164,0.0,0.0,0.0,-0.9857070553360698,0.0,0.0,19.999999999999996,True
FMNoiseSaopin,20.0,6100,3500,TARGET_INDEPENDENT_COMPONENT_FIXED,PHYSICAL_COMPONENT_RECOMPOSITION,WHOLE_RECORD_TRANSLATION_STRESS,-3.211754699036693e-05,-0.00816661502400364,0.0,0.0,0.0,-2.1233863965188307,0.0,0.0,19.999999999999996,True
FMNoiseSaopin,20.0,6100,4000,TARGET_INDEPENDENT_COMPONENT_FIXED,PHYSICAL_COMPONENT_RECOMPOSITION,WHOLE_RECORD_TRANSLATION_STRESS,-0.0013621703628908933,-0.010189725000034244,0.0,0.0,0.0,-2.860099606851172,0.0,0.0,19.999999999999996,True
FMNoiseSaopin,20.0,6101,1000,TARGET_INDEPENDENT_COMPONENT_FIXED,PHYSICAL_COMPONENT_RECOMPOSITION,WHOLE_RECORD_TRANSLATION_STRESS,-0.056825714622821606,-0.002037321313963359,0.0,0.0,0.0,-0.4399191492634646,0.0,-9.643274665532871e-16,20.0,True
FMNoiseSaopin,20.0,6101,1500,TARGET_INDEPENDENT_COMPONENT_FIXED,PHYSICAL_COMPONENT_RECOMPOSITION,WHOLE_RECORD_TRANSLATION_STRESS,-0.0003383873944882089,0.0,0.0,0.0,0.0,0.0,0.0,0.0,20.0,True
FMNoiseSaopin,20.0,6101,2500,TARGET_INDEPENDENT_COMPONENT_FIXED,PHYSICAL_COMPONENT_RECOMPOSITION,WHOLE_RECORD_TRANSLATION_STRESS,-0.001118283627479372,-0.003923508663501218,0.0,0.0,0.0,-0.8909869309984333,0.0,0.0,20.0,True
FMNoiseSaopin,20.0,6101,3500,TARGET_INDEPENDENT_COMPONENT_FIXED,PHYSICAL_COMPONENT_RECOMPOSITION,WHOLE_RECORD_TRANSLATION_STRESS,0.00038149875541674844,-0.008443728958844496,0.0,0.0,0.0,-2.2109888108348033,0.0,-1.446491199829931e-15,20.0,True
FMNoiseSaopin,20.0,6101,4000,TARGET_INDEPENDENT_COMPONENT_FIXED,PHYSICAL_COMPONENT_RECOMPOSITION,WHOLE_RECORD_TRANSLATION_STRESS,0.0005201267768661487,-0.010570614677389133,0.0,0.0,0.0,-3.0045316624433562,0.0,-1.446491199829931e-15,20.0,True
FMNoiseSaopin,20.0,6102,1000,TARGET_INDEPENDENT_COMPONENT_FIXED,PHYSICAL_COMPONENT_RECOMPOSITION,WHOLE_RECORD_TRANSLATION_STRESS,-0.0014324554724245413,-0.002226608131141278,0.0,0.0,0.0,-0.4658116399375422,0.0,9.64327466553287e-16,19.999999999999996,True
FMNoiseSaopin,20.0,6102,1500,TARGET_INDEPENDENT_COMPONENT_FIXED,PHYSICAL_COMPONENT_RECOMPOSITION,WHOLE_RECORD_TRANSLATION_STRESS,0.0003413556070106621,0.0,0.0,0.0,0.0,0.0,0.0,0.0,19.999999999999996,True
FMNoiseSaopin,20.0,6102,2500,TARGET_INDEPENDENT_COMPONENT_FIXED,PHYSICAL_COMPONENT_RECOMPOSITION,WHOLE_RECORD_TRANSLATION_STRESS,0.00013554475143577285,-0.0044002824625297785,0.0,0.0,0.0,-0.9742194031717738,0.0,9.64327466553287e-16,19.999999999999996,True
FMNoiseSaopin,20.0,6102,3500,TARGET_INDEPENDENT_COMPONENT_FIXED,PHYSICAL_COMPONENT_RECOMPOSITION,WHOLE_RECORD_TRANSLATION_STRESS,0.0008590669959895251,-0.00883306396497549,0.0,0.0,0.0,-2.2414443732816407,0.0,0.0,19.999999999999996,True
FMNoiseSaopin,20.0,6102,4000,TARGET_INDEPENDENT_COMPONENT_FIXED,PHYSICAL_COMPONENT_RECOMPOSITION,WHOLE_RECORD_TRANSLATION_STRESS,0.0005231908152902269,-0.01093246366510174,0.0,0.0,0.0,-3.0004489672962418,0.0,0.0,19.999999999999996,True
FMNoiseSaopin,20.0,6103,1000,TARGET_INDEPENDENT_COMPONENT_FIXED,PHYSICAL_COMPONENT_RECOMPOSITION,WHOLE_RECORD_TRANSLATION_STRESS,-0.00035079546258714734,-0.0021000456088322095,0.0,0.0,0.0,-0.46253231144810286,0.0,-9.643274665532871e-16,20.0,True
FMNoiseSaopin,20.0,6103,1500,TARGET_INDEPENDENT_COMPONENT_FIXED,PHYSICAL_COMPONENT_RECOMPOSITION,WHOLE_RECORD_TRANSLATION_STRESS,0.000627896878286226,0.0,0.0,0.0,0.0,0.0,0.0,0.0,20.0,True
FMNoiseSaopin,20.0,6103,2500,TARGET_INDEPENDENT_COMPONENT_FIXED,PHYSICAL_COMPONENT_RECOMPOSITION,WHOLE_RECORD_TRANSLATION_STRESS,0.0006786503092384741,-0.004383881059373801,0.0,0.0,0.0,-1.0283473119131155,0.0,-9.643274665532871e-16,20.0,True
FMNoiseSaopin,20.0,6103,3500,TARGET_INDEPENDENT_COMPONENT_FIXED,PHYSICAL_COMPONENT_RECOMPOSITION,WHOLE_RECORD_TRANSLATION_STRESS,-0.0008655941946713576,-0.008494447912859639,0.0,0.0,0.0,-2.2792864280038154,0.0,-9.643274665532871e-16,20.0,True
FMNoiseSaopin,20.0,6103,4000,TARGET_INDEPENDENT_COMPONENT_FIXED,PHYSICAL_COMPONENT_RECOMPOSITION,WHOLE_RECORD_TRANSLATION_STRESS,0.0003787674733198761,-0.010453828224437493,0.0,0.0,0.0,-3.0313557800043744,0.0,0.0,20.0,True
FMNoiseSaopin,20.0,6104,1000,TARGET_INDEPENDENT_COMPONENT_FIXED,PHYSICAL_COMPONENT_RECOMPOSITION,WHOLE_RECORD_TRANSLATION_STRESS,0.019080360285030563,-0.002093325698402596,0.0,0.0,0.0,-0.44263675712052675,0.0,-9.643274665532871e-16,19.999999999999996,True
FMNoiseSaopin,20.0,6104,1500,TARGET_INDEPENDENT_COMPONENT_FIXED,PHYSICAL_COMPONENT_RECOMPOSITION,WHOLE_RECORD_TRANSLATION_STRESS,0.0004270266473472434,0.0,0.0,0.0,0.0,0.0,0.0,0.0,19.999999999999996,True
FMNoiseSaopin,20.0,6104,2500,TARGET_INDEPENDENT_COMPONENT_FIXED,PHYSICAL_COMPONENT_RECOMPOSITION,WHOLE_RECORD_TRANSLATION_STRESS,0.0015699573547083342,-0.004019947190061551,0.0,0.0,0.0,-0.8939697731808554,0.0,-9.643274665532871e-16,19.999999999999996,True
FMNoiseSaopin,20.0,6104,3500,TARGET_INDEPENDENT_COMPONENT_FIXED,PHYSICAL_COMPONENT_RECOMPOSITION,WHOLE_RECORD_TRANSLATION_STRESS,6.0249261694774085e-05,-0.008391086522550708,0.0,0.0,0.0,-2.1334632173931793,0.0,-9.643274665532871e-16,19.999999999999996,True
FMNoiseSaopin,20.0,6104,4000,TARGET_INDEPENDENT_COMPONENT_FIXED,PHYSICAL_COMPONENT_RECOMPOSITION,WHOLE_RECORD_TRANSLATION_STRESS,0.0007763512601612219,-0.010522646219067015,0.0,0.0,0.0,-2.8955738666471484,0.0,-9.643274665532871e-16,19.999999999999996,True
FMNoiseSaopin,30.0,6100,1000,TARGET_INDEPENDENT_COMPONENT_FIXED,PHYSICAL_COMPONENT_RECOMPOSITION,WHOLE_RECORD_TRANSLATION_STRESS,2.154540231084826e-06,-0.00021550634985407656,0.0,0.0,0.0,-0.4613301700171346,0.0,9.64327466553287e-16,30.0,True
FMNoiseSaopin,30.0,6100,1500,TARGET_INDEPENDENT_COMPONENT_FIXED,PHYSICAL_COMPONENT_RECOMPOSITION,WHOLE_RECORD_TRANSLATION_STRESS,-5.372987132763197e-05,0.0,0.0,0.0,0.0,0.0,0.0,0.0,30.0,True
FMNoiseSaopin,30.0,6100,2500,TARGET_INDEPENDENT_COMPONENT_FIXED,PHYSICAL_COMPONENT_RECOMPOSITION,WHOLE_RECORD_TRANSLATION_STRESS,-6.663089718954205e-05,-0.00043422595945665984,0.0,0.0,0.0,-0.9857070553360698,0.0,0.0,30.0,True
FMNoiseSaopin,30.0,6100,3500,TARGET_INDEPENDENT_COMPONENT_FIXED,PHYSICAL_COMPONENT_RECOMPOSITION,WHOLE_RECORD_TRANSLATION_STRESS,-8.432965901774073e-07,-0.0008270238166810625,0.0,0.0,0.0,-2.1233863965188307,0.0,0.0,30.0,True
FMNoiseSaopin,30.0,6100,4000,TARGET_INDEPENDENT_COMPONENT_FIXED,PHYSICAL_COMPONENT_RECOMPOSITION,WHOLE_RECORD_TRANSLATION_STRESS,-0.00013563055736712928,-0.0010316859343158325,0.0,0.0,0.0,-2.860099606851172,0.0,9.64327466553287e-16,30.0,True
FMNoiseSaopin,30.0,6101,1000,TARGET_INDEPENDENT_COMPONENT_FIXED,PHYSICAL_COMPONENT_RECOMPOSITION,WHOLE_RECORD_TRANSLATION_STRESS,-0.018051201506389777,-0.00020633950580108926,0.0,0.0,0.0,-0.4399191492634646,0.0,0.0,30.0,True
FMNoiseSaopin,30.0,6101,1500,TARGET_INDEPENDENT_COMPONENT_FIXED,PHYSICAL_COMPONENT_RECOMPOSITION,WHOLE_RECORD_TRANSLATION_STRESS,-5.129210485039931e-05,0.0,0.0,0.0,0.0,0.0,0.0,0.0,30.0,True
FMNoiseSaopin,30.0,6101,2500,TARGET_INDEPENDENT_COMPONENT_FIXED,PHYSICAL_COMPONENT_RECOMPOSITION,WHOLE_RECORD_TRANSLATION_STRESS,-0.00010409869310949577,-0.00039729465500628046,0.0,0.0,0.0,-0.8909869309984333,0.0,0.0,30.0,True
FMNoiseSaopin,30.0,6101,3500,TARGET_INDEPENDENT_COMPONENT_FIXED,PHYSICAL_COMPONENT_RECOMPOSITION,WHOLE_RECORD_TRANSLATION_STRESS,4.781909454686345e-05,-0.0008546126136904849,0.0,0.0,0.0,-2.2109888108348033,0.0,0.0,30.0,True
FMNoiseSaopin,30.0,6101,4000,TARGET_INDEPENDENT_COMPONENT_FIXED,PHYSICAL_COMPONENT_RECOMPOSITION,WHOLE_RECORD_TRANSLATION_STRESS,6.186355386743995e-05,-0.001069645090650337,0.0,0.0,0.0,-3.0045316624433562,0.0,9.64327466553287e-16,30.0,True
FMNoiseSaopin,30.0,6102,1000,TARGET_INDEPENDENT_COMPONENT_FIXED,PHYSICAL_COMPONENT_RECOMPOSITION,WHOLE_RECORD_TRANSLATION_STRESS,-0.0005467658441784251,-0.0002256906751775732,0.0,0.0,0.0,-0.4658116399375422,0.0,9.64327466553287e-16,30.0,True
FMNoiseSaopin,30.0,6102,1500,TARGET_INDEPENDENT_COMPONENT_FIXED,PHYSICAL_COMPONENT_RECOMPOSITION,WHOLE_RECORD_TRANSLATION_STRESS,0.00011309587457745398,0.0,0.0,0.0,0.0,0.0,0.0,0.0,30.0,True
FMNoiseSaopin,30.0,6102,2500,TARGET_INDEPENDENT_COMPONENT_FIXED,PHYSICAL_COMPONENT_RECOMPOSITION,WHOLE_RECORD_TRANSLATION_STRESS,4.3532703168595e-05,-0.00044591565730245505,0.0,0.0,0.0,-0.9742194031717738,0.0,0.0,30.0,True
FMNoiseSaopin,30.0,6102,3500,TARGET_INDEPENDENT_COMPONENT_FIXED,PHYSICAL_COMPONENT_RECOMPOSITION,WHOLE_RECORD_TRANSLATION_STRESS,0.00011689340271565009,-0.0008947143404714446,0.0,0.0,0.0,-2.2414443732816407,0.0,9.64327466553287e-16,30.0,True
FMNoiseSaopin,30.0,6102,4000,TARGET_INDEPENDENT_COMPONENT_FIXED,PHYSICAL_COMPONENT_RECOMPOSITION,WHOLE_RECORD_TRANSLATION_STRESS,8.283626081374821e-05,-0.0011071252491719856,0.0,0.0,0.0,-3.0004489672962418,0.0,9.64327466553287e-16,30.0,True
FMNoiseSaopin,30.0,6103,1000,TARGET_INDEPENDENT_COMPONENT_FIXED,PHYSICAL_COMPONENT_RECOMPOSITION,WHOLE_RECORD_TRANSLATION_STRESS,-0.0003891940467942016,-0.00021268584006672484,0.0,0.0,0.0,-0.46253231144810286,0.0,0.0,30.0,True
FMNoiseSaopin,30.0,6103,1500,TARGET_INDEPENDENT_COMPONENT_FIXED,PHYSICAL_COMPONENT_RECOMPOSITION,WHOLE_RECORD_TRANSLATION_STRESS,1.1300587222631483e-05,0.0,0.0,0.0,0.0,0.0,0.0,0.0,30.0,True
FMNoiseSaopin,30.0,6103,2500,TARGET_INDEPENDENT_COMPONENT_FIXED,PHYSICAL_COMPONENT_RECOMPOSITION,WHOLE_RECORD_TRANSLATION_STRESS,-0.00011134037785761044,-0.0004438804266015128,0.0,0.0,0.0,-1.0283473119131155,0.0,0.0,30.0,True
FMNoiseSaopin,30.0,6103,3500,TARGET_INDEPENDENT_COMPONENT_FIXED,PHYSICAL_COMPONENT_RECOMPOSITION,WHOLE_RECORD_TRANSLATION_STRESS,-0.0002677739235331551,-0.0008597213336546083,0.0,0.0,0.0,-2.2792864280038154,0.0,0.0,30.0,True
FMNoiseSaopin,30.0,6103,4000,TARGET_INDEPENDENT_COMPONENT_FIXED,PHYSICAL_COMPONENT_RECOMPOSITION,WHOLE_RECORD_TRANSLATION_STRESS,-0.00014172272679391685,-0.0010578153787398586,0.0,0.0,0.0,-3.0313557800043744,0.0,0.0,30.0,True
FMNoiseSaopin,30.0,6104,1000,TARGET_INDEPENDENT_COMPONENT_FIXED,PHYSICAL_COMPONENT_RECOMPOSITION,WHOLE_RECORD_TRANSLATION_STRESS,0.006172210415771136,-0.00021191759493233975,0.0,0.0,0.0,-0.44263675712052675,0.0,9.64327466553287e-16,30.0,True
FMNoiseSaopin,30.0,6104,1500,TARGET_INDEPENDENT_COMPONENT_FIXED,PHYSICAL_COMPONENT_RECOMPOSITION,WHOLE_RECORD_TRANSLATION_STRESS,3.0394178186519753e-05,0.0,0.0,0.0,0.0,0.0,0.0,0.0,30.0,True
FMNoiseSaopin,30.0,6104,2500,TARGET_INDEPENDENT_COMPONENT_FIXED,PHYSICAL_COMPONENT_RECOMPOSITION,WHOLE_RECORD_TRANSLATION_STRESS,0.0001528407115893886,-0.0004068777932351341,0.0,0.0,0.0,-0.8939697731808554,0.0,9.64327466553287e-16,30.0,True
FMNoiseSaopin,30.0,6104,3500,TARGET_INDEPENDENT_COMPONENT_FIXED,PHYSICAL_COMPONENT_RECOMPOSITION,WHOLE_RECORD_TRANSLATION_STRESS,-5.35317480997172e-08,-0.0008489174001042195,0.0,0.0,0.0,-2.1334632173931793,0.0,0.0,30.0,True
FMNoiseSaopin,30.0,6104,4000,TARGET_INDEPENDENT_COMPONENT_FIXED,PHYSICAL_COMPONENT_RECOMPOSITION,WHOLE_RECORD_TRANSLATION_STRESS,7.246305820176497e-05,-0.0010643303250579303,0.0,0.0,0.0,-2.8955738666471484,0.0,0.0,30.0,True
SMSP,0.0,6100,1000,TARGET_INDEPENDENT_COMPONENT_FIXED,PHYSICAL_COMPONENT_RECOMPOSITION,WHOLE_RECORD_TRANSLATION_STRESS,-0.06904726927052988,-0.09152834668384179,0.0,0.0,0.0,-0.45422082364989896,0.0,-4.821637332766436e-16,0.0,True
SMSP,0.0,6100,1500,TARGET_INDEPENDENT_COMPONENT_FIXED,PHYSICAL_COMPONENT_RECOMPOSITION,WHOLE_RECORD_TRANSLATION_STRESS,0.11516730911148979,0.0,0.0,0.0,0.0,0.0,0.0,0.0,0.0,True
SMSP,0.0,6100,2500,TARGET_INDEPENDENT_COMPONENT_FIXED,PHYSICAL_COMPONENT_RECOMPOSITION,WHOLE_RECORD_TRANSLATION_STRESS,0.16833647760774925,-0.18894134098329785,0.0,0.0,0.0,-0.983891181367633,0.0,-4.821637332766436e-16,0.0,True
SMSP,0.0,6100,3500,TARGET_INDEPENDENT_COMPONENT_FIXED,PHYSICAL_COMPONENT_RECOMPOSITION,WHOLE_RECORD_TRANSLATION_STRESS,0.2235062754244836,-0.3949732937756121,0.0,0.0,0.0,-2.320676014000081,0.0,0.0,0.0,True
SMSP,0.0,6100,4000,TARGET_INDEPENDENT_COMPONENT_FIXED,PHYSICAL_COMPONENT_RECOMPOSITION,WHOLE_RECORD_TRANSLATION_STRESS,0.2060150909584298,-0.4918819358252693,0.0,0.0,0.0,-3.0971138755431937,0.0,-4.821637332766436e-16,0.0,True
SMSP,0.0,6101,1000,TARGET_INDEPENDENT_COMPONENT_FIXED,PHYSICAL_COMPONENT_RECOMPOSITION,WHOLE_RECORD_TRANSLATION_STRESS,-0.061109531179999774,-0.09720587074763794,0.0,0.0,0.0,-0.48393895859937114,0.0,-4.821637332766436e-16,0.0,True
SMSP,0.0,6101,1500,TARGET_INDEPENDENT_COMPONENT_FIXED,PHYSICAL_COMPONENT_RECOMPOSITION,WHOLE_RECORD_TRANSLATION_STRESS,0.10478676316754057,0.0,0.0,0.0,0.0,0.0,0.0,0.0,0.0,True
SMSP,0.0,6101,2500,TARGET_INDEPENDENT_COMPONENT_FIXED,PHYSICAL_COMPONENT_RECOMPOSITION,WHOLE_RECORD_TRANSLATION_STRESS,0.17737395014927812,-0.2026086750861467,0.0,0.0,0.0,-1.0632141073433625,0.0,-4.821637332766436e-16,0.0,True
SMSP,0.0,6101,3500,TARGET_INDEPENDENT_COMPONENT_FIXED,PHYSICAL_COMPONENT_RECOMPOSITION,WHOLE_RECORD_TRANSLATION_STRESS,0.19913050102572633,-0.38730170431830585,0.0,0.0,0.0,-2.2655215922027,0.0,0.0,0.0,True
SMSP,0.0,6101,4000,TARGET_INDEPENDENT_COMPONENT_FIXED,PHYSICAL_COMPONENT_RECOMPOSITION,WHOLE_RECORD_TRANSLATION_STRESS,0.16954539251259676,-0.4884401870185511,0.0,0.0,0.0,-3.069505934664586,0.0,-4.821637332766436e-16,0.0,True
SMSP,0.0,6102,1000,TARGET_INDEPENDENT_COMPONENT_FIXED,PHYSICAL_COMPONENT_RECOMPOSITION,WHOLE_RECORD_TRANSLATION_STRESS,-0.008379160826777463,-0.08961037672302882,0.0,0.0,0.0,-0.44356303299000455,0.0,-4.821637332766436e-16,0.0,True
SMSP,0.0,6102,1500,TARGET_INDEPENDENT_COMPONENT_FIXED,PHYSICAL_COMPONENT_RECOMPOSITION,WHOLE_RECORD_TRANSLATION_STRESS,0.12033422731502015,0.0,0.0,0.0,0.0,0.0,0.0,0.0,0.0,True
SMSP,0.0,6102,2500,TARGET_INDEPENDENT_COMPONENT_FIXED,PHYSICAL_COMPONENT_RECOMPOSITION,WHOLE_RECORD_TRANSLATION_STRESS,0.19947071050978563,-0.1942310661023816,0.0,0.0,0.0,-1.012422949833832,0.0,-4.821637332766436e-16,0.0,True
SMSP,0.0,6102,3500,TARGET_INDEPENDENT_COMPONENT_FIXED,PHYSICAL_COMPONENT_RECOMPOSITION,WHOLE_RECORD_TRANSLATION_STRESS,0.15191897914533134,-0.3892202522771734,0.0,0.0,0.0,-2.273448514466276,0.0,0.0,0.0,True
SMSP,0.0,6102,4000,TARGET_INDEPENDENT_COMPONENT_FIXED,PHYSICAL_COMPONENT_RECOMPOSITION,WHOLE_RECORD_TRANSLATION_STRESS,0.1423892361846936,-0.4983446475081611,0.0,0.0,0.0,-3.1461928250769504,0.0,-4.821637332766436e-16,0.0,True
SMSP,0.0,6103,1000,TARGET_INDEPENDENT_COMPONENT_FIXED,PHYSICAL_COMPONENT_RECOMPOSITION,WHOLE_RECORD_TRANSLATION_STRESS,0.006132448931740315,-0.09199326855723436,0.0,0.0,0.0,-0.4628029064651349,0.0,-4.821637332766436e-16,0.0,True
SMSP,0.0,6103,1500,TARGET_INDEPENDENT_COMPONENT_FIXED,PHYSICAL_COMPONENT_RECOMPOSITION,WHOLE_RECORD_TRANSLATION_STRESS,0.12105912657334333,0.0,0.0,0.0,0.0,0.0,0.0,0.0,0.0,True
SMSP,0.0,6103,2500,TARGET_INDEPENDENT_COMPONENT_FIXED,PHYSICAL_COMPONENT_RECOMPOSITION,WHOLE_RECORD_TRANSLATION_STRESS,0.21761549645484957,-0.1768690719876369,0.0,0.0,0.0,-0.92838474098092,0.0,-4.821637332766436e-16,0.0,True
SMSP,0.0,6103,3500,TARGET_INDEPENDENT_COMPONENT_FIXED,PHYSICAL_COMPONENT_RECOMPOSITION,WHOLE_RECORD_TRANSLATION_STRESS,0.20548599814509388,-0.3609420315044445,0.0,0.0,0.0,-2.108541638159281,0.0,0.0,0.0,True
SMSP,0.0,6103,4000,TARGET_INDEPENDENT_COMPONENT_FIXED,PHYSICAL_COMPONENT_RECOMPOSITION,WHOLE_RECORD_TRANSLATION_STRESS,0.16517665115076502,-0.46148696750522844,0.0,0.0,0.0,-2.891936305189113,0.0,-4.821637332766436e-16,0.0,True
SMSP,0.0,6104,1000,TARGET_INDEPENDENT_COMPONENT_FIXED,PHYSICAL_COMPONENT_RECOMPOSITION,WHOLE_RECORD_TRANSLATION_STRESS,0.01677986946061613,-0.08540818732732303,0.0,0.0,0.0,-0.4159068029606188,0.0,-4.821637332766436e-16,0.0,True
SMSP,0.0,6104,1500,TARGET_INDEPENDENT_COMPONENT_FIXED,PHYSICAL_COMPONENT_RECOMPOSITION,WHOLE_RECORD_TRANSLATION_STRESS,0.12394205395801056,0.0,0.0,0.0,0.0,0.0,0.0,0.0,0.0,True
SMSP,0.0,6104,2500,TARGET_INDEPENDENT_COMPONENT_FIXED,PHYSICAL_COMPONENT_RECOMPOSITION,WHOLE_RECORD_TRANSLATION_STRESS,0.19795213159498526,-0.18696302565260736,0.0,0.0,0.0,-0.9560917741708883,0.0,-4.821637332766436e-16,0.0,True
SMSP,0.0,6104,3500,TARGET_INDEPENDENT_COMPONENT_FIXED,PHYSICAL_COMPONENT_RECOMPOSITION,WHOLE_RECORD_TRANSLATION_STRESS,0.1530519261841602,-0.3778780136169344,0.0,0.0,0.0,-2.152313676934771,0.0,0.0,0.0,True
SMSP,0.0,6104,4000,TARGET_INDEPENDENT_COMPONENT_FIXED,PHYSICAL_COMPONENT_RECOMPOSITION,WHOLE_RECORD_TRANSLATION_STRESS,0.24183806708892308,-0.4739508657121543,0.0,0.0,0.0,-2.8805697053958674,0.0,-4.821637332766436e-16,0.0,True
SMSP,10.0,6100,1000,TARGET_INDEPENDENT_COMPONENT_FIXED,PHYSICAL_COMPONENT_RECOMPOSITION,WHOLE_RECORD_TRANSLATION_STRESS,-0.025883207305692955,-0.019549056951626214,0.0,0.0,0.0,-0.45422082364989896,0.0,-9.643274665532871e-16,10.0,True
SMSP,10.0,6100,1500,TARGET_INDEPENDENT_COMPONENT_FIXED,PHYSICAL_COMPONENT_RECOMPOSITION,WHOLE_RECORD_TRANSLATION_STRESS,0.08268462441649974,0.0,0.0,0.0,0.0,0.0,0.0,0.0,10.0,True
SMSP,10.0,6100,2500,TARGET_INDEPENDENT_COMPONENT_FIXED,PHYSICAL_COMPONENT_RECOMPOSITION,WHOLE_RECORD_TRANSLATION_STRESS,0.12153400772855127,-0.04000130812463394,0.0,0.0,0.0,-0.983891181367633,0.0,0.0,10.0,True
SMSP,10.0,6100,3500,TARGET_INDEPENDENT_COMPONENT_FIXED,PHYSICAL_COMPONENT_RECOMPOSITION,WHOLE_RECORD_TRANSLATION_STRESS,0.13360383087175481,-0.08207816936688304,0.0,0.0,0.0,-2.320676014000081,0.0,-9.643274665532871e-16,10.0,True
SMSP,10.0,6100,4000,TARGET_INDEPENDENT_COMPONENT_FIXED,PHYSICAL_COMPONENT_RECOMPOSITION,WHOLE_RECORD_TRANSLATION_STRESS,0.1297642072592775,-0.10132503655346115,0.0,0.0,0.0,-3.0971138755431937,0.0,0.0,10.0,True
SMSP,10.0,6101,1000,TARGET_INDEPENDENT_COMPONENT_FIXED,PHYSICAL_COMPONENT_RECOMPOSITION,WHOLE_RECORD_TRANSLATION_STRESS,-0.024271624261956917,-0.020796547735851205,0.0,0.0,0.0,-0.48393895859937114,0.0,-9.643274665532871e-16,10.0,True
SMSP,10.0,6101,1500,TARGET_INDEPENDENT_COMPONENT_FIXED,PHYSICAL_COMPONENT_RECOMPOSITION,WHOLE_RECORD_TRANSLATION_STRESS,0.08075877257134612,0.0,0.0,0.0,0.0,0.0,0.0,0.0,10.0,True
SMSP,10.0,6101,2500,TARGET_INDEPENDENT_COMPONENT_FIXED,PHYSICAL_COMPONENT_RECOMPOSITION,WHOLE_RECORD_TRANSLATION_STRESS,0.12398903830582357,-0.042936099678744795,0.0,0.0,0.0,-1.0632141073433625,0.0,0.0,10.0,True
SMSP,10.0,6101,3500,TARGET_INDEPENDENT_COMPONENT_FIXED,PHYSICAL_COMPONENT_RECOMPOSITION,WHOLE_RECORD_TRANSLATION_STRESS,0.12875213294850574,-0.08071763455141773,0.0,0.0,0.0,-2.2655215922027,0.0,-9.643274665532871e-16,10.0,True
SMSP,10.0,6101,4000,TARGET_INDEPENDENT_COMPONENT_FIXED,PHYSICAL_COMPONENT_RECOMPOSITION,WHOLE_RECORD_TRANSLATION_STRESS,0.12227971227275936,-0.10087012479297011,0.0,0.0,0.0,-3.069505934664586,0.0,0.0,10.0,True
SMSP,10.0,6102,1000,TARGET_INDEPENDENT_COMPONENT_FIXED,PHYSICAL_COMPONENT_RECOMPOSITION,WHOLE_RECORD_TRANSLATION_STRESS,-0.012979397729550365,-0.01905122223022508,0.0,0.0,0.0,-0.44356303299000455,0.0,-9.643274665532871e-16,10.0,True
SMSP,10.0,6102,1500,TARGET_INDEPENDENT_COMPONENT_FIXED,PHYSICAL_COMPONENT_RECOMPOSITION,WHOLE_RECORD_TRANSLATION_STRESS,0.08426272601607164,0.0,0.0,0.0,0.0,0.0,0.0,0.0,10.0,True
SMSP,10.0,6102,2500,TARGET_INDEPENDENT_COMPONENT_FIXED,PHYSICAL_COMPONENT_RECOMPOSITION,WHOLE_RECORD_TRANSLATION_STRESS,0.12897532390328115,-0.040904595354488094,0.0,0.0,0.0,-1.012422949833832,0.0,0.0,10.0,True
SMSP,10.0,6102,3500,TARGET_INDEPENDENT_COMPONENT_FIXED,PHYSICAL_COMPONENT_RECOMPOSITION,WHOLE_RECORD_TRANSLATION_STRESS,0.11866098939116221,-0.08053514169786695,0.0,0.0,0.0,-2.273448514466276,0.0,-9.643274665532871e-16,10.0,True
SMSP,10.0,6102,4000,TARGET_INDEPENDENT_COMPONENT_FIXED,PHYSICAL_COMPONENT_RECOMPOSITION,WHOLE_RECORD_TRANSLATION_STRESS,0.11660453753720205,-0.10210123819857603,0.0,0.0,0.0,-3.1461928250769504,0.0,0.0,10.0,True
SMSP,10.0,6103,1000,TARGET_INDEPENDENT_COMPONENT_FIXED,PHYSICAL_COMPONENT_RECOMPOSITION,WHOLE_RECORD_TRANSLATION_STRESS,-0.009777259839145808,-0.019501601702758296,0.0,0.0,0.0,-0.4628029064651349,0.0,0.0,10.0,True
SMSP,10.0,6103,1500,TARGET_INDEPENDENT_COMPONENT_FIXED,PHYSICAL_COMPONENT_RECOMPOSITION,WHOLE_RECORD_TRANSLATION_STRESS,0.08389658283750534,0.0,0.0,0.0,0.0,0.0,0.0,0.0,10.0,True
SMSP,10.0,6103,2500,TARGET_INDEPENDENT_COMPONENT_FIXED,PHYSICAL_COMPONENT_RECOMPOSITION,WHOLE_RECORD_TRANSLATION_STRESS,0.13214681369258682,-0.03720733427087966,0.0,0.0,0.0,-0.92838474098092,0.0,9.64327466553287e-16,10.0,True
SMSP,10.0,6103,3500,TARGET_INDEPENDENT_COMPONENT_FIXED,PHYSICAL_COMPONENT_RECOMPOSITION,WHOLE_RECORD_TRANSLATION_STRESS,0.1295053387131655,-0.0746749255862301,0.0,0.0,0.0,-2.108541638159281,0.0,0.0,10.0,True
SMSP,10.0,6103,4000,TARGET_INDEPENDENT_COMPONENT_FIXED,PHYSICAL_COMPONENT_RECOMPOSITION,WHOLE_RECORD_TRANSLATION_STRESS,0.12076843089051943,-0.09461117398015702,0.0,0.0,0.0,-2.891936305189113,0.0,0.0,10.0,True
SMSP,10.0,6104,1000,TARGET_INDEPENDENT_COMPONENT_FIXED,PHYSICAL_COMPONENT_RECOMPOSITION,WHOLE_RECORD_TRANSLATION_STRESS,-0.007536032579283611,-0.018127466119696487,0.0,0.0,0.0,-0.4159068029606188,0.0,0.0,10.0,True
SMSP,10.0,6104,1500,TARGET_INDEPENDENT_COMPONENT_FIXED,PHYSICAL_COMPONENT_RECOMPOSITION,WHOLE_RECORD_TRANSLATION_STRESS,0.08477992539132528,0.0,0.0,0.0,0.0,0.0,0.0,0.0,10.0,True
SMSP,10.0,6104,2500,TARGET_INDEPENDENT_COMPONENT_FIXED,PHYSICAL_COMPONENT_RECOMPOSITION,WHOLE_RECORD_TRANSLATION_STRESS,0.12825274392525016,-0.039318824060527106,0.0,0.0,0.0,-0.9560917741708883,0.0,0.0,10.0,True
SMSP,10.0,6104,3500,TARGET_INDEPENDENT_COMPONENT_FIXED,PHYSICAL_COMPONENT_RECOMPOSITION,WHOLE_RECORD_TRANSLATION_STRESS,0.11853297279559097,-0.0781068548645646,0.0,0.0,0.0,-2.152313676934771,0.0,0.0,10.0,True
SMSP,10.0,6104,4000,TARGET_INDEPENDENT_COMPONENT_FIXED,PHYSICAL_COMPONENT_RECOMPOSITION,WHOLE_RECORD_TRANSLATION_STRESS,0.13782925864107493,-0.09711649371459566,0.0,0.0,0.0,-2.8805697053958674,0.0,0.0,10.0,True
SMSP,20.0,6100,1000,TARGET_INDEPENDENT_COMPONENT_FIXED,PHYSICAL_COMPONENT_RECOMPOSITION,WHOLE_RECORD_TRANSLATION_STRESS,-0.00677844251939422,-0.002174793512814761,0.0,0.0,0.0,-0.45422082364989896,0.0,-9.643274665532871e-16,20.0,True
SMSP,20.0,6100,1500,TARGET_INDEPENDENT_COMPONENT_FIXED,PHYSICAL_COMPONENT_RECOMPOSITION,WHOLE_RECORD_TRANSLATION_STRESS,0.029768834662858824,0.0,0.0,0.0,0.0,0.0,0.0,0.0,20.0,True
SMSP,20.0,6100,2500,TARGET_INDEPENDENT_COMPONENT_FIXED,PHYSICAL_COMPONENT_RECOMPOSITION,WHOLE_RECORD_TRANSLATION_STRESS,0.04393181288876857,-0.004440769702188708,0.0,0.0,0.0,-0.983891181367633,0.0,-9.643274665532871e-16,20.0,True
SMSP,20.0,6100,3500,TARGET_INDEPENDENT_COMPONENT_FIXED,PHYSICAL_COMPONENT_RECOMPOSITION,WHOLE_RECORD_TRANSLATION_STRESS,0.045303189550726715,-0.00907286290909936,0.0,0.0,0.0,-2.320676014000081,0.0,0.0,20.0,True
SMSP,20.0,6100,4000,TARGET_INDEPENDENT_COMPONENT_FIXED,PHYSICAL_COMPONENT_RECOMPOSITION,WHOLE_RECORD_TRANSLATION_STRESS,0.04486656399633505,-0.01117840230471936,0.0,0.0,0.0,-3.0971138755431937,0.0,-9.643274665532871e-16,20.0,True
SMSP,20.0,6101,1000,TARGET_INDEPENDENT_COMPONENT_FIXED,PHYSICAL_COMPONENT_RECOMPOSITION,WHOLE_RECORD_TRANSLATION_STRESS,-0.006599983974263394,-0.002306874444255734,0.0,0.0,0.0,-0.48393895859937114,0.0,-9.643274665532871e-16,20.0,True
SMSP,20.0,6101,1500,TARGET_INDEPENDENT_COMPONENT_FIXED,PHYSICAL_COMPONENT_RECOMPOSITION,WHOLE_RECORD_TRANSLATION_STRESS,0.0295679717577762,0.0,0.0,0.0,0.0,0.0,0.0,0.0,20.0,True
SMSP,20.0,6101,2500,TARGET_INDEPENDENT_COMPONENT_FIXED,PHYSICAL_COMPONENT_RECOMPOSITION,WHOLE_RECORD_TRANSLATION_STRESS,0.044233062172893356,-0.0047519505710278106,0.0,0.0,0.0,-1.0632141073433625,0.0,-9.643274665532871e-16,20.0,True
SMSP,20.0,6101,3500,TARGET_INDEPENDENT_COMPONENT_FIXED,PHYSICAL_COMPONENT_RECOMPOSITION,WHOLE_RECORD_TRANSLATION_STRESS,0.04477261353312619,-0.008898984558060485,0.0,0.0,0.0,-2.2655215922027,0.0,0.0,20.0,True
SMSP,20.0,6101,4000,TARGET_INDEPENDENT_COMPONENT_FIXED,PHYSICAL_COMPONENT_RECOMPOSITION,WHOLE_RECORD_TRANSLATION_STRESS,0.04403956193622301,-0.011097888939800859,0.0,0.0,0.0,-3.069505934664586,0.0,-9.643274665532871e-16,20.0,True
SMSP,20.0,6102,1000,TARGET_INDEPENDENT_COMPONENT_FIXED,PHYSICAL_COMPONENT_RECOMPOSITION,WHOLE_RECORD_TRANSLATION_STRESS,-0.005348868766603187,-0.002105705358558012,0.0,0.0,0.0,-0.44356303299000455,0.0,-9.643274665532871e-16,20.0,True
SMSP,20.0,6102,1500,TARGET_INDEPENDENT_COMPONENT_FIXED,PHYSICAL_COMPONENT_RECOMPOSITION,WHOLE_RECORD_TRANSLATION_STRESS,0.029957942795484912,0.0,0.0,0.0,0.0,0.0,0.0,0.0,20.0,True
SMSP,20.0,6102,2500,TARGET_INDEPENDENT_COMPONENT_FIXED,PHYSICAL_COMPONENT_RECOMPOSITION,WHOLE_RECORD_TRANSLATION_STRESS,0.0447894809500087,-0.004511029834772118,0.0,0.0,0.0,-1.012422949833832,0.0,-9.643274665532871e-16,20.0,True
SMSP,20.0,6102,3500,TARGET_INDEPENDENT_COMPONENT_FIXED,PHYSICAL_COMPONENT_RECOMPOSITION,WHOLE_RECORD_TRANSLATION_STRESS,0.04362609439337618,-0.0088456304234764,0.0,0.0,0.0,-2.273448514466276,0.0,0.0,20.0,True
SMSP,20.0,6102,4000,TARGET_INDEPENDENT_COMPONENT_FIXED,PHYSICAL_COMPONENT_RECOMPOSITION,WHOLE_RECORD_TRANSLATION_STRESS,0.04339443362564203,-0.011189662886145963,0.0,0.0,0.0,-3.1461928250769504,0.0,-9.643274665532871e-16,20.0,True
SMSP,20.0,6103,1000,TARGET_INDEPENDENT_COMPONENT_FIXED,PHYSICAL_COMPONENT_RECOMPOSITION,WHOLE_RECORD_TRANSLATION_STRESS,-0.004987077905328098,-0.002165409287933252,0.0,0.0,0.0,-0.4628029064651349,0.0,-9.643274665532871e-16,20.0,True
SMSP,20.0,6103,1500,TARGET_INDEPENDENT_COMPONENT_FIXED,PHYSICAL_COMPONENT_RECOMPOSITION,WHOLE_RECORD_TRANSLATION_STRESS,0.02989364204781578,0.0,0.0,0.0,0.0,0.0,0.0,0.0,20.0,True
SMSP,20.0,6103,2500,TARGET_INDEPENDENT_COMPONENT_FIXED,PHYSICAL_COMPONENT_RECOMPOSITION,WHOLE_RECORD_TRANSLATION_STRESS,0.04511797155361538,-0.004123935462447839,0.0,0.0,0.0,-0.92838474098092,0.0,-9.643274665532871e-16,20.0,True
SMSP,20.0,6103,3500,TARGET_INDEPENDENT_COMPONENT_FIXED,PHYSICAL_COMPONENT_RECOMPOSITION,WHOLE_RECORD_TRANSLATION_STRESS,0.04481821515078497,-0.00824507770774239,0.0,0.0,0.0,-2.108541638159281,0.0,0.0,20.0,True
SMSP,20.0,6103,4000,TARGET_INDEPENDENT_COMPONENT_FIXED,PHYSICAL_COMPONENT_RECOMPOSITION,WHOLE_RECORD_TRANSLATION_STRESS,0.043827895558205786,-0.010425040976462841,0.0,0.0,0.0,-2.891936305189113,0.0,-9.643274665532871e-16,20.0,True
SMSP,20.0,6104,1000,TARGET_INDEPENDENT_COMPONENT_FIXED,PHYSICAL_COMPONENT_RECOMPOSITION,WHOLE_RECORD_TRANSLATION_STRESS,-0.004742427227630224,-0.0020079378193537064,0.0,0.0,0.0,-0.4159068029606188,0.0,-9.643274665532871e-16,20.0,True
SMSP,20.0,6104,1500,TARGET_INDEPENDENT_COMPONENT_FIXED,PHYSICAL_COMPONENT_RECOMPOSITION,WHOLE_RECORD_TRANSLATION_STRESS,0.030003640811698627,0.0,0.0,0.0,0.0,0.0,0.0,0.0,20.0,True
SMSP,20.0,6104,2500,TARGET_INDEPENDENT_COMPONENT_FIXED,PHYSICAL_COMPONENT_RECOMPOSITION,WHOLE_RECORD_TRANSLATION_STRESS,0.04469056955920378,-0.004345824243030721,0.0,0.0,0.0,-0.9560917741708883,0.0,-9.643274665532871e-16,20.0,True
SMSP,20.0,6104,3500,TARGET_INDEPENDENT_COMPONENT_FIXED,PHYSICAL_COMPONENT_RECOMPOSITION,WHOLE_RECORD_TRANSLATION_STRESS,0.04359206944919578,-0.008598810000245921,0.0,0.0,0.0,-2.152313676934771,0.0,0.0,20.0,True
SMSP,20.0,6104,4000,TARGET_INDEPENDENT_COMPONENT_FIXED,PHYSICAL_COMPONENT_RECOMPOSITION,WHOLE_RECORD_TRANSLATION_STRESS,0.04577501376037614,-0.010670836694566671,0.0,0.0,0.0,-2.8805697053958674,0.0,-9.643274665532871e-16,20.0,True
SMSP,30.0,6100,1000,TARGET_INDEPENDENT_COMPONENT_FIXED,PHYSICAL_COMPONENT_RECOMPOSITION,WHOLE_RECORD_TRANSLATION_STRESS,-0.0019235445731915744,-0.00021898080655889375,0.0,0.0,0.0,-0.45422082364989896,0.0,9.64327466553287e-16,30.0,True
SMSP,30.0,6100,1500,TARGET_INDEPENDENT_COMPONENT_FIXED,PHYSICAL_COMPONENT_RECOMPOSITION,WHOLE_RECORD_TRANSLATION_STRESS,0.009547784538640944,0.0,0.0,0.0,0.0,0.0,0.0,0.0,30.0,True
SMSP,30.0,6100,2500,TARGET_INDEPENDENT_COMPONENT_FIXED,PHYSICAL_COMPONENT_RECOMPOSITION,WHOLE_RECORD_TRANSLATION_STRESS,0.01411096512289118,-0.00044703794883969194,0.0,0.0,0.0,-0.983891181367633,0.0,9.64327466553287e-16,30.0,True
SMSP,30.0,6100,3500,TARGET_INDEPENDENT_COMPONENT_FIXED,PHYSICAL_COMPONENT_RECOMPOSITION,WHOLE_RECORD_TRANSLATION_STRESS,0.014250052034475214,-0.0009128979608332224,0.0,0.0,0.0,-2.320676014000081,0.0,9.64327466553287e-16,30.0,True
SMSP,30.0,6100,4000,TARGET_INDEPENDENT_COMPONENT_FIXED,PHYSICAL_COMPONENT_RECOMPOSITION,WHOLE_RECORD_TRANSLATION_STRESS,0.014205764586474351,-0.001124509083513892,0.0,0.0,0.0,-3.0971138755431937,0.0,9.64327466553287e-16,30.0,True
SMSP,30.0,6101,1000,TARGET_INDEPENDENT_COMPONENT_FIXED,PHYSICAL_COMPONENT_RECOMPOSITION,WHOLE_RECORD_TRANSLATION_STRESS,-0.0019055393870487608,-0.00023196447833926563,0.0,0.0,0.0,-0.48393895859937114,0.0,9.64327466553287e-16,30.0,True
SMSP,30.0,6101,1500,TARGET_INDEPENDENT_COMPONENT_FIXED,PHYSICAL_COMPONENT_RECOMPOSITION,WHOLE_RECORD_TRANSLATION_STRESS,0.009527882896436798,0.0,0.0,0.0,0.0,0.0,0.0,0.0,30.0,True
SMSP,30.0,6101,2500,TARGET_INDEPENDENT_COMPONENT_FIXED,PHYSICAL_COMPONENT_RECOMPOSITION,WHOLE_RECORD_TRANSLATION_STRESS,0.014142059759112542,-0.00047770467439805223,0.0,0.0,0.0,-1.0632141073433625,0.0,9.64327466553287e-16,30.0,True
SMSP,30.0,6101,3500,TARGET_INDEPENDENT_COMPONENT_FIXED,PHYSICAL_COMPONENT_RECOMPOSITION,WHOLE_RECORD_TRANSLATION_STRESS,0.014196706894957525,-0.0008942141896407038,0.0,0.0,0.0,-2.2655215922027,0.0,9.64327466553287e-16,30.0,True
SMSP,30.0,6101,4000,TARGET_INDEPENDENT_COMPONENT_FIXED,PHYSICAL_COMPONENT_RECOMPOSITION,WHOLE_RECORD_TRANSLATION_STRESS,0.01412246304879395,-0.001114917186023421,0.0,0.0,0.0,-3.069505934664586,0.0,9.64327466553287e-16,30.0,True
SMSP,30.0,6102,1000,TARGET_INDEPENDENT_COMPONENT_FIXED,PHYSICAL_COMPONENT_RECOMPOSITION,WHOLE_RECORD_TRANSLATION_STRESS,-0.0017798071872801068,-0.0002115148999314822,0.0,0.0,0.0,-0.44356303299000455,0.0,9.64327466553287e-16,30.0,True
SMSP,30.0,6102,1500,TARGET_INDEPENDENT_COMPONENT_FIXED,PHYSICAL_COMPONENT_RECOMPOSITION,WHOLE_RECORD_TRANSLATION_STRESS,0.009566997466983359,0.0,0.0,0.0,0.0,0.0,0.0,0.0,30.0,True
SMSP,30.0,6102,2500,TARGET_INDEPENDENT_COMPONENT_FIXED,PHYSICAL_COMPONENT_RECOMPOSITION,WHOLE_RECORD_TRANSLATION_STRESS,0.014197925753865203,-0.0004530132316259709,0.0,0.0,0.0,-1.012422949833832,0.0,9.64327466553287e-16,30.0,True
SMSP,30.0,6102,3500,TARGET_INDEPENDENT_COMPONENT_FIXED,PHYSICAL_COMPONENT_RECOMPOSITION,WHOLE_RECORD_TRANSLATION_STRESS,0.014080227781099386,-0.0008879102055725362,0.0,0.0,0.0,-2.273448514466276,0.0,9.64327466553287e-16,30.0,True
SMSP,30.0,6102,4000,TARGET_INDEPENDENT_COMPONENT_FIXED,PHYSICAL_COMPONENT_RECOMPOSITION,WHOLE_RECORD_TRANSLATION_STRESS,0.014056794411857625,-0.0011229278524637638,0.0,0.0,0.0,-3.1461928250769504,0.0,9.64327466553287e-16,30.0,True
SMSP,30.0,6103,1000,TARGET_INDEPENDENT_COMPONENT_FIXED,PHYSICAL_COMPONENT_RECOMPOSITION,WHOLE_RECORD_TRANSLATION_STRESS,-0.0017432290719698118,-0.0002179831466000271,0.0,0.0,0.0,-0.4628029064651349,0.0,9.64327466553287e-16,30.0,True
SMSP,30.0,6103,1500,TARGET_INDEPENDENT_COMPONENT_FIXED,PHYSICAL_COMPONENT_RECOMPOSITION,WHOLE_RECORD_TRANSLATION_STRESS,0.009559955462355527,0.0,0.0,0.0,0.0,0.0,0.0,0.0,30.0,True
SMSP,30.0,6103,2500,TARGET_INDEPENDENT_COMPONENT_FIXED,PHYSICAL_COMPONENT_RECOMPOSITION,WHOLE_RECORD_TRANSLATION_STRESS,0.014230564443229229,-0.000415056023869501,0.0,0.0,0.0,-0.92838474098092,0.0,9.64327466553287e-16,30.0,True
SMSP,30.0,6103,3500,TARGET_INDEPENDENT_COMPONENT_FIXED,PHYSICAL_COMPONENT_RECOMPOSITION,WHOLE_RECORD_TRANSLATION_STRESS,0.014200167911698282,-0.0008294769586352196,0.0,0.0,0.0,-2.108541638159281,0.0,9.64327466553287e-16,30.0,True
SMSP,30.0,6103,4000,TARGET_INDEPENDENT_COMPONENT_FIXED,PHYSICAL_COMPONENT_RECOMPOSITION,WHOLE_RECORD_TRANSLATION_STRESS,0.014099758835744191,-0.0010485504678148588,0.0,0.0,0.0,-2.891936305189113,0.0,9.64327466553287e-16,30.0,True
SMSP,30.0,6104,1000,TARGET_INDEPENDENT_COMPONENT_FIXED,PHYSICAL_COMPONENT_RECOMPOSITION,WHOLE_RECORD_TRANSLATION_STRESS,-0.0017187666773055491,-0.00020190414854610837,0.0,0.0,0.0,-0.4159068029606188,0.0,9.64327466553287e-16,30.0,True
SMSP,30.0,6104,1500,TARGET_INDEPENDENT_COMPONENT_FIXED,PHYSICAL_COMPONENT_RECOMPOSITION,WHOLE_RECORD_TRANSLATION_STRESS,0.009571307974793507,0.0,0.0,0.0,0.0,0.0,0.0,0.0,30.0,True
SMSP,30.0,6104,2500,TARGET_INDEPENDENT_COMPONENT_FIXED,PHYSICAL_COMPONENT_RECOMPOSITION,WHOLE_RECORD_TRANSLATION_STRESS,0.014187511778309687,-0.00043687984524144806,0.0,0.0,0.0,-0.9560917741708883,0.0,9.64327466553287e-16,30.0,True
SMSP,30.0,6104,3500,TARGET_INDEPENDENT_COMPONENT_FIXED,PHYSICAL_COMPONENT_RECOMPOSITION,WHOLE_RECORD_TRANSLATION_STRESS,0.014076265285115042,-0.0008640462020385238,0.0,0.0,0.0,-2.152313676934771,0.0,9.64327466553287e-16,30.0,True
SMSP,30.0,6104,4000,TARGET_INDEPENDENT_COMPONENT_FIXED,PHYSICAL_COMPONENT_RECOMPOSITION,WHOLE_RECORD_TRANSLATION_STRESS,0.014297359619987184,-0.001072022552053609,0.0,0.0,0.0,-2.8805697053958674,0.0,9.64327466553287e-16,30.0,True
FMZuse,0.0,6100,1000,TARGET_INDEPENDENT_COMPONENT_FIXED,PHYSICAL_COMPONENT_RECOMPOSITION,WHOLE_RECORD_TRANSLATION_STRESS,-0.09837091433981587,-0.08273712645776607,0.0,0.0,0.0,-0.433072117110593,0.0,-4.821637332766436e-16,9.64327466553287e-16,True
FMZuse,0.0,6100,1500,TARGET_INDEPENDENT_COMPONENT_FIXED,PHYSICAL_COMPONENT_RECOMPOSITION,WHOLE_RECORD_TRANSLATION_STRESS,0.03237923574152348,0.0,0.0,0.0,0.0,0.0,0.0,0.0,9.64327466553287e-16,True
FMZuse,0.0,6100,2500,TARGET_INDEPENDENT_COMPONENT_FIXED,PHYSICAL_COMPONENT_RECOMPOSITION,WHOLE_RECORD_TRANSLATION_STRESS,0.026801516718610988,-0.17091918254227428,0.0,0.0,0.0,-0.9371388891087696,0.0,-4.821637332766436e-16,9.64327466553287e-16,True
FMZuse,0.0,6100,3500,TARGET_INDEPENDENT_COMPONENT_FIXED,PHYSICAL_COMPONENT_RECOMPOSITION,WHOLE_RECORD_TRANSLATION_STRESS,0.053764506267268794,-0.34602087163592427,0.0,0.0,0.0,-2.112422862552816,0.0,-4.821637332766436e-16,9.64327466553287e-16,True
FMZuse,0.0,6100,4000,TARGET_INDEPENDENT_COMPONENT_FIXED,PHYSICAL_COMPONENT_RECOMPOSITION,WHOLE_RECORD_TRANSLATION_STRESS,0.061068350488870216,-0.43108293415994525,0.0,0.0,0.0,-2.800429503639574,0.0,0.0,9.64327466553287e-16,True
FMZuse,0.0,6101,1000,TARGET_INDEPENDENT_COMPONENT_FIXED,PHYSICAL_COMPONENT_RECOMPOSITION,WHOLE_RECORD_TRANSLATION_STRESS,0.041724941081043306,-0.09117784769143994,0.0,0.0,0.0,-0.4749710975962928,0.0,0.0,-9.643274665532871e-16,True
FMZuse,0.0,6101,1500,TARGET_INDEPENDENT_COMPONENT_FIXED,PHYSICAL_COMPONENT_RECOMPOSITION,WHOLE_RECORD_TRANSLATION_STRESS,0.03837533494898068,0.0,0.0,0.0,0.0,0.0,0.0,0.0,-9.643274665532871e-16,True
FMZuse,0.0,6101,2500,TARGET_INDEPENDENT_COMPONENT_FIXED,PHYSICAL_COMPONENT_RECOMPOSITION,WHOLE_RECORD_TRANSLATION_STRESS,0.09129868485904684,-0.17895472690341635,0.0,0.0,0.0,-0.9761498078853914,0.0,0.0,-9.643274665532871e-16,True
FMZuse,0.0,6101,3500,TARGET_INDEPENDENT_COMPONENT_FIXED,PHYSICAL_COMPONENT_RECOMPOSITION,WHOLE_RECORD_TRANSLATION_STRESS,0.06964002280580456,-0.3759131891063979,0.0,0.0,0.0,-2.317067966994254,0.0,0.0,-9.643274665532871e-16,True
FMZuse,0.0,6101,4000,TARGET_INDEPENDENT_COMPONENT_FIXED,PHYSICAL_COMPONENT_RECOMPOSITION,WHOLE_RECORD_TRANSLATION_STRESS,0.03951701152855724,-0.47283922439683274,0.0,0.0,0.0,-3.1371853849461213,0.0,9.64327466553287e-16,-9.643274665532871e-16,True
FMZuse,0.0,6102,1000,TARGET_INDEPENDENT_COMPONENT_FIXED,PHYSICAL_COMPONENT_RECOMPOSITION,WHOLE_RECORD_TRANSLATION_STRESS,0.04933579445072073,-0.07847794458759273,0.0,0.0,0.0,-0.3999844892927066,0.0,0.0,0.0,True
FMZuse,0.0,6102,1500,TARGET_INDEPENDENT_COMPONENT_FIXED,PHYSICAL_COMPONENT_RECOMPOSITION,WHOLE_RECORD_TRANSLATION_STRESS,-0.0024127134754935243,0.0,0.0,0.0,0.0,0.0,0.0,0.0,0.0,True
FMZuse,0.0,6102,2500,TARGET_INDEPENDENT_COMPONENT_FIXED,PHYSICAL_COMPONENT_RECOMPOSITION,WHOLE_RECORD_TRANSLATION_STRESS,-0.01147109304412043,-0.17503802318835845,0.0,0.0,0.0,-0.9371109499227043,0.0,9.64327466553287e-16,0.0,True
FMZuse,0.0,6102,3500,TARGET_INDEPENDENT_COMPONENT_FIXED,PHYSICAL_COMPONENT_RECOMPOSITION,WHOLE_RECORD_TRANSLATION_STRESS,0.022671545151250694,-0.37154427493655556,0.0,0.0,0.0,-2.2392053827528717,0.0,0.0,0.0,True
FMZuse,0.0,6102,4000,TARGET_INDEPENDENT_COMPONENT_FIXED,PHYSICAL_COMPONENT_RECOMPOSITION,WHOLE_RECORD_TRANSLATION_STRESS,-0.007819034508101797,-0.4614680394569986,0.0,0.0,0.0,-2.9695457945836434,0.0,0.0,0.0,True
FMZuse,0.0,6103,1000,TARGET_INDEPENDENT_COMPONENT_FIXED,PHYSICAL_COMPONENT_RECOMPOSITION,WHOLE_RECORD_TRANSLATION_STRESS,0.016669423283231594,-0.07953721634834804,0.0,0.0,0.0,-0.41711118792676777,0.0,-4.821637332766436e-16,9.64327466553287e-16,True
FMZuse,0.0,6103,1500,TARGET_INDEPENDENT_COMPONENT_FIXED,PHYSICAL_COMPONENT_RECOMPOSITION,WHOLE_RECORD_TRANSLATION_STRESS,-0.008291938638377632,0.0,0.0,0.0,0.0,0.0,0.0,0.0,9.64327466553287e-16,True
FMZuse,0.0,6103,2500,TARGET_INDEPENDENT_COMPONENT_FIXED,PHYSICAL_COMPONENT_RECOMPOSITION,WHOLE_RECORD_TRANSLATION_STRESS,-0.04045921021646587,-0.1903258412883112,0.0,0.0,0.0,-1.058885190357619,0.0,0.0,9.64327466553287e-16,True
FMZuse,0.0,6103,3500,TARGET_INDEPENDENT_COMPONENT_FIXED,PHYSICAL_COMPONENT_RECOMPOSITION,WHOLE_RECORD_TRANSLATION_STRESS,-0.007263997420241396,-0.3740183530451668,0.0,0.0,0.0,-2.3388097635786447,0.0,-4.821637332766436e-16,9.64327466553287e-16,True
FMZuse,0.0,6103,4000,TARGET_INDEPENDENT_COMPONENT_FIXED,PHYSICAL_COMPONENT_RECOMPOSITION,WHOLE_RECORD_TRANSLATION_STRESS,0.00584085345995161,-0.46939617917791493,0.0,0.0,0.0,-3.160205952784141,0.0,-4.821637332766436e-16,9.64327466553287e-16,True
FMZuse,0.0,6104,1000,TARGET_INDEPENDENT_COMPONENT_FIXED,PHYSICAL_COMPONENT_RECOMPOSITION,WHOLE_RECORD_TRANSLATION_STRESS,-0.07744620377589725,-0.09188847472514472,0.0,0.0,0.0,-0.4788296466625825,0.0,0.0,0.0,True
FMZuse,0.0,6104,1500,TARGET_INDEPENDENT_COMPONENT_FIXED,PHYSICAL_COMPONENT_RECOMPOSITION,WHOLE_RECORD_TRANSLATION_STRESS,-0.047179366758745074,0.0,0.0,0.0,0.0,0.0,0.0,0.0,0.0,True
FMZuse,0.0,6104,2500,TARGET_INDEPENDENT_COMPONENT_FIXED,PHYSICAL_COMPONENT_RECOMPOSITION,WHOLE_RECORD_TRANSLATION_STRESS,-0.044484522833473567,-0.16689670857582983,0.0,0.0,0.0,-0.9043755275862314,0.0,0.0,0.0,True
FMZuse,0.0,6104,3500,TARGET_INDEPENDENT_COMPONENT_FIXED,PHYSICAL_COMPONENT_RECOMPOSITION,WHOLE_RECORD_TRANSLATION_STRESS,-0.050906986054011824,-0.3550844084621408,0.0,0.0,0.0,-2.157182157278027,0.0,0.0,0.0,True
FMZuse,0.0,6104,4000,TARGET_INDEPENDENT_COMPONENT_FIXED,PHYSICAL_COMPONENT_RECOMPOSITION,WHOLE_RECORD_TRANSLATION_STRESS,-0.027905729576658368,-0.43822345023372594,0.0,0.0,0.0,-2.8282570929622235,0.0,0.0,0.0,True
FMZuse,10.0,6100,1000,TARGET_INDEPENDENT_COMPONENT_FIXED,PHYSICAL_COMPONENT_RECOMPOSITION,WHOLE_RECORD_TRANSLATION_STRESS,-0.09694766962858258,-0.01774967857295604,0.0,0.0,0.0,-0.433072117110593,0.0,0.0,10.0,True
FMZuse,10.0,6100,1500,TARGET_INDEPENDENT_COMPONENT_FIXED,PHYSICAL_COMPONENT_RECOMPOSITION,WHOLE_RECORD_TRANSLATION_STRESS,0.0018297292029050964,0.0,0.0,0.0,0.0,0.0,0.0,0.0,10.0,True
FMZuse,10.0,6100,2500,TARGET_INDEPENDENT_COMPONENT_FIXED,PHYSICAL_COMPONENT_RECOMPOSITION,WHOLE_RECORD_TRANSLATION_STRESS,0.003120989920210069,-0.036376725973095846,0.0,0.0,0.0,-0.9371388891087696,0.0,9.64327466553287e-16,10.0,True
FMZuse,10.0,6100,3500,TARGET_INDEPENDENT_COMPONENT_FIXED,PHYSICAL_COMPONENT_RECOMPOSITION,WHOLE_RECORD_TRANSLATION_STRESS,0.008994860630072083,-0.07248842494884927,0.0,0.0,0.0,-2.112422862552816,0.0,0.0,10.0,True
FMZuse,10.0,6100,4000,TARGET_INDEPENDENT_COMPONENT_FIXED,PHYSICAL_COMPONENT_RECOMPOSITION,WHOLE_RECORD_TRANSLATION_STRESS,0.010590912757492334,-0.08961718107103048,0.0,0.0,0.0,-2.800429503639574,0.0,0.0,10.0,True
FMZuse,10.0,6101,1000,TARGET_INDEPENDENT_COMPONENT_FIXED,PHYSICAL_COMPONENT_RECOMPOSITION,WHOLE_RECORD_TRANSLATION_STRESS,0.008250385354816146,-0.0194270403734732,0.0,0.0,0.0,-0.4749710975962928,0.0,0.0,9.999999999999998,True
FMZuse,10.0,6101,1500,TARGET_INDEPENDENT_COMPONENT_FIXED,PHYSICAL_COMPONENT_RECOMPOSITION,WHOLE_RECORD_TRANSLATION_STRESS,0.005017561890212298,0.0,0.0,0.0,0.0,0.0,0.0,0.0,9.999999999999998,True
FMZuse,10.0,6101,2500,TARGET_INDEPENDENT_COMPONENT_FIXED,PHYSICAL_COMPONENT_RECOMPOSITION,WHOLE_RECORD_TRANSLATION_STRESS,0.030960670476269964,-0.037828003698143944,0.0,0.0,0.0,-0.9761498078853914,0.0,9.64327466553287e-16,9.999999999999998,True
FMZuse,10.0,6101,3500,TARGET_INDEPENDENT_COMPONENT_FIXED,PHYSICAL_COMPONENT_RECOMPOSITION,WHOLE_RECORD_TRANSLATION_STRESS,0.02625181243388881,-0.0780587867842219,0.0,0.0,0.0,-2.317067966994254,0.0,0.0,9.999999999999998,True
FMZuse,10.0,6101,4000,TARGET_INDEPENDENT_COMPONENT_FIXED,PHYSICAL_COMPONENT_RECOMPOSITION,WHOLE_RECORD_TRANSLATION_STRESS,0.019733201687815446,-0.09732862589209774,0.0,0.0,0.0,-3.1371853849461213,0.0,0.0,9.999999999999998,True
FMZuse,10.0,6102,1000,TARGET_INDEPENDENT_COMPONENT_FIXED,PHYSICAL_COMPONENT_RECOMPOSITION,WHOLE_RECORD_TRANSLATION_STRESS,0.03953763713651552,-0.0169930311521031,0.0,0.0,0.0,-0.3999844892927066,0.0,-9.643274665532871e-16,10.0,True
FMZuse,10.0,6102,1500,TARGET_INDEPENDENT_COMPONENT_FIXED,PHYSICAL_COMPONENT_RECOMPOSITION,WHOLE_RECORD_TRANSLATION_STRESS,-0.007599501958104276,0.0,0.0,0.0,0.0,0.0,0.0,0.0,10.0,True
FMZuse,10.0,6102,2500,TARGET_INDEPENDENT_COMPONENT_FIXED,PHYSICAL_COMPONENT_RECOMPOSITION,WHOLE_RECORD_TRANSLATION_STRESS,0.013931900435538616,-0.037573274897535175,0.0,0.0,0.0,-0.9371109499227043,0.0,0.0,10.0,True
FMZuse,10.0,6102,3500,TARGET_INDEPENDENT_COMPONENT_FIXED,PHYSICAL_COMPONENT_RECOMPOSITION,WHOLE_RECORD_TRANSLATION_STRESS,0.021356714475036422,-0.07835550724426642,0.0,0.0,0.0,-2.2392053827528717,0.0,0.0,10.0,True
FMZuse,10.0,6102,4000,TARGET_INDEPENDENT_COMPONENT_FIXED,PHYSICAL_COMPONENT_RECOMPOSITION,WHOLE_RECORD_TRANSLATION_STRESS,0.014723913403578827,-0.09653440924000081,0.0,0.0,0.0,-2.9695457945836434,0.0,-9.643274665532871e-16,10.0,True
FMZuse,10.0,6103,1000,TARGET_INDEPENDENT_COMPONENT_FIXED,PHYSICAL_COMPONENT_RECOMPOSITION,WHOLE_RECORD_TRANSLATION_STRESS,0.025289307494026848,-0.017157965096855327,0.0,0.0,0.0,-0.41711118792676777,0.0,0.0,10.0,True
FMZuse,10.0,6103,1500,TARGET_INDEPENDENT_COMPONENT_FIXED,PHYSICAL_COMPONENT_RECOMPOSITION,WHOLE_RECORD_TRANSLATION_STRESS,0.013139447164164857,0.0,0.0,0.0,0.0,0.0,0.0,0.0,10.0,True
FMZuse,10.0,6103,2500,TARGET_INDEPENDENT_COMPONENT_FIXED,PHYSICAL_COMPONENT_RECOMPOSITION,WHOLE_RECORD_TRANSLATION_STRESS,-0.005674775610351988,-0.04064954410962658,0.0,0.0,0.0,-1.058885190357619,0.0,-9.643274665532871e-16,10.0,True
FMZuse,10.0,6103,3500,TARGET_INDEPENDENT_COMPONENT_FIXED,PHYSICAL_COMPONENT_RECOMPOSITION,WHOLE_RECORD_TRANSLATION_STRESS,0.0015016391285565525,-0.07857010801543869,0.0,0.0,0.0,-2.3388097635786447,0.0,0.0,10.0,True
FMZuse,10.0,6103,4000,TARGET_INDEPENDENT_COMPONENT_FIXED,PHYSICAL_COMPONENT_RECOMPOSITION,WHOLE_RECORD_TRANSLATION_STRESS,0.004346606168318007,-0.09776166563723881,0.0,0.0,0.0,-3.160205952784141,0.0,0.0,10.0,True
FMZuse,10.0,6104,1000,TARGET_INDEPENDENT_COMPONENT_FIXED,PHYSICAL_COMPONENT_RECOMPOSITION,WHOLE_RECORD_TRANSLATION_STRESS,-0.022913577815136078,-0.019998634420644885,0.0,0.0,0.0,-0.4788296466625825,0.0,9.64327466553287e-16,9.999999999999998,True
FMZuse,10.0,6104,1500,TARGET_INDEPENDENT_COMPONENT_FIXED,PHYSICAL_COMPONENT_RECOMPOSITION,WHOLE_RECORD_TRANSLATION_STRESS,-0.02977610122745189,0.0,0.0,0.0,0.0,0.0,0.0,0.0,9.999999999999998,True
FMZuse,10.0,6104,2500,TARGET_INDEPENDENT_COMPONENT_FIXED,PHYSICAL_COMPONENT_RECOMPOSITION,WHOLE_RECORD_TRANSLATION_STRESS,-0.003553746557296368,-0.036079328954456875,0.0,0.0,0.0,-0.9043755275862314,0.0,0.0,9.999999999999998,True
FMZuse,10.0,6104,3500,TARGET_INDEPENDENT_COMPONENT_FIXED,PHYSICAL_COMPONENT_RECOMPOSITION,WHOLE_RECORD_TRANSLATION_STRESS,-0.004949097030909126,-0.07547317333412693,0.0,0.0,0.0,-2.157182157278027,0.0,9.64327466553287e-16,9.999999999999998,True
FMZuse,10.0,6104,4000,TARGET_INDEPENDENT_COMPONENT_FIXED,PHYSICAL_COMPONENT_RECOMPOSITION,WHOLE_RECORD_TRANSLATION_STRESS,5.565027612237889e-05,-0.09245045805452334,0.0,0.0,0.0,-2.8282570929622235,0.0,0.0,9.999999999999998,True
FMZuse,20.0,6100,1000,TARGET_INDEPENDENT_COMPONENT_FIXED,PHYSICAL_COMPONENT_RECOMPOSITION,WHOLE_RECORD_TRANSLATION_STRESS,-0.03792404398744906,-0.002011579804249857,0.0,0.0,0.0,-0.433072117110593,0.0,0.0,20.0,True
FMZuse,20.0,6100,1500,TARGET_INDEPENDENT_COMPONENT_FIXED,PHYSICAL_COMPONENT_RECOMPOSITION,WHOLE_RECORD_TRANSLATION_STRESS,-0.001657508988895523,0.0,0.0,0.0,0.0,0.0,0.0,0.0,20.0,True
FMZuse,20.0,6100,2500,TARGET_INDEPENDENT_COMPONENT_FIXED,PHYSICAL_COMPONENT_RECOMPOSITION,WHOLE_RECORD_TRANSLATION_STRESS,-0.0006108841230852798,-0.0041147660157437056,0.0,0.0,0.0,-0.9371388891087696,0.0,9.64327466553287e-16,20.0,True
FMZuse,20.0,6100,3500,TARGET_INDEPENDENT_COMPONENT_FIXED,PHYSICAL_COMPONENT_RECOMPOSITION,WHOLE_RECORD_TRANSLATION_STRESS,5.698487388469004e-05,-0.008169417111171275,0.0,0.0,0.0,-2.112422862552816,0.0,0.0,20.0,True
FMZuse,20.0,6100,4000,TARGET_INDEPENDENT_COMPONENT_FIXED,PHYSICAL_COMPONENT_RECOMPOSITION,WHOLE_RECORD_TRANSLATION_STRESS,0.00023859705066058863,-0.010082204876177333,0.0,0.0,0.0,-2.800429503639574,0.0,9.64327466553287e-16,20.0,True
FMZuse,20.0,6101,1000,TARGET_INDEPENDENT_COMPONENT_FIXED,PHYSICAL_COMPONENT_RECOMPOSITION,WHOLE_RECORD_TRANSLATION_STRESS,0.0006637872318940834,-0.002185071995428235,0.0,0.0,0.0,-0.4749710975962928,0.0,9.64327466553287e-16,19.999999999999996,True
FMZuse,20.0,6101,1500,TARGET_INDEPENDENT_COMPONENT_FIXED,PHYSICAL_COMPONENT_RECOMPOSITION,WHOLE_RECORD_TRANSLATION_STRESS,-0.0005961601002169776,0.0,0.0,0.0,0.0,0.0,0.0,0.0,19.999999999999996,True
FMZuse,20.0,6101,2500,TARGET_INDEPENDENT_COMPONENT_FIXED,PHYSICAL_COMPONENT_RECOMPOSITION,WHOLE_RECORD_TRANSLATION_STRESS,0.0075045223662242614,-0.004246748722670774,0.0,0.0,0.0,-0.9761498078853914,0.0,9.64327466553287e-16,19.999999999999996,True
FMZuse,20.0,6101,3500,TARGET_INDEPENDENT_COMPONENT_FIXED,PHYSICAL_COMPONENT_RECOMPOSITION,WHOLE_RECORD_TRANSLATION_STRESS,0.006971220252255691,-0.008727339016435732,0.0,0.0,0.0,-2.317067966994254,0.0,9.64327466553287e-16,19.999999999999996,True
FMZuse,20.0,6101,4000,TARGET_INDEPENDENT_COMPONENT_FIXED,PHYSICAL_COMPONENT_RECOMPOSITION,WHOLE_RECORD_TRANSLATION_STRESS,0.0062338002095055954,-0.010860429643703661,0.0,0.0,0.0,-3.1371853849461213,0.0,0.0,19.999999999999996,True
FMZuse,20.0,6102,1000,TARGET_INDEPENDENT_COMPONENT_FIXED,PHYSICAL_COMPONENT_RECOMPOSITION,WHOLE_RECORD_TRANSLATION_STRESS,0.01479313044808756,-0.001917371997782239,0.0,0.0,0.0,-0.3999844892927066,0.0,1.928654933106574e-15,19.999999999999996,True
FMZuse,20.0,6102,1500,TARGET_INDEPENDENT_COMPONENT_FIXED,PHYSICAL_COMPONENT_RECOMPOSITION,WHOLE_RECORD_TRANSLATION_STRESS,-0.0033854295193950145,0.0,0.0,0.0,0.0,0.0,0.0,0.0,19.999999999999996,True
FMZuse,20.0,6102,2500,TARGET_INDEPENDENT_COMPONENT_FIXED,PHYSICAL_COMPONENT_RECOMPOSITION,WHOLE_RECORD_TRANSLATION_STRESS,0.007451409946951353,-0.004230603164780969,0.0,0.0,0.0,-0.9371109499227043,0.0,9.64327466553287e-16,19.999999999999996,True
FMZuse,20.0,6102,3500,TARGET_INDEPENDENT_COMPONENT_FIXED,PHYSICAL_COMPONENT_RECOMPOSITION,WHOLE_RECORD_TRANSLATION_STRESS,0.008292518218167384,-0.00878589276636937,0.0,0.0,0.0,-2.2392053827528717,0.0,1.928654933106574e-15,19.999999999999996,True
FMZuse,20.0,6102,4000,TARGET_INDEPENDENT_COMPONENT_FIXED,PHYSICAL_COMPONENT_RECOMPOSITION,WHOLE_RECORD_TRANSLATION_STRESS,0.007541071136437246,-0.010804221986478171,0.0,0.0,0.0,-2.9695457945836434,0.0,9.64327466553287e-16,19.999999999999996,True
FMZuse,20.0,6103,1000,TARGET_INDEPENDENT_COMPONENT_FIXED,PHYSICAL_COMPONENT_RECOMPOSITION,WHOLE_RECORD_TRANSLATION_STRESS,0.01060014629921141,-0.0019319229150294907,0.0,0.0,0.0,-0.41711118792676777,0.0,0.0,20.0,True
FMZuse,20.0,6103,1500,TARGET_INDEPENDENT_COMPONENT_FIXED,PHYSICAL_COMPONENT_RECOMPOSITION,WHOLE_RECORD_TRANSLATION_STRESS,0.0068146851048038765,0.0,0.0,0.0,0.0,0.0,0.0,0.0,20.0,True
FMZuse,20.0,6103,2500,TARGET_INDEPENDENT_COMPONENT_FIXED,PHYSICAL_COMPONENT_RECOMPOSITION,WHOLE_RECORD_TRANSLATION_STRESS,0.0004584983453072121,-0.00456602311307857,0.0,0.0,0.0,-1.058885190357619,0.0,9.64327466553287e-16,20.0,True
FMZuse,20.0,6103,3500,TARGET_INDEPENDENT_COMPONENT_FIXED,PHYSICAL_COMPONENT_RECOMPOSITION,WHOLE_RECORD_TRANSLATION_STRESS,0.001267403612507402,-0.008791425528913556,0.0,0.0,0.0,-2.3388097635786447,0.0,-9.643274665532871e-16,20.0,True
FMZuse,20.0,6103,4000,TARGET_INDEPENDENT_COMPONENT_FIXED,PHYSICAL_COMPONENT_RECOMPOSITION,WHOLE_RECORD_TRANSLATION_STRESS,0.0015884086927145224,-0.010917431424352054,0.0,0.0,0.0,-3.160205952784141,0.0,9.64327466553287e-16,20.0,True
FMZuse,20.0,6104,1000,TARGET_INDEPENDENT_COMPONENT_FIXED,PHYSICAL_COMPONENT_RECOMPOSITION,WHOLE_RECORD_TRANSLATION_STRESS,-0.0047498549183269895,-0.00226368652093717,0.0,0.0,0.0,-0.4788296466625825,0.0,9.64327466553287e-16,19.999999999999996,True
FMZuse,20.0,6104,1500,TARGET_INDEPENDENT_COMPONENT_FIXED,PHYSICAL_COMPONENT_RECOMPOSITION,WHOLE_RECORD_TRANSLATION_STRESS,-0.010328090725721556,0.0,0.0,0.0,0.0,0.0,0.0,0.0,19.999999999999996,True
FMZuse,20.0,6104,2500,TARGET_INDEPENDENT_COMPONENT_FIXED,PHYSICAL_COMPONENT_RECOMPOSITION,WHOLE_RECORD_TRANSLATION_STRESS,0.0018060827848483312,-0.004077198819925182,0.0,0.0,0.0,-0.9043755275862314,0.0,0.0,19.999999999999996,True
FMZuse,20.0,6104,3500,TARGET_INDEPENDENT_COMPONENT_FIXED,PHYSICAL_COMPONENT_RECOMPOSITION,WHOLE_RECORD_TRANSLATION_STRESS,0.0016480352341440153,-0.008494765567200756,0.0,0.0,0.0,-2.157182157278027,0.0,9.64327466553287e-16,19.999999999999996,True
FMZuse,20.0,6104,4000,TARGET_INDEPENDENT_COMPONENT_FIXED,PHYSICAL_COMPONENT_RECOMPOSITION,WHOLE_RECORD_TRANSLATION_STRESS,0.002215118275980157,-0.010387626706724228,0.0,0.0,0.0,-2.8282570929622235,0.0,0.0,19.999999999999996,True
FMZuse,30.0,6100,1000,TARGET_INDEPENDENT_COMPONENT_FIXED,PHYSICAL_COMPONENT_RECOMPOSITION,WHOLE_RECORD_TRANSLATION_STRESS,-0.012474445631688523,-0.00020410477582814647,0.0,0.0,0.0,-0.433072117110593,0.0,9.64327466553287e-16,30.0,True
FMZuse,30.0,6100,1500,TARGET_INDEPENDENT_COMPONENT_FIXED,PHYSICAL_COMPONENT_RECOMPOSITION,WHOLE_RECORD_TRANSLATION_STRESS,-0.0007667709409083321,0.0,0.0,0.0,0.0,0.0,0.0,0.0,30.0,True
FMZuse,30.0,6100,2500,TARGET_INDEPENDENT_COMPONENT_FIXED,PHYSICAL_COMPONENT_RECOMPOSITION,WHOLE_RECORD_TRANSLATION_STRESS,-0.0003718027924724671,-0.00041741356903027326,0.0,0.0,0.0,-0.9371388891087696,0.0,9.64327466553287e-16,30.0,True
FMZuse,30.0,6100,3500,TARGET_INDEPENDENT_COMPONENT_FIXED,PHYSICAL_COMPONENT_RECOMPOSITION,WHOLE_RECORD_TRANSLATION_STRESS,-0.00030402246693589564,-0.0008283814254194929,0.0,0.0,0.0,-2.112422862552816,0.0,0.0,30.0,True
FMZuse,30.0,6100,4000,TARGET_INDEPENDENT_COMPONENT_FIXED,PHYSICAL_COMPONENT_RECOMPOSITION,WHOLE_RECORD_TRANSLATION_STRESS,-0.00028558948941144387,-0.001022136463259113,0.0,0.0,0.0,-2.800429503639574,0.0,0.0,30.0,True
FMZuse,30.0,6101,1000,TARGET_INDEPENDENT_COMPONENT_FIXED,PHYSICAL_COMPONENT_RECOMPOSITION,WHOLE_RECORD_TRANSLATION_STRESS,-1.8221484894276086e-05,-0.0002210962264417442,0.0,0.0,0.0,-0.4749710975962928,0.0,0.0,30.0,True
FMZuse,30.0,6101,1500,TARGET_INDEPENDENT_COMPONENT_FIXED,PHYSICAL_COMPONENT_RECOMPOSITION,WHOLE_RECORD_TRANSLATION_STRESS,-0.0004322227942772882,0.0,0.0,0.0,0.0,0.0,0.0,0.0,30.0,True
FMZuse,30.0,6101,2500,TARGET_INDEPENDENT_COMPONENT_FIXED,PHYSICAL_COMPONENT_RECOMPOSITION,WHOLE_RECORD_TRANSLATION_STRESS,0.002042856380555645,-0.00042961506182927396,0.0,0.0,0.0,-0.9761498078853914,0.0,9.64327466553287e-16,30.0,True
FMZuse,30.0,6101,3500,TARGET_INDEPENDENT_COMPONENT_FIXED,PHYSICAL_COMPONENT_RECOMPOSITION,WHOLE_RECORD_TRANSLATION_STRESS,0.001988817134339551,-0.0008824771101759495,0.0,0.0,0.0,-2.317067966994254,0.0,0.0,30.0,True
FMZuse,30.0,6101,4000,TARGET_INDEPENDENT_COMPONENT_FIXED,PHYSICAL_COMPONENT_RECOMPOSITION,WHOLE_RECORD_TRANSLATION_STRESS,0.0019141045401445422,-0.0010979252342541658,0.0,0.0,0.0,-3.1371853849461213,0.0,9.64327466553287e-16,30.0,True
FMZuse,30.0,6102,1000,TARGET_INDEPENDENT_COMPONENT_FIXED,PHYSICAL_COMPONENT_RECOMPOSITION,WHOLE_RECORD_TRANSLATION_STRESS,0.0048033223049940635,-0.00019403310162314602,0.0,0.0,0.0,-0.3999844892927066,0.0,-4.821637332766436e-16,30.0,True
FMZuse,30.0,6102,1500,TARGET_INDEPENDENT_COMPONENT_FIXED,PHYSICAL_COMPONENT_RECOMPOSITION,WHOLE_RECORD_TRANSLATION_STRESS,-0.0011511680483161691,0.0,0.0,0.0,0.0,0.0,0.0,0.0,30.0,True
FMZuse,30.0,6102,2500,TARGET_INDEPENDENT_COMPONENT_FIXED,PHYSICAL_COMPONENT_RECOMPOSITION,WHOLE_RECORD_TRANSLATION_STRESS,0.0026363008895870037,-0.0004280236704549828,0.0,0.0,0.0,-0.9371109499227043,0.0,-4.821637332766436e-16,30.0,True
FMZuse,30.0,6102,3500,TARGET_INDEPENDENT_COMPONENT_FIXED,PHYSICAL_COMPONENT_RECOMPOSITION,WHOLE_RECORD_TRANSLATION_STRESS,0.0027215376269725134,-0.0008884780640611416,0.0,0.0,0.0,-2.2392053827528717,0.0,-4.821637332766436e-16,30.0,True
FMZuse,30.0,6102,4000,TARGET_INDEPENDENT_COMPONENT_FIXED,PHYSICAL_COMPONENT_RECOMPOSITION,WHOLE_RECORD_TRANSLATION_STRESS,0.002645386322895405,-0.0010923545579947563,0.0,0.0,0.0,-2.9695457945836434,0.0,0.0,30.0,True
FMZuse,30.0,6103,1000,TARGET_INDEPENDENT_COMPONENT_FIXED,PHYSICAL_COMPONENT_RECOMPOSITION,WHOLE_RECORD_TRANSLATION_STRESS,0.0035519312386162074,-0.00019538518684591427,0.0,0.0,0.0,-0.41711118792676777,0.0,0.0,30.0,True
FMZuse,30.0,6103,1500,TARGET_INDEPENDENT_COMPONENT_FIXED,PHYSICAL_COMPONENT_RECOMPOSITION,WHOLE_RECORD_TRANSLATION_STRESS,0.002396025191547282,0.0,0.0,0.0,0.0,0.0,0.0,0.0,30.0,True
FMZuse,30.0,6103,2500,TARGET_INDEPENDENT_COMPONENT_FIXED,PHYSICAL_COMPONENT_RECOMPOSITION,WHOLE_RECORD_TRANSLATION_STRESS,0.00039765208225078905,-0.00046165928140668095,0.0,0.0,0.0,-1.058885190357619,0.0,0.0,30.0,True
FMZuse,30.0,6103,3500,TARGET_INDEPENDENT_COMPONENT_FIXED,PHYSICAL_COMPONENT_RECOMPOSITION,WHOLE_RECORD_TRANSLATION_STRESS,0.0004794851375675734,-0.0008884907123012515,0.0,0.0,0.0,-2.3388097635786447,0.0,0.0,30.0,True
FMZuse,30.0,6103,4000,TARGET_INDEPENDENT_COMPONENT_FIXED,PHYSICAL_COMPONENT_RECOMPOSITION,WHOLE_RECORD_TRANSLATION_STRESS,0.000511963474877415,-0.0011031092690452085,0.0,0.0,0.0,-3.160205952784141,0.0,0.0,30.0,True
FMZuse,30.0,6104,1000,TARGET_INDEPENDENT_COMPONENT_FIXED,PHYSICAL_COMPONENT_RECOMPOSITION,WHOLE_RECORD_TRANSLATION_STRESS,-0.001171672178702465,-0.00022930332947014158,0.0,0.0,0.0,-0.4788296466625825,0.0,0.0,30.0,True
FMZuse,30.0,6104,1500,TARGET_INDEPENDENT_COMPONENT_FIXED,PHYSICAL_COMPONENT_RECOMPOSITION,WHOLE_RECORD_TRANSLATION_STRESS,-0.0032732518458350544,0.0,0.0,0.0,0.0,0.0,0.0,0.0,30.0,True
FMZuse,30.0,6104,2500,TARGET_INDEPENDENT_COMPONENT_FIXED,PHYSICAL_COMPONENT_RECOMPOSITION,WHOLE_RECORD_TRANSLATION_STRESS,0.0008908271344579776,-0.0004129281421742737,0.0,0.0,0.0,-0.9043755275862314,0.0,9.64327466553287e-16,30.0,True
FMZuse,30.0,6104,3500,TARGET_INDEPENDENT_COMPONENT_FIXED,PHYSICAL_COMPONENT_RECOMPOSITION,WHOLE_RECORD_TRANSLATION_STRESS,0.0008748106209596946,-0.000859934781612498,0.0,0.0,0.0,-2.157182157278027,0.0,0.0,30.0,True
FMZuse,30.0,6104,4000,TARGET_INDEPENDENT_COMPONENT_FIXED,PHYSICAL_COMPONENT_RECOMPOSITION,WHOLE_RECORD_TRANSLATION_STRESS,0.0009322811577774886,-0.0010513453853899426,0.0,0.0,0.0,-2.8282570929622235,0.0,9.64327466553287e-16,30.0,True
