candidate_id,design,dataset_role,jammer,jsr_db,target_position,trials,interface_pass,oracle_input_failures,target_erased_count,fallback_count,delta_sinr_mean_db,delta_sinr_ci95_db,target_only_change_mean_db,confidence_mean,estimation_error_mean,runtime_mean_ms,memory_mean_bytes
A_k3_c0.05_r0.001,A,negative_control,AMNoiseGaiJam,0.0,1250,30,30,0,0,0,8.34516170151558,0.09614220302524848,-8.685885308092608e-06,0.9511794986607411,1.0,3.2192443031817675,564156.9333333333
A_k3_c0.05_r0.001,A,negative_control,AMNoiseGaiJam,0.0,2500,30,30,0,0,0,8.286278077346644,0.09826467722207789,-8.685885305199627e-06,0.9511794986607419,1.0,3.160222200676799,564156.9333333333
A_k3_c0.05_r0.001,A,negative_control,AMNoiseGaiJam,0.0,3750,30,30,0,0,0,8.124875237525105,0.0999745948417097,-8.685885305199627e-06,0.9511794986607435,1.0,3.1518542304790267,564158.4666666667
A_k3_c0.05_r0.001,A,negative_control,AMNoiseGaiJam,0.0,4500,30,30,0,0,0,8.062337474826307,0.10121826897825209,-8.685885304235298e-06,0.9513865235883859,1.0,3.1860583694651723,564156.9333333333
A_k3_c0.05_r0.001,A,negative_control,AMNoiseGaiJam,0.0,500,30,30,0,0,0,6.218283750556675,0.08875712313273672,-8.685885305199627e-06,0.9539279108148381,0.0,3.296619407289351,564162.2666666667
A_k3_c0.05_r0.001,A,negative_control,AMNoiseGaiJam,10.0,1250,30,30,0,0,0,16.51881778850044,0.14140607005921513,-8.685885308092608e-06,0.8682985659051241,0.8333333333333334,3.1413041637279093,564160.0
A_k3_c0.05_r0.001,A,negative_control,AMNoiseGaiJam,10.0,2500,30,30,0,0,0,16.543920670430825,0.1405492037335844,-8.685885305199627e-06,0.8682985659051243,0.8333333333333334,3.1286417002168796,564160.0
A_k3_c0.05_r0.001,A,negative_control,AMNoiseGaiJam,10.0,3750,30,30,0,0,0,16.524154631115067,0.14072951740183806,-8.685885305199627e-06,0.8682985659051259,0.8333333333333334,3.0918902989166477,564160.0
A_k3_c0.05_r0.001,A,negative_control,AMNoiseGaiJam,10.0,4500,30,30,0,0,0,16.55403650278118,0.14075696522079242,-8.685885304235298e-06,0.8682985659051279,0.8333333333333334,3.159093001158908,564160.0
A_k3_c0.05_r0.001,A,negative_control,AMNoiseGaiJam,10.0,500,30,30,0,0,0,13.46831156470453,0.1718464345737719,-8.685885305199627e-06,0.8987849747008293,0.0,3.2365528032338866,564160.0
A_k3_c0.05_r0.001,A,negative_control,AMNoiseGaiJam,20.0,1250,30,30,0,0,0,24.227691285626026,0.24746955945627472,-8.685885308092608e-06,0.6793817391074097,0.3333333333333333,3.22286663382935,564160.0
A_k3_c0.05_r0.001,A,negative_control,AMNoiseGaiJam,20.0,2500,30,30,0,0,0,24.263126435171884,0.2467927084512227,-8.685885305199627e-06,0.6793817391074097,0.3333333333333333,3.05043199720482,564160.0
A_k3_c0.05_r0.001,A,negative_control,AMNoiseGaiJam,20.0,3750,30,30,0,0,0,24.261119444448962,0.2467956500584594,-8.685885305199627e-06,0.6793817391074105,0.3333333333333333,3.0401904019527137,564160.0
A_k3_c0.05_r0.001,A,negative_control,AMNoiseGaiJam,20.0,4500,30,30,0,0,0,24.302222237876386,0.24677699491539817,-8.685885304235298e-06,0.6793817391074113,0.3333333333333333,3.0782291665673256,564160.0
A_k3_c0.05_r0.001,A,negative_control,AMNoiseGaiJam,20.0,500,30,30,0,0,0,21.00508571101116,0.28442250808428643,-8.685885305199627e-06,0.7661815692471248,0.0,3.1861723323042193,564160.0
A_k3_c0.05_r0.001,A,negative_control,AMNoiseGaiJam,30.0,1250,30,30,0,0,0,-19.65867133411456,8.526492504310134,-8.685885308092608e-06,0.5390924068490826,307.56666666666666,3.1410263676662,564160.0
A_k3_c0.05_r0.001,A,negative_control,AMNoiseGaiJam,30.0,2500,30,30,0,0,0,-19.62267091970043,8.526875518520757,-8.685885305199627e-06,0.5390924068490826,307.56666666666666,3.1400944610747197,564160.0
A_k3_c0.05_r0.001,A,negative_control,AMNoiseGaiJam,30.0,3750,30,30,0,0,0,-19.622871451949646,8.526877144675215,-8.685885305199627e-06,0.5390924068490826,307.56666666666666,3.0879721646973244,564160.0
A_k3_c0.05_r0.001,A,negative_control,AMNoiseGaiJam,30.0,4500,30,30,0,0,0,-19.615828833602553,8.532186226810524,-8.685885304235298e-06,0.5420042023284061,307.56666666666666,3.119501374506702,564160.0
A_k3_c0.05_r0.001,A,negative_control,AMNoiseGaiJam,30.0,500,30,30,0,0,0,16.71441325764549,5.950888377143852,-8.685885305199627e-06,0.5910439010835348,22.633333333333333,3.215163934510201,564160.0
A_k3_c0.05_r0.001,A,negative_control,AMNoiseGaiJam,5.0,1250,30,30,0,0,0,12.275366203239262,0.11887069645296174,-8.685885308092608e-06,0.9201052739007107,1.0,3.1260388651086637,564160.0
A_k3_c0.05_r0.001,A,negative_control,AMNoiseGaiJam,5.0,2500,30,30,0,0,0,12.27669954855814,0.11864314952489115,-8.685885305199627e-06,0.9201052739007111,1.0,3.1149097291442254,564160.0
A_k3_c0.05_r0.001,A,negative_control,AMNoiseGaiJam,5.0,3750,30,30,0,0,0,12.217168380529378,0.11931152898666361,-8.685885305199627e-06,0.9201052739007125,1.0,3.0714416643604636,564160.0
A_k3_c0.05_r0.001,A,negative_control,AMNoiseGaiJam,5.0,4500,30,30,0,0,0,12.22161044939039,0.11965670675821873,-8.685885304235298e-06,0.9201052739007151,1.0,3.1077388227762035,564160.0
A_k3_c0.05_r0.001,A,negative_control,AMNoiseGaiJam,5.0,500,30,30,0,0,0,9.526975113012487,0.13381405855010464,-8.685885305199627e-06,0.933322742040175,0.0,3.1920682018001876,564160.0
A_k3_c0.05_r0.001,A,negative_control,FMNoiseAimedJam,0.0,1250,30,30,0,0,0,10.251703608514894,0.1709537007951977,-8.685885308092608e-06,0.9248348389447804,1.0,3.2059777760878205,564160.0
A_k3_c0.05_r0.001,A,negative_control,FMNoiseAimedJam,0.0,2500,30,30,0,0,0,10.219024894064342,0.17269654294841005,-8.685885305199627e-06,0.9248348389447807,1.0,3.1431958971855543,564160.0
A_k3_c0.05_r0.001,A,negative_control,FMNoiseAimedJam,0.0,3750,30,30,0,0,0,10.108875600016813,0.17468754643699871,-8.685885305199627e-06,0.9248348389447826,1.0,3.1281957616253444,564160.0
A_k3_c0.05_r0.001,A,negative_control,FMNoiseAimedJam,0.0,4500,30,30,0,0,0,10.081448473538519,0.17627016800050002,-8.685885304235298e-06,0.9248348389447852,1.0,3.161472132584701,564160.0
A_k3_c0.05_r0.001,A,negative_control,FMNoiseAimedJam,0.0,500,30,30,0,0,0,7.372832106069964,0.18712015782563002,-8.685885305199627e-06,0.9448097620868068,0.0,3.3639637986198068,564161.8666666667
A_k3_c0.05_r0.001,A,negative_control,FMNoiseAimedJam,10.0,1250,30,30,0,0,0,19.342106547945335,0.39128028166080686,-8.685885308092608e-06,0.7690736854127564,1.1666666666666667,3.1235637647720673,564160.0
A_k3_c0.05_r0.001,A,negative_control,FMNoiseAimedJam,10.0,2500,30,30,0,0,0,19.369491709330454,0.39081431485837287,-8.685885305199627e-06,0.7690736854127568,1.1666666666666667,3.1120444706175476,564160.0
A_k3_c0.05_r0.001,A,negative_control,FMNoiseAimedJam,10.0,3750,30,30,0,0,0,19.356694186975027,0.3909170183161532,-8.685885305199627e-06,0.7690736854127579,1.1666666666666667,3.090061000936354,564160.0
A_k3_c0.05_r0.001,A,negative_control,FMNoiseAimedJam,10.0,4500,30,30,0,0,0,19.391002600696766,0.39101405074276757,-8.685885304235298e-06,0.7689078991181449,1.1333333333333333,3.1274666699270406,564160.0
A_k3_c0.05_r0.001,A,negative_control,FMNoiseAimedJam,10.0,500,30,30,0,0,0,15.725898322961275,0.41840651149482666,-8.685885305199627e-06,0.851156333349184,0.03333333333333333,3.186637496886154,564160.0
A_k3_c0.05_r0.001,A,negative_control,FMNoiseAimedJam,20.0,1250,30,30,0,0,0,-18.56248833844428,9.216334554730487,-8.685885308092608e-06,0.5680308058534795,347.76666666666665,3.096975000031913,564160.0
A_k3_c0.05_r0.001,A,negative_control,FMNoiseAimedJam,20.0,2500,30,30,0,0,0,-18.528044617716326,9.214873271384478,-8.685885305199627e-06,0.5680308058534794,347.76666666666665,3.0634431653500847,564160.0
A_k3_c0.05_r0.001,A,negative_control,FMNoiseAimedJam,20.0,3750,30,30,0,0,0,-18.529344824463397,9.21488094016007,-8.685885305199627e-06,0.5680308058534798,347.76666666666665,3.0370388684483864,564160.0
A_k3_c0.05_r0.001,A,negative_control,FMNoiseAimedJam,20.0,4500,30,30,0,0,0,-18.520329785593102,9.220741386574216,-8.685885304235298e-06,0.5691413211239699,347.73333333333335,3.0631985301927975,564160.0
A_k3_c0.05_r0.001,A,negative_control,FMNoiseAimedJam,20.0,500,30,30,0,0,0,11.203165410336313,6.914009328138028,-8.685885305199627e-06,0.6052473960324941,44.06666666666667,3.15582356415689,564160.0
A_k3_c0.05_r0.001,A,negative_control,FMNoiseAimedJam,30.0,1250,30,30,0,0,0,-27.23051708524288,5.313861006718243,-8.685885308092608e-06,0.5691115166857464,434.6333333333333,3.158480594477927,564160.0
A_k3_c0.05_r0.001,A,negative_control,FMNoiseAimedJam,30.0,2500,30,30,0,0,0,-27.195320382771268,5.313553661235886,-8.685885305199627e-06,0.5691115166857464,434.6333333333333,3.130483324639499,564160.0
A_k3_c0.05_r0.001,A,negative_control,FMNoiseAimedJam,30.0,3750,30,30,0,0,0,-27.19545059358405,5.313554216964602,-8.685885305199627e-06,0.5691115166857464,434.6333333333333,3.0930541669173786,564160.0
A_k3_c0.05_r0.001,A,negative_control,FMNoiseAimedJam,30.0,4500,30,30,0,0,0,-27.193947450089926,5.315054652866281,-8.685885304235298e-06,0.5717753219834295,434.6333333333333,3.1411110248882324,564160.0
A_k3_c0.05_r0.001,A,negative_control,FMNoiseAimedJam,30.0,500,30,30,0,0,0,-7.459074307977506,5.7283352795587,-8.685885305199627e-06,0.5747342566710272,119.3,3.2043054699897766,564160.0
A_k3_c0.05_r0.001,A,negative_control,FMNoiseAimedJam,5.0,1250,30,30,0,0,0,14.641999827346938,0.2453441471699534,-8.685885308092608e-06,0.8685487034888808,0.9333333333333333,3.136055499392872,564160.0
A_k3_c0.05_r0.001,A,negative_control,FMNoiseAimedJam,5.0,2500,30,30,0,0,0,14.652856542184686,0.2453721789758887,-8.685885305199627e-06,0.8685487034888812,0.9333333333333333,3.127769398270175,564160.0
A_k3_c0.05_r0.001,A,negative_control,FMNoiseAimedJam,5.0,3750,30,30,0,0,0,14.61389170956693,0.24585092204428383,-8.685885305199627e-06,0.8685487034888826,0.9333333333333333,3.08990006451495,564160.0
A_k3_c0.05_r0.001,A,negative_control,FMNoiseAimedJam,5.0,4500,30,30,0,0,0,14.631866146877092,0.24629344620996815,-8.685885304235298e-06,0.8685487034888851,0.9333333333333333,3.130026435246691,564160.0
A_k3_c0.05_r0.001,A,negative_control,FMNoiseAimedJam,5.0,500,30,30,0,0,0,11.240926511687572,0.2709280376613486,-8.685885305199627e-06,0.9123068423855412,0.0,3.2063583629981927,564160.0
A_k3_c0.05_r0.001,A,negative_control,FMNoiseSaopin,0.0,1250,30,30,0,0,0,7.45834209185359,1.0753400388979457,-8.685885308092608e-06,0.9661710865306301,1.0,3.169918070004011,564160.0
A_k3_c0.05_r0.001,A,negative_control,FMNoiseSaopin,0.0,2500,30,30,0,0,0,7.85315294808068,1.1348343648820929,-8.685885305199627e-06,0.9596924984112012,1.0,3.147636059050759,564160.0
A_k3_c0.05_r0.001,A,negative_control,FMNoiseSaopin,0.0,3750,30,30,0,0,0,7.592473440826487,1.2133593103799005,-8.685885305199627e-06,0.9596924984112026,1.0,3.1057861361963055,564160.0
A_k3_c0.05_r0.001,A,negative_control,FMNoiseSaopin,0.0,4500,30,30,0,0,0,7.45628411773995,1.267994458642913,-8.685885304235298e-06,0.9598916571177576,1.0,3.138563863467425,564160.0
A_k3_c0.05_r0.001,A,negative_control,FMNoiseSaopin,0.0,500,30,30,0,0,0,2.6206189447197263,0.05093340065011352,-8.685885305199627e-06,0.9766022880074051,0.0,3.2442096640200666,564161.8666666667
A_k3_c0.05_r0.001,A,negative_control,FMNoiseSaopin,10.0,1250,30,30,0,0,0,14.170956456862308,2.332165004202138,-8.685885308092608e-06,0.9150835963700408,1.0,3.090723565158745,564160.0
A_k3_c0.05_r0.001,A,negative_control,FMNoiseSaopin,10.0,2500,30,30,0,0,0,15.12848318395617,2.2670489570277055,-8.685885305199627e-06,0.8861230634513819,1.0,3.0659041716717184,564160.0
A_k3_c0.05_r0.001,A,negative_control,FMNoiseSaopin,10.0,3750,30,30,0,0,0,15.010611742067432,2.3312075455850905,-8.685885305199627e-06,0.8861230634513835,1.0,3.072898600172872,564160.0
A_k3_c0.05_r0.001,A,negative_control,FMNoiseSaopin,10.0,4500,30,30,0,0,0,14.97501209978318,2.3737914205163606,-8.685885304235298e-06,0.8861230634513857,1.0,3.071317969200512,564160.0
A_k3_c0.05_r0.001,A,negative_control,FMNoiseSaopin,10.0,500,30,30,0,0,0,2.6547894517030017,0.04856845674943387,-8.685885305199627e-06,0.9762234122040444,0.0,3.154320865481471,564160.0
A_k3_c0.05_r0.001,A,negative_control,FMNoiseSaopin,20.0,1250,30,30,0,0,0,22.321671433034066,3.398677370690035,-8.685885308092608e-06,0.7474903121154876,1.0,3.132788803971683,564160.0
A_k3_c0.05_r0.001,A,negative_control,FMNoiseSaopin,20.0,2500,30,30,0,0,0,12.55163760044814,22.42237248367587,-8.685885305199627e-06,0.6466107756919045,45.766666666666666,3.1323360686656088,564160.0
A_k3_c0.05_r0.001,A,negative_control,FMNoiseSaopin,20.0,3750,30,30,0,0,0,12.68893793269795,22.104123686835266,-8.685885305199627e-06,0.6466107756919051,45.766666666666666,3.0952776704604426,564160.0
A_k3_c0.05_r0.001,A,negative_control,FMNoiseSaopin,20.0,4500,30,30,0,0,0,12.736040725527454,22.062941734816857,-8.685885304235298e-06,0.6466107756919058,45.766666666666666,3.1164151965640485,564160.0
A_k3_c0.05_r0.001,A,negative_control,FMNoiseSaopin,20.0,500,30,30,0,0,0,2.9497692789500265,0.12957655023046044,-8.685885305199627e-06,0.9740941309842824,0.0,3.2219207651602724,564160.0
A_k3_c0.05_r0.001,A,negative_control,FMNoiseSaopin,30.0,1250,30,30,0,0,0,-1.0176549730914666,8.670539203899047,-8.685885308092608e-06,0.6739578084635893,326.1333333333333,3.1511139939539135,564160.0
A_k3_c0.05_r0.001,A,negative_control,FMNoiseSaopin,30.0,2500,30,30,0,0,0,-146.72205570096318,55.680260890523876,-8.685885305199627e-06,0.5582984218848075,791.8666666666667,3.137038964390134,564160.0
A_k3_c0.05_r0.001,A,negative_control,FMNoiseSaopin,30.0,3750,30,30,0,0,0,-146.66606710702985,55.65968696872844,-8.685885305199627e-06,0.5582984218848076,791.8666666666667,3.094994397057841,564160.0
A_k3_c0.05_r0.001,A,negative_control,FMNoiseSaopin,30.0,4500,30,30,0,0,0,-146.67247897184672,55.666259194567175,-8.685885304235298e-06,0.558298421884808,791.8666666666667,3.1093277949063727,564160.0
A_k3_c0.05_r0.001,A,negative_control,FMNoiseSaopin,30.0,500,30,30,0,0,0,4.714239605081497,0.7243794070337479,-8.685885305199627e-06,0.9607029000558452,0.0,3.203542970974619,564160.0
A_k3_c0.05_r0.001,A,negative_control,FMNoiseSaopin,5.0,1250,30,30,0,0,0,10.564431688215624,1.6887279126799761,-8.685885308092608e-06,0.9483462705085963,1.0,3.1164403345125415,564160.0
A_k3_c0.05_r0.001,A,negative_control,FMNoiseSaopin,5.0,2500,30,30,0,0,0,11.232719525152422,1.722811262591599,-8.685885305199627e-06,0.9340587041294363,1.0,3.099635996234914,564160.0
A_k3_c0.05_r0.001,A,negative_control,FMNoiseSaopin,5.0,3750,30,30,0,0,0,11.05470914595282,1.802762115967053,-8.685885305199627e-06,0.9340587041294377,1.0,3.0682027010091892,564160.0
A_k3_c0.05_r0.001,A,negative_control,FMNoiseSaopin,5.0,4500,30,30,0,0,0,10.976639827160424,1.8573716697062073,-8.685885304235298e-06,0.9341041318248425,1.0,3.0963250319473445,564160.0
A_k3_c0.05_r0.001,A,negative_control,FMNoiseSaopin,5.0,500,30,30,0,0,0,2.629249853504005,0.049606486220789045,-8.685885305199627e-06,0.9764927940259568,0.0,3.195966634666547,564160.0
A_k3_c0.05_r0.001,A,negative_control,NoJammer,0.0,1250,30,30,0,0,0,4.630213180057521,0.06760654415899318,-8.685885308092608e-06,0.978902724727505,0.0,3.173404101592799,564160.0
A_k3_c0.05_r0.001,A,negative_control,NoJammer,0.0,2500,30,30,0,0,0,4.155875054607064,0.07136000226643253,-8.685885305199627e-06,0.9788467153133631,0.0,3.129019452414165,564160.0
A_k3_c0.05_r0.001,A,negative_control,NoJammer,0.0,3750,30,30,0,0,0,3.213955323803776,0.0853594018708795,-8.685885305199627e-06,0.9792500452839893,0.0,3.111541837764283,564160.0
A_k3_c0.05_r0.001,A,negative_control,NoJammer,0.0,4500,30,30,0,0,0,2.533980048824374,0.0898132114825119,-8.685885304235298e-06,0.9801210752952818,0.0,3.130773730420818,564160.0
A_k3_c0.05_r0.001,A,negative_control,NoJammer,0.0,500,30,30,0,0,0,4.192044702720218,0.07264840056099502,-8.685885305199627e-06,0.9797873132681547,0.0,3.23884299917457,564160.0
A_k3_c0.05_r0.001,A,negative_control,NoJammer,10.0,1250,30,30,0,0,0,4.630213180057521,0.06760654415899318,-8.685885308092608e-06,0.978902724727505,0.0,3.2813986317099384,564160.0
A_k3_c0.05_r0.001,A,negative_control,NoJammer,10.0,2500,30,30,0,0,0,4.155875054607064,0.07136000226643253,-8.685885305199627e-06,0.9788467153133631,0.0,3.2732111712296805,564160.0
A_k3_c0.05_r0.001,A,negative_control,NoJammer,10.0,3750,30,30,0,0,0,3.213955323803776,0.0853594018708795,-8.685885305199627e-06,0.9792500452839893,0.0,3.2582346349954605,564160.0
A_k3_c0.05_r0.001,A,negative_control,NoJammer,10.0,4500,30,30,0,0,0,2.533980048824374,0.0898132114825119,-8.685885304235298e-06,0.9801210752952818,0.0,3.2700152893085033,564160.0
A_k3_c0.05_r0.001,A,negative_control,NoJammer,10.0,500,30,30,0,0,0,4.192044702720218,0.07264840056099502,-8.685885305199627e-06,0.9797873132681547,0.0,3.362104279221967,564160.0
A_k3_c0.05_r0.001,A,negative_control,NoJammer,20.0,1250,30,30,0,0,0,4.630213180057521,0.06760654415899318,-8.685885308092608e-06,0.978902724727505,0.0,3.165870838953803,564160.0
A_k3_c0.05_r0.001,A,negative_control,NoJammer,20.0,2500,30,30,0,0,0,4.155875054607064,0.07136000226643253,-8.685885305199627e-06,0.9788467153133631,0.0,3.1914402012868472,564160.0
A_k3_c0.05_r0.001,A,negative_control,NoJammer,20.0,3750,30,30,0,0,0,3.213955323803776,0.0853594018708795,-8.685885305199627e-06,0.9792500452839893,0.0,3.164679033216089,564160.0
A_k3_c0.05_r0.001,A,negative_control,NoJammer,20.0,4500,30,30,0,0,0,2.533980048824374,0.0898132114825119,-8.685885304235298e-06,0.9801210752952818,0.0,3.165436130560314,564160.0
A_k3_c0.05_r0.001,A,negative_control,NoJammer,20.0,500,30,30,0,0,0,4.192044702720218,0.07264840056099502,-8.685885305199627e-06,0.9797873132681547,0.0,3.244527780528491,564160.0
A_k3_c0.05_r0.001,A,negative_control,NoJammer,30.0,1250,30,30,0,0,0,4.630213180057521,0.06760654415899318,-8.685885308092608e-06,0.978902724727505,0.0,3.2100222015287727,564160.0
A_k3_c0.05_r0.001,A,negative_control,NoJammer,30.0,2500,30,30,0,0,0,4.155875054607064,0.07136000226643253,-8.685885305199627e-06,0.9788467153133631,0.0,3.2056791261614612,564160.0
A_k3_c0.05_r0.001,A,negative_control,NoJammer,30.0,3750,30,30,0,0,0,3.213955323803776,0.0853594018708795,-8.685885305199627e-06,0.9792500452839893,0.0,3.151527796095858,564160.0
A_k3_c0.05_r0.001,A,negative_control,NoJammer,30.0,4500,30,30,0,0,0,2.533980048824374,0.0898132114825119,-8.685885304235298e-06,0.9801210752952818,0.0,3.1666096358094364,564160.0
A_k3_c0.05_r0.001,A,negative_control,NoJammer,30.0,500,30,30,0,0,0,4.192044702720218,0.07264840056099502,-8.685885305199627e-06,0.9797873132681547,0.0,3.2557625051898262,564160.0
A_k3_c0.05_r0.001,A,negative_control,NoJammer,5.0,1250,30,30,0,0,0,4.630213180057521,0.06760654415899318,-8.685885308092608e-06,0.978902724727505,0.0,3.16111669720461,564160.0
A_k3_c0.05_r0.001,A,negative_control,NoJammer,5.0,2500,30,30,0,0,0,4.155875054607064,0.07136000226643253,-8.685885305199627e-06,0.9788467153133631,0.0,3.1661986043521515,564160.0
A_k3_c0.05_r0.001,A,negative_control,NoJammer,5.0,3750,30,30,0,0,0,3.213955323803776,0.0853594018708795,-8.685885305199627e-06,0.9792500452839893,0.0,3.1185082683805376,564160.0
A_k3_c0.05_r0.001,A,negative_control,NoJammer,5.0,4500,30,30,0,0,0,2.533980048824374,0.0898132114825119,-8.685885304235298e-06,0.9801210752952818,0.0,3.1125792282788702,564160.0
A_k3_c0.05_r0.001,A,negative_control,NoJammer,5.0,500,30,30,0,0,0,4.192044702720218,0.07264840056099502,-8.685885305199627e-06,0.9797873132681547,0.0,3.2052125704164305,564160.0
A_k3_c0.05_r0.001,A,negative_control,SMSP,0.0,1250,30,30,0,0,0,13.734913565250691,0.02737880449014203,-8.685885308092608e-06,0.9051927149828238,1.0,3.1607486734477184,564160.0
A_k3_c0.05_r0.001,A,negative_control,SMSP,0.0,2500,30,30,0,0,0,13.704531146657871,0.027858187126077277,-8.685885305199627e-06,0.9051927149828247,1.0,3.13478193905515,564160.0
A_k3_c0.05_r0.001,A,negative_control,SMSP,0.0,3750,30,30,0,0,0,13.651758966841701,0.02773622445490437,-8.685885305199627e-06,0.9051927149828263,1.0,3.080479034300273,564160.0
A_k3_c0.05_r0.001,A,negative_control,SMSP,0.0,4500,30,30,0,0,0,13.659951439892172,0.027437633412210834,-8.685885304235298e-06,0.9051927149828285,1.0,3.1612528294014433,564160.0
A_k3_c0.05_r0.001,A,negative_control,SMSP,0.0,500,30,30,0,0,0,10.123270692104377,0.03150301317041374,-8.685885305199627e-06,0.9280037494929924,0.0,3.223654057364911,564163.7333333333
A_k3_c0.05_r0.001,A,negative_control,SMSP,10.0,1250,30,30,0,0,0,23.91513292261935,0.024418505823113744,-8.685885308092608e-06,0.6815033018873223,2.1,3.076961099092538,564160.0
A_k3_c0.05_r0.001,A,negative_control,SMSP,10.0,2500,30,30,0,0,0,23.91232374311602,0.024503325376194048,-8.685885305199627e-06,0.6815033018873226,2.1,3.0631763685960323,564160.0
A_k3_c0.05_r0.001,A,negative_control,SMSP,10.0,3750,30,30,0,0,0,23.906604464486772,0.024524464919817315,-8.685885305199627e-06,0.6815033018873233,2.1,3.0352374732804797,564160.0
A_k3_c0.05_r0.001,A,negative_control,SMSP,10.0,4500,30,30,0,0,0,23.94527837581835,0.024511537843077708,-8.685885304235298e-06,0.6815033018873247,2.1,3.0719973340940974,564160.0
A_k3_c0.05_r0.001,A,negative_control,SMSP,10.0,500,30,30,0,0,0,19.856529456755425,0.020284073784976216,-8.685885305199627e-06,0.756516402345,0.0,3.1711958620386818,564160.0
A_k3_c0.05_r0.001,A,negative_control,SMSP,20.0,1250,30,30,0,0,0,-36.345804674532864,0.02276823685658611,-8.685885308092608e-06,0.6194241721800006,519.0,3.1440568641604236,564160.0
A_k3_c0.05_r0.001,A,negative_control,SMSP,20.0,2500,30,30,0,0,0,-36.346421924236424,0.02278261214829156,-8.685885305199627e-06,0.6194241721800007,519.0,3.1622070256465427,564160.0
A_k3_c0.05_r0.001,A,negative_control,SMSP,20.0,3750,30,30,0,0,0,-36.346999372691066,0.02278265156057196,-8.685885305199627e-06,0.6194241721800009,519.0,3.1074874626938254,564160.0
A_k3_c0.05_r0.001,A,negative_control,SMSP,20.0,4500,30,30,0,0,0,-36.347352088356175,0.02277682628485583,-8.685885304235298e-06,0.6194241721800012,519.0,3.129022230859846,564160.0
A_k3_c0.05_r0.001,A,negative_control,SMSP,20.0,500,30,30,0,0,0,-13.62407742571468,0.02233382067644381,-8.685885305199627e-06,0.6690430124100222,96.0,3.2221611395167806,564160.0
A_k3_c0.05_r0.001,A,negative_control,SMSP,30.0,1250,30,30,0,0,0,-35.66900237562668,0.007713553115012986,-8.685885308092608e-06,0.6194257666043185,519.0,3.1553209953320525,564160.0
A_k3_c0.05_r0.001,A,negative_control,SMSP,30.0,2500,30,30,0,0,0,-35.66931550079489,0.007714117398066083,-8.685885305199627e-06,0.6194257666043185,519.0,3.1162416678853333,564160.0
A_k3_c0.05_r0.001,A,negative_control,SMSP,30.0,3750,30,30,0,0,0,-35.66937332324084,0.007714129027378152,-8.685885305199627e-06,0.6194257666043186,519.0,3.107873627838368,564160.0
A_k3_c0.05_r0.001,A,negative_control,SMSP,30.0,4500,30,30,0,0,0,-35.66895189168213,0.007651522421165951,-8.685885304235298e-06,0.6194257666043187,519.0,3.128984704380855,564160.0
A_k3_c0.05_r0.001,A,negative_control,SMSP,30.0,500,30,30,0,0,0,-13.2043874637234,0.007787291074299189,-8.685885305199627e-06,0.6701928791819471,96.0,3.1928570572442063,564160.0
A_k3_c0.05_r0.001,A,negative_control,SMSP,5.0,1250,30,30,0,0,0,18.686556818445307,0.024340806208818056,-8.685885308092608e-06,0.8276420289775347,2.0,3.13467343027393,564160.0
A_k3_c0.05_r0.001,A,negative_control,SMSP,5.0,2500,30,30,0,0,0,18.676677468377754,0.024543952132672475,-8.685885305199627e-06,0.8276420289775354,2.0,3.0953375389799476,564160.0
A_k3_c0.05_r0.001,A,negative_control,SMSP,5.0,3750,30,30,0,0,0,18.6589597630198,0.024551627797145304,-8.685885305199627e-06,0.8276420289775366,2.0,3.0935139453504235,564160.0
A_k3_c0.05_r0.001,A,negative_control,SMSP,5.0,4500,30,30,0,0,0,18.689946611274127,0.024498312670399706,-8.685885304235298e-06,0.8276420289775389,2.0,3.1643958024991057,564160.0
A_k3_c0.05_r0.001,A,negative_control,SMSP,5.0,500,30,30,0,0,0,14.7408229413443,0.022062155729603187,-8.685885305199627e-06,0.8722322438488697,0.0,3.204512495237092,564160.0
A_k3_c0.05_r0.001,A,target_jammer,NoiseConvolutionJamming,0.0,1250,30,30,0,0,0,13.389157353809594,0.2014760100681161,-8.685885308092608e-06,0.8957663290911193,0.9666666666666667,3.0876347329467535,564160.0
A_k3_c0.05_r0.001,A,target_jammer,NoiseConvolutionJamming,0.0,2500,30,30,0,0,0,13.358547979242047,0.20159458098107488,-8.685885305199627e-06,0.8957663290911196,0.9666666666666667,3.056212462252006,564160.0
A_k3_c0.05_r0.001,A,target_jammer,NoiseConvolutionJamming,0.0,3750,30,30,0,0,0,13.305454485087807,0.20215694325019523,-8.685885305199627e-06,0.8957663290911213,0.9666666666666667,3.000498671705524,564160.0
A_k3_c0.05_r0.001,A,target_jammer,NoiseConvolutionJamming,0.0,4500,30,30,0,0,0,13.313988268549169,0.20217670585644737,-8.685885304235298e-06,0.895826475434457,0.9666666666666667,3.04551266405421,564160.0
A_k3_c0.05_r0.001,A,target_jammer,NoiseConvolutionJamming,0.0,500,30,30,0,0,0,10.42711225874571,0.2098577221036819,-8.685885305199627e-06,0.9223106902831709,0.0,3.1366222441041223,564161.8666666667
A_k3_c0.05_r0.001,A,target_jammer,NoiseConvolutionJamming,10.0,1250,30,30,0,0,0,22.572924070667533,0.5702068080298227,-8.685885308092608e-06,0.6860396515556099,1.4333333333333333,3.1290444293214628,564160.0
A_k3_c0.05_r0.001,A,target_jammer,NoiseConvolutionJamming,10.0,2500,30,30,0,0,0,22.571663656202094,0.5702074786779912,-8.685885305199627e-06,0.68603965155561,1.4333333333333333,3.1331804619791606,564160.0
A_k3_c0.05_r0.001,A,target_jammer,NoiseConvolutionJamming,10.0,3750,30,30,0,0,0,22.56593324470683,0.570250202966367,-8.685885305199627e-06,0.6860396515556105,1.4333333333333333,3.077612466101224,564160.0
A_k3_c0.05_r0.001,A,target_jammer,NoiseConvolutionJamming,10.0,4500,30,30,0,0,0,22.60414185853647,0.5702732317183627,-8.685885304235298e-06,0.6828991742224451,1.2,3.1209706949690976,564160.0
A_k3_c0.05_r0.001,A,target_jammer,NoiseConvolutionJamming,10.0,500,30,30,0,0,0,19.2806238438316,0.5239531728824321,-8.685885305199627e-06,0.7810762418399124,0.23333333333333334,3.223367960890755,564160.0
A_k3_c0.05_r0.001,A,target_jammer,NoiseConvolutionJamming,20.0,1250,30,30,0,0,0,-14.614063671115389,6.659969236394645,-8.685885308092608e-06,0.5627561900655658,250.63333333333333,3.1326193323669336,564160.0
A_k3_c0.05_r0.001,A,target_jammer,NoiseConvolutionJamming,20.0,2500,30,30,0,0,0,-14.61236652065939,6.660093623006335,-8.685885305199627e-06,0.5627561900655658,250.63333333333333,3.1112776681159935,564160.0
A_k3_c0.05_r0.001,A,target_jammer,NoiseConvolutionJamming,20.0,3750,30,30,0,0,0,-14.612944749981466,6.6600918375264735,-8.685885305199627e-06,0.5627561900655659,250.63333333333333,3.076854233707612,564160.0
A_k3_c0.05_r0.001,A,target_jammer,NoiseConvolutionJamming,20.0,4500,30,30,0,0,0,-14.608475553602238,7.968803411911049,-8.685885304235298e-06,0.5381956005685619,263.8666666666667,3.1146167990906783,564160.0
A_k3_c0.05_r0.001,A,target_jammer,NoiseConvolutionJamming,20.0,500,30,30,0,0,0,0.6067737227880389,6.989909029084882,-8.685885305199627e-06,0.611478333936687,68.43333333333334,3.1917527647844204,564160.0
A_k3_c0.05_r0.001,A,target_jammer,NoiseConvolutionJamming,30.0,1250,30,30,0,0,0,-14.37140154761198,5.8589527183615235,-8.685885308092608e-06,0.5593326247082164,253.1,3.0998722688915827,564160.0
A_k3_c0.05_r0.001,A,target_jammer,NoiseConvolutionJamming,30.0,2500,30,30,0,0,0,-14.369391293700271,5.8590703527992,-8.685885305199627e-06,0.5593326247082164,253.1,3.1033973675221205,564160.0
A_k3_c0.05_r0.001,A,target_jammer,NoiseConvolutionJamming,30.0,3750,30,30,0,0,0,-14.369449188453217,5.859070217351638,-8.685885305199627e-06,0.5593326247082164,253.1,3.0789125400284925,564160.0
A_k3_c0.05_r0.001,A,target_jammer,NoiseConvolutionJamming,30.0,4500,30,30,0,0,0,-17.188423616641966,6.343479911960916,-8.685885304235298e-06,0.5399142431636835,280.93333333333334,3.1001764019796005,564160.0
A_k3_c0.05_r0.001,A,target_jammer,NoiseConvolutionJamming,30.0,500,30,30,0,0,0,-4.264142262387968,5.781859031266566,-8.685885305199627e-06,0.5962866328536752,80.76666666666667,3.207072231452912,564160.0
A_k3_c0.05_r0.001,A,target_jammer,NoiseConvolutionJamming,5.0,1250,30,30,0,0,0,18.013468588811033,0.3386243794295314,-8.685885308092608e-06,0.8180361340939697,0.9666666666666667,3.116334695369005,564160.0
A_k3_c0.05_r0.001,A,target_jammer,NoiseConvolutionJamming,5.0,2500,30,30,0,0,0,18.00471246638598,0.338633645914172,-8.685885305199627e-06,0.81803613409397,0.9666666666666667,3.102770837722346,564160.0
A_k3_c0.05_r0.001,A,target_jammer,NoiseConvolutionJamming,5.0,3750,30,30,0,0,0,17.986940048142838,0.3387728098089171,-8.685885305199627e-06,0.8180361340939711,0.9666666666666667,3.093881963286549,564160.0
A_k3_c0.05_r0.001,A,target_jammer,NoiseConvolutionJamming,5.0,4500,30,30,0,0,0,18.01790104463304,0.33869786355639425,-8.685885304235298e-06,0.818019236273344,0.9333333333333333,3.132540261140093,564160.0
A_k3_c0.05_r0.001,A,target_jammer,NoiseConvolutionJamming,5.0,500,30,30,0,0,0,14.798129284348203,0.3215253094318019,-8.685885305199627e-06,0.8713116393664233,0.03333333333333333,3.200479301934441,564160.0
A_k3_c0.05_r0.001,A,target_jammer,NoiseProductJamming,0.0,1250,30,30,0,0,0,12.391110000320046,0.22317148405914078,-8.685885308092608e-06,0.8979513056385995,1.0666666666666667,3.0382748324579247,564146.2
A_k3_c0.05_r0.001,A,target_jammer,NoiseProductJamming,0.0,2500,30,30,0,0,0,12.347799085680476,0.22402768155192676,-8.685885305199627e-06,0.8979513056386,1.0666666666666667,3.030837563953052,564138.5333333333
A_k3_c0.05_r0.001,A,target_jammer,NoiseProductJamming,0.0,3750,30,30,0,0,0,12.277499415783348,0.22488975754038643,-8.685885305199627e-06,0.8979513056386015,1.0666666666666667,3.0009764751108983,564132.4
A_k3_c0.05_r0.001,A,target_jammer,NoiseProductJamming,0.0,4500,30,30,0,0,0,12.274838411034244,0.2255421806546924,-8.685885304235298e-06,0.8979614048294849,1.0666666666666667,3.0425692966673523,564150.8
A_k3_c0.05_r0.001,A,target_jammer,NoiseProductJamming,0.0,500,30,30,0,0,0,12.204999120939023,0.22262868714752318,-8.685885305199627e-06,0.9180414852775548,0.0,3.1086264042338976,564377.9
A_k3_c0.05_r0.001,A,target_jammer,NoiseProductJamming,10.0,1250,30,30,0,0,0,21.93133748379085,0.5645676398736893,-8.685885308092608e-06,0.6720410363563439,1.7333333333333334,3.1250014008643725,564160.0
A_k3_c0.05_r0.001,A,target_jammer,NoiseProductJamming,10.0,2500,30,30,0,0,0,21.926541629179773,0.5646136198640315,-8.685885305199627e-06,0.672041036356344,1.7333333333333334,3.100181993795559,564160.0
A_k3_c0.05_r0.001,A,target_jammer,NoiseProductJamming,10.0,3750,30,30,0,0,0,21.918815544269457,0.5646880657997442,-8.685885305199627e-06,0.6720410363563448,1.7333333333333334,3.0736514347760626,564160.0
A_k3_c0.05_r0.001,A,target_jammer,NoiseProductJamming,10.0,4500,30,30,0,0,0,21.955792603693464,0.5646513206662425,-8.685885304235298e-06,0.6704130288330391,1.6,3.131059801671654,564160.0
A_k3_c0.05_r0.001,A,target_jammer,NoiseProductJamming,10.0,500,30,30,0,0,0,21.80087308535008,0.5669020502924893,-8.685885305199627e-06,0.7303645576021263,0.13333333333333333,3.198043159985294,564206.0
A_k3_c0.05_r0.001,A,target_jammer,NoiseProductJamming,20.0,1250,30,30,0,0,0,-15.779161441087712,4.619389592918108,-8.685885308092608e-06,0.5783404318325125,203.03333333333333,3.14904167316854,564149.2666666667
A_k3_c0.05_r0.001,A,target_jammer,NoiseProductJamming,20.0,2500,30,30,0,0,0,-15.779751548686212,4.619412536397027,-8.685885305199627e-06,0.5783404318325126,203.03333333333333,3.144711001853769,564149.2666666667
A_k3_c0.05_r0.001,A,target_jammer,NoiseProductJamming,20.0,3750,30,30,0,0,0,-15.780531690654003,4.619414849867782,-8.685885305199627e-06,0.5783404318325128,203.03333333333333,3.115094497722263,564149.2666666667
A_k3_c0.05_r0.001,A,target_jammer,NoiseProductJamming,20.0,4500,30,30,0,0,0,-16.211682249966948,4.56896390008564,-8.685885304235298e-06,0.5870510571607703,207.06666666666666,3.121793002355844,564149.2666666667
A_k3_c0.05_r0.001,A,target_jammer,NoiseProductJamming,20.0,500,30,30,0,0,0,-0.6538332395210279,5.998456014457477,-8.685885305199627e-06,0.5763860970503709,62.733333333333334,3.2377040712162852,564160.0
A_k3_c0.05_r0.001,A,target_jammer,NoiseProductJamming,30.0,1250,30,30,0,0,0,-15.522119698630895,3.8683799233029648,-8.685885308092608e-06,0.5753152754588249,205.96666666666667,3.177212607503558,564147.7333333333
A_k3_c0.05_r0.001,A,target_jammer,NoiseProductJamming,30.0,2500,30,30,0,0,0,-15.522277699759252,3.868412992445908,-8.685885305199627e-06,0.575315275458825,205.96666666666667,3.1031889705142626,564147.7333333333
A_k3_c0.05_r0.001,A,target_jammer,NoiseProductJamming,30.0,3750,30,30,0,0,0,-15.522355783763722,3.8684132368173527,-8.685885305199627e-06,0.575315275458825,205.96666666666667,3.1044930665909,564146.2
A_k3_c0.05_r0.001,A,target_jammer,NoiseProductJamming,30.0,4500,30,30,0,0,0,-16.228283942042417,3.8224426431656093,-8.685885304235298e-06,0.5819716268808182,214.76666666666668,3.112568036885932,564147.7333333333
A_k3_c0.05_r0.001,A,target_jammer,NoiseProductJamming,30.0,500,30,30,0,0,0,-2.139975626201091,5.436707185390148,-8.685885305199627e-06,0.5755074407095507,71.16666666666667,3.2223361680128924,564155.4
A_k3_c0.05_r0.001,A,target_jammer,NoiseProductJamming,5.0,1250,30,30,0,0,0,17.124753549773235,0.3673158998196949,-8.685885308092608e-06,0.8164382243637848,1.2,3.166965243872255,564152.3333333334
A_k3_c0.05_r0.001,A,target_jammer,NoiseProductJamming,5.0,2500,30,30,0,0,0,17.109939181791614,0.36752231241752026,-8.685885305199627e-06,0.816438224363785,1.2,3.145297300458575,564153.8666666667
A_k3_c0.05_r0.001,A,target_jammer,NoiseProductJamming,5.0,3750,30,30,0,0,0,17.086071812193072,0.3677605252859408,-8.685885305199627e-06,0.8164382243637863,1.2,3.086470930914705,564149.2666666667
A_k3_c0.05_r0.001,A,target_jammer,NoiseProductJamming,5.0,4500,30,30,0,0,0,17.11327729553509,0.36794212511425495,-8.685885304235298e-06,0.816481500575812,1.2,3.1261471721033254,564153.8666666667
A_k3_c0.05_r0.001,A,target_jammer,NoiseProductJamming,5.0,500,30,30,0,0,0,16.953604224779305,0.3659694144799382,-8.685885305199627e-06,0.8576292195809941,0.0,3.239304075638453,564172.2666666667
A_k3_c0.05_r0.01,A,negative_control,AMNoiseGaiJam,0.0,1250,30,30,0,0,0,8.34516170151558,0.09614220302524848,-8.685846209919741e-05,0.9511794986607411,1.0,3.195931869170939,564158.4666666667
A_k3_c0.05_r0.01,A,negative_control,AMNoiseGaiJam,0.0,2500,30,30,0,0,0,8.286278077346644,0.09826467722207806,-8.685846209726876e-05,0.9511794986607419,1.0,3.136661097717782,564156.9333333333
A_k3_c0.05_r0.01,A,negative_control,AMNoiseGaiJam,0.0,3750,30,30,0,0,0,8.124875237525101,0.09997459484170965,-8.685846209919741e-05,0.9511794986607435,1.0,3.114929139458885,564156.9333333333
A_k3_c0.05_r0.01,A,negative_control,AMNoiseGaiJam,0.0,4500,30,30,0,0,0,8.062337474826307,0.10121826897825209,-8.685846209726876e-05,0.9513865235883859,1.0,3.1374097355486206,564158.4666666667
A_k3_c0.05_r0.01,A,negative_control,AMNoiseGaiJam,0.0,500,30,30,0,0,0,6.218283750556675,0.08875712313273672,-8.685846209919741e-05,0.9539279108148381,0.0,3.230772231472656,564158.4666666667
A_k3_c0.05_r0.01,A,negative_control,AMNoiseGaiJam,10.0,1250,30,30,0,0,0,16.51881778850044,0.14140607005921532,-8.685846209919741e-05,0.8682985659051241,0.8333333333333334,3.119736166748529,564160.0
A_k3_c0.05_r0.01,A,negative_control,AMNoiseGaiJam,10.0,2500,30,30,0,0,0,16.543920670430825,0.14054920373358445,-8.685846209726876e-05,0.8682985659051243,0.8333333333333334,3.085618200323855,564160.0
A_k3_c0.05_r0.01,A,negative_control,AMNoiseGaiJam,10.0,3750,30,30,0,0,0,16.52415463111507,0.14072951740183828,-8.685846209919741e-05,0.8682985659051259,0.8333333333333334,3.0491986059738942,564160.0
A_k3_c0.05_r0.01,A,negative_control,AMNoiseGaiJam,10.0,4500,30,30,0,0,0,16.55403650278118,0.14075696522079229,-8.685846209726876e-05,0.8682985659051279,0.8333333333333334,3.093440275794516,564160.0
A_k3_c0.05_r0.01,A,negative_control,AMNoiseGaiJam,10.0,500,30,30,0,0,0,13.46831156470453,0.17184643457377194,-8.685846209919741e-05,0.8987849747008293,0.0,3.1818319694139063,564160.0
A_k3_c0.05_r0.01,A,negative_control,AMNoiseGaiJam,20.0,1250,30,30,0,0,0,24.227691285626026,0.2474695594562749,-8.685846209919741e-05,0.6793817391074097,0.3333333333333333,3.1306804002573094,564160.0
A_k3_c0.05_r0.01,A,negative_control,AMNoiseGaiJam,20.0,2500,30,30,0,0,0,24.263126435171884,0.24679270845122278,-8.685846209726876e-05,0.6793817391074097,0.3333333333333333,3.017540204261119,564160.0
A_k3_c0.05_r0.01,A,negative_control,AMNoiseGaiJam,20.0,3750,30,30,0,0,0,24.261119444448962,0.246795650058459,-8.685846209919741e-05,0.6793817391074105,0.3333333333333333,2.9932291014119983,564160.0
A_k3_c0.05_r0.01,A,negative_control,AMNoiseGaiJam,20.0,4500,30,30,0,0,0,24.302222237876382,0.24677699491539865,-8.685846209726876e-05,0.6793817391074113,0.3333333333333333,3.026629169471562,564160.0
A_k3_c0.05_r0.01,A,negative_control,AMNoiseGaiJam,20.0,500,30,30,0,0,0,21.00508571101116,0.28442250808428654,-8.685846209919741e-05,0.7661815692471248,0.0,3.104322337700675,564160.0
A_k3_c0.05_r0.01,A,negative_control,AMNoiseGaiJam,30.0,1250,30,30,0,0,0,-19.658671334114548,8.52649250431013,-8.685846209919741e-05,0.5390924068490826,307.56666666666666,3.117197131117185,564160.0
A_k3_c0.05_r0.01,A,negative_control,AMNoiseGaiJam,30.0,2500,30,30,0,0,0,-19.622670919700404,8.52687551852075,-8.685846209726876e-05,0.5390924068490826,307.56666666666666,3.0871403694618493,564160.0
A_k3_c0.05_r0.01,A,negative_control,AMNoiseGaiJam,30.0,3750,30,30,0,0,0,-19.62287145194966,8.52687714467522,-8.685846209919741e-05,0.5390924068490826,307.56666666666666,3.0682889298380664,564160.0
A_k3_c0.05_r0.01,A,negative_control,AMNoiseGaiJam,30.0,4500,30,30,0,0,0,-19.615828833602567,8.53218622681053,-8.685846209726876e-05,0.5420042023284061,307.56666666666666,3.07632646872662,564160.0
A_k3_c0.05_r0.01,A,negative_control,AMNoiseGaiJam,30.0,500,30,30,0,0,0,16.71441325764549,5.950888377143852,-8.685846209919741e-05,0.5910439010835348,22.633333333333333,3.1638721974256137,564160.0
A_k3_c0.05_r0.01,A,negative_control,AMNoiseGaiJam,5.0,1250,30,30,0,0,0,12.27536620323926,0.11887069645296178,-8.685846209919741e-05,0.9201052739007107,1.0,3.0972362243725606,564160.0
A_k3_c0.05_r0.01,A,negative_control,AMNoiseGaiJam,5.0,2500,30,30,0,0,0,12.276699548558136,0.11864314952489131,-8.685846209726876e-05,0.9201052739007111,1.0,3.0955110443755984,564160.0
A_k3_c0.05_r0.01,A,negative_control,AMNoiseGaiJam,5.0,3750,30,30,0,0,0,12.217168380529378,0.11931152898666314,-8.685846209919741e-05,0.9201052739007125,1.0,3.054824968179067,564160.0
A_k3_c0.05_r0.01,A,negative_control,AMNoiseGaiJam,5.0,4500,30,30,0,0,0,12.221610449390392,0.1196567067582189,-8.685846209726876e-05,0.9201052739007151,1.0,3.081062395358458,564160.0
A_k3_c0.05_r0.01,A,negative_control,AMNoiseGaiJam,5.0,500,30,30,0,0,0,9.526975113012488,0.1338140585501045,-8.685846209919741e-05,0.933322742040175,0.0,3.1681222026236355,564160.0
A_k3_c0.05_r0.01,A,negative_control,FMNoiseAimedJam,0.0,1250,30,30,0,0,0,10.251703608514894,0.1709537007951976,-8.685846209919741e-05,0.9248348389447804,1.0,3.167755665102353,564160.0
A_k3_c0.05_r0.01,A,negative_control,FMNoiseAimedJam,0.0,2500,30,30,0,0,0,10.21902489406434,0.17269654294841005,-8.685846209726876e-05,0.9248348389447807,1.0,3.1179819042639187,564160.0
A_k3_c0.05_r0.01,A,negative_control,FMNoiseAimedJam,0.0,3750,30,30,0,0,0,10.108875600016813,0.17468754643699871,-8.685846209919741e-05,0.9248348389447826,1.0,3.0885069301196686,564160.0
A_k3_c0.05_r0.01,A,negative_control,FMNoiseAimedJam,0.0,4500,30,30,0,0,0,10.081448473538519,0.17627016800049988,-8.685846209726876e-05,0.9248348389447852,1.0,3.120076365303248,564160.0
A_k3_c0.05_r0.01,A,negative_control,FMNoiseAimedJam,0.0,500,30,30,0,0,0,7.372832106069964,0.18712015782563032,-8.685846209919741e-05,0.9448097620868068,0.0,3.205537466177096,564160.0
A_k3_c0.05_r0.01,A,negative_control,FMNoiseAimedJam,10.0,1250,30,30,0,0,0,19.342106547945335,0.3912802816608071,-8.685846209919741e-05,0.7690736854127564,1.1666666666666667,3.1004681290748217,564160.0
A_k3_c0.05_r0.01,A,negative_control,FMNoiseAimedJam,10.0,2500,30,30,0,0,0,19.36949170933045,0.39081431485837304,-8.685846209726876e-05,0.7690736854127568,1.1666666666666667,3.0784444301389158,564160.0
A_k3_c0.05_r0.01,A,negative_control,FMNoiseAimedJam,10.0,3750,30,30,0,0,0,19.35669418697503,0.3909170183161533,-8.685846209919741e-05,0.7690736854127579,1.1666666666666667,3.0527194341023765,564160.0
A_k3_c0.05_r0.01,A,negative_control,FMNoiseAimedJam,10.0,4500,30,30,0,0,0,19.391002600696762,0.3910140507427675,-8.685846209726876e-05,0.7689078991181449,1.1333333333333333,3.0522540289287767,564160.0
A_k3_c0.05_r0.01,A,negative_control,FMNoiseAimedJam,10.0,500,30,30,0,0,0,15.725898322961276,0.4184065114948266,-8.685846209919741e-05,0.851156333349184,0.03333333333333333,3.1631443998776376,564160.0
A_k3_c0.05_r0.01,A,negative_control,FMNoiseAimedJam,20.0,1250,30,30,0,0,0,-18.56248833844431,9.216334554730503,-8.685846209919741e-05,0.5680308058534795,347.76666666666665,3.06987920581984,564160.0
A_k3_c0.05_r0.01,A,negative_control,FMNoiseAimedJam,20.0,2500,30,30,0,0,0,-18.52804461771634,9.214873271384487,-8.685846209726876e-05,0.5680308058534794,347.76666666666665,3.041919495444745,564160.0
A_k3_c0.05_r0.01,A,negative_control,FMNoiseAimedJam,20.0,3750,30,30,0,0,0,-18.5293448244634,9.214880940160072,-8.685846209919741e-05,0.5680308058534798,347.76666666666665,3.015061103117963,564160.0
A_k3_c0.05_r0.01,A,negative_control,FMNoiseAimedJam,20.0,4500,30,30,0,0,0,-18.52032978559309,9.220741386574213,-8.685846209726876e-05,0.5691413211239699,347.73333333333335,3.018574934685603,564160.0
A_k3_c0.05_r0.01,A,negative_control,FMNoiseAimedJam,20.0,500,30,30,0,0,0,11.203165410336311,6.91400932813803,-8.685846209919741e-05,0.6052473960324941,44.06666666666667,3.118311002617702,564160.0
A_k3_c0.05_r0.01,A,negative_control,FMNoiseAimedJam,30.0,1250,30,30,0,0,0,-27.23051708524286,5.313861006718223,-8.685846209919741e-05,0.5691115166857464,434.6333333333333,3.140823585757365,564160.0
A_k3_c0.05_r0.01,A,negative_control,FMNoiseAimedJam,30.0,2500,30,30,0,0,0,-27.195320382771293,5.313553661235901,-8.685846209726876e-05,0.5691115166857464,434.6333333333333,3.104500100016594,564160.0
A_k3_c0.05_r0.01,A,negative_control,FMNoiseAimedJam,30.0,3750,30,30,0,0,0,-27.19545059358404,5.313554216964596,-8.685846209919741e-05,0.5691115166857464,434.6333333333333,3.0515513964928687,564160.0
A_k3_c0.05_r0.01,A,negative_control,FMNoiseAimedJam,30.0,4500,30,30,0,0,0,-27.193947450089915,5.315054652866274,-8.685846209726876e-05,0.5717753219834295,434.6333333333333,3.0885304925808064,564160.0
A_k3_c0.05_r0.01,A,negative_control,FMNoiseAimedJam,30.0,500,30,30,0,0,0,-7.459074307977507,5.7283352795587,-8.685846209919741e-05,0.5747342566710272,119.3,3.1807138720372072,564160.0
A_k3_c0.05_r0.01,A,negative_control,FMNoiseAimedJam,5.0,1250,30,30,0,0,0,14.641999827346933,0.24534414716995373,-8.685846209919741e-05,0.8685487034888808,0.9333333333333333,3.127069464729478,564160.0
A_k3_c0.05_r0.01,A,negative_control,FMNoiseAimedJam,5.0,2500,30,30,0,0,0,14.652856542184685,0.24537217897588895,-8.685846209726876e-05,0.8685487034888812,0.9333333333333333,3.101433338209366,564160.0
A_k3_c0.05_r0.01,A,negative_control,FMNoiseAimedJam,5.0,3750,30,30,0,0,0,14.613891709566929,0.24585092204428388,-8.685846209919741e-05,0.8685487034888826,0.9333333333333333,3.0634889049300305,564160.0
A_k3_c0.05_r0.01,A,negative_control,FMNoiseAimedJam,5.0,4500,30,30,0,0,0,14.631866146877092,0.24629344620996854,-8.685846209726876e-05,0.8685487034888851,0.9333333333333333,3.084356898519521,564160.0
A_k3_c0.05_r0.01,A,negative_control,FMNoiseAimedJam,5.0,500,30,30,0,0,0,11.240926511687572,0.27092803766134843,-8.685846209919741e-05,0.9123068423855412,0.0,3.17990273082008,564160.0
A_k3_c0.05_r0.01,A,negative_control,FMNoiseSaopin,0.0,1250,30,30,0,0,0,7.45834209185359,1.0753400388979457,-8.685846209919741e-05,0.9661710865306301,1.0,3.146484767785296,564160.0
A_k3_c0.05_r0.01,A,negative_control,FMNoiseSaopin,0.0,2500,30,30,0,0,0,7.85315294808068,1.1348343648820927,-8.685846209726876e-05,0.9596924984112012,1.0,3.1439014652278274,564160.0
A_k3_c0.05_r0.01,A,negative_control,FMNoiseSaopin,0.0,3750,30,30,0,0,0,7.59247344082649,1.2133593103799007,-8.685846209919741e-05,0.9596924984112026,1.0,3.074305463815108,564160.0
A_k3_c0.05_r0.01,A,negative_control,FMNoiseSaopin,0.0,4500,30,30,0,0,0,7.45628411773995,1.2679944586429133,-8.685846209726876e-05,0.9598916571177576,1.0,3.0989082627153643,564160.0
A_k3_c0.05_r0.01,A,negative_control,FMNoiseSaopin,0.0,500,30,30,0,0,0,2.620618944719726,0.0509334006501135,-8.685846209919741e-05,0.9766022880074051,0.0,3.186102737284576,564160.0
A_k3_c0.05_r0.01,A,negative_control,FMNoiseSaopin,10.0,1250,30,30,0,0,0,14.17095645686231,2.332165004202137,-8.685846209919741e-05,0.9150835963700408,1.0,3.0677360055657723,564160.0
A_k3_c0.05_r0.01,A,negative_control,FMNoiseSaopin,10.0,2500,30,30,0,0,0,15.128483183956169,2.2670489570277055,-8.685846209726876e-05,0.8861230634513819,1.0,3.038048668531701,564160.0
A_k3_c0.05_r0.01,A,negative_control,FMNoiseSaopin,10.0,3750,30,30,0,0,0,15.010611742067432,2.3312075455850905,-8.685846209919741e-05,0.8861230634513835,1.0,3.016916631410519,564160.0
A_k3_c0.05_r0.01,A,negative_control,FMNoiseSaopin,10.0,4500,30,30,0,0,0,14.97501209978318,2.37379142051636,-8.685846209726876e-05,0.8861230634513857,1.0,3.0283279406527677,564160.0
A_k3_c0.05_r0.01,A,negative_control,FMNoiseSaopin,10.0,500,30,30,0,0,0,2.6547894517030013,0.048568456749433365,-8.685846209919741e-05,0.9762234122040444,0.0,3.0992305953986943,564160.0
A_k3_c0.05_r0.01,A,negative_control,FMNoiseSaopin,20.0,1250,30,30,0,0,0,22.321671433034066,3.398677370690035,-8.685846209919741e-05,0.7474903121154876,1.0,3.1223347410559654,564160.0
A_k3_c0.05_r0.01,A,negative_control,FMNoiseSaopin,20.0,2500,30,30,0,0,0,12.675588532225333,22.18138937939128,-8.685846209726876e-05,0.6466107756919045,45.766666666666666,3.0864040774758905,564160.0
A_k3_c0.05_r0.01,A,negative_control,FMNoiseSaopin,20.0,3750,30,30,0,0,0,12.658400407483075,22.163481228275508,-8.685846209919741e-05,0.6466107756919051,45.766666666666666,3.062170840955029,564160.0
A_k3_c0.05_r0.01,A,negative_control,FMNoiseSaopin,20.0,4500,30,30,0,0,0,12.560023090926695,22.405083030576172,-8.685846209726876e-05,0.6466107756919058,45.766666666666666,3.0947722979666046,564160.0
A_k3_c0.05_r0.01,A,negative_control,FMNoiseSaopin,20.0,500,30,30,0,0,0,2.949769278950025,0.12957655023046036,-8.685846209919741e-05,0.9740941309842824,0.0,3.1670457334257662,564160.0
A_k3_c0.05_r0.01,A,negative_control,FMNoiseSaopin,30.0,1250,30,30,0,0,0,-1.0176549730914755,8.67053920389905,-8.685846209919741e-05,0.6739578084635893,326.1333333333333,3.14143889506037,564160.0
A_k3_c0.05_r0.01,A,negative_control,FMNoiseSaopin,30.0,2500,30,30,0,0,0,-146.71602131091979,55.67890858168059,-8.685846209726876e-05,0.5582984218848075,791.8666666666667,3.1202486696808287,564160.0
A_k3_c0.05_r0.01,A,negative_control,FMNoiseSaopin,30.0,3750,30,30,0,0,0,-146.6037136954638,55.63564595466767,-8.685846209919741e-05,0.5582984218848076,791.8666666666667,3.100763796828687,564160.0
A_k3_c0.05_r0.01,A,negative_control,FMNoiseSaopin,30.0,4500,30,30,0,0,0,-146.7080348879705,55.681530617572285,-8.685846209726876e-05,0.558298421884808,791.8666666666667,3.102599895404031,564160.0
A_k3_c0.05_r0.01,A,negative_control,FMNoiseSaopin,30.0,500,30,30,0,0,0,4.714239605081497,0.7243794070337484,-8.685846209919741e-05,0.9607029000558452,0.0,3.166100066543246,564160.0
A_k3_c0.05_r0.01,A,negative_control,FMNoiseSaopin,5.0,1250,30,30,0,0,0,10.564431688215626,1.6887279126799755,-8.685846209919741e-05,0.9483462705085963,1.0,3.098084764011825,564160.0
A_k3_c0.05_r0.01,A,negative_control,FMNoiseSaopin,5.0,2500,30,30,0,0,0,11.232719525152422,1.7228112625915988,-8.685846209726876e-05,0.9340587041294363,1.0,3.0983638930289694,564160.0
A_k3_c0.05_r0.01,A,negative_control,FMNoiseSaopin,5.0,3750,30,30,0,0,0,11.05470914595282,1.8027621159670526,-8.685846209919741e-05,0.9340587041294377,1.0,3.034973501538237,564160.0
A_k3_c0.05_r0.01,A,negative_control,FMNoiseSaopin,5.0,4500,30,30,0,0,0,10.976639827160424,1.8573716697062082,-8.685846209726876e-05,0.9341041318248425,1.0,3.080236038658768,564160.0
A_k3_c0.05_r0.01,A,negative_control,FMNoiseSaopin,5.0,500,30,30,0,0,0,2.629249853504005,0.04960648622078881,-8.685846209919741e-05,0.9764927940259568,0.0,3.151306932947288,564160.0
A_k3_c0.05_r0.01,A,negative_control,NoJammer,0.0,1250,30,30,0,0,0,4.630213180057521,0.06760654415899318,-8.685846209919741e-05,0.978902724727505,0.0,3.1569528315837183,564160.0
A_k3_c0.05_r0.01,A,negative_control,NoJammer,0.0,2500,30,30,0,0,0,4.155875054607064,0.07136000226643253,-8.685846209726876e-05,0.9788467153133631,0.0,3.1072306621354073,564160.0
A_k3_c0.05_r0.01,A,negative_control,NoJammer,0.0,3750,30,30,0,0,0,3.2139553238037775,0.08535940187087952,-8.685846209919741e-05,0.9792500452839893,0.0,3.077237463245789,564160.0
A_k3_c0.05_r0.01,A,negative_control,NoJammer,0.0,4500,30,30,0,0,0,2.5339800488243736,0.08981321148251198,-8.685846209726876e-05,0.9801210752952818,0.0,3.1182943940317878,564160.0
A_k3_c0.05_r0.01,A,negative_control,NoJammer,0.0,500,30,30,0,0,0,4.192044702720216,0.07264840056099496,-8.685846209919741e-05,0.9797873132681547,0.0,3.2088666940884045,564160.0
A_k3_c0.05_r0.01,A,negative_control,NoJammer,10.0,1250,30,30,0,0,0,4.630213180057521,0.06760654415899318,-8.685846209919741e-05,0.978902724727505,0.0,3.25404589336055,564160.0
A_k3_c0.05_r0.01,A,negative_control,NoJammer,10.0,2500,30,30,0,0,0,4.155875054607064,0.07136000226643253,-8.685846209726876e-05,0.9788467153133631,0.0,3.2551347258655974,564160.0
A_k3_c0.05_r0.01,A,negative_control,NoJammer,10.0,3750,30,30,0,0,0,3.2139553238037775,0.08535940187087952,-8.685846209919741e-05,0.9792500452839893,0.0,3.2049944663109877,564160.0
A_k3_c0.05_r0.01,A,negative_control,NoJammer,10.0,4500,30,30,0,0,0,2.5339800488243736,0.08981321148251198,-8.685846209726876e-05,0.9801210752952818,0.0,3.204692966149499,564160.0
A_k3_c0.05_r0.01,A,negative_control,NoJammer,10.0,500,30,30,0,0,0,4.192044702720216,0.07264840056099496,-8.685846209919741e-05,0.9797873132681547,0.0,3.3065638970583677,564160.0
A_k3_c0.05_r0.01,A,negative_control,NoJammer,20.0,1250,30,30,0,0,0,4.630213180057521,0.06760654415899318,-8.685846209919741e-05,0.978902724727505,0.0,3.1439903017599136,564160.0
A_k3_c0.05_r0.01,A,negative_control,NoJammer,20.0,2500,30,30,0,0,0,4.155875054607064,0.07136000226643253,-8.685846209726876e-05,0.9788467153133631,0.0,3.1813264339386174,564160.0
A_k3_c0.05_r0.01,A,negative_control,NoJammer,20.0,3750,30,30,0,0,0,3.2139553238037775,0.08535940187087952,-8.685846209919741e-05,0.9792500452839893,0.0,3.135568000531445,564160.0
A_k3_c0.05_r0.01,A,negative_control,NoJammer,20.0,4500,30,30,0,0,0,2.5339800488243736,0.08981321148251198,-8.685846209726876e-05,0.9801210752952818,0.0,3.125951433321461,564160.0
A_k3_c0.05_r0.01,A,negative_control,NoJammer,20.0,500,30,30,0,0,0,4.192044702720216,0.07264840056099496,-8.685846209919741e-05,0.9797873132681547,0.0,3.2666791734906533,564160.0
A_k3_c0.05_r0.01,A,negative_control,NoJammer,30.0,1250,30,30,0,0,0,4.630213180057521,0.06760654415899318,-8.685846209919741e-05,0.978902724727505,0.0,3.1757583007371673,564160.0
A_k3_c0.05_r0.01,A,negative_control,NoJammer,30.0,2500,30,30,0,0,0,4.155875054607064,0.07136000226643253,-8.685846209726876e-05,0.9788467153133631,0.0,3.171090366474042,564160.0
A_k3_c0.05_r0.01,A,negative_control,NoJammer,30.0,3750,30,30,0,0,0,3.2139553238037775,0.08535940187087952,-8.685846209919741e-05,0.9792500452839893,0.0,3.1110514634444066,564160.0
A_k3_c0.05_r0.01,A,negative_control,NoJammer,30.0,4500,30,30,0,0,0,2.5339800488243736,0.08981321148251198,-8.685846209726876e-05,0.9801210752952818,0.0,3.126001392956823,564160.0
A_k3_c0.05_r0.01,A,negative_control,NoJammer,30.0,500,30,30,0,0,0,4.192044702720216,0.07264840056099496,-8.685846209919741e-05,0.9797873132681547,0.0,3.204134595580399,564160.0
A_k3_c0.05_r0.01,A,negative_control,NoJammer,5.0,1250,30,30,0,0,0,4.630213180057521,0.06760654415899318,-8.685846209919741e-05,0.978902724727505,0.0,3.143280535005033,564160.0
A_k3_c0.05_r0.01,A,negative_control,NoJammer,5.0,2500,30,30,0,0,0,4.155875054607064,0.07136000226643253,-8.685846209726876e-05,0.9788467153133631,0.0,3.1279179946674653,564160.0
A_k3_c0.05_r0.01,A,negative_control,NoJammer,5.0,3750,30,30,0,0,0,3.2139553238037775,0.08535940187087952,-8.685846209919741e-05,0.9792500452839893,0.0,3.08794856731159,564160.0
A_k3_c0.05_r0.01,A,negative_control,NoJammer,5.0,4500,30,30,0,0,0,2.5339800488243736,0.08981321148251198,-8.685846209726876e-05,0.9801210752952818,0.0,3.091369334530706,564160.0
A_k3_c0.05_r0.01,A,negative_control,NoJammer,5.0,500,30,30,0,0,0,4.192044702720216,0.07264840056099496,-8.685846209919741e-05,0.9797873132681547,0.0,3.1787569634616375,564160.0
A_k3_c0.05_r0.01,A,negative_control,SMSP,0.0,1250,30,30,0,0,0,13.734913565250691,0.02737880449014203,-8.685846209919741e-05,0.9051927149828238,1.0,3.128052834654227,564160.0
A_k3_c0.05_r0.01,A,negative_control,SMSP,0.0,2500,30,30,0,0,0,13.704531146657871,0.027858187126077277,-8.685846209726876e-05,0.9051927149828247,1.0,3.105719428276643,564160.0
A_k3_c0.05_r0.01,A,negative_control,SMSP,0.0,3750,30,30,0,0,0,13.651758966841701,0.02773622445490437,-8.685846209919741e-05,0.9051927149828263,1.0,3.0943556669323393,564160.0
A_k3_c0.05_r0.01,A,negative_control,SMSP,0.0,4500,30,30,0,0,0,13.659951439892172,0.027437633412210834,-8.685846209726876e-05,0.9051927149828285,1.0,3.101116669131443,564160.0
A_k3_c0.05_r0.01,A,negative_control,SMSP,0.0,500,30,30,0,0,0,10.123270692104377,0.03150301317041347,-8.685846209919741e-05,0.9280037494929924,0.0,3.1811806024052203,564160.0
A_k3_c0.05_r0.01,A,negative_control,SMSP,10.0,1250,30,30,0,0,0,23.91513292261935,0.024418505823113744,-8.685846209919741e-05,0.6815033018873223,2.1,3.0503194235886135,564160.0
A_k3_c0.05_r0.01,A,negative_control,SMSP,10.0,2500,30,30,0,0,0,23.91232374311602,0.024503325376194048,-8.685846209726876e-05,0.6815033018873226,2.1,3.033045830670744,564160.0
A_k3_c0.05_r0.01,A,negative_control,SMSP,10.0,3750,30,30,0,0,0,23.906604464486772,0.024524464919817315,-8.685846209919741e-05,0.6815033018873233,2.1,2.987537463195622,564160.0
A_k3_c0.05_r0.01,A,negative_control,SMSP,10.0,4500,30,30,0,0,0,23.94527837581835,0.024511537843077462,-8.685846209726876e-05,0.6815033018873247,2.1,3.0257805755051472,564160.0
A_k3_c0.05_r0.01,A,negative_control,SMSP,10.0,500,30,30,0,0,0,19.856529456755425,0.02028407378497706,-8.685846209919741e-05,0.756516402345,0.0,3.1144139318106077,564160.0
A_k3_c0.05_r0.01,A,negative_control,SMSP,20.0,1250,30,30,0,0,0,-36.34580467453286,0.022768236856589748,-8.685846209919741e-05,0.6194241721800006,519.0,3.1290277004397162,564160.0
A_k3_c0.05_r0.01,A,negative_control,SMSP,20.0,2500,30,30,0,0,0,-36.34642192423644,0.02278261214828523,-8.685846209726876e-05,0.6194241721800007,519.0,3.1071583352362118,564160.0
A_k3_c0.05_r0.01,A,negative_control,SMSP,20.0,3750,30,30,0,0,0,-36.34699937269106,0.022782651560574827,-8.685846209919741e-05,0.6194241721800009,519.0,3.067593096056953,564160.0
A_k3_c0.05_r0.01,A,negative_control,SMSP,20.0,4500,30,30,0,0,0,-36.34735208835617,0.022776826284856513,-8.685846209726876e-05,0.6194241721800012,519.0,3.0855971951192864,564160.0
A_k3_c0.05_r0.01,A,negative_control,SMSP,20.0,500,30,30,0,0,0,-13.624077425714678,0.022333820676444155,-8.685846209919741e-05,0.6690430124100222,96.0,3.1782693637069315,564160.0
A_k3_c0.05_r0.01,A,negative_control,SMSP,30.0,1250,30,30,0,0,0,-35.66900237562668,0.007713553115012772,-8.685846209919741e-05,0.6194257666043185,519.0,3.1422889015326896,564160.0
A_k3_c0.05_r0.01,A,negative_control,SMSP,30.0,2500,30,30,0,0,0,-35.66931550079487,0.007714117398072406,-8.685846209726876e-05,0.6194257666043185,519.0,3.130874971005445,564160.0
A_k3_c0.05_r0.01,A,negative_control,SMSP,30.0,3750,30,30,0,0,0,-35.66937332324084,0.007714129027374395,-8.685846209919741e-05,0.6194257666043186,519.0,3.0672167020384222,564160.0
A_k3_c0.05_r0.01,A,negative_control,SMSP,30.0,4500,30,30,0,0,0,-35.66895189168215,0.0076515224211662495,-8.685846209726876e-05,0.6194257666043187,519.0,3.1155179894994944,564160.0
A_k3_c0.05_r0.01,A,negative_control,SMSP,30.0,500,30,30,0,0,0,-13.204387463723398,0.007787291074299285,-8.685846209919741e-05,0.6701928791819471,96.0,3.1493083341047168,564160.0
A_k3_c0.05_r0.01,A,negative_control,SMSP,5.0,1250,30,30,0,0,0,18.686556818445307,0.024340806208817914,-8.685846209919741e-05,0.8276420289775347,2.0,3.131773602217436,564160.0
A_k3_c0.05_r0.01,A,negative_control,SMSP,5.0,2500,30,30,0,0,0,18.676677468377754,0.024543952132672586,-8.685846209726876e-05,0.8276420289775354,2.0,3.0903527280315757,564160.0
A_k3_c0.05_r0.01,A,negative_control,SMSP,5.0,3750,30,30,0,0,0,18.658959763019798,0.02455162779714563,-8.685846209919741e-05,0.8276420289775366,2.0,3.062180538351337,564160.0
A_k3_c0.05_r0.01,A,negative_control,SMSP,5.0,4500,30,30,0,0,0,18.68994661127413,0.024498312670400157,-8.685846209726876e-05,0.8276420289775389,2.0,3.0973875720519572,564160.0
A_k3_c0.05_r0.01,A,negative_control,SMSP,5.0,500,30,30,0,0,0,14.7408229413443,0.022062155729603187,-8.685846209919741e-05,0.8722322438488697,0.0,3.1649223082543663,564160.0
A_k3_c0.05_r0.01,A,target_jammer,NoiseConvolutionJamming,0.0,1250,30,30,0,0,0,13.389157353809598,0.20147601006811594,-8.685846209919741e-05,0.8957663290911193,0.9666666666666667,3.052711129809419,564160.0
A_k3_c0.05_r0.01,A,target_jammer,NoiseConvolutionJamming,0.0,2500,30,30,0,0,0,13.358547979242047,0.2015945809810748,-8.685846209726876e-05,0.8957663290911196,0.9666666666666667,3.017272138580059,564160.0
A_k3_c0.05_r0.01,A,target_jammer,NoiseConvolutionJamming,0.0,3750,30,30,0,0,0,13.305454485087807,0.2021569432501955,-8.685846209919741e-05,0.8957663290911213,0.9666666666666667,2.9745249989597746,564160.0
A_k3_c0.05_r0.01,A,target_jammer,NoiseConvolutionJamming,0.0,4500,30,30,0,0,0,13.313988268549169,0.20217670585644756,-8.685846209726876e-05,0.895826475434457,0.9666666666666667,3.0069403641391546,564160.0
A_k3_c0.05_r0.01,A,target_jammer,NoiseConvolutionJamming,0.0,500,30,30,0,0,0,10.42711225874571,0.20985772210368214,-8.685846209919741e-05,0.9223106902831709,0.0,3.0812623949411013,564160.0
A_k3_c0.05_r0.01,A,target_jammer,NoiseConvolutionJamming,10.0,1250,30,30,0,0,0,22.572924070667533,0.5702068080298227,-8.685846209919741e-05,0.6860396515556099,1.4333333333333333,3.1163819677506885,564160.0
A_k3_c0.05_r0.01,A,target_jammer,NoiseConvolutionJamming,10.0,2500,30,30,0,0,0,22.57166365620209,0.5702074786779913,-8.685846209726876e-05,0.68603965155561,1.4333333333333333,3.101993134866158,564160.0
A_k3_c0.05_r0.01,A,target_jammer,NoiseConvolutionJamming,10.0,3750,30,30,0,0,0,22.56593324470683,0.570250202966367,-8.685846209919741e-05,0.6860396515556105,1.4333333333333333,3.073148501183217,564160.0
A_k3_c0.05_r0.01,A,target_jammer,NoiseConvolutionJamming,10.0,4500,30,30,0,0,0,22.60414185853647,0.5702732317183627,-8.685846209726876e-05,0.6828991742224451,1.2,3.092833464810004,564160.0
A_k3_c0.05_r0.01,A,target_jammer,NoiseConvolutionJamming,10.0,500,30,30,0,0,0,19.280623843831602,0.5239531728824323,-8.685846209919741e-05,0.7810762418399124,0.23333333333333334,3.1776068693337343,564160.0
A_k3_c0.05_r0.01,A,target_jammer,NoiseConvolutionJamming,20.0,1250,30,30,0,0,0,-14.614063671115396,6.65996923639465,-8.685846209919741e-05,0.5627561900655658,250.63333333333333,3.113376438462486,564160.0
A_k3_c0.05_r0.01,A,target_jammer,NoiseConvolutionJamming,20.0,2500,30,30,0,0,0,-14.612366520659396,6.660093623006338,-8.685846209726876e-05,0.5627561900655658,250.63333333333333,3.085559689983105,564160.0
A_k3_c0.05_r0.01,A,target_jammer,NoiseConvolutionJamming,20.0,3750,30,30,0,0,0,-14.612944749981471,6.660091837526476,-8.685846209919741e-05,0.5627561900655659,250.63333333333333,3.0615082941949368,564160.0
A_k3_c0.05_r0.01,A,target_jammer,NoiseConvolutionJamming,20.0,4500,30,30,0,0,0,-14.608475553602252,7.968803411911058,-8.685846209726876e-05,0.5381956005685619,263.8666666666667,3.0974612028027573,564160.0
A_k3_c0.05_r0.01,A,target_jammer,NoiseConvolutionJamming,20.0,500,30,30,0,0,0,0.6067737227880381,6.989909029084882,-8.685846209919741e-05,0.611478333936687,68.43333333333334,3.1592111355469874,564160.0
A_k3_c0.05_r0.01,A,target_jammer,NoiseConvolutionJamming,30.0,1250,30,30,0,0,0,-14.371401547611976,5.8589527183615235,-8.685846209919741e-05,0.5593326247082164,253.1,3.0896054910651096,564160.0
A_k3_c0.05_r0.01,A,target_jammer,NoiseConvolutionJamming,30.0,2500,30,30,0,0,0,-14.36939129370028,5.859070352799203,-8.685846209726876e-05,0.5593326247082164,253.1,3.1010736303869635,564160.0
A_k3_c0.05_r0.01,A,target_jammer,NoiseConvolutionJamming,30.0,3750,30,30,0,0,0,-14.36944918845321,5.859070217351633,-8.685846209919741e-05,0.5593326247082164,253.1,3.0153083615005016,564160.0
A_k3_c0.05_r0.01,A,target_jammer,NoiseConvolutionJamming,30.0,4500,30,30,0,0,0,-17.18842361664198,6.343479911960926,-8.685846209726876e-05,0.5399142431636835,280.93333333333334,3.0617957992944866,564160.0
A_k3_c0.05_r0.01,A,target_jammer,NoiseConvolutionJamming,30.0,500,30,30,0,0,0,-4.264142262387968,5.781859031266566,-8.685846209919741e-05,0.5962866328536752,80.76666666666667,3.1368485651910305,564160.0
A_k3_c0.05_r0.01,A,target_jammer,NoiseConvolutionJamming,5.0,1250,30,30,0,0,0,18.013468588811033,0.33862437942953133,-8.685846209919741e-05,0.8180361340939697,0.9666666666666667,3.0945765029173344,564160.0
A_k3_c0.05_r0.01,A,target_jammer,NoiseConvolutionJamming,5.0,2500,30,30,0,0,0,18.00471246638598,0.338633645914172,-8.685846209726876e-05,0.81803613409397,0.9666666666666667,3.106643034455677,564160.0
A_k3_c0.05_r0.01,A,target_jammer,NoiseConvolutionJamming,5.0,3750,30,30,0,0,0,17.986940048142838,0.3387728098089173,-8.685846209919741e-05,0.8180361340939711,0.9666666666666667,3.0536138316771635,564160.0
A_k3_c0.05_r0.01,A,target_jammer,NoiseConvolutionJamming,5.0,4500,30,30,0,0,0,18.01790104463304,0.33869786355639414,-8.685846209726876e-05,0.818019236273344,0.9333333333333333,3.0843707965686917,564160.0
A_k3_c0.05_r0.01,A,target_jammer,NoiseConvolutionJamming,5.0,500,30,30,0,0,0,14.798129284348203,0.3215253094318021,-8.685846209919741e-05,0.8713116393664233,0.03333333333333333,3.159118127465869,564160.0
A_k3_c0.05_r0.01,A,target_jammer,NoiseProductJamming,0.0,1250,30,30,0,0,0,12.391110000320046,0.22317148405914114,-8.685846209919741e-05,0.8979513056385995,1.0666666666666667,3.011362598044798,564137.0
A_k3_c0.05_r0.01,A,target_jammer,NoiseProductJamming,0.0,2500,30,30,0,0,0,12.347799085680476,0.22402768155192732,-8.685846209726876e-05,0.8979513056386,1.0666666666666667,3.155637598441293,564132.4
A_k3_c0.05_r0.01,A,target_jammer,NoiseProductJamming,0.0,3750,30,30,0,0,0,12.27749941578335,0.22488975754038656,-8.685846209919741e-05,0.8979513056386015,1.0666666666666667,2.9657512612175196,564126.2666666667
A_k3_c0.05_r0.01,A,target_jammer,NoiseProductJamming,0.0,4500,30,30,0,0,0,12.274838411034244,0.22554218065469236,-8.685846209726876e-05,0.8979614048294849,1.0666666666666667,2.993241724713395,564140.0666666667
A_k3_c0.05_r0.01,A,target_jammer,NoiseProductJamming,0.0,500,30,30,0,0,0,12.204999120939023,0.22262868714752285,-8.685846209919741e-05,0.9180414852775548,0.0,3.039862403723722,564130.8666666667
A_k3_c0.05_r0.01,A,target_jammer,NoiseProductJamming,10.0,1250,30,30,0,0,0,21.93133748379085,0.5645676398736897,-8.685846209919741e-05,0.6720410363563439,1.7333333333333334,3.1044334328422942,564160.0
A_k3_c0.05_r0.01,A,target_jammer,NoiseProductJamming,10.0,2500,30,30,0,0,0,21.926541629179773,0.5646136198640314,-8.685846209726876e-05,0.672041036356344,1.7333333333333334,3.0709916337703667,564160.0
A_k3_c0.05_r0.01,A,target_jammer,NoiseProductJamming,10.0,3750,30,30,0,0,0,21.918815544269457,0.5646880657997442,-8.685846209919741e-05,0.6720410363563448,1.7333333333333334,3.036691739301508,564160.0
A_k3_c0.05_r0.01,A,target_jammer,NoiseProductJamming,10.0,4500,30,30,0,0,0,21.955792603693464,0.5646513206662427,-8.685846209726876e-05,0.6704130288330391,1.6,3.078270969369138,564160.0
A_k3_c0.05_r0.01,A,target_jammer,NoiseProductJamming,10.0,500,30,30,0,0,0,21.80087308535008,0.5669020502924886,-8.685846209919741e-05,0.7303645576021263,0.13333333333333333,3.142281965119764,564160.0
A_k3_c0.05_r0.01,A,target_jammer,NoiseProductJamming,20.0,1250,30,30,0,0,0,-15.779161441087712,4.619389592918108,-8.685846209919741e-05,0.5783404318325125,203.03333333333333,3.116269427118823,564147.7333333333
A_k3_c0.05_r0.01,A,target_jammer,NoiseProductJamming,20.0,2500,30,30,0,0,0,-15.779751548686212,4.619412536397027,-8.685846209726876e-05,0.5783404318325126,203.03333333333333,3.151226396827648,564147.7333333333
A_k3_c0.05_r0.01,A,target_jammer,NoiseProductJamming,20.0,3750,30,30,0,0,0,-15.780531690654003,4.619414849867782,-8.685846209919741e-05,0.5783404318325128,203.03333333333333,3.084733300299073,564147.7333333333
A_k3_c0.05_r0.01,A,target_jammer,NoiseProductJamming,20.0,4500,30,30,0,0,0,-16.211682249966948,4.56896390008564,-8.685846209726876e-05,0.5870510571607703,207.06666666666666,3.087387567696472,564147.7333333333
A_k3_c0.05_r0.01,A,target_jammer,NoiseProductJamming,20.0,500,30,30,0,0,0,-0.6538332395210295,5.998456014457478,-8.685846209919741e-05,0.5763860970503709,62.733333333333334,3.1718221958726645,564152.3333333334
A_k3_c0.05_r0.01,A,target_jammer,NoiseProductJamming,30.0,1250,30,30,0,0,0,-15.522119698630895,3.8683799233029648,-8.685846209919741e-05,0.5753152754588249,205.96666666666667,3.1286763706399747,564147.7333333333
A_k3_c0.05_r0.01,A,target_jammer,NoiseProductJamming,30.0,2500,30,30,0,0,0,-15.522277699759252,3.868412992445908,-8.685846209726876e-05,0.575315275458825,205.96666666666667,3.0897680320777,564147.7333333333
A_k3_c0.05_r0.01,A,target_jammer,NoiseProductJamming,30.0,3750,30,30,0,0,0,-15.522355783763722,3.8684132368173527,-8.685846209919741e-05,0.575315275458825,205.96666666666667,3.089176502544433,564147.7333333333
A_k3_c0.05_r0.01,A,target_jammer,NoiseProductJamming,30.0,4500,30,30,0,0,0,-16.228283942042417,3.822442643165608,-8.685846209726876e-05,0.5819716268808182,214.76666666666668,3.088612466429671,564147.7333333333
A_k3_c0.05_r0.01,A,target_jammer,NoiseProductJamming,30.0,500,30,30,0,0,0,-2.139975626201092,5.436707185390148,-8.685846209919741e-05,0.5755074407095507,71.16666666666667,3.1755387996478626,564153.8666666667
A_k3_c0.05_r0.01,A,target_jammer,NoiseProductJamming,5.0,1250,30,30,0,0,0,17.124753549773235,0.3673158998196953,-8.685846209919741e-05,0.8164382243637848,1.2,3.1363264036675296,564152.3333333334
A_k3_c0.05_r0.01,A,target_jammer,NoiseProductJamming,5.0,2500,30,30,0,0,0,17.109939181791614,0.3675223124175208,-8.685846209726876e-05,0.816438224363785,1.2,3.113876327794666,564147.7333333333
A_k3_c0.05_r0.01,A,target_jammer,NoiseProductJamming,5.0,3750,30,30,0,0,0,17.086071812193072,0.36776052528594094,-8.685846209919741e-05,0.8164382243637863,1.2,3.061799966963008,564152.3333333334
A_k3_c0.05_r0.01,A,target_jammer,NoiseProductJamming,5.0,4500,30,30,0,0,0,17.11327729553509,0.36794212511425484,-8.685846209726876e-05,0.816481500575812,1.2,3.073387466914331,564147.7333333333
A_k3_c0.05_r0.01,A,target_jammer,NoiseProductJamming,5.0,500,30,30,0,0,0,16.9536042247793,0.36596941447993747,-8.685846209919741e-05,0.8576292195809941,0.0,3.183418035041541,564144.6666666666
A_k3_c0.12_r0.001,A,negative_control,AMNoiseGaiJam,0.0,1250,30,30,0,0,0,8.34516170151558,0.09614220302524848,-8.685885308092608e-06,0.9511794986607411,1.0,3.1639277935028076,564156.9333333333
A_k3_c0.12_r0.001,A,negative_control,AMNoiseGaiJam,0.0,2500,30,30,0,0,0,8.286278077346644,0.09826467722207789,-8.685885305199627e-06,0.9511794986607419,1.0,3.1392667384352535,564160.0
A_k3_c0.12_r0.001,A,negative_control,AMNoiseGaiJam,0.0,3750,30,30,0,0,0,8.124875237525105,0.0999745948417097,-8.685885305199627e-06,0.9511794986607435,1.0,3.09464440215379,564158.4666666667
A_k3_c0.12_r0.001,A,negative_control,AMNoiseGaiJam,0.0,4500,30,30,0,0,0,8.062337474826307,0.10121826897825209,-8.685885304235298e-06,0.9513865235883859,1.0,3.1275291985366493,564156.9333333333
A_k3_c0.12_r0.001,A,negative_control,AMNoiseGaiJam,0.0,500,30,30,0,0,0,6.218283750556675,0.08875712313273672,-8.685885305199627e-06,0.9539279108148381,0.0,3.206243032279114,564155.4
A_k3_c0.12_r0.001,A,negative_control,AMNoiseGaiJam,10.0,1250,30,30,0,0,0,16.51881778850044,0.14140607005921513,-8.685885308092608e-06,0.8682985659051241,0.8333333333333334,3.129505531008666,564160.0
A_k3_c0.12_r0.001,A,negative_control,AMNoiseGaiJam,10.0,2500,30,30,0,0,0,16.543920670430825,0.1405492037335844,-8.685885305199627e-06,0.8682985659051243,0.8333333333333334,3.0804930933906385,564160.0
A_k3_c0.12_r0.001,A,negative_control,AMNoiseGaiJam,10.0,3750,30,30,0,0,0,16.524154631115067,0.14072951740183806,-8.685885305199627e-06,0.8682985659051259,0.8333333333333334,3.0342234609027705,564160.0
A_k3_c0.12_r0.001,A,negative_control,AMNoiseGaiJam,10.0,4500,30,30,0,0,0,16.55403650278118,0.14075696522079242,-8.685885304235298e-06,0.8682985659051279,0.8333333333333334,3.0691097723320127,564160.0
A_k3_c0.12_r0.001,A,negative_control,AMNoiseGaiJam,10.0,500,30,30,0,0,0,13.46831156470453,0.1718464345737719,-8.685885305199627e-06,0.8987849747008293,0.0,3.1461750370605537,564160.0
A_k3_c0.12_r0.001,A,negative_control,AMNoiseGaiJam,20.0,1250,30,30,0,0,0,24.227691285626026,0.24746955945627472,-8.685885308092608e-06,0.6793817391074097,0.3333333333333333,3.053227769366155,564160.0
A_k3_c0.12_r0.001,A,negative_control,AMNoiseGaiJam,20.0,2500,30,30,0,0,0,24.263126435171884,0.2467927084512227,-8.685885305199627e-06,0.6793817391074097,0.3333333333333333,3.017469468371322,564160.0
A_k3_c0.12_r0.001,A,negative_control,AMNoiseGaiJam,20.0,3750,30,30,0,0,0,24.261119444448962,0.2467956500584594,-8.685885305199627e-06,0.6793817391074105,0.3333333333333333,2.9787875401477018,564160.0
A_k3_c0.12_r0.001,A,negative_control,AMNoiseGaiJam,20.0,4500,30,30,0,0,0,24.302222237876386,0.24677699491539817,-8.685885304235298e-06,0.6793817391074113,0.3333333333333333,3.0030973294439414,564160.0
A_k3_c0.12_r0.001,A,negative_control,AMNoiseGaiJam,20.0,500,30,30,0,0,0,21.00508571101116,0.28442250808428643,-8.685885305199627e-06,0.7661815692471248,0.0,3.103250137064606,564160.0
A_k3_c0.12_r0.001,A,negative_control,AMNoiseGaiJam,30.0,1250,30,30,0,0,0,-19.65867133411456,8.526492504310134,-8.685885308092608e-06,0.5390924068490826,307.56666666666666,3.1328653586873165,564160.0
A_k3_c0.12_r0.001,A,negative_control,AMNoiseGaiJam,30.0,2500,30,30,0,0,0,-19.62267091970043,8.526875518520757,-8.685885305199627e-06,0.5390924068490826,307.56666666666666,3.07183336893407,564160.0
A_k3_c0.12_r0.001,A,negative_control,AMNoiseGaiJam,30.0,3750,30,30,0,0,0,-19.622871451949646,8.526877144675215,-8.685885305199627e-06,0.5390924068490826,307.56666666666666,3.039636202932646,564160.0
A_k3_c0.12_r0.001,A,negative_control,AMNoiseGaiJam,30.0,4500,30,30,0,0,0,-19.615828833602553,8.532186226810524,-8.685885304235298e-06,0.5420042023284061,307.56666666666666,3.0659527013388774,564160.0
A_k3_c0.12_r0.001,A,negative_control,AMNoiseGaiJam,30.0,500,30,30,0,0,0,16.71441325764549,5.950888377143852,-8.685885305199627e-06,0.5910439010835348,22.633333333333333,3.142002737149596,564160.0
A_k3_c0.12_r0.001,A,negative_control,AMNoiseGaiJam,5.0,1250,30,30,0,0,0,12.275366203239262,0.11887069645296174,-8.685885308092608e-06,0.9201052739007107,1.0,3.0906265000036606,564160.0
A_k3_c0.12_r0.001,A,negative_control,AMNoiseGaiJam,5.0,2500,30,30,0,0,0,12.27669954855814,0.11864314952489115,-8.685885305199627e-06,0.9201052739007111,1.0,3.0731765747380755,564160.0
A_k3_c0.12_r0.001,A,negative_control,AMNoiseGaiJam,5.0,3750,30,30,0,0,0,12.217168380529378,0.11931152898666361,-8.685885305199627e-06,0.9201052739007125,1.0,3.0320459976792336,564160.0
A_k3_c0.12_r0.001,A,negative_control,AMNoiseGaiJam,5.0,4500,30,30,0,0,0,12.22161044939039,0.11965670675821873,-8.685885304235298e-06,0.9201052739007151,1.0,3.0735888013926647,564160.0
A_k3_c0.12_r0.001,A,negative_control,AMNoiseGaiJam,5.0,500,30,30,0,0,0,9.526975113012487,0.13381405855010464,-8.685885305199627e-06,0.933322742040175,0.0,3.177630567612747,564160.0
A_k3_c0.12_r0.001,A,negative_control,FMNoiseAimedJam,0.0,1250,30,30,0,0,0,10.251703608514894,0.1709537007951977,-8.685885308092608e-06,0.9248348389447804,1.0,3.1378999662896,564160.0
A_k3_c0.12_r0.001,A,negative_control,FMNoiseAimedJam,0.0,2500,30,30,0,0,0,10.219024894064342,0.17269654294841005,-8.685885305199627e-06,0.9248348389447807,1.0,3.1086208997294307,564160.0
A_k3_c0.12_r0.001,A,negative_control,FMNoiseAimedJam,0.0,3750,30,30,0,0,0,10.108875600016813,0.17468754643699871,-8.685885305199627e-06,0.9248348389447826,1.0,3.076572099234909,564160.0
A_k3_c0.12_r0.001,A,negative_control,FMNoiseAimedJam,0.0,4500,30,30,0,0,0,10.081448473538519,0.17627016800050002,-8.685885304235298e-06,0.9248348389447852,1.0,3.0993458659698567,564160.0
A_k3_c0.12_r0.001,A,negative_control,FMNoiseAimedJam,0.0,500,30,30,0,0,0,7.372832106069964,0.18712015782563002,-8.685885305199627e-06,0.9448097620868068,0.0,3.191019466612488,564160.0
A_k3_c0.12_r0.001,A,negative_control,FMNoiseAimedJam,10.0,1250,30,30,0,0,0,19.342106547945335,0.39128028166080686,-8.685885308092608e-06,0.7690736854127564,1.1666666666666667,3.078119435425227,564160.0
A_k3_c0.12_r0.001,A,negative_control,FMNoiseAimedJam,10.0,2500,30,30,0,0,0,19.369491709330454,0.39081431485837287,-8.685885305199627e-06,0.7690736854127568,1.1666666666666667,3.056120837572962,564160.0
A_k3_c0.12_r0.001,A,negative_control,FMNoiseAimedJam,10.0,3750,30,30,0,0,0,19.356694186975027,0.3909170183161532,-8.685885305199627e-06,0.7690736854127579,1.1666666666666667,3.080856966941307,564160.0
A_k3_c0.12_r0.001,A,negative_control,FMNoiseAimedJam,10.0,4500,30,30,0,0,0,19.391002600696766,0.39101405074276757,-8.685885304235298e-06,0.7689078991181449,1.1333333333333333,3.0367415999838463,564160.0
A_k3_c0.12_r0.001,A,negative_control,FMNoiseAimedJam,10.0,500,30,30,0,0,0,15.725898322961275,0.41840651149482666,-8.685885305199627e-06,0.851156333349184,0.03333333333333333,3.1493305306260786,564160.0
A_k3_c0.12_r0.001,A,negative_control,FMNoiseAimedJam,20.0,1250,30,30,0,0,0,-18.56248833844428,9.216334554730487,-8.685885308092608e-06,0.5680308058534795,347.76666666666665,3.0507415998727083,564160.0
A_k3_c0.12_r0.001,A,negative_control,FMNoiseAimedJam,20.0,2500,30,30,0,0,0,-18.528044617716326,9.214873271384478,-8.685885305199627e-06,0.5680308058534794,347.76666666666665,3.0189527683736137,564160.0
A_k3_c0.12_r0.001,A,negative_control,FMNoiseAimedJam,20.0,3750,30,30,0,0,0,-18.529344824463397,9.21488094016007,-8.685885305199627e-06,0.5680308058534798,347.76666666666665,2.9952998952164003,564160.0
A_k3_c0.12_r0.001,A,negative_control,FMNoiseAimedJam,20.0,4500,30,30,0,0,0,-18.520329785593102,9.220741386574216,-8.685885304235298e-06,0.5691413211239699,347.73333333333335,3.022115334169939,564160.0
A_k3_c0.12_r0.001,A,negative_control,FMNoiseAimedJam,20.0,500,30,30,0,0,0,11.203165410336313,6.914009328138028,-8.685885305199627e-06,0.6052473960324941,44.06666666666667,3.0760346970055252,564160.0
A_k3_c0.12_r0.001,A,negative_control,FMNoiseAimedJam,30.0,1250,30,30,0,0,0,-27.23051708524288,5.313861006718243,-8.685885308092608e-06,0.5691115166857464,434.6333333333333,3.117255528923124,564160.0
A_k3_c0.12_r0.001,A,negative_control,FMNoiseAimedJam,30.0,2500,30,30,0,0,0,-27.195320382771268,5.313553661235886,-8.685885305199627e-06,0.5691115166857464,434.6333333333333,3.0969764998493097,564160.0
A_k3_c0.12_r0.001,A,negative_control,FMNoiseAimedJam,30.0,3750,30,30,0,0,0,-27.19545059358405,5.313554216964602,-8.685885305199627e-06,0.5691115166857464,434.6333333333333,3.067916660802439,564160.0
A_k3_c0.12_r0.001,A,negative_control,FMNoiseAimedJam,30.0,4500,30,30,0,0,0,-27.193947450089926,5.315054652866281,-8.685885304235298e-06,0.5717753219834295,434.6333333333333,3.079219533052916,564160.0
A_k3_c0.12_r0.001,A,negative_control,FMNoiseAimedJam,30.0,500,30,30,0,0,0,-7.459074307977506,5.7283352795587,-8.685885305199627e-06,0.5747342566710272,119.3,3.159620704051728,564160.0
A_k3_c0.12_r0.001,A,negative_control,FMNoiseAimedJam,5.0,1250,30,30,0,0,0,14.641999827346938,0.2453441471699534,-8.685885308092608e-06,0.8685487034888808,0.9333333333333333,3.1214291986543685,564160.0
A_k3_c0.12_r0.001,A,negative_control,FMNoiseAimedJam,5.0,2500,30,30,0,0,0,14.652856542184686,0.2453721789758887,-8.685885305199627e-06,0.8685487034888812,0.9333333333333333,3.084526331319163,564160.0
A_k3_c0.12_r0.001,A,negative_control,FMNoiseAimedJam,5.0,3750,30,30,0,0,0,14.61389170956693,0.24585092204428383,-8.685885305199627e-06,0.8685487034888826,0.9333333333333333,3.0800610761313387,564160.0
A_k3_c0.12_r0.001,A,negative_control,FMNoiseAimedJam,5.0,4500,30,30,0,0,0,14.631866146877092,0.24629344620996815,-8.685885304235298e-06,0.8685487034888851,0.9333333333333333,3.079554196059083,564160.0
A_k3_c0.12_r0.001,A,negative_control,FMNoiseAimedJam,5.0,500,30,30,0,0,0,11.240926511687572,0.2709280376613486,-8.685885305199627e-06,0.9123068423855412,0.0,3.162577864713967,564160.0
A_k3_c0.12_r0.001,A,negative_control,FMNoiseSaopin,0.0,1250,30,30,0,0,0,7.45834209185359,1.0753400388979457,-8.685885308092608e-06,0.9661710865306301,1.0,3.129516664193943,564160.0
A_k3_c0.12_r0.001,A,negative_control,FMNoiseSaopin,0.0,2500,30,30,0,0,0,7.85315294808068,1.1348343648820929,-8.685885305199627e-06,0.9596924984112012,1.0,3.1391514329394945,564160.0
A_k3_c0.12_r0.001,A,negative_control,FMNoiseSaopin,0.0,3750,30,30,0,0,0,7.592473440826487,1.2133593103799005,-8.685885305199627e-06,0.9596924984112026,1.0,3.068844372561822,564160.0
A_k3_c0.12_r0.001,A,negative_control,FMNoiseSaopin,0.0,4500,30,30,0,0,0,7.45628411773995,1.267994458642913,-8.685885304235298e-06,0.9598916571177576,1.0,3.091634662511448,564160.0
A_k3_c0.12_r0.001,A,negative_control,FMNoiseSaopin,0.0,500,30,30,0,0,0,2.6206189447197263,0.05093340065011352,-8.685885305199627e-06,0.9766022880074051,0.0,3.1736458321878067,564160.0
A_k3_c0.12_r0.001,A,negative_control,FMNoiseSaopin,10.0,1250,30,30,0,0,0,14.170956456862308,2.332165004202138,-8.685885308092608e-06,0.9150835963700408,1.0,3.0405486604043594,564160.0
A_k3_c0.12_r0.001,A,negative_control,FMNoiseSaopin,10.0,2500,30,30,0,0,0,15.12848318395617,2.2670489570277055,-8.685885305199627e-06,0.8861230634513819,1.0,3.030794463120401,564160.0
A_k3_c0.12_r0.001,A,negative_control,FMNoiseSaopin,10.0,3750,30,30,0,0,0,15.010611742067432,2.3312075455850905,-8.685885305199627e-06,0.8861230634513835,1.0,2.9968527979993573,564160.0
A_k3_c0.12_r0.001,A,negative_control,FMNoiseSaopin,10.0,4500,30,30,0,0,0,14.97501209978318,2.3737914205163606,-8.685885304235298e-06,0.8861230634513857,1.0,3.02498052866819,564160.0
A_k3_c0.12_r0.001,A,negative_control,FMNoiseSaopin,10.0,500,30,30,0,0,0,2.6547894517030017,0.04856845674943387,-8.685885305199627e-06,0.9762234122040444,0.0,3.0883763645154736,564160.0
A_k3_c0.12_r0.001,A,negative_control,FMNoiseSaopin,20.0,1250,30,30,0,0,0,22.321671433034066,3.398677370690035,-8.685885308092608e-06,0.7474903121154876,1.0,3.0969249278617403,564160.0
A_k3_c0.12_r0.001,A,negative_control,FMNoiseSaopin,20.0,2500,30,30,0,0,0,12.55163760044814,22.42237248367587,-8.685885305199627e-06,0.6466107756919045,45.766666666666666,3.075306895577038,564160.0
A_k3_c0.12_r0.001,A,negative_control,FMNoiseSaopin,20.0,3750,30,30,0,0,0,12.68893793269795,22.104123686835266,-8.685885305199627e-06,0.6466107756919051,45.766666666666666,3.0587319711533687,564160.0
A_k3_c0.12_r0.001,A,negative_control,FMNoiseSaopin,20.0,4500,30,30,0,0,0,12.736040725527454,22.062941734816857,-8.685885304235298e-06,0.6466107756919058,45.766666666666666,3.0761222956546894,564160.0
A_k3_c0.12_r0.001,A,negative_control,FMNoiseSaopin,20.0,500,30,30,0,0,0,2.9497692789500265,0.12957655023046044,-8.685885305199627e-06,0.9740941309842824,0.0,3.156569431303069,564160.0
A_k3_c0.12_r0.001,A,negative_control,FMNoiseSaopin,30.0,1250,30,30,0,0,0,-1.0176549730914666,8.670539203899047,-8.685885308092608e-06,0.6739578084635893,326.1333333333333,3.115158229290197,564160.0
A_k3_c0.12_r0.001,A,negative_control,FMNoiseSaopin,30.0,2500,30,30,0,0,0,-146.72205570096318,55.680260890523876,-8.685885305199627e-06,0.5582984218848075,791.8666666666667,3.117600098873178,564160.0
A_k3_c0.12_r0.001,A,negative_control,FMNoiseSaopin,30.0,3750,30,30,0,0,0,-146.66606710702985,55.65968696872844,-8.685885305199627e-06,0.5582984218848076,791.8666666666667,3.0937555944547057,564160.0
A_k3_c0.12_r0.001,A,negative_control,FMNoiseSaopin,30.0,4500,30,30,0,0,0,-146.67247897184672,55.666259194567175,-8.685885304235298e-06,0.558298421884808,791.8666666666667,3.0792292362699905,564160.0
A_k3_c0.12_r0.001,A,negative_control,FMNoiseSaopin,30.0,500,30,30,0,0,0,4.714239605081497,0.7243794070337479,-8.685885305199627e-06,0.9607029000558452,0.0,3.154791695609068,564160.0
A_k3_c0.12_r0.001,A,negative_control,FMNoiseSaopin,5.0,1250,30,30,0,0,0,10.564431688215624,1.6887279126799761,-8.685885308092608e-06,0.9483462705085963,1.0,3.1012735717619457,564160.0
A_k3_c0.12_r0.001,A,negative_control,FMNoiseSaopin,5.0,2500,30,30,0,0,0,11.232719525152422,1.722811262591599,-8.685885305199627e-06,0.9340587041294363,1.0,3.077877805723498,564160.0
A_k3_c0.12_r0.001,A,negative_control,FMNoiseSaopin,5.0,3750,30,30,0,0,0,11.05470914595282,1.802762115967053,-8.685885305199627e-06,0.9340587041294377,1.0,3.0383333020533123,564160.0
A_k3_c0.12_r0.001,A,negative_control,FMNoiseSaopin,5.0,4500,30,30,0,0,0,10.976639827160424,1.8573716697062073,-8.685885304235298e-06,0.9341041318248425,1.0,3.07271380831177,564160.0
A_k3_c0.12_r0.001,A,negative_control,FMNoiseSaopin,5.0,500,30,30,0,0,0,2.629249853504005,0.049606486220789045,-8.685885305199627e-06,0.9764927940259568,0.0,3.156300028786063,564160.0
A_k3_c0.12_r0.001,A,negative_control,NoJammer,0.0,1250,30,30,0,0,0,4.630213180057521,0.06760654415899318,-8.685885308092608e-06,0.978902724727505,0.0,3.1328748678788543,564160.0
A_k3_c0.12_r0.001,A,negative_control,NoJammer,0.0,2500,30,30,0,0,0,4.155875054607064,0.07136000226643253,-8.685885305199627e-06,0.9788467153133631,0.0,3.091166636052852,564160.0
A_k3_c0.12_r0.001,A,negative_control,NoJammer,0.0,3750,30,30,0,0,0,3.213955323803776,0.0853594018708795,-8.685885305199627e-06,0.9792500452839893,0.0,3.0731404413624355,564160.0
A_k3_c0.12_r0.001,A,negative_control,NoJammer,0.0,4500,30,30,0,0,0,2.533980048824374,0.0898132114825119,-8.685885304235298e-06,0.9801210752952818,0.0,3.0954346681634584,564160.0
A_k3_c0.12_r0.001,A,negative_control,NoJammer,0.0,500,30,30,0,0,0,4.192044702720218,0.07264840056099502,-8.685885305199627e-06,0.9797873132681547,0.0,3.175573671857516,564160.0
A_k3_c0.12_r0.001,A,negative_control,NoJammer,10.0,1250,30,30,0,0,0,4.630213180057521,0.06760654415899318,-8.685885308092608e-06,0.978902724727505,0.0,3.235120774479583,564160.0
A_k3_c0.12_r0.001,A,negative_control,NoJammer,10.0,2500,30,30,0,0,0,4.155875054607064,0.07136000226643253,-8.685885305199627e-06,0.9788467153133631,0.0,3.220291625863562,564160.0
A_k3_c0.12_r0.001,A,negative_control,NoJammer,10.0,3750,30,30,0,0,0,3.213955323803776,0.0853594018708795,-8.685885305199627e-06,0.9792500452839893,0.0,3.1847610390589884,564160.0
A_k3_c0.12_r0.001,A,negative_control,NoJammer,10.0,4500,30,30,0,0,0,2.533980048824374,0.0898132114825119,-8.685885304235298e-06,0.9801210752952818,0.0,3.18489297448347,564160.0
A_k3_c0.12_r0.001,A,negative_control,NoJammer,10.0,500,30,30,0,0,0,4.192044702720218,0.07264840056099502,-8.685885305199627e-06,0.9797873132681547,0.0,3.274438801842431,564160.0
A_k3_c0.12_r0.001,A,negative_control,NoJammer,20.0,1250,30,30,0,0,0,4.630213180057521,0.06760654415899318,-8.685885308092608e-06,0.978902724727505,0.0,3.14474450230288,564160.0
A_k3_c0.12_r0.001,A,negative_control,NoJammer,20.0,2500,30,30,0,0,0,4.155875054607064,0.07136000226643253,-8.685885305199627e-06,0.9788467153133631,0.0,3.153059728598843,564160.0
A_k3_c0.12_r0.001,A,negative_control,NoJammer,20.0,3750,30,30,0,0,0,3.213955323803776,0.0853594018708795,-8.685885305199627e-06,0.9792500452839893,0.0,3.103938863690322,564160.0
A_k3_c0.12_r0.001,A,negative_control,NoJammer,20.0,4500,30,30,0,0,0,2.533980048824374,0.0898132114825119,-8.685885304235298e-06,0.9801210752952818,0.0,3.1217597716022283,564160.0
A_k3_c0.12_r0.001,A,negative_control,NoJammer,20.0,500,30,30,0,0,0,4.192044702720218,0.07264840056099502,-8.685885305199627e-06,0.9797873132681547,0.0,3.235248629547035,564160.0
A_k3_c0.12_r0.001,A,negative_control,NoJammer,30.0,1250,30,30,0,0,0,4.630213180057521,0.06760654415899318,-8.685885308092608e-06,0.978902724727505,0.0,3.167976268256704,564160.0
A_k3_c0.12_r0.001,A,negative_control,NoJammer,30.0,2500,30,30,0,0,0,4.155875054607064,0.07136000226643253,-8.685885305199627e-06,0.9788467153133631,0.0,3.1353569647762924,564160.0
A_k3_c0.12_r0.001,A,negative_control,NoJammer,30.0,3750,30,30,0,0,0,3.213955323803776,0.0853594018708795,-8.685885305199627e-06,0.9792500452839893,0.0,3.0907000007573515,564160.0
A_k3_c0.12_r0.001,A,negative_control,NoJammer,30.0,4500,30,30,0,0,0,2.533980048824374,0.0898132114825119,-8.685885304235298e-06,0.9801210752952818,0.0,3.1060527719091624,564160.0
A_k3_c0.12_r0.001,A,negative_control,NoJammer,30.0,500,30,30,0,0,0,4.192044702720218,0.07264840056099502,-8.685885305199627e-06,0.9797873132681547,0.0,3.1812166698121778,564160.0
A_k3_c0.12_r0.001,A,negative_control,NoJammer,5.0,1250,30,30,0,0,0,4.630213180057521,0.06760654415899318,-8.685885308092608e-06,0.978902724727505,0.0,3.122222264452527,564160.0
A_k3_c0.12_r0.001,A,negative_control,NoJammer,5.0,2500,30,30,0,0,0,4.155875054607064,0.07136000226643253,-8.685885305199627e-06,0.9788467153133631,0.0,3.1131139665376395,564160.0
A_k3_c0.12_r0.001,A,negative_control,NoJammer,5.0,3750,30,30,0,0,0,3.213955323803776,0.0853594018708795,-8.685885305199627e-06,0.9792500452839893,0.0,3.084418160142377,564160.0
A_k3_c0.12_r0.001,A,negative_control,NoJammer,5.0,4500,30,30,0,0,0,2.533980048824374,0.0898132114825119,-8.685885304235298e-06,0.9801210752952818,0.0,3.1070444674696773,564160.0
A_k3_c0.12_r0.001,A,negative_control,NoJammer,5.0,500,30,30,0,0,0,4.192044702720218,0.07264840056099502,-8.685885305199627e-06,0.9797873132681547,0.0,3.174470799664656,564160.0
A_k3_c0.12_r0.001,A,negative_control,SMSP,0.0,1250,30,30,0,0,0,13.734913565250691,0.02737880449014203,-8.685885308092608e-06,0.9051927149828238,1.0,3.118070800943921,564160.0
A_k3_c0.12_r0.001,A,negative_control,SMSP,0.0,2500,30,30,0,0,0,13.704531146657871,0.027858187126077277,-8.685885305199627e-06,0.9051927149828247,1.0,3.0975014417587468,564160.0
A_k3_c0.12_r0.001,A,negative_control,SMSP,0.0,3750,30,30,0,0,0,13.651758966841701,0.02773622445490437,-8.685885305199627e-06,0.9051927149828263,1.0,3.083606999522696,564160.0
A_k3_c0.12_r0.001,A,negative_control,SMSP,0.0,4500,30,30,0,0,0,13.659951439892172,0.027437633412210834,-8.685885304235298e-06,0.9051927149828285,1.0,3.0996930649659284,564160.0
A_k3_c0.12_r0.001,A,negative_control,SMSP,0.0,500,30,30,0,0,0,10.123270692104377,0.03150301317041374,-8.685885305199627e-06,0.9280037494929924,0.0,3.143391637907674,564160.0
A_k3_c0.12_r0.001,A,negative_control,SMSP,10.0,1250,30,30,0,0,0,23.91513292261935,0.024418505823113744,-8.685885308092608e-06,0.6815033018873223,2.1,3.041480561175073,564160.0
A_k3_c0.12_r0.001,A,negative_control,SMSP,10.0,2500,30,30,0,0,0,23.91232374311602,0.024503325376194048,-8.685885305199627e-06,0.6815033018873226,2.1,3.009519427238653,564160.0
A_k3_c0.12_r0.001,A,negative_control,SMSP,10.0,3750,30,30,0,0,0,23.906604464486772,0.024524464919817315,-8.685885305199627e-06,0.6815033018873233,2.1,2.9811624980842075,564160.0
A_k3_c0.12_r0.001,A,negative_control,SMSP,10.0,4500,30,30,0,0,0,23.94527837581835,0.024511537843077708,-8.685885304235298e-06,0.6815033018873247,2.1,3.0243139306548983,564160.0
A_k3_c0.12_r0.001,A,negative_control,SMSP,10.0,500,30,30,0,0,0,19.856529456755425,0.020284073784976216,-8.685885305199627e-06,0.756516402345,0.0,3.0999610607977957,564160.0
A_k3_c0.12_r0.001,A,negative_control,SMSP,20.0,1250,30,30,0,0,0,-36.345804674532864,0.02276823685658611,-8.685885308092608e-06,0.6194241721800006,519.0,3.106815331072236,564160.0
A_k3_c0.12_r0.001,A,negative_control,SMSP,20.0,2500,30,30,0,0,0,-36.346421924236424,0.02278261214829156,-8.685885305199627e-06,0.6194241721800007,519.0,3.0724736027574786,564160.0
A_k3_c0.12_r0.001,A,negative_control,SMSP,20.0,3750,30,30,0,0,0,-36.346999372691066,0.02278265156057196,-8.685885305199627e-06,0.6194241721800009,519.0,3.0869916294856616,564160.0
A_k3_c0.12_r0.001,A,negative_control,SMSP,20.0,4500,30,30,0,0,0,-36.347352088356175,0.02277682628485583,-8.685885304235298e-06,0.6194241721800012,519.0,3.0876694402347007,564160.0
A_k3_c0.12_r0.001,A,negative_control,SMSP,20.0,500,30,30,0,0,0,-13.62407742571468,0.02233382067644381,-8.685885305199627e-06,0.6690430124100222,96.0,3.1553639001989118,564160.0
A_k3_c0.12_r0.001,A,negative_control,SMSP,30.0,1250,30,30,0,0,0,-35.66900237562668,0.007713553115012986,-8.685885308092608e-06,0.6194257666043185,519.0,3.1332347348021963,564160.0
A_k3_c0.12_r0.001,A,negative_control,SMSP,30.0,2500,30,30,0,0,0,-35.66931550079489,0.007714117398066083,-8.685885305199627e-06,0.6194257666043185,519.0,3.117869569299122,564160.0
A_k3_c0.12_r0.001,A,negative_control,SMSP,30.0,3750,30,30,0,0,0,-35.66937332324084,0.007714129027378152,-8.685885305199627e-06,0.6194257666043186,519.0,3.0660374691554657,564160.0
A_k3_c0.12_r0.001,A,negative_control,SMSP,30.0,4500,30,30,0,0,0,-35.66895189168213,0.007651522421165951,-8.685885304235298e-06,0.6194257666043187,519.0,3.080249963871514,564160.0
A_k3_c0.12_r0.001,A,negative_control,SMSP,30.0,500,30,30,0,0,0,-13.2043874637234,0.007787291074299189,-8.685885305199627e-06,0.6701928791819471,96.0,3.1791681326770536,564160.0
A_k3_c0.12_r0.001,A,negative_control,SMSP,5.0,1250,30,30,0,0,0,18.686556818445307,0.024340806208818056,-8.685885308092608e-06,0.8276420289775347,2.0,3.1064069306012243,564160.0
A_k3_c0.12_r0.001,A,negative_control,SMSP,5.0,2500,30,30,0,0,0,18.676677468377754,0.024543952132672475,-8.685885305199627e-06,0.8276420289775354,2.0,3.090887499274686,564160.0
A_k3_c0.12_r0.001,A,negative_control,SMSP,5.0,3750,30,30,0,0,0,18.6589597630198,0.024551627797145304,-8.685885305199627e-06,0.8276420289775366,2.0,3.052026433094094,564160.0
A_k3_c0.12_r0.001,A,negative_control,SMSP,5.0,4500,30,30,0,0,0,18.689946611274127,0.024498312670399706,-8.685885304235298e-06,0.8276420289775389,2.0,3.0803654032448926,564160.0
A_k3_c0.12_r0.001,A,negative_control,SMSP,5.0,500,30,30,0,0,0,14.7408229413443,0.022062155729603187,-8.685885305199627e-06,0.8722322438488697,0.0,3.1482999736908823,564160.0
A_k3_c0.12_r0.001,A,target_jammer,NoiseConvolutionJamming,0.0,1250,30,30,0,0,0,13.389157353809594,0.2014760100681161,-8.685885308092608e-06,0.8957663290911193,0.9666666666666667,3.0193499696906656,564160.0
A_k3_c0.12_r0.001,A,target_jammer,NoiseConvolutionJamming,0.0,2500,30,30,0,0,0,13.358547979242047,0.20159458098107488,-8.685885305199627e-06,0.8957663290911196,0.9666666666666667,2.996251293613265,564160.0
A_k3_c0.12_r0.001,A,target_jammer,NoiseConvolutionJamming,0.0,3750,30,30,0,0,0,13.305454485087807,0.20215694325019523,-8.685885305199627e-06,0.8957663290911213,0.9666666666666667,2.9709598689805716,564160.0
A_k3_c0.12_r0.001,A,target_jammer,NoiseConvolutionJamming,0.0,4500,30,30,0,0,0,13.313988268549169,0.20217670585644737,-8.685885304235298e-06,0.895826475434457,0.9666666666666667,2.9912389368594936,564160.0
A_k3_c0.12_r0.001,A,target_jammer,NoiseConvolutionJamming,0.0,500,30,30,0,0,0,10.42711225874571,0.2098577221036819,-8.685885305199627e-06,0.9223106902831709,0.0,3.085640301772704,564160.0
A_k3_c0.12_r0.001,A,target_jammer,NoiseConvolutionJamming,10.0,1250,30,30,0,0,0,22.572924070667533,0.5702068080298227,-8.685885308092608e-06,0.6860396515556099,1.4333333333333333,3.109780569017554,564160.0
A_k3_c0.12_r0.001,A,target_jammer,NoiseConvolutionJamming,10.0,2500,30,30,0,0,0,22.571663656202094,0.5702074786779912,-8.685885305199627e-06,0.68603965155561,1.4333333333333333,3.081002759669597,564160.0
A_k3_c0.12_r0.001,A,target_jammer,NoiseConvolutionJamming,10.0,3750,30,30,0,0,0,22.56593324470683,0.570250202966367,-8.685885305199627e-06,0.6860396515556105,1.4333333333333333,3.0539987317752093,564160.0
A_k3_c0.12_r0.001,A,target_jammer,NoiseConvolutionJamming,10.0,4500,30,30,0,0,0,22.60414185853647,0.5702732317183627,-8.685885304235298e-06,0.6828991742224451,1.2,3.079369227634743,564160.0
A_k3_c0.12_r0.001,A,target_jammer,NoiseConvolutionJamming,10.0,500,30,30,0,0,0,19.2806238438316,0.5239531728824321,-8.685885305199627e-06,0.7810762418399124,0.23333333333333334,3.180904232431203,564160.0
A_k3_c0.12_r0.001,A,target_jammer,NoiseConvolutionJamming,20.0,1250,30,30,0,0,0,-14.614063671115389,6.659969236394645,-8.685885308092608e-06,0.5627561900655658,250.63333333333333,3.10200693202205,564160.0
A_k3_c0.12_r0.001,A,target_jammer,NoiseConvolutionJamming,20.0,2500,30,30,0,0,0,-14.61236652065939,6.660093623006335,-8.685885305199627e-06,0.5627561900655658,250.63333333333333,3.0646541369302818,564160.0
A_k3_c0.12_r0.001,A,target_jammer,NoiseConvolutionJamming,20.0,3750,30,30,0,0,0,-14.612944749981466,6.6600918375264735,-8.685885305199627e-06,0.5627561900655659,250.63333333333333,3.0509458660768964,564160.0
A_k3_c0.12_r0.001,A,target_jammer,NoiseConvolutionJamming,20.0,4500,30,30,0,0,0,-14.608475553602238,7.968803411911049,-8.685885304235298e-06,0.5381956005685619,263.8666666666667,3.1055694329552352,564160.0
A_k3_c0.12_r0.001,A,target_jammer,NoiseConvolutionJamming,20.0,500,30,30,0,0,0,0.6067737227880389,6.989909029084882,-8.685885305199627e-06,0.611478333936687,68.43333333333334,3.1348625042786202,564160.0
A_k3_c0.12_r0.001,A,target_jammer,NoiseConvolutionJamming,30.0,1250,30,30,0,0,0,-14.37140154761198,5.8589527183615235,-8.685885308092608e-06,0.5593326247082164,253.1,3.082975000143051,564160.0
A_k3_c0.12_r0.001,A,target_jammer,NoiseConvolutionJamming,30.0,2500,30,30,0,0,0,-14.369391293700271,5.8590703527992,-8.685885305199627e-06,0.5593326247082164,253.1,3.0490999401081353,564160.0
A_k3_c0.12_r0.001,A,target_jammer,NoiseConvolutionJamming,30.0,3750,30,30,0,0,0,-14.369449188453217,5.859070217351638,-8.685885305199627e-06,0.5593326247082164,253.1,3.0158056023841104,564160.0
A_k3_c0.12_r0.001,A,target_jammer,NoiseConvolutionJamming,30.0,4500,30,30,0,0,0,-17.188423616641966,6.343479911960916,-8.685885304235298e-06,0.5399142431636835,280.93333333333334,3.0597415655696145,564160.0
A_k3_c0.12_r0.001,A,target_jammer,NoiseConvolutionJamming,30.0,500,30,30,0,0,0,-4.264142262387968,5.781859031266566,-8.685885305199627e-06,0.5962866328536752,80.76666666666667,3.1143416669995836,564160.0
A_k3_c0.12_r0.001,A,target_jammer,NoiseConvolutionJamming,5.0,1250,30,30,0,0,0,18.013468588811033,0.3386243794295314,-8.685885308092608e-06,0.8180361340939697,0.9666666666666667,3.116350058310976,564160.0
A_k3_c0.12_r0.001,A,target_jammer,NoiseConvolutionJamming,5.0,2500,30,30,0,0,0,18.00471246638598,0.338633645914172,-8.685885305199627e-06,0.81803613409397,0.9666666666666667,3.0942194629460573,564160.0
A_k3_c0.12_r0.001,A,target_jammer,NoiseConvolutionJamming,5.0,3750,30,30,0,0,0,17.986940048142838,0.3387728098089171,-8.685885305199627e-06,0.8180361340939711,0.9666666666666667,3.0193472669149437,564160.0
A_k3_c0.12_r0.001,A,target_jammer,NoiseConvolutionJamming,5.0,4500,30,30,0,0,0,18.01790104463304,0.33869786355639425,-8.685885304235298e-06,0.818019236273344,0.9333333333333333,3.0841458045567074,564160.0
A_k3_c0.12_r0.001,A,target_jammer,NoiseConvolutionJamming,5.0,500,30,30,0,0,0,14.798129284348203,0.3215253094318019,-8.685885305199627e-06,0.8713116393664233,0.03333333333333333,3.1564847294551632,564160.0
A_k3_c0.12_r0.001,A,target_jammer,NoiseProductJamming,0.0,1250,30,30,0,0,0,12.391110000320046,0.22317148405914078,-8.685885308092608e-06,0.8979513056385995,1.0666666666666667,2.99905146821402,564146.2
A_k3_c0.12_r0.001,A,target_jammer,NoiseProductJamming,0.0,2500,30,30,0,0,0,12.347799085680476,0.22402768155192676,-8.685885305199627e-06,0.8979513056386,1.0666666666666667,3.08089999986502,564138.5333333333
A_k3_c0.12_r0.001,A,target_jammer,NoiseProductJamming,0.0,3750,30,30,0,0,0,12.277499415783348,0.22488975754038643,-8.685885305199627e-06,0.8979513056386015,1.0666666666666667,2.9607375035993755,564135.4666666667
A_k3_c0.12_r0.001,A,target_jammer,NoiseProductJamming,0.0,4500,30,30,0,0,0,12.274838411034244,0.2255421806546924,-8.685885304235298e-06,0.8979614048294849,1.0666666666666667,2.9587805348758898,564152.3333333334
A_k3_c0.12_r0.001,A,target_jammer,NoiseProductJamming,0.0,500,30,30,0,0,0,12.204999120939023,0.22262868714752318,-8.685885305199627e-06,0.9180414852775548,0.0,3.0414111291368804,564132.4
A_k3_c0.12_r0.001,A,target_jammer,NoiseProductJamming,10.0,1250,30,30,0,0,0,21.93133748379085,0.5645676398736893,-8.685885308092608e-06,0.6720410363563439,1.7333333333333334,3.105279265825326,564160.0
A_k3_c0.12_r0.001,A,target_jammer,NoiseProductJamming,10.0,2500,30,30,0,0,0,21.926541629179773,0.5646136198640315,-8.685885305199627e-06,0.672041036356344,1.7333333333333334,3.062927763676271,564160.0
A_k3_c0.12_r0.001,A,target_jammer,NoiseProductJamming,10.0,3750,30,30,0,0,0,21.918815544269457,0.5646880657997442,-8.685885305199627e-06,0.6720410363563448,1.7333333333333334,3.0340944727261863,564160.0
A_k3_c0.12_r0.001,A,target_jammer,NoiseProductJamming,10.0,4500,30,30,0,0,0,21.955792603693464,0.5646513206662425,-8.685885304235298e-06,0.6704130288330391,1.6,3.070902762313684,564160.0
A_k3_c0.12_r0.001,A,target_jammer,NoiseProductJamming,10.0,500,30,30,0,0,0,21.80087308535008,0.5669020502924893,-8.685885305199627e-06,0.7303645576021263,0.13333333333333333,3.1355138674067953,564160.0
A_k3_c0.12_r0.001,A,target_jammer,NoiseProductJamming,20.0,1250,30,30,0,0,0,-15.779161441087712,4.619389592918108,-8.685885308092608e-06,0.5783404318325125,203.03333333333333,3.115511235470573,564147.7333333333
A_k3_c0.12_r0.001,A,target_jammer,NoiseProductJamming,20.0,2500,30,30,0,0,0,-15.779751548686212,4.619412536397027,-8.685885305199627e-06,0.5783404318325126,203.03333333333333,3.126590200311815,564147.7333333333
A_k3_c0.12_r0.001,A,target_jammer,NoiseProductJamming,20.0,3750,30,30,0,0,0,-15.780531690654003,4.619414849867782,-8.685885305199627e-06,0.5783404318325128,203.03333333333333,3.0532708896013596,564147.7333333333
A_k3_c0.12_r0.001,A,target_jammer,NoiseProductJamming,20.0,4500,30,30,0,0,0,-16.211682249966948,4.56896390008564,-8.685885304235298e-06,0.5870510571607703,207.06666666666666,3.0995444025999555,564147.7333333333
A_k3_c0.12_r0.001,A,target_jammer,NoiseProductJamming,20.0,500,30,30,0,0,0,-0.6538332395210279,5.998456014457477,-8.685885305199627e-06,0.5763860970503709,62.733333333333334,3.1506097332263985,564147.7333333333
A_k3_c0.12_r0.001,A,target_jammer,NoiseProductJamming,30.0,1250,30,30,0,0,0,-15.522119698630895,3.8683799233029648,-8.685885308092608e-06,0.5753152754588249,205.96666666666667,3.105724893976003,564147.7333333333
A_k3_c0.12_r0.001,A,target_jammer,NoiseProductJamming,30.0,2500,30,30,0,0,0,-15.522277699759252,3.868412992445908,-8.685885305199627e-06,0.575315275458825,205.96666666666667,3.0801583682963005,564147.7333333333
A_k3_c0.12_r0.001,A,target_jammer,NoiseProductJamming,30.0,3750,30,30,0,0,0,-15.522355783763722,3.8684132368173527,-8.685885305199627e-06,0.575315275458825,205.96666666666667,3.0703028004306057,564147.7333333333
A_k3_c0.12_r0.001,A,target_jammer,NoiseProductJamming,30.0,4500,30,30,0,0,0,-16.228283942042417,3.8224426431656093,-8.685885304235298e-06,0.5819716268808182,214.76666666666668,3.064711003874739,564147.7333333333
A_k3_c0.12_r0.001,A,target_jammer,NoiseProductJamming,30.0,500,30,30,0,0,0,-2.139975626201091,5.436707185390148,-8.685885305199627e-06,0.5755074407095507,71.16666666666667,3.167616630283495,564147.7333333333
A_k3_c0.12_r0.001,A,target_jammer,NoiseProductJamming,5.0,1250,30,30,0,0,0,17.124753549773235,0.3673158998196949,-8.685885308092608e-06,0.8164382243637848,1.2,3.1106278339090445,564149.2666666667
A_k3_c0.12_r0.001,A,target_jammer,NoiseProductJamming,5.0,2500,30,30,0,0,0,17.109939181791614,0.36752231241752026,-8.685885305199627e-06,0.816438224363785,1.2,3.1054430350195616,564149.2666666667
A_k3_c0.12_r0.001,A,target_jammer,NoiseProductJamming,5.0,3750,30,30,0,0,0,17.086071812193072,0.3677605252859408,-8.685885305199627e-06,0.8164382243637863,1.2,3.0459264603753886,564149.2666666667
A_k3_c0.12_r0.001,A,target_jammer,NoiseProductJamming,5.0,4500,30,30,0,0,0,17.11327729553509,0.36794212511425495,-8.685885304235298e-06,0.816481500575812,1.2,3.0698514349448183,564149.2666666667
A_k3_c0.12_r0.001,A,target_jammer,NoiseProductJamming,5.0,500,30,30,0,0,0,16.953604224779305,0.3659694144799382,-8.685885305199627e-06,0.8576292195809941,0.0,3.149906889302656,564150.8
A_k3_c0.12_r0.01,A,negative_control,AMNoiseGaiJam,0.0,1250,30,30,0,0,0,8.34516170151558,0.09614220302524848,-8.685846209919741e-05,0.9511794986607411,1.0,3.1537361016186574,564156.9333333333
A_k3_c0.12_r0.01,A,negative_control,AMNoiseGaiJam,0.0,2500,30,30,0,0,0,8.286278077346644,0.09826467722207806,-8.685846209726876e-05,0.9511794986607419,1.0,3.138712364792203,564156.9333333333
A_k3_c0.12_r0.01,A,negative_control,AMNoiseGaiJam,0.0,3750,30,30,0,0,0,8.124875237525101,0.09997459484170965,-8.685846209919741e-05,0.9511794986607435,1.0,3.108836132256935,564158.4666666667
A_k3_c0.12_r0.01,A,negative_control,AMNoiseGaiJam,0.0,4500,30,30,0,0,0,8.062337474826307,0.10121826897825209,-8.685846209726876e-05,0.9513865235883859,1.0,3.1248403034017733,564156.9333333333
A_k3_c0.12_r0.01,A,negative_control,AMNoiseGaiJam,0.0,500,30,30,0,0,0,6.218283750556675,0.08875712313273672,-8.685846209919741e-05,0.9539279108148381,0.0,3.2191623953015855,564158.4666666667
A_k3_c0.12_r0.01,A,negative_control,AMNoiseGaiJam,10.0,1250,30,30,0,0,0,16.51881778850044,0.14140607005921532,-8.685846209919741e-05,0.8682985659051241,0.8333333333333334,3.140240269325053,564160.0
A_k3_c0.12_r0.01,A,negative_control,AMNoiseGaiJam,10.0,2500,30,30,0,0,0,16.543920670430825,0.14054920373358445,-8.685846209726876e-05,0.8682985659051243,0.8333333333333334,3.089309668090815,564160.0
A_k3_c0.12_r0.01,A,negative_control,AMNoiseGaiJam,10.0,3750,30,30,0,0,0,16.52415463111507,0.14072951740183828,-8.685846209919741e-05,0.8682985659051259,0.8333333333333334,3.0640139632547894,564160.0
A_k3_c0.12_r0.01,A,negative_control,AMNoiseGaiJam,10.0,4500,30,30,0,0,0,16.55403650278118,0.14075696522079229,-8.685846209726876e-05,0.8682985659051279,0.8333333333333334,3.076611067323635,564160.0
A_k3_c0.12_r0.01,A,negative_control,AMNoiseGaiJam,10.0,500,30,30,0,0,0,13.46831156470453,0.17184643457377194,-8.685846209919741e-05,0.8987849747008293,0.0,3.171087399823591,564160.0
A_k3_c0.12_r0.01,A,negative_control,AMNoiseGaiJam,20.0,1250,30,30,0,0,0,24.227691285626026,0.2474695594562749,-8.685846209919741e-05,0.6793817391074097,0.3333333333333333,3.036608259814481,564160.0
A_k3_c0.12_r0.01,A,negative_control,AMNoiseGaiJam,20.0,2500,30,30,0,0,0,24.263126435171884,0.24679270845122278,-8.685846209726876e-05,0.6793817391074097,0.3333333333333333,3.0188222396342703,564160.0
A_k3_c0.12_r0.01,A,negative_control,AMNoiseGaiJam,20.0,3750,30,30,0,0,0,24.261119444448962,0.246795650058459,-8.685846209919741e-05,0.6793817391074105,0.3333333333333333,2.9945375320191183,564160.0
A_k3_c0.12_r0.01,A,negative_control,AMNoiseGaiJam,20.0,4500,30,30,0,0,0,24.302222237876382,0.24677699491539865,-8.685846209726876e-05,0.6793817391074113,0.3333333333333333,3.0082375063405684,564160.0
A_k3_c0.12_r0.01,A,negative_control,AMNoiseGaiJam,20.0,500,30,30,0,0,0,21.00508571101116,0.28442250808428654,-8.685846209919741e-05,0.7661815692471248,0.0,3.1252068971904614,564160.0
A_k3_c0.12_r0.01,A,negative_control,AMNoiseGaiJam,30.0,1250,30,30,0,0,0,-19.658671334114548,8.52649250431013,-8.685846209919741e-05,0.5390924068490826,307.56666666666666,3.114643027462686,564160.0
A_k3_c0.12_r0.01,A,negative_control,AMNoiseGaiJam,30.0,2500,30,30,0,0,0,-19.622670919700404,8.52687551852075,-8.685846209726876e-05,0.5390924068490826,307.56666666666666,3.073266697659468,564160.0
A_k3_c0.12_r0.01,A,negative_control,AMNoiseGaiJam,30.0,3750,30,30,0,0,0,-19.62287145194966,8.52687714467522,-8.685846209919741e-05,0.5390924068490826,307.56666666666666,3.0535791049866625,564160.0
A_k3_c0.12_r0.01,A,negative_control,AMNoiseGaiJam,30.0,4500,30,30,0,0,0,-19.615828833602567,8.53218622681053,-8.685846209726876e-05,0.5420042023284061,307.56666666666666,3.0561666334203133,564160.0
A_k3_c0.12_r0.01,A,negative_control,AMNoiseGaiJam,30.0,500,30,30,0,0,0,16.71441325764549,5.950888377143852,-8.685846209919741e-05,0.5910439010835348,22.633333333333333,3.16098759843347,564160.0
A_k3_c0.12_r0.01,A,negative_control,AMNoiseGaiJam,5.0,1250,30,30,0,0,0,12.27536620323926,0.11887069645296178,-8.685846209919741e-05,0.9201052739007107,1.0,3.1041861996830753,564160.0
A_k3_c0.12_r0.01,A,negative_control,AMNoiseGaiJam,5.0,2500,30,30,0,0,0,12.276699548558136,0.11864314952489131,-8.685846209726876e-05,0.9201052739007111,1.0,3.080147271975875,564160.0
A_k3_c0.12_r0.01,A,negative_control,AMNoiseGaiJam,5.0,3750,30,30,0,0,0,12.217168380529378,0.11931152898666314,-8.685846209919741e-05,0.9201052739007125,1.0,3.0276125393963107,564160.0
A_k3_c0.12_r0.01,A,negative_control,AMNoiseGaiJam,5.0,4500,30,30,0,0,0,12.221610449390392,0.1196567067582189,-8.685846209726876e-05,0.9201052739007151,1.0,3.075662534683943,564160.0
A_k3_c0.12_r0.01,A,negative_control,AMNoiseGaiJam,5.0,500,30,30,0,0,0,9.526975113012488,0.1338140585501045,-8.685846209919741e-05,0.933322742040175,0.0,3.172598635622611,564160.0
A_k3_c0.12_r0.01,A,negative_control,FMNoiseAimedJam,0.0,1250,30,30,0,0,0,10.251703608514894,0.1709537007951976,-8.685846209919741e-05,0.9248348389447804,1.0,3.1449680061390004,564160.0
A_k3_c0.12_r0.01,A,negative_control,FMNoiseAimedJam,0.0,2500,30,30,0,0,0,10.21902489406434,0.17269654294841005,-8.685846209726876e-05,0.9248348389447807,1.0,3.1187930008551725,564160.0
A_k3_c0.12_r0.01,A,negative_control,FMNoiseAimedJam,0.0,3750,30,30,0,0,0,10.108875600016813,0.17468754643699871,-8.685846209919741e-05,0.9248348389447826,1.0,3.0691943383620433,564160.0
A_k3_c0.12_r0.01,A,negative_control,FMNoiseAimedJam,0.0,4500,30,30,0,0,0,10.081448473538519,0.17627016800049988,-8.685846209726876e-05,0.9248348389447852,1.0,3.105799964396283,564160.0
A_k3_c0.12_r0.01,A,negative_control,FMNoiseAimedJam,0.0,500,30,30,0,0,0,7.372832106069964,0.18712015782563032,-8.685846209919741e-05,0.9448097620868068,0.0,3.1939056294504553,564160.0
A_k3_c0.12_r0.01,A,negative_control,FMNoiseAimedJam,10.0,1250,30,30,0,0,0,19.342106547945335,0.3912802816608071,-8.685846209919741e-05,0.7690736854127564,1.1666666666666667,3.0897291959263384,564160.0
A_k3_c0.12_r0.01,A,negative_control,FMNoiseAimedJam,10.0,2500,30,30,0,0,0,19.36949170933045,0.39081431485837304,-8.685846209726876e-05,0.7690736854127568,1.1666666666666667,3.0586902673045793,564160.0
A_k3_c0.12_r0.01,A,negative_control,FMNoiseAimedJam,10.0,3750,30,30,0,0,0,19.35669418697503,0.3909170183161533,-8.685846209919741e-05,0.7690736854127579,1.1666666666666667,3.147999926780661,564160.0
A_k3_c0.12_r0.01,A,negative_control,FMNoiseAimedJam,10.0,4500,30,30,0,0,0,19.391002600696762,0.3910140507427675,-8.685846209726876e-05,0.7689078991181449,1.1333333333333333,3.0434598350742212,564160.0
A_k3_c0.12_r0.01,A,negative_control,FMNoiseAimedJam,10.0,500,30,30,0,0,0,15.725898322961276,0.4184065114948266,-8.685846209919741e-05,0.851156333349184,0.03333333333333333,3.126157024720063,564160.0
A_k3_c0.12_r0.01,A,negative_control,FMNoiseAimedJam,20.0,1250,30,30,0,0,0,-18.56248833844431,9.216334554730503,-8.685846209919741e-05,0.5680308058534795,347.76666666666665,3.0575236635437855,564160.0
A_k3_c0.12_r0.01,A,negative_control,FMNoiseAimedJam,20.0,2500,30,30,0,0,0,-18.52804461771634,9.214873271384487,-8.685846209726876e-05,0.5680308058534794,347.76666666666665,3.0207958014216274,564160.0
A_k3_c0.12_r0.01,A,negative_control,FMNoiseAimedJam,20.0,3750,30,30,0,0,0,-18.5293448244634,9.214880940160072,-8.685846209919741e-05,0.5680308058534798,347.76666666666665,2.989316778257489,564160.0
A_k3_c0.12_r0.01,A,negative_control,FMNoiseAimedJam,20.0,4500,30,30,0,0,0,-18.52032978559309,9.220741386574213,-8.685846209726876e-05,0.5691413211239699,347.73333333333335,3.0053361357810595,564160.0
A_k3_c0.12_r0.01,A,negative_control,FMNoiseAimedJam,20.0,500,30,30,0,0,0,11.203165410336311,6.91400932813803,-8.685846209919741e-05,0.6052473960324941,44.06666666666667,3.085548624706765,564160.0
A_k3_c0.12_r0.01,A,negative_control,FMNoiseAimedJam,30.0,1250,30,30,0,0,0,-27.23051708524286,5.313861006718223,-8.685846209919741e-05,0.5691115166857464,434.6333333333333,3.127375072411572,564160.0
A_k3_c0.12_r0.01,A,negative_control,FMNoiseAimedJam,30.0,2500,30,30,0,0,0,-27.195320382771293,5.313553661235901,-8.685846209726876e-05,0.5691115166857464,434.6333333333333,3.104566734206552,564160.0
A_k3_c0.12_r0.01,A,negative_control,FMNoiseAimedJam,30.0,3750,30,30,0,0,0,-27.19545059358404,5.313554216964596,-8.685846209919741e-05,0.5691115166857464,434.6333333333333,3.065204127536466,564160.0
A_k3_c0.12_r0.01,A,negative_control,FMNoiseAimedJam,30.0,4500,30,30,0,0,0,-27.193947450089915,5.315054652866274,-8.685846209726876e-05,0.5717753219834295,434.6333333333333,3.084061137633398,564160.0
A_k3_c0.12_r0.01,A,negative_control,FMNoiseAimedJam,30.0,500,30,30,0,0,0,-7.459074307977507,5.7283352795587,-8.685846209919741e-05,0.5747342566710272,119.3,3.1452485670646033,564160.0
A_k3_c0.12_r0.01,A,negative_control,FMNoiseAimedJam,5.0,1250,30,30,0,0,0,14.641999827346933,0.24534414716995373,-8.685846209919741e-05,0.8685487034888808,0.9333333333333333,3.0985471656701216,564160.0
A_k3_c0.12_r0.01,A,negative_control,FMNoiseAimedJam,5.0,2500,30,30,0,0,0,14.652856542184685,0.24537217897588895,-8.685846209726876e-05,0.8685487034888812,0.9333333333333333,3.1016875291243196,564160.0
A_k3_c0.12_r0.01,A,negative_control,FMNoiseAimedJam,5.0,3750,30,30,0,0,0,14.613891709566929,0.24585092204428388,-8.685846209919741e-05,0.8685487034888826,0.9333333333333333,3.075572266243398,564160.0
A_k3_c0.12_r0.01,A,negative_control,FMNoiseAimedJam,5.0,4500,30,30,0,0,0,14.631866146877092,0.24629344620996854,-8.685846209726876e-05,0.8685487034888851,0.9333333333333333,3.129391736971835,564160.0
A_k3_c0.12_r0.01,A,negative_control,FMNoiseAimedJam,5.0,500,30,30,0,0,0,11.240926511687572,0.27092803766134843,-8.685846209919741e-05,0.9123068423855412,0.0,3.1653360715912036,564160.0
A_k3_c0.12_r0.01,A,negative_control,FMNoiseSaopin,0.0,1250,30,30,0,0,0,7.45834209185359,1.0753400388979457,-8.685846209919741e-05,0.9661710865306301,1.0,3.1212472337453314,564160.0
A_k3_c0.12_r0.01,A,negative_control,FMNoiseSaopin,0.0,2500,30,30,0,0,0,7.85315294808068,1.1348343648820927,-8.685846209726876e-05,0.9596924984112012,1.0,3.132420933494965,564160.0
A_k3_c0.12_r0.01,A,negative_control,FMNoiseSaopin,0.0,3750,30,30,0,0,0,7.59247344082649,1.2133593103799007,-8.685846209919741e-05,0.9596924984112026,1.0,3.054905562506368,564160.0
A_k3_c0.12_r0.01,A,negative_control,FMNoiseSaopin,0.0,4500,30,30,0,0,0,7.45628411773995,1.2679944586429133,-8.685846209726876e-05,0.9598916571177576,1.0,3.0864764334789165,564160.0
A_k3_c0.12_r0.01,A,negative_control,FMNoiseSaopin,0.0,500,30,30,0,0,0,2.620618944719726,0.0509334006501135,-8.685846209919741e-05,0.9766022880074051,0.0,3.1766223042116812,564160.0
A_k3_c0.12_r0.01,A,negative_control,FMNoiseSaopin,10.0,1250,30,30,0,0,0,14.17095645686231,2.332165004202137,-8.685846209919741e-05,0.9150835963700408,1.0,3.036730563811337,564160.0
A_k3_c0.12_r0.01,A,negative_control,FMNoiseSaopin,10.0,2500,30,30,0,0,0,15.128483183956169,2.2670489570277055,-8.685846209726876e-05,0.8861230634513819,1.0,3.030872172287976,564160.0
A_k3_c0.12_r0.01,A,negative_control,FMNoiseSaopin,10.0,3750,30,30,0,0,0,15.010611742067432,2.3312075455850905,-8.685846209919741e-05,0.8861230634513835,1.0,2.991234897247826,564160.0
A_k3_c0.12_r0.01,A,negative_control,FMNoiseSaopin,10.0,4500,30,30,0,0,0,14.97501209978318,2.37379142051636,-8.685846209726876e-05,0.8861230634513857,1.0,3.000967930226276,564160.0
A_k3_c0.12_r0.01,A,negative_control,FMNoiseSaopin,10.0,500,30,30,0,0,0,2.6547894517030013,0.048568456749433365,-8.685846209919741e-05,0.9762234122040444,0.0,3.1055499314485737,564160.0
A_k3_c0.12_r0.01,A,negative_control,FMNoiseSaopin,20.0,1250,30,30,0,0,0,22.321671433034066,3.398677370690035,-8.685846209919741e-05,0.7474903121154876,1.0,3.096445929259062,564160.0
A_k3_c0.12_r0.01,A,negative_control,FMNoiseSaopin,20.0,2500,30,30,0,0,0,12.675588532225333,22.18138937939128,-8.685846209726876e-05,0.6466107756919045,45.766666666666666,3.0890916008502245,564160.0
A_k3_c0.12_r0.01,A,negative_control,FMNoiseSaopin,20.0,3750,30,30,0,0,0,12.658400407483075,22.163481228275508,-8.685846209919741e-05,0.6466107756919051,45.766666666666666,3.028518033291524,564160.0
A_k3_c0.12_r0.01,A,negative_control,FMNoiseSaopin,20.0,4500,30,30,0,0,0,12.560023090926695,22.405083030576172,-8.685846209726876e-05,0.6466107756919058,45.766666666666666,3.049376434258496,564160.0
A_k3_c0.12_r0.01,A,negative_control,FMNoiseSaopin,20.0,500,30,30,0,0,0,2.949769278950025,0.12957655023046036,-8.685846209919741e-05,0.9740941309842824,0.0,3.1409375641184547,564160.0
A_k3_c0.12_r0.01,A,negative_control,FMNoiseSaopin,30.0,1250,30,30,0,0,0,-1.0176549730914755,8.67053920389905,-8.685846209919741e-05,0.6739578084635893,326.1333333333333,3.1276485591661185,564160.0
A_k3_c0.12_r0.01,A,negative_control,FMNoiseSaopin,30.0,2500,30,30,0,0,0,-146.71602131091979,55.67890858168059,-8.685846209726876e-05,0.5582984218848075,791.8666666666667,3.0949249281547964,564160.0
A_k3_c0.12_r0.01,A,negative_control,FMNoiseSaopin,30.0,3750,30,30,0,0,0,-146.6037136954638,55.63564595466767,-8.685846209919741e-05,0.5582984218848076,791.8666666666667,3.0851736412538835,564160.0
A_k3_c0.12_r0.01,A,negative_control,FMNoiseSaopin,30.0,4500,30,30,0,0,0,-146.7080348879705,55.681530617572285,-8.685846209726876e-05,0.558298421884808,791.8666666666667,3.07750686382254,564160.0
A_k3_c0.12_r0.01,A,negative_control,FMNoiseSaopin,30.0,500,30,30,0,0,0,4.714239605081497,0.7243794070337484,-8.685846209919741e-05,0.9607029000558452,0.0,3.148687469850605,564160.0
A_k3_c0.12_r0.01,A,negative_control,FMNoiseSaopin,5.0,1250,30,30,0,0,0,10.564431688215626,1.6887279126799755,-8.685846209919741e-05,0.9483462705085963,1.0,3.111041736944268,564160.0
A_k3_c0.12_r0.01,A,negative_control,FMNoiseSaopin,5.0,2500,30,30,0,0,0,11.232719525152422,1.7228112625915988,-8.685846209726876e-05,0.9340587041294363,1.0,3.0869319258878627,564160.0
A_k3_c0.12_r0.01,A,negative_control,FMNoiseSaopin,5.0,3750,30,30,0,0,0,11.05470914595282,1.8027621159670526,-8.685846209919741e-05,0.9340587041294377,1.0,3.0553055073445043,564160.0
A_k3_c0.12_r0.01,A,negative_control,FMNoiseSaopin,5.0,4500,30,30,0,0,0,10.976639827160424,1.8573716697062082,-8.685846209726876e-05,0.9341041318248425,1.0,3.0696263284577676,564160.0
A_k3_c0.12_r0.01,A,negative_control,FMNoiseSaopin,5.0,500,30,30,0,0,0,2.629249853504005,0.04960648622078881,-8.685846209919741e-05,0.9764927940259568,0.0,3.149193102338662,564160.0
A_k3_c0.12_r0.01,A,negative_control,NoJammer,0.0,1250,30,30,0,0,0,4.630213180057521,0.06760654415899318,-8.685846209919741e-05,0.978902724727505,0.0,3.114956863767778,564160.0
A_k3_c0.12_r0.01,A,negative_control,NoJammer,0.0,2500,30,30,0,0,0,4.155875054607064,0.07136000226643253,-8.685846209726876e-05,0.9788467153133631,0.0,3.1139249389525503,564160.0
A_k3_c0.12_r0.01,A,negative_control,NoJammer,0.0,3750,30,30,0,0,0,3.2139553238037775,0.08535940187087952,-8.685846209919741e-05,0.9792500452839893,0.0,3.075016534421593,564160.0
A_k3_c0.12_r0.01,A,negative_control,NoJammer,0.0,4500,30,30,0,0,0,2.5339800488243736,0.08981321148251198,-8.685846209726876e-05,0.9801210752952818,0.0,3.083051514113322,564160.0
A_k3_c0.12_r0.01,A,negative_control,NoJammer,0.0,500,30,30,0,0,0,4.192044702720216,0.07264840056099496,-8.685846209919741e-05,0.9797873132681547,0.0,3.175569403295716,564160.0
A_k3_c0.12_r0.01,A,negative_control,NoJammer,10.0,1250,30,30,0,0,0,4.630213180057521,0.06760654415899318,-8.685846209919741e-05,0.978902724727505,0.0,3.238052826297159,564160.0
A_k3_c0.12_r0.01,A,negative_control,NoJammer,10.0,2500,30,30,0,0,0,4.155875054607064,0.07136000226643253,-8.685846209726876e-05,0.9788467153133631,0.0,3.206999896792695,564160.0
A_k3_c0.12_r0.01,A,negative_control,NoJammer,10.0,3750,30,30,0,0,0,3.2139553238037775,0.08535940187087952,-8.685846209919741e-05,0.9792500452839893,0.0,3.1819278956390917,564160.0
A_k3_c0.12_r0.01,A,negative_control,NoJammer,10.0,4500,30,30,0,0,0,2.5339800488243736,0.08981321148251198,-8.685846209726876e-05,0.9801210752952818,0.0,3.180669469293207,564160.0
A_k3_c0.12_r0.01,A,negative_control,NoJammer,10.0,500,30,30,0,0,0,4.192044702720216,0.07264840056099496,-8.685846209919741e-05,0.9797873132681547,0.0,3.2602971710730344,564160.0
A_k3_c0.12_r0.01,A,negative_control,NoJammer,20.0,1250,30,30,0,0,0,4.630213180057521,0.06760654415899318,-8.685846209919741e-05,0.978902724727505,0.0,3.164201497565955,564160.0
A_k3_c0.12_r0.01,A,negative_control,NoJammer,20.0,2500,30,30,0,0,0,4.155875054607064,0.07136000226643253,-8.685846209726876e-05,0.9788467153133631,0.0,3.1634361289131143,564160.0
A_k3_c0.12_r0.01,A,negative_control,NoJammer,20.0,3750,30,30,0,0,0,3.2139553238037775,0.08535940187087952,-8.685846209919741e-05,0.9792500452839893,0.0,3.1021791704309485,564160.0
A_k3_c0.12_r0.01,A,negative_control,NoJammer,20.0,4500,30,30,0,0,0,2.5339800488243736,0.08981321148251198,-8.685846209726876e-05,0.9801210752952818,0.0,3.1390069712263844,564160.0
A_k3_c0.12_r0.01,A,negative_control,NoJammer,20.0,500,30,30,0,0,0,4.192044702720216,0.07264840056099496,-8.685846209919741e-05,0.9797873132681547,0.0,3.2121139597923807,564160.0
A_k3_c0.12_r0.01,A,negative_control,NoJammer,30.0,1250,30,30,0,0,0,4.630213180057521,0.06760654415899318,-8.685846209919741e-05,0.978902724727505,0.0,3.1695888338920972,564160.0
A_k3_c0.12_r0.01,A,negative_control,NoJammer,30.0,2500,30,30,0,0,0,4.155875054607064,0.07136000226643253,-8.685846209726876e-05,0.9788467153133631,0.0,3.139947234497716,564160.0
A_k3_c0.12_r0.01,A,negative_control,NoJammer,30.0,3750,30,30,0,0,0,3.2139553238037775,0.08535940187087952,-8.685846209919741e-05,0.9792500452839893,0.0,3.0919291311874986,564160.0
A_k3_c0.12_r0.01,A,negative_control,NoJammer,30.0,4500,30,30,0,0,0,2.5339800488243736,0.08981321148251198,-8.685846209726876e-05,0.9801210752952818,0.0,3.1069653768402836,564160.0
A_k3_c0.12_r0.01,A,negative_control,NoJammer,30.0,500,30,30,0,0,0,4.192044702720216,0.07264840056099496,-8.685846209919741e-05,0.9797873132681547,0.0,3.181993030011654,564160.0
A_k3_c0.12_r0.01,A,negative_control,NoJammer,5.0,1250,30,30,0,0,0,4.630213180057521,0.06760654415899318,-8.685846209919741e-05,0.978902724727505,0.0,3.122180465531225,564160.0
A_k3_c0.12_r0.01,A,negative_control,NoJammer,5.0,2500,30,30,0,0,0,4.155875054607064,0.07136000226643253,-8.685846209726876e-05,0.9788467153133631,0.0,3.1162193743512034,564160.0
A_k3_c0.12_r0.01,A,negative_control,NoJammer,5.0,3750,30,30,0,0,0,3.2139553238037775,0.08535940187087952,-8.685846209919741e-05,0.9792500452839893,0.0,3.0737931296850243,564160.0
A_k3_c0.12_r0.01,A,negative_control,NoJammer,5.0,4500,30,30,0,0,0,2.5339800488243736,0.08981321148251198,-8.685846209726876e-05,0.9801210752952818,0.0,3.108490330244725,564160.0
A_k3_c0.12_r0.01,A,negative_control,NoJammer,5.0,500,30,30,0,0,0,4.192044702720216,0.07264840056099496,-8.685846209919741e-05,0.9797873132681547,0.0,3.171599995888149,564160.0
A_k3_c0.12_r0.01,A,negative_control,SMSP,0.0,1250,30,30,0,0,0,13.734913565250691,0.02737880449014203,-8.685846209919741e-05,0.9051927149828238,1.0,3.1105097713104137,564160.0
A_k3_c0.12_r0.01,A,negative_control,SMSP,0.0,2500,30,30,0,0,0,13.704531146657871,0.027858187126077277,-8.685846209726876e-05,0.9051927149828247,1.0,3.0910915326482304,564160.0
A_k3_c0.12_r0.01,A,negative_control,SMSP,0.0,3750,30,30,0,0,0,13.651758966841701,0.02773622445490437,-8.685846209919741e-05,0.9051927149828263,1.0,3.0722527337881425,564160.0
A_k3_c0.12_r0.01,A,negative_control,SMSP,0.0,4500,30,30,0,0,0,13.659951439892172,0.027437633412210834,-8.685846209726876e-05,0.9051927149828285,1.0,3.095394535921514,564160.0
A_k3_c0.12_r0.01,A,negative_control,SMSP,0.0,500,30,30,0,0,0,10.123270692104377,0.03150301317041347,-8.685846209919741e-05,0.9280037494929924,0.0,3.1451208303527287,564160.0
A_k3_c0.12_r0.01,A,negative_control,SMSP,10.0,1250,30,30,0,0,0,23.91513292261935,0.024418505823113744,-8.685846209919741e-05,0.6815033018873223,2.1,3.0417332930179932,564160.0
A_k3_c0.12_r0.01,A,negative_control,SMSP,10.0,2500,30,30,0,0,0,23.91232374311602,0.024503325376194048,-8.685846209726876e-05,0.6815033018873226,2.1,3.01536115584895,564160.0
A_k3_c0.12_r0.01,A,negative_control,SMSP,10.0,3750,30,30,0,0,0,23.906604464486772,0.024524464919817315,-8.685846209919741e-05,0.6815033018873233,2.1,2.9843610633785524,564160.0
A_k3_c0.12_r0.01,A,negative_control,SMSP,10.0,4500,30,30,0,0,0,23.94527837581835,0.024511537843077462,-8.685846209726876e-05,0.6815033018873247,2.1,3.016245898713047,564160.0
A_k3_c0.12_r0.01,A,negative_control,SMSP,10.0,500,30,30,0,0,0,19.856529456755425,0.02028407378497706,-8.685846209919741e-05,0.756516402345,0.0,3.0802555033005774,564160.0
A_k3_c0.12_r0.01,A,negative_control,SMSP,20.0,1250,30,30,0,0,0,-36.34580467453286,0.022768236856589748,-8.685846209919741e-05,0.6194241721800006,519.0,3.1347097052882114,564160.0
A_k3_c0.12_r0.01,A,negative_control,SMSP,20.0,2500,30,30,0,0,0,-36.34642192423644,0.02278261214828523,-8.685846209726876e-05,0.6194241721800007,519.0,3.096429268286253,564160.0
A_k3_c0.12_r0.01,A,negative_control,SMSP,20.0,3750,30,30,0,0,0,-36.34699937269106,0.022782651560574827,-8.685846209919741e-05,0.6194241721800009,519.0,3.079511027317494,564160.0
A_k3_c0.12_r0.01,A,negative_control,SMSP,20.0,4500,30,30,0,0,0,-36.34735208835617,0.022776826284856513,-8.685846209726876e-05,0.6194241721800012,519.0,3.0987485971612236,564160.0
A_k3_c0.12_r0.01,A,negative_control,SMSP,20.0,500,30,30,0,0,0,-13.624077425714678,0.022333820676444155,-8.685846209919741e-05,0.6690430124100222,96.0,3.151122259441763,564160.0
A_k3_c0.12_r0.01,A,negative_control,SMSP,30.0,1250,30,30,0,0,0,-35.66900237562668,0.007713553115012772,-8.685846209919741e-05,0.6194257666043185,519.0,3.157602733699605,564160.0
A_k3_c0.12_r0.01,A,negative_control,SMSP,30.0,2500,30,30,0,0,0,-35.66931550079487,0.007714117398072406,-8.685846209726876e-05,0.6194257666043185,519.0,3.098662511911243,564160.0
A_k3_c0.12_r0.01,A,negative_control,SMSP,30.0,3750,30,30,0,0,0,-35.66937332324084,0.007714129027374395,-8.685846209919741e-05,0.6194257666043186,519.0,3.061452835875874,564160.0
A_k3_c0.12_r0.01,A,negative_control,SMSP,30.0,4500,30,30,0,0,0,-35.66895189168215,0.0076515224211662495,-8.685846209726876e-05,0.6194257666043187,519.0,3.0546222367168716,564160.0
A_k3_c0.12_r0.01,A,negative_control,SMSP,30.0,500,30,30,0,0,0,-13.204387463723398,0.007787291074299285,-8.685846209919741e-05,0.6701928791819471,96.0,3.1649583659600466,564160.0
A_k3_c0.12_r0.01,A,negative_control,SMSP,5.0,1250,30,30,0,0,0,18.686556818445307,0.024340806208817914,-8.685846209919741e-05,0.8276420289775347,2.0,3.120084669596205,564160.0
A_k3_c0.12_r0.01,A,negative_control,SMSP,5.0,2500,30,30,0,0,0,18.676677468377754,0.024543952132672586,-8.685846209726876e-05,0.8276420289775354,2.0,3.1007526927472404,564160.0
A_k3_c0.12_r0.01,A,negative_control,SMSP,5.0,3750,30,30,0,0,0,18.658959763019798,0.02455162779714563,-8.685846209919741e-05,0.8276420289775366,2.0,3.053766661711658,564160.0
A_k3_c0.12_r0.01,A,negative_control,SMSP,5.0,4500,30,30,0,0,0,18.68994661127413,0.024498312670400157,-8.685846209726876e-05,0.8276420289775389,2.0,3.0834458341511586,564160.0
A_k3_c0.12_r0.01,A,negative_control,SMSP,5.0,500,30,30,0,0,0,14.7408229413443,0.022062155729603187,-8.685846209919741e-05,0.8722322438488697,0.0,3.1568001063230136,564160.0
A_k3_c0.12_r0.01,A,target_jammer,NoiseConvolutionJamming,0.0,1250,30,30,0,0,0,13.389157353809598,0.20147601006811594,-8.685846209919741e-05,0.8957663290911193,0.9666666666666667,3.0275095991479852,564160.0
A_k3_c0.12_r0.01,A,target_jammer,NoiseConvolutionJamming,0.0,2500,30,30,0,0,0,13.358547979242047,0.2015945809810748,-8.685846209726876e-05,0.8957663290911196,0.9666666666666667,3.001668001525104,564160.0
A_k3_c0.12_r0.01,A,target_jammer,NoiseConvolutionJamming,0.0,3750,30,30,0,0,0,13.305454485087807,0.2021569432501955,-8.685846209919741e-05,0.8957663290911213,0.9666666666666667,2.962847203404332,564160.0
A_k3_c0.12_r0.01,A,target_jammer,NoiseConvolutionJamming,0.0,4500,30,30,0,0,0,13.313988268549169,0.20217670585644756,-8.685846209726876e-05,0.895826475434457,0.9666666666666667,2.9988082960092775,564160.0
A_k3_c0.12_r0.01,A,target_jammer,NoiseConvolutionJamming,0.0,500,30,30,0,0,0,10.42711225874571,0.20985772210368214,-8.685846209919741e-05,0.9223106902831709,0.0,3.0635082647980503,564160.0
A_k3_c0.12_r0.01,A,target_jammer,NoiseConvolutionJamming,10.0,1250,30,30,0,0,0,22.572924070667533,0.5702068080298227,-8.685846209919741e-05,0.6860396515556099,1.4333333333333333,3.103594396573802,564160.0
A_k3_c0.12_r0.01,A,target_jammer,NoiseConvolutionJamming,10.0,2500,30,30,0,0,0,22.57166365620209,0.5702074786779913,-8.685846209726876e-05,0.68603965155561,1.4333333333333333,3.088675000860045,564160.0
A_k3_c0.12_r0.01,A,target_jammer,NoiseConvolutionJamming,10.0,3750,30,30,0,0,0,22.56593324470683,0.570250202966367,-8.685846209919741e-05,0.6860396515556105,1.4333333333333333,3.0470999306999147,564160.0
A_k3_c0.12_r0.01,A,target_jammer,NoiseConvolutionJamming,10.0,4500,30,30,0,0,0,22.60414185853647,0.5702732317183627,-8.685846209726876e-05,0.6828991742224451,1.2,3.069784633892899,564160.0
A_k3_c0.12_r0.01,A,target_jammer,NoiseConvolutionJamming,10.0,500,30,30,0,0,0,19.280623843831602,0.5239531728824323,-8.685846209919741e-05,0.7810762418399124,0.23333333333333334,3.1691708602011204,564160.0
A_k3_c0.12_r0.01,A,target_jammer,NoiseConvolutionJamming,20.0,1250,30,30,0,0,0,-14.614063671115396,6.65996923639465,-8.685846209919741e-05,0.5627561900655658,250.63333333333333,3.1126430296959975,564160.0
A_k3_c0.12_r0.01,A,target_jammer,NoiseConvolutionJamming,20.0,2500,30,30,0,0,0,-14.612366520659396,6.660093623006338,-8.685846209726876e-05,0.5627561900655658,250.63333333333333,3.080158430384472,564160.0
A_k3_c0.12_r0.01,A,target_jammer,NoiseConvolutionJamming,20.0,3750,30,30,0,0,0,-14.612944749981471,6.660091837526476,-8.685846209919741e-05,0.5627561900655659,250.63333333333333,3.0450166979183755,564160.0
A_k3_c0.12_r0.01,A,target_jammer,NoiseConvolutionJamming,20.0,4500,30,30,0,0,0,-14.608475553602252,7.968803411911058,-8.685846209726876e-05,0.5381956005685619,263.8666666666667,3.0943112331442535,564160.0
A_k3_c0.12_r0.01,A,target_jammer,NoiseConvolutionJamming,20.0,500,30,30,0,0,0,0.6067737227880381,6.989909029084882,-8.685846209919741e-05,0.611478333936687,68.43333333333334,3.141233369630451,564160.0
A_k3_c0.12_r0.01,A,target_jammer,NoiseConvolutionJamming,30.0,1250,30,30,0,0,0,-14.371401547611976,5.8589527183615235,-8.685846209919741e-05,0.5593326247082164,253.1,3.0687751015648246,564160.0
A_k3_c0.12_r0.01,A,target_jammer,NoiseConvolutionJamming,30.0,2500,30,30,0,0,0,-14.36939129370028,5.859070352799203,-8.685846209726876e-05,0.5593326247082164,253.1,3.0431027679393687,564160.0
A_k3_c0.12_r0.01,A,target_jammer,NoiseConvolutionJamming,30.0,3750,30,30,0,0,0,-14.36944918845321,5.859070217351633,-8.685846209919741e-05,0.5593326247082164,253.1,3.0159597692545503,564160.0
A_k3_c0.12_r0.01,A,target_jammer,NoiseConvolutionJamming,30.0,4500,30,30,0,0,0,-17.18842361664198,6.343479911960926,-8.685846209726876e-05,0.5399142431636835,280.93333333333334,3.0656722005611905,564160.0
A_k3_c0.12_r0.01,A,target_jammer,NoiseConvolutionJamming,30.0,500,30,30,0,0,0,-4.264142262387968,5.781859031266566,-8.685846209919741e-05,0.5962866328536752,80.76666666666667,3.1071361348343394,564160.0
A_k3_c0.12_r0.01,A,target_jammer,NoiseConvolutionJamming,5.0,1250,30,30,0,0,0,18.013468588811033,0.33862437942953133,-8.685846209919741e-05,0.8180361340939697,0.9666666666666667,3.115079134780293,564160.0
A_k3_c0.12_r0.01,A,target_jammer,NoiseConvolutionJamming,5.0,2500,30,30,0,0,0,18.00471246638598,0.338633645914172,-8.685846209726876e-05,0.81803613409397,0.9666666666666667,3.093688805044318,564160.0
A_k3_c0.12_r0.01,A,target_jammer,NoiseConvolutionJamming,5.0,3750,30,30,0,0,0,17.986940048142838,0.3387728098089173,-8.685846209919741e-05,0.8180361340939711,0.9666666666666667,3.0448736351293824,564160.0
A_k3_c0.12_r0.01,A,target_jammer,NoiseConvolutionJamming,5.0,4500,30,30,0,0,0,18.01790104463304,0.33869786355639414,-8.685846209726876e-05,0.818019236273344,0.9333333333333333,3.0777943010131517,564160.0
A_k3_c0.12_r0.01,A,target_jammer,NoiseConvolutionJamming,5.0,500,30,30,0,0,0,14.798129284348203,0.3215253094318021,-8.685846209919741e-05,0.8713116393664233,0.03333333333333333,3.1370041988945254,564160.0
A_k3_c0.12_r0.01,A,target_jammer,NoiseProductJamming,0.0,1250,30,30,0,0,0,12.391110000320046,0.22317148405914114,-8.685846209919741e-05,0.8979513056385995,1.0666666666666667,2.992838795762509,564140.0666666667
A_k3_c0.12_r0.01,A,target_jammer,NoiseProductJamming,0.0,2500,30,30,0,0,0,12.347799085680476,0.22402768155192732,-8.685846209726876e-05,0.8979513056386,1.0666666666666667,3.0270054936408997,564135.4666666667
A_k3_c0.12_r0.01,A,target_jammer,NoiseProductJamming,0.0,3750,30,30,0,0,0,12.27749941578335,0.22488975754038656,-8.685846209919741e-05,0.8979513056386015,1.0666666666666667,2.9699041023074337,564126.2666666667
A_k3_c0.12_r0.01,A,target_jammer,NoiseProductJamming,0.0,4500,30,30,0,0,0,12.274838411034244,0.22554218065469236,-8.685846209726876e-05,0.8979614048294849,1.0666666666666667,2.969622101712351,564130.8666666667
A_k3_c0.12_r0.01,A,target_jammer,NoiseProductJamming,0.0,500,30,30,0,0,0,12.204999120939023,0.22262868714752285,-8.685846209919741e-05,0.9180414852775548,0.0,3.0334847998650125,564138.5333333333
A_k3_c0.12_r0.01,A,target_jammer,NoiseProductJamming,10.0,1250,30,30,0,0,0,21.93133748379085,0.5645676398736897,-8.685846209919741e-05,0.6720410363563439,1.7333333333333334,3.08276677193741,564160.0
A_k3_c0.12_r0.01,A,target_jammer,NoiseProductJamming,10.0,2500,30,30,0,0,0,21.926541629179773,0.5646136198640314,-8.685846209726876e-05,0.672041036356344,1.7333333333333334,3.0647250280405083,564160.0
A_k3_c0.12_r0.01,A,target_jammer,NoiseProductJamming,10.0,3750,30,30,0,0,0,21.918815544269457,0.5646880657997442,-8.685846209919741e-05,0.6720410363563448,1.7333333333333334,3.035145673978453,564160.0
A_k3_c0.12_r0.01,A,target_jammer,NoiseProductJamming,10.0,4500,30,30,0,0,0,21.955792603693464,0.5646513206662427,-8.685846209726876e-05,0.6704130288330391,1.6,3.1031165660048523,564160.0
A_k3_c0.12_r0.01,A,target_jammer,NoiseProductJamming,10.0,500,30,30,0,0,0,21.80087308535008,0.5669020502924886,-8.685846209919741e-05,0.7303645576021263,0.13333333333333333,3.147748636547476,564160.0
A_k3_c0.12_r0.01,A,target_jammer,NoiseProductJamming,20.0,1250,30,30,0,0,0,-15.779161441087712,4.619389592918108,-8.685846209919741e-05,0.5783404318325125,203.03333333333333,3.1394929993742458,564147.7333333333
A_k3_c0.12_r0.01,A,target_jammer,NoiseProductJamming,20.0,2500,30,30,0,0,0,-15.779751548686212,4.619412536397027,-8.685846209726876e-05,0.5783404318325126,203.03333333333333,3.11031806243894,564147.7333333333
A_k3_c0.12_r0.01,A,target_jammer,NoiseProductJamming,20.0,3750,30,30,0,0,0,-15.780531690654003,4.619414849867782,-8.685846209919741e-05,0.5783404318325128,203.03333333333333,3.0637014676661543,564147.7333333333
A_k3_c0.12_r0.01,A,target_jammer,NoiseProductJamming,20.0,4500,30,30,0,0,0,-16.211682249966948,4.56896390008564,-8.685846209726876e-05,0.5870510571607703,207.06666666666666,3.098488802788779,564147.7333333333
A_k3_c0.12_r0.01,A,target_jammer,NoiseProductJamming,20.0,500,30,30,0,0,0,-0.6538332395210295,5.998456014457478,-8.685846209919741e-05,0.5763860970503709,62.733333333333334,3.1604820008700094,564147.7333333333
A_k3_c0.12_r0.01,A,target_jammer,NoiseProductJamming,30.0,1250,30,30,0,0,0,-15.522119698630895,3.8683799233029648,-8.685846209919741e-05,0.5753152754588249,205.96666666666667,3.0994681001175195,564147.7333333333
A_k3_c0.12_r0.01,A,target_jammer,NoiseProductJamming,30.0,2500,30,30,0,0,0,-15.522277699759252,3.868412992445908,-8.685846209726876e-05,0.575315275458825,205.96666666666667,3.078118028740088,564147.7333333333
A_k3_c0.12_r0.01,A,target_jammer,NoiseProductJamming,30.0,3750,30,30,0,0,0,-15.522355783763722,3.8684132368173527,-8.685846209919741e-05,0.575315275458825,205.96666666666667,3.070297204734137,564147.7333333333
A_k3_c0.12_r0.01,A,target_jammer,NoiseProductJamming,30.0,4500,30,30,0,0,0,-16.228283942042417,3.822442643165608,-8.685846209726876e-05,0.5819716268808182,214.76666666666668,3.0768875614739954,564147.7333333333
A_k3_c0.12_r0.01,A,target_jammer,NoiseProductJamming,30.0,500,30,30,0,0,0,-2.139975626201092,5.436707185390148,-8.685846209919741e-05,0.5755074407095507,71.16666666666667,3.1651415997960917,564147.7333333333
A_k3_c0.12_r0.01,A,target_jammer,NoiseProductJamming,5.0,1250,30,30,0,0,0,17.124753549773235,0.3673158998196953,-8.685846209919741e-05,0.8164382243637848,1.2,3.1173569324892014,564152.3333333334
A_k3_c0.12_r0.01,A,target_jammer,NoiseProductJamming,5.0,2500,30,30,0,0,0,17.109939181791614,0.3675223124175208,-8.685846209726876e-05,0.816438224363785,1.2,3.107576295345401,564147.7333333333
A_k3_c0.12_r0.01,A,target_jammer,NoiseProductJamming,5.0,3750,30,30,0,0,0,17.086071812193072,0.36776052528594094,-8.685846209919741e-05,0.8164382243637863,1.2,3.0550570033180215,564152.3333333334
A_k3_c0.12_r0.01,A,target_jammer,NoiseProductJamming,5.0,4500,30,30,0,0,0,17.11327729553509,0.36794212511425484,-8.685846209726876e-05,0.816481500575812,1.2,3.0635763386574886,564147.7333333333
A_k3_c0.12_r0.01,A,target_jammer,NoiseProductJamming,5.0,500,30,30,0,0,0,16.9536042247793,0.36596941447993747,-8.685846209919741e-05,0.8576292195809941,0.0,3.1459443639808646,564144.6666666666
A_k5_c0.05_r0.001,A,negative_control,AMNoiseGaiJam,0.0,1250,30,30,0,0,0,8.34516170151558,0.09614220302524848,-8.685885308092608e-06,0.9511794986607411,1.0,3.2056861692884318,564494.4666666667
A_k5_c0.05_r0.001,A,negative_control,AMNoiseGaiJam,0.0,2500,30,30,0,0,0,8.286278077346644,0.09826467722207789,-8.685885305199627e-06,0.9511794986607419,1.0,3.177877777488902,564492.9333333333
A_k5_c0.05_r0.001,A,negative_control,AMNoiseGaiJam,0.0,3750,30,30,0,0,0,8.124875237525105,0.0999745948417097,-8.685885305199627e-06,0.9511794986607435,1.0,3.1530888052657247,564492.9333333333
A_k5_c0.05_r0.001,A,negative_control,AMNoiseGaiJam,0.0,4500,30,30,0,0,0,8.062337474826307,0.10121826897825209,-8.685885304235298e-06,0.9513865235883859,1.0,3.160991605060796,564494.4666666667
A_k5_c0.05_r0.001,A,negative_control,AMNoiseGaiJam,0.0,500,30,30,0,0,0,6.218283750556675,0.08875712313273672,-8.685885305199627e-06,0.9539279108148381,0.0,3.2545388385187835,564492.9333333333
A_k5_c0.05_r0.001,A,negative_control,AMNoiseGaiJam,10.0,1250,30,30,0,0,0,16.51881778850044,0.14140607005921513,-8.685885308092608e-06,0.8682985659051241,0.8333333333333334,3.174036067988103,564496.0
A_k5_c0.05_r0.001,A,negative_control,AMNoiseGaiJam,10.0,2500,30,30,0,0,0,16.543920670430825,0.1405492037335844,-8.685885305199627e-06,0.8682985659051243,0.8333333333333334,3.1341320330587528,564496.0
A_k5_c0.05_r0.001,A,negative_control,AMNoiseGaiJam,10.0,3750,30,30,0,0,0,16.524154631115067,0.14072951740183806,-8.685885305199627e-06,0.8682985659051259,0.8333333333333334,3.1043194622422257,564496.0
A_k5_c0.05_r0.001,A,negative_control,AMNoiseGaiJam,10.0,4500,30,30,0,0,0,16.55403650278118,0.14075696522079242,-8.685885304235298e-06,0.8682985659051279,0.8333333333333334,3.139694502654796,564496.0
A_k5_c0.05_r0.001,A,negative_control,AMNoiseGaiJam,10.0,500,30,30,0,0,0,13.46831156470453,0.1718464345737719,-8.685885305199627e-06,0.8987849747008293,0.0,3.2213487022090703,564496.0
A_k5_c0.05_r0.001,A,negative_control,AMNoiseGaiJam,20.0,1250,30,30,0,0,0,24.227691285626026,0.24746955945627472,-8.685885308092608e-06,0.6793817391074097,0.3333333333333333,3.0896124662831426,564496.0
A_k5_c0.05_r0.001,A,negative_control,AMNoiseGaiJam,20.0,2500,30,30,0,0,0,24.263126435171884,0.2467927084512227,-8.685885305199627e-06,0.6793817391074097,0.3333333333333333,3.049669366252298,564496.0
A_k5_c0.05_r0.001,A,negative_control,AMNoiseGaiJam,20.0,3750,30,30,0,0,0,24.261119444448962,0.2467956500584594,-8.685885305199627e-06,0.6793817391074105,0.3333333333333333,3.042893074840928,564496.0
A_k5_c0.05_r0.001,A,negative_control,AMNoiseGaiJam,20.0,4500,30,30,0,0,0,24.302222237876386,0.24677699491539817,-8.685885304235298e-06,0.6793817391074113,0.3333333333333333,3.063383469513307,564496.0
A_k5_c0.05_r0.001,A,negative_control,AMNoiseGaiJam,20.0,500,30,30,0,0,0,21.00508571101116,0.28442250808428643,-8.685885305199627e-06,0.7661815692471248,0.0,3.1367804020798453,564496.0
A_k5_c0.05_r0.001,A,negative_control,AMNoiseGaiJam,30.0,1250,30,30,0,0,0,-19.65867133411456,8.526492504310134,-8.685885308092608e-06,0.5390924068490826,307.56666666666666,3.1482166649463275,564496.0
A_k5_c0.05_r0.001,A,negative_control,AMNoiseGaiJam,30.0,2500,30,30,0,0,0,-19.62267091970043,8.526875518520757,-8.685885305199627e-06,0.5390924068490826,307.56666666666666,3.121238933332885,564496.0
A_k5_c0.05_r0.001,A,negative_control,AMNoiseGaiJam,30.0,3750,30,30,0,0,0,-19.622871451949646,8.526877144675215,-8.685885305199627e-06,0.5390924068490826,307.56666666666666,3.0887026766625545,564496.0
A_k5_c0.05_r0.001,A,negative_control,AMNoiseGaiJam,30.0,4500,30,30,0,0,0,-19.615828833602553,8.532186226810524,-8.685885304235298e-06,0.5420042023284061,307.56666666666666,3.1190111689890423,564496.0
A_k5_c0.05_r0.001,A,negative_control,AMNoiseGaiJam,30.0,500,30,30,0,0,0,16.71441325764549,5.950888377143852,-8.685885305199627e-06,0.5910439010835348,22.633333333333333,3.1784124381374568,564496.0
A_k5_c0.05_r0.001,A,negative_control,AMNoiseGaiJam,5.0,1250,30,30,0,0,0,12.275366203239262,0.11887069645296174,-8.685885308092608e-06,0.9201052739007107,1.0,3.14631110134845,564496.0
A_k5_c0.05_r0.001,A,negative_control,AMNoiseGaiJam,5.0,2500,30,30,0,0,0,12.27669954855814,0.11864314952489115,-8.685885305199627e-06,0.9201052739007111,1.0,3.1196220971954367,564496.0
A_k5_c0.05_r0.001,A,negative_control,AMNoiseGaiJam,5.0,3750,30,30,0,0,0,12.217168380529378,0.11931152898666361,-8.685885305199627e-06,0.9201052739007125,1.0,3.085445804754272,564496.0
A_k5_c0.05_r0.001,A,negative_control,AMNoiseGaiJam,5.0,4500,30,30,0,0,0,12.22161044939039,0.11965670675821873,-8.685885304235298e-06,0.9201052739007151,1.0,3.114848700352013,564496.0
A_k5_c0.05_r0.001,A,negative_control,AMNoiseGaiJam,5.0,500,30,30,0,0,0,9.526975113012487,0.13381405855010464,-8.685885305199627e-06,0.933322742040175,0.0,3.1878875296873352,564496.0
A_k5_c0.05_r0.001,A,negative_control,FMNoiseAimedJam,0.0,1250,30,30,0,0,0,10.251703608514894,0.1709537007951977,-8.685885308092608e-06,0.9248348389447804,1.0,3.195338936833044,564496.0
A_k5_c0.05_r0.001,A,negative_control,FMNoiseAimedJam,0.0,2500,30,30,0,0,0,10.219024894064342,0.17269654294841005,-8.685885305199627e-06,0.9248348389447807,1.0,3.1587499329665056,564496.0
A_k5_c0.05_r0.001,A,negative_control,FMNoiseAimedJam,0.0,3750,30,30,0,0,0,10.108875600016813,0.17468754643699871,-8.685885305199627e-06,0.9248348389447826,1.0,3.127012423162038,564496.0
A_k5_c0.05_r0.001,A,negative_control,FMNoiseAimedJam,0.0,4500,30,30,0,0,0,10.081448473538519,0.17627016800050002,-8.685885304235298e-06,0.9248348389447852,1.0,3.157425041232879,564496.0
A_k5_c0.05_r0.001,A,negative_control,FMNoiseAimedJam,0.0,500,30,30,0,0,0,7.372832106069964,0.18712015782563002,-8.685885305199627e-06,0.9448097620868068,0.0,3.262190336439138,564496.0
A_k5_c0.05_r0.001,A,negative_control,FMNoiseAimedJam,10.0,1250,30,30,0,0,0,19.342106547945335,0.39128028166080686,-8.685885308092608e-06,0.7690736854127564,1.1666666666666667,3.143950029819583,564496.0
A_k5_c0.05_r0.001,A,negative_control,FMNoiseAimedJam,10.0,2500,30,30,0,0,0,19.369491709330454,0.39081431485837287,-8.685885305199627e-06,0.7690736854127568,1.1666666666666667,3.12378346764793,564496.0
A_k5_c0.05_r0.001,A,negative_control,FMNoiseAimedJam,10.0,3750,30,30,0,0,0,19.356694186975027,0.3909170183161532,-8.685885305199627e-06,0.7690736854127579,1.1666666666666667,3.1838471399775394,564496.0
A_k5_c0.05_r0.001,A,negative_control,FMNoiseAimedJam,10.0,4500,30,30,0,0,0,19.391002600696766,0.39101405074276757,-8.685885304235298e-06,0.7689078991181449,1.1333333333333333,3.104040340986103,564496.0
A_k5_c0.05_r0.001,A,negative_control,FMNoiseAimedJam,10.0,500,30,30,0,0,0,15.725898322961275,0.41840651149482666,-8.685885305199627e-06,0.851156333349184,0.03333333333333333,3.185784768235559,564496.0
A_k5_c0.05_r0.001,A,negative_control,FMNoiseAimedJam,20.0,1250,30,30,0,0,0,-18.56248833844428,9.216334554730487,-8.685885308092608e-06,0.5680308058534795,347.76666666666665,3.101395769044757,564496.0
A_k5_c0.05_r0.001,A,negative_control,FMNoiseAimedJam,20.0,2500,30,30,0,0,0,-18.528044617716326,9.214873271384478,-8.685885305199627e-06,0.5680308058534794,347.76666666666665,3.070251370081678,564496.0
A_k5_c0.05_r0.001,A,negative_control,FMNoiseAimedJam,20.0,3750,30,30,0,0,0,-18.529344824463397,9.21488094016007,-8.685885305199627e-06,0.5680308058534798,347.76666666666665,3.0287569388747215,564496.0
A_k5_c0.05_r0.001,A,negative_control,FMNoiseAimedJam,20.0,4500,30,30,0,0,0,-18.520329785593102,9.220741386574216,-8.685885304235298e-06,0.5691413211239699,347.73333333333335,3.0474179695981243,564496.0
A_k5_c0.05_r0.001,A,negative_control,FMNoiseAimedJam,20.0,500,30,30,0,0,0,11.203165410336313,6.914009328138028,-8.685885305199627e-06,0.6052473960324941,44.06666666666667,3.1131403637118638,564496.0
A_k5_c0.05_r0.001,A,negative_control,FMNoiseAimedJam,30.0,1250,30,30,0,0,0,-27.23051708524288,5.313861006718243,-8.685885308092608e-06,0.5691115166857464,434.6333333333333,3.1872596979762116,564496.0
A_k5_c0.05_r0.001,A,negative_control,FMNoiseAimedJam,30.0,2500,30,30,0,0,0,-27.195320382771268,5.313553661235886,-8.685885305199627e-06,0.5691115166857464,434.6333333333333,3.1728987058158964,564496.0
A_k5_c0.05_r0.001,A,negative_control,FMNoiseAimedJam,30.0,3750,30,30,0,0,0,-27.19545059358405,5.313554216964602,-8.685885305199627e-06,0.5691115166857464,434.6333333333333,3.1237013366383812,564496.0
A_k5_c0.05_r0.001,A,negative_control,FMNoiseAimedJam,30.0,4500,30,30,0,0,0,-27.193947450089926,5.315054652866281,-8.685885304235298e-06,0.5717753219834295,434.6333333333333,3.1403652392327785,564496.0
A_k5_c0.05_r0.001,A,negative_control,FMNoiseAimedJam,30.0,500,30,30,0,0,0,-7.459074307977506,5.7283352795587,-8.685885305199627e-06,0.5747342566710272,119.3,3.1983944975460568,564496.0
A_k5_c0.05_r0.001,A,negative_control,FMNoiseAimedJam,5.0,1250,30,30,0,0,0,14.641999827346938,0.2453441471699534,-8.685885308092608e-06,0.8685487034888808,0.9333333333333333,3.153152734739706,564496.0
A_k5_c0.05_r0.001,A,negative_control,FMNoiseAimedJam,5.0,2500,30,30,0,0,0,14.652856542184686,0.2453721789758887,-8.685885305199627e-06,0.8685487034888812,0.9333333333333333,3.1463209636664637,564496.0
A_k5_c0.05_r0.001,A,negative_control,FMNoiseAimedJam,5.0,3750,30,30,0,0,0,14.61389170956693,0.24585092204428383,-8.685885305199627e-06,0.8685487034888826,0.9333333333333333,3.0976305599324405,564496.0
A_k5_c0.05_r0.001,A,negative_control,FMNoiseAimedJam,5.0,4500,30,30,0,0,0,14.631866146877092,0.24629344620996815,-8.685885304235298e-06,0.8685487034888851,0.9333333333333333,3.1549416579461345,564496.0
A_k5_c0.05_r0.001,A,negative_control,FMNoiseAimedJam,5.0,500,30,30,0,0,0,11.240926511687572,0.2709280376613486,-8.685885305199627e-06,0.9123068423855412,0.0,3.217747330199927,564496.0
A_k5_c0.05_r0.001,A,negative_control,FMNoiseSaopin,0.0,1250,30,30,0,0,0,7.45834209185359,1.0753400388979457,-8.685885308092608e-06,0.9661710865306301,1.0,3.264594437011207,564496.0
A_k5_c0.05_r0.001,A,negative_control,FMNoiseSaopin,0.0,2500,30,30,0,0,0,7.85315294808068,1.1348343648820929,-8.685885305199627e-06,0.9596924984112012,1.0,3.1536515646924577,564496.0
A_k5_c0.05_r0.001,A,negative_control,FMNoiseSaopin,0.0,3750,30,30,0,0,0,7.592473440826487,1.2133593103799005,-8.685885305199627e-06,0.9596924984112026,1.0,3.129711264045909,564496.0
A_k5_c0.05_r0.001,A,negative_control,FMNoiseSaopin,0.0,4500,30,30,0,0,0,7.45628411773995,1.267994458642913,-8.685885304235298e-06,0.9598916571177576,1.0,3.134251267571623,564496.0
A_k5_c0.05_r0.001,A,negative_control,FMNoiseSaopin,0.0,500,30,30,0,0,0,2.6206189447197263,0.05093340065011352,-8.685885305199627e-06,0.9766022880074051,0.0,3.2151249043333032,564496.0
A_k5_c0.05_r0.001,A,negative_control,FMNoiseSaopin,10.0,1250,30,30,0,0,0,14.170956456862308,2.332165004202138,-8.685885308092608e-06,0.9150835963700408,1.0,3.0847222330824784,564496.0
A_k5_c0.05_r0.001,A,negative_control,FMNoiseSaopin,10.0,2500,30,30,0,0,0,15.12848318395617,2.2670489570277055,-8.685885305199627e-06,0.8861230634513819,1.0,3.071690230475118,564496.0
A_k5_c0.05_r0.001,A,negative_control,FMNoiseSaopin,10.0,3750,30,30,0,0,0,15.010611742067432,2.3312075455850905,-8.685885305199627e-06,0.8861230634513835,1.0,3.0393748971012733,564496.0
A_k5_c0.05_r0.001,A,negative_control,FMNoiseSaopin,10.0,4500,30,30,0,0,0,14.97501209978318,2.3737914205163606,-8.685885304235298e-06,0.8861230634513857,1.0,3.066502903432896,564496.0
A_k5_c0.05_r0.001,A,negative_control,FMNoiseSaopin,10.0,500,30,30,0,0,0,2.6547894517030017,0.04856845674943387,-8.685885305199627e-06,0.9762234122040444,0.0,3.325419459724799,564496.0
A_k5_c0.05_r0.001,A,negative_control,FMNoiseSaopin,20.0,1250,30,30,0,0,0,22.321671433034066,3.398677370690035,-8.685885308092608e-06,0.7474903121154876,1.0,3.1429917415759214,564496.0
A_k5_c0.05_r0.001,A,negative_control,FMNoiseSaopin,20.0,2500,30,30,0,0,0,12.55163760044814,22.42237248367587,-8.685885305199627e-06,0.6466107756919045,45.766666666666666,3.1333487073425204,564496.0
A_k5_c0.05_r0.001,A,negative_control,FMNoiseSaopin,20.0,3750,30,30,0,0,0,12.68893793269795,22.104123686835266,-8.685885305199627e-06,0.6466107756919051,45.766666666666666,3.0837041966151446,564496.0
A_k5_c0.05_r0.001,A,negative_control,FMNoiseSaopin,20.0,4500,30,30,0,0,0,12.736040725527454,22.062941734816857,-8.685885304235298e-06,0.6466107756919058,45.766666666666666,3.125117998570204,564496.0
A_k5_c0.05_r0.001,A,negative_control,FMNoiseSaopin,20.0,500,30,30,0,0,0,2.9497692789500265,0.12957655023046044,-8.685885305199627e-06,0.9740941309842824,0.0,3.207034668109069,564496.0
A_k5_c0.05_r0.001,A,negative_control,FMNoiseSaopin,30.0,1250,30,30,0,0,0,-1.0176549730914666,8.670539203899047,-8.685885308092608e-06,0.6739578084635893,326.1333333333333,3.15845829124252,564496.0
A_k5_c0.05_r0.001,A,negative_control,FMNoiseSaopin,30.0,2500,30,30,0,0,0,-146.72205570096318,55.680260890523876,-8.685885305199627e-06,0.5582984218848075,791.8666666666667,3.1355154293123633,564496.0
A_k5_c0.05_r0.001,A,negative_control,FMNoiseSaopin,30.0,3750,30,30,0,0,0,-146.66606710702985,55.65968696872844,-8.685885305199627e-06,0.5582984218848076,791.8666666666667,3.1203527993056923,564496.0
A_k5_c0.05_r0.001,A,negative_control,FMNoiseSaopin,30.0,4500,30,30,0,0,0,-146.67247897184672,55.666259194567175,-8.685885304235298e-06,0.558298421884808,791.8666666666667,3.139741604294007,564496.0
A_k5_c0.05_r0.001,A,negative_control,FMNoiseSaopin,30.0,500,30,30,0,0,0,4.714239605081497,0.7243794070337479,-8.685885305199627e-06,0.9607029000558452,0.0,3.1749527940216162,564496.0
A_k5_c0.05_r0.001,A,negative_control,FMNoiseSaopin,5.0,1250,30,30,0,0,0,10.564431688215624,1.6887279126799761,-8.685885308092608e-06,0.9483462705085963,1.0,3.139634736968825,564496.0
A_k5_c0.05_r0.001,A,negative_control,FMNoiseSaopin,5.0,2500,30,30,0,0,0,11.232719525152422,1.722811262591599,-8.685885305199627e-06,0.9340587041294363,1.0,3.1526764680165797,564496.0
A_k5_c0.05_r0.001,A,negative_control,FMNoiseSaopin,5.0,3750,30,30,0,0,0,11.05470914595282,1.802762115967053,-8.685885305199627e-06,0.9340587041294377,1.0,3.0930667009670287,564496.0
A_k5_c0.05_r0.001,A,negative_control,FMNoiseSaopin,5.0,4500,30,30,0,0,0,10.976639827160424,1.8573716697062073,-8.685885304235298e-06,0.9341041318248425,1.0,3.1086610707764826,564496.0
A_k5_c0.05_r0.001,A,negative_control,FMNoiseSaopin,5.0,500,30,30,0,0,0,2.629249853504005,0.049606486220789045,-8.685885305199627e-06,0.9764927940259568,0.0,3.188786027021706,564496.0
A_k5_c0.05_r0.001,A,negative_control,NoJammer,0.0,1250,30,30,0,0,0,4.630213180057521,0.06760654415899318,-8.685885308092608e-06,0.978902724727505,0.0,3.186215264334654,564496.0
A_k5_c0.05_r0.001,A,negative_control,NoJammer,0.0,2500,30,30,0,0,0,4.155875054607064,0.07136000226643253,-8.685885305199627e-06,0.9788467153133631,0.0,3.147480592209225,564496.0
A_k5_c0.05_r0.001,A,negative_control,NoJammer,0.0,3750,30,30,0,0,0,3.213955323803776,0.0853594018708795,-8.685885305199627e-06,0.9792500452839893,0.0,3.118922262607763,564496.0
A_k5_c0.05_r0.001,A,negative_control,NoJammer,0.0,4500,30,30,0,0,0,2.533980048824374,0.0898132114825119,-8.685885304235298e-06,0.9801210752952818,0.0,3.129049935766185,564496.0
A_k5_c0.05_r0.001,A,negative_control,NoJammer,0.0,500,30,30,0,0,0,4.192044702720218,0.07264840056099502,-8.685885305199627e-06,0.9797873132681547,0.0,3.222704166546464,564496.0
A_k5_c0.05_r0.001,A,negative_control,NoJammer,10.0,1250,30,30,0,0,0,4.630213180057521,0.06760654415899318,-8.685885308092608e-06,0.978902724727505,0.0,3.2669750003454587,564496.0
A_k5_c0.05_r0.001,A,negative_control,NoJammer,10.0,2500,30,30,0,0,0,4.155875054607064,0.07136000226643253,-8.685885305199627e-06,0.9788467153133631,0.0,3.244172226792822,564496.0
A_k5_c0.05_r0.001,A,negative_control,NoJammer,10.0,3750,30,30,0,0,0,3.213955323803776,0.0853594018708795,-8.685885305199627e-06,0.9792500452839893,0.0,3.278418065747246,564496.0
A_k5_c0.05_r0.001,A,negative_control,NoJammer,10.0,4500,30,30,0,0,0,2.533980048824374,0.0898132114825119,-8.685885304235298e-06,0.9801210752952818,0.0,3.2396777028528354,564496.0
A_k5_c0.05_r0.001,A,negative_control,NoJammer,10.0,500,30,30,0,0,0,4.192044702720218,0.07264840056099502,-8.685885305199627e-06,0.9797873132681547,0.0,3.289669433919092,564496.0
A_k5_c0.05_r0.001,A,negative_control,NoJammer,20.0,1250,30,30,0,0,0,4.630213180057521,0.06760654415899318,-8.685885308092608e-06,0.978902724727505,0.0,3.1869054558531693,564496.0
A_k5_c0.05_r0.001,A,negative_control,NoJammer,20.0,2500,30,30,0,0,0,4.155875054607064,0.07136000226643253,-8.685885305199627e-06,0.9788467153133631,0.0,3.2247276685666293,564496.0
A_k5_c0.05_r0.001,A,negative_control,NoJammer,20.0,3750,30,30,0,0,0,3.213955323803776,0.0853594018708795,-8.685885305199627e-06,0.9792500452839893,0.0,3.1602679674203196,564496.0
A_k5_c0.05_r0.001,A,negative_control,NoJammer,20.0,4500,30,30,0,0,0,2.533980048824374,0.0898132114825119,-8.685885304235298e-06,0.9801210752952818,0.0,3.1894096347969025,564496.0
A_k5_c0.05_r0.001,A,negative_control,NoJammer,20.0,500,30,30,0,0,0,4.192044702720218,0.07264840056099502,-8.685885305199627e-06,0.9797873132681547,0.0,3.2888152985833585,564496.0
A_k5_c0.05_r0.001,A,negative_control,NoJammer,30.0,1250,30,30,0,0,0,4.630213180057521,0.06760654415899318,-8.685885308092608e-06,0.978902724727505,0.0,3.2151111673253276,564496.0
A_k5_c0.05_r0.001,A,negative_control,NoJammer,30.0,2500,30,30,0,0,0,4.155875054607064,0.07136000226643253,-8.685885305199627e-06,0.9788467153133631,0.0,3.186872227039809,564496.0
A_k5_c0.05_r0.001,A,negative_control,NoJammer,30.0,3750,30,30,0,0,0,3.213955323803776,0.0853594018708795,-8.685885305199627e-06,0.9792500452839893,0.0,3.1118721701204777,564496.0
A_k5_c0.05_r0.001,A,negative_control,NoJammer,30.0,4500,30,30,0,0,0,2.533980048824374,0.0898132114825119,-8.685885304235298e-06,0.9801210752952818,0.0,3.1413333335270486,564496.0
A_k5_c0.05_r0.001,A,negative_control,NoJammer,30.0,500,30,30,0,0,0,4.192044702720218,0.07264840056099502,-8.685885305199627e-06,0.9797873132681547,0.0,3.2277832292796425,564496.0
A_k5_c0.05_r0.001,A,negative_control,NoJammer,5.0,1250,30,30,0,0,0,4.630213180057521,0.06760654415899318,-8.685885308092608e-06,0.978902724727505,0.0,3.1883528999363384,564496.0
A_k5_c0.05_r0.001,A,negative_control,NoJammer,5.0,2500,30,30,0,0,0,4.155875054607064,0.07136000226643253,-8.685885305199627e-06,0.9788467153133631,0.0,3.163075072613234,564496.0
A_k5_c0.05_r0.001,A,negative_control,NoJammer,5.0,3750,30,30,0,0,0,3.213955323803776,0.0853594018708795,-8.685885305199627e-06,0.9792500452839893,0.0,3.109338931972161,564496.0
A_k5_c0.05_r0.001,A,negative_control,NoJammer,5.0,4500,30,30,0,0,0,2.533980048824374,0.0898132114825119,-8.685885304235298e-06,0.9801210752952818,0.0,3.1449472318248204,564496.0
A_k5_c0.05_r0.001,A,negative_control,NoJammer,5.0,500,30,30,0,0,0,4.192044702720218,0.07264840056099502,-8.685885305199627e-06,0.9797873132681547,0.0,3.222029066334168,564496.0
A_k5_c0.05_r0.001,A,negative_control,SMSP,0.0,1250,30,30,0,0,0,13.734913565250691,0.02737880449014203,-8.685885308092608e-06,0.9051927149828238,1.0,3.1537804713783166,564496.0
A_k5_c0.05_r0.001,A,negative_control,SMSP,0.0,2500,30,30,0,0,0,13.704531146657871,0.027858187126077277,-8.685885305199627e-06,0.9051927149828247,1.0,3.140272229211405,564496.0
A_k5_c0.05_r0.001,A,negative_control,SMSP,0.0,3750,30,30,0,0,0,13.651758966841701,0.02773622445490437,-8.685885305199627e-06,0.9051927149828263,1.0,3.1247778000154844,564496.0
A_k5_c0.05_r0.001,A,negative_control,SMSP,0.0,4500,30,30,0,0,0,13.659951439892172,0.027437633412210834,-8.685885304235298e-06,0.9051927149828285,1.0,3.1503235707835606,564496.0
A_k5_c0.05_r0.001,A,negative_control,SMSP,0.0,500,30,30,0,0,0,10.123270692104377,0.03150301317041374,-8.685885305199627e-06,0.9280037494929924,0.0,3.202780563151464,564496.0
A_k5_c0.05_r0.001,A,negative_control,SMSP,10.0,1250,30,30,0,0,0,23.91513292261935,0.024418505823113744,-8.685885308092608e-06,0.6815033018873223,2.1,3.0681999342050403,564496.0
A_k5_c0.05_r0.001,A,negative_control,SMSP,10.0,2500,30,30,0,0,0,23.91232374311602,0.024503325376194048,-8.685885305199627e-06,0.6815033018873226,2.1,3.050684666959569,564496.0
A_k5_c0.05_r0.001,A,negative_control,SMSP,10.0,3750,30,30,0,0,0,23.906604464486772,0.024524464919817315,-8.685885305199627e-06,0.6815033018873233,2.1,3.0209194674777486,564496.0
A_k5_c0.05_r0.001,A,negative_control,SMSP,10.0,4500,30,30,0,0,0,23.94527837581835,0.024511537843077708,-8.685885304235298e-06,0.6815033018873247,2.1,3.0486333319762102,564496.0
A_k5_c0.05_r0.001,A,negative_control,SMSP,10.0,500,30,30,0,0,0,19.856529456755425,0.020284073784976216,-8.685885305199627e-06,0.756516402345,0.0,3.1274610955733806,564496.0
A_k5_c0.05_r0.001,A,negative_control,SMSP,20.0,1250,30,30,0,0,0,-36.345804674532864,0.02276823685658611,-8.685885308092608e-06,0.6194241721800006,519.0,3.1974111683666706,564496.0
A_k5_c0.05_r0.001,A,negative_control,SMSP,20.0,2500,30,30,0,0,0,-36.346421924236424,0.02278261214829156,-8.685885305199627e-06,0.6194241721800007,519.0,3.1646348943468183,564496.0
A_k5_c0.05_r0.001,A,negative_control,SMSP,20.0,3750,30,30,0,0,0,-36.346999372691066,0.02278265156057196,-8.685885305199627e-06,0.6194241721800009,519.0,3.1170847340642163,564496.0
A_k5_c0.05_r0.001,A,negative_control,SMSP,20.0,4500,30,30,0,0,0,-36.347352088356175,0.02277682628485583,-8.685885304235298e-06,0.6194241721800012,519.0,3.1215180662305406,564496.0
A_k5_c0.05_r0.001,A,negative_control,SMSP,20.0,500,30,30,0,0,0,-13.62407742571468,0.02233382067644381,-8.685885305199627e-06,0.6690430124100222,96.0,3.2051152006412544,564496.0
A_k5_c0.05_r0.001,A,negative_control,SMSP,30.0,1250,30,30,0,0,0,-35.66900237562668,0.007713553115012986,-8.685885308092608e-06,0.6194257666043185,519.0,3.1785487003313997,564496.0
A_k5_c0.05_r0.001,A,negative_control,SMSP,30.0,2500,30,30,0,0,0,-35.66931550079489,0.007714117398066083,-8.685885305199627e-06,0.6194257666043185,519.0,3.1499861409732453,564496.0
A_k5_c0.05_r0.001,A,negative_control,SMSP,30.0,3750,30,30,0,0,0,-35.66937332324084,0.007714129027378152,-8.685885305199627e-06,0.6194257666043186,519.0,3.1204054675375423,564496.0
A_k5_c0.05_r0.001,A,negative_control,SMSP,30.0,4500,30,30,0,0,0,-35.66895189168213,0.007651522421165951,-8.685885304235298e-06,0.6194257666043187,519.0,3.121022265016412,564496.0
A_k5_c0.05_r0.001,A,negative_control,SMSP,30.0,500,30,30,0,0,0,-13.2043874637234,0.007787291074299189,-8.685885305199627e-06,0.6701928791819471,96.0,3.2070290685320892,564496.0
A_k5_c0.05_r0.001,A,negative_control,SMSP,5.0,1250,30,30,0,0,0,18.686556818445307,0.024340806208818056,-8.685885308092608e-06,0.8276420289775347,2.0,3.175088836966703,564496.0
A_k5_c0.05_r0.001,A,negative_control,SMSP,5.0,2500,30,30,0,0,0,18.676677468377754,0.024543952132672475,-8.685885305199627e-06,0.8276420289775354,2.0,3.1438305644163242,564496.0
A_k5_c0.05_r0.001,A,negative_control,SMSP,5.0,3750,30,30,0,0,0,18.6589597630198,0.024551627797145304,-8.685885305199627e-06,0.8276420289775366,2.0,3.092068136902526,564496.0
A_k5_c0.05_r0.001,A,negative_control,SMSP,5.0,4500,30,30,0,0,0,18.689946611274127,0.024498312670399706,-8.685885304235298e-06,0.8276420289775389,2.0,3.132054200007891,564496.0
A_k5_c0.05_r0.001,A,negative_control,SMSP,5.0,500,30,30,0,0,0,14.7408229413443,0.022062155729603187,-8.685885305199627e-06,0.8722322438488697,0.0,3.1987236017206064,564496.0
A_k5_c0.05_r0.001,A,target_jammer,NoiseConvolutionJamming,0.0,1250,30,30,0,0,0,13.389157353809594,0.2014760100681161,-8.685885308092608e-06,0.8957663290911193,0.9666666666666667,3.070919431047514,564496.0
A_k5_c0.05_r0.001,A,target_jammer,NoiseConvolutionJamming,0.0,2500,30,30,0,0,0,13.358547979242047,0.20159458098107488,-8.685885305199627e-06,0.8957663290911196,0.9666666666666667,3.046212529685969,564496.0
A_k5_c0.05_r0.001,A,target_jammer,NoiseConvolutionJamming,0.0,3750,30,30,0,0,0,13.305454485087807,0.20215694325019523,-8.685885305199627e-06,0.8957663290911213,0.9666666666666667,3.0239569023251534,564496.0
A_k5_c0.05_r0.001,A,target_jammer,NoiseConvolutionJamming,0.0,4500,30,30,0,0,0,13.313988268549169,0.20217670585644737,-8.685885304235298e-06,0.895826475434457,0.9666666666666667,3.035290395685782,564496.0
A_k5_c0.05_r0.001,A,target_jammer,NoiseConvolutionJamming,0.0,500,30,30,0,0,0,10.42711225874571,0.2098577221036819,-8.685885305199627e-06,0.9223106902831709,0.0,3.0972458266963563,564496.0
A_k5_c0.05_r0.001,A,target_jammer,NoiseConvolutionJamming,10.0,1250,30,30,0,0,0,22.572924070667533,0.5702068080298227,-8.685885308092608e-06,0.6860396515556099,1.4333333333333333,3.1529874657280743,564496.0
A_k5_c0.05_r0.001,A,target_jammer,NoiseConvolutionJamming,10.0,2500,30,30,0,0,0,22.571663656202094,0.5702074786779912,-8.685885305199627e-06,0.68603965155561,1.4333333333333333,3.139416698832065,564496.0
A_k5_c0.05_r0.001,A,target_jammer,NoiseConvolutionJamming,10.0,3750,30,30,0,0,0,22.56593324470683,0.570250202966367,-8.685885305199627e-06,0.6860396515556105,1.4333333333333333,3.110447163150335,564496.0
A_k5_c0.05_r0.001,A,target_jammer,NoiseConvolutionJamming,10.0,4500,30,30,0,0,0,22.60414185853647,0.5702732317183627,-8.685885304235298e-06,0.6828991742224451,1.2,3.136065328726545,564496.0
A_k5_c0.05_r0.001,A,target_jammer,NoiseConvolutionJamming,10.0,500,30,30,0,0,0,19.2806238438316,0.5239531728824321,-8.685885305199627e-06,0.7810762418399124,0.23333333333333334,3.2145999294395247,564496.0
A_k5_c0.05_r0.001,A,target_jammer,NoiseConvolutionJamming,20.0,1250,30,30,0,0,0,-14.614063671115389,6.659969236394645,-8.685885308092608e-06,0.5627561900655658,250.63333333333333,3.1556305300910026,564496.0
A_k5_c0.05_r0.001,A,target_jammer,NoiseConvolutionJamming,20.0,2500,30,30,0,0,0,-14.61236652065939,6.660093623006335,-8.685885305199627e-06,0.5627561900655658,250.63333333333333,3.131708324265977,564496.0
A_k5_c0.05_r0.001,A,target_jammer,NoiseConvolutionJamming,20.0,3750,30,30,0,0,0,-14.612944749981466,6.6600918375264735,-8.685885305199627e-06,0.5627561900655659,250.63333333333333,3.0924638364619264,564496.0
A_k5_c0.05_r0.001,A,target_jammer,NoiseConvolutionJamming,20.0,4500,30,30,0,0,0,-14.608475553602238,7.968803411911049,-8.685885304235298e-06,0.5381956005685619,263.8666666666667,3.123411008467277,564496.0
A_k5_c0.05_r0.001,A,target_jammer,NoiseConvolutionJamming,20.0,500,30,30,0,0,0,0.6067737227880389,6.989909029084882,-8.685885305199627e-06,0.611478333936687,68.43333333333334,3.1746764027047902,564496.0
A_k5_c0.05_r0.001,A,target_jammer,NoiseConvolutionJamming,30.0,1250,30,30,0,0,0,-14.37140154761198,5.8589527183615235,-8.685885308092608e-06,0.5593326247082164,253.1,3.114180505508557,564496.0
A_k5_c0.05_r0.001,A,target_jammer,NoiseConvolutionJamming,30.0,2500,30,30,0,0,0,-14.369391293700271,5.8590703527992,-8.685885305199627e-06,0.5593326247082164,253.1,3.1125165289267898,564496.0
A_k5_c0.05_r0.001,A,target_jammer,NoiseConvolutionJamming,30.0,3750,30,30,0,0,0,-14.369449188453217,5.859070217351638,-8.685885305199627e-06,0.5593326247082164,253.1,3.07058336911723,564496.0
A_k5_c0.05_r0.001,A,target_jammer,NoiseConvolutionJamming,30.0,4500,30,30,0,0,0,-17.188423616641966,6.343479911960916,-8.685885304235298e-06,0.5399142431636835,280.93333333333334,3.106717965177571,564496.0
A_k5_c0.05_r0.001,A,target_jammer,NoiseConvolutionJamming,30.0,500,30,30,0,0,0,-4.264142262387968,5.781859031266566,-8.685885305199627e-06,0.5962866328536752,80.76666666666667,3.1493748674013964,564496.0
A_k5_c0.05_r0.001,A,target_jammer,NoiseConvolutionJamming,5.0,1250,30,30,0,0,0,18.013468588811033,0.3386243794295314,-8.685885308092608e-06,0.8180361340939697,0.9666666666666667,3.1630428604936847,564496.0
A_k5_c0.05_r0.001,A,target_jammer,NoiseConvolutionJamming,5.0,2500,30,30,0,0,0,18.00471246638598,0.338633645914172,-8.685885305199627e-06,0.81803613409397,0.9666666666666667,3.124252763033534,564496.0
A_k5_c0.05_r0.001,A,target_jammer,NoiseConvolutionJamming,5.0,3750,30,30,0,0,0,17.986940048142838,0.3387728098089171,-8.685885305199627e-06,0.8180361340939711,0.9666666666666667,3.1145653687417507,564496.0
A_k5_c0.05_r0.001,A,target_jammer,NoiseConvolutionJamming,5.0,4500,30,30,0,0,0,18.01790104463304,0.33869786355639425,-8.685885304235298e-06,0.818019236273344,0.9333333333333333,3.119209728902206,564496.0
A_k5_c0.05_r0.001,A,target_jammer,NoiseConvolutionJamming,5.0,500,30,30,0,0,0,14.798129284348203,0.3215253094318019,-8.685885305199627e-06,0.8713116393664233,0.03333333333333333,3.2048306020442396,564496.0
A_k5_c0.05_r0.001,A,target_jammer,NoiseProductJamming,0.0,1250,30,30,0,0,0,12.391110000320046,0.22317148405914078,-8.685885308092608e-06,0.8979513056385995,1.0666666666666667,3.049601532984525,564480.6666666666
A_k5_c0.05_r0.001,A,target_jammer,NoiseProductJamming,0.0,2500,30,30,0,0,0,12.347799085680476,0.22402768155192676,-8.685885305199627e-06,0.8979513056386,1.0666666666666667,3.044983329406629,564482.2
A_k5_c0.05_r0.001,A,target_jammer,NoiseProductJamming,0.0,3750,30,30,0,0,0,12.277499415783348,0.22488975754038643,-8.685885305199627e-06,0.8979513056386015,1.0666666666666667,3.0012529343366623,564479.1333333333
A_k5_c0.05_r0.001,A,target_jammer,NoiseProductJamming,0.0,4500,30,30,0,0,0,12.274838411034244,0.2255421806546924,-8.685885304235298e-06,0.8979614048294849,1.0666666666666667,3.017451398773119,564473.0
A_k5_c0.05_r0.001,A,target_jammer,NoiseProductJamming,0.0,500,30,30,0,0,0,12.204999120939023,0.22262868714752318,-8.685885305199627e-06,0.9180414852775548,0.0,3.0745097901672125,564474.5333333333
A_k5_c0.05_r0.001,A,target_jammer,NoiseProductJamming,10.0,1250,30,30,0,0,0,21.93133748379085,0.5645676398736893,-8.685885308092608e-06,0.6720410363563439,1.7333333333333334,3.1516415998339653,564496.0
A_k5_c0.05_r0.001,A,target_jammer,NoiseProductJamming,10.0,2500,30,30,0,0,0,21.926541629179773,0.5646136198640315,-8.685885305199627e-06,0.672041036356344,1.7333333333333334,3.121224936330691,564496.0
A_k5_c0.05_r0.001,A,target_jammer,NoiseProductJamming,10.0,3750,30,30,0,0,0,21.918815544269457,0.5646880657997442,-8.685885305199627e-06,0.6720410363563448,1.7333333333333334,3.0721167024845877,564496.0
A_k5_c0.05_r0.001,A,target_jammer,NoiseProductJamming,10.0,4500,30,30,0,0,0,21.955792603693464,0.5646513206662425,-8.685885304235298e-06,0.6704130288330391,1.6,3.140045799470196,564496.0
A_k5_c0.05_r0.001,A,target_jammer,NoiseProductJamming,10.0,500,30,30,0,0,0,21.80087308535008,0.5669020502924893,-8.685885305199627e-06,0.7303645576021263,0.13333333333333333,3.1909598037600517,564496.0
A_k5_c0.05_r0.001,A,target_jammer,NoiseProductJamming,20.0,1250,30,30,0,0,0,-15.779161441087712,4.619389592918108,-8.685885308092608e-06,0.5783404318325125,203.03333333333333,3.162369498750195,564483.7333333333
A_k5_c0.05_r0.001,A,target_jammer,NoiseProductJamming,20.0,2500,30,30,0,0,0,-15.779751548686212,4.619412536397027,-8.685885305199627e-06,0.5783404318325126,203.03333333333333,3.1478737325718007,564483.7333333333
A_k5_c0.05_r0.001,A,target_jammer,NoiseProductJamming,20.0,3750,30,30,0,0,0,-15.780531690654003,4.619414849867782,-8.685885305199627e-06,0.5783404318325128,203.03333333333333,3.12820000302357,564483.7333333333
A_k5_c0.05_r0.001,A,target_jammer,NoiseProductJamming,20.0,4500,30,30,0,0,0,-16.211682249966948,4.56896390008564,-8.685885304235298e-06,0.5870510571607703,207.06666666666666,3.1595305636680373,564483.7333333333
A_k5_c0.05_r0.001,A,target_jammer,NoiseProductJamming,20.0,500,30,30,0,0,0,-0.6538332395210279,5.998456014457477,-8.685885305199627e-06,0.5763860970503709,62.733333333333334,3.1992291662997254,564483.7333333333
A_k5_c0.05_r0.001,A,target_jammer,NoiseProductJamming,30.0,1250,30,30,0,0,0,-15.522119698630895,3.8683799233029648,-8.685885308092608e-06,0.5753152754588249,205.96666666666667,3.146634604005764,564483.7333333333
A_k5_c0.05_r0.001,A,target_jammer,NoiseProductJamming,30.0,2500,30,30,0,0,0,-15.522277699759252,3.868412992445908,-8.685885305199627e-06,0.575315275458825,205.96666666666667,3.1406485300976783,564483.7333333333
A_k5_c0.05_r0.001,A,target_jammer,NoiseProductJamming,30.0,3750,30,30,0,0,0,-15.522355783763722,3.8684132368173527,-8.685885305199627e-06,0.575315275458825,205.96666666666667,3.098552730322505,564483.7333333333
A_k5_c0.05_r0.001,A,target_jammer,NoiseProductJamming,30.0,4500,30,30,0,0,0,-16.228283942042417,3.8224426431656093,-8.685885304235298e-06,0.5819716268808182,214.76666666666668,3.1287735308675715,564483.7333333333
A_k5_c0.05_r0.001,A,target_jammer,NoiseProductJamming,30.0,500,30,30,0,0,0,-2.139975626201091,5.436707185390148,-8.685885305199627e-06,0.5755074407095507,71.16666666666667,3.2125442347023636,564483.7333333333
A_k5_c0.05_r0.001,A,target_jammer,NoiseProductJamming,5.0,1250,30,30,0,0,0,17.124753549773235,0.3673158998196949,-8.685885308092608e-06,0.8164382243637848,1.2,3.187319428737586,564485.2666666667
A_k5_c0.05_r0.001,A,target_jammer,NoiseProductJamming,5.0,2500,30,30,0,0,0,17.109939181791614,0.36752231241752026,-8.685885305199627e-06,0.816438224363785,1.2,3.125115274451673,564485.2666666667
A_k5_c0.05_r0.001,A,target_jammer,NoiseProductJamming,5.0,3750,30,30,0,0,0,17.086071812193072,0.3677605252859408,-8.685885305199627e-06,0.8164382243637863,1.2,3.0900695031353584,564485.2666666667
A_k5_c0.05_r0.001,A,target_jammer,NoiseProductJamming,5.0,4500,30,30,0,0,0,17.11327729553509,0.36794212511425495,-8.685885304235298e-06,0.816481500575812,1.2,3.1182819337118417,564485.2666666667
A_k5_c0.05_r0.001,A,target_jammer,NoiseProductJamming,5.0,500,30,30,0,0,0,16.953604224779305,0.3659694144799382,-8.685885305199627e-06,0.8576292195809941,0.0,3.2040902549245707,564488.3333333334
A_k5_c0.05_r0.01,A,negative_control,AMNoiseGaiJam,0.0,1250,30,30,0,0,0,8.34516170151558,0.09614220302524848,-8.685846209919741e-05,0.9511794986607411,1.0,3.185030668585872,564492.9333333333
A_k5_c0.05_r0.01,A,negative_control,AMNoiseGaiJam,0.0,2500,30,30,0,0,0,8.286278077346644,0.09826467722207806,-8.685846209726876e-05,0.9511794986607419,1.0,3.1759013615859053,564494.4666666667
A_k5_c0.05_r0.01,A,negative_control,AMNoiseGaiJam,0.0,3750,30,30,0,0,0,8.124875237525101,0.09997459484170965,-8.685846209919741e-05,0.9511794986607435,1.0,3.1154485671625785,564492.9333333333
A_k5_c0.05_r0.01,A,negative_control,AMNoiseGaiJam,0.0,4500,30,30,0,0,0,8.062337474826307,0.10121826897825209,-8.685846209726876e-05,0.9513865235883859,1.0,3.1311193694515773,564492.9333333333
A_k5_c0.05_r0.01,A,negative_control,AMNoiseGaiJam,0.0,500,30,30,0,0,0,6.218283750556675,0.08875712313273672,-8.685846209919741e-05,0.9539279108148381,0.0,3.236767965912198,564492.9333333333
A_k5_c0.05_r0.01,A,negative_control,AMNoiseGaiJam,10.0,1250,30,30,0,0,0,16.51881778850044,0.14140607005921532,-8.685846209919741e-05,0.8682985659051241,0.8333333333333334,3.13829166504244,564496.0
A_k5_c0.05_r0.01,A,negative_control,AMNoiseGaiJam,10.0,2500,30,30,0,0,0,16.543920670430825,0.14054920373358445,-8.685846209726876e-05,0.8682985659051243,0.8333333333333334,3.1209403416141868,564496.0
A_k5_c0.05_r0.01,A,negative_control,AMNoiseGaiJam,10.0,3750,30,30,0,0,0,16.52415463111507,0.14072951740183828,-8.685846209919741e-05,0.8682985659051259,0.8333333333333334,3.094495803816244,564496.0
A_k5_c0.05_r0.01,A,negative_control,AMNoiseGaiJam,10.0,4500,30,30,0,0,0,16.55403650278118,0.14075696522079229,-8.685846209726876e-05,0.8682985659051279,0.8333333333333334,3.1036596648239843,564496.0
A_k5_c0.05_r0.01,A,negative_control,AMNoiseGaiJam,10.0,500,30,30,0,0,0,13.46831156470453,0.17184643457377194,-8.685846209919741e-05,0.8987849747008293,0.0,3.202818132316073,564496.0
A_k5_c0.05_r0.01,A,negative_control,AMNoiseGaiJam,20.0,1250,30,30,0,0,0,24.227691285626026,0.2474695594562749,-8.685846209919741e-05,0.6793817391074097,0.3333333333333333,3.0609819087355086,564496.0
A_k5_c0.05_r0.01,A,negative_control,AMNoiseGaiJam,20.0,2500,30,30,0,0,0,24.263126435171884,0.24679270845122278,-8.685846209726876e-05,0.6793817391074097,0.3333333333333333,3.0467444312913963,564496.0
A_k5_c0.05_r0.01,A,negative_control,AMNoiseGaiJam,20.0,3750,30,30,0,0,0,24.261119444448962,0.246795650058459,-8.685846209919741e-05,0.6793817391074105,0.3333333333333333,3.0367583676707,564496.0
A_k5_c0.05_r0.01,A,negative_control,AMNoiseGaiJam,20.0,4500,30,30,0,0,0,24.302222237876382,0.24677699491539865,-8.685846209726876e-05,0.6793817391074113,0.3333333333333333,3.055180568480864,564496.0
A_k5_c0.05_r0.01,A,negative_control,AMNoiseGaiJam,20.0,500,30,30,0,0,0,21.00508571101116,0.28442250808428654,-8.685846209919741e-05,0.7661815692471248,0.0,3.124301335386311,564496.0
A_k5_c0.05_r0.01,A,negative_control,AMNoiseGaiJam,30.0,1250,30,30,0,0,0,-19.658671334114548,8.52649250431013,-8.685846209919741e-05,0.5390924068490826,307.56666666666666,3.1300292330949255,564496.0
A_k5_c0.05_r0.01,A,negative_control,AMNoiseGaiJam,30.0,2500,30,30,0,0,0,-19.622670919700404,8.52687551852075,-8.685846209726876e-05,0.5390924068490826,307.56666666666666,3.124519433670988,564496.0
A_k5_c0.05_r0.01,A,negative_control,AMNoiseGaiJam,30.0,3750,30,30,0,0,0,-19.62287145194966,8.52687714467522,-8.685846209919741e-05,0.5390924068490826,307.56666666666666,3.0910027329809964,564496.0
A_k5_c0.05_r0.01,A,negative_control,AMNoiseGaiJam,30.0,4500,30,30,0,0,0,-19.615828833602567,8.53218622681053,-8.685846209726876e-05,0.5420042023284061,307.56666666666666,3.085606900276616,564496.0
A_k5_c0.05_r0.01,A,negative_control,AMNoiseGaiJam,30.0,500,30,30,0,0,0,16.71441325764549,5.950888377143852,-8.685846209919741e-05,0.5910439010835348,22.633333333333333,3.1845819360266128,564496.0
A_k5_c0.05_r0.01,A,negative_control,AMNoiseGaiJam,5.0,1250,30,30,0,0,0,12.27536620323926,0.11887069645296178,-8.685846209919741e-05,0.9201052739007107,1.0,3.11743607550549,564496.0
A_k5_c0.05_r0.01,A,negative_control,AMNoiseGaiJam,5.0,2500,30,30,0,0,0,12.276699548558136,0.11864314952489131,-8.685846209726876e-05,0.9201052739007111,1.0,3.115376401304578,564496.0
A_k5_c0.05_r0.01,A,negative_control,AMNoiseGaiJam,5.0,3750,30,30,0,0,0,12.217168380529378,0.11931152898666314,-8.685846209919741e-05,0.9201052739007125,1.0,3.086718067061156,564496.0
A_k5_c0.05_r0.01,A,negative_control,AMNoiseGaiJam,5.0,4500,30,30,0,0,0,12.221610449390392,0.1196567067582189,-8.685846209726876e-05,0.9201052739007151,1.0,3.1008416010687747,564496.0
A_k5_c0.05_r0.01,A,negative_control,AMNoiseGaiJam,5.0,500,30,30,0,0,0,9.526975113012488,0.1338140585501045,-8.685846209919741e-05,0.933322742040175,0.0,3.1745792056123414,564496.0
A_k5_c0.05_r0.01,A,negative_control,FMNoiseAimedJam,0.0,1250,30,30,0,0,0,10.251703608514894,0.1709537007951976,-8.685846209919741e-05,0.9248348389447804,1.0,3.179202772056063,564496.0
A_k5_c0.05_r0.01,A,negative_control,FMNoiseAimedJam,0.0,2500,30,30,0,0,0,10.21902489406434,0.17269654294841005,-8.685846209726876e-05,0.9248348389447807,1.0,3.159969525101284,564496.0
A_k5_c0.05_r0.01,A,negative_control,FMNoiseAimedJam,0.0,3750,30,30,0,0,0,10.108875600016813,0.17468754643699871,-8.685846209919741e-05,0.9248348389447826,1.0,3.1301876006182283,564496.0
A_k5_c0.05_r0.01,A,negative_control,FMNoiseAimedJam,0.0,4500,30,30,0,0,0,10.081448473538519,0.17627016800049988,-8.685846209726876e-05,0.9248348389447852,1.0,3.1451735684337714,564496.0
A_k5_c0.05_r0.01,A,negative_control,FMNoiseAimedJam,0.0,500,30,30,0,0,0,7.372832106069964,0.18712015782563032,-8.685846209919741e-05,0.9448097620868068,0.0,3.2194846290318915,564496.0
A_k5_c0.05_r0.01,A,negative_control,FMNoiseAimedJam,10.0,1250,30,30,0,0,0,19.342106547945335,0.3912802816608071,-8.685846209919741e-05,0.7690736854127564,1.1666666666666667,3.1231917014035084,564496.0
A_k5_c0.05_r0.01,A,negative_control,FMNoiseAimedJam,10.0,2500,30,30,0,0,0,19.36949170933045,0.39081431485837304,-8.685846209726876e-05,0.7690736854127568,1.1666666666666667,3.0887874716427177,564496.0
A_k5_c0.05_r0.01,A,negative_control,FMNoiseAimedJam,10.0,3750,30,30,0,0,0,19.35669418697503,0.3909170183161533,-8.685846209919741e-05,0.7690736854127579,1.1666666666666667,3.1084403376250216,564496.0
A_k5_c0.05_r0.01,A,negative_control,FMNoiseAimedJam,10.0,4500,30,30,0,0,0,19.391002600696762,0.3910140507427675,-8.685846209726876e-05,0.7689078991181449,1.1333333333333333,3.0668806051835418,564496.0
A_k5_c0.05_r0.01,A,negative_control,FMNoiseAimedJam,10.0,500,30,30,0,0,0,15.725898322961276,0.4184065114948266,-8.685846209919741e-05,0.851156333349184,0.03333333333333333,3.1630694051273167,564496.0
A_k5_c0.05_r0.01,A,negative_control,FMNoiseAimedJam,20.0,1250,30,30,0,0,0,-18.56248833844431,9.216334554730503,-8.685846209919741e-05,0.5680308058534795,347.76666666666665,3.0704027274623513,564496.0
A_k5_c0.05_r0.01,A,negative_control,FMNoiseAimedJam,20.0,2500,30,30,0,0,0,-18.52804461771634,9.214873271384487,-8.685846209726876e-05,0.5680308058534794,347.76666666666665,3.0381375981960446,564496.0
A_k5_c0.05_r0.01,A,negative_control,FMNoiseAimedJam,20.0,3750,30,30,0,0,0,-18.5293448244634,9.214880940160072,-8.685846209919741e-05,0.5680308058534798,347.76666666666665,3.0156818664787957,564496.0
A_k5_c0.05_r0.01,A,negative_control,FMNoiseAimedJam,20.0,4500,30,30,0,0,0,-18.52032978559309,9.220741386574213,-8.685846209726876e-05,0.5691413211239699,347.73333333333335,3.037382004549727,564496.0
A_k5_c0.05_r0.01,A,negative_control,FMNoiseAimedJam,20.0,500,30,30,0,0,0,11.203165410336311,6.91400932813803,-8.685846209919741e-05,0.6052473960324941,44.06666666666667,3.0885084299370646,564496.0
A_k5_c0.05_r0.01,A,negative_control,FMNoiseAimedJam,30.0,1250,30,30,0,0,0,-27.23051708524286,5.313861006718223,-8.685846209919741e-05,0.5691115166857464,434.6333333333333,3.1679764370589205,564496.0
A_k5_c0.05_r0.01,A,negative_control,FMNoiseAimedJam,30.0,2500,30,30,0,0,0,-27.195320382771293,5.313553661235901,-8.685846209726876e-05,0.5691115166857464,434.6333333333333,3.142174998841559,564496.0
A_k5_c0.05_r0.01,A,negative_control,FMNoiseAimedJam,30.0,3750,30,30,0,0,0,-27.19545059358404,5.313554216964596,-8.685846209919741e-05,0.5691115166857464,434.6333333333333,3.1106277640598514,564496.0
A_k5_c0.05_r0.01,A,negative_control,FMNoiseAimedJam,30.0,4500,30,30,0,0,0,-27.193947450089915,5.315054652866274,-8.685846209726876e-05,0.5717753219834295,434.6333333333333,3.136588929919526,564496.0
A_k5_c0.05_r0.01,A,negative_control,FMNoiseAimedJam,30.0,500,30,30,0,0,0,-7.459074307977507,5.7283352795587,-8.685846209919741e-05,0.5747342566710272,119.3,3.207767968221257,564496.0
A_k5_c0.05_r0.01,A,negative_control,FMNoiseAimedJam,5.0,1250,30,30,0,0,0,14.641999827346933,0.24534414716995373,-8.685846209919741e-05,0.8685487034888808,0.9333333333333333,3.1461943697649986,564496.0
A_k5_c0.05_r0.01,A,negative_control,FMNoiseAimedJam,5.0,2500,30,30,0,0,0,14.652856542184685,0.24537217897588895,-8.685846209726876e-05,0.8685487034888812,0.9333333333333333,3.106159765350943,564496.0
A_k5_c0.05_r0.01,A,negative_control,FMNoiseAimedJam,5.0,3750,30,30,0,0,0,14.613891709566929,0.24585092204428388,-8.685846209919741e-05,0.8685487034888826,0.9333333333333333,3.0945446672073254,564496.0
A_k5_c0.05_r0.01,A,negative_control,FMNoiseAimedJam,5.0,4500,30,30,0,0,0,14.631866146877092,0.24629344620996854,-8.685846209726876e-05,0.8685487034888851,0.9333333333333333,3.1091111324106655,564496.0
A_k5_c0.05_r0.01,A,negative_control,FMNoiseAimedJam,5.0,500,30,30,0,0,0,11.240926511687572,0.27092803766134843,-8.685846209919741e-05,0.9123068423855412,0.0,3.211855562403798,564496.0
A_k5_c0.05_r0.01,A,negative_control,FMNoiseSaopin,0.0,1250,30,30,0,0,0,7.45834209185359,1.0753400388979457,-8.685846209919741e-05,0.9661710865306301,1.0,3.158837496691073,564496.0
A_k5_c0.05_r0.01,A,negative_control,FMNoiseSaopin,0.0,2500,30,30,0,0,0,7.85315294808068,1.1348343648820927,-8.685846209726876e-05,0.9596924984112012,1.0,3.1451082691395036,564496.0
A_k5_c0.05_r0.01,A,negative_control,FMNoiseSaopin,0.0,3750,30,30,0,0,0,7.59247344082649,1.2133593103799007,-8.685846209919741e-05,0.9596924984112026,1.0,3.1060569648010037,564496.0
A_k5_c0.05_r0.01,A,negative_control,FMNoiseSaopin,0.0,4500,30,30,0,0,0,7.45628411773995,1.2679944586429133,-8.685846209726876e-05,0.9598916571177576,1.0,3.114561107940972,564496.0
A_k5_c0.05_r0.01,A,negative_control,FMNoiseSaopin,0.0,500,30,30,0,0,0,2.620618944719726,0.0509334006501135,-8.685846209919741e-05,0.9766022880074051,0.0,3.224015433806926,564496.0
A_k5_c0.05_r0.01,A,negative_control,FMNoiseSaopin,10.0,1250,30,30,0,0,0,14.17095645686231,2.332165004202137,-8.685846209919741e-05,0.9150835963700408,1.0,3.0712498313126466,564496.0
A_k5_c0.05_r0.01,A,negative_control,FMNoiseSaopin,10.0,2500,30,30,0,0,0,15.128483183956169,2.2670489570277055,-8.685846209726876e-05,0.8861230634513819,1.0,3.0858415625213333,564496.0
A_k5_c0.05_r0.01,A,negative_control,FMNoiseSaopin,10.0,3750,30,30,0,0,0,15.010611742067432,2.3312075455850905,-8.685846209919741e-05,0.8861230634513835,1.0,3.0200138610477247,564496.0
A_k5_c0.05_r0.01,A,negative_control,FMNoiseSaopin,10.0,4500,30,30,0,0,0,14.97501209978318,2.37379142051636,-8.685846209726876e-05,0.8861230634513857,1.0,3.0707457626704127,564496.0
A_k5_c0.05_r0.01,A,negative_control,FMNoiseSaopin,10.0,500,30,30,0,0,0,2.6547894517030013,0.048568456749433365,-8.685846209919741e-05,0.9762234122040444,0.0,3.2025250354005643,564496.0
A_k5_c0.05_r0.01,A,negative_control,FMNoiseSaopin,20.0,1250,30,30,0,0,0,22.321671433034066,3.398677370690035,-8.685846209919741e-05,0.7474903121154876,1.0,3.1209499982651323,564496.0
A_k5_c0.05_r0.01,A,negative_control,FMNoiseSaopin,20.0,2500,30,30,0,0,0,12.675588532225333,22.18138937939128,-8.685846209726876e-05,0.6466107756919045,45.766666666666666,3.090902662370354,564496.0
A_k5_c0.05_r0.01,A,negative_control,FMNoiseSaopin,20.0,3750,30,30,0,0,0,12.658400407483075,22.163481228275508,-8.685846209919741e-05,0.6466107756919051,45.766666666666666,3.0736874614376575,564496.0
A_k5_c0.05_r0.01,A,negative_control,FMNoiseSaopin,20.0,4500,30,30,0,0,0,12.560023090926695,22.405083030576172,-8.685846209726876e-05,0.6466107756919058,45.766666666666666,3.0946235657514385,564496.0
A_k5_c0.05_r0.01,A,negative_control,FMNoiseSaopin,20.0,500,30,30,0,0,0,2.949769278950025,0.12957655023046036,-8.685846209919741e-05,0.9740941309842824,0.0,3.1775694030026593,564496.0
A_k5_c0.05_r0.01,A,negative_control,FMNoiseSaopin,30.0,1250,30,30,0,0,0,-1.0176549730914755,8.67053920389905,-8.685846209919741e-05,0.6739578084635893,326.1333333333333,3.1306805341349295,564496.0
A_k5_c0.05_r0.01,A,negative_control,FMNoiseSaopin,30.0,2500,30,30,0,0,0,-146.71602131091979,55.67890858168059,-8.685846209726876e-05,0.5582984218848075,791.8666666666667,3.139033403325205,564496.0
A_k5_c0.05_r0.01,A,negative_control,FMNoiseSaopin,30.0,3750,30,30,0,0,0,-146.6037136954638,55.63564595466767,-8.685846209919741e-05,0.5582984218848076,791.8666666666667,3.0882067687343806,564496.0
A_k5_c0.05_r0.01,A,negative_control,FMNoiseSaopin,30.0,4500,30,30,0,0,0,-146.7080348879705,55.681530617572285,-8.685846209726876e-05,0.558298421884808,791.8666666666667,3.12224443963108,564496.0
A_k5_c0.05_r0.01,A,negative_control,FMNoiseSaopin,30.0,500,30,30,0,0,0,4.714239605081497,0.7243794070337484,-8.685846209919741e-05,0.9607029000558452,0.0,3.162042903325831,564496.0
A_k5_c0.05_r0.01,A,negative_control,FMNoiseSaopin,5.0,1250,30,30,0,0,0,10.564431688215626,1.6887279126799755,-8.685846209919741e-05,0.9483462705085963,1.0,3.1246569337478527,564496.0
A_k5_c0.05_r0.01,A,negative_control,FMNoiseSaopin,5.0,2500,30,30,0,0,0,11.232719525152422,1.7228112625915988,-8.685846209726876e-05,0.9340587041294363,1.0,3.0975055939052254,564496.0
A_k5_c0.05_r0.01,A,negative_control,FMNoiseSaopin,5.0,3750,30,30,0,0,0,11.05470914595282,1.8027621159670526,-8.685846209919741e-05,0.9340587041294377,1.0,3.0774194708404443,564496.0
A_k5_c0.05_r0.01,A,negative_control,FMNoiseSaopin,5.0,4500,30,30,0,0,0,10.976639827160424,1.8573716697062082,-8.685846209726876e-05,0.9341041318248425,1.0,3.094197128666565,564496.0
A_k5_c0.05_r0.01,A,negative_control,FMNoiseSaopin,5.0,500,30,30,0,0,0,2.629249853504005,0.04960648622078881,-8.685846209919741e-05,0.9764927940259568,0.0,3.1649679702240974,564496.0
A_k5_c0.05_r0.01,A,negative_control,NoJammer,0.0,1250,30,30,0,0,0,4.630213180057521,0.06760654415899318,-8.685846209919741e-05,0.978902724727505,0.0,3.148307022638619,564496.0
A_k5_c0.05_r0.01,A,negative_control,NoJammer,0.0,2500,30,30,0,0,0,4.155875054607064,0.07136000226643253,-8.685846209726876e-05,0.9788467153133631,0.0,3.1248068708615997,564496.0
A_k5_c0.05_r0.01,A,negative_control,NoJammer,0.0,3750,30,30,0,0,0,3.2139553238037775,0.08535940187087952,-8.685846209919741e-05,0.9792500452839893,0.0,3.076731962695097,564496.0
A_k5_c0.05_r0.01,A,negative_control,NoJammer,0.0,4500,30,30,0,0,0,2.5339800488243736,0.08981321148251198,-8.685846209726876e-05,0.9801210752952818,0.0,3.1291373675533882,564496.0
A_k5_c0.05_r0.01,A,negative_control,NoJammer,0.0,500,30,30,0,0,0,4.192044702720216,0.07264840056099496,-8.685846209919741e-05,0.9797873132681547,0.0,3.223272191826254,564496.0
A_k5_c0.05_r0.01,A,negative_control,NoJammer,10.0,1250,30,30,0,0,0,4.630213180057521,0.06760654415899318,-8.685846209919741e-05,0.978902724727505,0.0,3.2456166363166026,564496.0
A_k5_c0.05_r0.01,A,negative_control,NoJammer,10.0,2500,30,30,0,0,0,4.155875054607064,0.07136000226643253,-8.685846209726876e-05,0.9788467153133631,0.0,3.240624968505775,564496.0
A_k5_c0.05_r0.01,A,negative_control,NoJammer,10.0,3750,30,30,0,0,0,3.2139553238037775,0.08535940187087952,-8.685846209919741e-05,0.9792500452839893,0.0,3.237015263099844,564496.0
A_k5_c0.05_r0.01,A,negative_control,NoJammer,10.0,4500,30,30,0,0,0,2.5339800488243736,0.08981321148251198,-8.685846209726876e-05,0.9801210752952818,0.0,3.2211082735254117,564496.0
A_k5_c0.05_r0.01,A,negative_control,NoJammer,10.0,500,30,30,0,0,0,4.192044702720216,0.07264840056099496,-8.685846209919741e-05,0.9797873132681547,0.0,3.2789569018253437,564496.0
A_k5_c0.05_r0.01,A,negative_control,NoJammer,20.0,1250,30,30,0,0,0,4.630213180057521,0.06760654415899318,-8.685846209919741e-05,0.978902724727505,0.0,3.16819716244936,564496.0
A_k5_c0.05_r0.01,A,negative_control,NoJammer,20.0,2500,30,30,0,0,0,4.155875054607064,0.07136000226643253,-8.685846209726876e-05,0.9788467153133631,0.0,3.180776301693792,564496.0
A_k5_c0.05_r0.01,A,negative_control,NoJammer,20.0,3750,30,30,0,0,0,3.2139553238037775,0.08535940187087952,-8.685846209919741e-05,0.9792500452839893,0.0,3.1603931604574123,564496.0
A_k5_c0.05_r0.01,A,negative_control,NoJammer,20.0,4500,30,30,0,0,0,2.5339800488243736,0.08981321148251198,-8.685846209726876e-05,0.9801210752952818,0.0,3.161115333205089,564496.0
A_k5_c0.05_r0.01,A,negative_control,NoJammer,20.0,500,30,30,0,0,0,4.192044702720216,0.07264840056099496,-8.685846209919741e-05,0.9797873132681547,0.0,3.228672170856347,564496.0
A_k5_c0.05_r0.01,A,negative_control,NoJammer,30.0,1250,30,30,0,0,0,4.630213180057521,0.06760654415899318,-8.685846209919741e-05,0.978902724727505,0.0,3.1896570386985936,564496.0
A_k5_c0.05_r0.01,A,negative_control,NoJammer,30.0,2500,30,30,0,0,0,4.155875054607064,0.07136000226643253,-8.685846209726876e-05,0.9788467153133631,0.0,3.14598746287326,564496.0
A_k5_c0.05_r0.01,A,negative_control,NoJammer,30.0,3750,30,30,0,0,0,3.2139553238037775,0.08535940187087952,-8.685846209919741e-05,0.9792500452839893,0.0,3.1106527041022978,564496.0
A_k5_c0.05_r0.01,A,negative_control,NoJammer,30.0,4500,30,30,0,0,0,2.5339800488243736,0.08981321148251198,-8.685846209726876e-05,0.9801210752952818,0.0,3.133970698884999,564496.0
A_k5_c0.05_r0.01,A,negative_control,NoJammer,30.0,500,30,30,0,0,0,4.192044702720216,0.07264840056099496,-8.685846209919741e-05,0.9797873132681547,0.0,3.219644393539056,564496.0
A_k5_c0.05_r0.01,A,negative_control,NoJammer,5.0,1250,30,30,0,0,0,4.630213180057521,0.06760654415899318,-8.685846209919741e-05,0.978902724727505,0.0,3.177883237367496,564496.0
A_k5_c0.05_r0.01,A,negative_control,NoJammer,5.0,2500,30,30,0,0,0,4.155875054607064,0.07136000226643253,-8.685846209726876e-05,0.9788467153133631,0.0,3.14220839451688,564496.0
A_k5_c0.05_r0.01,A,negative_control,NoJammer,5.0,3750,30,30,0,0,0,3.2139553238037775,0.08535940187087952,-8.685846209919741e-05,0.9792500452839893,0.0,3.1028305975875505,564496.0
A_k5_c0.05_r0.01,A,negative_control,NoJammer,5.0,4500,30,30,0,0,0,2.5339800488243736,0.08981321148251198,-8.685846209726876e-05,0.9801210752952818,0.0,3.125583401803548,564496.0
A_k5_c0.05_r0.01,A,negative_control,NoJammer,5.0,500,30,30,0,0,0,4.192044702720216,0.07264840056099496,-8.685846209919741e-05,0.9797873132681547,0.0,3.2139306383517883,564496.0
A_k5_c0.05_r0.01,A,negative_control,SMSP,0.0,1250,30,30,0,0,0,13.734913565250691,0.02737880449014203,-8.685846209919741e-05,0.9051927149828238,1.0,3.169311002905791,564496.0
A_k5_c0.05_r0.01,A,negative_control,SMSP,0.0,2500,30,30,0,0,0,13.704531146657871,0.027858187126077277,-8.685846209726876e-05,0.9051927149828247,1.0,3.1448568256261447,564496.0
A_k5_c0.05_r0.01,A,negative_control,SMSP,0.0,3750,30,30,0,0,0,13.651758966841701,0.02773622445490437,-8.685846209919741e-05,0.9051927149828263,1.0,3.1012845322644957,564496.0
A_k5_c0.05_r0.01,A,negative_control,SMSP,0.0,4500,30,30,0,0,0,13.659951439892172,0.027437633412210834,-8.685846209726876e-05,0.9051927149828285,1.0,3.1148486343833306,564496.0
A_k5_c0.05_r0.01,A,negative_control,SMSP,0.0,500,30,30,0,0,0,10.123270692104377,0.03150301317041347,-8.685846209919741e-05,0.9280037494929924,0.0,3.185559624883657,564496.0
A_k5_c0.05_r0.01,A,negative_control,SMSP,10.0,1250,30,30,0,0,0,23.91513292261935,0.024418505823113744,-8.685846209919741e-05,0.6815033018873223,2.1,3.0712888731310763,564496.0
A_k5_c0.05_r0.01,A,negative_control,SMSP,10.0,2500,30,30,0,0,0,23.91232374311602,0.024503325376194048,-8.685846209726876e-05,0.6815033018873226,2.1,3.038999999019628,564496.0
A_k5_c0.05_r0.01,A,negative_control,SMSP,10.0,3750,30,30,0,0,0,23.906604464486772,0.024524464919817315,-8.685846209919741e-05,0.6815033018873233,2.1,3.0020013315758356,564496.0
A_k5_c0.05_r0.01,A,negative_control,SMSP,10.0,4500,30,30,0,0,0,23.94527837581835,0.024511537843077462,-8.685846209726876e-05,0.6815033018873247,2.1,3.0384293000679463,564496.0
A_k5_c0.05_r0.01,A,negative_control,SMSP,10.0,500,30,30,0,0,0,19.856529456755425,0.02028407378497706,-8.685846209919741e-05,0.756516402345,0.0,3.1190695066470653,564496.0
A_k5_c0.05_r0.01,A,negative_control,SMSP,20.0,1250,30,30,0,0,0,-36.34580467453286,0.022768236856589748,-8.685846209919741e-05,0.6194241721800006,519.0,3.13871816227523,564496.0
A_k5_c0.05_r0.01,A,negative_control,SMSP,20.0,2500,30,30,0,0,0,-36.34642192423644,0.02278261214828523,-8.685846209726876e-05,0.6194241721800007,519.0,3.139224898768589,564496.0
A_k5_c0.05_r0.01,A,negative_control,SMSP,20.0,3750,30,30,0,0,0,-36.34699937269106,0.022782651560574827,-8.685846209919741e-05,0.6194241721800009,519.0,3.1035375082865357,564496.0
A_k5_c0.05_r0.01,A,negative_control,SMSP,20.0,4500,30,30,0,0,0,-36.34735208835617,0.022776826284856513,-8.685846209726876e-05,0.6194241721800012,519.0,3.110327864609038,564496.0
A_k5_c0.05_r0.01,A,negative_control,SMSP,20.0,500,30,30,0,0,0,-13.624077425714678,0.022333820676444155,-8.685846209919741e-05,0.6690430124100222,96.0,3.1904957936300584,564496.0
A_k5_c0.05_r0.01,A,negative_control,SMSP,30.0,1250,30,30,0,0,0,-35.66900237562668,0.007713553115012772,-8.685846209919741e-05,0.6194257666043185,519.0,3.160358491974572,564496.0
A_k5_c0.05_r0.01,A,negative_control,SMSP,30.0,2500,30,30,0,0,0,-35.66931550079487,0.007714117398072406,-8.685846209726876e-05,0.6194257666043185,519.0,3.119601437356323,564496.0
A_k5_c0.05_r0.01,A,negative_control,SMSP,30.0,3750,30,30,0,0,0,-35.66937332324084,0.007714129027374395,-8.685846209919741e-05,0.6194257666043186,519.0,3.104069398250431,564496.0
A_k5_c0.05_r0.01,A,negative_control,SMSP,30.0,4500,30,30,0,0,0,-35.66895189168215,0.0076515224211662495,-8.685846209726876e-05,0.6194257666043187,519.0,3.1282514023284116,564496.0
A_k5_c0.05_r0.01,A,negative_control,SMSP,30.0,500,30,30,0,0,0,-13.204387463723398,0.007787291074299285,-8.685846209919741e-05,0.6701928791819471,96.0,3.1885180661144354,564496.0
A_k5_c0.05_r0.01,A,negative_control,SMSP,5.0,1250,30,30,0,0,0,18.686556818445307,0.024340806208817914,-8.685846209919741e-05,0.8276420289775347,2.0,3.2224639221870652,564496.0
A_k5_c0.05_r0.01,A,negative_control,SMSP,5.0,2500,30,30,0,0,0,18.676677468377754,0.024543952132672586,-8.685846209726876e-05,0.8276420289775354,2.0,3.136793023440987,564496.0
A_k5_c0.05_r0.01,A,negative_control,SMSP,5.0,3750,30,30,0,0,0,18.658959763019798,0.02455162779714563,-8.685846209919741e-05,0.8276420289775366,2.0,9.683552599744871,564496.0
A_k5_c0.05_r0.01,A,negative_control,SMSP,5.0,4500,30,30,0,0,0,18.68994661127413,0.024498312670400157,-8.685846209726876e-05,0.8276420289775389,2.0,3.130437470584487,564496.0
A_k5_c0.05_r0.01,A,negative_control,SMSP,5.0,500,30,30,0,0,0,14.7408229413443,0.022062155729603187,-8.685846209919741e-05,0.8722322438488697,0.0,3.17003196105361,564496.0
A_k5_c0.05_r0.01,A,target_jammer,NoiseConvolutionJamming,0.0,1250,30,30,0,0,0,13.389157353809598,0.20147601006811594,-8.685846209919741e-05,0.8957663290911193,0.9666666666666667,3.053590298319856,564496.0
A_k5_c0.05_r0.01,A,target_jammer,NoiseConvolutionJamming,0.0,2500,30,30,0,0,0,13.358547979242047,0.2015945809810748,-8.685846209726876e-05,0.8957663290911196,0.9666666666666667,3.0235665675718337,564496.0
A_k5_c0.05_r0.01,A,target_jammer,NoiseConvolutionJamming,0.0,3750,30,30,0,0,0,13.305454485087807,0.2021569432501955,-8.685846209919741e-05,0.8957663290911213,0.9666666666666667,2.999652757231767,564496.0
A_k5_c0.05_r0.01,A,target_jammer,NoiseConvolutionJamming,0.0,4500,30,30,0,0,0,13.313988268549169,0.20217670585644756,-8.685846209726876e-05,0.895826475434457,0.9666666666666667,3.021626432503884,564496.0
A_k5_c0.05_r0.01,A,target_jammer,NoiseConvolutionJamming,0.0,500,30,30,0,0,0,10.42711225874571,0.20985772210368214,-8.685846209919741e-05,0.9223106902831709,0.0,3.0848890310153365,564496.0
A_k5_c0.05_r0.01,A,target_jammer,NoiseConvolutionJamming,10.0,1250,30,30,0,0,0,22.572924070667533,0.5702068080298227,-8.685846209919741e-05,0.6860396515556099,1.4333333333333333,3.137240269764637,564496.0
A_k5_c0.05_r0.01,A,target_jammer,NoiseConvolutionJamming,10.0,2500,30,30,0,0,0,22.57166365620209,0.5702074786779913,-8.685846209726876e-05,0.68603965155561,1.4333333333333333,3.1252707374126962,564496.0
A_k5_c0.05_r0.01,A,target_jammer,NoiseConvolutionJamming,10.0,3750,30,30,0,0,0,22.56593324470683,0.570250202966367,-8.685846209919741e-05,0.6860396515556105,1.4333333333333333,3.083283362987762,564496.0
A_k5_c0.05_r0.01,A,target_jammer,NoiseConvolutionJamming,10.0,4500,30,30,0,0,0,22.60414185853647,0.5702732317183627,-8.685846209726876e-05,0.6828991742224451,1.2,3.094261071722334,564496.0
A_k5_c0.05_r0.01,A,target_jammer,NoiseConvolutionJamming,10.0,500,30,30,0,0,0,19.280623843831602,0.5239531728824323,-8.685846209919741e-05,0.7810762418399124,0.23333333333333334,3.2145235629286617,564496.0
A_k5_c0.05_r0.01,A,target_jammer,NoiseConvolutionJamming,20.0,1250,30,30,0,0,0,-14.614063671115396,6.65996923639465,-8.685846209919741e-05,0.5627561900655658,250.63333333333333,3.1272499977300563,564496.0
A_k5_c0.05_r0.01,A,target_jammer,NoiseConvolutionJamming,20.0,2500,30,30,0,0,0,-14.612366520659396,6.660093623006338,-8.685846209726876e-05,0.5627561900655658,250.63333333333333,3.1093485944438726,564496.0
A_k5_c0.05_r0.01,A,target_jammer,NoiseConvolutionJamming,20.0,3750,30,30,0,0,0,-14.612944749981471,6.660091837526476,-8.685846209919741e-05,0.5627561900655659,250.63333333333333,3.0734903004486114,564496.0
A_k5_c0.05_r0.01,A,target_jammer,NoiseConvolutionJamming,20.0,4500,30,30,0,0,0,-14.608475553602252,7.968803411911058,-8.685846209726876e-05,0.5381956005685619,263.8666666666667,3.0961334006860852,564496.0
A_k5_c0.05_r0.01,A,target_jammer,NoiseConvolutionJamming,20.0,500,30,30,0,0,0,0.6067737227880381,6.989909029084882,-8.685846209919741e-05,0.611478333936687,68.43333333333334,3.18242790720736,564496.0
A_k5_c0.05_r0.01,A,target_jammer,NoiseConvolutionJamming,30.0,1250,30,30,0,0,0,-14.371401547611976,5.8589527183615235,-8.685846209919741e-05,0.5593326247082164,253.1,3.1059501401614398,564496.0
A_k5_c0.05_r0.01,A,target_jammer,NoiseConvolutionJamming,30.0,2500,30,30,0,0,0,-14.36939129370028,5.859070352799203,-8.685846209726876e-05,0.5593326247082164,253.1,3.0947319037901857,564496.0
A_k5_c0.05_r0.01,A,target_jammer,NoiseConvolutionJamming,30.0,3750,30,30,0,0,0,-14.36944918845321,5.859070217351633,-8.685846209919741e-05,0.5593326247082164,253.1,3.0479250281738737,564496.0
A_k5_c0.05_r0.01,A,target_jammer,NoiseConvolutionJamming,30.0,4500,30,30,0,0,0,-17.18842361664198,6.343479911960926,-8.685846209726876e-05,0.5399142431636835,280.93333333333334,9.408045903546736,564496.0
A_k5_c0.05_r0.01,A,target_jammer,NoiseConvolutionJamming,30.0,500,30,30,0,0,0,-4.264142262387968,5.781859031266566,-8.685846209919741e-05,0.5962866328536752,80.76666666666667,3.129082037291179,564496.0
A_k5_c0.05_r0.01,A,target_jammer,NoiseConvolutionJamming,5.0,1250,30,30,0,0,0,18.013468588811033,0.33862437942953133,-8.685846209919741e-05,0.8180361340939697,0.9666666666666667,3.1327777076512575,564496.0
A_k5_c0.05_r0.01,A,target_jammer,NoiseConvolutionJamming,5.0,2500,30,30,0,0,0,18.00471246638598,0.338633645914172,-8.685846209726876e-05,0.81803613409397,0.9666666666666667,3.109752699189509,564496.0
A_k5_c0.05_r0.01,A,target_jammer,NoiseConvolutionJamming,5.0,3750,30,30,0,0,0,17.986940048142838,0.3387728098089173,-8.685846209919741e-05,0.8180361340939711,0.9666666666666667,3.071311096816013,564496.0
A_k5_c0.05_r0.01,A,target_jammer,NoiseConvolutionJamming,5.0,4500,30,30,0,0,0,18.01790104463304,0.33869786355639414,-8.685846209726876e-05,0.818019236273344,0.9333333333333333,3.0976304648599275,564496.0
A_k5_c0.05_r0.01,A,target_jammer,NoiseConvolutionJamming,5.0,500,30,30,0,0,0,14.798129284348203,0.3215253094318021,-8.685846209919741e-05,0.8713116393664233,0.03333333333333333,3.1862039933912456,564496.0
A_k5_c0.05_r0.01,A,target_jammer,NoiseProductJamming,0.0,1250,30,30,0,0,0,12.391110000320046,0.22317148405914114,-8.685846209919741e-05,0.8979513056385995,1.0666666666666667,3.0340695288032293,564474.5333333333
A_k5_c0.05_r0.01,A,target_jammer,NoiseProductJamming,0.0,2500,30,30,0,0,0,12.347799085680476,0.22402768155192732,-8.685846209726876e-05,0.8979513056386,1.0666666666666667,3.01681527053006,564466.8666666667
A_k5_c0.05_r0.01,A,target_jammer,NoiseProductJamming,0.0,3750,30,30,0,0,0,12.27749941578335,0.22488975754038656,-8.685846209919741e-05,0.8979513056386015,1.0666666666666667,2.9983514279592782,564466.8666666667
A_k5_c0.05_r0.01,A,target_jammer,NoiseProductJamming,0.0,4500,30,30,0,0,0,12.274838411034244,0.22554218065469236,-8.685846209726876e-05,0.8979614048294849,1.0666666666666667,2.986501296982169,564465.3333333334
A_k5_c0.05_r0.01,A,target_jammer,NoiseProductJamming,0.0,500,30,30,0,0,0,12.204999120939023,0.22262868714752285,-8.685846209919741e-05,0.9180414852775548,0.0,3.057005535811186,564468.4
A_k5_c0.05_r0.01,A,target_jammer,NoiseProductJamming,10.0,1250,30,30,0,0,0,21.93133748379085,0.5645676398736897,-8.685846209919741e-05,0.6720410363563439,1.7333333333333334,3.13394726642097,564496.0
A_k5_c0.05_r0.01,A,target_jammer,NoiseProductJamming,10.0,2500,30,30,0,0,0,21.926541629179773,0.5646136198640314,-8.685846209726876e-05,0.672041036356344,1.7333333333333334,3.1177680318554244,564496.0
A_k5_c0.05_r0.01,A,target_jammer,NoiseProductJamming,10.0,3750,30,30,0,0,0,21.918815544269457,0.5646880657997442,-8.685846209919741e-05,0.6720410363563448,1.7333333333333334,3.0722194351255894,564496.0
A_k5_c0.05_r0.01,A,target_jammer,NoiseProductJamming,10.0,4500,30,30,0,0,0,21.955792603693464,0.5646513206662427,-8.685846209726876e-05,0.6704130288330391,1.6,3.112704202067107,564496.0
A_k5_c0.05_r0.01,A,target_jammer,NoiseProductJamming,10.0,500,30,30,0,0,0,21.80087308535008,0.5669020502924886,-8.685846209919741e-05,0.7303645576021263,0.13333333333333333,3.1797236995771527,564496.0
A_k5_c0.05_r0.01,A,target_jammer,NoiseProductJamming,20.0,1250,30,30,0,0,0,-15.779161441087712,4.619389592918108,-8.685846209919741e-05,0.5783404318325125,203.03333333333333,3.194822301156819,564483.7333333333
A_k5_c0.05_r0.01,A,target_jammer,NoiseProductJamming,20.0,2500,30,30,0,0,0,-15.779751548686212,4.619412536397027,-8.685846209726876e-05,0.5783404318325126,203.03333333333333,3.1493402687677494,564483.7333333333
A_k5_c0.05_r0.01,A,target_jammer,NoiseProductJamming,20.0,3750,30,30,0,0,0,-15.780531690654003,4.619414849867782,-8.685846209919741e-05,0.5783404318325128,203.03333333333333,3.1003278001056365,564483.7333333333
A_k5_c0.05_r0.01,A,target_jammer,NoiseProductJamming,20.0,4500,30,30,0,0,0,-16.211682249966948,4.56896390008564,-8.685846209726876e-05,0.5870510571607703,207.06666666666666,3.1269723646497973,564483.7333333333
A_k5_c0.05_r0.01,A,target_jammer,NoiseProductJamming,20.0,500,30,30,0,0,0,-0.6538332395210295,5.998456014457478,-8.685846209919741e-05,0.5763860970503709,62.733333333333334,3.1913320999592543,564483.7333333333
A_k5_c0.05_r0.01,A,target_jammer,NoiseProductJamming,30.0,1250,30,30,0,0,0,-15.522119698630895,3.8683799233029648,-8.685846209919741e-05,0.5753152754588249,205.96666666666667,3.1369888611758747,564483.7333333333
A_k5_c0.05_r0.01,A,target_jammer,NoiseProductJamming,30.0,2500,30,30,0,0,0,-15.522277699759252,3.868412992445908,-8.685846209726876e-05,0.575315275458825,205.96666666666667,3.1064472413466624,564483.7333333333
A_k5_c0.05_r0.01,A,target_jammer,NoiseProductJamming,30.0,3750,30,30,0,0,0,-15.522355783763722,3.8684132368173527,-8.685846209919741e-05,0.575315275458825,205.96666666666667,3.075361166459819,564483.7333333333
A_k5_c0.05_r0.01,A,target_jammer,NoiseProductJamming,30.0,4500,30,30,0,0,0,-16.228283942042417,3.822442643165608,-8.685846209726876e-05,0.5819716268808182,214.76666666666668,3.124976334705328,564483.7333333333
A_k5_c0.05_r0.01,A,target_jammer,NoiseProductJamming,30.0,500,30,30,0,0,0,-2.139975626201092,5.436707185390148,-8.685846209919741e-05,0.5755074407095507,71.16666666666667,3.288650130465006,564483.7333333333
A_k5_c0.05_r0.01,A,target_jammer,NoiseProductJamming,5.0,1250,30,30,0,0,0,17.124753549773235,0.3673158998196953,-8.685846209919741e-05,0.8164382243637848,1.2,3.1545290626430265,564489.8666666667
A_k5_c0.05_r0.01,A,target_jammer,NoiseProductJamming,5.0,2500,30,30,0,0,0,17.109939181791614,0.3675223124175208,-8.685846209726876e-05,0.816438224363785,1.2,3.109359803299109,564485.2666666667
A_k5_c0.05_r0.01,A,target_jammer,NoiseProductJamming,5.0,3750,30,30,0,0,0,17.086071812193072,0.36776052528594094,-8.685846209919741e-05,0.8164382243637863,1.2,3.069170801124225,564489.8666666667
A_k5_c0.05_r0.01,A,target_jammer,NoiseProductJamming,5.0,4500,30,30,0,0,0,17.11327729553509,0.36794212511425484,-8.685846209726876e-05,0.816481500575812,1.2,3.102347297438731,564485.2666666667
A_k5_c0.05_r0.01,A,target_jammer,NoiseProductJamming,5.0,500,30,30,0,0,0,16.9536042247793,0.36596941447993747,-8.685846209919741e-05,0.8576292195809941,0.0,3.197126400967439,564485.2666666667
A_k5_c0.12_r0.001,A,negative_control,AMNoiseGaiJam,0.0,1250,30,30,0,0,0,8.34516170151558,0.09614220302524848,-8.685885308092608e-06,0.9511794986607411,1.0,3.2156764917696514,564492.9333333333
A_k5_c0.12_r0.001,A,negative_control,AMNoiseGaiJam,0.0,2500,30,30,0,0,0,8.286278077346644,0.09826467722207789,-8.685885305199627e-06,0.9511794986607419,1.0,3.160177991958335,564492.9333333333
A_k5_c0.12_r0.001,A,negative_control,AMNoiseGaiJam,0.0,3750,30,30,0,0,0,8.124875237525105,0.0999745948417097,-8.685885305199627e-06,0.9511794986607435,1.0,3.1125013638908663,564494.4666666667
A_k5_c0.12_r0.001,A,negative_control,AMNoiseGaiJam,0.0,4500,30,30,0,0,0,8.062337474826307,0.10121826897825209,-8.685885304235298e-06,0.9513865235883859,1.0,3.147809795336798,564492.9333333333
A_k5_c0.12_r0.001,A,negative_control,AMNoiseGaiJam,0.0,500,30,30,0,0,0,6.218283750556675,0.08875712313273672,-8.685885305199627e-06,0.9539279108148381,0.0,3.2368319012069455,564494.4666666667
A_k5_c0.12_r0.001,A,negative_control,AMNoiseGaiJam,10.0,1250,30,30,0,0,0,16.51881778850044,0.14140607005921513,-8.685885308092608e-06,0.8682985659051241,0.8333333333333334,3.162669501034543,564496.0
A_k5_c0.12_r0.001,A,negative_control,AMNoiseGaiJam,10.0,2500,30,30,0,0,0,16.543920670430825,0.1405492037335844,-8.685885305199627e-06,0.8682985659051243,0.8333333333333334,3.1351611018180847,564496.0
A_k5_c0.12_r0.001,A,negative_control,AMNoiseGaiJam,10.0,3750,30,30,0,0,0,16.524154631115067,0.14072951740183806,-8.685885305199627e-06,0.8682985659051259,0.8333333333333334,3.097915267183756,564496.0
A_k5_c0.12_r0.001,A,negative_control,AMNoiseGaiJam,10.0,4500,30,30,0,0,0,16.55403650278118,0.14075696522079242,-8.685885304235298e-06,0.8682985659051279,0.8333333333333334,3.097370765559996,564496.0
A_k5_c0.12_r0.001,A,negative_control,AMNoiseGaiJam,10.0,500,30,30,0,0,0,13.46831156470453,0.1718464345737719,-8.685885305199627e-06,0.8987849747008293,0.0,3.1985569648289434,564496.0
A_k5_c0.12_r0.001,A,negative_control,AMNoiseGaiJam,20.0,1250,30,30,0,0,0,24.227691285626026,0.24746955945627472,-8.685885308092608e-06,0.6793817391074097,0.3333333333333333,3.057672230837246,564496.0
A_k5_c0.12_r0.001,A,negative_control,AMNoiseGaiJam,20.0,2500,30,30,0,0,0,24.263126435171884,0.2467927084512227,-8.685885305199627e-06,0.6793817391074097,0.3333333333333333,3.032486171772083,564496.0
A_k5_c0.12_r0.001,A,negative_control,AMNoiseGaiJam,20.0,3750,30,30,0,0,0,24.261119444448962,0.2467956500584594,-8.685885305199627e-06,0.6793817391074105,0.3333333333333333,3.0418000378025076,564496.0
A_k5_c0.12_r0.001,A,negative_control,AMNoiseGaiJam,20.0,4500,30,30,0,0,0,24.302222237876386,0.24677699491539817,-8.685885304235298e-06,0.6793817391074113,0.3333333333333333,3.05267926499558,564496.0
A_k5_c0.12_r0.001,A,negative_control,AMNoiseGaiJam,20.0,500,30,30,0,0,0,21.00508571101116,0.28442250808428643,-8.685885305199627e-06,0.7661815692471248,0.0,3.1278471966894963,564496.0
A_k5_c0.12_r0.001,A,negative_control,AMNoiseGaiJam,30.0,1250,30,30,0,0,0,-19.65867133411456,8.526492504310134,-8.685885308092608e-06,0.5390924068490826,307.56666666666666,3.1223041005432606,564496.0
A_k5_c0.12_r0.001,A,negative_control,AMNoiseGaiJam,30.0,2500,30,30,0,0,0,-19.62267091970043,8.526875518520757,-8.685885305199627e-06,0.5390924068490826,307.56666666666666,3.121129066372911,564496.0
A_k5_c0.12_r0.001,A,negative_control,AMNoiseGaiJam,30.0,3750,30,30,0,0,0,-19.622871451949646,8.526877144675215,-8.685885305199627e-06,0.5390924068490826,307.56666666666666,3.092093030378843,564496.0
A_k5_c0.12_r0.001,A,negative_control,AMNoiseGaiJam,30.0,4500,30,30,0,0,0,-19.615828833602553,8.532186226810524,-8.685885304235298e-06,0.5420042023284061,307.56666666666666,3.079846000764519,564496.0
A_k5_c0.12_r0.001,A,negative_control,AMNoiseGaiJam,30.0,500,30,30,0,0,0,16.71441325764549,5.950888377143852,-8.685885305199627e-06,0.5910439010835348,22.633333333333333,3.1571165930169323,564496.0
A_k5_c0.12_r0.001,A,negative_control,AMNoiseGaiJam,5.0,1250,30,30,0,0,0,12.275366203239262,0.11887069645296174,-8.685885308092608e-06,0.9201052739007107,1.0,3.1239624930700907,564496.0
A_k5_c0.12_r0.001,A,negative_control,AMNoiseGaiJam,5.0,2500,30,30,0,0,0,12.27669954855814,0.11864314952489115,-8.685885305199627e-06,0.9201052739007111,1.0,3.1053943637137613,564496.0
A_k5_c0.12_r0.001,A,negative_control,AMNoiseGaiJam,5.0,3750,30,30,0,0,0,12.217168380529378,0.11931152898666361,-8.685885305199627e-06,0.9201052739007125,1.0,3.0804333684500307,564496.0
A_k5_c0.12_r0.001,A,negative_control,AMNoiseGaiJam,5.0,4500,30,30,0,0,0,12.22161044939039,0.11965670675821873,-8.685885304235298e-06,0.9201052739007151,1.0,3.098345840893065,564496.0
A_k5_c0.12_r0.001,A,negative_control,AMNoiseGaiJam,5.0,500,30,30,0,0,0,9.526975113012487,0.13381405855010464,-8.685885305199627e-06,0.933322742040175,0.0,3.173952803869421,564496.0
A_k5_c0.12_r0.001,A,negative_control,FMNoiseAimedJam,0.0,1250,30,30,0,0,0,10.251703608514894,0.1709537007951977,-8.685885308092608e-06,0.9248348389447804,1.0,3.1854486015314856,564496.0
A_k5_c0.12_r0.001,A,negative_control,FMNoiseAimedJam,0.0,2500,30,30,0,0,0,10.219024894064342,0.17269654294841005,-8.685885305199627e-06,0.9248348389447807,1.0,3.126808360684663,564496.0
A_k5_c0.12_r0.001,A,negative_control,FMNoiseAimedJam,0.0,3750,30,30,0,0,0,10.108875600016813,0.17468754643699871,-8.685885305199627e-06,0.9248348389447826,1.0,3.11876253108494,564496.0
A_k5_c0.12_r0.001,A,negative_control,FMNoiseAimedJam,0.0,4500,30,30,0,0,0,10.081448473538519,0.17627016800050002,-8.685885304235298e-06,0.9248348389447852,1.0,3.121776500483975,564496.0
A_k5_c0.12_r0.001,A,negative_control,FMNoiseAimedJam,0.0,500,30,30,0,0,0,7.372832106069964,0.18712015782563002,-8.685885305199627e-06,0.9448097620868068,0.0,3.2237999975526086,564496.0
A_k5_c0.12_r0.001,A,negative_control,FMNoiseAimedJam,10.0,1250,30,30,0,0,0,19.342106547945335,0.39128028166080686,-8.685885308092608e-06,0.7690736854127564,1.1666666666666667,3.120168069532762,564496.0
A_k5_c0.12_r0.001,A,negative_control,FMNoiseAimedJam,10.0,2500,30,30,0,0,0,19.369491709330454,0.39081431485837287,-8.685885305199627e-06,0.7690736854127568,1.1666666666666667,3.079881963397687,564496.0
A_k5_c0.12_r0.001,A,negative_control,FMNoiseAimedJam,10.0,3750,30,30,0,0,0,19.356694186975027,0.3909170183161532,-8.685885305199627e-06,0.7690736854127579,1.1666666666666667,3.0720777440971383,564496.0
A_k5_c0.12_r0.001,A,negative_control,FMNoiseAimedJam,10.0,4500,30,30,0,0,0,19.391002600696766,0.39101405074276757,-8.685885304235298e-06,0.7689078991181449,1.1333333333333333,3.0661805300042033,564496.0
A_k5_c0.12_r0.001,A,negative_control,FMNoiseAimedJam,10.0,500,30,30,0,0,0,15.725898322961275,0.41840651149482666,-8.685885305199627e-06,0.851156333349184,0.03333333333333333,3.1495652918238193,564496.0
A_k5_c0.12_r0.001,A,negative_control,FMNoiseAimedJam,20.0,1250,30,30,0,0,0,-18.56248833844428,9.216334554730487,-8.685885308092608e-06,0.5680308058534795,347.76666666666665,3.0487416312098503,564496.0
A_k5_c0.12_r0.001,A,negative_control,FMNoiseAimedJam,20.0,2500,30,30,0,0,0,-18.528044617716326,9.214873271384478,-8.685885305199627e-06,0.5680308058534794,347.76666666666665,3.045592955701674,564496.0
A_k5_c0.12_r0.001,A,negative_control,FMNoiseAimedJam,20.0,3750,30,30,0,0,0,-18.529344824463397,9.21488094016007,-8.685885305199627e-06,0.5680308058534798,347.76666666666665,3.0158208353289715,564496.0
A_k5_c0.12_r0.001,A,negative_control,FMNoiseAimedJam,20.0,4500,30,30,0,0,0,-18.520329785593102,9.220741386574216,-8.685885304235298e-06,0.5691413211239699,347.73333333333335,3.031827724771574,564496.0
A_k5_c0.12_r0.001,A,negative_control,FMNoiseAimedJam,20.0,500,30,30,0,0,0,11.203165410336313,6.914009328138028,-8.685885305199627e-06,0.6052473960324941,44.06666666666667,3.1054583688577018,564496.0
A_k5_c0.12_r0.001,A,negative_control,FMNoiseAimedJam,30.0,1250,30,30,0,0,0,-27.23051708524288,5.313861006718243,-8.685885308092608e-06,0.5691115166857464,434.6333333333333,3.16152077090616,564496.0
A_k5_c0.12_r0.001,A,negative_control,FMNoiseAimedJam,30.0,2500,30,30,0,0,0,-27.195320382771268,5.313553661235886,-8.685885305199627e-06,0.5691115166857464,434.6333333333333,3.157741630760332,564496.0
A_k5_c0.12_r0.001,A,negative_control,FMNoiseAimedJam,30.0,3750,30,30,0,0,0,-27.19545059358405,5.313554216964602,-8.685885305199627e-06,0.5691115166857464,434.6333333333333,3.094618129155909,564496.0
A_k5_c0.12_r0.001,A,negative_control,FMNoiseAimedJam,30.0,4500,30,30,0,0,0,-27.193947450089926,5.315054652866281,-8.685885304235298e-06,0.5717753219834295,434.6333333333333,3.1159333360847086,564496.0
A_k5_c0.12_r0.001,A,negative_control,FMNoiseAimedJam,30.0,500,30,30,0,0,0,-7.459074307977506,5.7283352795587,-8.685885305199627e-06,0.5747342566710272,119.3,3.2030346298900745,564496.0
A_k5_c0.12_r0.001,A,negative_control,FMNoiseAimedJam,5.0,1250,30,30,0,0,0,14.641999827346938,0.2453441471699534,-8.685885308092608e-06,0.8685487034888808,0.9333333333333333,3.1464597035665065,564496.0
A_k5_c0.12_r0.001,A,negative_control,FMNoiseAimedJam,5.0,2500,30,30,0,0,0,14.652856542184686,0.2453721789758887,-8.685885305199627e-06,0.8685487034888812,0.9333333333333333,3.1351125023017326,564496.0
A_k5_c0.12_r0.001,A,negative_control,FMNoiseAimedJam,5.0,3750,30,30,0,0,0,14.61389170956693,0.24585092204428383,-8.685885305199627e-06,0.8685487034888826,0.9333333333333333,3.0897389651120952,564496.0
A_k5_c0.12_r0.001,A,negative_control,FMNoiseAimedJam,5.0,4500,30,30,0,0,0,14.631866146877092,0.24629344620996815,-8.685885304235298e-06,0.8685487034888851,0.9333333333333333,3.1243375327903777,564496.0
A_k5_c0.12_r0.001,A,negative_control,FMNoiseAimedJam,5.0,500,30,30,0,0,0,11.240926511687572,0.2709280376613486,-8.685885305199627e-06,0.9123068423855412,0.0,3.1923042338651917,564496.0
A_k5_c0.12_r0.001,A,negative_control,FMNoiseSaopin,0.0,1250,30,30,0,0,0,7.45834209185359,1.0753400388979457,-8.685885308092608e-06,0.9661710865306301,1.0,3.163536028781285,564496.0
A_k5_c0.12_r0.001,A,negative_control,FMNoiseSaopin,0.0,2500,30,30,0,0,0,7.85315294808068,1.1348343648820929,-8.685885305199627e-06,0.9596924984112012,1.0,3.156009673451384,564496.0
A_k5_c0.12_r0.001,A,negative_control,FMNoiseSaopin,0.0,3750,30,30,0,0,0,7.592473440826487,1.2133593103799005,-8.685885305199627e-06,0.9596924984112026,1.0,3.109230632738521,564496.0
A_k5_c0.12_r0.001,A,negative_control,FMNoiseSaopin,0.0,4500,30,30,0,0,0,7.45628411773995,1.267994458642913,-8.685885304235298e-06,0.9598916571177576,1.0,3.1621374907748154,564496.0
A_k5_c0.12_r0.001,A,negative_control,FMNoiseSaopin,0.0,500,30,30,0,0,0,2.6206189447197263,0.05093340065011352,-8.685885305199627e-06,0.9766022880074051,0.0,3.2142084014291563,564496.0
A_k5_c0.12_r0.001,A,negative_control,FMNoiseSaopin,10.0,1250,30,30,0,0,0,14.170956456862308,2.332165004202138,-8.685885308092608e-06,0.9150835963700408,1.0,3.075036045629531,564496.0
A_k5_c0.12_r0.001,A,negative_control,FMNoiseSaopin,10.0,2500,30,30,0,0,0,15.12848318395617,2.2670489570277055,-8.685885305199627e-06,0.8861230634513819,1.0,3.0613776723233364,564496.0
A_k5_c0.12_r0.001,A,negative_control,FMNoiseSaopin,10.0,3750,30,30,0,0,0,15.010611742067432,2.3312075455850905,-8.685885305199627e-06,0.8861230634513835,1.0,3.0206679405334094,564496.0
A_k5_c0.12_r0.001,A,negative_control,FMNoiseSaopin,10.0,4500,30,30,0,0,0,14.97501209978318,2.3737914205163606,-8.685885304235298e-06,0.8861230634513857,1.0,3.073187634193649,564496.0
A_k5_c0.12_r0.001,A,negative_control,FMNoiseSaopin,10.0,500,30,30,0,0,0,2.6547894517030017,0.04856845674943387,-8.685885305199627e-06,0.9762234122040444,0.0,3.146204105966414,564496.0
A_k5_c0.12_r0.001,A,negative_control,FMNoiseSaopin,20.0,1250,30,30,0,0,0,22.321671433034066,3.398677370690035,-8.685885308092608e-06,0.7474903121154876,1.0,3.115632062933097,564496.0
A_k5_c0.12_r0.001,A,negative_control,FMNoiseSaopin,20.0,2500,30,30,0,0,0,12.55163760044814,22.42237248367587,-8.685885305199627e-06,0.6466107756919045,45.766666666666666,3.1026346317958087,564496.0
A_k5_c0.12_r0.001,A,negative_control,FMNoiseSaopin,20.0,3750,30,30,0,0,0,12.68893793269795,22.104123686835266,-8.685885305199627e-06,0.6466107756919051,45.766666666666666,3.047941632879277,564496.0
A_k5_c0.12_r0.001,A,negative_control,FMNoiseSaopin,20.0,4500,30,30,0,0,0,12.736040725527454,22.062941734816857,-8.685885304235298e-06,0.6466107756919058,45.766666666666666,3.0925041588488966,564496.0
A_k5_c0.12_r0.001,A,negative_control,FMNoiseSaopin,20.0,500,30,30,0,0,0,2.9497692789500265,0.12957655023046044,-8.685885305199627e-06,0.9740941309842824,0.0,3.1513585592620075,564496.0
A_k5_c0.12_r0.001,A,negative_control,FMNoiseSaopin,30.0,1250,30,30,0,0,0,-1.0176549730914666,8.670539203899047,-8.685885308092608e-06,0.6739578084635893,326.1333333333333,3.157399899403875,564496.0
A_k5_c0.12_r0.001,A,negative_control,FMNoiseSaopin,30.0,2500,30,30,0,0,0,-146.72205570096318,55.680260890523876,-8.685885305199627e-06,0.5582984218848075,791.8666666666667,3.1278666652118168,564496.0
A_k5_c0.12_r0.001,A,negative_control,FMNoiseSaopin,30.0,3750,30,30,0,0,0,-146.66606710702985,55.65968696872844,-8.685885305199627e-06,0.5582984218848076,791.8666666666667,3.077208367176354,564496.0
A_k5_c0.12_r0.001,A,negative_control,FMNoiseSaopin,30.0,4500,30,30,0,0,0,-146.67247897184672,55.666259194567175,-8.685885304235298e-06,0.558298421884808,791.8666666666667,3.1232153705786914,564496.0
A_k5_c0.12_r0.001,A,negative_control,FMNoiseSaopin,30.0,500,30,30,0,0,0,4.714239605081497,0.7243794070337479,-8.685885305199627e-06,0.9607029000558452,0.0,3.160779168441271,564496.0
A_k5_c0.12_r0.001,A,negative_control,FMNoiseSaopin,5.0,1250,30,30,0,0,0,10.564431688215624,1.6887279126799761,-8.685885308092608e-06,0.9483462705085963,1.0,3.112325029602895,564496.0
A_k5_c0.12_r0.001,A,negative_control,FMNoiseSaopin,5.0,2500,30,30,0,0,0,11.232719525152422,1.722811262591599,-8.685885305199627e-06,0.9340587041294363,1.0,3.106993054583048,564496.0
A_k5_c0.12_r0.001,A,negative_control,FMNoiseSaopin,5.0,3750,30,30,0,0,0,11.05470914595282,1.802762115967053,-8.685885305199627e-06,0.9340587041294377,1.0,3.0866750283166766,564496.0
A_k5_c0.12_r0.001,A,negative_control,FMNoiseSaopin,5.0,4500,30,30,0,0,0,10.976639827160424,1.8573716697062073,-8.685885304235298e-06,0.9341041318248425,1.0,3.0975277710240334,564496.0
A_k5_c0.12_r0.001,A,negative_control,FMNoiseSaopin,5.0,500,30,30,0,0,0,2.629249853504005,0.049606486220789045,-8.685885305199627e-06,0.9764927940259568,0.0,3.180305636487901,564496.0
A_k5_c0.12_r0.001,A,negative_control,NoJammer,0.0,1250,30,30,0,0,0,4.630213180057521,0.06760654415899318,-8.685885308092608e-06,0.978902724727505,0.0,3.1621569922814765,564496.0
A_k5_c0.12_r0.001,A,negative_control,NoJammer,0.0,2500,30,30,0,0,0,4.155875054607064,0.07136000226643253,-8.685885305199627e-06,0.9788467153133631,0.0,3.1557500284786024,564496.0
A_k5_c0.12_r0.001,A,negative_control,NoJammer,0.0,3750,30,30,0,0,0,3.213955323803776,0.0853594018708795,-8.685885305199627e-06,0.9792500452839893,0.0,3.103183264223238,564496.0
A_k5_c0.12_r0.001,A,negative_control,NoJammer,0.0,4500,30,30,0,0,0,2.533980048824374,0.0898132114825119,-8.685885304235298e-06,0.9801210752952818,0.0,3.1257945054676384,564496.0
A_k5_c0.12_r0.001,A,negative_control,NoJammer,0.0,500,30,30,0,0,0,4.192044702720218,0.07264840056099502,-8.685885305199627e-06,0.9797873132681547,0.0,3.1950638629496098,564496.0
A_k5_c0.12_r0.001,A,negative_control,NoJammer,10.0,1250,30,30,0,0,0,4.630213180057521,0.06760654415899318,-8.685885308092608e-06,0.978902724727505,0.0,3.246013963750253,564496.0
A_k5_c0.12_r0.001,A,negative_control,NoJammer,10.0,2500,30,30,0,0,0,4.155875054607064,0.07136000226643253,-8.685885305199627e-06,0.9788467153133631,0.0,3.247597237350419,564496.0
A_k5_c0.12_r0.001,A,negative_control,NoJammer,10.0,3750,30,30,0,0,0,3.213955323803776,0.0853594018708795,-8.685885305199627e-06,0.9792500452839893,0.0,3.216423596798753,564496.0
A_k5_c0.12_r0.001,A,negative_control,NoJammer,10.0,4500,30,30,0,0,0,2.533980048824374,0.0898132114825119,-8.685885304235298e-06,0.9801210752952818,0.0,3.1979806003315994,564496.0
A_k5_c0.12_r0.001,A,negative_control,NoJammer,10.0,500,30,30,0,0,0,4.192044702720218,0.07264840056099502,-8.685885305199627e-06,0.9797873132681547,0.0,3.2714221665325263,564496.0
A_k5_c0.12_r0.001,A,negative_control,NoJammer,20.0,1250,30,30,0,0,0,4.630213180057521,0.06760654415899318,-8.685885308092608e-06,0.978902724727505,0.0,3.2071444380562752,564496.0
A_k5_c0.12_r0.001,A,negative_control,NoJammer,20.0,2500,30,30,0,0,0,4.155875054607064,0.07136000226643253,-8.685885305199627e-06,0.9788467153133631,0.0,3.188511135522276,564496.0
A_k5_c0.12_r0.001,A,negative_control,NoJammer,20.0,3750,30,30,0,0,0,3.213955323803776,0.0853594018708795,-8.685885305199627e-06,0.9792500452839893,0.0,3.1620027710838863,564496.0
A_k5_c0.12_r0.001,A,negative_control,NoJammer,20.0,4500,30,30,0,0,0,2.533980048824374,0.0898132114825119,-8.685885304235298e-06,0.9801210752952818,0.0,3.184692998183891,564496.0
A_k5_c0.12_r0.001,A,negative_control,NoJammer,20.0,500,30,30,0,0,0,4.192044702720218,0.07264840056099502,-8.685885305199627e-06,0.9797873132681547,0.0,3.211911094452565,564496.0
A_k5_c0.12_r0.001,A,negative_control,NoJammer,30.0,1250,30,30,0,0,0,4.630213180057521,0.06760654415899318,-8.685885308092608e-06,0.978902724727505,0.0,3.1944277638103813,564496.0
A_k5_c0.12_r0.001,A,negative_control,NoJammer,30.0,2500,30,30,0,0,0,4.155875054607064,0.07136000226643253,-8.685885305199627e-06,0.9788467153133631,0.0,3.1435972719918936,564496.0
A_k5_c0.12_r0.001,A,negative_control,NoJammer,30.0,3750,30,30,0,0,0,3.213955323803776,0.0853594018708795,-8.685885305199627e-06,0.9792500452839893,0.0,3.1303554656915367,564496.0
A_k5_c0.12_r0.001,A,negative_control,NoJammer,30.0,4500,30,30,0,0,0,2.533980048824374,0.0898132114825119,-8.685885304235298e-06,0.9801210752952818,0.0,3.1258388325416795,564496.0
A_k5_c0.12_r0.001,A,negative_control,NoJammer,30.0,500,30,30,0,0,0,4.192044702720218,0.07264840056099502,-8.685885305199627e-06,0.9797873132681547,0.0,3.235843104387944,564496.0
A_k5_c0.12_r0.001,A,negative_control,NoJammer,5.0,1250,30,30,0,0,0,4.630213180057521,0.06760654415899318,-8.685885308092608e-06,0.978902724727505,0.0,3.175068134441972,564496.0
A_k5_c0.12_r0.001,A,negative_control,NoJammer,5.0,2500,30,30,0,0,0,4.155875054607064,0.07136000226643253,-8.685885305199627e-06,0.9788467153133631,0.0,3.126015263842419,564496.0
A_k5_c0.12_r0.001,A,negative_control,NoJammer,5.0,3750,30,30,0,0,0,3.213955323803776,0.0853594018708795,-8.685885305199627e-06,0.9792500452839893,0.0,3.1049639626871794,564496.0
A_k5_c0.12_r0.001,A,negative_control,NoJammer,5.0,4500,30,30,0,0,0,2.533980048824374,0.0898132114825119,-8.685885304235298e-06,0.9801210752952818,0.0,3.132002759957686,564496.0
A_k5_c0.12_r0.001,A,negative_control,NoJammer,5.0,500,30,30,0,0,0,4.192044702720218,0.07264840056099502,-8.685885305199627e-06,0.9797873132681547,0.0,3.207980567822233,564496.0
A_k5_c0.12_r0.001,A,negative_control,SMSP,0.0,1250,30,30,0,0,0,13.734913565250691,0.02737880449014203,-8.685885308092608e-06,0.9051927149828238,1.0,3.157977864611894,564496.0
A_k5_c0.12_r0.001,A,negative_control,SMSP,0.0,2500,30,30,0,0,0,13.704531146657871,0.027858187126077277,-8.685885305199627e-06,0.9051927149828247,1.0,3.1238500319886953,564496.0
A_k5_c0.12_r0.001,A,negative_control,SMSP,0.0,3750,30,30,0,0,0,13.651758966841701,0.02773622445490437,-8.685885305199627e-06,0.9051927149828263,1.0,3.09094443024757,564496.0
A_k5_c0.12_r0.001,A,negative_control,SMSP,0.0,4500,30,30,0,0,0,13.659951439892172,0.027437633412210834,-8.685885304235298e-06,0.9051927149828285,1.0,3.107509796973318,564496.0
A_k5_c0.12_r0.001,A,negative_control,SMSP,0.0,500,30,30,0,0,0,10.123270692104377,0.03150301317041374,-8.685885305199627e-06,0.9280037494929924,0.0,3.1860542580640563,564496.0
A_k5_c0.12_r0.001,A,negative_control,SMSP,10.0,1250,30,30,0,0,0,23.91513292261935,0.024418505823113744,-8.685885308092608e-06,0.6815033018873223,2.1,3.0592569014212736,564496.0
A_k5_c0.12_r0.001,A,negative_control,SMSP,10.0,2500,30,30,0,0,0,23.91232374311602,0.024503325376194048,-8.685885305199627e-06,0.6815033018873226,2.1,3.0487444232373186,564496.0
A_k5_c0.12_r0.001,A,negative_control,SMSP,10.0,3750,30,30,0,0,0,23.906604464486772,0.024524464919817315,-8.685885305199627e-06,0.6815033018873233,2.1,3.0199026708335928,564496.0
A_k5_c0.12_r0.001,A,negative_control,SMSP,10.0,4500,30,30,0,0,0,23.94527837581835,0.024511537843077708,-8.685885304235298e-06,0.6815033018873247,2.1,3.0354097369126976,564496.0
A_k5_c0.12_r0.001,A,negative_control,SMSP,10.0,500,30,30,0,0,0,19.856529456755425,0.020284073784976216,-8.685885305199627e-06,0.756516402345,0.0,3.1132362317293882,564496.0
A_k5_c0.12_r0.001,A,negative_control,SMSP,20.0,1250,30,30,0,0,0,-36.345804674532864,0.02276823685658611,-8.685885308092608e-06,0.6194241721800006,519.0,3.153968028103312,564496.0
A_k5_c0.12_r0.001,A,negative_control,SMSP,20.0,2500,30,30,0,0,0,-36.346421924236424,0.02278261214829156,-8.685885305199627e-06,0.6194241721800007,519.0,3.132506995461881,564496.0
A_k5_c0.12_r0.001,A,negative_control,SMSP,20.0,3750,30,30,0,0,0,-36.346999372691066,0.02278265156057196,-8.685885305199627e-06,0.6194241721800009,519.0,3.0832305705795684,564496.0
A_k5_c0.12_r0.001,A,negative_control,SMSP,20.0,4500,30,30,0,0,0,-36.347352088356175,0.02277682628485583,-8.685885304235298e-06,0.6194241721800012,519.0,3.1012555332078287,564496.0
A_k5_c0.12_r0.001,A,negative_control,SMSP,20.0,500,30,30,0,0,0,-13.62407742571468,0.02233382067644381,-8.685885305199627e-06,0.6690430124100222,96.0,3.1919666565954685,564496.0
A_k5_c0.12_r0.001,A,negative_control,SMSP,30.0,1250,30,30,0,0,0,-35.66900237562668,0.007713553115012986,-8.685885308092608e-06,0.6194257666043185,519.0,3.1718859972897917,564496.0
A_k5_c0.12_r0.001,A,negative_control,SMSP,30.0,2500,30,30,0,0,0,-35.66931550079489,0.007714117398066083,-8.685885305199627e-06,0.6194257666043185,519.0,3.117863899872949,564496.0
A_k5_c0.12_r0.001,A,negative_control,SMSP,30.0,3750,30,30,0,0,0,-35.66937332324084,0.007714129027378152,-8.685885305199627e-06,0.6194257666043186,519.0,3.0963861383497715,564496.0
A_k5_c0.12_r0.001,A,negative_control,SMSP,30.0,4500,30,30,0,0,0,-35.66895189168213,0.007651522421165951,-8.685885304235298e-06,0.6194257666043187,519.0,3.1285138335078955,564496.0
A_k5_c0.12_r0.001,A,negative_control,SMSP,30.0,500,30,30,0,0,0,-13.2043874637234,0.007787291074299189,-8.685885305199627e-06,0.6701928791819471,96.0,3.2021123702482632,564496.0
A_k5_c0.12_r0.001,A,negative_control,SMSP,5.0,1250,30,30,0,0,0,18.686556818445307,0.024340806208818056,-8.685885308092608e-06,0.8276420289775347,2.0,3.1404250010382384,564496.0
A_k5_c0.12_r0.001,A,negative_control,SMSP,5.0,2500,30,30,0,0,0,18.676677468377754,0.024543952132672475,-8.685885305199627e-06,0.8276420289775354,2.0,3.1450763635803014,564496.0
A_k5_c0.12_r0.001,A,negative_control,SMSP,5.0,3750,30,30,0,0,0,18.6589597630198,0.024551627797145304,-8.685885305199627e-06,0.8276420289775366,2.0,3.10660830194441,564496.0
A_k5_c0.12_r0.001,A,negative_control,SMSP,5.0,4500,30,30,0,0,0,18.689946611274127,0.024498312670399706,-8.685885304235298e-06,0.8276420289775389,2.0,3.0927666986826807,564496.0
A_k5_c0.12_r0.001,A,negative_control,SMSP,5.0,500,30,30,0,0,0,14.7408229413443,0.022062155729603187,-8.685885305199627e-06,0.8722322438488697,0.0,3.172259901960691,564496.0
A_k5_c0.12_r0.001,A,target_jammer,NoiseConvolutionJamming,0.0,1250,30,30,0,0,0,13.389157353809594,0.2014760100681161,-8.685885308092608e-06,0.8957663290911193,0.9666666666666667,3.0535277289648852,564496.0
A_k5_c0.12_r0.001,A,target_jammer,NoiseConvolutionJamming,0.0,2500,30,30,0,0,0,13.358547979242047,0.20159458098107488,-8.685885305199627e-06,0.8957663290911196,0.9666666666666667,3.015158230361218,564496.0
A_k5_c0.12_r0.001,A,target_jammer,NoiseConvolutionJamming,0.0,3750,30,30,0,0,0,13.305454485087807,0.20215694325019523,-8.685885305199627e-06,0.8957663290911213,0.9666666666666667,3.0050680060715727,564496.0
A_k5_c0.12_r0.001,A,target_jammer,NoiseConvolutionJamming,0.0,4500,30,30,0,0,0,13.313988268549169,0.20217670585644737,-8.685885304235298e-06,0.895826475434457,0.9666666666666667,3.0115181386160352,564496.0
A_k5_c0.12_r0.001,A,target_jammer,NoiseConvolutionJamming,0.0,500,30,30,0,0,0,10.42711225874571,0.2098577221036819,-8.685885305199627e-06,0.9223106902831709,0.0,3.0927596594362208,564496.0
A_k5_c0.12_r0.001,A,target_jammer,NoiseConvolutionJamming,10.0,1250,30,30,0,0,0,22.572924070667533,0.5702068080298227,-8.685885308092608e-06,0.6860396515556099,1.4333333333333333,3.13694310025312,564496.0
A_k5_c0.12_r0.001,A,target_jammer,NoiseConvolutionJamming,10.0,2500,30,30,0,0,0,22.571663656202094,0.5702074786779912,-8.685885305199627e-06,0.68603965155561,1.4333333333333333,3.1239473862418285,564496.0
A_k5_c0.12_r0.001,A,target_jammer,NoiseConvolutionJamming,10.0,3750,30,30,0,0,0,22.56593324470683,0.570250202966367,-8.685885305199627e-06,0.6860396515556105,1.4333333333333333,3.0795223448270312,564496.0
A_k5_c0.12_r0.001,A,target_jammer,NoiseConvolutionJamming,10.0,4500,30,30,0,0,0,22.60414185853647,0.5702732317183627,-8.685885304235298e-06,0.6828991742224451,1.2,3.0849444738123566,564496.0
A_k5_c0.12_r0.001,A,target_jammer,NoiseConvolutionJamming,10.0,500,30,30,0,0,0,19.2806238438316,0.5239531728824321,-8.685885305199627e-06,0.7810762418399124,0.23333333333333334,3.184559795772657,564496.0
A_k5_c0.12_r0.001,A,target_jammer,NoiseConvolutionJamming,20.0,1250,30,30,0,0,0,-14.614063671115389,6.659969236394645,-8.685885308092608e-06,0.5627561900655658,250.63333333333333,3.1462057027965784,564496.0
A_k5_c0.12_r0.001,A,target_jammer,NoiseConvolutionJamming,20.0,2500,30,30,0,0,0,-14.61236652065939,6.660093623006335,-8.685885305199627e-06,0.5627561900655658,250.63333333333333,3.0983098957221955,564496.0
A_k5_c0.12_r0.001,A,target_jammer,NoiseConvolutionJamming,20.0,3750,30,30,0,0,0,-14.612944749981466,6.6600918375264735,-8.685885305199627e-06,0.5627561900655659,250.63333333333333,3.075776437375074,564496.0
A_k5_c0.12_r0.001,A,target_jammer,NoiseConvolutionJamming,20.0,4500,30,30,0,0,0,-14.608475553602238,7.968803411911049,-8.685885304235298e-06,0.5381956005685619,263.8666666666667,3.0880902661010623,564496.0
A_k5_c0.12_r0.001,A,target_jammer,NoiseConvolutionJamming,20.0,500,30,30,0,0,0,0.6067737227880389,6.989909029084882,-8.685885305199627e-06,0.611478333936687,68.43333333333334,3.1772792378130057,564496.0
A_k5_c0.12_r0.001,A,target_jammer,NoiseConvolutionJamming,30.0,1250,30,30,0,0,0,-14.37140154761198,5.8589527183615235,-8.685885308092608e-06,0.5593326247082164,253.1,3.103638933195422,564496.0
A_k5_c0.12_r0.001,A,target_jammer,NoiseConvolutionJamming,30.0,2500,30,30,0,0,0,-14.369391293700271,5.8590703527992,-8.685885305199627e-06,0.5593326247082164,253.1,3.1005791310841837,564496.0
A_k5_c0.12_r0.001,A,target_jammer,NoiseConvolutionJamming,30.0,3750,30,30,0,0,0,-14.369449188453217,5.859070217351638,-8.685885305199627e-06,0.5593326247082164,253.1,3.0227305716834962,564496.0
A_k5_c0.12_r0.001,A,target_jammer,NoiseConvolutionJamming,30.0,4500,30,30,0,0,0,-17.188423616641966,6.343479911960916,-8.685885304235298e-06,0.5399142431636835,280.93333333333334,3.1783263431861997,564496.0
A_k5_c0.12_r0.001,A,target_jammer,NoiseConvolutionJamming,30.0,500,30,30,0,0,0,-4.264142262387968,5.781859031266566,-8.685885305199627e-06,0.5962866328536752,80.76666666666667,3.144812403479591,564496.0
A_k5_c0.12_r0.001,A,target_jammer,NoiseConvolutionJamming,5.0,1250,30,30,0,0,0,18.013468588811033,0.3386243794295314,-8.685885308092608e-06,0.8180361340939697,0.9666666666666667,3.121462466272836,564496.0
A_k5_c0.12_r0.001,A,target_jammer,NoiseConvolutionJamming,5.0,2500,30,30,0,0,0,18.00471246638598,0.338633645914172,-8.685885305199627e-06,0.81803613409397,0.9666666666666667,3.0996791746777794,564496.0
A_k5_c0.12_r0.001,A,target_jammer,NoiseConvolutionJamming,5.0,3750,30,30,0,0,0,17.986940048142838,0.3387728098089171,-8.685885305199627e-06,0.8180361340939711,0.9666666666666667,3.077443066285923,564496.0
A_k5_c0.12_r0.001,A,target_jammer,NoiseConvolutionJamming,5.0,4500,30,30,0,0,0,18.01790104463304,0.33869786355639425,-8.685885304235298e-06,0.818019236273344,0.9333333333333333,3.103612437068174,564496.0
A_k5_c0.12_r0.001,A,target_jammer,NoiseConvolutionJamming,5.0,500,30,30,0,0,0,14.798129284348203,0.3215253094318019,-8.685885305199627e-06,0.8713116393664233,0.03333333333333333,3.1624915291710445,564496.0
A_k5_c0.12_r0.001,A,target_jammer,NoiseProductJamming,0.0,1250,30,30,0,0,0,12.391110000320046,0.22317148405914078,-8.685885308092608e-06,0.8979513056385995,1.0666666666666667,3.0062430693457523,564483.7333333333
A_k5_c0.12_r0.001,A,target_jammer,NoiseProductJamming,0.0,2500,30,30,0,0,0,12.347799085680476,0.22402768155192676,-8.685885305199627e-06,0.8979513056386,1.0666666666666667,2.9905291992084435,564482.2
A_k5_c0.12_r0.001,A,target_jammer,NoiseProductJamming,0.0,3750,30,30,0,0,0,12.277499415783348,0.22488975754038643,-8.685885305199627e-06,0.8979513056386015,1.0666666666666667,2.9803027398884296,564485.2666666667
A_k5_c0.12_r0.001,A,target_jammer,NoiseProductJamming,0.0,4500,30,30,0,0,0,12.274838411034244,0.2255421806546924,-8.685885304235298e-06,0.8979614048294849,1.0666666666666667,2.998709634024029,564469.9333333333
A_k5_c0.12_r0.001,A,target_jammer,NoiseProductJamming,0.0,500,30,30,0,0,0,12.204999120939023,0.22262868714752318,-8.685885305199627e-06,0.9180414852775548,0.0,3.0543833311336734,564466.8666666667
A_k5_c0.12_r0.001,A,target_jammer,NoiseProductJamming,10.0,1250,30,30,0,0,0,21.93133748379085,0.5645676398736893,-8.685885308092608e-06,0.6720410363563439,1.7333333333333334,3.134659865948682,564496.0
A_k5_c0.12_r0.001,A,target_jammer,NoiseProductJamming,10.0,2500,30,30,0,0,0,21.926541629179773,0.5646136198640315,-8.685885305199627e-06,0.672041036356344,1.7333333333333334,3.122461030337339,564496.0
A_k5_c0.12_r0.001,A,target_jammer,NoiseProductJamming,10.0,3750,30,30,0,0,0,21.918815544269457,0.5646880657997442,-8.685885305199627e-06,0.6720410363563448,1.7333333333333334,3.0704833082078644,564496.0
A_k5_c0.12_r0.001,A,target_jammer,NoiseProductJamming,10.0,4500,30,30,0,0,0,21.955792603693464,0.5646513206662425,-8.685885304235298e-06,0.6704130288330391,1.6,3.101254142044733,564496.0
A_k5_c0.12_r0.001,A,target_jammer,NoiseProductJamming,10.0,500,30,30,0,0,0,21.80087308535008,0.5669020502924893,-8.685885305199627e-06,0.7303645576021263,0.13333333333333333,3.18213466865321,564496.0
A_k5_c0.12_r0.001,A,target_jammer,NoiseProductJamming,20.0,1250,30,30,0,0,0,-15.779161441087712,4.619389592918108,-8.685885308092608e-06,0.5783404318325125,203.03333333333333,3.1823292297000685,564483.7333333333
A_k5_c0.12_r0.001,A,target_jammer,NoiseProductJamming,20.0,2500,30,30,0,0,0,-15.779751548686212,4.619412536397027,-8.685885305199627e-06,0.5783404318325126,203.03333333333333,3.1672208317710706,564483.7333333333
A_k5_c0.12_r0.001,A,target_jammer,NoiseProductJamming,20.0,3750,30,30,0,0,0,-15.780531690654003,4.619414849867782,-8.685885305199627e-06,0.5783404318325128,203.03333333333333,3.101563963961477,564483.7333333333
A_k5_c0.12_r0.001,A,target_jammer,NoiseProductJamming,20.0,4500,30,30,0,0,0,-16.211682249966948,4.56896390008564,-8.685885304235298e-06,0.5870510571607703,207.06666666666666,3.126136133990561,564483.7333333333
A_k5_c0.12_r0.001,A,target_jammer,NoiseProductJamming,20.0,500,30,30,0,0,0,-0.6538332395210279,5.998456014457477,-8.685885305199627e-06,0.5763860970503709,62.733333333333334,3.17279706747892,564483.7333333333
A_k5_c0.12_r0.001,A,target_jammer,NoiseProductJamming,30.0,1250,30,30,0,0,0,-15.522119698630895,3.8683799233029648,-8.685885308092608e-06,0.5753152754588249,205.96666666666667,3.1312180256160596,564483.7333333333
A_k5_c0.12_r0.001,A,target_jammer,NoiseProductJamming,30.0,2500,30,30,0,0,0,-15.522277699759252,3.868412992445908,-8.685885305199627e-06,0.575315275458825,205.96666666666667,3.1236958670585104,564483.7333333333
A_k5_c0.12_r0.001,A,target_jammer,NoiseProductJamming,30.0,3750,30,30,0,0,0,-15.522355783763722,3.8684132368173527,-8.685885305199627e-06,0.575315275458825,205.96666666666667,3.077555568112681,564483.7333333333
A_k5_c0.12_r0.001,A,target_jammer,NoiseProductJamming,30.0,4500,30,30,0,0,0,-16.228283942042417,3.8224426431656093,-8.685885304235298e-06,0.5819716268808182,214.76666666666668,3.1142611735655614,564483.7333333333
A_k5_c0.12_r0.001,A,target_jammer,NoiseProductJamming,30.0,500,30,30,0,0,0,-2.139975626201091,5.436707185390148,-8.685885305199627e-06,0.5755074407095507,71.16666666666667,3.306958300527185,564483.7333333333
A_k5_c0.12_r0.001,A,target_jammer,NoiseProductJamming,5.0,1250,30,30,0,0,0,17.124753549773235,0.3673158998196949,-8.685885308092608e-06,0.8164382243637848,1.2,3.1604945038755736,564489.8666666667
A_k5_c0.12_r0.001,A,target_jammer,NoiseProductJamming,5.0,2500,30,30,0,0,0,17.109939181791614,0.36752231241752026,-8.685885305199627e-06,0.816438224363785,1.2,3.1104375006786236,564485.2666666667
A_k5_c0.12_r0.001,A,target_jammer,NoiseProductJamming,5.0,3750,30,30,0,0,0,17.086071812193072,0.3677605252859408,-8.685885305199627e-06,0.8164382243637863,1.2,3.0799083372888467,564489.8666666667
A_k5_c0.12_r0.001,A,target_jammer,NoiseProductJamming,5.0,4500,30,30,0,0,0,17.11327729553509,0.36794212511425495,-8.685885304235298e-06,0.816481500575812,1.2,3.118298730502526,564485.2666666667
A_k5_c0.12_r0.001,A,target_jammer,NoiseProductJamming,5.0,500,30,30,0,0,0,16.953604224779305,0.3659694144799382,-8.685885305199627e-06,0.8576292195809941,0.0,3.204445769855132,564485.2666666667
A_k5_c0.12_r0.01,A,negative_control,AMNoiseGaiJam,0.0,1250,30,30,0,0,0,8.34516170151558,0.09614220302524848,-8.685846209919741e-05,0.9511794986607411,1.0,3.195859701372683,564494.4666666667
A_k5_c0.12_r0.01,A,negative_control,AMNoiseGaiJam,0.0,2500,30,30,0,0,0,8.286278077346644,0.09826467722207806,-8.685846209726876e-05,0.9511794986607419,1.0,3.1553624935137727,564492.9333333333
A_k5_c0.12_r0.01,A,negative_control,AMNoiseGaiJam,0.0,3750,30,30,0,0,0,8.124875237525101,0.09997459484170965,-8.685846209919741e-05,0.9511794986607435,1.0,3.1291222335615507,564492.9333333333
A_k5_c0.12_r0.01,A,negative_control,AMNoiseGaiJam,0.0,4500,30,30,0,0,0,8.062337474826307,0.10121826897825209,-8.685846209726876e-05,0.9513865235883859,1.0,3.160759740664313,564494.4666666667
A_k5_c0.12_r0.01,A,negative_control,AMNoiseGaiJam,0.0,500,30,30,0,0,0,6.218283750556675,0.08875712313273672,-8.685846209919741e-05,0.9539279108148381,0.0,3.2490374656238905,564492.9333333333
A_k5_c0.12_r0.01,A,negative_control,AMNoiseGaiJam,10.0,1250,30,30,0,0,0,16.51881778850044,0.14140607005921532,-8.685846209919741e-05,0.8682985659051241,0.8333333333333334,3.1535026365114995,564496.0
A_k5_c0.12_r0.01,A,negative_control,AMNoiseGaiJam,10.0,2500,30,30,0,0,0,16.543920670430825,0.14054920373358445,-8.685846209726876e-05,0.8682985659051243,0.8333333333333334,3.1481346076664827,564496.0
A_k5_c0.12_r0.01,A,negative_control,AMNoiseGaiJam,10.0,3750,30,30,0,0,0,16.52415463111507,0.14072951740183828,-8.685846209919741e-05,0.8682985659051259,0.8333333333333334,3.1077209297412387,564496.0
A_k5_c0.12_r0.01,A,negative_control,AMNoiseGaiJam,10.0,4500,30,30,0,0,0,16.55403650278118,0.14075696522079229,-8.685846209726876e-05,0.8682985659051279,0.8333333333333334,3.1104666297324,564496.0
A_k5_c0.12_r0.01,A,negative_control,AMNoiseGaiJam,10.0,500,30,30,0,0,0,13.46831156470453,0.17184643457377194,-8.685846209919741e-05,0.8987849747008293,0.0,3.1888194634423903,564496.0
A_k5_c0.12_r0.01,A,negative_control,AMNoiseGaiJam,20.0,1250,30,30,0,0,0,24.227691285626026,0.2474695594562749,-8.685846209919741e-05,0.6793817391074097,0.3333333333333333,3.0564486320751407,564496.0
A_k5_c0.12_r0.01,A,negative_control,AMNoiseGaiJam,20.0,2500,30,30,0,0,0,24.263126435171884,0.24679270845122278,-8.685846209726876e-05,0.6793817391074097,0.3333333333333333,3.0305568672095737,564496.0
A_k5_c0.12_r0.01,A,negative_control,AMNoiseGaiJam,20.0,3750,30,30,0,0,0,24.261119444448962,0.246795650058459,-8.685846209919741e-05,0.6793817391074105,0.3333333333333333,3.0236694224489233,564496.0
A_k5_c0.12_r0.01,A,negative_control,AMNoiseGaiJam,20.0,4500,30,30,0,0,0,24.302222237876382,0.24677699491539865,-8.685846209726876e-05,0.6793817391074113,0.3333333333333333,3.0455735337454826,564496.0
A_k5_c0.12_r0.01,A,negative_control,AMNoiseGaiJam,20.0,500,30,30,0,0,0,21.00508571101116,0.28442250808428654,-8.685846209919741e-05,0.7661815692471248,0.0,9.587830497184768,564496.0
A_k5_c0.12_r0.01,A,negative_control,AMNoiseGaiJam,30.0,1250,30,30,0,0,0,-19.658671334114548,8.52649250431013,-8.685846209919741e-05,0.5390924068490826,307.56666666666666,3.137120899433891,564496.0
A_k5_c0.12_r0.01,A,negative_control,AMNoiseGaiJam,30.0,2500,30,30,0,0,0,-19.622670919700404,8.52687551852075,-8.685846209726876e-05,0.5390924068490826,307.56666666666666,3.0953694445391498,564496.0
A_k5_c0.12_r0.01,A,negative_control,AMNoiseGaiJam,30.0,3750,30,30,0,0,0,-19.62287145194966,8.52687714467522,-8.685846209919741e-05,0.5390924068490826,307.56666666666666,3.0738445018262914,564496.0
A_k5_c0.12_r0.01,A,negative_control,AMNoiseGaiJam,30.0,4500,30,30,0,0,0,-19.615828833602567,8.53218622681053,-8.685846209726876e-05,0.5420042023284061,307.56666666666666,3.080613936375206,564496.0
A_k5_c0.12_r0.01,A,negative_control,AMNoiseGaiJam,30.0,500,30,30,0,0,0,16.71441325764549,5.950888377143852,-8.685846209919741e-05,0.5910439010835348,22.633333333333333,3.1562179928490273,564496.0
A_k5_c0.12_r0.01,A,negative_control,AMNoiseGaiJam,5.0,1250,30,30,0,0,0,12.27536620323926,0.11887069645296178,-8.685846209919741e-05,0.9201052739007107,1.0,3.129141597310081,564496.0
A_k5_c0.12_r0.01,A,negative_control,AMNoiseGaiJam,5.0,2500,30,30,0,0,0,12.276699548558136,0.11864314952489131,-8.685846209726876e-05,0.9201052739007111,1.0,3.1078486625726023,564496.0
A_k5_c0.12_r0.01,A,negative_control,AMNoiseGaiJam,5.0,3750,30,30,0,0,0,12.217168380529378,0.11931152898666314,-8.685846209919741e-05,0.9201052739007125,1.0,3.074391669360921,564496.0
A_k5_c0.12_r0.01,A,negative_control,AMNoiseGaiJam,5.0,4500,30,30,0,0,0,12.221610449390392,0.1196567067582189,-8.685846209726876e-05,0.9201052739007151,1.0,3.093848678205783,564496.0
A_k5_c0.12_r0.01,A,negative_control,AMNoiseGaiJam,5.0,500,30,30,0,0,0,9.526975113012488,0.1338140585501045,-8.685846209919741e-05,0.933322742040175,0.0,3.1619040741740414,564496.0
A_k5_c0.12_r0.01,A,negative_control,FMNoiseAimedJam,0.0,1250,30,30,0,0,0,10.251703608514894,0.1709537007951976,-8.685846209919741e-05,0.9248348389447804,1.0,3.1821790364726135,564496.0
A_k5_c0.12_r0.01,A,negative_control,FMNoiseAimedJam,0.0,2500,30,30,0,0,0,10.21902489406434,0.17269654294841005,-8.685846209726876e-05,0.9248348389447807,1.0,3.1461181002669036,564496.0
A_k5_c0.12_r0.01,A,negative_control,FMNoiseAimedJam,0.0,3750,30,30,0,0,0,10.108875600016813,0.17468754643699871,-8.685846209919741e-05,0.9248348389447826,1.0,3.125287363460908,564496.0
A_k5_c0.12_r0.01,A,negative_control,FMNoiseAimedJam,0.0,4500,30,30,0,0,0,10.081448473538519,0.17627016800049988,-8.685846209726876e-05,0.9248348389447852,1.0,3.1416001031175256,564496.0
A_k5_c0.12_r0.01,A,negative_control,FMNoiseAimedJam,0.0,500,30,30,0,0,0,7.372832106069964,0.18712015782563032,-8.685846209919741e-05,0.9448097620868068,0.0,3.2222389709204435,564496.0
A_k5_c0.12_r0.01,A,negative_control,FMNoiseAimedJam,10.0,1250,30,30,0,0,0,19.342106547945335,0.3912802816608071,-8.685846209919741e-05,0.7690736854127564,1.1666666666666667,3.103780401094506,564496.0
A_k5_c0.12_r0.01,A,negative_control,FMNoiseAimedJam,10.0,2500,30,30,0,0,0,19.36949170933045,0.39081431485837304,-8.685846209726876e-05,0.7690736854127568,1.1666666666666667,3.106938861310482,564496.0
A_k5_c0.12_r0.01,A,negative_control,FMNoiseAimedJam,10.0,3750,30,30,0,0,0,19.35669418697503,0.3909170183161533,-8.685846209919741e-05,0.7690736854127579,1.1666666666666667,3.05760006303899,564496.0
A_k5_c0.12_r0.01,A,negative_control,FMNoiseAimedJam,10.0,4500,30,30,0,0,0,19.391002600696762,0.3910140507427675,-8.685846209726876e-05,0.7689078991181449,1.1333333333333333,3.0741514929104596,564496.0
A_k5_c0.12_r0.01,A,negative_control,FMNoiseAimedJam,10.0,500,30,30,0,0,0,15.725898322961276,0.4184065114948266,-8.685846209919741e-05,0.851156333349184,0.03333333333333333,3.1600888663282,564496.0
A_k5_c0.12_r0.01,A,negative_control,FMNoiseAimedJam,20.0,1250,30,30,0,0,0,-18.56248833844431,9.216334554730503,-8.685846209919741e-05,0.5680308058534795,347.76666666666665,3.061751398490742,564496.0
A_k5_c0.12_r0.01,A,negative_control,FMNoiseAimedJam,20.0,2500,30,30,0,0,0,-18.52804461771634,9.214873271384487,-8.685846209726876e-05,0.5680308058534794,347.76666666666665,3.033706898956249,564496.0
A_k5_c0.12_r0.01,A,negative_control,FMNoiseAimedJam,20.0,3750,30,30,0,0,0,-18.5293448244634,9.214880940160072,-8.685846209919741e-05,0.5680308058534798,347.76666666666665,3.005204202296833,564496.0
A_k5_c0.12_r0.01,A,negative_control,FMNoiseAimedJam,20.0,4500,30,30,0,0,0,-18.52032978559309,9.220741386574213,-8.685846209726876e-05,0.5691413211239699,347.73333333333335,3.040326392510906,564496.0
A_k5_c0.12_r0.01,A,negative_control,FMNoiseAimedJam,20.0,500,30,30,0,0,0,11.203165410336311,6.91400932813803,-8.685846209919741e-05,0.6052473960324941,44.06666666666667,3.1032263049079725,564496.0
A_k5_c0.12_r0.01,A,negative_control,FMNoiseAimedJam,30.0,1250,30,30,0,0,0,-27.23051708524286,5.313861006718223,-8.685846209919741e-05,0.5691115166857464,434.6333333333333,3.16202636458911,564496.0
A_k5_c0.12_r0.01,A,negative_control,FMNoiseAimedJam,30.0,2500,30,30,0,0,0,-27.195320382771293,5.313553661235901,-8.685846209726876e-05,0.5691115166857464,434.6333333333333,3.137338993838057,564496.0
A_k5_c0.12_r0.01,A,negative_control,FMNoiseAimedJam,30.0,3750,30,30,0,0,0,-27.19545059358404,5.313554216964596,-8.685846209919741e-05,0.5691115166857464,434.6333333333333,3.0828222283162177,564496.0
A_k5_c0.12_r0.01,A,negative_control,FMNoiseAimedJam,30.0,4500,30,30,0,0,0,-27.193947450089915,5.315054652866274,-8.685846209726876e-05,0.5717753219834295,434.6333333333333,3.104348434135318,564496.0
A_k5_c0.12_r0.01,A,negative_control,FMNoiseAimedJam,30.0,500,30,30,0,0,0,-7.459074307977507,5.7283352795587,-8.685846209919741e-05,0.5747342566710272,119.3,3.2022958679590374,564496.0
A_k5_c0.12_r0.01,A,negative_control,FMNoiseAimedJam,5.0,1250,30,30,0,0,0,14.641999827346933,0.24534414716995373,-8.685846209919741e-05,0.8685487034888808,0.9333333333333333,3.1408720649778843,564496.0
A_k5_c0.12_r0.01,A,negative_control,FMNoiseAimedJam,5.0,2500,30,30,0,0,0,14.652856542184685,0.24537217897588895,-8.685846209726876e-05,0.8685487034888812,0.9333333333333333,3.1088014967584363,564496.0
A_k5_c0.12_r0.01,A,negative_control,FMNoiseAimedJam,5.0,3750,30,30,0,0,0,14.613891709566929,0.24585092204428388,-8.685846209919741e-05,0.8685487034888826,0.9333333333333333,3.0931735721727214,564496.0
A_k5_c0.12_r0.01,A,negative_control,FMNoiseAimedJam,5.0,4500,30,30,0,0,0,14.631866146877092,0.24629344620996854,-8.685846209726876e-05,0.8685487034888851,0.9333333333333333,3.1241125330173722,564496.0
A_k5_c0.12_r0.01,A,negative_control,FMNoiseAimedJam,5.0,500,30,30,0,0,0,11.240926511687572,0.27092803766134843,-8.685846209919741e-05,0.9123068423855412,0.0,3.186022137136509,564496.0
A_k5_c0.12_r0.01,A,negative_control,FMNoiseSaopin,0.0,1250,30,30,0,0,0,7.45834209185359,1.0753400388979457,-8.685846209919741e-05,0.9661710865306301,1.0,3.1657500367145985,564496.0
A_k5_c0.12_r0.01,A,negative_control,FMNoiseSaopin,0.0,2500,30,30,0,0,0,7.85315294808068,1.1348343648820927,-8.685846209726876e-05,0.9596924984112012,1.0,3.1605306721758097,564496.0
A_k5_c0.12_r0.01,A,negative_control,FMNoiseSaopin,0.0,3750,30,30,0,0,0,7.59247344082649,1.2133593103799007,-8.685846209919741e-05,0.9596924984112026,1.0,3.099058362810562,564496.0
A_k5_c0.12_r0.01,A,negative_control,FMNoiseSaopin,0.0,4500,30,30,0,0,0,7.45628411773995,1.2679944586429133,-8.685846209726876e-05,0.9598916571177576,1.0,3.161044304336732,564496.0
A_k5_c0.12_r0.01,A,negative_control,FMNoiseSaopin,0.0,500,30,30,0,0,0,2.620618944719726,0.0509334006501135,-8.685846209919741e-05,0.9766022880074051,0.0,3.19835830014199,564496.0
A_k5_c0.12_r0.01,A,negative_control,FMNoiseSaopin,10.0,1250,30,30,0,0,0,14.17095645686231,2.332165004202137,-8.685846209919741e-05,0.9150835963700408,1.0,3.06984320244131,564496.0
A_k5_c0.12_r0.01,A,negative_control,FMNoiseSaopin,10.0,2500,30,30,0,0,0,15.128483183956169,2.2670489570277055,-8.685846209726876e-05,0.8861230634513819,1.0,3.079554265908276,564496.0
A_k5_c0.12_r0.01,A,negative_control,FMNoiseSaopin,10.0,3750,30,30,0,0,0,15.010611742067432,2.3312075455850905,-8.685846209919741e-05,0.8861230634513835,1.0,3.0313861226507774,564496.0
A_k5_c0.12_r0.01,A,negative_control,FMNoiseSaopin,10.0,4500,30,30,0,0,0,14.97501209978318,2.37379142051636,-8.685846209726876e-05,0.8861230634513857,1.0,3.058004204649478,564496.0
A_k5_c0.12_r0.01,A,negative_control,FMNoiseSaopin,10.0,500,30,30,0,0,0,2.6547894517030013,0.048568456749433365,-8.685846209919741e-05,0.9762234122040444,0.0,3.111436136532575,564496.0
A_k5_c0.12_r0.01,A,negative_control,FMNoiseSaopin,20.0,1250,30,30,0,0,0,22.321671433034066,3.398677370690035,-8.685846209919741e-05,0.7474903121154876,1.0,3.1515180346711227,564496.0
A_k5_c0.12_r0.01,A,negative_control,FMNoiseSaopin,20.0,2500,30,30,0,0,0,12.675588532225333,22.18138937939128,-8.685846209726876e-05,0.6466107756919045,45.766666666666666,3.086418091940383,564496.0
A_k5_c0.12_r0.01,A,negative_control,FMNoiseSaopin,20.0,3750,30,30,0,0,0,12.658400407483075,22.163481228275508,-8.685846209919741e-05,0.6466107756919051,45.766666666666666,3.0550514677694687,564496.0
A_k5_c0.12_r0.01,A,negative_control,FMNoiseSaopin,20.0,4500,30,30,0,0,0,12.560023090926695,22.405083030576172,-8.685846209726876e-05,0.6466107756919058,45.766666666666666,3.0977666727267206,564496.0
A_k5_c0.12_r0.01,A,negative_control,FMNoiseSaopin,20.0,500,30,30,0,0,0,2.949769278950025,0.12957655023046036,-8.685846209919741e-05,0.9740941309842824,0.0,3.177505562780425,564496.0
A_k5_c0.12_r0.01,A,negative_control,FMNoiseSaopin,30.0,1250,30,30,0,0,0,-1.0176549730914755,8.67053920389905,-8.685846209919741e-05,0.6739578084635893,326.1333333333333,3.133991698268801,564496.0
A_k5_c0.12_r0.01,A,negative_control,FMNoiseSaopin,30.0,2500,30,30,0,0,0,-146.71602131091979,55.67890858168059,-8.685846209726876e-05,0.5582984218848075,791.8666666666667,3.112551292482143,564496.0
A_k5_c0.12_r0.01,A,negative_control,FMNoiseSaopin,30.0,3750,30,30,0,0,0,-146.6037136954638,55.63564595466767,-8.685846209919741e-05,0.5582984218848076,791.8666666666667,3.0759764020331204,564496.0
A_k5_c0.12_r0.01,A,negative_control,FMNoiseSaopin,30.0,4500,30,30,0,0,0,-146.7080348879705,55.681530617572285,-8.685846209726876e-05,0.558298421884808,791.8666666666667,3.1095459048325815,564496.0
A_k5_c0.12_r0.01,A,negative_control,FMNoiseSaopin,30.0,500,30,30,0,0,0,4.714239605081497,0.7243794070337484,-8.685846209919741e-05,0.9607029000558452,0.0,3.181607002625242,564496.0
A_k5_c0.12_r0.01,A,negative_control,FMNoiseSaopin,5.0,1250,30,30,0,0,0,10.564431688215626,1.6887279126799755,-8.685846209919741e-05,0.9483462705085963,1.0,3.1090513609039285,564496.0
A_k5_c0.12_r0.01,A,negative_control,FMNoiseSaopin,5.0,2500,30,30,0,0,0,11.232719525152422,1.7228112625915988,-8.685846209726876e-05,0.9340587041294363,1.0,3.1133486346031227,564496.0
A_k5_c0.12_r0.01,A,negative_control,FMNoiseSaopin,5.0,3750,30,30,0,0,0,11.05470914595282,1.8027621159670526,-8.685846209919741e-05,0.9340587041294377,1.0,3.0702347420932106,564496.0
A_k5_c0.12_r0.01,A,negative_control,FMNoiseSaopin,5.0,4500,30,30,0,0,0,10.976639827160424,1.8573716697062082,-8.685846209726876e-05,0.9341041318248425,1.0,3.1018291716463864,564496.0
A_k5_c0.12_r0.01,A,negative_control,FMNoiseSaopin,5.0,500,30,30,0,0,0,2.629249853504005,0.04960648622078881,-8.685846209919741e-05,0.9764927940259568,0.0,3.189281967934221,564496.0
A_k5_c0.12_r0.01,A,negative_control,NoJammer,0.0,1250,30,30,0,0,0,4.630213180057521,0.06760654415899318,-8.685846209919741e-05,0.978902724727505,0.0,3.165802836883813,564496.0
A_k5_c0.12_r0.01,A,negative_control,NoJammer,0.0,2500,30,30,0,0,0,4.155875054607064,0.07136000226643253,-8.685846209726876e-05,0.9788467153133631,0.0,3.1403958370598652,564496.0
A_k5_c0.12_r0.01,A,negative_control,NoJammer,0.0,3750,30,30,0,0,0,3.2139553238037775,0.08535940187087952,-8.685846209919741e-05,0.9792500452839893,0.0,3.1099348057371876,564496.0
A_k5_c0.12_r0.01,A,negative_control,NoJammer,0.0,4500,30,30,0,0,0,2.5339800488243736,0.08981321148251198,-8.685846209726876e-05,0.9801210752952818,0.0,3.129965301680689,564496.0
A_k5_c0.12_r0.01,A,negative_control,NoJammer,0.0,500,30,30,0,0,0,4.192044702720216,0.07264840056099496,-8.685846209919741e-05,0.9797873132681547,0.0,3.2151056007326893,564496.0
A_k5_c0.12_r0.01,A,negative_control,NoJammer,10.0,1250,30,30,0,0,0,4.630213180057521,0.06760654415899318,-8.685846209919741e-05,0.978902724727505,0.0,3.22828337084502,564496.0
A_k5_c0.12_r0.01,A,negative_control,NoJammer,10.0,2500,30,30,0,0,0,4.155875054607064,0.07136000226643253,-8.685846209726876e-05,0.9788467153133631,0.0,3.2395597314462066,564496.0
A_k5_c0.12_r0.01,A,negative_control,NoJammer,10.0,3750,30,30,0,0,0,3.2139553238037775,0.08535940187087952,-8.685846209919741e-05,0.9792500452839893,0.0,3.205356935116773,564496.0
A_k5_c0.12_r0.01,A,negative_control,NoJammer,10.0,4500,30,30,0,0,0,2.5339800488243736,0.08981321148251198,-8.685846209726876e-05,0.9801210752952818,0.0,3.207890262516836,564496.0
A_k5_c0.12_r0.01,A,negative_control,NoJammer,10.0,500,30,30,0,0,0,4.192044702720216,0.07264840056099496,-8.685846209919741e-05,0.9797873132681547,0.0,3.2729153657176844,564496.0
A_k5_c0.12_r0.01,A,negative_control,NoJammer,20.0,1250,30,30,0,0,0,4.630213180057521,0.06760654415899318,-8.685846209919741e-05,0.978902724727505,0.0,3.1892457976937294,564496.0
A_k5_c0.12_r0.01,A,negative_control,NoJammer,20.0,2500,30,30,0,0,0,4.155875054607064,0.07136000226643253,-8.685846209726876e-05,0.9788467153133631,0.0,3.1769084356104336,564496.0
A_k5_c0.12_r0.01,A,negative_control,NoJammer,20.0,3750,30,30,0,0,0,3.2139553238037775,0.08535940187087952,-8.685846209919741e-05,0.9792500452839893,0.0,3.169652761425823,564496.0
A_k5_c0.12_r0.01,A,negative_control,NoJammer,20.0,4500,30,30,0,0,0,2.5339800488243736,0.08981321148251198,-8.685846209726876e-05,0.9801210752952818,0.0,9.031859698006883,564496.0
A_k5_c0.12_r0.01,A,negative_control,NoJammer,20.0,500,30,30,0,0,0,4.192044702720216,0.07264840056099496,-8.685846209919741e-05,0.9797873132681547,0.0,3.204561057888592,564496.0
A_k5_c0.12_r0.01,A,negative_control,NoJammer,30.0,1250,30,30,0,0,0,4.630213180057521,0.06760654415899318,-8.685846209919741e-05,0.978902724727505,0.0,3.191158367553726,564496.0
A_k5_c0.12_r0.01,A,negative_control,NoJammer,30.0,2500,30,30,0,0,0,4.155875054607064,0.07136000226643253,-8.685846209726876e-05,0.9788467153133631,0.0,3.1482749288746468,564496.0
A_k5_c0.12_r0.01,A,negative_control,NoJammer,30.0,3750,30,30,0,0,0,3.2139553238037775,0.08535940187087952,-8.685846209919741e-05,0.9792500452839893,0.0,3.1305971710632243,564496.0
A_k5_c0.12_r0.01,A,negative_control,NoJammer,30.0,4500,30,30,0,0,0,2.5339800488243736,0.08981321148251198,-8.685846209726876e-05,0.9801210752952818,0.0,3.126308339415118,564496.0
A_k5_c0.12_r0.01,A,negative_control,NoJammer,30.0,500,30,30,0,0,0,4.192044702720216,0.07264840056099496,-8.685846209919741e-05,0.9797873132681547,0.0,3.2294833683408797,564496.0
A_k5_c0.12_r0.01,A,negative_control,NoJammer,5.0,1250,30,30,0,0,0,4.630213180057521,0.06760654415899318,-8.685846209919741e-05,0.978902724727505,0.0,3.174970834515989,564496.0
A_k5_c0.12_r0.01,A,negative_control,NoJammer,5.0,2500,30,30,0,0,0,4.155875054607064,0.07136000226643253,-8.685846209726876e-05,0.9788467153133631,0.0,3.140425169840455,564496.0
A_k5_c0.12_r0.01,A,negative_control,NoJammer,5.0,3750,30,30,0,0,0,3.2139553238037775,0.08535940187087952,-8.685846209919741e-05,0.9792500452839893,0.0,3.089190235671898,564496.0
A_k5_c0.12_r0.01,A,negative_control,NoJammer,5.0,4500,30,30,0,0,0,2.5339800488243736,0.08981321148251198,-8.685846209726876e-05,0.9801210752952818,0.0,3.112551503969977,564496.0
A_k5_c0.12_r0.01,A,negative_control,NoJammer,5.0,500,30,30,0,0,0,4.192044702720216,0.07264840056099496,-8.685846209919741e-05,0.9797873132681547,0.0,3.2046027675581477,564496.0
A_k5_c0.12_r0.01,A,negative_control,SMSP,0.0,1250,30,30,0,0,0,13.734913565250691,0.02737880449014203,-8.685846209919741e-05,0.9051927149828238,1.0,3.1748930302759013,564496.0
A_k5_c0.12_r0.01,A,negative_control,SMSP,0.0,2500,30,30,0,0,0,13.704531146657871,0.027858187126077277,-8.685846209726876e-05,0.9051927149828247,1.0,3.1094625320596,564496.0
A_k5_c0.12_r0.01,A,negative_control,SMSP,0.0,3750,30,30,0,0,0,13.651758966841701,0.02773622445490437,-8.685846209919741e-05,0.9051927149828263,1.0,3.0994347335460284,564496.0
A_k5_c0.12_r0.01,A,negative_control,SMSP,0.0,4500,30,30,0,0,0,13.659951439892172,0.027437633412210834,-8.685846209726876e-05,0.9051927149828285,1.0,3.1384624948259443,564496.0
A_k5_c0.12_r0.01,A,negative_control,SMSP,0.0,500,30,30,0,0,0,10.123270692104377,0.03150301317041347,-8.685846209919741e-05,0.9280037494929924,0.0,3.169792970099176,564496.0
A_k5_c0.12_r0.01,A,negative_control,SMSP,10.0,1250,30,30,0,0,0,23.91513292261935,0.024418505823113744,-8.685846209919741e-05,0.6815033018873223,2.1,3.0546125334997973,564496.0
A_k5_c0.12_r0.01,A,negative_control,SMSP,10.0,2500,30,30,0,0,0,23.91232374311602,0.024503325376194048,-8.685846209726876e-05,0.6815033018873226,2.1,3.0393346309817084,564496.0
A_k5_c0.12_r0.01,A,negative_control,SMSP,10.0,3750,30,30,0,0,0,23.906604464486772,0.024524464919817315,-8.685846209919741e-05,0.6815033018873233,2.1,3.0124611027228334,564496.0
A_k5_c0.12_r0.01,A,negative_control,SMSP,10.0,4500,30,30,0,0,0,23.94527837581835,0.024511537843077462,-8.685846209726876e-05,0.6815033018873247,2.1,3.024272236507386,564496.0
A_k5_c0.12_r0.01,A,negative_control,SMSP,10.0,500,30,30,0,0,0,19.856529456755425,0.02028407378497706,-8.685846209919741e-05,0.756516402345,0.0,3.1084764651798955,564496.0
A_k5_c0.12_r0.01,A,negative_control,SMSP,20.0,1250,30,30,0,0,0,-36.34580467453286,0.022768236856589748,-8.685846209919741e-05,0.6194241721800006,519.0,3.1494320021010935,564496.0
A_k5_c0.12_r0.01,A,negative_control,SMSP,20.0,2500,30,30,0,0,0,-36.34642192423644,0.02278261214828523,-8.685846209726876e-05,0.6194241721800007,519.0,3.148495937542369,564496.0
A_k5_c0.12_r0.01,A,negative_control,SMSP,20.0,3750,30,30,0,0,0,-36.34699937269106,0.022782651560574827,-8.685846209919741e-05,0.6194241721800009,519.0,3.1029209319967777,564496.0
A_k5_c0.12_r0.01,A,negative_control,SMSP,20.0,4500,30,30,0,0,0,-36.34735208835617,0.022776826284856513,-8.685846209726876e-05,0.6194241721800012,519.0,3.1189874629490077,564496.0
A_k5_c0.12_r0.01,A,negative_control,SMSP,20.0,500,30,30,0,0,0,-13.624077425714678,0.022333820676444155,-8.685846209919741e-05,0.6690430124100222,96.0,3.166077903006226,564496.0
A_k5_c0.12_r0.01,A,negative_control,SMSP,30.0,1250,30,30,0,0,0,-35.66900237562668,0.007713553115012772,-8.685846209919741e-05,0.6194257666043185,519.0,3.1509043338398137,564496.0
A_k5_c0.12_r0.01,A,negative_control,SMSP,30.0,2500,30,30,0,0,0,-35.66931550079487,0.007714117398072406,-8.685846209726876e-05,0.6194257666043185,519.0,3.134336097476383,564496.0
A_k5_c0.12_r0.01,A,negative_control,SMSP,30.0,3750,30,30,0,0,0,-35.66937332324084,0.007714129027374395,-8.685846209919741e-05,0.6194257666043186,519.0,3.096925034575785,564496.0
A_k5_c0.12_r0.01,A,negative_control,SMSP,30.0,4500,30,30,0,0,0,-35.66895189168215,0.0076515224211662495,-8.685846209726876e-05,0.6194257666043187,519.0,3.108027767545233,564496.0
A_k5_c0.12_r0.01,A,negative_control,SMSP,30.0,500,30,30,0,0,0,-13.204387463723398,0.007787291074299285,-8.685846209919741e-05,0.6701928791819471,96.0,3.179694494853417,564496.0
A_k5_c0.12_r0.01,A,negative_control,SMSP,5.0,1250,30,30,0,0,0,18.686556818445307,0.024340806208817914,-8.685846209919741e-05,0.8276420289775347,2.0,3.1244165962561965,564496.0
A_k5_c0.12_r0.01,A,negative_control,SMSP,5.0,2500,30,30,0,0,0,18.676677468377754,0.024543952132672586,-8.685846209726876e-05,0.8276420289775354,2.0,3.134437537907312,564496.0
A_k5_c0.12_r0.01,A,negative_control,SMSP,5.0,3750,30,30,0,0,0,18.658959763019798,0.02455162779714563,-8.685846209919741e-05,0.8276420289775366,2.0,3.182868102643018,564496.0
A_k5_c0.12_r0.01,A,negative_control,SMSP,5.0,4500,30,30,0,0,0,18.68994661127413,0.024498312670400157,-8.685846209726876e-05,0.8276420289775389,2.0,3.079597201819221,564496.0
A_k5_c0.12_r0.01,A,negative_control,SMSP,5.0,500,30,30,0,0,0,14.7408229413443,0.022062155729603187,-8.685846209919741e-05,0.8722322438488697,0.0,3.1834584020543844,564496.0
A_k5_c0.12_r0.01,A,target_jammer,NoiseConvolutionJamming,0.0,1250,30,30,0,0,0,13.389157353809598,0.20147601006811594,-8.685846209919741e-05,0.8957663290911193,0.9666666666666667,3.0501444009132683,564496.0
A_k5_c0.12_r0.01,A,target_jammer,NoiseConvolutionJamming,0.0,2500,30,30,0,0,0,13.358547979242047,0.2015945809810748,-8.685846209726876e-05,0.8957663290911196,0.9666666666666667,3.010905778501183,564496.0
A_k5_c0.12_r0.01,A,target_jammer,NoiseConvolutionJamming,0.0,3750,30,30,0,0,0,13.305454485087807,0.2021569432501955,-8.685846209919741e-05,0.8957663290911213,0.9666666666666667,2.9952097315496453,564496.0
A_k5_c0.12_r0.01,A,target_jammer,NoiseConvolutionJamming,0.0,4500,30,30,0,0,0,13.313988268549169,0.20217670585644756,-8.685846209726876e-05,0.895826475434457,0.9666666666666667,3.016084700357169,564496.0
A_k5_c0.12_r0.01,A,target_jammer,NoiseConvolutionJamming,0.0,500,30,30,0,0,0,10.42711225874571,0.20985772210368214,-8.685846209919741e-05,0.9223106902831709,0.0,3.0789124682390443,564496.0
A_k5_c0.12_r0.01,A,target_jammer,NoiseConvolutionJamming,10.0,1250,30,30,0,0,0,22.572924070667533,0.5702068080298227,-8.685846209919741e-05,0.6860396515556099,1.4333333333333333,3.156898613087833,564496.0
A_k5_c0.12_r0.01,A,target_jammer,NoiseConvolutionJamming,10.0,2500,30,30,0,0,0,22.57166365620209,0.5702074786779913,-8.685846209726876e-05,0.68603965155561,1.4333333333333333,3.1058930753109357,564496.0
A_k5_c0.12_r0.01,A,target_jammer,NoiseConvolutionJamming,10.0,3750,30,30,0,0,0,22.56593324470683,0.570250202966367,-8.685846209919741e-05,0.6860396515556105,1.4333333333333333,3.070840328776588,564496.0
A_k5_c0.12_r0.01,A,target_jammer,NoiseConvolutionJamming,10.0,4500,30,30,0,0,0,22.60414185853647,0.5702732317183627,-8.685846209726876e-05,0.6828991742224451,1.2,3.094536168888832,564496.0
A_k5_c0.12_r0.01,A,target_jammer,NoiseConvolutionJamming,10.0,500,30,30,0,0,0,19.280623843831602,0.5239531728824323,-8.685846209919741e-05,0.7810762418399124,0.23333333333333334,3.177680470980704,564496.0
A_k5_c0.12_r0.01,A,target_jammer,NoiseConvolutionJamming,20.0,1250,30,30,0,0,0,-14.614063671115396,6.65996923639465,-8.685846209919741e-05,0.5627561900655658,250.63333333333333,3.1267431001955024,564496.0
A_k5_c0.12_r0.01,A,target_jammer,NoiseConvolutionJamming,20.0,2500,30,30,0,0,0,-14.612366520659396,6.660093623006338,-8.685846209726876e-05,0.5627561900655658,250.63333333333333,3.109555528499186,564496.0
A_k5_c0.12_r0.01,A,target_jammer,NoiseConvolutionJamming,20.0,3750,30,30,0,0,0,-14.612944749981471,6.660091837526476,-8.685846209919741e-05,0.5627561900655659,250.63333333333333,3.083548510524755,564496.0
A_k5_c0.12_r0.01,A,target_jammer,NoiseConvolutionJamming,20.0,4500,30,30,0,0,0,-14.608475553602252,7.968803411911058,-8.685846209726876e-05,0.5381956005685619,263.8666666666667,3.085677771984289,564496.0
A_k5_c0.12_r0.01,A,target_jammer,NoiseConvolutionJamming,20.0,500,30,30,0,0,0,0.6067737227880381,6.989909029084882,-8.685846209919741e-05,0.611478333936687,68.43333333333334,3.1759236046733954,564496.0
A_k5_c0.12_r0.01,A,target_jammer,NoiseConvolutionJamming,30.0,1250,30,30,0,0,0,-14.371401547611976,5.8589527183615235,-8.685846209919741e-05,0.5593326247082164,253.1,3.080893063452095,564496.0
A_k5_c0.12_r0.01,A,target_jammer,NoiseConvolutionJamming,30.0,2500,30,30,0,0,0,-14.36939129370028,5.859070352799203,-8.685846209726876e-05,0.5593326247082164,253.1,3.1051875286114714,564496.0
A_k5_c0.12_r0.01,A,target_jammer,NoiseConvolutionJamming,30.0,3750,30,30,0,0,0,-14.36944918845321,5.859070217351633,-8.685846209919741e-05,0.5593326247082164,253.1,3.0410541725965836,564496.0
A_k5_c0.12_r0.01,A,target_jammer,NoiseConvolutionJamming,30.0,4500,30,30,0,0,0,-17.18842361664198,6.343479911960926,-8.685846209726876e-05,0.5399142431636835,280.93333333333334,3.1200082953243204,564496.0
A_k5_c0.12_r0.01,A,target_jammer,NoiseConvolutionJamming,30.0,500,30,30,0,0,0,-4.264142262387968,5.781859031266566,-8.685846209919741e-05,0.5962866328536752,80.76666666666667,3.150980498564119,564496.0
A_k5_c0.12_r0.01,A,target_jammer,NoiseConvolutionJamming,5.0,1250,30,30,0,0,0,18.013468588811033,0.33862437942953133,-8.685846209919741e-05,0.8180361340939697,0.9666666666666667,3.127572371158749,564496.0
A_k5_c0.12_r0.01,A,target_jammer,NoiseConvolutionJamming,5.0,2500,30,30,0,0,0,18.00471246638598,0.338633645914172,-8.685846209726876e-05,0.81803613409397,0.9666666666666667,3.093209800620874,564496.0
A_k5_c0.12_r0.01,A,target_jammer,NoiseConvolutionJamming,5.0,3750,30,30,0,0,0,17.986940048142838,0.3387728098089173,-8.685846209919741e-05,0.8180361340939711,0.9666666666666667,3.077193301093454,564496.0
A_k5_c0.12_r0.01,A,target_jammer,NoiseConvolutionJamming,5.0,4500,30,30,0,0,0,18.01790104463304,0.33869786355639414,-8.685846209726876e-05,0.818019236273344,0.9333333333333333,3.1074111020037285,564496.0
A_k5_c0.12_r0.01,A,target_jammer,NoiseConvolutionJamming,5.0,500,30,30,0,0,0,14.798129284348203,0.3215253094318021,-8.685846209919741e-05,0.8713116393664233,0.03333333333333333,3.1754487310536206,564496.0
A_k5_c0.12_r0.01,A,target_jammer,NoiseProductJamming,0.0,1250,30,30,0,0,0,12.391110000320046,0.22317148405914114,-8.685846209919741e-05,0.8979513056385995,1.0666666666666667,3.02454013726674,564473.0
A_k5_c0.12_r0.01,A,target_jammer,NoiseProductJamming,0.0,2500,30,30,0,0,0,12.347799085680476,0.22402768155192732,-8.685846209726876e-05,0.8979513056386,1.0666666666666667,3.0084026337135583,564462.2666666667
A_k5_c0.12_r0.01,A,target_jammer,NoiseProductJamming,0.0,3750,30,30,0,0,0,12.27749941578335,0.22488975754038656,-8.685846209919741e-05,0.8979513056386015,1.0666666666666667,2.987027794976408,564479.1333333333
A_k5_c0.12_r0.01,A,target_jammer,NoiseProductJamming,0.0,4500,30,30,0,0,0,12.274838411034244,0.22554218065469236,-8.685846209726876e-05,0.8979614048294849,1.0666666666666667,3.00770957255736,564468.4
A_k5_c0.12_r0.01,A,target_jammer,NoiseProductJamming,0.0,500,30,30,0,0,0,12.204999120939023,0.22262868714752285,-8.685846209919741e-05,0.9180414852775548,0.0,3.0531597052079937,564471.4666666667
A_k5_c0.12_r0.01,A,target_jammer,NoiseProductJamming,10.0,1250,30,30,0,0,0,21.93133748379085,0.5645676398736897,-8.685846209919741e-05,0.6720410363563439,1.7333333333333334,3.127672259385387,564496.0
A_k5_c0.12_r0.01,A,target_jammer,NoiseProductJamming,10.0,2500,30,30,0,0,0,21.926541629179773,0.5646136198640314,-8.685846209726876e-05,0.672041036356344,1.7333333333333334,3.1145721984406314,564496.0
A_k5_c0.12_r0.01,A,target_jammer,NoiseProductJamming,10.0,3750,30,30,0,0,0,21.918815544269457,0.5646880657997442,-8.685846209919741e-05,0.6720410363563448,1.7333333333333334,3.064651401170219,564496.0
A_k5_c0.12_r0.01,A,target_jammer,NoiseProductJamming,10.0,4500,30,30,0,0,0,21.955792603693464,0.5646513206662427,-8.685846209726876e-05,0.6704130288330391,1.6,3.0899360640129694,564496.0
A_k5_c0.12_r0.01,A,target_jammer,NoiseProductJamming,10.0,500,30,30,0,0,0,21.80087308535008,0.5669020502924886,-8.685846209919741e-05,0.7303645576021263,0.13333333333333333,3.179905532548825,564496.0
A_k5_c0.12_r0.01,A,target_jammer,NoiseProductJamming,20.0,1250,30,30,0,0,0,-15.779161441087712,4.619389592918108,-8.685846209919741e-05,0.5783404318325125,203.03333333333333,3.158781999566903,564483.7333333333
A_k5_c0.12_r0.01,A,target_jammer,NoiseProductJamming,20.0,2500,30,30,0,0,0,-15.779751548686212,4.619412536397027,-8.685846209726876e-05,0.5783404318325126,203.03333333333333,3.1332443720505885,564483.7333333333
A_k5_c0.12_r0.01,A,target_jammer,NoiseProductJamming,20.0,3750,30,30,0,0,0,-15.780531690654003,4.619414849867782,-8.685846209919741e-05,0.5783404318325128,203.03333333333333,3.094470799745371,564483.7333333333
A_k5_c0.12_r0.01,A,target_jammer,NoiseProductJamming,20.0,4500,30,30,0,0,0,-16.211682249966948,4.56896390008564,-8.685846209726876e-05,0.5870510571607703,207.06666666666666,3.130065327665458,564483.7333333333
A_k5_c0.12_r0.01,A,target_jammer,NoiseProductJamming,20.0,500,30,30,0,0,0,-0.6538332395210295,5.998456014457478,-8.685846209919741e-05,0.5763860970503709,62.733333333333334,3.191168097934375,564483.7333333333
A_k5_c0.12_r0.01,A,target_jammer,NoiseProductJamming,30.0,1250,30,30,0,0,0,-15.522119698630895,3.8683799233029648,-8.685846209919741e-05,0.5753152754588249,205.96666666666667,3.1277805702605597,564483.7333333333
A_k5_c0.12_r0.01,A,target_jammer,NoiseProductJamming,30.0,2500,30,30,0,0,0,-15.522277699759252,3.868412992445908,-8.685846209726876e-05,0.575315275458825,205.96666666666667,3.1285831336087235,564511.8
A_k5_c0.12_r0.01,A,target_jammer,NoiseProductJamming,30.0,3750,30,30,0,0,0,-15.522355783763722,3.8684132368173527,-8.685846209919741e-05,0.575315275458825,205.96666666666667,3.063780628144741,564483.7333333333
A_k5_c0.12_r0.01,A,target_jammer,NoiseProductJamming,30.0,4500,30,30,0,0,0,-16.228283942042417,3.822442643165608,-8.685846209726876e-05,0.5819716268808182,214.76666666666668,3.085938736330718,564483.7333333333
A_k5_c0.12_r0.01,A,target_jammer,NoiseProductJamming,30.0,500,30,30,0,0,0,-2.139975626201092,5.436707185390148,-8.685846209919741e-05,0.5755074407095507,71.16666666666667,3.2265902981938175,564483.7333333333
A_k5_c0.12_r0.01,A,target_jammer,NoiseProductJamming,5.0,1250,30,30,0,0,0,17.124753549773235,0.3673158998196953,-8.685846209919741e-05,0.8164382243637848,1.2,3.1599957301902273,564489.8666666667
A_k5_c0.12_r0.01,A,target_jammer,NoiseProductJamming,5.0,2500,30,30,0,0,0,17.109939181791614,0.3675223124175208,-8.685846209726876e-05,0.816438224363785,1.2,3.0944375592904785,564485.2666666667
A_k5_c0.12_r0.01,A,target_jammer,NoiseProductJamming,5.0,3750,30,30,0,0,0,17.086071812193072,0.36776052528594094,-8.685846209919741e-05,0.8164382243637863,1.2,3.077874858475601,564489.8666666667
A_k5_c0.12_r0.01,A,target_jammer,NoiseProductJamming,5.0,4500,30,30,0,0,0,17.11327729553509,0.36794212511425484,-8.685846209726876e-05,0.816481500575812,1.2,3.122313931817189,564485.2666666667
A_k5_c0.12_r0.01,A,target_jammer,NoiseProductJamming,5.0,500,30,30,0,0,0,16.9536042247793,0.36596941447993747,-8.685846209919741e-05,0.8576292195809941,0.0,3.179185932579761,564488.3333333334
B_k3_c0.05_r0.001,B,negative_control,AMNoiseGaiJam,0.0,1250,30,30,0,0,0,8.34516170151558,0.09614220302524848,-8.685885308092608e-06,0.5617875009587103,1.0,4.773483260457094,971270.7333333333
B_k3_c0.05_r0.001,B,negative_control,AMNoiseGaiJam,0.0,2500,30,30,0,0,0,8.286278077346644,0.09826467722207789,-8.685885305199627e-06,0.5617875009587103,1.0,4.715773568022996,971270.7333333333
B_k3_c0.05_r0.001,B,negative_control,AMNoiseGaiJam,0.0,3750,30,30,0,0,0,8.124875237525105,0.0999745948417097,-8.685885305199627e-06,0.5617875009587103,1.0,4.732593071336548,971267.6666666666
B_k3_c0.05_r0.001,B,negative_control,AMNoiseGaiJam,0.0,4500,30,30,0,0,0,8.062337474826307,0.10121826897825209,-8.685885304235298e-06,0.5619096381331691,1.0,4.739613798058902,971267.6666666666
B_k3_c0.05_r0.001,B,negative_control,AMNoiseGaiJam,0.0,500,30,30,0,0,0,6.218283750556675,0.08875712313273672,-8.685885305199627e-06,0.5610745037359834,0.0,4.818481926728661,971273.8
B_k3_c0.05_r0.001,B,negative_control,AMNoiseGaiJam,10.0,1250,30,30,0,0,0,16.51881778850044,0.14140607005921513,-8.685885308092608e-06,0.5353999559887629,0.8333333333333334,4.656151237819965,971260.0
B_k3_c0.05_r0.001,B,negative_control,AMNoiseGaiJam,10.0,2500,30,30,0,0,0,16.543920670430825,0.1405492037335844,-8.685885305199627e-06,0.5353999559887629,0.8333333333333334,4.643554232704143,971260.0
B_k3_c0.05_r0.001,B,negative_control,AMNoiseGaiJam,10.0,3750,30,30,0,0,0,16.524154631115067,0.14072951740183806,-8.685885305199627e-06,0.5353999559887629,0.8333333333333334,4.621086067830523,971260.0
B_k3_c0.05_r0.001,B,negative_control,AMNoiseGaiJam,10.0,4500,30,30,0,0,0,16.55403650278118,0.14075696522079242,-8.685885304235298e-06,0.5353999559887629,0.8333333333333334,4.678359804286932,971260.0
B_k3_c0.05_r0.001,B,negative_control,AMNoiseGaiJam,10.0,500,30,30,0,0,0,13.46831156470453,0.1718464345737719,-8.685885305199627e-06,0.5404962295909606,0.0,4.75742223400933,971260.0
B_k3_c0.05_r0.001,B,negative_control,AMNoiseGaiJam,20.0,1250,30,30,0,0,0,24.227691285626026,0.24746955945627472,-8.685885308092608e-06,0.5117983370683695,0.3333333333333333,4.778962566827734,971260.0
B_k3_c0.05_r0.001,B,negative_control,AMNoiseGaiJam,20.0,2500,30,30,0,0,0,24.263126435171884,0.2467927084512227,-8.685885305199627e-06,0.5117983370683696,0.3333333333333333,4.544720771567275,971260.0
B_k3_c0.05_r0.001,B,negative_control,AMNoiseGaiJam,20.0,3750,30,30,0,0,0,24.261119444448962,0.2467956500584594,-8.685885305199627e-06,0.5117983370683696,0.3333333333333333,4.549304269797479,971260.0
B_k3_c0.05_r0.001,B,negative_control,AMNoiseGaiJam,20.0,4500,30,30,0,0,0,24.302222237876386,0.24677699491539817,-8.685885304235298e-06,0.5117983370683696,0.3333333333333333,4.5919471711385995,971260.0
B_k3_c0.05_r0.001,B,negative_control,AMNoiseGaiJam,20.0,500,30,30,0,0,0,21.00508571101116,0.28442250808428643,-8.685885305199627e-06,0.5196137607837878,0.0,4.6466959019502,971260.0
B_k3_c0.05_r0.001,B,negative_control,AMNoiseGaiJam,30.0,1250,30,30,0,0,0,-19.65867133411456,8.526492504310134,-8.685885308092608e-06,0.5021213849381031,307.56666666666666,4.653515327178563,971260.0
B_k3_c0.05_r0.001,B,negative_control,AMNoiseGaiJam,30.0,2500,30,30,0,0,0,-19.62267091970043,8.526875518520757,-8.685885305199627e-06,0.5021213849381031,307.56666666666666,4.654673568438739,971260.0
B_k3_c0.05_r0.001,B,negative_control,AMNoiseGaiJam,30.0,3750,30,30,0,0,0,-19.622871451949646,8.526877144675215,-8.685885305199627e-06,0.5021213849381031,307.56666666666666,4.647243201422195,971260.0
B_k3_c0.05_r0.001,B,negative_control,AMNoiseGaiJam,30.0,4500,30,30,0,0,0,-19.615828833602553,8.532186226810524,-8.685885304235298e-06,0.5023024974315178,307.56666666666666,4.642283336337035,971260.0
B_k3_c0.05_r0.001,B,negative_control,AMNoiseGaiJam,30.0,500,30,30,0,0,0,16.71441325764549,5.950888377143852,-8.685885305199627e-06,0.5052163168252609,22.633333333333333,4.734200134407729,971260.0
B_k3_c0.05_r0.001,B,negative_control,AMNoiseGaiJam,5.0,1250,30,30,0,0,0,12.275366203239262,0.11887069645296174,-8.685885308092608e-06,0.5487083133082802,1.0,4.639191766424726,971260.0
B_k3_c0.05_r0.001,B,negative_control,AMNoiseGaiJam,5.0,2500,30,30,0,0,0,12.27669954855814,0.11864314952489115,-8.685885305199627e-06,0.5487083133082802,1.0,4.645056933319817,971260.0
B_k3_c0.05_r0.001,B,negative_control,AMNoiseGaiJam,5.0,3750,30,30,0,0,0,12.217168380529378,0.11931152898666361,-8.685885305199627e-06,0.5487083133082802,1.0,4.619191736370946,971260.0
B_k3_c0.05_r0.001,B,negative_control,AMNoiseGaiJam,5.0,4500,30,30,0,0,0,12.22161044939039,0.11965670675821873,-8.685885304235298e-06,0.5487083133082802,1.0,4.632908435693632,971260.0
B_k3_c0.05_r0.001,B,negative_control,AMNoiseGaiJam,5.0,500,30,30,0,0,0,9.526975113012487,0.13381405855010464,-8.685885305199627e-06,0.5508897304660471,0.0,4.693055564227204,971260.0
B_k3_c0.05_r0.001,B,negative_control,FMNoiseAimedJam,0.0,1250,30,30,0,0,0,10.251703608514894,0.1709537007951977,-8.685885308092608e-06,0.5504903746447259,1.0,4.742990232383211,971261.5333333333
B_k3_c0.05_r0.001,B,negative_control,FMNoiseAimedJam,0.0,2500,30,30,0,0,0,10.219024894064342,0.17269654294841005,-8.685885305199627e-06,0.5504903746447259,1.0,4.6830918329457445,971261.5333333333
B_k3_c0.05_r0.001,B,negative_control,FMNoiseAimedJam,0.0,3750,30,30,0,0,0,10.108875600016813,0.17468754643699871,-8.685885305199627e-06,0.5504903746447259,1.0,4.669413793211182,971261.5333333333
B_k3_c0.05_r0.001,B,negative_control,FMNoiseAimedJam,0.0,4500,30,30,0,0,0,10.081448473538519,0.17627016800050002,-8.685885304235298e-06,0.5504903746447259,1.0,4.7201013677598285,971261.5333333333
B_k3_c0.05_r0.001,B,negative_control,FMNoiseAimedJam,0.0,500,30,30,0,0,0,7.372832106069964,0.18712015782563002,-8.685885305199627e-06,0.5551872697591044,0.0,4.812013957416639,971263.0666666667
B_k3_c0.05_r0.001,B,negative_control,FMNoiseAimedJam,10.0,1250,30,30,0,0,0,19.342106547945335,0.39128028166080686,-8.685885308092608e-06,0.5208488693955978,1.1666666666666667,4.642370865137006,971306.0
B_k3_c0.05_r0.001,B,negative_control,FMNoiseAimedJam,10.0,2500,30,30,0,0,0,19.369491709330454,0.39081431485837287,-8.685885305199627e-06,0.5208488693955978,1.1666666666666667,4.632915236288682,971306.0
B_k3_c0.05_r0.001,B,negative_control,FMNoiseAimedJam,10.0,3750,30,30,0,0,0,19.356694186975027,0.3909170183161532,-8.685885305199627e-06,0.5208488693955978,1.1666666666666667,4.62092636541153,971306.0
B_k3_c0.05_r0.001,B,negative_control,FMNoiseAimedJam,10.0,4500,30,30,0,0,0,19.391002600696766,0.39101405074276757,-8.685885304235298e-06,0.5207342907912665,1.1333333333333333,4.641109763178974,971306.0
B_k3_c0.05_r0.001,B,negative_control,FMNoiseAimedJam,10.0,500,30,30,0,0,0,15.725898322961275,0.41840651149482666,-8.685885305199627e-06,0.5239203291527538,0.03333333333333333,4.692909837467596,971306.0
B_k3_c0.05_r0.001,B,negative_control,FMNoiseAimedJam,20.0,1250,30,30,0,0,0,-18.56248833844428,9.216334554730487,-8.685885308092608e-06,0.5040042031471101,347.76666666666665,4.593795834807679,971306.0
B_k3_c0.05_r0.001,B,negative_control,FMNoiseAimedJam,20.0,2500,30,30,0,0,0,-18.528044617716326,9.214873271384478,-8.685885305199627e-06,0.5040042031471101,347.76666666666665,4.560544427173833,971306.0
B_k3_c0.05_r0.001,B,negative_control,FMNoiseAimedJam,20.0,3750,30,30,0,0,0,-18.529344824463397,9.21488094016007,-8.685885305199627e-06,0.5040042031471101,347.76666666666665,4.567012470215559,971306.0
B_k3_c0.05_r0.001,B,negative_control,FMNoiseAimedJam,20.0,4500,30,30,0,0,0,-18.520329785593102,9.220741386574216,-8.685885304235298e-06,0.5038001411086279,347.73333333333335,4.568037567272161,971306.0
B_k3_c0.05_r0.001,B,negative_control,FMNoiseAimedJam,20.0,500,30,30,0,0,0,11.203165410336313,6.914009328138028,-8.685885305199627e-06,0.47433515712337154,44.06666666666667,4.6464930366103845,971306.0
B_k3_c0.05_r0.001,B,negative_control,FMNoiseAimedJam,30.0,1250,30,30,0,0,0,-27.23051708524288,5.313861006718243,-8.685885308092608e-06,0.5038569512244251,434.6333333333333,4.697463861278568,971306.0
B_k3_c0.05_r0.001,B,negative_control,FMNoiseAimedJam,30.0,2500,30,30,0,0,0,-27.195320382771268,5.313553661235886,-8.685885305199627e-06,0.5038569512244251,434.6333333333333,4.672755568753928,971306.0
B_k3_c0.05_r0.001,B,negative_control,FMNoiseAimedJam,30.0,3750,30,30,0,0,0,-27.19545059358405,5.313554216964602,-8.685885305199627e-06,0.5038569512244251,434.6333333333333,4.628955598066871,971306.0
B_k3_c0.05_r0.001,B,negative_control,FMNoiseAimedJam,30.0,4500,30,30,0,0,0,-27.193947450089926,5.315054652866281,-8.685885304235298e-06,0.5040225026524456,434.6333333333333,4.679206962464377,971306.0
B_k3_c0.05_r0.001,B,negative_control,FMNoiseAimedJam,30.0,500,30,30,0,0,0,-7.459074307977506,5.7283352795587,-8.685885305199627e-06,0.46489370441323563,119.3,4.7212596614069,971306.0
B_k3_c0.05_r0.001,B,negative_control,FMNoiseAimedJam,5.0,1250,30,30,0,0,0,14.641999827346938,0.2453441471699534,-8.685885308092608e-06,0.5357057519396563,0.9333333333333333,4.671184759354219,971293.7333333333
B_k3_c0.05_r0.001,B,negative_control,FMNoiseAimedJam,5.0,2500,30,30,0,0,0,14.652856542184686,0.2453721789758887,-8.685885305199627e-06,0.5357057519396563,0.9333333333333333,4.6598944056313485,971293.7333333333
B_k3_c0.05_r0.001,B,negative_control,FMNoiseAimedJam,5.0,3750,30,30,0,0,0,14.61389170956693,0.24585092204428383,-8.685885305199627e-06,0.5357057519396563,0.9333333333333333,4.631962501055871,971293.7333333333
B_k3_c0.05_r0.001,B,negative_control,FMNoiseAimedJam,5.0,4500,30,30,0,0,0,14.631866146877092,0.24629344620996815,-8.685885304235298e-06,0.5357057519396563,0.9333333333333333,4.661118033497284,971293.7333333333
B_k3_c0.05_r0.001,B,negative_control,FMNoiseAimedJam,5.0,500,30,30,0,0,0,11.240926511687572,0.2709280376613486,-8.685885305199627e-06,0.5410412663647676,0.0,4.716859693871811,971293.7333333333
B_k3_c0.05_r0.001,B,negative_control,FMNoiseSaopin,0.0,1250,30,30,0,0,0,7.45834209185359,1.0753400388979457,-8.685885308092608e-06,0.5747373391541397,1.0,4.712391693222647,971260.0
B_k3_c0.05_r0.001,B,negative_control,FMNoiseSaopin,0.0,2500,30,30,0,0,0,7.85315294808068,1.1348343648820929,-8.685885305199627e-06,0.5688713088397567,1.0,4.7002471653589355,971260.0
B_k3_c0.05_r0.001,B,negative_control,FMNoiseSaopin,0.0,3750,30,30,0,0,0,7.592473440826487,1.2133593103799005,-8.685885305199627e-06,0.5688713088397567,1.0,4.653922208429624,971260.0
B_k3_c0.05_r0.001,B,negative_control,FMNoiseSaopin,0.0,4500,30,30,0,0,0,7.45628411773995,1.267994458642913,-8.685885304235298e-06,0.5691832109824222,1.0,4.688079234135027,971260.0
B_k3_c0.05_r0.001,B,negative_control,FMNoiseSaopin,0.0,500,30,30,0,0,0,2.6206189447197263,0.05093340065011352,-8.685885305199627e-06,0.5838731113787811,0.0,4.755608337776114,971261.5333333333
B_k3_c0.05_r0.001,B,negative_control,FMNoiseSaopin,10.0,1250,30,30,0,0,0,14.170956456862308,2.332165004202138,-8.685885308092608e-06,0.5569938802965552,1.0,4.57792366699626,971260.0
B_k3_c0.05_r0.001,B,negative_control,FMNoiseSaopin,10.0,2500,30,30,0,0,0,15.12848318395617,2.2670489570277055,-8.685885305199627e-06,0.5428039354204028,1.0,4.546773664575691,971260.0
B_k3_c0.05_r0.001,B,negative_control,FMNoiseSaopin,10.0,3750,30,30,0,0,0,15.010611742067432,2.3312075455850905,-8.685885305199627e-06,0.5428039354204028,1.0,4.5751306364157545,971260.0
B_k3_c0.05_r0.001,B,negative_control,FMNoiseSaopin,10.0,4500,30,30,0,0,0,14.97501209978318,2.3737914205163606,-8.685885304235298e-06,0.5428039354204028,1.0,4.577997062976162,971260.0
B_k3_c0.05_r0.001,B,negative_control,FMNoiseSaopin,10.0,500,30,30,0,0,0,2.6547894517030017,0.04856845674943387,-8.685885305199627e-06,0.5832725367087356,0.0,4.632413897585745,971260.0
B_k3_c0.05_r0.001,B,negative_control,FMNoiseSaopin,20.0,1250,30,30,0,0,0,22.321671433034066,3.398677370690035,-8.685885308092608e-06,0.5334906876377625,1.0,4.64875833519424,971260.0
B_k3_c0.05_r0.001,B,negative_control,FMNoiseSaopin,20.0,2500,30,30,0,0,0,12.55163760044814,22.42237248367587,-8.685885305199627e-06,0.51266977057441,45.766666666666666,4.656848534553622,971260.0
B_k3_c0.05_r0.001,B,negative_control,FMNoiseSaopin,20.0,3750,30,30,0,0,0,12.68893793269795,22.104123686835266,-8.685885305199627e-06,0.51266977057441,45.766666666666666,4.650595766725019,971260.0
B_k3_c0.05_r0.001,B,negative_control,FMNoiseSaopin,20.0,4500,30,30,0,0,0,12.736040725527454,22.062941734816857,-8.685885304235298e-06,0.51266977057441,45.766666666666666,4.644687528101106,971260.0
B_k3_c0.05_r0.001,B,negative_control,FMNoiseSaopin,20.0,500,30,30,0,0,0,2.9497692789500265,0.12957655023046044,-8.685885305199627e-06,0.5804558023273205,0.0,4.715462566430991,971260.0
B_k3_c0.05_r0.001,B,negative_control,FMNoiseSaopin,30.0,1250,30,30,0,0,0,-1.0176549730914666,8.670539203899047,-8.685885308092608e-06,0.45449939123535626,326.1333333333333,4.6898736657264335,971260.0
B_k3_c0.05_r0.001,B,negative_control,FMNoiseSaopin,30.0,2500,30,30,0,0,0,-146.72205570096318,55.680260890523876,-8.685885305199627e-06,0.5035174453888602,791.8666666666667,4.66196116564485,971260.0
B_k3_c0.05_r0.001,B,negative_control,FMNoiseSaopin,30.0,3750,30,30,0,0,0,-146.66606710702985,55.65968696872844,-8.685885305199627e-06,0.5035174453888602,791.8666666666667,4.646243023065229,971260.0
B_k3_c0.05_r0.001,B,negative_control,FMNoiseSaopin,30.0,4500,30,30,0,0,0,-146.67247897184672,55.666259194567175,-8.685885304235298e-06,0.5035174453888602,791.8666666666667,4.659333262437333,971260.0
B_k3_c0.05_r0.001,B,negative_control,FMNoiseSaopin,30.0,500,30,30,0,0,0,4.714239605081497,0.7243794070337479,-8.685885305199627e-06,0.569316980330511,0.0,4.712294296283896,971260.0
B_k3_c0.05_r0.001,B,negative_control,FMNoiseSaopin,5.0,1250,30,30,0,0,0,10.564431688215624,1.6887279126799761,-8.685885308092608e-06,0.5668934628973836,1.0,4.623190235967438,971260.0
B_k3_c0.05_r0.001,B,negative_control,FMNoiseSaopin,5.0,2500,30,30,0,0,0,11.232719525152422,1.722811262591599,-8.685885305199627e-06,0.5571956039464221,1.0,4.634815237174432,971260.0
B_k3_c0.05_r0.001,B,negative_control,FMNoiseSaopin,5.0,3750,30,30,0,0,0,11.05470914595282,1.802762115967053,-8.685885305199627e-06,0.5571956039464221,1.0,4.595323702475677,971260.0
B_k3_c0.05_r0.001,B,negative_control,FMNoiseSaopin,5.0,4500,30,30,0,0,0,10.976639827160424,1.8573716697062073,-8.685885304235298e-06,0.5572604995393066,1.0,4.640857042977586,971260.0
B_k3_c0.05_r0.001,B,negative_control,FMNoiseSaopin,5.0,500,30,30,0,0,0,2.629249853504005,0.049606486220789045,-8.685885305199627e-06,0.5836958964783084,0.0,4.690897193116446,971260.0
B_k3_c0.05_r0.001,B,negative_control,NoJammer,0.0,1250,30,30,0,0,0,4.630213180057521,0.06760654415899318,-8.685885308092608e-06,0.583899947052554,0.0,4.711112467339262,971306.0
B_k3_c0.05_r0.001,B,negative_control,NoJammer,0.0,2500,30,30,0,0,0,4.155875054607064,0.07136000226643253,-8.685885305199627e-06,0.5838304738715105,0.0,4.665241704788059,971306.0
B_k3_c0.05_r0.001,B,negative_control,NoJammer,0.0,3750,30,30,0,0,0,3.213955323803776,0.0853594018708795,-8.685885305199627e-06,0.5843771174358517,0.0,4.659881859940167,971306.0
B_k3_c0.05_r0.001,B,negative_control,NoJammer,0.0,4500,30,30,0,0,0,2.533980048824374,0.0898132114825119,-8.685885304235298e-06,0.5854766072875492,0.0,4.692405667932083,971306.0
B_k3_c0.05_r0.001,B,negative_control,NoJammer,0.0,500,30,30,0,0,0,4.192044702720218,0.07264840056099502,-8.685885305199627e-06,0.5850114759676347,0.0,4.749827798999225,971306.0
B_k3_c0.05_r0.001,B,negative_control,NoJammer,10.0,1250,30,30,0,0,0,4.630213180057521,0.06760654415899318,-8.685885308092608e-06,0.583899947052554,0.0,4.876082068464409,971306.0
B_k3_c0.05_r0.001,B,negative_control,NoJammer,10.0,2500,30,30,0,0,0,4.155875054607064,0.07136000226643253,-8.685885305199627e-06,0.5838304738715105,0.0,4.884144463964428,971306.0
B_k3_c0.05_r0.001,B,negative_control,NoJammer,10.0,3750,30,30,0,0,0,3.213955323803776,0.0853594018708795,-8.685885305199627e-06,0.5843771174358517,0.0,4.874747133969019,971306.0
B_k3_c0.05_r0.001,B,negative_control,NoJammer,10.0,4500,30,30,0,0,0,2.533980048824374,0.0898132114825119,-8.685885304235298e-06,0.5854766072875492,0.0,4.8722181702032685,971306.0
B_k3_c0.05_r0.001,B,negative_control,NoJammer,10.0,500,30,30,0,0,0,4.192044702720218,0.07264840056099502,-8.685885305199627e-06,0.5850114759676347,0.0,4.940783300359423,971306.0
B_k3_c0.05_r0.001,B,negative_control,NoJammer,20.0,1250,30,30,0,0,0,4.630213180057521,0.06760654415899318,-8.685885308092608e-06,0.583899947052554,0.0,4.719179201250275,971306.0
B_k3_c0.05_r0.001,B,negative_control,NoJammer,20.0,2500,30,30,0,0,0,4.155875054607064,0.07136000226643253,-8.685885305199627e-06,0.5838304738715105,0.0,4.74940007358479,971306.0
B_k3_c0.05_r0.001,B,negative_control,NoJammer,20.0,3750,30,30,0,0,0,3.213955323803776,0.0853594018708795,-8.685885305199627e-06,0.5843771174358517,0.0,4.748204329128687,971306.0
B_k3_c0.05_r0.001,B,negative_control,NoJammer,20.0,4500,30,30,0,0,0,2.533980048824374,0.0898132114825119,-8.685885304235298e-06,0.5854766072875492,0.0,4.713008304437001,971306.0
B_k3_c0.05_r0.001,B,negative_control,NoJammer,20.0,500,30,30,0,0,0,4.192044702720218,0.07264840056099502,-8.685885305199627e-06,0.5850114759676347,0.0,4.835363976114119,971306.0
B_k3_c0.05_r0.001,B,negative_control,NoJammer,30.0,1250,30,30,0,0,0,4.630213180057521,0.06760654415899318,-8.685885308092608e-06,0.583899947052554,0.0,4.755293135531247,971306.0
B_k3_c0.05_r0.001,B,negative_control,NoJammer,30.0,2500,30,30,0,0,0,4.155875054607064,0.07136000226643253,-8.685885305199627e-06,0.5838304738715105,0.0,4.780722362920642,971306.0
B_k3_c0.05_r0.001,B,negative_control,NoJammer,30.0,3750,30,30,0,0,0,3.213955323803776,0.0853594018708795,-8.685885305199627e-06,0.5843771174358517,0.0,4.7159291376980645,971306.0
B_k3_c0.05_r0.001,B,negative_control,NoJammer,30.0,4500,30,30,0,0,0,2.533980048824374,0.0898132114825119,-8.685885304235298e-06,0.5854766072875492,0.0,4.719001400129248,971306.0
B_k3_c0.05_r0.001,B,negative_control,NoJammer,30.0,500,30,30,0,0,0,4.192044702720218,0.07264840056099502,-8.685885305199627e-06,0.5850114759676347,0.0,4.791159768744062,971306.0
B_k3_c0.05_r0.001,B,negative_control,NoJammer,5.0,1250,30,30,0,0,0,4.630213180057521,0.06760654415899318,-8.685885308092608e-06,0.583899947052554,0.0,4.68563896138221,971306.0
B_k3_c0.05_r0.001,B,negative_control,NoJammer,5.0,2500,30,30,0,0,0,4.155875054607064,0.07136000226643253,-8.685885305199627e-06,0.5838304738715105,0.0,4.693783262822156,971306.0
B_k3_c0.05_r0.001,B,negative_control,NoJammer,5.0,3750,30,30,0,0,0,3.213955323803776,0.0853594018708795,-8.685885305199627e-06,0.5843771174358517,0.0,4.669366670229162,971306.0
B_k3_c0.05_r0.001,B,negative_control,NoJammer,5.0,4500,30,30,0,0,0,2.533980048824374,0.0898132114825119,-8.685885304235298e-06,0.5854766072875492,0.0,4.6558597416151315,971306.0
B_k3_c0.05_r0.001,B,negative_control,NoJammer,5.0,500,30,30,0,0,0,4.192044702720218,0.07264840056099502,-8.685885305199627e-06,0.5850114759676347,0.0,4.7285901925837,971306.0
B_k3_c0.05_r0.001,B,negative_control,SMSP,0.0,1250,30,30,0,0,0,13.734913565250691,0.02737880449014203,-8.685885308092608e-06,0.5443383488807195,1.0,4.697256907820702,971260.0
B_k3_c0.05_r0.001,B,negative_control,SMSP,0.0,2500,30,30,0,0,0,13.704531146657871,0.027858187126077277,-8.685885305199627e-06,0.5443383488807196,1.0,4.672804201254621,971260.0
B_k3_c0.05_r0.001,B,negative_control,SMSP,0.0,3750,30,30,0,0,0,13.651758966841701,0.02773622445490437,-8.685885305199627e-06,0.5443383488807196,1.0,4.651952868637939,971260.0
B_k3_c0.05_r0.001,B,negative_control,SMSP,0.0,4500,30,30,0,0,0,13.659951439892172,0.027437633412210834,-8.685885304235298e-06,0.5443383488807196,1.0,4.686762600128229,971260.0
B_k3_c0.05_r0.001,B,negative_control,SMSP,0.0,500,30,30,0,0,0,10.123270692104377,0.03150301317041374,-8.685885305199627e-06,0.5428146687758585,0.0,4.750766628421843,971260.0
B_k3_c0.05_r0.001,B,negative_control,SMSP,10.0,1250,30,30,0,0,0,23.91513292261935,0.024418505823113744,-8.685885308092608e-06,0.5120842638874631,2.1,4.581786199317624,971260.0
B_k3_c0.05_r0.001,B,negative_control,SMSP,10.0,2500,30,30,0,0,0,23.91232374311602,0.024503325376194048,-8.685885305199627e-06,0.5120842638874632,2.1,4.5750097002989305,971260.0
B_k3_c0.05_r0.001,B,negative_control,SMSP,10.0,3750,30,30,0,0,0,23.906604464486772,0.024524464919817315,-8.685885305199627e-06,0.5120842638874632,2.1,4.5485445007216185,971260.0
B_k3_c0.05_r0.001,B,negative_control,SMSP,10.0,4500,30,30,0,0,0,23.94527837581835,0.024511537843077708,-8.685885304235298e-06,0.5120842638874632,2.1,4.573519401795541,971260.0
B_k3_c0.05_r0.001,B,negative_control,SMSP,10.0,500,30,30,0,0,0,19.856529456755425,0.020284073784976216,-8.685885305199627e-06,0.47549561323211376,0.0,4.657155659515411,971260.0
B_k3_c0.05_r0.001,B,negative_control,SMSP,20.0,1250,30,30,0,0,0,-36.345804674532864,0.02276823685658611,-8.685885308092608e-06,0.5070522085433563,519.0,4.683355465143298,971260.0
B_k3_c0.05_r0.001,B,negative_control,SMSP,20.0,2500,30,30,0,0,0,-36.346421924236424,0.02278261214829156,-8.685885305199627e-06,0.5070522085433563,519.0,4.70297357145076,971260.0
B_k3_c0.05_r0.001,B,negative_control,SMSP,20.0,3750,30,30,0,0,0,-36.346999372691066,0.02278265156057196,-8.685885305199627e-06,0.5070522085433563,519.0,4.645161070705702,971260.0
B_k3_c0.05_r0.001,B,negative_control,SMSP,20.0,4500,30,30,0,0,0,-36.347352088356175,0.02277682628485583,-8.685885304235298e-06,0.5070522085433563,519.0,4.653881721120949,971260.0
B_k3_c0.05_r0.001,B,negative_control,SMSP,20.0,500,30,30,0,0,0,-13.62407742571468,0.02233382067644381,-8.685885305199627e-06,0.5109449221987776,96.0,4.744969533445935,971260.0
B_k3_c0.05_r0.001,B,negative_control,SMSP,30.0,1250,30,30,0,0,0,-35.66900237562668,0.007713553115012986,-8.685885308092608e-06,0.5066587426619431,519.0,4.691532064074029,971260.0
B_k3_c0.05_r0.001,B,negative_control,SMSP,30.0,2500,30,30,0,0,0,-35.66931550079489,0.007714117398066083,-8.685885305199627e-06,0.5066587426619431,519.0,4.671569461546217,971260.0
B_k3_c0.05_r0.001,B,negative_control,SMSP,30.0,3750,30,30,0,0,0,-35.66937332324084,0.007714129027378152,-8.685885305199627e-06,0.5066587426619431,519.0,4.649336088914424,971260.0
B_k3_c0.05_r0.001,B,negative_control,SMSP,30.0,4500,30,30,0,0,0,-35.66895189168213,0.007651522421165951,-8.685885304235298e-06,0.5066587426619431,519.0,4.689740304214259,971260.0
B_k3_c0.05_r0.001,B,negative_control,SMSP,30.0,500,30,30,0,0,0,-13.2043874637234,0.007787291074299189,-8.685885305199627e-06,0.5104112465773183,96.0,4.694380733417347,971260.0
B_k3_c0.05_r0.001,B,negative_control,SMSP,5.0,1250,30,30,0,0,0,18.686556818445307,0.024340806208818056,-8.685885308092608e-06,0.5284631931808598,2.0,4.675729198303695,971260.0
B_k3_c0.05_r0.001,B,negative_control,SMSP,5.0,2500,30,30,0,0,0,18.676677468377754,0.024543952132672475,-8.685885305199627e-06,0.5284631931808598,2.0,4.625545834035923,971260.0
B_k3_c0.05_r0.001,B,negative_control,SMSP,5.0,3750,30,30,0,0,0,18.6589597630198,0.024551627797145304,-8.685885305199627e-06,0.5284631931808598,2.0,4.653727757977322,971260.0
B_k3_c0.05_r0.001,B,negative_control,SMSP,5.0,4500,30,30,0,0,0,18.689946611274127,0.024498312670399706,-8.685885304235298e-06,0.5284631931808599,2.0,4.690800034829105,971260.0
B_k3_c0.05_r0.001,B,negative_control,SMSP,5.0,500,30,30,0,0,0,14.7408229413443,0.022062155729603187,-8.685885305199627e-06,0.5164761530524177,0.0,4.725954064633697,971260.0
B_k3_c0.05_r0.001,B,target_jammer,NoiseConvolutionJamming,0.0,1250,30,30,0,0,0,13.389157353809594,0.2014760100681161,-8.685885308092608e-06,0.5418706209325149,0.9666666666666667,4.578600065239395,971301.4
B_k3_c0.05_r0.001,B,target_jammer,NoiseConvolutionJamming,0.0,2500,30,30,0,0,0,13.358547979242047,0.20159458098107488,-8.685885305199627e-06,0.541870620932515,0.9666666666666667,4.551583233599861,971301.4
B_k3_c0.05_r0.001,B,target_jammer,NoiseConvolutionJamming,0.0,3750,30,30,0,0,0,13.305454485087807,0.20215694325019523,-8.685885305199627e-06,0.541870620932515,0.9666666666666667,4.5238403719849885,971301.4
B_k3_c0.05_r0.001,B,target_jammer,NoiseConvolutionJamming,0.0,4500,30,30,0,0,0,13.313988268549169,0.20217670585644737,-8.685885304235298e-06,0.5418874502625256,0.9666666666666667,4.557615301261346,971301.4
B_k3_c0.05_r0.001,B,target_jammer,NoiseConvolutionJamming,0.0,500,30,30,0,0,0,10.42711225874571,0.2098577221036819,-8.685885305199627e-06,0.5444353985000144,0.0,4.606963866778339,971316.7333333333
B_k3_c0.05_r0.001,B,target_jammer,NoiseConvolutionJamming,10.0,1250,30,30,0,0,0,22.572924070667533,0.5702068080298227,-8.685885308092608e-06,0.5129149057490708,1.4333333333333333,4.656983401703958,971306.0
B_k3_c0.05_r0.001,B,target_jammer,NoiseConvolutionJamming,10.0,2500,30,30,0,0,0,22.571663656202094,0.5702074786779912,-8.685885305199627e-06,0.5129149057490711,1.4333333333333333,4.664965200936422,971306.0
B_k3_c0.05_r0.001,B,target_jammer,NoiseConvolutionJamming,10.0,3750,30,30,0,0,0,22.56593324470683,0.570250202966367,-8.685885305199627e-06,0.512914905749071,1.4333333333333333,4.6373861356793595,971306.0
B_k3_c0.05_r0.001,B,target_jammer,NoiseConvolutionJamming,10.0,4500,30,30,0,0,0,22.60414185853647,0.5702732317183627,-8.685885304235298e-06,0.5109612818328659,1.2,4.655154099843155,971306.0
B_k3_c0.05_r0.001,B,target_jammer,NoiseConvolutionJamming,10.0,500,30,30,0,0,0,19.2806238438316,0.5239531728824321,-8.685885305199627e-06,0.5047176108891122,0.23333333333333334,4.730601538904011,971306.0
B_k3_c0.05_r0.001,B,target_jammer,NoiseConvolutionJamming,20.0,1250,30,30,0,0,0,-14.614063671115389,6.659969236394645,-8.685885308092608e-06,0.5036169697905563,250.63333333333333,4.655118001392111,971306.0
B_k3_c0.05_r0.001,B,target_jammer,NoiseConvolutionJamming,20.0,2500,30,30,0,0,0,-14.61236652065939,6.660093623006335,-8.685885305199627e-06,0.5036169697905563,250.63333333333333,4.645098536275327,971306.0
B_k3_c0.05_r0.001,B,target_jammer,NoiseConvolutionJamming,20.0,3750,30,30,0,0,0,-14.612944749981466,6.6600918375264735,-8.685885305199627e-06,0.5036169697905564,250.63333333333333,4.6203569664309425,971306.0
B_k3_c0.05_r0.001,B,target_jammer,NoiseConvolutionJamming,20.0,4500,30,30,0,0,0,-14.608475553602238,7.968803411911049,-8.685885304235298e-06,0.4888380820036782,263.8666666666667,4.645777802215889,971306.0
B_k3_c0.05_r0.001,B,target_jammer,NoiseConvolutionJamming,20.0,500,30,30,0,0,0,0.6067737227880389,6.989909029084882,-8.685885305199627e-06,0.4558881961663092,68.43333333333334,4.710012435680255,971306.0
B_k3_c0.05_r0.001,B,target_jammer,NoiseConvolutionJamming,30.0,1250,30,30,0,0,0,-14.37140154761198,5.8589527183615235,-8.685885308092608e-06,0.5032200004563818,253.1,4.607006901642308,971306.0
B_k3_c0.05_r0.001,B,target_jammer,NoiseConvolutionJamming,30.0,2500,30,30,0,0,0,-14.369391293700271,5.8590703527992,-8.685885305199627e-06,0.5032200004563818,253.1,4.643226234475151,971306.0
B_k3_c0.05_r0.001,B,target_jammer,NoiseConvolutionJamming,30.0,3750,30,30,0,0,0,-14.369449188453217,5.859070217351638,-8.685885305199627e-06,0.5032200004563818,253.1,4.573234869167209,971306.0
B_k3_c0.05_r0.001,B,target_jammer,NoiseConvolutionJamming,30.0,4500,30,30,0,0,0,-17.188423616641966,6.343479911960916,-8.685885304235298e-06,0.48795501149806964,280.93333333333334,4.618540293692301,971306.0
B_k3_c0.05_r0.001,B,target_jammer,NoiseConvolutionJamming,30.0,500,30,30,0,0,0,-4.264142262387968,5.781859031266566,-8.685885305199627e-06,0.44373239837069095,80.76666666666667,4.711548594059423,971306.0
B_k3_c0.05_r0.001,B,target_jammer,NoiseConvolutionJamming,5.0,1250,30,30,0,0,0,18.013468588811033,0.3386243794295314,-8.685885308092608e-06,0.5271696002534484,0.9666666666666667,4.623704122301812,971306.0
B_k3_c0.05_r0.001,B,target_jammer,NoiseConvolutionJamming,5.0,2500,30,30,0,0,0,18.00471246638598,0.338633645914172,-8.685885305199627e-06,0.5271696002534484,0.9666666666666667,4.654068090409662,971306.0
B_k3_c0.05_r0.001,B,target_jammer,NoiseConvolutionJamming,5.0,3750,30,30,0,0,0,17.986940048142838,0.3387728098089171,-8.685885305199627e-06,0.5271696002534484,0.9666666666666667,4.648204169158514,971306.0
B_k3_c0.05_r0.001,B,target_jammer,NoiseConvolutionJamming,5.0,4500,30,30,0,0,0,18.01790104463304,0.33869786355639425,-8.685885304235298e-06,0.5271551480270732,0.9333333333333333,4.654388863127679,971306.0
B_k3_c0.05_r0.001,B,target_jammer,NoiseConvolutionJamming,5.0,500,30,30,0,0,0,14.798129284348203,0.3215253094318019,-8.685885305199627e-06,0.5270249038321282,0.03333333333333333,4.70737376017496,971306.0
B_k3_c0.05_r0.001,B,target_jammer,NoiseProductJamming,0.0,1250,30,30,0,0,0,12.391110000320046,0.22317148405914078,-8.685885308092608e-06,0.5426804400066892,1.0666666666666667,4.515669430838898,971324.0666666667
B_k3_c0.05_r0.001,B,target_jammer,NoiseProductJamming,0.0,2500,30,30,0,0,0,12.347799085680476,0.22402768155192676,-8.685885305199627e-06,0.5426804400066892,1.0666666666666667,10.446459869854152,971309.0666666667
B_k3_c0.05_r0.001,B,target_jammer,NoiseProductJamming,0.0,3750,30,30,0,0,0,12.277499415783348,0.22488975754038643,-8.685885305199627e-06,0.5426804400066892,1.0666666666666667,4.495391697855666,971293.7333333333
B_k3_c0.05_r0.001,B,target_jammer,NoiseProductJamming,0.0,4500,30,30,0,0,0,12.274838411034244,0.2255421806546924,-8.685885304235298e-06,0.5426831514522094,1.0666666666666667,4.525227802029501,971313.6666666666
B_k3_c0.05_r0.001,B,target_jammer,NoiseProductJamming,0.0,500,30,30,0,0,0,12.204999120939023,0.22262868714752318,-8.685885305199627e-06,0.5425229613970342,0.0,4.525765334255993,971479.0666666667
B_k3_c0.05_r0.001,B,target_jammer,NoiseProductJamming,10.0,1250,30,30,0,0,0,21.93133748379085,0.5645676398736893,-8.685885308092608e-06,0.5119773014322548,1.7333333333333334,4.634451460636531,971260.0
B_k3_c0.05_r0.001,B,target_jammer,NoiseProductJamming,10.0,2500,30,30,0,0,0,21.926541629179773,0.5646136198640315,-8.685885305199627e-06,0.5119773014322548,1.7333333333333334,4.607138998107985,971260.0
B_k3_c0.05_r0.001,B,target_jammer,NoiseProductJamming,10.0,3750,30,30,0,0,0,21.918815544269457,0.5646880657997442,-8.685885305199627e-06,0.5119773014322548,1.7333333333333334,4.60339019773528,971260.0
B_k3_c0.05_r0.001,B,target_jammer,NoiseProductJamming,10.0,4500,30,30,0,0,0,21.955792603693464,0.5646513206662425,-8.685885304235298e-06,0.5108235912607215,1.6,4.6489417979804175,971260.0
B_k3_c0.05_r0.001,B,target_jammer,NoiseProductJamming,10.0,500,30,30,0,0,0,21.80087308535008,0.5669020502924893,-8.685885305199627e-06,0.48828378607679296,0.13333333333333333,4.697737501313289,971352.0
B_k3_c0.05_r0.001,B,target_jammer,NoiseProductJamming,20.0,1250,30,30,0,0,0,-15.779161441087712,4.619389592918108,-8.685885308092608e-06,0.5046089310716857,203.03333333333333,4.653002903796732,971273.8
B_k3_c0.05_r0.001,B,target_jammer,NoiseProductJamming,20.0,2500,30,30,0,0,0,-15.779751548686212,4.619412536397027,-8.685885305199627e-06,0.5046089310716858,203.03333333333333,4.70681389560923,971270.7333333333
B_k3_c0.05_r0.001,B,target_jammer,NoiseProductJamming,20.0,3750,30,30,0,0,0,-15.780531690654003,4.619414849867782,-8.685885305199627e-06,0.5046089310716858,203.03333333333333,4.668355603159095,971272.2666666667
B_k3_c0.05_r0.001,B,target_jammer,NoiseProductJamming,20.0,4500,30,30,0,0,0,-16.211682249966948,4.56896390008564,-8.685885304235298e-06,0.5032261049908641,207.06666666666666,4.639326460892335,971270.7333333333
B_k3_c0.05_r0.001,B,target_jammer,NoiseProductJamming,20.0,500,30,30,0,0,0,-0.6538332395210279,5.998456014457477,-8.685885305199627e-06,0.41393261322063696,62.733333333333334,4.746783361770213,971321.3333333334
B_k3_c0.05_r0.001,B,target_jammer,NoiseProductJamming,30.0,1250,30,30,0,0,0,-15.522119698630895,3.8683799233029648,-8.685885308092608e-06,0.5041591050203084,205.96666666666667,4.692825098754838,971272.2666666667
B_k3_c0.05_r0.001,B,target_jammer,NoiseProductJamming,30.0,2500,30,30,0,0,0,-15.522277699759252,3.868412992445908,-8.685885305199627e-06,0.5041591050203083,205.96666666666667,4.628798573200281,971272.2666666667
B_k3_c0.05_r0.001,B,target_jammer,NoiseProductJamming,30.0,3750,30,30,0,0,0,-15.522355783763722,3.8684132368173527,-8.685885305199627e-06,0.5041591050203084,205.96666666666667,4.657559698292364,971275.3333333334
B_k3_c0.05_r0.001,B,target_jammer,NoiseProductJamming,30.0,4500,30,30,0,0,0,-16.228283942042417,3.8224426431656093,-8.685885304235298e-06,0.4998983981194627,214.76666666666668,4.642447194783017,971275.3333333334
B_k3_c0.05_r0.001,B,target_jammer,NoiseProductJamming,30.0,500,30,30,0,0,0,-2.139975626201091,5.436707185390148,-8.685885305199627e-06,0.4100179359437509,71.16666666666667,4.733511027491962,971327.4666666667
B_k3_c0.05_r0.001,B,target_jammer,NoiseProductJamming,5.0,1250,30,30,0,0,0,17.124753549773235,0.3673158998196949,-8.685885308092608e-06,0.5272042469864714,1.2,4.694279029111688,971342.8
B_k3_c0.05_r0.001,B,target_jammer,NoiseProductJamming,5.0,2500,30,30,0,0,0,17.109939181791614,0.36752231241752026,-8.685885305199627e-06,0.5272042469864714,1.2,4.685901342115055,971339.7333333333
B_k3_c0.05_r0.001,B,target_jammer,NoiseProductJamming,5.0,3750,30,30,0,0,0,17.086071812193072,0.3677605252859408,-8.685885305199627e-06,0.5272042469864713,1.2,4.6531291387509555,971325.9333333333
B_k3_c0.05_r0.001,B,target_jammer,NoiseProductJamming,5.0,4500,30,30,0,0,0,17.11327729553509,0.36794212511425495,-8.685885304235298e-06,0.5272106666784755,1.2,4.635779092010732,971348.9333333333
B_k3_c0.05_r0.001,B,target_jammer,NoiseProductJamming,5.0,500,30,30,0,0,0,16.953604224779305,0.3659694144799382,-8.685885305199627e-06,0.5225486687852775,0.0,4.724649894827356,971355.0666666667
B_k3_c0.05_r0.01,B,negative_control,AMNoiseGaiJam,0.0,1250,30,30,0,0,0,8.34516170151558,0.09614220302524848,-8.685846209919741e-05,0.5617875009587103,1.0,4.774907000440483,971272.2666666667
B_k3_c0.05_r0.01,B,negative_control,AMNoiseGaiJam,0.0,2500,30,30,0,0,0,8.286278077346644,0.09826467722207806,-8.685846209726876e-05,0.5617875009587103,1.0,4.716580597839008,971266.1333333333
B_k3_c0.05_r0.01,B,negative_control,AMNoiseGaiJam,0.0,3750,30,30,0,0,0,8.124875237525101,0.09997459484170965,-8.685846209919741e-05,0.5617875009587103,1.0,4.712548671523109,971269.2
B_k3_c0.05_r0.01,B,negative_control,AMNoiseGaiJam,0.0,4500,30,30,0,0,0,8.062337474826307,0.10121826897825209,-8.685846209726876e-05,0.5619096381331691,1.0,4.731011163676158,971270.7333333333
B_k3_c0.05_r0.01,B,negative_control,AMNoiseGaiJam,0.0,500,30,30,0,0,0,6.218283750556675,0.08875712313273672,-8.685846209919741e-05,0.5610745037359834,0.0,4.803393030306324,971276.8666666667
B_k3_c0.05_r0.01,B,negative_control,AMNoiseGaiJam,10.0,1250,30,30,0,0,0,16.51881778850044,0.14140607005921532,-8.685846209919741e-05,0.5353999559887629,0.8333333333333334,4.6779109999382245,971260.0
B_k3_c0.05_r0.01,B,negative_control,AMNoiseGaiJam,10.0,2500,30,30,0,0,0,16.543920670430825,0.14054920373358445,-8.685846209726876e-05,0.5353999559887629,0.8333333333333334,4.626237498208259,971260.0
B_k3_c0.05_r0.01,B,negative_control,AMNoiseGaiJam,10.0,3750,30,30,0,0,0,16.52415463111507,0.14072951740183828,-8.685846209919741e-05,0.5353999559887629,0.8333333333333334,4.5961542016205685,971260.0
B_k3_c0.05_r0.01,B,negative_control,AMNoiseGaiJam,10.0,4500,30,30,0,0,0,16.55403650278118,0.14075696522079229,-8.685846209726876e-05,0.5353999559887629,0.8333333333333334,4.6306972042657435,971260.0
B_k3_c0.05_r0.01,B,negative_control,AMNoiseGaiJam,10.0,500,30,30,0,0,0,13.46831156470453,0.17184643457377194,-8.685846209919741e-05,0.5404962295909604,0.0,4.697626433335245,971260.0
B_k3_c0.05_r0.01,B,negative_control,AMNoiseGaiJam,20.0,1250,30,30,0,0,0,24.227691285626026,0.2474695594562749,-8.685846209919741e-05,0.5117983370683696,0.3333333333333333,4.6111807285342366,971260.0
B_k3_c0.05_r0.01,B,negative_control,AMNoiseGaiJam,20.0,2500,30,30,0,0,0,24.263126435171884,0.24679270845122278,-8.685846209726876e-05,0.5117983370683695,0.3333333333333333,4.5346917293500155,971260.0
B_k3_c0.05_r0.01,B,negative_control,AMNoiseGaiJam,20.0,3750,30,30,0,0,0,24.261119444448962,0.246795650058459,-8.685846209919741e-05,0.5117983370683696,0.3333333333333333,4.536083169902365,971260.0
B_k3_c0.05_r0.01,B,negative_control,AMNoiseGaiJam,20.0,4500,30,30,0,0,0,24.302222237876382,0.24677699491539865,-8.685846209726876e-05,0.5117983370683696,0.3333333333333333,4.551752736248697,971260.0
B_k3_c0.05_r0.01,B,negative_control,AMNoiseGaiJam,20.0,500,30,30,0,0,0,21.00508571101116,0.28442250808428654,-8.685846209919741e-05,0.5196137607837878,0.0,4.6115888670707745,971260.0
B_k3_c0.05_r0.01,B,negative_control,AMNoiseGaiJam,30.0,1250,30,30,0,0,0,-19.658671334114548,8.52649250431013,-8.685846209919741e-05,0.5021213849381031,307.56666666666666,4.686347232200205,971260.0
B_k3_c0.05_r0.01,B,negative_control,AMNoiseGaiJam,30.0,2500,30,30,0,0,0,-19.622670919700404,8.52687551852075,-8.685846209726876e-05,0.5021213849381031,307.56666666666666,4.624069423880428,971260.0
B_k3_c0.05_r0.01,B,negative_control,AMNoiseGaiJam,30.0,3750,30,30,0,0,0,-19.62287145194966,8.52687714467522,-8.685846209919741e-05,0.5021213849381031,307.56666666666666,4.626794465972732,971260.0
B_k3_c0.05_r0.01,B,negative_control,AMNoiseGaiJam,30.0,4500,30,30,0,0,0,-19.615828833602567,8.53218622681053,-8.685846209726876e-05,0.5023024974315178,307.56666666666666,4.637802861786137,971260.0
B_k3_c0.05_r0.01,B,negative_control,AMNoiseGaiJam,30.0,500,30,30,0,0,0,16.71441325764549,5.950888377143852,-8.685846209919741e-05,0.5052163168252609,22.633333333333333,4.70597503396372,971260.0
B_k3_c0.05_r0.01,B,negative_control,AMNoiseGaiJam,5.0,1250,30,30,0,0,0,12.27536620323926,0.11887069645296178,-8.685846209919741e-05,0.5487083133082802,1.0,4.626295839746793,971260.0
B_k3_c0.05_r0.01,B,negative_control,AMNoiseGaiJam,5.0,2500,30,30,0,0,0,12.276699548558136,0.11864314952489131,-8.685846209726876e-05,0.5487083133082802,1.0,4.637256934074685,971260.0
B_k3_c0.05_r0.01,B,negative_control,AMNoiseGaiJam,5.0,3750,30,30,0,0,0,12.217168380529378,0.11931152898666314,-8.685846209919741e-05,0.5487083133082802,1.0,4.620017970834549,971260.0
B_k3_c0.05_r0.01,B,negative_control,AMNoiseGaiJam,5.0,4500,30,30,0,0,0,12.221610449390392,0.1196567067582189,-8.685846209726876e-05,0.5487083133082802,1.0,4.638143101086219,971260.0
B_k3_c0.05_r0.01,B,negative_control,AMNoiseGaiJam,5.0,500,30,30,0,0,0,9.526975113012488,0.1338140585501045,-8.685846209919741e-05,0.5508897304660471,0.0,4.716543135388444,971260.0
B_k3_c0.05_r0.01,B,negative_control,FMNoiseAimedJam,0.0,1250,30,30,0,0,0,10.251703608514894,0.1709537007951976,-8.685846209919741e-05,0.5504903746447259,1.0,4.712109737253438,971261.5333333333
B_k3_c0.05_r0.01,B,negative_control,FMNoiseAimedJam,0.0,2500,30,30,0,0,0,10.21902489406434,0.17269654294841005,-8.685846209726876e-05,0.5504903746447259,1.0,4.675077730401729,971261.5333333333
B_k3_c0.05_r0.01,B,negative_control,FMNoiseAimedJam,0.0,3750,30,30,0,0,0,10.108875600016813,0.17468754643699871,-8.685846209919741e-05,0.5504903746447259,1.0,4.660851300771658,971261.5333333333
B_k3_c0.05_r0.01,B,negative_control,FMNoiseAimedJam,0.0,4500,30,30,0,0,0,10.081448473538519,0.17627016800049988,-8.685846209726876e-05,0.5504903746447259,1.0,4.688448602488886,971261.5333333333
B_k3_c0.05_r0.01,B,negative_control,FMNoiseAimedJam,0.0,500,30,30,0,0,0,7.372832106069964,0.18712015782563032,-8.685846209919741e-05,0.5551872697591044,0.0,4.7651457677905755,971261.5333333333
B_k3_c0.05_r0.01,B,negative_control,FMNoiseAimedJam,10.0,1250,30,30,0,0,0,19.342106547945335,0.3912802816608071,-8.685846209919741e-05,0.5208488693955978,1.1666666666666667,4.636700061382726,971306.0
B_k3_c0.05_r0.01,B,negative_control,FMNoiseAimedJam,10.0,2500,30,30,0,0,0,19.36949170933045,0.39081431485837304,-8.685846209726876e-05,0.5208488693955978,1.1666666666666667,4.609080631053075,971306.0
B_k3_c0.05_r0.01,B,negative_control,FMNoiseAimedJam,10.0,3750,30,30,0,0,0,19.35669418697503,0.3909170183161533,-8.685846209919741e-05,0.5208488693955978,1.1666666666666667,11.116722164054712,971306.0
B_k3_c0.05_r0.01,B,negative_control,FMNoiseAimedJam,10.0,4500,30,30,0,0,0,19.391002600696762,0.3910140507427675,-8.685846209726876e-05,0.5207342907912665,1.1333333333333333,4.589081943656008,971306.0
B_k3_c0.05_r0.01,B,negative_control,FMNoiseAimedJam,10.0,500,30,30,0,0,0,15.725898322961276,0.4184065114948266,-8.685846209919741e-05,0.5239203291527538,0.03333333333333333,4.706538932320352,971306.0
B_k3_c0.05_r0.01,B,negative_control,FMNoiseAimedJam,20.0,1250,30,30,0,0,0,-18.56248833844431,9.216334554730503,-8.685846209919741e-05,0.5040042031471101,347.76666666666665,4.594629135681316,971306.0
B_k3_c0.05_r0.01,B,negative_control,FMNoiseAimedJam,20.0,2500,30,30,0,0,0,-18.52804461771634,9.214873271384487,-8.685846209726876e-05,0.5040042031471101,347.76666666666665,4.568534664576873,971306.0
B_k3_c0.05_r0.01,B,negative_control,FMNoiseAimedJam,20.0,3750,30,30,0,0,0,-18.5293448244634,9.214880940160072,-8.685846209919741e-05,0.5040042031471101,347.76666666666665,4.555630631512031,971306.0
B_k3_c0.05_r0.01,B,negative_control,FMNoiseAimedJam,20.0,4500,30,30,0,0,0,-18.52032978559309,9.220741386574213,-8.685846209726876e-05,0.503800141108628,347.73333333333335,4.571623725738998,971306.0
B_k3_c0.05_r0.01,B,negative_control,FMNoiseAimedJam,20.0,500,30,30,0,0,0,11.203165410336311,6.91400932813803,-8.685846209919741e-05,0.4743351571233717,44.06666666666667,4.6204930695239455,971306.0
B_k3_c0.05_r0.01,B,negative_control,FMNoiseAimedJam,30.0,1250,30,30,0,0,0,-27.23051708524286,5.313861006718223,-8.685846209919741e-05,0.5038569512244251,434.6333333333333,4.697470869480942,971306.0
B_k3_c0.05_r0.01,B,negative_control,FMNoiseAimedJam,30.0,2500,30,30,0,0,0,-27.195320382771293,5.313553661235901,-8.685846209726876e-05,0.5038569512244251,434.6333333333333,4.652408302839224,971306.0
B_k3_c0.05_r0.01,B,negative_control,FMNoiseAimedJam,30.0,3750,30,30,0,0,0,-27.19545059358404,5.313554216964596,-8.685846209919741e-05,0.5038569512244251,434.6333333333333,4.633766697952524,971306.0
B_k3_c0.05_r0.01,B,negative_control,FMNoiseAimedJam,30.0,4500,30,30,0,0,0,-27.193947450089915,5.315054652866274,-8.685846209726876e-05,0.5040225026524457,434.6333333333333,4.650415270589292,971306.0
B_k3_c0.05_r0.01,B,negative_control,FMNoiseAimedJam,30.0,500,30,30,0,0,0,-7.459074307977507,5.7283352795587,-8.685846209919741e-05,0.4648937044132356,119.3,4.740806870783369,971306.0
B_k3_c0.05_r0.01,B,negative_control,FMNoiseAimedJam,5.0,1250,30,30,0,0,0,14.641999827346933,0.24534414716995373,-8.685846209919741e-05,0.5357057519396563,0.9333333333333333,4.692604165757075,971293.7333333333
B_k3_c0.05_r0.01,B,negative_control,FMNoiseAimedJam,5.0,2500,30,30,0,0,0,14.652856542184685,0.24537217897588895,-8.685846209726876e-05,0.5357057519396563,0.9333333333333333,4.651151403474311,971293.7333333333
B_k3_c0.05_r0.01,B,negative_control,FMNoiseAimedJam,5.0,3750,30,30,0,0,0,14.613891709566929,0.24585092204428388,-8.685846209919741e-05,0.5357057519396563,0.9333333333333333,4.639675002545118,971293.7333333333
B_k3_c0.05_r0.01,B,negative_control,FMNoiseAimedJam,5.0,4500,30,30,0,0,0,14.631866146877092,0.24629344620996854,-8.685846209726876e-05,0.5357057519396563,0.9333333333333333,4.628995934035629,971293.7333333333
B_k3_c0.05_r0.01,B,negative_control,FMNoiseAimedJam,5.0,500,30,30,0,0,0,11.240926511687572,0.27092803766134843,-8.685846209919741e-05,0.5410412663647676,0.0,4.733129229862243,971293.7333333333
B_k3_c0.05_r0.01,B,negative_control,FMNoiseSaopin,0.0,1250,30,30,0,0,0,7.45834209185359,1.0753400388979457,-8.685846209919741e-05,0.5747373391541397,1.0,4.699965364610155,971260.0
B_k3_c0.05_r0.01,B,negative_control,FMNoiseSaopin,0.0,2500,30,30,0,0,0,7.85315294808068,1.1348343648820927,-8.685846209726876e-05,0.5688713088397567,1.0,4.706787634252881,971260.0
B_k3_c0.05_r0.01,B,negative_control,FMNoiseSaopin,0.0,3750,30,30,0,0,0,7.59247344082649,1.2133593103799007,-8.685846209919741e-05,0.5688713088397567,1.0,4.659205461697032,971260.0
B_k3_c0.05_r0.01,B,negative_control,FMNoiseSaopin,0.0,4500,30,30,0,0,0,7.45628411773995,1.2679944586429133,-8.685846209726876e-05,0.5691832109824222,1.0,4.668468124388407,971260.0
B_k3_c0.05_r0.01,B,negative_control,FMNoiseSaopin,0.0,500,30,30,0,0,0,2.620618944719726,0.0509334006501135,-8.685846209919741e-05,0.5838731113787811,0.0,4.746801336295903,971260.0
B_k3_c0.05_r0.01,B,negative_control,FMNoiseSaopin,10.0,1250,30,30,0,0,0,14.17095645686231,2.332165004202137,-8.685846209919741e-05,0.5569938802965552,1.0,4.586843234331657,971260.0
B_k3_c0.05_r0.01,B,negative_control,FMNoiseSaopin,10.0,2500,30,30,0,0,0,15.128483183956169,2.2670489570277055,-8.685846209726876e-05,0.5428039354204028,1.0,4.5599235959040625,971260.0
B_k3_c0.05_r0.01,B,negative_control,FMNoiseSaopin,10.0,3750,30,30,0,0,0,15.010611742067432,2.3312075455850905,-8.685846209919741e-05,0.5428039354204028,1.0,4.558040265692398,971260.0
B_k3_c0.05_r0.01,B,negative_control,FMNoiseSaopin,10.0,4500,30,30,0,0,0,14.97501209978318,2.37379142051636,-8.685846209726876e-05,0.5428039354204028,1.0,4.568909706237416,971260.0
B_k3_c0.05_r0.01,B,negative_control,FMNoiseSaopin,10.0,500,30,30,0,0,0,2.6547894517030013,0.048568456749433365,-8.685846209919741e-05,0.5832725367087356,0.0,4.615484637906775,971260.0
B_k3_c0.05_r0.01,B,negative_control,FMNoiseSaopin,20.0,1250,30,30,0,0,0,22.321671433034066,3.398677370690035,-8.685846209919741e-05,0.5334906876377625,1.0,4.668795831579094,971260.0
B_k3_c0.05_r0.01,B,negative_control,FMNoiseSaopin,20.0,2500,30,30,0,0,0,12.675588532225333,22.18138937939128,-8.685846209726876e-05,0.51266977057441,45.766666666666666,4.623247275594622,971260.0
B_k3_c0.05_r0.01,B,negative_control,FMNoiseSaopin,20.0,3750,30,30,0,0,0,12.658400407483075,22.163481228275508,-8.685846209919741e-05,0.51266977057441,45.766666666666666,4.634422203525901,971260.0
B_k3_c0.05_r0.01,B,negative_control,FMNoiseSaopin,20.0,4500,30,30,0,0,0,12.560023090926695,22.405083030576172,-8.685846209726876e-05,0.51266977057441,45.766666666666666,4.657526434554408,971260.0
B_k3_c0.05_r0.01,B,negative_control,FMNoiseSaopin,20.0,500,30,30,0,0,0,2.949769278950025,0.12957655023046036,-8.685846209919741e-05,0.5804558023273205,0.0,4.719287527647491,971260.0
B_k3_c0.05_r0.01,B,negative_control,FMNoiseSaopin,30.0,1250,30,30,0,0,0,-1.0176549730914755,8.67053920389905,-8.685846209919741e-05,0.45449939123535626,326.1333333333333,4.6848444326315075,971260.0
B_k3_c0.05_r0.01,B,negative_control,FMNoiseSaopin,30.0,2500,30,30,0,0,0,-146.71602131091979,55.67890858168059,-8.685846209726876e-05,0.5035174453888602,791.8666666666667,4.673606830571468,971260.0
B_k3_c0.05_r0.01,B,negative_control,FMNoiseSaopin,30.0,3750,30,30,0,0,0,-146.6037136954638,55.63564595466767,-8.685846209919741e-05,0.5035174453888602,791.8666666666667,4.666817898396403,971260.0
B_k3_c0.05_r0.01,B,negative_control,FMNoiseSaopin,30.0,4500,30,30,0,0,0,-146.7080348879705,55.681530617572285,-8.685846209726876e-05,0.5035174453888602,791.8666666666667,4.651841662901764,971260.0
B_k3_c0.05_r0.01,B,negative_control,FMNoiseSaopin,30.0,500,30,30,0,0,0,4.714239605081497,0.7243794070337484,-8.685846209919741e-05,0.569316980330511,0.0,4.699619428720325,971260.0
B_k3_c0.05_r0.01,B,negative_control,FMNoiseSaopin,5.0,1250,30,30,0,0,0,10.564431688215626,1.6887279126799755,-8.685846209919741e-05,0.5668934628973836,1.0,4.639152732367317,971260.0
B_k3_c0.05_r0.01,B,negative_control,FMNoiseSaopin,5.0,2500,30,30,0,0,0,11.232719525152422,1.7228112625915988,-8.685846209726876e-05,0.5571956039464221,1.0,4.6369792699503405,971260.0
B_k3_c0.05_r0.01,B,negative_control,FMNoiseSaopin,5.0,3750,30,30,0,0,0,11.05470914595282,1.8027621159670526,-8.685846209919741e-05,0.5571956039464221,1.0,4.592397209489718,971260.0
B_k3_c0.05_r0.01,B,negative_control,FMNoiseSaopin,5.0,4500,30,30,0,0,0,10.976639827160424,1.8573716697062082,-8.685846209726876e-05,0.5572604995393066,1.0,4.642820839459698,971260.0
B_k3_c0.05_r0.01,B,negative_control,FMNoiseSaopin,5.0,500,30,30,0,0,0,2.629249853504005,0.04960648622078881,-8.685846209919741e-05,0.5836958964783087,0.0,4.699843029569213,971260.0
B_k3_c0.05_r0.01,B,negative_control,NoJammer,0.0,1250,30,30,0,0,0,4.630213180057521,0.06760654415899318,-8.685846209919741e-05,0.583899947052554,0.0,4.716479196213186,971306.0
B_k3_c0.05_r0.01,B,negative_control,NoJammer,0.0,2500,30,30,0,0,0,4.155875054607064,0.07136000226643253,-8.685846209726876e-05,0.5838304738715105,0.0,4.664323603113492,971306.0
B_k3_c0.05_r0.01,B,negative_control,NoJammer,0.0,3750,30,30,0,0,0,3.2139553238037775,0.08535940187087952,-8.685846209919741e-05,0.5843771174358517,0.0,4.649805570564543,971306.0
B_k3_c0.05_r0.01,B,negative_control,NoJammer,0.0,4500,30,30,0,0,0,2.5339800488243736,0.08981321148251198,-8.685846209726876e-05,0.5854766072875492,0.0,4.696565307676792,971306.0
B_k3_c0.05_r0.01,B,negative_control,NoJammer,0.0,500,30,30,0,0,0,4.192044702720216,0.07264840056099496,-8.685846209919741e-05,0.5850114759676347,0.0,4.774762532906607,971306.0
B_k3_c0.05_r0.01,B,negative_control,NoJammer,10.0,1250,30,30,0,0,0,4.630213180057521,0.06760654415899318,-8.685846209919741e-05,0.583899947052554,0.0,4.8737084279612946,971306.0
B_k3_c0.05_r0.01,B,negative_control,NoJammer,10.0,2500,30,30,0,0,0,4.155875054607064,0.07136000226643253,-8.685846209726876e-05,0.5838304738715105,0.0,4.873204002312074,971306.0
B_k3_c0.05_r0.01,B,negative_control,NoJammer,10.0,3750,30,30,0,0,0,3.2139553238037775,0.08535940187087952,-8.685846209919741e-05,0.5843771174358517,0.0,4.851942975074053,971306.0
B_k3_c0.05_r0.01,B,negative_control,NoJammer,10.0,4500,30,30,0,0,0,2.5339800488243736,0.08981321148251198,-8.685846209726876e-05,0.5854766072875492,0.0,4.839320799025397,971306.0
B_k3_c0.05_r0.01,B,negative_control,NoJammer,10.0,500,30,30,0,0,0,4.192044702720216,0.07264840056099496,-8.685846209919741e-05,0.5850114759676347,0.0,4.913543059956282,971306.0
B_k3_c0.05_r0.01,B,negative_control,NoJammer,20.0,1250,30,30,0,0,0,4.630213180057521,0.06760654415899318,-8.685846209919741e-05,0.583899947052554,0.0,4.70273745401452,971306.0
B_k3_c0.05_r0.01,B,negative_control,NoJammer,20.0,2500,30,30,0,0,0,4.155875054607064,0.07136000226643253,-8.685846209726876e-05,0.5838304738715105,0.0,4.748163905848439,971306.0
B_k3_c0.05_r0.01,B,negative_control,NoJammer,20.0,3750,30,30,0,0,0,3.2139553238037775,0.08535940187087952,-8.685846209919741e-05,0.5843771174358517,0.0,4.719576394806306,971306.0
B_k3_c0.05_r0.01,B,negative_control,NoJammer,20.0,4500,30,30,0,0,0,2.5339800488243736,0.08981321148251198,-8.685846209726876e-05,0.5854766072875492,0.0,4.725845938082784,971306.0
B_k3_c0.05_r0.01,B,negative_control,NoJammer,20.0,500,30,30,0,0,0,4.192044702720216,0.07264840056099496,-8.685846209919741e-05,0.5850114759676347,0.0,4.867615327627088,971306.0
B_k3_c0.05_r0.01,B,negative_control,NoJammer,30.0,1250,30,30,0,0,0,4.630213180057521,0.06760654415899318,-8.685846209919741e-05,0.583899947052554,0.0,4.754648563296844,971306.0
B_k3_c0.05_r0.01,B,negative_control,NoJammer,30.0,2500,30,30,0,0,0,4.155875054607064,0.07136000226643253,-8.685846209726876e-05,0.5838304738715105,0.0,4.736443100652347,971306.0
B_k3_c0.05_r0.01,B,negative_control,NoJammer,30.0,3750,30,30,0,0,0,3.2139553238037775,0.08535940187087952,-8.685846209919741e-05,0.5843771174358517,0.0,4.695259769990419,971306.0
B_k3_c0.05_r0.01,B,negative_control,NoJammer,30.0,4500,30,30,0,0,0,2.5339800488243736,0.08981321148251198,-8.685846209726876e-05,0.5854766072875492,0.0,4.725987458368763,971306.0
B_k3_c0.05_r0.01,B,negative_control,NoJammer,30.0,500,30,30,0,0,0,4.192044702720216,0.07264840056099496,-8.685846209919741e-05,0.5850114759676347,0.0,4.766012567173068,971306.0
B_k3_c0.05_r0.01,B,negative_control,NoJammer,5.0,1250,30,30,0,0,0,4.630213180057521,0.06760654415899318,-8.685846209919741e-05,0.583899947052554,0.0,4.681823600549251,971306.0
B_k3_c0.05_r0.01,B,negative_control,NoJammer,5.0,2500,30,30,0,0,0,4.155875054607064,0.07136000226643253,-8.685846209726876e-05,0.5838304738715105,0.0,4.672597210931902,971306.0
B_k3_c0.05_r0.01,B,negative_control,NoJammer,5.0,3750,30,30,0,0,0,3.2139553238037775,0.08535940187087952,-8.685846209919741e-05,0.5843771174358517,0.0,4.668582005736728,971306.0
B_k3_c0.05_r0.01,B,negative_control,NoJammer,5.0,4500,30,30,0,0,0,2.5339800488243736,0.08981321148251198,-8.685846209726876e-05,0.5854766072875492,0.0,4.681276328240831,971306.0
B_k3_c0.05_r0.01,B,negative_control,NoJammer,5.0,500,30,30,0,0,0,4.192044702720216,0.07264840056099496,-8.685846209919741e-05,0.5850114759676347,0.0,4.73350146979404,971306.0
B_k3_c0.05_r0.01,B,negative_control,SMSP,0.0,1250,30,30,0,0,0,13.734913565250691,0.02737880449014203,-8.685846209919741e-05,0.5443383488807195,1.0,4.680286027723923,971260.0
B_k3_c0.05_r0.01,B,negative_control,SMSP,0.0,2500,30,30,0,0,0,13.704531146657871,0.027858187126077277,-8.685846209726876e-05,0.5443383488807196,1.0,4.67784723538595,971260.0
B_k3_c0.05_r0.01,B,negative_control,SMSP,0.0,3750,30,30,0,0,0,13.651758966841701,0.02773622445490437,-8.685846209919741e-05,0.5443383488807196,1.0,4.693286161636934,971260.0
B_k3_c0.05_r0.01,B,negative_control,SMSP,0.0,4500,30,30,0,0,0,13.659951439892172,0.027437633412210834,-8.685846209726876e-05,0.5443383488807196,1.0,4.6624903625342995,971260.0
B_k3_c0.05_r0.01,B,negative_control,SMSP,0.0,500,30,30,0,0,0,10.123270692104377,0.03150301317041347,-8.685846209919741e-05,0.5428146687758585,0.0,4.711919526259105,971260.0
B_k3_c0.05_r0.01,B,negative_control,SMSP,10.0,1250,30,30,0,0,0,23.91513292261935,0.024418505823113744,-8.685846209919741e-05,0.5120842638874631,2.1,4.586736229248345,971260.0
B_k3_c0.05_r0.01,B,negative_control,SMSP,10.0,2500,30,30,0,0,0,23.91232374311602,0.024503325376194048,-8.685846209726876e-05,0.5120842638874632,2.1,4.559005566018944,971260.0
B_k3_c0.05_r0.01,B,negative_control,SMSP,10.0,3750,30,30,0,0,0,23.906604464486772,0.024524464919817315,-8.685846209919741e-05,0.5120842638874632,2.1,4.528193129226565,971260.0
B_k3_c0.05_r0.01,B,negative_control,SMSP,10.0,4500,30,30,0,0,0,23.94527837581835,0.024511537843077462,-8.685846209726876e-05,0.5120842638874632,2.1,4.5630471024196595,971260.0
B_k3_c0.05_r0.01,B,negative_control,SMSP,10.0,500,30,30,0,0,0,19.856529456755425,0.02028407378497706,-8.685846209919741e-05,0.4754956132321138,0.0,4.62966396783789,971260.0
B_k3_c0.05_r0.01,B,negative_control,SMSP,20.0,1250,30,30,0,0,0,-36.34580467453286,0.022768236856589748,-8.685846209919741e-05,0.5070522085433564,519.0,4.67750266737615,971260.0
B_k3_c0.05_r0.01,B,negative_control,SMSP,20.0,2500,30,30,0,0,0,-36.34642192423644,0.02278261214828523,-8.685846209726876e-05,0.5070522085433563,519.0,4.638095933478326,971260.0
B_k3_c0.05_r0.01,B,negative_control,SMSP,20.0,3750,30,30,0,0,0,-36.34699937269106,0.022782651560574827,-8.685846209919741e-05,0.5070522085433563,519.0,4.66594993098018,971260.0
B_k3_c0.05_r0.01,B,negative_control,SMSP,20.0,4500,30,30,0,0,0,-36.34735208835617,0.022776826284856513,-8.685846209726876e-05,0.5070522085433563,519.0,4.653120710281655,971260.0
B_k3_c0.05_r0.01,B,negative_control,SMSP,20.0,500,30,30,0,0,0,-13.624077425714678,0.022333820676444155,-8.685846209919741e-05,0.5109449221987776,96.0,4.724622166637952,971260.0
B_k3_c0.05_r0.01,B,negative_control,SMSP,30.0,1250,30,30,0,0,0,-35.66900237562668,0.007713553115012772,-8.685846209919741e-05,0.5066587426619431,519.0,4.696612558715667,971260.0
B_k3_c0.05_r0.01,B,negative_control,SMSP,30.0,2500,30,30,0,0,0,-35.66931550079487,0.007714117398072406,-8.685846209726876e-05,0.5066587426619431,519.0,4.706441671199475,971260.0
B_k3_c0.05_r0.01,B,negative_control,SMSP,30.0,3750,30,30,0,0,0,-35.66937332324084,0.007714129027374395,-8.685846209919741e-05,0.5066587426619431,519.0,4.646302808153753,971260.0
B_k3_c0.05_r0.01,B,negative_control,SMSP,30.0,4500,30,30,0,0,0,-35.66895189168215,0.0076515224211662495,-8.685846209726876e-05,0.5066587426619431,519.0,4.6969402018779265,971260.0
B_k3_c0.05_r0.01,B,negative_control,SMSP,30.0,500,30,30,0,0,0,-13.204387463723398,0.007787291074299285,-8.685846209919741e-05,0.5104112465773183,96.0,4.724340228131041,971260.0
B_k3_c0.05_r0.01,B,negative_control,SMSP,5.0,1250,30,30,0,0,0,18.686556818445307,0.024340806208817914,-8.685846209919741e-05,0.5284631931808598,2.0,4.67436663651218,971260.0
B_k3_c0.05_r0.01,B,negative_control,SMSP,5.0,2500,30,30,0,0,0,18.676677468377754,0.024543952132672586,-8.685846209726876e-05,0.5284631931808598,2.0,4.647293062104533,971260.0
B_k3_c0.05_r0.01,B,negative_control,SMSP,5.0,3750,30,30,0,0,0,18.658959763019798,0.02455162779714563,-8.685846209919741e-05,0.5284631931808599,2.0,4.638383308580766,971260.0
B_k3_c0.05_r0.01,B,negative_control,SMSP,5.0,4500,30,30,0,0,0,18.68994661127413,0.024498312670400157,-8.685846209726876e-05,0.5284631931808598,2.0,4.648763798953344,971260.0
B_k3_c0.05_r0.01,B,negative_control,SMSP,5.0,500,30,30,0,0,0,14.7408229413443,0.022062155729603187,-8.685846209919741e-05,0.5164761530524177,0.0,4.71095130002747,971260.0
B_k3_c0.05_r0.01,B,target_jammer,NoiseConvolutionJamming,0.0,1250,30,30,0,0,0,13.389157353809598,0.20147601006811594,-8.685846209919741e-05,0.541870620932515,0.9666666666666667,4.534150140049557,971301.4
B_k3_c0.05_r0.01,B,target_jammer,NoiseConvolutionJamming,0.0,2500,30,30,0,0,0,13.358547979242047,0.2015945809810748,-8.685846209726876e-05,0.541870620932515,0.9666666666666667,4.523890265651668,971301.4
B_k3_c0.05_r0.01,B,target_jammer,NoiseConvolutionJamming,0.0,3750,30,30,0,0,0,13.305454485087807,0.2021569432501955,-8.685846209919741e-05,0.541870620932515,0.9666666666666667,4.513819401230042,971301.4
B_k3_c0.05_r0.01,B,target_jammer,NoiseConvolutionJamming,0.0,4500,30,30,0,0,0,13.313988268549169,0.20217670585644756,-8.685846209726876e-05,0.5418874502625255,0.9666666666666667,4.53296943839329,971301.4
B_k3_c0.05_r0.01,B,target_jammer,NoiseConvolutionJamming,0.0,500,30,30,0,0,0,10.42711225874571,0.20985772210368214,-8.685846209919741e-05,0.5444353985000144,0.0,4.609166698840757,971301.4
B_k3_c0.05_r0.01,B,target_jammer,NoiseConvolutionJamming,10.0,1250,30,30,0,0,0,22.572924070667533,0.5702068080298227,-8.685846209919741e-05,0.5129149057490711,1.4333333333333333,4.667159798555076,971306.0
B_k3_c0.05_r0.01,B,target_jammer,NoiseConvolutionJamming,10.0,2500,30,30,0,0,0,22.57166365620209,0.5702074786779913,-8.685846209726876e-05,0.5129149057490711,1.4333333333333333,4.6465890055211885,971306.0
B_k3_c0.05_r0.01,B,target_jammer,NoiseConvolutionJamming,10.0,3750,30,30,0,0,0,22.56593324470683,0.570250202966367,-8.685846209919741e-05,0.5129149057490711,1.4333333333333333,4.6533638300995035,971306.0
B_k3_c0.05_r0.01,B,target_jammer,NoiseConvolutionJamming,10.0,4500,30,30,0,0,0,22.60414185853647,0.5702732317183627,-8.685846209726876e-05,0.5109612818328658,1.2,4.645673662889749,971306.0
B_k3_c0.05_r0.01,B,target_jammer,NoiseConvolutionJamming,10.0,500,30,30,0,0,0,19.280623843831602,0.5239531728824323,-8.685846209919741e-05,0.5047176108891122,0.23333333333333334,4.754387499997392,971306.0
B_k3_c0.05_r0.01,B,target_jammer,NoiseConvolutionJamming,20.0,1250,30,30,0,0,0,-14.614063671115396,6.65996923639465,-8.685846209919741e-05,0.5036169697905563,250.63333333333333,4.651390202343464,971306.0
B_k3_c0.05_r0.01,B,target_jammer,NoiseConvolutionJamming,20.0,2500,30,30,0,0,0,-14.612366520659396,6.660093623006338,-8.685846209726876e-05,0.5036169697905563,250.63333333333333,4.617641602332394,971306.0
B_k3_c0.05_r0.01,B,target_jammer,NoiseConvolutionJamming,20.0,3750,30,30,0,0,0,-14.612944749981471,6.660091837526476,-8.685846209919741e-05,0.5036169697905564,250.63333333333333,4.623900132719427,971306.0
B_k3_c0.05_r0.01,B,target_jammer,NoiseConvolutionJamming,20.0,4500,30,30,0,0,0,-14.608475553602252,7.968803411911058,-8.685846209726876e-05,0.48883808200367806,263.8666666666667,4.664591467007995,971306.0
B_k3_c0.05_r0.01,B,target_jammer,NoiseConvolutionJamming,20.0,500,30,30,0,0,0,0.6067737227880381,6.989909029084882,-8.685846209919741e-05,0.4558881961663092,68.43333333333334,4.692045729219292,971306.0
B_k3_c0.05_r0.01,B,target_jammer,NoiseConvolutionJamming,30.0,1250,30,30,0,0,0,-14.371401547611976,5.8589527183615235,-8.685846209919741e-05,0.5032200004563818,253.1,4.638170769127707,971306.0
B_k3_c0.05_r0.01,B,target_jammer,NoiseConvolutionJamming,30.0,2500,30,30,0,0,0,-14.36939129370028,5.859070352799203,-8.685846209726876e-05,0.5032200004563818,253.1,4.622926398102815,971306.0
B_k3_c0.05_r0.01,B,target_jammer,NoiseConvolutionJamming,30.0,3750,30,30,0,0,0,-14.36944918845321,5.859070217351633,-8.685846209919741e-05,0.5032200004563818,253.1,4.57548195651422,971306.0
B_k3_c0.05_r0.01,B,target_jammer,NoiseConvolutionJamming,30.0,4500,30,30,0,0,0,-17.18842361664198,6.343479911960926,-8.685846209726876e-05,0.48795501149806964,280.93333333333334,4.611362538222845,971306.0
B_k3_c0.05_r0.01,B,target_jammer,NoiseConvolutionJamming,30.0,500,30,30,0,0,0,-4.264142262387968,5.781859031266566,-8.685846209919741e-05,0.44373239837069095,80.76666666666667,4.669612496703242,971306.0
B_k3_c0.05_r0.01,B,target_jammer,NoiseConvolutionJamming,5.0,1250,30,30,0,0,0,18.013468588811033,0.33862437942953133,-8.685846209919741e-05,0.5271696002534484,0.9666666666666667,4.652583399244274,971306.0
B_k3_c0.05_r0.01,B,target_jammer,NoiseConvolutionJamming,5.0,2500,30,30,0,0,0,18.00471246638598,0.338633645914172,-8.685846209726876e-05,0.5271696002534484,0.9666666666666667,4.653990293930595,971306.0
B_k3_c0.05_r0.01,B,target_jammer,NoiseConvolutionJamming,5.0,3750,30,30,0,0,0,17.986940048142838,0.3387728098089173,-8.685846209919741e-05,0.5271696002534484,0.9666666666666667,4.592118101815383,971306.0
B_k3_c0.05_r0.01,B,target_jammer,NoiseConvolutionJamming,5.0,4500,30,30,0,0,0,18.01790104463304,0.33869786355639414,-8.685846209726876e-05,0.5271551480270732,0.9333333333333333,4.645975093202044,971306.0
B_k3_c0.05_r0.01,B,target_jammer,NoiseConvolutionJamming,5.0,500,30,30,0,0,0,14.798129284348203,0.3215253094318021,-8.685846209919741e-05,0.5270249038321283,0.03333333333333333,4.7178915663001435,971306.0
B_k3_c0.05_r0.01,B,target_jammer,NoiseProductJamming,0.0,1250,30,30,0,0,0,12.391110000320046,0.22317148405914114,-8.685846209919741e-05,0.5426804400066892,1.0666666666666667,4.497723469588284,971319.8
B_k3_c0.05_r0.01,B,target_jammer,NoiseProductJamming,0.0,2500,30,30,0,0,0,12.347799085680476,0.22402768155192732,-8.685846209726876e-05,0.5426804400066892,1.0666666666666667,4.7351694394213455,971315.2
B_k3_c0.05_r0.01,B,target_jammer,NoiseProductJamming,0.0,3750,30,30,0,0,0,12.27749941578335,0.22488975754038656,-8.685846209919741e-05,0.5426804400066892,1.0666666666666667,4.50316946565484,971299.8666666667
B_k3_c0.05_r0.01,B,target_jammer,NoiseProductJamming,0.0,4500,30,30,0,0,0,12.274838411034244,0.22554218065469236,-8.685846209726876e-05,0.5426831514522094,1.0666666666666667,4.4945319784649955,971313.6666666666
B_k3_c0.05_r0.01,B,target_jammer,NoiseProductJamming,0.0,500,30,30,0,0,0,12.204999120939023,0.22262868714752285,-8.685846209919741e-05,0.5425229613970342,0.0,4.530766633494447,971341.2666666667
B_k3_c0.05_r0.01,B,target_jammer,NoiseProductJamming,10.0,1250,30,30,0,0,0,21.93133748379085,0.5645676398736897,-8.685846209919741e-05,0.5119773014322548,1.7333333333333334,4.657819403413062,971260.0
B_k3_c0.05_r0.01,B,target_jammer,NoiseProductJamming,10.0,2500,30,30,0,0,0,21.926541629179773,0.5646136198640314,-8.685846209726876e-05,0.5119773014322548,1.7333333333333334,4.610236268490553,971260.0
B_k3_c0.05_r0.01,B,target_jammer,NoiseProductJamming,10.0,3750,30,30,0,0,0,21.918815544269457,0.5646880657997442,-8.685846209919741e-05,0.5119773014322548,1.7333333333333334,4.596698565486197,971260.0
B_k3_c0.05_r0.01,B,target_jammer,NoiseProductJamming,10.0,4500,30,30,0,0,0,21.955792603693464,0.5646513206662427,-8.685846209726876e-05,0.5108235912607215,1.6,4.613934835651889,971260.0
B_k3_c0.05_r0.01,B,target_jammer,NoiseProductJamming,10.0,500,30,30,0,0,0,21.80087308535008,0.5669020502924886,-8.685846209919741e-05,0.48828378607679296,0.13333333333333333,4.685159838603188,971306.0
B_k3_c0.05_r0.01,B,target_jammer,NoiseProductJamming,20.0,1250,30,30,0,0,0,-15.779161441087712,4.619389592918108,-8.685846209919741e-05,0.5046089310716857,203.03333333333333,4.651338764233515,971273.8
B_k3_c0.05_r0.01,B,target_jammer,NoiseProductJamming,20.0,2500,30,30,0,0,0,-15.779751548686212,4.619412536397027,-8.685846209726876e-05,0.5046089310716858,203.03333333333333,4.706105537479743,971272.2666666667
B_k3_c0.05_r0.01,B,target_jammer,NoiseProductJamming,20.0,3750,30,30,0,0,0,-15.780531690654003,4.619414849867782,-8.685846209919741e-05,0.5046089310716858,203.03333333333333,4.64751262916252,971272.2666666667
B_k3_c0.05_r0.01,B,target_jammer,NoiseProductJamming,20.0,4500,30,30,0,0,0,-16.211682249966948,4.56896390008564,-8.685846209726876e-05,0.5032261049908641,207.06666666666666,4.65940977834786,971272.2666666667
B_k3_c0.05_r0.01,B,target_jammer,NoiseProductJamming,20.0,500,30,30,0,0,0,-0.6538332395210295,5.998456014457478,-8.685846209919741e-05,0.41393261322063696,62.733333333333334,4.706313893742238,971281.4666666667
B_k3_c0.05_r0.01,B,target_jammer,NoiseProductJamming,30.0,1250,30,30,0,0,0,-15.522119698630895,3.8683799233029648,-8.685846209919741e-05,0.5041591050203084,205.96666666666667,4.652629206733157,971272.2666666667
B_k3_c0.05_r0.01,B,target_jammer,NoiseProductJamming,30.0,2500,30,30,0,0,0,-15.522277699759252,3.868412992445908,-8.685846209726876e-05,0.5041591050203084,205.96666666666667,4.635049969268342,971272.2666666667
B_k3_c0.05_r0.01,B,target_jammer,NoiseProductJamming,30.0,3750,30,30,0,0,0,-15.522355783763722,3.8684132368173527,-8.685846209919741e-05,0.5041591050203084,205.96666666666667,4.668483400018886,971275.3333333334
B_k3_c0.05_r0.01,B,target_jammer,NoiseProductJamming,30.0,4500,30,30,0,0,0,-16.228283942042417,3.822442643165608,-8.685846209726876e-05,0.4998983981194627,214.76666666666668,4.62682083210287,971275.3333333334
B_k3_c0.05_r0.01,B,target_jammer,NoiseProductJamming,30.0,500,30,30,0,0,0,-2.139975626201092,5.436707185390148,-8.685846209919741e-05,0.41001793594375086,71.16666666666667,4.723444565509756,971278.4
B_k3_c0.05_r0.01,B,target_jammer,NoiseProductJamming,5.0,1250,30,30,0,0,0,17.124753549773235,0.3673158998196953,-8.685846209919741e-05,0.5272042469864713,1.2,4.704331862740219,971325.9333333333
B_k3_c0.05_r0.01,B,target_jammer,NoiseProductJamming,5.0,2500,30,30,0,0,0,17.109939181791614,0.3675223124175208,-8.685846209726876e-05,0.5272042469864713,1.2,4.690467998928701,971350.4666666667
B_k3_c0.05_r0.01,B,target_jammer,NoiseProductJamming,5.0,3750,30,30,0,0,0,17.086071812193072,0.36776052528594094,-8.685846209919741e-05,0.5272042469864713,1.2,4.631861165398732,971327.4666666667
B_k3_c0.05_r0.01,B,target_jammer,NoiseProductJamming,5.0,4500,30,30,0,0,0,17.11327729553509,0.36794212511425484,-8.685846209726876e-05,0.5272106666784755,1.2,4.628475025917093,971336.6666666666
B_k3_c0.05_r0.01,B,target_jammer,NoiseProductJamming,5.0,500,30,30,0,0,0,16.9536042247793,0.36596941447993747,-8.685846209919741e-05,0.5225486687852775,0.0,4.7321152601701515,971341.2666666667
B_k3_c0.12_r0.001,B,negative_control,AMNoiseGaiJam,0.0,1250,30,30,0,0,0,8.34516170151558,0.09614220302524848,-8.685885308092608e-06,0.5617875009587103,1.0,4.740641764753188,971273.8
B_k3_c0.12_r0.001,B,negative_control,AMNoiseGaiJam,0.0,2500,30,30,0,0,0,8.286278077346644,0.09826467722207789,-8.685885305199627e-06,0.5617875009587103,1.0,4.732606967445463,971272.2666666667
B_k3_c0.12_r0.001,B,negative_control,AMNoiseGaiJam,0.0,3750,30,30,0,0,0,8.124875237525105,0.0999745948417097,-8.685885305199627e-06,0.5617875009587103,1.0,4.707469432226692,971270.7333333333
B_k3_c0.12_r0.001,B,negative_control,AMNoiseGaiJam,0.0,4500,30,30,0,0,0,8.062337474826307,0.10121826897825209,-8.685885304235298e-06,0.5619096381331691,1.0,4.738975031068549,971273.8
B_k3_c0.12_r0.001,B,negative_control,AMNoiseGaiJam,0.0,500,30,30,0,0,0,6.218283750556675,0.08875712313273672,-8.685885305199627e-06,0.5610745037359834,0.0,4.803062507805104,971276.8666666667
B_k3_c0.12_r0.001,B,negative_control,AMNoiseGaiJam,10.0,1250,30,30,0,0,0,16.51881778850044,0.14140607005921513,-8.685885308092608e-06,0.5353999559887629,0.8333333333333334,4.697920803058271,971260.0
B_k3_c0.12_r0.001,B,negative_control,AMNoiseGaiJam,10.0,2500,30,30,0,0,0,16.543920670430825,0.1405492037335844,-8.685885305199627e-06,0.5353999559887629,0.8333333333333334,4.638294367274891,971260.0
B_k3_c0.12_r0.001,B,negative_control,AMNoiseGaiJam,10.0,3750,30,30,0,0,0,16.524154631115067,0.14072951740183806,-8.685885305199627e-06,0.5353999559887629,0.8333333333333334,4.6312929984803,971260.0
B_k3_c0.12_r0.001,B,negative_control,AMNoiseGaiJam,10.0,4500,30,30,0,0,0,16.55403650278118,0.14075696522079242,-8.685885304235298e-06,0.5353999559887629,0.8333333333333334,4.649147271023442,971260.0
B_k3_c0.12_r0.001,B,negative_control,AMNoiseGaiJam,10.0,500,30,30,0,0,0,13.46831156470453,0.1718464345737719,-8.685885305199627e-06,0.5404962295909606,0.0,4.709359731835623,971260.0
B_k3_c0.12_r0.001,B,negative_control,AMNoiseGaiJam,20.0,1250,30,30,0,0,0,24.227691285626026,0.24746955945627472,-8.685885308092608e-06,0.5117983370683695,0.3333333333333333,4.5880042016506195,971260.0
B_k3_c0.12_r0.001,B,negative_control,AMNoiseGaiJam,20.0,2500,30,30,0,0,0,24.263126435171884,0.2467927084512227,-8.685885305199627e-06,0.5117983370683696,0.3333333333333333,4.559018001115571,971260.0
B_k3_c0.12_r0.001,B,negative_control,AMNoiseGaiJam,20.0,3750,30,30,0,0,0,24.261119444448962,0.2467956500584594,-8.685885305199627e-06,0.5117983370683696,0.3333333333333333,4.5394612340411795,971260.0
B_k3_c0.12_r0.001,B,negative_control,AMNoiseGaiJam,20.0,4500,30,30,0,0,0,24.302222237876386,0.24677699491539817,-8.685885304235298e-06,0.5117983370683696,0.3333333333333333,4.54641663430569,971260.0
B_k3_c0.12_r0.001,B,negative_control,AMNoiseGaiJam,20.0,500,30,30,0,0,0,21.00508571101116,0.28442250808428643,-8.685885305199627e-06,0.5196137607837878,0.0,4.655748673637087,971260.0
B_k3_c0.12_r0.001,B,negative_control,AMNoiseGaiJam,30.0,1250,30,30,0,0,0,-19.65867133411456,8.526492504310134,-8.685885308092608e-06,0.5021213849381031,307.56666666666666,4.692881928834443,971260.0
B_k3_c0.12_r0.001,B,negative_control,AMNoiseGaiJam,30.0,2500,30,30,0,0,0,-19.62267091970043,8.526875518520757,-8.685885305199627e-06,0.5021213849381031,307.56666666666666,4.625151329673827,971260.0
B_k3_c0.12_r0.001,B,negative_control,AMNoiseGaiJam,30.0,3750,30,30,0,0,0,-19.622871451949646,8.526877144675215,-8.685885305199627e-06,0.5021213849381031,307.56666666666666,4.61481386446394,971260.0
B_k3_c0.12_r0.001,B,negative_control,AMNoiseGaiJam,30.0,4500,30,30,0,0,0,-19.615828833602553,8.532186226810524,-8.685885304235298e-06,0.5023024974315178,307.56666666666666,4.621388908708468,971260.0
B_k3_c0.12_r0.001,B,negative_control,AMNoiseGaiJam,30.0,500,30,30,0,0,0,16.71441325764549,5.950888377143852,-8.685885305199627e-06,0.5052163168252609,22.633333333333333,4.724240337964147,971260.0
B_k3_c0.12_r0.001,B,negative_control,AMNoiseGaiJam,5.0,1250,30,30,0,0,0,12.275366203239262,0.11887069645296174,-8.685885308092608e-06,0.5487083133082802,1.0,4.657694400520995,971260.0
B_k3_c0.12_r0.001,B,negative_control,AMNoiseGaiJam,5.0,2500,30,30,0,0,0,12.27669954855814,0.11864314952489115,-8.685885305199627e-06,0.5487083133082802,1.0,4.627430636901408,971260.0
B_k3_c0.12_r0.001,B,negative_control,AMNoiseGaiJam,5.0,3750,30,30,0,0,0,12.217168380529378,0.11931152898666361,-8.685885305199627e-06,0.5487083133082802,1.0,4.599455538361023,971260.0
B_k3_c0.12_r0.001,B,negative_control,AMNoiseGaiJam,5.0,4500,30,30,0,0,0,12.22161044939039,0.11965670675821873,-8.685885304235298e-06,0.5487083133082802,1.0,4.642698702324803,971260.0
B_k3_c0.12_r0.001,B,negative_control,AMNoiseGaiJam,5.0,500,30,30,0,0,0,9.526975113012487,0.13381405855010464,-8.685885305199627e-06,0.5508897304660471,0.0,4.739502763065199,971260.0
B_k3_c0.12_r0.001,B,negative_control,FMNoiseAimedJam,0.0,1250,30,30,0,0,0,10.251703608514894,0.1709537007951977,-8.685885308092608e-06,0.5504903746447259,1.0,4.7131040967845665,971261.5333333333
B_k3_c0.12_r0.001,B,negative_control,FMNoiseAimedJam,0.0,2500,30,30,0,0,0,10.219024894064342,0.17269654294841005,-8.685885305199627e-06,0.5504903746447259,1.0,4.690895939711481,971261.5333333333
B_k3_c0.12_r0.001,B,negative_control,FMNoiseAimedJam,0.0,3750,30,30,0,0,0,10.108875600016813,0.17468754643699871,-8.685885305199627e-06,0.5504903746447259,1.0,4.671252802169572,971261.5333333333
B_k3_c0.12_r0.001,B,negative_control,FMNoiseAimedJam,0.0,4500,30,30,0,0,0,10.081448473538519,0.17627016800050002,-8.685885304235298e-06,0.5504903746447259,1.0,4.681141771531354,971261.5333333333
B_k3_c0.12_r0.001,B,negative_control,FMNoiseAimedJam,0.0,500,30,30,0,0,0,7.372832106069964,0.18712015782563002,-8.685885305199627e-06,0.5551872697591044,0.0,4.760749936879923,971261.5333333333
B_k3_c0.12_r0.001,B,negative_control,FMNoiseAimedJam,10.0,1250,30,30,0,0,0,19.342106547945335,0.39128028166080686,-8.685885308092608e-06,0.5208488693955978,1.1666666666666667,4.623806959716603,971306.0
B_k3_c0.12_r0.001,B,negative_control,FMNoiseAimedJam,10.0,2500,30,30,0,0,0,19.369491709330454,0.39081431485837287,-8.685885305199627e-06,0.5208488693955978,1.1666666666666667,4.6028805974250036,971306.0
B_k3_c0.12_r0.001,B,negative_control,FMNoiseAimedJam,10.0,3750,30,30,0,0,0,19.356694186975027,0.3909170183161532,-8.685885305199627e-06,0.5208488693955978,1.1666666666666667,4.669240305277829,971306.0
B_k3_c0.12_r0.001,B,negative_control,FMNoiseAimedJam,10.0,4500,30,30,0,0,0,19.391002600696766,0.39101405074276757,-8.685885304235298e-06,0.5207342907912665,1.1333333333333333,4.592991701792926,971306.0
B_k3_c0.12_r0.001,B,negative_control,FMNoiseAimedJam,10.0,500,30,30,0,0,0,15.725898322961275,0.41840651149482666,-8.685885305199627e-06,0.5239203291527538,0.03333333333333333,4.686011160568644,971306.0
B_k3_c0.12_r0.001,B,negative_control,FMNoiseAimedJam,20.0,1250,30,30,0,0,0,-18.56248833844428,9.216334554730487,-8.685885308092608e-06,0.5040042031471101,347.76666666666665,4.57551102930059,971306.0
B_k3_c0.12_r0.001,B,negative_control,FMNoiseAimedJam,20.0,2500,30,30,0,0,0,-18.528044617716326,9.214873271384478,-8.685885305199627e-06,0.5040042031471101,347.76666666666665,4.557976530243953,971306.0
B_k3_c0.12_r0.001,B,negative_control,FMNoiseAimedJam,20.0,3750,30,30,0,0,0,-18.529344824463397,9.21488094016007,-8.685885305199627e-06,0.5040042031471101,347.76666666666665,4.554431893241902,971306.0
B_k3_c0.12_r0.001,B,negative_control,FMNoiseAimedJam,20.0,4500,30,30,0,0,0,-18.520329785593102,9.220741386574216,-8.685885304235298e-06,0.5038001411086279,347.73333333333335,4.560676405283933,971306.0
B_k3_c0.12_r0.001,B,negative_control,FMNoiseAimedJam,20.0,500,30,30,0,0,0,11.203165410336313,6.914009328138028,-8.685885305199627e-06,0.47433515712337154,44.06666666666667,4.606700100703165,971306.0
B_k3_c0.12_r0.001,B,negative_control,FMNoiseAimedJam,30.0,1250,30,30,0,0,0,-27.23051708524288,5.313861006718243,-8.685885308092608e-06,0.5038569512244251,434.6333333333333,4.6776985633187,971306.0
B_k3_c0.12_r0.001,B,negative_control,FMNoiseAimedJam,30.0,2500,30,30,0,0,0,-27.195320382771268,5.313553661235886,-8.685885305199627e-06,0.5038569512244251,434.6333333333333,4.656658370125418,971306.0
B_k3_c0.12_r0.001,B,negative_control,FMNoiseAimedJam,30.0,3750,30,30,0,0,0,-27.19545059358405,5.313554216964602,-8.685885305199627e-06,0.5038569512244251,434.6333333333333,4.649481939850375,971306.0
B_k3_c0.12_r0.001,B,negative_control,FMNoiseAimedJam,30.0,4500,30,30,0,0,0,-27.193947450089926,5.315054652866281,-8.685885304235298e-06,0.5040225026524456,434.6333333333333,4.662175028352067,971306.0
B_k3_c0.12_r0.001,B,negative_control,FMNoiseAimedJam,30.0,500,30,30,0,0,0,-7.459074307977506,5.7283352795587,-8.685885305199627e-06,0.46489370441323563,119.3,4.708538862178102,971306.0
B_k3_c0.12_r0.001,B,negative_control,FMNoiseAimedJam,5.0,1250,30,30,0,0,0,14.641999827346938,0.2453441471699534,-8.685885308092608e-06,0.5357057519396563,0.9333333333333333,4.675476398551837,971293.7333333333
B_k3_c0.12_r0.001,B,negative_control,FMNoiseAimedJam,5.0,2500,30,30,0,0,0,14.652856542184686,0.2453721789758887,-8.685885305199627e-06,0.5357057519396563,0.9333333333333333,4.650662464943404,971293.7333333333
B_k3_c0.12_r0.001,B,negative_control,FMNoiseAimedJam,5.0,3750,30,30,0,0,0,14.61389170956693,0.24585092204428383,-8.685885305199627e-06,0.5357057519396563,0.9333333333333333,4.683394532185048,971293.7333333333
B_k3_c0.12_r0.001,B,negative_control,FMNoiseAimedJam,5.0,4500,30,30,0,0,0,14.631866146877092,0.24629344620996815,-8.685885304235298e-06,0.5357057519396563,0.9333333333333333,4.681887533903743,971293.7333333333
B_k3_c0.12_r0.001,B,negative_control,FMNoiseAimedJam,5.0,500,30,30,0,0,0,11.240926511687572,0.2709280376613486,-8.685885305199627e-06,0.5410412663647676,0.0,4.7086596974016475,971293.7333333333
B_k3_c0.12_r0.001,B,negative_control,FMNoiseSaopin,0.0,1250,30,30,0,0,0,7.45834209185359,1.0753400388979457,-8.685885308092608e-06,0.5747373391541397,1.0,4.6824209004019695,971260.0
B_k3_c0.12_r0.001,B,negative_control,FMNoiseSaopin,0.0,2500,30,30,0,0,0,7.85315294808068,1.1348343648820929,-8.685885305199627e-06,0.5688713088397567,1.0,4.7152180030631525,971260.0
B_k3_c0.12_r0.001,B,negative_control,FMNoiseSaopin,0.0,3750,30,30,0,0,0,7.592473440826487,1.2133593103799005,-8.685885305199627e-06,0.5688713088397567,1.0,4.667194373905659,971260.0
B_k3_c0.12_r0.001,B,negative_control,FMNoiseSaopin,0.0,4500,30,30,0,0,0,7.45628411773995,1.267994458642913,-8.685885304235298e-06,0.5691832109824222,1.0,4.671270796097815,971260.0
B_k3_c0.12_r0.001,B,negative_control,FMNoiseSaopin,0.0,500,30,30,0,0,0,2.6206189447197263,0.05093340065011352,-8.685885305199627e-06,0.5838731113787811,0.0,4.748512400935094,971260.0
B_k3_c0.12_r0.001,B,negative_control,FMNoiseSaopin,10.0,1250,30,30,0,0,0,14.170956456862308,2.332165004202138,-8.685885308092608e-06,0.5569938802965552,1.0,4.577730543678626,971260.0
B_k3_c0.12_r0.001,B,negative_control,FMNoiseSaopin,10.0,2500,30,30,0,0,0,15.12848318395617,2.2670489570277055,-8.685885305199627e-06,0.5428039354204028,1.0,4.576513900732,971260.0
B_k3_c0.12_r0.001,B,negative_control,FMNoiseSaopin,10.0,3750,30,30,0,0,0,15.010611742067432,2.3312075455850905,-8.685885305199627e-06,0.5428039354204028,1.0,4.551818068527306,971260.0
B_k3_c0.12_r0.001,B,negative_control,FMNoiseSaopin,10.0,4500,30,30,0,0,0,14.97501209978318,2.3737914205163606,-8.685885304235298e-06,0.5428039354204028,1.0,4.5550680680510895,971260.0
B_k3_c0.12_r0.001,B,negative_control,FMNoiseSaopin,10.0,500,30,30,0,0,0,2.6547894517030017,0.04856845674943387,-8.685885305199627e-06,0.5832725367087356,0.0,4.634163798376297,971260.0
B_k3_c0.12_r0.001,B,negative_control,FMNoiseSaopin,20.0,1250,30,30,0,0,0,22.321671433034066,3.398677370690035,-8.685885308092608e-06,0.5334906876377625,1.0,4.65976672518688,971260.0
B_k3_c0.12_r0.001,B,negative_control,FMNoiseSaopin,20.0,2500,30,30,0,0,0,12.55163760044814,22.42237248367587,-8.685885305199627e-06,0.51266977057441,45.766666666666666,4.643630630259092,971260.0
B_k3_c0.12_r0.001,B,negative_control,FMNoiseSaopin,20.0,3750,30,30,0,0,0,12.68893793269795,22.104123686835266,-8.685885305199627e-06,0.51266977057441,45.766666666666666,4.625120896768446,971260.0
B_k3_c0.12_r0.001,B,negative_control,FMNoiseSaopin,20.0,4500,30,30,0,0,0,12.736040725527454,22.062941734816857,-8.685885304235298e-06,0.51266977057441,45.766666666666666,4.625395832893749,971260.0
B_k3_c0.12_r0.001,B,negative_control,FMNoiseSaopin,20.0,500,30,30,0,0,0,2.9497692789500265,0.12957655023046044,-8.685885305199627e-06,0.5804558023273205,0.0,4.706136139187341,971260.0
B_k3_c0.12_r0.001,B,negative_control,FMNoiseSaopin,30.0,1250,30,30,0,0,0,-1.0176549730914666,8.670539203899047,-8.685885308092608e-06,0.45449939123535626,326.1333333333333,4.6771667354429765,971260.0
B_k3_c0.12_r0.001,B,negative_control,FMNoiseSaopin,30.0,2500,30,30,0,0,0,-146.72205570096318,55.680260890523876,-8.685885305199627e-06,0.5035174453888602,791.8666666666667,4.665245804547642,971260.0
B_k3_c0.12_r0.001,B,negative_control,FMNoiseSaopin,30.0,3750,30,30,0,0,0,-146.66606710702985,55.65968696872844,-8.685885305199627e-06,0.5035174453888602,791.8666666666667,4.679030639817938,971260.0
B_k3_c0.12_r0.001,B,negative_control,FMNoiseSaopin,30.0,4500,30,30,0,0,0,-146.67247897184672,55.666259194567175,-8.685885304235298e-06,0.5035174453888602,791.8666666666667,4.638183299296846,971260.0
B_k3_c0.12_r0.001,B,negative_control,FMNoiseSaopin,30.0,500,30,30,0,0,0,4.714239605081497,0.7243794070337479,-8.685885305199627e-06,0.569316980330511,0.0,4.716009708742301,971260.0
B_k3_c0.12_r0.001,B,negative_control,FMNoiseSaopin,5.0,1250,30,30,0,0,0,10.564431688215624,1.6887279126799761,-8.685885308092608e-06,0.5668934628973836,1.0,4.668506933376193,971260.0
B_k3_c0.12_r0.001,B,negative_control,FMNoiseSaopin,5.0,2500,30,30,0,0,0,11.232719525152422,1.722811262591599,-8.685885305199627e-06,0.5571956039464221,1.0,4.634504090063274,971260.0
B_k3_c0.12_r0.001,B,negative_control,FMNoiseSaopin,5.0,3750,30,30,0,0,0,11.05470914595282,1.802762115967053,-8.685885305199627e-06,0.5571956039464221,1.0,4.630912531865761,971260.0
B_k3_c0.12_r0.001,B,negative_control,FMNoiseSaopin,5.0,4500,30,30,0,0,0,10.976639827160424,1.8573716697062073,-8.685885304235298e-06,0.5572604995393066,1.0,4.655822197673842,971260.0
B_k3_c0.12_r0.001,B,negative_control,FMNoiseSaopin,5.0,500,30,30,0,0,0,2.629249853504005,0.049606486220789045,-8.685885305199627e-06,0.5836958964783084,0.0,4.718584767154728,971260.0
B_k3_c0.12_r0.001,B,negative_control,NoJammer,0.0,1250,30,30,0,0,0,4.630213180057521,0.06760654415899318,-8.685885308092608e-06,0.583899947052554,0.0,4.693669461024304,971306.0
B_k3_c0.12_r0.001,B,negative_control,NoJammer,0.0,2500,30,30,0,0,0,4.155875054607064,0.07136000226643253,-8.685885305199627e-06,0.5838304738715105,0.0,4.669023671885952,971306.0
B_k3_c0.12_r0.001,B,negative_control,NoJammer,0.0,3750,30,30,0,0,0,3.213955323803776,0.0853594018708795,-8.685885305199627e-06,0.5843771174358517,0.0,4.673090198775753,971306.0
B_k3_c0.12_r0.001,B,negative_control,NoJammer,0.0,4500,30,30,0,0,0,2.533980048824374,0.0898132114825119,-8.685885304235298e-06,0.5854766072875492,0.0,4.68172090089259,971306.0
B_k3_c0.12_r0.001,B,negative_control,NoJammer,0.0,500,30,30,0,0,0,4.192044702720218,0.07264840056099502,-8.685885305199627e-06,0.5850114759676347,0.0,4.751182136048253,971306.0
B_k3_c0.12_r0.001,B,negative_control,NoJammer,10.0,1250,30,30,0,0,0,4.630213180057521,0.06760654415899318,-8.685885308092608e-06,0.583899947052554,0.0,4.871882003499195,971306.0
B_k3_c0.12_r0.001,B,negative_control,NoJammer,10.0,2500,30,30,0,0,0,4.155875054607064,0.07136000226643253,-8.685885305199627e-06,0.5838304738715105,0.0,4.863020930982505,971306.0
B_k3_c0.12_r0.001,B,negative_control,NoJammer,10.0,3750,30,30,0,0,0,3.213955323803776,0.0853594018708795,-8.685885305199627e-06,0.5843771174358517,0.0,4.850748567453896,971306.0
B_k3_c0.12_r0.001,B,negative_control,NoJammer,10.0,4500,30,30,0,0,0,2.533980048824374,0.0898132114825119,-8.685885304235298e-06,0.5854766072875492,0.0,4.837426364732285,971306.0
B_k3_c0.12_r0.001,B,negative_control,NoJammer,10.0,500,30,30,0,0,0,4.192044702720218,0.07264840056099502,-8.685885305199627e-06,0.5850114759676347,0.0,4.894023605932792,971306.0
B_k3_c0.12_r0.001,B,negative_control,NoJammer,20.0,1250,30,30,0,0,0,4.630213180057521,0.06760654415899318,-8.685885308092608e-06,0.583899947052554,0.0,4.7292374656535685,971306.0
B_k3_c0.12_r0.001,B,negative_control,NoJammer,20.0,2500,30,30,0,0,0,4.155875054607064,0.07136000226643253,-8.685885305199627e-06,0.5838304738715105,0.0,4.747651402916138,971306.0
B_k3_c0.12_r0.001,B,negative_control,NoJammer,20.0,3750,30,30,0,0,0,3.213955323803776,0.0853594018708795,-8.685885305199627e-06,0.5843771174358517,0.0,4.7130625093511,971306.0
B_k3_c0.12_r0.001,B,negative_control,NoJammer,20.0,4500,30,30,0,0,0,2.533980048824374,0.0898132114825119,-8.685885304235298e-06,0.5854766072875492,0.0,4.733661166392267,971306.0
B_k3_c0.12_r0.001,B,negative_control,NoJammer,20.0,500,30,30,0,0,0,4.192044702720218,0.07264840056099502,-8.685885305199627e-06,0.5850114759676347,0.0,4.791769501753151,971306.0
B_k3_c0.12_r0.001,B,negative_control,NoJammer,30.0,1250,30,30,0,0,0,4.630213180057521,0.06760654415899318,-8.685885308092608e-06,0.583899947052554,0.0,4.761827663363268,971306.0
B_k3_c0.12_r0.001,B,negative_control,NoJammer,30.0,2500,30,30,0,0,0,4.155875054607064,0.07136000226643253,-8.685885305199627e-06,0.5838304738715105,0.0,4.727159665587048,971306.0
B_k3_c0.12_r0.001,B,negative_control,NoJammer,30.0,3750,30,30,0,0,0,3.213955323803776,0.0853594018708795,-8.685885305199627e-06,0.5843771174358517,0.0,4.6954777285767095,971306.0
B_k3_c0.12_r0.001,B,negative_control,NoJammer,30.0,4500,30,30,0,0,0,2.533980048824374,0.0898132114825119,-8.685885304235298e-06,0.5854766072875492,0.0,4.7191500042875605,971306.0
B_k3_c0.12_r0.001,B,negative_control,NoJammer,30.0,500,30,30,0,0,0,4.192044702720218,0.07264840056099502,-8.685885305199627e-06,0.5850114759676347,0.0,4.78184162833107,971306.0
B_k3_c0.12_r0.001,B,negative_control,NoJammer,5.0,1250,30,30,0,0,0,4.630213180057521,0.06760654415899318,-8.685885308092608e-06,0.583899947052554,0.0,4.68184170119154,971306.0
B_k3_c0.12_r0.001,B,negative_control,NoJammer,5.0,2500,30,30,0,0,0,4.155875054607064,0.07136000226643253,-8.685885305199627e-06,0.5838304738715105,0.0,4.688844399061054,971306.0
B_k3_c0.12_r0.001,B,negative_control,NoJammer,5.0,3750,30,30,0,0,0,3.213955323803776,0.0853594018708795,-8.685885305199627e-06,0.5843771174358517,0.0,4.674718030340348,971306.0
B_k3_c0.12_r0.001,B,negative_control,NoJammer,5.0,4500,30,30,0,0,0,2.533980048824374,0.0898132114825119,-8.685885304235298e-06,0.5854766072875492,0.0,4.69598473670582,971306.0
B_k3_c0.12_r0.001,B,negative_control,NoJammer,5.0,500,30,30,0,0,0,4.192044702720218,0.07264840056099502,-8.685885305199627e-06,0.5850114759676347,0.0,4.723512429821615,971306.0
B_k3_c0.12_r0.001,B,negative_control,SMSP,0.0,1250,30,30,0,0,0,13.734913565250691,0.02737880449014203,-8.685885308092608e-06,0.5443383488807195,1.0,4.698799796945726,971260.0
B_k3_c0.12_r0.001,B,negative_control,SMSP,0.0,2500,30,30,0,0,0,13.704531146657871,0.027858187126077277,-8.685885305199627e-06,0.5443383488807196,1.0,4.6605652625051635,971260.0
B_k3_c0.12_r0.001,B,negative_control,SMSP,0.0,3750,30,30,0,0,0,13.651758966841701,0.02773622445490437,-8.685885305199627e-06,0.5443383488807196,1.0,4.666568098279337,971260.0
B_k3_c0.12_r0.001,B,negative_control,SMSP,0.0,4500,30,30,0,0,0,13.659951439892172,0.027437633412210834,-8.685885304235298e-06,0.5443383488807196,1.0,4.674391727894545,971260.0
B_k3_c0.12_r0.001,B,negative_control,SMSP,0.0,500,30,30,0,0,0,10.123270692104377,0.03150301317041374,-8.685885305199627e-06,0.5428146687758585,0.0,4.702485993038863,971260.0
B_k3_c0.12_r0.001,B,negative_control,SMSP,10.0,1250,30,30,0,0,0,23.91513292261935,0.024418505823113744,-8.685885308092608e-06,0.5120842638874631,2.1,4.587047192035243,971260.0
B_k3_c0.12_r0.001,B,negative_control,SMSP,10.0,2500,30,30,0,0,0,23.91232374311602,0.024503325376194048,-8.685885305199627e-06,0.5120842638874632,2.1,4.566801366551469,971260.0
B_k3_c0.12_r0.001,B,negative_control,SMSP,10.0,3750,30,30,0,0,0,23.906604464486772,0.024524464919817315,-8.685885305199627e-06,0.5120842638874632,2.1,4.543269264589374,971260.0
B_k3_c0.12_r0.001,B,negative_control,SMSP,10.0,4500,30,30,0,0,0,23.94527837581835,0.024511537843077708,-8.685885304235298e-06,0.5120842638874632,2.1,4.586797197892641,971260.0
B_k3_c0.12_r0.001,B,negative_control,SMSP,10.0,500,30,30,0,0,0,19.856529456755425,0.020284073784976216,-8.685885305199627e-06,0.47549561323211376,0.0,4.628493033427124,971260.0
B_k3_c0.12_r0.001,B,negative_control,SMSP,20.0,1250,30,30,0,0,0,-36.345804674532864,0.02276823685658611,-8.685885308092608e-06,0.5070522085433563,519.0,4.665210998306672,971260.0
B_k3_c0.12_r0.001,B,negative_control,SMSP,20.0,2500,30,30,0,0,0,-36.346421924236424,0.02278261214829156,-8.685885305199627e-06,0.5070522085433563,519.0,4.63398623590668,971260.0
B_k3_c0.12_r0.001,B,negative_control,SMSP,20.0,3750,30,30,0,0,0,-36.346999372691066,0.02278265156057196,-8.685885305199627e-06,0.5070522085433563,519.0,4.6819652003857,971260.0
B_k3_c0.12_r0.001,B,negative_control,SMSP,20.0,4500,30,30,0,0,0,-36.347352088356175,0.02277682628485583,-8.685885304235298e-06,0.5070522085433563,519.0,4.6825333731248975,971260.0
B_k3_c0.12_r0.001,B,negative_control,SMSP,20.0,500,30,30,0,0,0,-13.62407742571468,0.02233382067644381,-8.685885305199627e-06,0.5109449221987776,96.0,4.722088998338829,971260.0
B_k3_c0.12_r0.001,B,negative_control,SMSP,30.0,1250,30,30,0,0,0,-35.66900237562668,0.007713553115012986,-8.685885308092608e-06,0.5066587426619431,519.0,4.723259705739717,971260.0
B_k3_c0.12_r0.001,B,negative_control,SMSP,30.0,2500,30,30,0,0,0,-35.66931550079489,0.007714117398066083,-8.685885305199627e-06,0.5066587426619431,519.0,4.68065546398672,971260.0
B_k3_c0.12_r0.001,B,negative_control,SMSP,30.0,3750,30,30,0,0,0,-35.66937332324084,0.007714129027378152,-8.685885305199627e-06,0.5066587426619431,519.0,4.653475033895423,971260.0
B_k3_c0.12_r0.001,B,negative_control,SMSP,30.0,4500,30,30,0,0,0,-35.66895189168213,0.007651522421165951,-8.685885304235298e-06,0.5066587426619431,519.0,4.646016800931345,971260.0
B_k3_c0.12_r0.001,B,negative_control,SMSP,30.0,500,30,30,0,0,0,-13.2043874637234,0.007787291074299189,-8.685885305199627e-06,0.5104112465773183,96.0,4.753755527781323,971260.0
B_k3_c0.12_r0.001,B,negative_control,SMSP,5.0,1250,30,30,0,0,0,18.686556818445307,0.024340806208818056,-8.685885308092608e-06,0.5284631931808598,2.0,4.6826404286548495,971260.0
B_k3_c0.12_r0.001,B,negative_control,SMSP,5.0,2500,30,30,0,0,0,18.676677468377754,0.024543952132672475,-8.685885305199627e-06,0.5284631931808598,2.0,4.6504527679644525,971260.0
B_k3_c0.12_r0.001,B,negative_control,SMSP,5.0,3750,30,30,0,0,0,18.6589597630198,0.024551627797145304,-8.685885305199627e-06,0.5284631931808598,2.0,4.642229339030261,971260.0
B_k3_c0.12_r0.001,B,negative_control,SMSP,5.0,4500,30,30,0,0,0,18.689946611274127,0.024498312670399706,-8.685885304235298e-06,0.5284631931808599,2.0,4.6548986322401715,971260.0
B_k3_c0.12_r0.001,B,negative_control,SMSP,5.0,500,30,30,0,0,0,14.7408229413443,0.022062155729603187,-8.685885305199627e-06,0.5164761530524177,0.0,4.714694467838854,971260.0
B_k3_c0.12_r0.001,B,target_jammer,NoiseConvolutionJamming,0.0,1250,30,30,0,0,0,13.389157353809594,0.2014760100681161,-8.685885308092608e-06,0.5418706209325149,0.9666666666666667,4.542211068716521,971301.4
B_k3_c0.12_r0.001,B,target_jammer,NoiseConvolutionJamming,0.0,2500,30,30,0,0,0,13.358547979242047,0.20159458098107488,-8.685885305199627e-06,0.541870620932515,0.9666666666666667,4.5316138421185315,971301.4
B_k3_c0.12_r0.001,B,target_jammer,NoiseConvolutionJamming,0.0,3750,30,30,0,0,0,13.305454485087807,0.20215694325019523,-8.685885305199627e-06,0.541870620932515,0.9666666666666667,4.515527732049425,971301.4
B_k3_c0.12_r0.001,B,target_jammer,NoiseConvolutionJamming,0.0,4500,30,30,0,0,0,13.313988268549169,0.20217670585644737,-8.685885304235298e-06,0.5418874502625256,0.9666666666666667,4.538637568475679,971301.4
B_k3_c0.12_r0.001,B,target_jammer,NoiseConvolutionJamming,0.0,500,30,30,0,0,0,10.42711225874571,0.2098577221036819,-8.685885305199627e-06,0.5444353985000144,0.0,4.603420838247985,971301.4
B_k3_c0.12_r0.001,B,target_jammer,NoiseConvolutionJamming,10.0,1250,30,30,0,0,0,22.572924070667533,0.5702068080298227,-8.685885308092608e-06,0.5129149057490708,1.4333333333333333,4.66319583550406,971306.0
B_k3_c0.12_r0.001,B,target_jammer,NoiseConvolutionJamming,10.0,2500,30,30,0,0,0,22.571663656202094,0.5702074786779912,-8.685885305199627e-06,0.5129149057490711,1.4333333333333333,4.660248593427241,971306.0
B_k3_c0.12_r0.001,B,target_jammer,NoiseConvolutionJamming,10.0,3750,30,30,0,0,0,22.56593324470683,0.570250202966367,-8.685885305199627e-06,0.512914905749071,1.4333333333333333,4.639608341191585,971306.0
B_k3_c0.12_r0.001,B,target_jammer,NoiseConvolutionJamming,10.0,4500,30,30,0,0,0,22.60414185853647,0.5702732317183627,-8.685885304235298e-06,0.5109612818328659,1.2,4.638629127293825,971306.0
B_k3_c0.12_r0.001,B,target_jammer,NoiseConvolutionJamming,10.0,500,30,30,0,0,0,19.2806238438316,0.5239531728824321,-8.685885305199627e-06,0.5047176108891122,0.23333333333333334,4.741063869247834,971306.0
B_k3_c0.12_r0.001,B,target_jammer,NoiseConvolutionJamming,20.0,1250,30,30,0,0,0,-14.614063671115389,6.659969236394645,-8.685885308092608e-06,0.5036169697905563,250.63333333333333,4.659616735686238,971306.0
B_k3_c0.12_r0.001,B,target_jammer,NoiseConvolutionJamming,20.0,2500,30,30,0,0,0,-14.61236652065939,6.660093623006335,-8.685885305199627e-06,0.5036169697905563,250.63333333333333,4.629576433217153,971306.0
B_k3_c0.12_r0.001,B,target_jammer,NoiseConvolutionJamming,20.0,3750,30,30,0,0,0,-14.612944749981466,6.6600918375264735,-8.685885305199627e-06,0.5036169697905564,250.63333333333333,4.625577832727383,971306.0
B_k3_c0.12_r0.001,B,target_jammer,NoiseConvolutionJamming,20.0,4500,30,30,0,0,0,-14.608475553602238,7.968803411911049,-8.685885304235298e-06,0.4888380820036782,263.8666666666667,4.690204131960248,971306.0
B_k3_c0.12_r0.001,B,target_jammer,NoiseConvolutionJamming,20.0,500,30,30,0,0,0,0.6067737227880389,6.989909029084882,-8.685885305199627e-06,0.4558881961663092,68.43333333333334,4.697051368808995,971306.0
B_k3_c0.12_r0.001,B,target_jammer,NoiseConvolutionJamming,30.0,1250,30,30,0,0,0,-14.37140154761198,5.8589527183615235,-8.685885308092608e-06,0.5032200004563818,253.1,4.624405534317096,971306.0
B_k3_c0.12_r0.001,B,target_jammer,NoiseConvolutionJamming,30.0,2500,30,30,0,0,0,-14.369391293700271,5.8590703527992,-8.685885305199627e-06,0.5032200004563818,253.1,4.590970867623885,971306.0
B_k3_c0.12_r0.001,B,target_jammer,NoiseConvolutionJamming,30.0,3750,30,30,0,0,0,-14.369449188453217,5.859070217351638,-8.685885305199627e-06,0.5032200004563818,253.1,4.591568099567667,971306.0
B_k3_c0.12_r0.001,B,target_jammer,NoiseConvolutionJamming,30.0,4500,30,30,0,0,0,-17.188423616641966,6.343479911960916,-8.685885304235298e-06,0.48795501149806964,280.93333333333334,4.636470907522987,971306.0
B_k3_c0.12_r0.001,B,target_jammer,NoiseConvolutionJamming,30.0,500,30,30,0,0,0,-4.264142262387968,5.781859031266566,-8.685885305199627e-06,0.44373239837069095,80.76666666666667,4.661593000249316,971306.0
B_k3_c0.12_r0.001,B,target_jammer,NoiseConvolutionJamming,5.0,1250,30,30,0,0,0,18.013468588811033,0.3386243794295314,-8.685885308092608e-06,0.5271696002534484,0.9666666666666667,4.6649763360619545,971306.0
B_k3_c0.12_r0.001,B,target_jammer,NoiseConvolutionJamming,5.0,2500,30,30,0,0,0,18.00471246638598,0.338633645914172,-8.685885305199627e-06,0.5271696002534484,0.9666666666666667,4.651262498615931,971306.0
B_k3_c0.12_r0.001,B,target_jammer,NoiseConvolutionJamming,5.0,3750,30,30,0,0,0,17.986940048142838,0.3387728098089171,-8.685885305199627e-06,0.5271696002534484,0.9666666666666667,4.595308238640428,971306.0
B_k3_c0.12_r0.001,B,target_jammer,NoiseConvolutionJamming,5.0,4500,30,30,0,0,0,18.01790104463304,0.33869786355639425,-8.685885304235298e-06,0.5271551480270732,0.9333333333333333,4.6478304992585135,971306.0
B_k3_c0.12_r0.001,B,target_jammer,NoiseConvolutionJamming,5.0,500,30,30,0,0,0,14.798129284348203,0.3215253094318019,-8.685885305199627e-06,0.5270249038321282,0.03333333333333333,4.687473699838544,971306.0
B_k3_c0.12_r0.001,B,target_jammer,NoiseProductJamming,0.0,1250,30,30,0,0,0,12.391110000320046,0.22317148405914078,-8.685885308092608e-06,0.5426804400066892,1.0666666666666667,4.496570804622024,971325.9333333333
B_k3_c0.12_r0.001,B,target_jammer,NoiseProductJamming,0.0,2500,30,30,0,0,0,12.347799085680476,0.22402768155192676,-8.685885305199627e-06,0.5426804400066892,1.0666666666666667,4.5801361634706454,971302.9333333333
B_k3_c0.12_r0.001,B,target_jammer,NoiseProductJamming,0.0,3750,30,30,0,0,0,12.277499415783348,0.22488975754038643,-8.685885305199627e-06,0.5426804400066892,1.0666666666666667,4.507691702262188,971302.9333333333
B_k3_c0.12_r0.001,B,target_jammer,NoiseProductJamming,0.0,4500,30,30,0,0,0,12.274838411034244,0.2255421806546924,-8.685885304235298e-06,0.5426831514522094,1.0666666666666667,4.492516639099146,971312.1333333333
B_k3_c0.12_r0.001,B,target_jammer,NoiseProductJamming,0.0,500,30,30,0,0,0,12.204999120939023,0.22262868714752318,-8.685885305199627e-06,0.5425229613970342,0.0,4.537805398770918,971336.6666666666
B_k3_c0.12_r0.001,B,target_jammer,NoiseProductJamming,10.0,1250,30,30,0,0,0,21.93133748379085,0.5645676398736893,-8.685885308092608e-06,0.5119773014322548,1.7333333333333334,4.638673867642258,971260.0
B_k3_c0.12_r0.001,B,target_jammer,NoiseProductJamming,10.0,2500,30,30,0,0,0,21.926541629179773,0.5646136198640315,-8.685885305199627e-06,0.5119773014322548,1.7333333333333334,4.614684738529225,971260.0
B_k3_c0.12_r0.001,B,target_jammer,NoiseProductJamming,10.0,3750,30,30,0,0,0,21.918815544269457,0.5646880657997442,-8.685885305199627e-06,0.5119773014322548,1.7333333333333334,4.61302920205829,971260.0
B_k3_c0.12_r0.001,B,target_jammer,NoiseProductJamming,10.0,4500,30,30,0,0,0,21.955792603693464,0.5646513206662425,-8.685885304235298e-06,0.5108235912607215,1.6,4.660769627662376,971260.0
B_k3_c0.12_r0.001,B,target_jammer,NoiseProductJamming,10.0,500,30,30,0,0,0,21.80087308535008,0.5669020502924893,-8.685885305199627e-06,0.48828378607679296,0.13333333333333333,4.689019530390699,971260.0
B_k3_c0.12_r0.001,B,target_jammer,NoiseProductJamming,20.0,1250,30,30,0,0,0,-15.779161441087712,4.619389592918108,-8.685885308092608e-06,0.5046089310716857,203.03333333333333,4.703884598954271,971273.8
B_k3_c0.12_r0.001,B,target_jammer,NoiseProductJamming,20.0,2500,30,30,0,0,0,-15.779751548686212,4.619412536397027,-8.685885305199627e-06,0.5046089310716858,203.03333333333333,4.683744303959732,971270.7333333333
B_k3_c0.12_r0.001,B,target_jammer,NoiseProductJamming,20.0,3750,30,30,0,0,0,-15.780531690654003,4.619414849867782,-8.685885305199627e-06,0.5046089310716858,203.03333333333333,4.639141533213357,971272.2666666667
B_k3_c0.12_r0.001,B,target_jammer,NoiseProductJamming,20.0,4500,30,30,0,0,0,-16.211682249966948,4.56896390008564,-8.685885304235298e-06,0.5032261049908641,207.06666666666666,4.684636070548247,971270.7333333333
B_k3_c0.12_r0.001,B,target_jammer,NoiseProductJamming,20.0,500,30,30,0,0,0,-0.6538332395210279,5.998456014457477,-8.685885305199627e-06,0.41393261322063696,62.733333333333334,4.715086065698415,971275.3333333334
B_k3_c0.12_r0.001,B,target_jammer,NoiseProductJamming,30.0,1250,30,30,0,0,0,-15.522119698630895,3.8683799233029648,-8.685885308092608e-06,0.5041591050203084,205.96666666666667,4.650159692391753,971272.2666666667
B_k3_c0.12_r0.001,B,target_jammer,NoiseProductJamming,30.0,2500,30,30,0,0,0,-15.522277699759252,3.868412992445908,-8.685885305199627e-06,0.5041591050203083,205.96666666666667,4.63199726655148,971272.2666666667
B_k3_c0.12_r0.001,B,target_jammer,NoiseProductJamming,30.0,3750,30,30,0,0,0,-15.522355783763722,3.8684132368173527,-8.685885305199627e-06,0.5041591050203084,205.96666666666667,4.658045868078868,971275.3333333334
B_k3_c0.12_r0.001,B,target_jammer,NoiseProductJamming,30.0,4500,30,30,0,0,0,-16.228283942042417,3.8224426431656093,-8.685885304235298e-06,0.4998983981194627,214.76666666666668,4.633729198637108,971275.3333333334
B_k3_c0.12_r0.001,B,target_jammer,NoiseProductJamming,30.0,500,30,30,0,0,0,-2.139975626201091,5.436707185390148,-8.685885305199627e-06,0.4100179359437509,71.16666666666667,4.736559772087882,971276.8666666667
B_k3_c0.12_r0.001,B,target_jammer,NoiseProductJamming,5.0,1250,30,30,0,0,0,17.124753549773235,0.3673158998196949,-8.685885308092608e-06,0.5272042469864714,1.2,4.70437912736088,971330.5333333333
B_k3_c0.12_r0.001,B,target_jammer,NoiseProductJamming,5.0,2500,30,30,0,0,0,17.109939181791614,0.36752231241752026,-8.685885305199627e-06,0.5272042469864714,1.2,4.674019542289898,971335.1333333333
B_k3_c0.12_r0.001,B,target_jammer,NoiseProductJamming,5.0,3750,30,30,0,0,0,17.086071812193072,0.3677605252859408,-8.685885305199627e-06,0.5272042469864713,1.2,4.643813831110795,971339.7333333333
B_k3_c0.12_r0.001,B,target_jammer,NoiseProductJamming,5.0,4500,30,30,0,0,0,17.11327729553509,0.36794212511425495,-8.685885304235298e-06,0.5272106666784755,1.2,4.6571805025450885,971339.7333333333
B_k3_c0.12_r0.001,B,target_jammer,NoiseProductJamming,5.0,500,30,30,0,0,0,16.953604224779305,0.3659694144799382,-8.685885305199627e-06,0.5225486687852775,0.0,4.716129370111351,971329.0
B_k3_c0.12_r0.01,B,negative_control,AMNoiseGaiJam,0.0,1250,30,30,0,0,0,8.34516170151558,0.09614220302524848,-8.685846209919741e-05,0.5617875009587103,1.0,4.748220896969239,971270.7333333333
B_k3_c0.12_r0.01,B,negative_control,AMNoiseGaiJam,0.0,2500,30,30,0,0,0,8.286278077346644,0.09826467722207806,-8.685846209726876e-05,0.5617875009587103,1.0,4.717379162320867,971270.7333333333
B_k3_c0.12_r0.01,B,negative_control,AMNoiseGaiJam,0.0,3750,30,30,0,0,0,8.124875237525101,0.09997459484170965,-8.685846209919741e-05,0.5617875009587103,1.0,4.727620862346764,971270.7333333333
B_k3_c0.12_r0.01,B,negative_control,AMNoiseGaiJam,0.0,4500,30,30,0,0,0,8.062337474826307,0.10121826897825209,-8.685846209726876e-05,0.5619096381331691,1.0,4.72725699073635,971267.6666666666
B_k3_c0.12_r0.01,B,negative_control,AMNoiseGaiJam,0.0,500,30,30,0,0,0,6.218283750556675,0.08875712313273672,-8.685846209919741e-05,0.5610745037359834,0.0,4.808420862536877,971269.2
B_k3_c0.12_r0.01,B,negative_control,AMNoiseGaiJam,10.0,1250,30,30,0,0,0,16.51881778850044,0.14140607005921532,-8.685846209919741e-05,0.5353999559887629,0.8333333333333334,4.701968129180993,971260.0
B_k3_c0.12_r0.01,B,negative_control,AMNoiseGaiJam,10.0,2500,30,30,0,0,0,16.543920670430825,0.14054920373358445,-8.685846209726876e-05,0.5353999559887629,0.8333333333333334,4.661654201724256,971260.0
B_k3_c0.12_r0.01,B,negative_control,AMNoiseGaiJam,10.0,3750,30,30,0,0,0,16.52415463111507,0.14072951740183828,-8.685846209919741e-05,0.5353999559887629,0.8333333333333334,4.657694470370188,971260.0
B_k3_c0.12_r0.01,B,negative_control,AMNoiseGaiJam,10.0,4500,30,30,0,0,0,16.55403650278118,0.14075696522079229,-8.685846209726876e-05,0.5353999559887629,0.8333333333333334,4.68096942640841,971260.0
B_k3_c0.12_r0.01,B,negative_control,AMNoiseGaiJam,10.0,500,30,30,0,0,0,13.46831156470453,0.17184643457377194,-8.685846209919741e-05,0.5404962295909604,0.0,4.733766766730696,971260.0
B_k3_c0.12_r0.01,B,negative_control,AMNoiseGaiJam,20.0,1250,30,30,0,0,0,24.227691285626026,0.2474695594562749,-8.685846209919741e-05,0.5117983370683696,0.3333333333333333,4.576273567120855,971260.0
B_k3_c0.12_r0.01,B,negative_control,AMNoiseGaiJam,20.0,2500,30,30,0,0,0,24.263126435171884,0.24679270845122278,-8.685846209726876e-05,0.5117983370683695,0.3333333333333333,4.543083199920754,971260.0
B_k3_c0.12_r0.01,B,negative_control,AMNoiseGaiJam,20.0,3750,30,30,0,0,0,24.261119444448962,0.246795650058459,-8.685846209919741e-05,0.5117983370683696,0.3333333333333333,4.551474938246732,971260.0
B_k3_c0.12_r0.01,B,negative_control,AMNoiseGaiJam,20.0,4500,30,30,0,0,0,24.302222237876382,0.24677699491539865,-8.685846209726876e-05,0.5117983370683696,0.3333333333333333,4.550635973767688,971260.0
B_k3_c0.12_r0.01,B,negative_control,AMNoiseGaiJam,20.0,500,30,30,0,0,0,21.00508571101116,0.28442250808428654,-8.685846209919741e-05,0.5196137607837878,0.0,4.65976400882937,971260.0
B_k3_c0.12_r0.01,B,negative_control,AMNoiseGaiJam,30.0,1250,30,30,0,0,0,-19.658671334114548,8.52649250431013,-8.685846209919741e-05,0.5021213849381031,307.56666666666666,4.664629164229457,971260.0
B_k3_c0.12_r0.01,B,negative_control,AMNoiseGaiJam,30.0,2500,30,30,0,0,0,-19.622670919700404,8.52687551852075,-8.685846209726876e-05,0.5021213849381031,307.56666666666666,4.633574928933133,971260.0
B_k3_c0.12_r0.01,B,negative_control,AMNoiseGaiJam,30.0,3750,30,30,0,0,0,-19.62287145194966,8.52687714467522,-8.685846209919741e-05,0.5021213849381031,307.56666666666666,4.632369407530253,971260.0
B_k3_c0.12_r0.01,B,negative_control,AMNoiseGaiJam,30.0,4500,30,30,0,0,0,-19.615828833602567,8.53218622681053,-8.685846209726876e-05,0.5023024974315178,307.56666666666666,4.628384728372718,971260.0
B_k3_c0.12_r0.01,B,negative_control,AMNoiseGaiJam,30.0,500,30,30,0,0,0,16.71441325764549,5.950888377143852,-8.685846209919741e-05,0.5052163168252609,22.633333333333333,4.690729232970625,971260.0
B_k3_c0.12_r0.01,B,negative_control,AMNoiseGaiJam,5.0,1250,30,30,0,0,0,12.27536620323926,0.11887069645296178,-8.685846209919741e-05,0.5487083133082802,1.0,4.6578179074761765,971260.0
B_k3_c0.12_r0.01,B,negative_control,AMNoiseGaiJam,5.0,2500,30,30,0,0,0,12.276699548558136,0.11864314952489131,-8.685846209726876e-05,0.5487083133082802,1.0,4.641911075062429,971260.0
B_k3_c0.12_r0.01,B,negative_control,AMNoiseGaiJam,5.0,3750,30,30,0,0,0,12.217168380529378,0.11931152898666314,-8.685846209919741e-05,0.5487083133082802,1.0,4.600316734286025,971260.0
B_k3_c0.12_r0.01,B,negative_control,AMNoiseGaiJam,5.0,4500,30,30,0,0,0,12.221610449390392,0.1196567067582189,-8.685846209726876e-05,0.5487083133082802,1.0,4.653152761360009,971260.0
B_k3_c0.12_r0.01,B,negative_control,AMNoiseGaiJam,5.0,500,30,30,0,0,0,9.526975113012488,0.1338140585501045,-8.685846209919741e-05,0.5508897304660471,0.0,4.727922234451398,971260.0
B_k3_c0.12_r0.01,B,negative_control,FMNoiseAimedJam,0.0,1250,30,30,0,0,0,10.251703608514894,0.1709537007951976,-8.685846209919741e-05,0.5504903746447259,1.0,4.7261390000736965,971261.5333333333
B_k3_c0.12_r0.01,B,negative_control,FMNoiseAimedJam,0.0,2500,30,30,0,0,0,10.21902489406434,0.17269654294841005,-8.685846209726876e-05,0.5504903746447259,1.0,4.6876680028314395,971261.5333333333
B_k3_c0.12_r0.01,B,negative_control,FMNoiseAimedJam,0.0,3750,30,30,0,0,0,10.108875600016813,0.17468754643699871,-8.685846209919741e-05,0.5504903746447259,1.0,4.6635721674344195,971261.5333333333
B_k3_c0.12_r0.01,B,negative_control,FMNoiseAimedJam,0.0,4500,30,30,0,0,0,10.081448473538519,0.17627016800049988,-8.685846209726876e-05,0.5504903746447259,1.0,4.698998696403578,971261.5333333333
B_k3_c0.12_r0.01,B,negative_control,FMNoiseAimedJam,0.0,500,30,30,0,0,0,7.372832106069964,0.18712015782563032,-8.685846209919741e-05,0.5551872697591044,0.0,4.786031927991037,971261.5333333333
B_k3_c0.12_r0.01,B,negative_control,FMNoiseAimedJam,10.0,1250,30,30,0,0,0,19.342106547945335,0.3912802816608071,-8.685846209919741e-05,0.5208488693955978,1.1666666666666667,4.654042999027297,971306.0
B_k3_c0.12_r0.01,B,negative_control,FMNoiseAimedJam,10.0,2500,30,30,0,0,0,19.36949170933045,0.39081431485837304,-8.685846209726876e-05,0.5208488693955978,1.1666666666666667,4.617938800947741,971306.0
B_k3_c0.12_r0.01,B,negative_control,FMNoiseAimedJam,10.0,3750,30,30,0,0,0,19.35669418697503,0.3909170183161533,-8.685846209919741e-05,0.5208488693955978,1.1666666666666667,4.782665299717337,971306.0
B_k3_c0.12_r0.01,B,negative_control,FMNoiseAimedJam,10.0,4500,30,30,0,0,0,19.391002600696762,0.3910140507427675,-8.685846209726876e-05,0.5207342907912665,1.1333333333333333,4.612287576310337,971306.0
B_k3_c0.12_r0.01,B,negative_control,FMNoiseAimedJam,10.0,500,30,30,0,0,0,15.725898322961276,0.4184065114948266,-8.685846209919741e-05,0.5239203291527538,0.03333333333333333,4.66500967158936,971306.0
B_k3_c0.12_r0.01,B,negative_control,FMNoiseAimedJam,20.0,1250,30,30,0,0,0,-18.56248833844431,9.216334554730503,-8.685846209919741e-05,0.5040042031471101,347.76666666666665,4.589851334458217,971306.0
B_k3_c0.12_r0.01,B,negative_control,FMNoiseAimedJam,20.0,2500,30,30,0,0,0,-18.52804461771634,9.214873271384487,-8.685846209726876e-05,0.5040042031471101,347.76666666666665,4.581305600004271,971306.0
B_k3_c0.12_r0.01,B,negative_control,FMNoiseAimedJam,20.0,3750,30,30,0,0,0,-18.5293448244634,9.214880940160072,-8.685846209919741e-05,0.5040042031471101,347.76666666666665,4.542001604568213,971306.0
B_k3_c0.12_r0.01,B,negative_control,FMNoiseAimedJam,20.0,4500,30,30,0,0,0,-18.52032978559309,9.220741386574213,-8.685846209726876e-05,0.503800141108628,347.73333333333335,4.557233292143792,971306.0
B_k3_c0.12_r0.01,B,negative_control,FMNoiseAimedJam,20.0,500,30,30,0,0,0,11.203165410336311,6.91400932813803,-8.685846209919741e-05,0.4743351571233717,44.06666666666667,4.619886202272028,971306.0
B_k3_c0.12_r0.01,B,negative_control,FMNoiseAimedJam,30.0,1250,30,30,0,0,0,-27.23051708524286,5.313861006718223,-8.685846209919741e-05,0.5038569512244251,434.6333333333333,4.707759663385029,971306.0
B_k3_c0.12_r0.01,B,negative_control,FMNoiseAimedJam,30.0,2500,30,30,0,0,0,-27.195320382771293,5.313553661235901,-8.685846209726876e-05,0.5038569512244251,434.6333333333333,4.700033337576315,971306.0
B_k3_c0.12_r0.01,B,negative_control,FMNoiseAimedJam,30.0,3750,30,30,0,0,0,-27.19545059358404,5.313554216964596,-8.685846209919741e-05,0.5038569512244251,434.6333333333333,4.658197200236221,971306.0
B_k3_c0.12_r0.01,B,negative_control,FMNoiseAimedJam,30.0,4500,30,30,0,0,0,-27.193947450089915,5.315054652866274,-8.685846209726876e-05,0.5040225026524457,434.6333333333333,4.663441679440439,971306.0
B_k3_c0.12_r0.01,B,negative_control,FMNoiseAimedJam,30.0,500,30,30,0,0,0,-7.459074307977507,5.7283352795587,-8.685846209919741e-05,0.4648937044132356,119.3,4.700173559831455,971306.0
B_k3_c0.12_r0.01,B,negative_control,FMNoiseAimedJam,5.0,1250,30,30,0,0,0,14.641999827346933,0.24534414716995373,-8.685846209919741e-05,0.5357057519396563,0.9333333333333333,4.663998695711295,971293.7333333333
B_k3_c0.12_r0.01,B,negative_control,FMNoiseAimedJam,5.0,2500,30,30,0,0,0,14.652856542184685,0.24537217897588895,-8.685846209726876e-05,0.5357057519396563,0.9333333333333333,4.673152859322727,971293.7333333333
B_k3_c0.12_r0.01,B,negative_control,FMNoiseAimedJam,5.0,3750,30,30,0,0,0,14.613891709566929,0.24585092204428388,-8.685846209919741e-05,0.5357057519396563,0.9333333333333333,4.630777808294321,971293.7333333333
B_k3_c0.12_r0.01,B,negative_control,FMNoiseAimedJam,5.0,4500,30,30,0,0,0,14.631866146877092,0.24629344620996854,-8.685846209726876e-05,0.5357057519396563,0.9333333333333333,4.709033363421137,971293.7333333333
B_k3_c0.12_r0.01,B,negative_control,FMNoiseAimedJam,5.0,500,30,30,0,0,0,11.240926511687572,0.27092803766134843,-8.685846209919741e-05,0.5410412663647676,0.0,4.7385971624559415,971293.7333333333
B_k3_c0.12_r0.01,B,negative_control,FMNoiseSaopin,0.0,1250,30,30,0,0,0,7.45834209185359,1.0753400388979457,-8.685846209919741e-05,0.5747373391541397,1.0,4.752520869563644,971260.0
B_k3_c0.12_r0.01,B,negative_control,FMNoiseSaopin,0.0,2500,30,30,0,0,0,7.85315294808068,1.1348343648820927,-8.685846209726876e-05,0.5688713088397567,1.0,4.6945082062544925,971260.0
B_k3_c0.12_r0.01,B,negative_control,FMNoiseSaopin,0.0,3750,30,30,0,0,0,7.59247344082649,1.2133593103799007,-8.685846209919741e-05,0.5688713088397567,1.0,4.66718886164017,971260.0
B_k3_c0.12_r0.01,B,negative_control,FMNoiseSaopin,0.0,4500,30,30,0,0,0,7.45628411773995,1.2679944586429133,-8.685846209726876e-05,0.5691832109824222,1.0,4.674233300223325,971260.0
B_k3_c0.12_r0.01,B,negative_control,FMNoiseSaopin,0.0,500,30,30,0,0,0,2.620618944719726,0.0509334006501135,-8.685846209919741e-05,0.5838731113787811,0.0,4.740718034251283,971260.0
B_k3_c0.12_r0.01,B,negative_control,FMNoiseSaopin,10.0,1250,30,30,0,0,0,14.17095645686231,2.332165004202137,-8.685846209919741e-05,0.5569938802965552,1.0,4.575347267867376,971260.0
B_k3_c0.12_r0.01,B,negative_control,FMNoiseSaopin,10.0,2500,30,30,0,0,0,15.128483183956169,2.2670489570277055,-8.685846209726876e-05,0.5428039354204028,1.0,4.567495974091192,971260.0
B_k3_c0.12_r0.01,B,negative_control,FMNoiseSaopin,10.0,3750,30,30,0,0,0,15.010611742067432,2.3312075455850905,-8.685846209919741e-05,0.5428039354204028,1.0,4.547166665239881,971260.0
B_k3_c0.12_r0.01,B,negative_control,FMNoiseSaopin,10.0,4500,30,30,0,0,0,14.97501209978318,2.37379142051636,-8.685846209726876e-05,0.5428039354204028,1.0,4.555748602918659,971260.0
B_k3_c0.12_r0.01,B,negative_control,FMNoiseSaopin,10.0,500,30,30,0,0,0,2.6547894517030013,0.048568456749433365,-8.685846209919741e-05,0.5832725367087356,0.0,10.699568095151335,971260.0
B_k3_c0.12_r0.01,B,negative_control,FMNoiseSaopin,20.0,1250,30,30,0,0,0,22.321671433034066,3.398677370690035,-8.685846209919741e-05,0.5334906876377625,1.0,4.656248425211136,971260.0
B_k3_c0.12_r0.01,B,negative_control,FMNoiseSaopin,20.0,2500,30,30,0,0,0,12.675588532225333,22.18138937939128,-8.685846209726876e-05,0.51266977057441,45.766666666666666,4.652809695107862,971260.0
B_k3_c0.12_r0.01,B,negative_control,FMNoiseSaopin,20.0,3750,30,30,0,0,0,12.658400407483075,22.163481228275508,-8.685846209919741e-05,0.51266977057441,45.766666666666666,4.613244403541709,971260.0
B_k3_c0.12_r0.01,B,negative_control,FMNoiseSaopin,20.0,4500,30,30,0,0,0,12.560023090926695,22.405083030576172,-8.685846209726876e-05,0.51266977057441,45.766666666666666,4.6305429985901965,971260.0
B_k3_c0.12_r0.01,B,negative_control,FMNoiseSaopin,20.0,500,30,30,0,0,0,2.949769278950025,0.12957655023046036,-8.685846209919741e-05,0.5804558023273205,0.0,4.705273703439161,971260.0
B_k3_c0.12_r0.01,B,negative_control,FMNoiseSaopin,30.0,1250,30,30,0,0,0,-1.0176549730914755,8.67053920389905,-8.685846209919741e-05,0.45449939123535626,326.1333333333333,4.686444438993931,971260.0
B_k3_c0.12_r0.01,B,negative_control,FMNoiseSaopin,30.0,2500,30,30,0,0,0,-146.71602131091979,55.67890858168059,-8.685846209726876e-05,0.5035174453888602,791.8666666666667,4.644065202834706,971260.0
B_k3_c0.12_r0.01,B,negative_control,FMNoiseSaopin,30.0,3750,30,30,0,0,0,-146.6037136954638,55.63564595466767,-8.685846209919741e-05,0.5035174453888602,791.8666666666667,4.673816667248805,971260.0
B_k3_c0.12_r0.01,B,negative_control,FMNoiseSaopin,30.0,4500,30,30,0,0,0,-146.7080348879705,55.681530617572285,-8.685846209726876e-05,0.5035174453888602,791.8666666666667,4.660730465548113,971260.0
B_k3_c0.12_r0.01,B,negative_control,FMNoiseSaopin,30.0,500,30,30,0,0,0,4.714239605081497,0.7243794070337484,-8.685846209919741e-05,0.569316980330511,0.0,4.691050034792473,971260.0
B_k3_c0.12_r0.01,B,negative_control,FMNoiseSaopin,5.0,1250,30,30,0,0,0,10.564431688215626,1.6887279126799755,-8.685846209919741e-05,0.5668934628973836,1.0,4.667879282108818,971260.0
B_k3_c0.12_r0.01,B,negative_control,FMNoiseSaopin,5.0,2500,30,30,0,0,0,11.232719525152422,1.7228112625915988,-8.685846209726876e-05,0.5571956039464221,1.0,4.678316695693259,971260.0
B_k3_c0.12_r0.01,B,negative_control,FMNoiseSaopin,5.0,3750,30,30,0,0,0,11.05470914595282,1.8027621159670526,-8.685846209919741e-05,0.5571956039464221,1.0,4.630655566385637,971260.0
B_k3_c0.12_r0.01,B,negative_control,FMNoiseSaopin,5.0,4500,30,30,0,0,0,10.976639827160424,1.8573716697062082,-8.685846209726876e-05,0.5572604995393066,1.0,4.62462770131727,971260.0
B_k3_c0.12_r0.01,B,negative_control,FMNoiseSaopin,5.0,500,30,30,0,0,0,2.629249853504005,0.04960648622078881,-8.685846209919741e-05,0.5836958964783087,0.0,4.696261172648519,971260.0
B_k3_c0.12_r0.01,B,negative_control,NoJammer,0.0,1250,30,30,0,0,0,4.630213180057521,0.06760654415899318,-8.685846209919741e-05,0.583899947052554,0.0,4.710143036209047,971306.0
B_k3_c0.12_r0.01,B,negative_control,NoJammer,0.0,2500,30,30,0,0,0,4.155875054607064,0.07136000226643253,-8.685846209726876e-05,0.5838304738715105,0.0,4.698266498356436,971306.0
B_k3_c0.12_r0.01,B,negative_control,NoJammer,0.0,3750,30,30,0,0,0,3.2139553238037775,0.08535940187087952,-8.685846209919741e-05,0.5843771174358517,0.0,4.6731610627224045,971306.0
B_k3_c0.12_r0.01,B,negative_control,NoJammer,0.0,4500,30,30,0,0,0,2.5339800488243736,0.08981321148251198,-8.685846209726876e-05,0.5854766072875492,0.0,4.6788500039838254,971306.0
B_k3_c0.12_r0.01,B,negative_control,NoJammer,0.0,500,30,30,0,0,0,4.192044702720216,0.07264840056099496,-8.685846209919741e-05,0.5850114759676347,0.0,4.769954194004337,971306.0
B_k3_c0.12_r0.01,B,negative_control,NoJammer,10.0,1250,30,30,0,0,0,4.630213180057521,0.06760654415899318,-8.685846209919741e-05,0.583899947052554,0.0,4.867188900243491,971306.0
B_k3_c0.12_r0.01,B,negative_control,NoJammer,10.0,2500,30,30,0,0,0,4.155875054607064,0.07136000226643253,-8.685846209726876e-05,0.5838304738715105,0.0,4.857412506438171,971306.0
B_k3_c0.12_r0.01,B,negative_control,NoJammer,10.0,3750,30,30,0,0,0,3.2139553238037775,0.08535940187087952,-8.685846209919741e-05,0.5843771174358517,0.0,4.846642961880813,971306.0
B_k3_c0.12_r0.01,B,negative_control,NoJammer,10.0,4500,30,30,0,0,0,2.5339800488243736,0.08981321148251198,-8.685846209726876e-05,0.5854766072875492,0.0,4.850265238201246,971306.0
B_k3_c0.12_r0.01,B,negative_control,NoJammer,10.0,500,30,30,0,0,0,4.192044702720216,0.07264840056099496,-8.685846209919741e-05,0.5850114759676347,0.0,4.883959730310987,971306.0
B_k3_c0.12_r0.01,B,negative_control,NoJammer,20.0,1250,30,30,0,0,0,4.630213180057521,0.06760654415899318,-8.685846209919741e-05,0.583899947052554,0.0,4.719429032411426,971306.0
B_k3_c0.12_r0.01,B,negative_control,NoJammer,20.0,2500,30,30,0,0,0,4.155875054607064,0.07136000226643253,-8.685846209726876e-05,0.5838304738715105,0.0,4.7691792249679565,971306.0
B_k3_c0.12_r0.01,B,negative_control,NoJammer,20.0,3750,30,30,0,0,0,3.2139553238037775,0.08535940187087952,-8.685846209919741e-05,0.5843771174358517,0.0,4.710501265556862,971306.0
B_k3_c0.12_r0.01,B,negative_control,NoJammer,20.0,4500,30,30,0,0,0,2.5339800488243736,0.08981321148251198,-8.685846209726876e-05,0.5854766072875492,0.0,4.764611136245851,971306.0
B_k3_c0.12_r0.01,B,negative_control,NoJammer,20.0,500,30,30,0,0,0,4.192044702720216,0.07264840056099496,-8.685846209919741e-05,0.5850114759676347,0.0,4.810894600814208,971306.0
B_k3_c0.12_r0.01,B,negative_control,NoJammer,30.0,1250,30,30,0,0,0,4.630213180057521,0.06760654415899318,-8.685846209919741e-05,0.583899947052554,0.0,4.78483610204421,971306.0
B_k3_c0.12_r0.01,B,negative_control,NoJammer,30.0,2500,30,30,0,0,0,4.155875054607064,0.07136000226643253,-8.685846209726876e-05,0.5838304738715105,0.0,4.735936135208855,971306.0
B_k3_c0.12_r0.01,B,negative_control,NoJammer,30.0,3750,30,30,0,0,0,3.2139553238037775,0.08535940187087952,-8.685846209919741e-05,0.5843771174358517,0.0,4.679188968536134,971306.0
B_k3_c0.12_r0.01,B,negative_control,NoJammer,30.0,4500,30,30,0,0,0,2.5339800488243736,0.08981321148251198,-8.685846209726876e-05,0.5854766072875492,0.0,4.708238964667544,971306.0
B_k3_c0.12_r0.01,B,negative_control,NoJammer,30.0,500,30,30,0,0,0,4.192044702720216,0.07264840056099496,-8.685846209919741e-05,0.5850114759676347,0.0,4.767340305261314,971306.0
B_k3_c0.12_r0.01,B,negative_control,NoJammer,5.0,1250,30,30,0,0,0,4.630213180057521,0.06760654415899318,-8.685846209919741e-05,0.583899947052554,0.0,4.6981930364078535,971306.0
B_k3_c0.12_r0.01,B,negative_control,NoJammer,5.0,2500,30,30,0,0,0,4.155875054607064,0.07136000226643253,-8.685846209726876e-05,0.5838304738715105,0.0,4.676740166420738,971306.0
B_k3_c0.12_r0.01,B,negative_control,NoJammer,5.0,3750,30,30,0,0,0,3.2139553238037775,0.08535940187087952,-8.685846209919741e-05,0.5843771174358517,0.0,4.656177732006957,971306.0
B_k3_c0.12_r0.01,B,negative_control,NoJammer,5.0,4500,30,30,0,0,0,2.5339800488243736,0.08981321148251198,-8.685846209726876e-05,0.5854766072875492,0.0,4.6954194258432835,971306.0
B_k3_c0.12_r0.01,B,negative_control,NoJammer,5.0,500,30,30,0,0,0,4.192044702720216,0.07264840056099496,-8.685846209919741e-05,0.5850114759676347,0.0,4.7494696084565176,971306.0
B_k3_c0.12_r0.01,B,negative_control,SMSP,0.0,1250,30,30,0,0,0,13.734913565250691,0.02737880449014203,-8.685846209919741e-05,0.5443383488807195,1.0,4.667104101584603,971260.0
B_k3_c0.12_r0.01,B,negative_control,SMSP,0.0,2500,30,30,0,0,0,13.704531146657871,0.027858187126077277,-8.685846209726876e-05,0.5443383488807196,1.0,4.652108403388411,971260.0
B_k3_c0.12_r0.01,B,negative_control,SMSP,0.0,3750,30,30,0,0,0,13.651758966841701,0.02773622445490437,-8.685846209919741e-05,0.5443383488807196,1.0,4.674927738960832,971260.0
B_k3_c0.12_r0.01,B,negative_control,SMSP,0.0,4500,30,30,0,0,0,13.659951439892172,0.027437633412210834,-8.685846209726876e-05,0.5443383488807196,1.0,4.6845832373946905,971260.0
B_k3_c0.12_r0.01,B,negative_control,SMSP,0.0,500,30,30,0,0,0,10.123270692104377,0.03150301317041347,-8.685846209919741e-05,0.5428146687758585,0.0,4.725580507268508,971260.0
B_k3_c0.12_r0.01,B,negative_control,SMSP,10.0,1250,30,30,0,0,0,23.91513292261935,0.024418505823113744,-8.685846209919741e-05,0.5120842638874631,2.1,4.582562600262463,971260.0
B_k3_c0.12_r0.01,B,negative_control,SMSP,10.0,2500,30,30,0,0,0,23.91232374311602,0.024503325376194048,-8.685846209726876e-05,0.5120842638874632,2.1,4.555509730319803,971260.0
B_k3_c0.12_r0.01,B,negative_control,SMSP,10.0,3750,30,30,0,0,0,23.906604464486772,0.024524464919817315,-8.685846209919741e-05,0.5120842638874632,2.1,4.555379195759694,971260.0
B_k3_c0.12_r0.01,B,negative_control,SMSP,10.0,4500,30,30,0,0,0,23.94527837581835,0.024511537843077462,-8.685846209726876e-05,0.5120842638874632,2.1,4.555831894200916,971260.0
B_k3_c0.12_r0.01,B,negative_control,SMSP,10.0,500,30,30,0,0,0,19.856529456755425,0.02028407378497706,-8.685846209919741e-05,0.4754956132321138,0.0,4.616963826507951,971260.0
B_k3_c0.12_r0.01,B,negative_control,SMSP,20.0,1250,30,30,0,0,0,-36.34580467453286,0.022768236856589748,-8.685846209919741e-05,0.5070522085433564,519.0,4.739948645389329,971260.0
B_k3_c0.12_r0.01,B,negative_control,SMSP,20.0,2500,30,30,0,0,0,-36.34642192423644,0.02278261214828523,-8.685846209726876e-05,0.5070522085433563,519.0,4.684963865050425,971260.0
B_k3_c0.12_r0.01,B,negative_control,SMSP,20.0,3750,30,30,0,0,0,-36.34699937269106,0.022782651560574827,-8.685846209919741e-05,0.5070522085433563,519.0,4.659261075236524,971260.0
B_k3_c0.12_r0.01,B,negative_control,SMSP,20.0,4500,30,30,0,0,0,-36.34735208835617,0.022776826284856513,-8.685846209726876e-05,0.5070522085433563,519.0,4.657961069218193,971260.0
B_k3_c0.12_r0.01,B,negative_control,SMSP,20.0,500,30,30,0,0,0,-13.624077425714678,0.022333820676444155,-8.685846209919741e-05,0.5109449221987776,96.0,4.72516250059319,971260.0
B_k3_c0.12_r0.01,B,negative_control,SMSP,30.0,1250,30,30,0,0,0,-35.66900237562668,0.007713553115012772,-8.685846209919741e-05,0.5066587426619431,519.0,4.726368062741433,971260.0
B_k3_c0.12_r0.01,B,negative_control,SMSP,30.0,2500,30,30,0,0,0,-35.66931550079487,0.007714117398072406,-8.685846209726876e-05,0.5066587426619431,519.0,4.675348702585325,971260.0
B_k3_c0.12_r0.01,B,negative_control,SMSP,30.0,3750,30,30,0,0,0,-35.66937332324084,0.007714129027374395,-8.685846209919741e-05,0.5066587426619431,519.0,4.650884760000433,971260.0
B_k3_c0.12_r0.01,B,negative_control,SMSP,30.0,4500,30,30,0,0,0,-35.66895189168215,0.0076515224211662495,-8.685846209726876e-05,0.5066587426619431,519.0,4.627883531308423,971260.0
B_k3_c0.12_r0.01,B,negative_control,SMSP,30.0,500,30,30,0,0,0,-13.204387463723398,0.007787291074299285,-8.685846209919741e-05,0.5104112465773183,96.0,4.742422232326741,971260.0
B_k3_c0.12_r0.01,B,negative_control,SMSP,5.0,1250,30,30,0,0,0,18.686556818445307,0.024340806208817914,-8.685846209919741e-05,0.5284631931808598,2.0,4.686765271859865,971260.0
B_k3_c0.12_r0.01,B,negative_control,SMSP,5.0,2500,30,30,0,0,0,18.676677468377754,0.024543952132672586,-8.685846209726876e-05,0.5284631931808598,2.0,4.66749026090838,971260.0
B_k3_c0.12_r0.01,B,negative_control,SMSP,5.0,3750,30,30,0,0,0,18.658959763019798,0.02455162779714563,-8.685846209919741e-05,0.5284631931808599,2.0,4.6428291088280575,971260.0
B_k3_c0.12_r0.01,B,negative_control,SMSP,5.0,4500,30,30,0,0,0,18.68994661127413,0.024498312670400157,-8.685846209726876e-05,0.5284631931808598,2.0,4.644011065829545,971260.0
B_k3_c0.12_r0.01,B,negative_control,SMSP,5.0,500,30,30,0,0,0,14.7408229413443,0.022062155729603187,-8.685846209919741e-05,0.5164761530524177,0.0,4.704172237931441,971260.0
B_k3_c0.12_r0.01,B,target_jammer,NoiseConvolutionJamming,0.0,1250,30,30,0,0,0,13.389157353809598,0.20147601006811594,-8.685846209919741e-05,0.541870620932515,0.9666666666666667,4.572602834862967,971301.4
B_k3_c0.12_r0.01,B,target_jammer,NoiseConvolutionJamming,0.0,2500,30,30,0,0,0,13.358547979242047,0.2015945809810748,-8.685846209726876e-05,0.541870620932515,0.9666666666666667,4.526540171355009,971301.4
B_k3_c0.12_r0.01,B,target_jammer,NoiseConvolutionJamming,0.0,3750,30,30,0,0,0,13.305454485087807,0.2021569432501955,-8.685846209919741e-05,0.541870620932515,0.9666666666666667,4.512933360335107,971301.4
B_k3_c0.12_r0.01,B,target_jammer,NoiseConvolutionJamming,0.0,4500,30,30,0,0,0,13.313988268549169,0.20217670585644756,-8.685846209726876e-05,0.5418874502625255,0.9666666666666667,4.526019468903542,971301.4
B_k3_c0.12_r0.01,B,target_jammer,NoiseConvolutionJamming,0.0,500,30,30,0,0,0,10.42711225874571,0.20985772210368214,-8.685846209919741e-05,0.5444353985000144,0.0,4.592258232878521,971301.4
B_k3_c0.12_r0.01,B,target_jammer,NoiseConvolutionJamming,10.0,1250,30,30,0,0,0,22.572924070667533,0.5702068080298227,-8.685846209919741e-05,0.5129149057490711,1.4333333333333333,4.663761169649661,971306.0
B_k3_c0.12_r0.01,B,target_jammer,NoiseConvolutionJamming,10.0,2500,30,30,0,0,0,22.57166365620209,0.5702074786779913,-8.685846209726876e-05,0.5129149057490711,1.4333333333333333,4.662315398066615,971306.0
B_k3_c0.12_r0.01,B,target_jammer,NoiseConvolutionJamming,10.0,3750,30,30,0,0,0,22.56593324470683,0.570250202966367,-8.685846209919741e-05,0.5129149057490711,1.4333333333333333,4.661166730026404,971306.0
B_k3_c0.12_r0.01,B,target_jammer,NoiseConvolutionJamming,10.0,4500,30,30,0,0,0,22.60414185853647,0.5702732317183627,-8.685846209726876e-05,0.5109612818328658,1.2,4.6529014691865695,971306.0
B_k3_c0.12_r0.01,B,target_jammer,NoiseConvolutionJamming,10.0,500,30,30,0,0,0,19.280623843831602,0.5239531728824323,-8.685846209919741e-05,0.5047176108891122,0.23333333333333334,4.734008371209105,971306.0
B_k3_c0.12_r0.01,B,target_jammer,NoiseConvolutionJamming,20.0,1250,30,30,0,0,0,-14.614063671115396,6.65996923639465,-8.685846209919741e-05,0.5036169697905563,250.63333333333333,4.6769471722655,971306.0
B_k3_c0.12_r0.01,B,target_jammer,NoiseConvolutionJamming,20.0,2500,30,30,0,0,0,-14.612366520659396,6.660093623006338,-8.685846209726876e-05,0.5036169697905563,250.63333333333333,4.6374083089176565,971306.0
B_k3_c0.12_r0.01,B,target_jammer,NoiseConvolutionJamming,20.0,3750,30,30,0,0,0,-14.612944749981471,6.660091837526476,-8.685846209919741e-05,0.5036169697905564,250.63333333333333,4.626779168999444,971306.0
B_k3_c0.12_r0.01,B,target_jammer,NoiseConvolutionJamming,20.0,4500,30,30,0,0,0,-14.608475553602252,7.968803411911058,-8.685846209726876e-05,0.48883808200367806,263.8666666666667,4.662156871442373,971306.0
B_k3_c0.12_r0.01,B,target_jammer,NoiseConvolutionJamming,20.0,500,30,30,0,0,0,0.6067737227880381,6.989909029084882,-8.685846209919741e-05,0.4558881961663092,68.43333333333334,4.692373568347345,971306.0
B_k3_c0.12_r0.01,B,target_jammer,NoiseConvolutionJamming,30.0,1250,30,30,0,0,0,-14.371401547611976,5.8589527183615235,-8.685846209919741e-05,0.5032200004563818,253.1,4.6151207624158515,971306.0
B_k3_c0.12_r0.01,B,target_jammer,NoiseConvolutionJamming,30.0,2500,30,30,0,0,0,-14.36939129370028,5.859070352799203,-8.685846209726876e-05,0.5032200004563818,253.1,4.624701467885946,971306.0
B_k3_c0.12_r0.01,B,target_jammer,NoiseConvolutionJamming,30.0,3750,30,30,0,0,0,-14.36944918845321,5.859070217351633,-8.685846209919741e-05,0.5032200004563818,253.1,4.5913818331124885,971306.0
B_k3_c0.12_r0.01,B,target_jammer,NoiseConvolutionJamming,30.0,4500,30,30,0,0,0,-17.18842361664198,6.343479911960926,-8.685846209726876e-05,0.48795501149806964,280.93333333333334,4.6266389021184295,971306.0
B_k3_c0.12_r0.01,B,target_jammer,NoiseConvolutionJamming,30.0,500,30,30,0,0,0,-4.264142262387968,5.781859031266566,-8.685846209919741e-05,0.44373239837069095,80.76666666666667,4.655428999103606,971306.0
B_k3_c0.12_r0.01,B,target_jammer,NoiseConvolutionJamming,5.0,1250,30,30,0,0,0,18.013468588811033,0.33862437942953133,-8.685846209919741e-05,0.5271696002534484,0.9666666666666667,4.666604095837101,971306.0
B_k3_c0.12_r0.01,B,target_jammer,NoiseConvolutionJamming,5.0,2500,30,30,0,0,0,18.00471246638598,0.338633645914172,-8.685846209726876e-05,0.5271696002534484,0.9666666666666667,4.648530531752233,971306.0
B_k3_c0.12_r0.01,B,target_jammer,NoiseConvolutionJamming,5.0,3750,30,30,0,0,0,17.986940048142838,0.3387728098089173,-8.685846209919741e-05,0.5271696002534484,0.9666666666666667,4.654826435338085,971306.0
B_k3_c0.12_r0.01,B,target_jammer,NoiseConvolutionJamming,5.0,4500,30,30,0,0,0,18.01790104463304,0.33869786355639414,-8.685846209726876e-05,0.5271551480270732,0.9333333333333333,4.642405599588528,971306.0
B_k3_c0.12_r0.01,B,target_jammer,NoiseConvolutionJamming,5.0,500,30,30,0,0,0,14.798129284348203,0.3215253094318021,-8.685846209919741e-05,0.5270249038321283,0.03333333333333333,4.703136168730755,971306.0
B_k3_c0.12_r0.01,B,target_jammer,NoiseProductJamming,0.0,1250,30,30,0,0,0,12.391110000320046,0.22317148405914114,-8.685846209919741e-05,0.5426804400066892,1.0666666666666667,4.515020875260234,971327.4666666667
B_k3_c0.12_r0.01,B,target_jammer,NoiseProductJamming,0.0,2500,30,30,0,0,0,12.347799085680476,0.22402768155192732,-8.685846209726876e-05,0.5426804400066892,1.0666666666666667,4.5473918338151025,971307.5333333333
B_k3_c0.12_r0.01,B,target_jammer,NoiseProductJamming,0.0,3750,30,30,0,0,0,12.27749941578335,0.22488975754038656,-8.685846209919741e-05,0.5426804400066892,1.0666666666666667,4.501279200970505,971295.2666666667
B_k3_c0.12_r0.01,B,target_jammer,NoiseProductJamming,0.0,4500,30,30,0,0,0,12.274838411034244,0.22554218065469236,-8.685846209726876e-05,0.5426831514522094,1.0666666666666667,4.501886136131361,971304.4666666667
B_k3_c0.12_r0.01,B,target_jammer,NoiseProductJamming,0.0,500,30,30,0,0,0,12.204999120939023,0.22262868714752285,-8.685846209919741e-05,0.5425229613970342,0.0,4.5375390036497265,971344.3333333334
B_k3_c0.12_r0.01,B,target_jammer,NoiseProductJamming,10.0,1250,30,30,0,0,0,21.93133748379085,0.5645676398736897,-8.685846209919741e-05,0.5119773014322548,1.7333333333333334,4.651842927948262,971260.0
B_k3_c0.12_r0.01,B,target_jammer,NoiseProductJamming,10.0,2500,30,30,0,0,0,21.926541629179773,0.5646136198640314,-8.685846209726876e-05,0.5119773014322548,1.7333333333333334,4.630586072259272,971260.0
B_k3_c0.12_r0.01,B,target_jammer,NoiseProductJamming,10.0,3750,30,30,0,0,0,21.918815544269457,0.5646880657997442,-8.685846209919741e-05,0.5119773014322548,1.7333333333333334,4.6043192346890764,971260.0
B_k3_c0.12_r0.01,B,target_jammer,NoiseProductJamming,10.0,4500,30,30,0,0,0,21.955792603693464,0.5646513206662427,-8.685846209726876e-05,0.5108235912607215,1.6,4.691529138168941,971260.0
B_k3_c0.12_r0.01,B,target_jammer,NoiseProductJamming,10.0,500,30,30,0,0,0,21.80087308535008,0.5669020502924886,-8.685846209919741e-05,0.48828378607679296,0.13333333333333333,4.704047126385073,971260.0
B_k3_c0.12_r0.01,B,target_jammer,NoiseProductJamming,20.0,1250,30,30,0,0,0,-15.779161441087712,4.619389592918108,-8.685846209919741e-05,0.5046089310716857,203.03333333333333,4.693000005014862,971273.8
B_k3_c0.12_r0.01,B,target_jammer,NoiseProductJamming,20.0,2500,30,30,0,0,0,-15.779751548686212,4.619412536397027,-8.685846209726876e-05,0.5046089310716858,203.03333333333333,4.668520872170727,971270.7333333333
B_k3_c0.12_r0.01,B,target_jammer,NoiseProductJamming,20.0,3750,30,30,0,0,0,-15.780531690654003,4.619414849867782,-8.685846209919741e-05,0.5046089310716858,203.03333333333333,4.67933879699558,971272.2666666667
B_k3_c0.12_r0.01,B,target_jammer,NoiseProductJamming,20.0,4500,30,30,0,0,0,-16.211682249966948,4.56896390008564,-8.685846209726876e-05,0.5032261049908641,207.06666666666666,4.684234769471611,971270.7333333333
B_k3_c0.12_r0.01,B,target_jammer,NoiseProductJamming,20.0,500,30,30,0,0,0,-0.6538332395210295,5.998456014457478,-8.685846209919741e-05,0.41393261322063696,62.733333333333334,4.717624926706776,971275.3333333334
B_k3_c0.12_r0.01,B,target_jammer,NoiseProductJamming,30.0,1250,30,30,0,0,0,-15.522119698630895,3.8683799233029648,-8.685846209919741e-05,0.5041591050203084,205.96666666666667,4.6552279440220445,971272.2666666667
B_k3_c0.12_r0.01,B,target_jammer,NoiseProductJamming,30.0,2500,30,30,0,0,0,-15.522277699759252,3.868412992445908,-8.685846209726876e-05,0.5041591050203084,205.96666666666667,4.65080276868927,971272.2666666667
B_k3_c0.12_r0.01,B,target_jammer,NoiseProductJamming,30.0,3750,30,30,0,0,0,-15.522355783763722,3.8684132368173527,-8.685846209919741e-05,0.5041591050203084,205.96666666666667,4.639673665709172,971275.3333333334
B_k3_c0.12_r0.01,B,target_jammer,NoiseProductJamming,30.0,4500,30,30,0,0,0,-16.228283942042417,3.822442643165608,-8.685846209726876e-05,0.4998983981194627,214.76666666666668,4.633906935729708,971275.3333333334
B_k3_c0.12_r0.01,B,target_jammer,NoiseProductJamming,30.0,500,30,30,0,0,0,-2.139975626201092,5.436707185390148,-8.685846209919741e-05,0.41001793594375086,71.16666666666667,4.727508395444602,971276.8666666667
B_k3_c0.12_r0.01,B,target_jammer,NoiseProductJamming,5.0,1250,30,30,0,0,0,17.124753549773235,0.3673158998196953,-8.685846209919741e-05,0.5272042469864713,1.2,4.71011123736389,971336.6666666666
B_k3_c0.12_r0.01,B,target_jammer,NoiseProductJamming,5.0,2500,30,30,0,0,0,17.109939181791614,0.3675223124175208,-8.685846209726876e-05,0.5272042469864713,1.2,4.653163904246564,971341.2666666667
B_k3_c0.12_r0.01,B,target_jammer,NoiseProductJamming,5.0,3750,30,30,0,0,0,17.086071812193072,0.36776052528594094,-8.685846209919741e-05,0.5272042469864713,1.2,4.646954105313246,971322.8666666667
B_k3_c0.12_r0.01,B,target_jammer,NoiseProductJamming,5.0,4500,30,30,0,0,0,17.11327729553509,0.36794212511425484,-8.685846209726876e-05,0.5272106666784755,1.2,4.6409972962768125,971350.4666666667
B_k3_c0.12_r0.01,B,target_jammer,NoiseProductJamming,5.0,500,30,30,0,0,0,16.9536042247793,0.36596941447993747,-8.685846209919741e-05,0.5225486687852775,0.0,4.722861097737526,971333.6
B_k5_c0.05_r0.001,B,negative_control,AMNoiseGaiJam,0.0,1250,30,30,0,0,0,8.34516170151558,0.09614220302524848,-8.685885308092608e-06,0.5617875009587103,1.0,5.901533196447417,1132580.2666666666
B_k5_c0.05_r0.001,B,negative_control,AMNoiseGaiJam,0.0,2500,30,30,0,0,0,8.286278077346644,0.09826467722207789,-8.685885305199627e-06,0.5617875009587103,1.0,5.889466765802354,1132589.2
B_k5_c0.05_r0.001,B,negative_control,AMNoiseGaiJam,0.0,3750,30,30,0,0,0,8.124875237525105,0.0999745948417097,-8.685885305199627e-06,0.5617875009587103,1.0,5.874607029060523,1132593.8
B_k5_c0.05_r0.001,B,negative_control,AMNoiseGaiJam,0.0,4500,30,30,0,0,0,8.062337474826307,0.10121826897825209,-8.685885304235298e-06,0.5619096381331691,1.0,5.873556869725387,1132590.7333333334
B_k5_c0.05_r0.001,B,negative_control,AMNoiseGaiJam,0.0,500,30,30,0,0,0,6.218283750556675,0.08875712313273672,-8.685885305199627e-06,0.5610745037359834,0.0,5.960847134701908,1132593.8
B_k5_c0.05_r0.001,B,negative_control,AMNoiseGaiJam,10.0,1250,30,30,0,0,0,16.51881778850044,0.14140607005921513,-8.685885308092608e-06,0.5353999559887629,0.8333333333333334,5.811345831413443,1132566.4
B_k5_c0.05_r0.001,B,negative_control,AMNoiseGaiJam,10.0,2500,30,30,0,0,0,16.543920670430825,0.1405492037335844,-8.685885305199627e-06,0.5353999559887629,0.8333333333333334,5.788670959494387,1132576.0
B_k5_c0.05_r0.001,B,negative_control,AMNoiseGaiJam,10.0,3750,30,30,0,0,0,16.524154631115067,0.14072951740183806,-8.685885305199627e-06,0.5353999559887629,0.8333333333333334,5.789047159487382,1132577.6
B_k5_c0.05_r0.001,B,negative_control,AMNoiseGaiJam,10.0,4500,30,30,0,0,0,16.55403650278118,0.14075696522079242,-8.685885304235298e-06,0.5353999559887629,0.8333333333333334,5.824962440722932,1132576.8
B_k5_c0.05_r0.001,B,negative_control,AMNoiseGaiJam,10.0,500,30,30,0,0,0,13.46831156470453,0.1718464345737719,-8.685885305199627e-06,0.5404962295909606,0.0,5.881289002718404,1132580.0
B_k5_c0.05_r0.001,B,negative_control,AMNoiseGaiJam,20.0,1250,30,30,0,0,0,24.227691285626026,0.24746955945627472,-8.685885308092608e-06,0.5117983370683695,0.3333333333333333,5.6850527025138335,1132566.4
B_k5_c0.05_r0.001,B,negative_control,AMNoiseGaiJam,20.0,2500,30,30,0,0,0,24.263126435171884,0.2467927084512227,-8.685885305199627e-06,0.5117983370683696,0.3333333333333333,5.654559961597745,1132566.4
B_k5_c0.05_r0.001,B,negative_control,AMNoiseGaiJam,20.0,3750,30,30,0,0,0,24.261119444448962,0.2467956500584594,-8.685885305199627e-06,0.5117983370683696,0.3333333333333333,5.692586062165598,1132562.4
B_k5_c0.05_r0.001,B,negative_control,AMNoiseGaiJam,20.0,4500,30,30,0,0,0,24.302222237876386,0.24677699491539817,-8.685885304235298e-06,0.5117983370683696,0.3333333333333333,5.6928069272544235,1132565.6
B_k5_c0.05_r0.001,B,negative_control,AMNoiseGaiJam,20.0,500,30,30,0,0,0,21.00508571101116,0.28442250808428643,-8.685885305199627e-06,0.5196137607837878,0.0,5.740377731854096,1132580.0
B_k5_c0.05_r0.001,B,negative_control,AMNoiseGaiJam,30.0,1250,30,30,0,0,0,-19.65867133411456,8.526492504310134,-8.685885308092608e-06,0.5021213849381031,307.56666666666666,5.782056904475515,1132566.4
B_k5_c0.05_r0.001,B,negative_control,AMNoiseGaiJam,30.0,2500,30,30,0,0,0,-19.62267091970043,8.526875518520757,-8.685885305199627e-06,0.5021213849381031,307.56666666666666,5.7893570318507654,1132563.2
B_k5_c0.05_r0.001,B,negative_control,AMNoiseGaiJam,30.0,3750,30,30,0,0,0,-19.622871451949646,8.526877144675215,-8.685885305199627e-06,0.5021213849381031,307.56666666666666,5.773806930907692,1132563.2
B_k5_c0.05_r0.001,B,negative_control,AMNoiseGaiJam,30.0,4500,30,30,0,0,0,-19.615828833602553,8.532186226810524,-8.685885304235298e-06,0.5023024974315178,307.56666666666666,5.774780603436132,1132564.0
B_k5_c0.05_r0.001,B,negative_control,AMNoiseGaiJam,30.0,500,30,30,0,0,0,16.71441325764549,5.950888377143852,-8.685885305199627e-06,0.5052163168252609,22.633333333333333,5.852440364348392,1132580.0
B_k5_c0.05_r0.001,B,negative_control,AMNoiseGaiJam,5.0,1250,30,30,0,0,0,12.275366203239262,0.11887069645296174,-8.685885308092608e-06,0.5487083133082802,1.0,5.761422199429944,1132567.2
B_k5_c0.05_r0.001,B,negative_control,AMNoiseGaiJam,5.0,2500,30,30,0,0,0,12.27669954855814,0.11864314952489115,-8.685885305199627e-06,0.5487083133082802,1.0,5.770551401656121,1132579.2
B_k5_c0.05_r0.001,B,negative_control,AMNoiseGaiJam,5.0,3750,30,30,0,0,0,12.217168380529378,0.11931152898666361,-8.685885305199627e-06,0.5487083133082802,1.0,5.773162405239418,1132580.0
B_k5_c0.05_r0.001,B,negative_control,AMNoiseGaiJam,5.0,4500,30,30,0,0,0,12.22161044939039,0.11965670675821873,-8.685885304235298e-06,0.5487083133082802,1.0,5.761744371072079,1132580.0
B_k5_c0.05_r0.001,B,negative_control,AMNoiseGaiJam,5.0,500,30,30,0,0,0,9.526975113012487,0.13381405855010464,-8.685885305199627e-06,0.5508897304660471,0.0,5.81818336698537,1132580.0
B_k5_c0.05_r0.001,B,negative_control,FMNoiseAimedJam,0.0,1250,30,30,0,0,0,10.251703608514894,0.1709537007951977,-8.685885308092608e-06,0.5504903746447259,1.0,5.883013965406765,1132565.5333333334
B_k5_c0.05_r0.001,B,negative_control,FMNoiseAimedJam,0.0,2500,30,30,0,0,0,10.219024894064342,0.17269654294841005,-8.685885305199627e-06,0.5504903746447259,1.0,5.858297236651803,1132581.5333333334
B_k5_c0.05_r0.001,B,negative_control,FMNoiseAimedJam,0.0,3750,30,30,0,0,0,10.108875600016813,0.17468754643699871,-8.685885305199627e-06,0.5504903746447259,1.0,5.849407021499549,1132581.5333333334
B_k5_c0.05_r0.001,B,negative_control,FMNoiseAimedJam,0.0,4500,30,30,0,0,0,10.081448473538519,0.17627016800050002,-8.685885304235298e-06,0.5504903746447259,1.0,5.864107005375748,1132581.5333333334
B_k5_c0.05_r0.001,B,negative_control,FMNoiseAimedJam,0.0,500,30,30,0,0,0,7.372832106069964,0.18712015782563002,-8.685885305199627e-06,0.5551872697591044,0.0,5.936761107295752,1132581.5333333334
B_k5_c0.05_r0.001,B,negative_control,FMNoiseAimedJam,10.0,1250,30,30,0,0,0,19.342106547945335,0.39128028166080686,-8.685885308092608e-06,0.5208488693955978,1.1666666666666667,5.78076532886674,1132610.8
B_k5_c0.05_r0.001,B,negative_control,FMNoiseAimedJam,10.0,2500,30,30,0,0,0,19.369491709330454,0.39081431485837287,-8.685885305199627e-06,0.5208488693955978,1.1666666666666667,5.757761096659427,1132617.2
B_k5_c0.05_r0.001,B,negative_control,FMNoiseAimedJam,10.0,3750,30,30,0,0,0,19.356694186975027,0.3909170183161532,-8.685885305199627e-06,0.5208488693955978,1.1666666666666667,5.840400067002823,1132623.6
B_k5_c0.05_r0.001,B,negative_control,FMNoiseAimedJam,10.0,4500,30,30,0,0,0,19.391002600696766,0.39101405074276757,-8.685885304235298e-06,0.5207342907912665,1.1333333333333333,5.738797104762246,1132618.8
B_k5_c0.05_r0.001,B,negative_control,FMNoiseAimedJam,10.0,500,30,30,0,0,0,15.725898322961275,0.41840651149482666,-8.685885305199627e-06,0.5239203291527538,0.03333333333333333,5.814149971896161,1132626.0
B_k5_c0.05_r0.001,B,negative_control,FMNoiseAimedJam,20.0,1250,30,30,0,0,0,-18.56248833844428,9.216334554730487,-8.685885308092608e-06,0.5040042031471101,347.76666666666665,5.720115369573857,1132610.0
B_k5_c0.05_r0.001,B,negative_control,FMNoiseAimedJam,20.0,2500,30,30,0,0,0,-18.528044617716326,9.214873271384478,-8.685885305199627e-06,0.5040042031471101,347.76666666666665,5.666702863527462,1132606.0
B_k5_c0.05_r0.001,B,negative_control,FMNoiseAimedJam,20.0,3750,30,30,0,0,0,-18.529344824463397,9.21488094016007,-8.685885305199627e-06,0.5040042031471101,347.76666666666665,5.667554171911131,1132610.8
B_k5_c0.05_r0.001,B,negative_control,FMNoiseAimedJam,20.0,4500,30,30,0,0,0,-18.520329785593102,9.220741386574216,-8.685885304235298e-06,0.5038001411086279,347.73333333333335,5.687731826522698,1132611.6
B_k5_c0.05_r0.001,B,negative_control,FMNoiseAimedJam,20.0,500,30,30,0,0,0,11.203165410336313,6.914009328138028,-8.685885305199627e-06,0.47433515712337154,44.06666666666667,5.7192749945291625,1132626.0
B_k5_c0.05_r0.001,B,negative_control,FMNoiseAimedJam,30.0,1250,30,30,0,0,0,-27.23051708524288,5.313861006718243,-8.685885308092608e-06,0.5038569512244251,434.6333333333333,5.858738933845113,1132610.0
B_k5_c0.05_r0.001,B,negative_control,FMNoiseAimedJam,30.0,2500,30,30,0,0,0,-27.195320382771268,5.313553661235886,-8.685885305199627e-06,0.5038569512244251,434.6333333333333,5.837012427703788,1132609.2
B_k5_c0.05_r0.001,B,negative_control,FMNoiseAimedJam,30.0,3750,30,30,0,0,0,-27.19545059358405,5.313554216964602,-8.685885305199627e-06,0.5038569512244251,434.6333333333333,5.799327827602004,1132610.0
B_k5_c0.05_r0.001,B,negative_control,FMNoiseAimedJam,30.0,4500,30,30,0,0,0,-27.193947450089926,5.315054652866281,-8.685885304235298e-06,0.5040225026524456,434.6333333333333,5.841875035548583,1132609.2
B_k5_c0.05_r0.001,B,negative_control,FMNoiseAimedJam,30.0,500,30,30,0,0,0,-7.459074307977506,5.7283352795587,-8.685885305199627e-06,0.46489370441323563,119.3,5.874459802483519,1132626.0
B_k5_c0.05_r0.001,B,negative_control,FMNoiseAimedJam,5.0,1250,30,30,0,0,0,14.641999827346938,0.2453441471699534,-8.685885308092608e-06,0.5357057519396563,0.9333333333333333,5.836124929677074,1132598.5333333334
B_k5_c0.05_r0.001,B,negative_control,FMNoiseAimedJam,5.0,2500,30,30,0,0,0,14.652856542184686,0.2453721789758887,-8.685885305199627e-06,0.5357057519396563,0.9333333333333333,5.79504703443187,1132610.5333333334
B_k5_c0.05_r0.001,B,negative_control,FMNoiseAimedJam,5.0,3750,30,30,0,0,0,14.61389170956693,0.24585092204428383,-8.685885305199627e-06,0.5357057519396563,0.9333333333333333,5.783495865762234,1132613.7333333334
B_k5_c0.05_r0.001,B,negative_control,FMNoiseAimedJam,5.0,4500,30,30,0,0,0,14.631866146877092,0.24629344620996815,-8.685885304235298e-06,0.5357057519396563,0.9333333333333333,5.80825960302415,1132613.7333333334
B_k5_c0.05_r0.001,B,negative_control,FMNoiseAimedJam,5.0,500,30,30,0,0,0,11.240926511687572,0.2709280376613486,-8.685885305199627e-06,0.5410412663647676,0.0,5.8911930381630855,1132613.7333333334
B_k5_c0.05_r0.001,B,negative_control,FMNoiseSaopin,0.0,1250,30,30,0,0,0,7.45834209185359,1.0753400388979457,-8.685885308092608e-06,0.5747373391541397,1.0,5.9726903719517095,1132565.6
B_k5_c0.05_r0.001,B,negative_control,FMNoiseSaopin,0.0,2500,30,30,0,0,0,7.85315294808068,1.1348343648820929,-8.685885305199627e-06,0.5688713088397567,1.0,5.822295839122186,1132580.0
B_k5_c0.05_r0.001,B,negative_control,FMNoiseSaopin,0.0,3750,30,30,0,0,0,7.592473440826487,1.2133593103799005,-8.685885305199627e-06,0.5688713088397567,1.0,5.834749996817361,1132580.0
B_k5_c0.05_r0.001,B,negative_control,FMNoiseSaopin,0.0,4500,30,30,0,0,0,7.45628411773995,1.267994458642913,-8.685885304235298e-06,0.5691832109824222,1.0,5.820945801679045,1132580.0
B_k5_c0.05_r0.001,B,negative_control,FMNoiseSaopin,0.0,500,30,30,0,0,0,2.6206189447197263,0.05093340065011352,-8.685885305199627e-06,0.5838731113787811,0.0,5.894704265908028,1132580.0
B_k5_c0.05_r0.001,B,negative_control,FMNoiseSaopin,10.0,1250,30,30,0,0,0,14.170956456862308,2.332165004202138,-8.685885308092608e-06,0.5569938802965552,1.0,5.6961514269157005,1132564.8
B_k5_c0.05_r0.001,B,negative_control,FMNoiseSaopin,10.0,2500,30,30,0,0,0,15.12848318395617,2.2670489570277055,-8.685885305199627e-06,0.5428039354204028,1.0,5.711936104732255,1132576.8
B_k5_c0.05_r0.001,B,negative_control,FMNoiseSaopin,10.0,3750,30,30,0,0,0,15.010611742067432,2.3312075455850905,-8.685885305199627e-06,0.5428039354204028,1.0,5.672016633131231,1132576.0
B_k5_c0.05_r0.001,B,negative_control,FMNoiseSaopin,10.0,4500,30,30,0,0,0,14.97501209978318,2.3737914205163606,-8.685885304235298e-06,0.5428039354204028,1.0,5.722129102408265,1132577.6
B_k5_c0.05_r0.001,B,negative_control,FMNoiseSaopin,10.0,500,30,30,0,0,0,2.6547894517030017,0.04856845674943387,-8.685885305199627e-06,0.5832725367087356,0.0,5.9343276972261565,1132580.0
B_k5_c0.05_r0.001,B,negative_control,FMNoiseSaopin,20.0,1250,30,30,0,0,0,22.321671433034066,3.398677370690035,-8.685885308092608e-06,0.5334906876377625,1.0,5.807756999274716,1132564.8
B_k5_c0.05_r0.001,B,negative_control,FMNoiseSaopin,20.0,2500,30,30,0,0,0,12.55163760044814,22.42237248367587,-8.685885305199627e-06,0.51266977057441,45.766666666666666,5.781545891659334,1132564.0
B_k5_c0.05_r0.001,B,negative_control,FMNoiseSaopin,20.0,3750,30,30,0,0,0,12.68893793269795,22.104123686835266,-8.685885305199627e-06,0.51266977057441,45.766666666666666,5.765570932999253,1132564.0
B_k5_c0.05_r0.001,B,negative_control,FMNoiseSaopin,20.0,4500,30,30,0,0,0,12.736040725527454,22.062941734816857,-8.685885304235298e-06,0.51266977057441,45.766666666666666,5.7708569744136184,1132566.4
B_k5_c0.05_r0.001,B,negative_control,FMNoiseSaopin,20.0,500,30,30,0,0,0,2.9497692789500265,0.12957655023046044,-8.685885305199627e-06,0.5804558023273205,0.0,5.872333334991708,1132580.0
B_k5_c0.05_r0.001,B,negative_control,FMNoiseSaopin,30.0,1250,30,30,0,0,0,-1.0176549730914666,8.670539203899047,-8.685885308092608e-06,0.45449939123535626,326.1333333333333,5.777388863498345,1132565.6
B_k5_c0.05_r0.001,B,negative_control,FMNoiseSaopin,30.0,2500,30,30,0,0,0,-146.72205570096318,55.680260890523876,-8.685885305199627e-06,0.5035174453888602,791.8666666666667,5.794693069765344,1132564.8
B_k5_c0.05_r0.001,B,negative_control,FMNoiseSaopin,30.0,3750,30,30,0,0,0,-146.66606710702985,55.65968696872844,-8.685885305199627e-06,0.5035174453888602,791.8666666666667,5.796576366992667,1132565.6
B_k5_c0.05_r0.001,B,negative_control,FMNoiseSaopin,30.0,4500,30,30,0,0,0,-146.67247897184672,55.666259194567175,-8.685885304235298e-06,0.5035174453888602,791.8666666666667,5.8109667637230205,1132561.6
B_k5_c0.05_r0.001,B,negative_control,FMNoiseSaopin,30.0,500,30,30,0,0,0,4.714239605081497,0.7243794070337479,-8.685885305199627e-06,0.569316980330511,0.0,5.810069261739652,1132580.0
B_k5_c0.05_r0.001,B,negative_control,FMNoiseSaopin,5.0,1250,30,30,0,0,0,10.564431688215624,1.6887279126799761,-8.685885308092608e-06,0.5668934628973836,1.0,5.784922205687811,1132564.8
B_k5_c0.05_r0.001,B,negative_control,FMNoiseSaopin,5.0,2500,30,30,0,0,0,11.232719525152422,1.722811262591599,-8.685885305199627e-06,0.5571956039464221,1.0,5.792752829923605,1132578.4
B_k5_c0.05_r0.001,B,negative_control,FMNoiseSaopin,5.0,3750,30,30,0,0,0,11.05470914595282,1.802762115967053,-8.685885305199627e-06,0.5571956039464221,1.0,5.765847200139736,1132580.0
B_k5_c0.05_r0.001,B,negative_control,FMNoiseSaopin,5.0,4500,30,30,0,0,0,10.976639827160424,1.8573716697062073,-8.685885304235298e-06,0.5572604995393066,1.0,5.766043033994113,1132580.0
B_k5_c0.05_r0.001,B,negative_control,FMNoiseSaopin,5.0,500,30,30,0,0,0,2.629249853504005,0.049606486220789045,-8.685885305199627e-06,0.5836958964783084,0.0,5.8323096367530525,1132580.0
B_k5_c0.05_r0.001,B,negative_control,NoJammer,0.0,1250,30,30,0,0,0,4.630213180057521,0.06760654415899318,-8.685885308092608e-06,0.583899947052554,0.0,5.877549967650945,1132612.4
B_k5_c0.05_r0.001,B,negative_control,NoJammer,0.0,2500,30,30,0,0,0,4.155875054607064,0.07136000226643253,-8.685885305199627e-06,0.5838304738715105,0.0,5.814465364286055,1132626.0
B_k5_c0.05_r0.001,B,negative_control,NoJammer,0.0,3750,30,30,0,0,0,3.213955323803776,0.0853594018708795,-8.685885305199627e-06,0.5843771174358517,0.0,5.800690335066368,1132626.0
B_k5_c0.05_r0.001,B,negative_control,NoJammer,0.0,4500,30,30,0,0,0,2.533980048824374,0.0898132114825119,-8.685885304235298e-06,0.5854766072875492,0.0,5.849906963218625,1132626.0
B_k5_c0.05_r0.001,B,negative_control,NoJammer,0.0,500,30,30,0,0,0,4.192044702720218,0.07264840056099502,-8.685885305199627e-06,0.5850114759676347,0.0,5.93549309996888,1132626.0
B_k5_c0.05_r0.001,B,negative_control,NoJammer,10.0,1250,30,30,0,0,0,4.630213180057521,0.06760654415899318,-8.685885308092608e-06,0.583899947052554,0.0,6.069627770921215,1132612.4
B_k5_c0.05_r0.001,B,negative_control,NoJammer,10.0,2500,30,30,0,0,0,4.155875054607064,0.07136000226643253,-8.685885305199627e-06,0.5838304738715105,0.0,6.062769464915618,1132626.0
B_k5_c0.05_r0.001,B,negative_control,NoJammer,10.0,3750,30,30,0,0,0,3.213955323803776,0.0853594018708795,-8.685885305199627e-06,0.5843771174358517,0.0,6.213549935879807,1132626.0
B_k5_c0.05_r0.001,B,negative_control,NoJammer,10.0,4500,30,30,0,0,0,2.533980048824374,0.0898132114825119,-8.685885304235298e-06,0.5854766072875492,0.0,6.0614917310886085,1132626.0
B_k5_c0.05_r0.001,B,negative_control,NoJammer,10.0,500,30,30,0,0,0,4.192044702720218,0.07264840056099502,-8.685885305199627e-06,0.5850114759676347,0.0,6.077975100682427,1132626.0
B_k5_c0.05_r0.001,B,negative_control,NoJammer,20.0,1250,30,30,0,0,0,4.630213180057521,0.06760654415899318,-8.685885308092608e-06,0.583899947052554,0.0,5.846113963828732,1132612.4
B_k5_c0.05_r0.001,B,negative_control,NoJammer,20.0,2500,30,30,0,0,0,4.155875054607064,0.07136000226643253,-8.685885305199627e-06,0.5838304738715105,0.0,5.9131347671306385,1132626.0
B_k5_c0.05_r0.001,B,negative_control,NoJammer,20.0,3750,30,30,0,0,0,3.213955323803776,0.0853594018708795,-8.685885305199627e-06,0.5843771174358517,0.0,5.9133000613655895,1132626.0
B_k5_c0.05_r0.001,B,negative_control,NoJammer,20.0,4500,30,30,0,0,0,2.533980048824374,0.0898132114825119,-8.685885304235298e-06,0.5854766072875492,0.0,5.892922263592482,1132626.0
B_k5_c0.05_r0.001,B,negative_control,NoJammer,20.0,500,30,30,0,0,0,4.192044702720218,0.07264840056099502,-8.685885305199627e-06,0.5850114759676347,0.0,5.971780572629844,1132626.0
B_k5_c0.05_r0.001,B,negative_control,NoJammer,30.0,1250,30,30,0,0,0,4.630213180057521,0.06760654415899318,-8.685885308092608e-06,0.583899947052554,0.0,5.923180670167009,1132612.4
B_k5_c0.05_r0.001,B,negative_control,NoJammer,30.0,2500,30,30,0,0,0,4.155875054607064,0.07136000226643253,-8.685885305199627e-06,0.5838304738715105,0.0,5.887236030927549,1132626.0
B_k5_c0.05_r0.001,B,negative_control,NoJammer,30.0,3750,30,30,0,0,0,3.213955323803776,0.0853594018708795,-8.685885305199627e-06,0.5843771174358517,0.0,5.820769467391074,1132626.0
B_k5_c0.05_r0.001,B,negative_control,NoJammer,30.0,4500,30,30,0,0,0,2.533980048824374,0.0898132114825119,-8.685885304235298e-06,0.5854766072875492,0.0,5.844505563921605,1132626.0
B_k5_c0.05_r0.001,B,negative_control,NoJammer,30.0,500,30,30,0,0,0,4.192044702720218,0.07264840056099502,-8.685885305199627e-06,0.5850114759676347,0.0,5.938400035180773,1132626.0
B_k5_c0.05_r0.001,B,negative_control,NoJammer,5.0,1250,30,30,0,0,0,4.630213180057521,0.06760654415899318,-8.685885308092608e-06,0.583899947052554,0.0,5.871706935189043,1132612.4
B_k5_c0.05_r0.001,B,negative_control,NoJammer,5.0,2500,30,30,0,0,0,4.155875054607064,0.07136000226643253,-8.685885305199627e-06,0.5838304738715105,0.0,5.843884732651834,1132626.0
B_k5_c0.05_r0.001,B,negative_control,NoJammer,5.0,3750,30,30,0,0,0,3.213955323803776,0.0853594018708795,-8.685885305199627e-06,0.5843771174358517,0.0,5.79467083249862,1132626.0
B_k5_c0.05_r0.001,B,negative_control,NoJammer,5.0,4500,30,30,0,0,0,2.533980048824374,0.0898132114825119,-8.685885304235298e-06,0.5854766072875492,0.0,5.8315069395272685,1132626.0
B_k5_c0.05_r0.001,B,negative_control,NoJammer,5.0,500,30,30,0,0,0,4.192044702720218,0.07264840056099502,-8.685885305199627e-06,0.5850114759676347,0.0,5.895540139560278,1132626.0
B_k5_c0.05_r0.001,B,negative_control,SMSP,0.0,1250,30,30,0,0,0,13.734913565250691,0.02737880449014203,-8.685885308092608e-06,0.5443383488807195,1.0,5.829620960867032,1132563.2
B_k5_c0.05_r0.001,B,negative_control,SMSP,0.0,2500,30,30,0,0,0,13.704531146657871,0.027858187126077277,-8.685885305199627e-06,0.5443383488807196,1.0,5.818506894866005,1132577.6
B_k5_c0.05_r0.001,B,negative_control,SMSP,0.0,3750,30,30,0,0,0,13.651758966841701,0.02773622445490437,-8.685885305199627e-06,0.5443383488807196,1.0,5.816995763840775,1132580.0
B_k5_c0.05_r0.001,B,negative_control,SMSP,0.0,4500,30,30,0,0,0,13.659951439892172,0.027437633412210834,-8.685885304235298e-06,0.5443383488807196,1.0,5.819084669928998,1132580.0
B_k5_c0.05_r0.001,B,negative_control,SMSP,0.0,500,30,30,0,0,0,10.123270692104377,0.03150301317041374,-8.685885305199627e-06,0.5428146687758585,0.0,5.855309668307503,1132580.0
B_k5_c0.05_r0.001,B,negative_control,SMSP,10.0,1250,30,30,0,0,0,23.91513292261935,0.024418505823113744,-8.685885308092608e-06,0.5120842638874631,2.1,5.69108336737069,1132562.4
B_k5_c0.05_r0.001,B,negative_control,SMSP,10.0,2500,30,30,0,0,0,23.91232374311602,0.024503325376194048,-8.685885305199627e-06,0.5120842638874632,2.1,5.668623563057433,1132564.0
B_k5_c0.05_r0.001,B,negative_control,SMSP,10.0,3750,30,30,0,0,0,23.906604464486772,0.024524464919817315,-8.685885305199627e-06,0.5120842638874632,2.1,5.642306905550261,1132567.2
B_k5_c0.05_r0.001,B,negative_control,SMSP,10.0,4500,30,30,0,0,0,23.94527837581835,0.024511537843077708,-8.685885304235298e-06,0.5120842638874632,2.1,5.677395804862802,1132567.2
B_k5_c0.05_r0.001,B,negative_control,SMSP,10.0,500,30,30,0,0,0,19.856529456755425,0.020284073784976216,-8.685885305199627e-06,0.47549561323211376,0.0,5.7503651730561005,1132580.0
B_k5_c0.05_r0.001,B,negative_control,SMSP,20.0,1250,30,30,0,0,0,-36.345804674532864,0.02276823685658611,-8.685885308092608e-06,0.5070522085433563,519.0,5.810373633479078,1132562.4
B_k5_c0.05_r0.001,B,negative_control,SMSP,20.0,2500,30,30,0,0,0,-36.346421924236424,0.02278261214829156,-8.685885305199627e-06,0.5070522085433563,519.0,5.8400277979671955,1132563.2
B_k5_c0.05_r0.001,B,negative_control,SMSP,20.0,3750,30,30,0,0,0,-36.346999372691066,0.02278265156057196,-8.685885305199627e-06,0.5070522085433563,519.0,5.798166772971551,1132563.2
B_k5_c0.05_r0.001,B,negative_control,SMSP,20.0,4500,30,30,0,0,0,-36.347352088356175,0.02277682628485583,-8.685885304235298e-06,0.5070522085433563,519.0,5.781947301390271,1132564.8
B_k5_c0.05_r0.001,B,negative_control,SMSP,20.0,500,30,30,0,0,0,-13.62407742571468,0.02233382067644381,-8.685885305199627e-06,0.5109449221987776,96.0,5.871883234552418,1132580.0
B_k5_c0.05_r0.001,B,negative_control,SMSP,30.0,1250,30,30,0,0,0,-35.66900237562668,0.007713553115012986,-8.685885308092608e-06,0.5066587426619431,519.0,5.825122129560138,1132562.4
B_k5_c0.05_r0.001,B,negative_control,SMSP,30.0,2500,30,30,0,0,0,-35.66931550079489,0.007714117398066083,-8.685885305199627e-06,0.5066587426619431,519.0,5.815255608952914,1132562.4
B_k5_c0.05_r0.001,B,negative_control,SMSP,30.0,3750,30,30,0,0,0,-35.66937332324084,0.007714129027378152,-8.685885305199627e-06,0.5066587426619431,519.0,5.826495764389013,1132562.4
B_k5_c0.05_r0.001,B,negative_control,SMSP,30.0,4500,30,30,0,0,0,-35.66895189168213,0.007651522421165951,-8.685885304235298e-06,0.5066587426619431,519.0,5.801355604004736,1132564.0
B_k5_c0.05_r0.001,B,negative_control,SMSP,30.0,500,30,30,0,0,0,-13.2043874637234,0.007787291074299189,-8.685885305199627e-06,0.5104112465773183,96.0,5.876882028921197,1132580.0
B_k5_c0.05_r0.001,B,negative_control,SMSP,5.0,1250,30,30,0,0,0,18.686556818445307,0.024340806208818056,-8.685885308092608e-06,0.5284631931808598,2.0,5.874191707698628,1132563.2
B_k5_c0.05_r0.001,B,negative_control,SMSP,5.0,2500,30,30,0,0,0,18.676677468377754,0.024543952132672475,-8.685885305199627e-06,0.5284631931808598,2.0,5.79756677034311,1132573.6
B_k5_c0.05_r0.001,B,negative_control,SMSP,5.0,3750,30,30,0,0,0,18.6589597630198,0.024551627797145304,-8.685885305199627e-06,0.5284631931808598,2.0,5.779266675623755,1132578.4
B_k5_c0.05_r0.001,B,negative_control,SMSP,5.0,4500,30,30,0,0,0,18.689946611274127,0.024498312670399706,-8.685885304235298e-06,0.5284631931808599,2.0,5.816727936811124,1132572.0
B_k5_c0.05_r0.001,B,negative_control,SMSP,5.0,500,30,30,0,0,0,14.7408229413443,0.022062155729603187,-8.685885305199627e-06,0.5164761530524177,0.0,5.83939846449842,1132580.0
B_k5_c0.05_r0.001,B,target_jammer,NoiseConvolutionJamming,0.0,1250,30,30,0,0,0,13.389157353809594,0.2014760100681161,-8.685885308092608e-06,0.5418706209325149,0.9666666666666667,5.665419506840408,1132606.2
B_k5_c0.05_r0.001,B,target_jammer,NoiseConvolutionJamming,0.0,2500,30,30,0,0,0,13.358547979242047,0.20159458098107488,-8.685885305199627e-06,0.541870620932515,0.9666666666666667,5.65478330439267,1132619.8
B_k5_c0.05_r0.001,B,target_jammer,NoiseConvolutionJamming,0.0,3750,30,30,0,0,0,13.305454485087807,0.20215694325019523,-8.685885305199627e-06,0.541870620932515,0.9666666666666667,5.649759639830639,1132621.4
B_k5_c0.05_r0.001,B,target_jammer,NoiseConvolutionJamming,0.0,4500,30,30,0,0,0,13.313988268549169,0.20217670585644737,-8.685885304235298e-06,0.5418874502625256,0.9666666666666667,5.643858232845862,1132621.4
B_k5_c0.05_r0.001,B,target_jammer,NoiseConvolutionJamming,0.0,500,30,30,0,0,0,10.42711225874571,0.2098577221036819,-8.685885305199627e-06,0.5444353985000144,0.0,5.704147104794781,1132621.4
B_k5_c0.05_r0.001,B,target_jammer,NoiseConvolutionJamming,10.0,1250,30,30,0,0,0,22.572924070667533,0.5702068080298227,-8.685885308092608e-06,0.5129149057490708,1.4333333333333333,5.809098528698087,1132610.8
B_k5_c0.05_r0.001,B,target_jammer,NoiseConvolutionJamming,10.0,2500,30,30,0,0,0,22.571663656202094,0.5702074786779912,-8.685885305199627e-06,0.5129149057490711,1.4333333333333333,5.8265694688695175,1132611.6
B_k5_c0.05_r0.001,B,target_jammer,NoiseConvolutionJamming,10.0,3750,30,30,0,0,0,22.56593324470683,0.570250202966367,-8.685885305199627e-06,0.512914905749071,1.4333333333333333,5.816737605103602,1132612.4
B_k5_c0.05_r0.001,B,target_jammer,NoiseConvolutionJamming,10.0,4500,30,30,0,0,0,22.60414185853647,0.5702732317183627,-8.685885304235298e-06,0.5109612818328659,1.2,5.813562530480946,1132614.8
B_k5_c0.05_r0.001,B,target_jammer,NoiseConvolutionJamming,10.0,500,30,30,0,0,0,19.2806238438316,0.5239531728824321,-8.685885305199627e-06,0.5047176108891122,0.23333333333333334,5.897437532742818,1132626.0
B_k5_c0.05_r0.001,B,target_jammer,NoiseConvolutionJamming,20.0,1250,30,30,0,0,0,-14.614063671115389,6.659969236394645,-8.685885308092608e-06,0.5036169697905563,250.63333333333333,5.801220835807423,1132610.8
B_k5_c0.05_r0.001,B,target_jammer,NoiseConvolutionJamming,20.0,2500,30,30,0,0,0,-14.61236652065939,6.660093623006335,-8.685885305199627e-06,0.5036169697905563,250.63333333333333,5.785599973751232,1132610.8
B_k5_c0.05_r0.001,B,target_jammer,NoiseConvolutionJamming,20.0,3750,30,30,0,0,0,-14.612944749981466,6.6600918375264735,-8.685885305199627e-06,0.5036169697905564,250.63333333333333,5.757850037965302,1132607.6
B_k5_c0.05_r0.001,B,target_jammer,NoiseConvolutionJamming,20.0,4500,30,30,0,0,0,-14.608475553602238,7.968803411911049,-8.685885304235298e-06,0.4888380820036782,263.8666666666667,5.788895796285942,1132609.2
B_k5_c0.05_r0.001,B,target_jammer,NoiseConvolutionJamming,20.0,500,30,30,0,0,0,0.6067737227880389,6.989909029084882,-8.685885305199627e-06,0.4558881961663092,68.43333333333334,5.844376430225869,1132626.0
B_k5_c0.05_r0.001,B,target_jammer,NoiseConvolutionJamming,30.0,1250,30,30,0,0,0,-14.37140154761198,5.8589527183615235,-8.685885308092608e-06,0.5032200004563818,253.1,5.733755669401337,1132610.8
B_k5_c0.05_r0.001,B,target_jammer,NoiseConvolutionJamming,30.0,2500,30,30,0,0,0,-14.369391293700271,5.8590703527992,-8.685885305199627e-06,0.5032200004563818,253.1,5.764811061089858,1132608.4
B_k5_c0.05_r0.001,B,target_jammer,NoiseConvolutionJamming,30.0,3750,30,30,0,0,0,-14.369449188453217,5.859070217351638,-8.685885305199627e-06,0.5032200004563818,253.1,5.72511656403852,1132606.0
B_k5_c0.05_r0.001,B,target_jammer,NoiseConvolutionJamming,30.0,4500,30,30,0,0,0,-17.188423616641966,6.343479911960916,-8.685885304235298e-06,0.48795501149806964,280.93333333333334,5.773186029788728,1132608.4
B_k5_c0.05_r0.001,B,target_jammer,NoiseConvolutionJamming,30.0,500,30,30,0,0,0,-4.264142262387968,5.781859031266566,-8.685885305199627e-06,0.44373239837069095,80.76666666666667,5.7608430312636,1132626.0
B_k5_c0.05_r0.001,B,target_jammer,NoiseConvolutionJamming,5.0,1250,30,30,0,0,0,18.013468588811033,0.3386243794295314,-8.685885308092608e-06,0.5271696002534484,0.9666666666666667,5.8135416339306785,1132610.8
B_k5_c0.05_r0.001,B,target_jammer,NoiseConvolutionJamming,5.0,2500,30,30,0,0,0,18.00471246638598,0.338633645914172,-8.685885305199627e-06,0.5271696002534484,0.9666666666666667,5.776263732695952,1132621.2
B_k5_c0.05_r0.001,B,target_jammer,NoiseConvolutionJamming,5.0,3750,30,30,0,0,0,17.986940048142838,0.3387728098089171,-8.685885305199627e-06,0.5271696002534484,0.9666666666666667,5.776080694825699,1132622.0
B_k5_c0.05_r0.001,B,target_jammer,NoiseConvolutionJamming,5.0,4500,30,30,0,0,0,18.01790104463304,0.33869786355639425,-8.685885304235298e-06,0.5271551480270732,0.9333333333333333,5.7701971983381855,1132621.2
B_k5_c0.05_r0.001,B,target_jammer,NoiseConvolutionJamming,5.0,500,30,30,0,0,0,14.798129284348203,0.3215253094318019,-8.685885305199627e-06,0.5270249038321282,0.03333333333333333,5.859097201998035,1132626.0
B_k5_c0.05_r0.001,B,target_jammer,NoiseProductJamming,0.0,1250,30,30,0,0,0,12.391110000320046,0.22317148405914078,-8.685885308092608e-06,0.5426804400066892,1.0666666666666667,5.623645865125582,1132641.5333333334
B_k5_c0.05_r0.001,B,target_jammer,NoiseProductJamming,0.0,2500,30,30,0,0,0,12.347799085680476,0.22402768155192676,-8.685885305199627e-06,0.5426804400066892,1.0666666666666667,5.619381998743241,1132647.4666666666
B_k5_c0.05_r0.001,B,target_jammer,NoiseProductJamming,0.0,3750,30,30,0,0,0,12.277499415783348,0.22488975754038643,-8.685885305199627e-06,0.5426804400066892,1.0666666666666667,5.619976405675213,1132635.2
B_k5_c0.05_r0.001,B,target_jammer,NoiseProductJamming,0.0,4500,30,30,0,0,0,12.274838411034244,0.2255421806546924,-8.685885304235298e-06,0.5426831514522094,1.0666666666666667,5.594377803693836,1132633.6666666667
B_k5_c0.05_r0.001,B,target_jammer,NoiseProductJamming,0.0,500,30,30,0,0,0,12.204999120939023,0.22262868714752318,-8.685885305199627e-06,0.5425229613970342,0.0,5.6260180252138525,1132675.0666666667
B_k5_c0.05_r0.001,B,target_jammer,NoiseProductJamming,10.0,1250,30,30,0,0,0,21.93133748379085,0.5645676398736893,-8.685885308092608e-06,0.5119773014322548,1.7333333333333334,5.793251333913456,1132564.8
B_k5_c0.05_r0.001,B,target_jammer,NoiseProductJamming,10.0,2500,30,30,0,0,0,21.926541629179773,0.5646136198640315,-8.685885305199627e-06,0.5119773014322548,1.7333333333333334,5.769645905820653,1132571.2
B_k5_c0.05_r0.001,B,target_jammer,NoiseProductJamming,10.0,3750,30,30,0,0,0,21.918815544269457,0.5646880657997442,-8.685885305199627e-06,0.5119773014322548,1.7333333333333334,5.741548538208008,1132572.0
B_k5_c0.05_r0.001,B,target_jammer,NoiseProductJamming,10.0,4500,30,30,0,0,0,21.955792603693464,0.5646513206662425,-8.685885304235298e-06,0.5108235912607215,1.6,5.796245832849915,1132571.2
B_k5_c0.05_r0.001,B,target_jammer,NoiseProductJamming,10.0,500,30,30,0,0,0,21.80087308535008,0.5669020502924893,-8.685885305199627e-06,0.48828378607679296,0.13333333333333333,5.835852801101282,1132580.0
B_k5_c0.05_r0.001,B,target_jammer,NoiseProductJamming,20.0,1250,30,30,0,0,0,-15.779161441087712,4.619389592918108,-8.685885308092608e-06,0.5046089310716857,203.03333333333333,5.838254266806568,1132581.7333333334
B_k5_c0.05_r0.001,B,target_jammer,NoiseProductJamming,20.0,2500,30,30,0,0,0,-15.779751548686212,4.619412536397027,-8.685885305199627e-06,0.5046089310716858,203.03333333333333,5.815954207597922,1132582.6
B_k5_c0.05_r0.001,B,target_jammer,NoiseProductJamming,20.0,3750,30,30,0,0,0,-15.780531690654003,4.619414849867782,-8.685885305199627e-06,0.5046089310716858,203.03333333333333,5.823947194342812,1132581.8
B_k5_c0.05_r0.001,B,target_jammer,NoiseProductJamming,20.0,4500,30,30,0,0,0,-16.211682249966948,4.56896390008564,-8.685885304235298e-06,0.5032261049908641,207.06666666666666,5.8359346992801875,1132587.4
B_k5_c0.05_r0.001,B,target_jammer,NoiseProductJamming,20.0,500,30,30,0,0,0,-0.6538332395210279,5.998456014457477,-8.685885305199627e-06,0.41393261322063696,62.733333333333334,5.852322261004399,1132598.4
B_k5_c0.05_r0.001,B,target_jammer,NoiseProductJamming,30.0,1250,30,30,0,0,0,-15.522119698630895,3.8683799233029648,-8.685885308092608e-06,0.5041591050203084,205.96666666666667,5.797194328624755,1132578.6666666667
B_k5_c0.05_r0.001,B,target_jammer,NoiseProductJamming,30.0,2500,30,30,0,0,0,-15.522277699759252,3.868412992445908,-8.685885305199627e-06,0.5041591050203083,205.96666666666667,5.787495839952801,1132583.4666666666
B_k5_c0.05_r0.001,B,target_jammer,NoiseProductJamming,30.0,3750,30,30,0,0,0,-15.522355783763722,3.8684132368173527,-8.685885305199627e-06,0.5041591050203084,205.96666666666667,5.7585527072660625,1132581.7333333334
B_k5_c0.05_r0.001,B,target_jammer,NoiseProductJamming,30.0,4500,30,30,0,0,0,-16.228283942042417,3.8224426431656093,-8.685885304235298e-06,0.4998983981194627,214.76666666666668,5.77620566667368,1132584.9333333333
B_k5_c0.05_r0.001,B,target_jammer,NoiseProductJamming,30.0,500,30,30,0,0,0,-2.139975626201091,5.436707185390148,-8.685885305199627e-06,0.4100179359437509,71.16666666666667,12.56304023360523,1132596.8666666667
B_k5_c0.05_r0.001,B,target_jammer,NoiseProductJamming,5.0,1250,30,30,0,0,0,17.124753549773235,0.3673158998196949,-8.685885308092608e-06,0.5272042469864714,1.2,5.851140261317293,1132634.6666666667
B_k5_c0.05_r0.001,B,target_jammer,NoiseProductJamming,5.0,2500,30,30,0,0,0,17.109939181791614,0.36752231241752026,-8.685885305199627e-06,0.5272042469864714,1.2,5.771394467835004,1132664.8666666667
B_k5_c0.05_r0.001,B,target_jammer,NoiseProductJamming,5.0,3750,30,30,0,0,0,17.086071812193072,0.3677605252859408,-8.685885305199627e-06,0.5272042469864713,1.2,5.747177834079291,1132651.2666666666
B_k5_c0.05_r0.001,B,target_jammer,NoiseProductJamming,5.0,4500,30,30,0,0,0,17.11327729553509,0.36794212511425495,-8.685885304235298e-06,0.5272106666784755,1.2,5.7951722662740695,1132653.4666666666
B_k5_c0.05_r0.001,B,target_jammer,NoiseProductJamming,5.0,500,30,30,0,0,0,16.953604224779305,0.3659694144799382,-8.685885305199627e-06,0.5225486687852775,0.0,5.869913962669671,1132656.6666666667
B_k5_c0.05_r0.01,B,negative_control,AMNoiseGaiJam,0.0,1250,30,30,0,0,0,8.34516170151558,0.09614220302524848,-8.685846209919741e-05,0.5617875009587103,1.0,5.923048602805163,1132437.8
B_k5_c0.05_r0.01,B,negative_control,AMNoiseGaiJam,0.0,2500,30,30,0,0,0,8.286278077346644,0.09826467722207806,-8.685846209726876e-05,0.5617875009587103,1.0,5.888482060981914,1132448.2666666666
B_k5_c0.05_r0.01,B,negative_control,AMNoiseGaiJam,0.0,3750,30,30,0,0,0,8.124875237525101,0.09997459484170965,-8.685846209919741e-05,0.5617875009587103,1.0,5.8411680375381065,1132443.6666666667
B_k5_c0.05_r0.01,B,negative_control,AMNoiseGaiJam,0.0,4500,30,30,0,0,0,8.062337474826307,0.10121826897825209,-8.685846209726876e-05,0.5619096381331691,1.0,5.87045283561262,1132449.8
B_k5_c0.05_r0.01,B,negative_control,AMNoiseGaiJam,0.0,500,30,30,0,0,0,6.218283750556675,0.08875712313273672,-8.685846209919741e-05,0.5610745037359834,0.0,5.96398466732353,1132446.7333333334
B_k5_c0.05_r0.01,B,negative_control,AMNoiseGaiJam,10.0,1250,30,30,0,0,0,16.51881778850044,0.14140607005921532,-8.685846209919741e-05,0.5353999559887629,0.8333333333333334,5.82252083113417,1132422.4
B_k5_c0.05_r0.01,B,negative_control,AMNoiseGaiJam,10.0,2500,30,30,0,0,0,16.543920670430825,0.14054920373358445,-8.685846209726876e-05,0.5353999559887629,0.8333333333333334,5.800676466121028,1132432.0
B_k5_c0.05_r0.01,B,negative_control,AMNoiseGaiJam,10.0,3750,30,30,0,0,0,16.52415463111507,0.14072951740183828,-8.685846209919741e-05,0.5353999559887629,0.8333333333333334,5.809004300196345,1132433.6
B_k5_c0.05_r0.01,B,negative_control,AMNoiseGaiJam,10.0,4500,30,30,0,0,0,16.55403650278118,0.14075696522079229,-8.685846209726876e-05,0.5353999559887629,0.8333333333333334,5.762376426719129,1132432.8
B_k5_c0.05_r0.01,B,negative_control,AMNoiseGaiJam,10.0,500,30,30,0,0,0,13.46831156470453,0.17184643457377194,-8.685846209919741e-05,0.5404962295909604,0.0,5.8555402657172335,1132436.0
B_k5_c0.05_r0.01,B,negative_control,AMNoiseGaiJam,20.0,1250,30,30,0,0,0,24.227691285626026,0.2474695594562749,-8.685846209919741e-05,0.5117983370683696,0.3333333333333333,5.654363832824553,1132422.4
B_k5_c0.05_r0.01,B,negative_control,AMNoiseGaiJam,20.0,2500,30,30,0,0,0,24.263126435171884,0.24679270845122278,-8.685846209726876e-05,0.5117983370683695,0.3333333333333333,5.647347186459228,1132422.4
B_k5_c0.05_r0.01,B,negative_control,AMNoiseGaiJam,20.0,3750,30,30,0,0,0,24.261119444448962,0.246795650058459,-8.685846209919741e-05,0.5117983370683696,0.3333333333333333,5.692101361152406,1132418.4
B_k5_c0.05_r0.01,B,negative_control,AMNoiseGaiJam,20.0,4500,30,30,0,0,0,24.302222237876382,0.24677699491539865,-8.685846209726876e-05,0.5117983370683696,0.3333333333333333,5.697786272503436,1132421.6
B_k5_c0.05_r0.01,B,negative_control,AMNoiseGaiJam,20.0,500,30,30,0,0,0,21.00508571101116,0.28442250808428654,-8.685846209919741e-05,0.5196137607837878,0.0,5.756729233932371,1132436.0
B_k5_c0.05_r0.01,B,negative_control,AMNoiseGaiJam,30.0,1250,30,30,0,0,0,-19.658671334114548,8.52649250431013,-8.685846209919741e-05,0.5021213849381031,307.56666666666666,5.798325000796467,1132422.4
B_k5_c0.05_r0.01,B,negative_control,AMNoiseGaiJam,30.0,2500,30,30,0,0,0,-19.622670919700404,8.52687551852075,-8.685846209726876e-05,0.5021213849381031,307.56666666666666,5.808481995093946,1132419.2
B_k5_c0.05_r0.01,B,negative_control,AMNoiseGaiJam,30.0,3750,30,30,0,0,0,-19.62287145194966,8.52687714467522,-8.685846209919741e-05,0.5021213849381031,307.56666666666666,5.814355497326081,1132419.2
B_k5_c0.05_r0.01,B,negative_control,AMNoiseGaiJam,30.0,4500,30,30,0,0,0,-19.615828833602567,8.53218622681053,-8.685846209726876e-05,0.5023024974315178,307.56666666666666,5.7391055568587035,1132420.0
B_k5_c0.05_r0.01,B,negative_control,AMNoiseGaiJam,30.0,500,30,30,0,0,0,16.71441325764549,5.950888377143852,-8.685846209919741e-05,0.5052163168252609,22.633333333333333,5.835559694484497,1132436.0
B_k5_c0.05_r0.01,B,negative_control,AMNoiseGaiJam,5.0,1250,30,30,0,0,0,12.27536620323926,0.11887069645296178,-8.685846209919741e-05,0.5487083133082802,1.0,5.773666665966933,1132423.2
B_k5_c0.05_r0.01,B,negative_control,AMNoiseGaiJam,5.0,2500,30,30,0,0,0,12.276699548558136,0.11864314952489131,-8.685846209726876e-05,0.5487083133082802,1.0,5.779801435225333,1132435.2
B_k5_c0.05_r0.01,B,negative_control,AMNoiseGaiJam,5.0,3750,30,30,0,0,0,12.217168380529378,0.11931152898666314,-8.685846209919741e-05,0.5487083133082802,1.0,5.778800100476171,1132436.0
B_k5_c0.05_r0.01,B,negative_control,AMNoiseGaiJam,5.0,4500,30,30,0,0,0,12.221610449390392,0.1196567067582189,-8.685846209726876e-05,0.5487083133082802,1.0,5.774077835182349,1132436.0
B_k5_c0.05_r0.01,B,negative_control,AMNoiseGaiJam,5.0,500,30,30,0,0,0,9.526975113012488,0.1338140585501045,-8.685846209919741e-05,0.5508897304660471,0.0,5.833604163490236,1132436.0
B_k5_c0.05_r0.01,B,negative_control,FMNoiseAimedJam,0.0,1250,30,30,0,0,0,10.251703608514894,0.1709537007951976,-8.685846209919741e-05,0.5504903746447259,1.0,5.884425130595143,1132421.5333333334
B_k5_c0.05_r0.01,B,negative_control,FMNoiseAimedJam,0.0,2500,30,30,0,0,0,10.21902489406434,0.17269654294841005,-8.685846209726876e-05,0.5504903746447259,1.0,5.838158294015254,1132437.5333333334
B_k5_c0.05_r0.01,B,negative_control,FMNoiseAimedJam,0.0,3750,30,30,0,0,0,10.108875600016813,0.17468754643699871,-8.685846209919741e-05,0.5504903746447259,1.0,5.829670901099841,1132437.5333333334
B_k5_c0.05_r0.01,B,negative_control,FMNoiseAimedJam,0.0,4500,30,30,0,0,0,10.081448473538519,0.17627016800049988,-8.685846209726876e-05,0.5504903746447259,1.0,5.8307374982784195,1132437.5333333334
B_k5_c0.05_r0.01,B,negative_control,FMNoiseAimedJam,0.0,500,30,30,0,0,0,7.372832106069964,0.18712015782563032,-8.685846209919741e-05,0.5551872697591044,0.0,5.895393093427022,1132437.5333333334
B_k5_c0.05_r0.01,B,negative_control,FMNoiseAimedJam,10.0,1250,30,30,0,0,0,19.342106547945335,0.3912802816608071,-8.685846209919741e-05,0.5208488693955978,1.1666666666666667,5.78298619754302,1132466.8
B_k5_c0.05_r0.01,B,negative_control,FMNoiseAimedJam,10.0,2500,30,30,0,0,0,19.36949170933045,0.39081431485837304,-8.685846209726876e-05,0.5208488693955978,1.1666666666666667,5.713012507961442,1132473.2
B_k5_c0.05_r0.01,B,negative_control,FMNoiseAimedJam,10.0,3750,30,30,0,0,0,19.35669418697503,0.3909170183161533,-8.685846209919741e-05,0.5208488693955978,1.1666666666666667,5.797684766973059,1132479.6
B_k5_c0.05_r0.01,B,negative_control,FMNoiseAimedJam,10.0,4500,30,30,0,0,0,19.391002600696762,0.3910140507427675,-8.685846209726876e-05,0.5207342907912665,1.1333333333333333,5.702537476706008,1132474.8
B_k5_c0.05_r0.01,B,negative_control,FMNoiseAimedJam,10.0,500,30,30,0,0,0,15.725898322961276,0.4184065114948266,-8.685846209919741e-05,0.5239203291527538,0.03333333333333333,5.798077868530527,1132482.0
B_k5_c0.05_r0.01,B,negative_control,FMNoiseAimedJam,20.0,1250,30,30,0,0,0,-18.56248833844431,9.216334554730503,-8.685846209919741e-05,0.5040042031471101,347.76666666666665,5.684650101466104,1132466.0
B_k5_c0.05_r0.01,B,negative_control,FMNoiseAimedJam,20.0,2500,30,30,0,0,0,-18.52804461771634,9.214873271384487,-8.685846209726876e-05,0.5040042031471101,347.76666666666665,5.67415279801935,1132462.0
B_k5_c0.05_r0.01,B,negative_control,FMNoiseAimedJam,20.0,3750,30,30,0,0,0,-18.5293448244634,9.214880940160072,-8.685846209919741e-05,0.5040042031471101,347.76666666666665,5.645255538790177,1132466.8
B_k5_c0.05_r0.01,B,negative_control,FMNoiseAimedJam,20.0,4500,30,30,0,0,0,-18.52032978559309,9.220741386574213,-8.685846209726876e-05,0.503800141108628,347.73333333333335,5.684645867828901,1132467.6
B_k5_c0.05_r0.01,B,negative_control,FMNoiseAimedJam,20.0,500,30,30,0,0,0,11.203165410336311,6.91400932813803,-8.685846209919741e-05,0.4743351571233717,44.06666666666667,5.730097133588667,1132482.0
B_k5_c0.05_r0.01,B,negative_control,FMNoiseAimedJam,30.0,1250,30,30,0,0,0,-27.23051708524286,5.313861006718223,-8.685846209919741e-05,0.5038569512244251,434.6333333333333,5.850720871239901,1132466.0
B_k5_c0.05_r0.01,B,negative_control,FMNoiseAimedJam,30.0,2500,30,30,0,0,0,-27.195320382771293,5.313553661235901,-8.685846209726876e-05,0.5038569512244251,434.6333333333333,5.836802769529943,1132465.2
B_k5_c0.05_r0.01,B,negative_control,FMNoiseAimedJam,30.0,3750,30,30,0,0,0,-27.19545059358404,5.313554216964596,-8.685846209919741e-05,0.5038569512244251,434.6333333333333,5.802854210681592,1132466.0
B_k5_c0.05_r0.01,B,negative_control,FMNoiseAimedJam,30.0,4500,30,30,0,0,0,-27.193947450089915,5.315054652866274,-8.685846209726876e-05,0.5040225026524457,434.6333333333333,5.809976538876072,1132465.2
B_k5_c0.05_r0.01,B,negative_control,FMNoiseAimedJam,30.0,500,30,30,0,0,0,-7.459074307977507,5.7283352795587,-8.685846209919741e-05,0.4648937044132356,119.3,5.876566700559731,1132482.0
B_k5_c0.05_r0.01,B,negative_control,FMNoiseAimedJam,5.0,1250,30,30,0,0,0,14.641999827346933,0.24534414716995373,-8.685846209919741e-05,0.5357057519396563,0.9333333333333333,5.821088940137997,1132454.5333333334
B_k5_c0.05_r0.01,B,negative_control,FMNoiseAimedJam,5.0,2500,30,30,0,0,0,14.652856542184685,0.24537217897588895,-8.685846209726876e-05,0.5357057519396563,0.9333333333333333,5.779037405348693,1132466.5333333334
B_k5_c0.05_r0.01,B,negative_control,FMNoiseAimedJam,5.0,3750,30,30,0,0,0,14.613891709566929,0.24585092204428388,-8.685846209919741e-05,0.5357057519396563,0.9333333333333333,5.754610969840239,1132469.7333333334
B_k5_c0.05_r0.01,B,negative_control,FMNoiseAimedJam,5.0,4500,30,30,0,0,0,14.631866146877092,0.24629344620996854,-8.685846209726876e-05,0.5357057519396563,0.9333333333333333,5.779311138515671,1132469.7333333334
B_k5_c0.05_r0.01,B,negative_control,FMNoiseAimedJam,5.0,500,30,30,0,0,0,11.240926511687572,0.27092803766134843,-8.685846209919741e-05,0.5410412663647676,0.0,5.864402803126723,1132469.7333333334
B_k5_c0.05_r0.01,B,negative_control,FMNoiseSaopin,0.0,1250,30,30,0,0,0,7.45834209185359,1.0753400388979457,-8.685846209919741e-05,0.5747373391541397,1.0,5.845584842609242,1132421.6
B_k5_c0.05_r0.01,B,negative_control,FMNoiseSaopin,0.0,2500,30,30,0,0,0,7.85315294808068,1.1348343648820927,-8.685846209726876e-05,0.5688713088397567,1.0,5.829499972363313,1132436.0
B_k5_c0.05_r0.01,B,negative_control,FMNoiseSaopin,0.0,3750,30,30,0,0,0,7.59247344082649,1.2133593103799007,-8.685846209919741e-05,0.5688713088397567,1.0,5.81543609732762,1132436.0
B_k5_c0.05_r0.01,B,negative_control,FMNoiseSaopin,0.0,4500,30,30,0,0,0,7.45628411773995,1.2679944586429133,-8.685846209726876e-05,0.5691832109824222,1.0,5.828982129848252,1132436.0
B_k5_c0.05_r0.01,B,negative_control,FMNoiseSaopin,0.0,500,30,30,0,0,0,2.620618944719726,0.0509334006501135,-8.685846209919741e-05,0.5838731113787811,0.0,5.923854194891949,1132436.0
B_k5_c0.05_r0.01,B,negative_control,FMNoiseSaopin,10.0,1250,30,30,0,0,0,14.17095645686231,2.332165004202137,-8.685846209919741e-05,0.5569938802965552,1.0,5.689681996591389,1132420.8
B_k5_c0.05_r0.01,B,negative_control,FMNoiseSaopin,10.0,2500,30,30,0,0,0,15.128483183956169,2.2670489570277055,-8.685846209726876e-05,0.5428039354204028,1.0,5.72415966889821,1132432.8
B_k5_c0.05_r0.01,B,negative_control,FMNoiseSaopin,10.0,3750,30,30,0,0,0,15.010611742067432,2.3312075455850905,-8.685846209919741e-05,0.5428039354204028,1.0,5.661869431302573,1132432.0
B_k5_c0.05_r0.01,B,negative_control,FMNoiseSaopin,10.0,4500,30,30,0,0,0,14.97501209978318,2.37379142051636,-8.685846209726876e-05,0.5428039354204028,1.0,5.706156937715908,1132433.6
B_k5_c0.05_r0.01,B,negative_control,FMNoiseSaopin,10.0,500,30,30,0,0,0,2.6547894517030013,0.048568456749433365,-8.685846209919741e-05,0.5832725367087356,0.0,5.831680538055177,1132436.0
B_k5_c0.05_r0.01,B,negative_control,FMNoiseSaopin,20.0,1250,30,30,0,0,0,22.321671433034066,3.398677370690035,-8.685846209919741e-05,0.5334906876377625,1.0,5.759144467689718,1132420.8
B_k5_c0.05_r0.01,B,negative_control,FMNoiseSaopin,20.0,2500,30,30,0,0,0,12.675588532225333,22.18138937939128,-8.685846209726876e-05,0.51266977057441,45.766666666666666,5.753406893927604,1132420.0
B_k5_c0.05_r0.01,B,negative_control,FMNoiseSaopin,20.0,3750,30,30,0,0,0,12.658400407483075,22.163481228275508,-8.685846209919741e-05,0.51266977057441,45.766666666666666,5.760365303528185,1132420.0
B_k5_c0.05_r0.01,B,negative_control,FMNoiseSaopin,20.0,4500,30,30,0,0,0,12.560023090926695,22.405083030576172,-8.685846209726876e-05,0.51266977057441,45.766666666666666,5.781848697612683,1132422.4
B_k5_c0.05_r0.01,B,negative_control,FMNoiseSaopin,20.0,500,30,30,0,0,0,2.949769278950025,0.12957655023046036,-8.685846209919741e-05,0.5804558023273205,0.0,5.810668065290277,1132436.0
B_k5_c0.05_r0.01,B,negative_control,FMNoiseSaopin,30.0,1250,30,30,0,0,0,-1.0176549730914755,8.67053920389905,-8.685846209919741e-05,0.45449939123535626,326.1333333333333,5.8090693957637995,1132421.6
B_k5_c0.05_r0.01,B,negative_control,FMNoiseSaopin,30.0,2500,30,30,0,0,0,-146.71602131091979,55.67890858168059,-8.685846209726876e-05,0.5035174453888602,791.8666666666667,5.80976942825752,1132420.8
B_k5_c0.05_r0.01,B,negative_control,FMNoiseSaopin,30.0,3750,30,30,0,0,0,-146.6037136954638,55.63564595466767,-8.685846209919741e-05,0.5035174453888602,791.8666666666667,5.753155593993142,1132421.6
B_k5_c0.05_r0.01,B,negative_control,FMNoiseSaopin,30.0,4500,30,30,0,0,0,-146.7080348879705,55.681530617572285,-8.685846209726876e-05,0.5035174453888602,791.8666666666667,5.811216792790219,1132417.6
B_k5_c0.05_r0.01,B,negative_control,FMNoiseSaopin,30.0,500,30,30,0,0,0,4.714239605081497,0.7243794070337484,-8.685846209919741e-05,0.569316980330511,0.0,5.794340331340209,1132436.0
B_k5_c0.05_r0.01,B,negative_control,FMNoiseSaopin,5.0,1250,30,30,0,0,0,10.564431688215626,1.6887279126799755,-8.685846209919741e-05,0.5668934628973836,1.0,5.763915367424488,1132420.8
B_k5_c0.05_r0.01,B,negative_control,FMNoiseSaopin,5.0,2500,30,30,0,0,0,11.232719525152422,1.7228112625915988,-8.685846209726876e-05,0.5571956039464221,1.0,5.738984834169969,1132434.4
B_k5_c0.05_r0.01,B,negative_control,FMNoiseSaopin,5.0,3750,30,30,0,0,0,11.05470914595282,1.8027621159670526,-8.685846209919741e-05,0.5571956039464221,1.0,5.771620765638848,1132436.0
B_k5_c0.05_r0.01,B,negative_control,FMNoiseSaopin,5.0,4500,30,30,0,0,0,10.976639827160424,1.8573716697062082,-8.685846209726876e-05,0.5572604995393066,1.0,5.7502319318397594,1132436.0
B_k5_c0.05_r0.01,B,negative_control,FMNoiseSaopin,5.0,500,30,30,0,0,0,2.629249853504005,0.04960648622078881,-8.685846209919741e-05,0.5836958964783087,0.0,5.810847172203164,1132436.0
B_k5_c0.05_r0.01,B,negative_control,NoJammer,0.0,1250,30,30,0,0,0,4.630213180057521,0.06760654415899318,-8.685846209919741e-05,0.583899947052554,0.0,5.846218031365424,1132468.4
B_k5_c0.05_r0.01,B,negative_control,NoJammer,0.0,2500,30,30,0,0,0,4.155875054607064,0.07136000226643253,-8.685846209726876e-05,0.5838304738715105,0.0,5.817680666223168,1132482.0
B_k5_c0.05_r0.01,B,negative_control,NoJammer,0.0,3750,30,30,0,0,0,3.2139553238037775,0.08535940187087952,-8.685846209919741e-05,0.5843771174358517,0.0,5.783924978459254,1132482.0
B_k5_c0.05_r0.01,B,negative_control,NoJammer,0.0,4500,30,30,0,0,0,2.5339800488243736,0.08981321148251198,-8.685846209726876e-05,0.5854766072875492,0.0,5.832691465426858,1132482.0
B_k5_c0.05_r0.01,B,negative_control,NoJammer,0.0,500,30,30,0,0,0,4.192044702720216,0.07264840056099496,-8.685846209919741e-05,0.5850114759676347,0.0,5.896679164531331,1132482.0
B_k5_c0.05_r0.01,B,negative_control,NoJammer,10.0,1250,30,30,0,0,0,4.630213180057521,0.06760654415899318,-8.685846209919741e-05,0.583899947052554,0.0,6.05614865780808,1132468.4
B_k5_c0.05_r0.01,B,negative_control,NoJammer,10.0,2500,30,30,0,0,0,4.155875054607064,0.07136000226643253,-8.685846209726876e-05,0.5838304738715105,0.0,6.060722169543927,1132482.0
B_k5_c0.05_r0.01,B,negative_control,NoJammer,10.0,3750,30,30,0,0,0,3.2139553238037775,0.08535940187087952,-8.685846209919741e-05,0.5843771174358517,0.0,6.0654180046791835,1132482.0
B_k5_c0.05_r0.01,B,negative_control,NoJammer,10.0,4500,30,30,0,0,0,2.5339800488243736,0.08981321148251198,-8.685846209726876e-05,0.5854766072875492,0.0,6.030598469078541,1132482.0
B_k5_c0.05_r0.01,B,negative_control,NoJammer,10.0,500,30,30,0,0,0,4.192044702720216,0.07264840056099496,-8.685846209919741e-05,0.5850114759676347,0.0,6.079970827947061,1132482.0
B_k5_c0.05_r0.01,B,negative_control,NoJammer,20.0,1250,30,30,0,0,0,4.630213180057521,0.06760654415899318,-8.685846209919741e-05,0.583899947052554,0.0,5.88840966229327,1132468.4
B_k5_c0.05_r0.01,B,negative_control,NoJammer,20.0,2500,30,30,0,0,0,4.155875054607064,0.07136000226643253,-8.685846209726876e-05,0.5838304738715105,0.0,5.912580630198742,1132482.0
B_k5_c0.05_r0.01,B,negative_control,NoJammer,20.0,3750,30,30,0,0,0,3.2139553238037775,0.08535940187087952,-8.685846209919741e-05,0.5843771174358517,0.0,5.909062495144705,1132482.0
B_k5_c0.05_r0.01,B,negative_control,NoJammer,20.0,4500,30,30,0,0,0,2.5339800488243736,0.08981321148251198,-8.685846209726876e-05,0.5854766072875492,0.0,5.932734627276659,1132482.0
B_k5_c0.05_r0.01,B,negative_control,NoJammer,20.0,500,30,30,0,0,0,4.192044702720216,0.07264840056099496,-8.685846209919741e-05,0.5850114759676347,0.0,5.903042998397723,1132482.0
B_k5_c0.05_r0.01,B,negative_control,NoJammer,30.0,1250,30,30,0,0,0,4.630213180057521,0.06760654415899318,-8.685846209919741e-05,0.583899947052554,0.0,5.920415270763139,1132468.4
B_k5_c0.05_r0.01,B,negative_control,NoJammer,30.0,2500,30,30,0,0,0,4.155875054607064,0.07136000226643253,-8.685846209726876e-05,0.5838304738715105,0.0,5.850193133422484,1132482.0
B_k5_c0.05_r0.01,B,negative_control,NoJammer,30.0,3750,30,30,0,0,0,3.2139553238037775,0.08535940187087952,-8.685846209919741e-05,0.5843771174358517,0.0,5.87084162592267,1132482.0
B_k5_c0.05_r0.01,B,negative_control,NoJammer,30.0,4500,30,30,0,0,0,2.5339800488243736,0.08981321148251198,-8.685846209726876e-05,0.5854766072875492,0.0,5.8590568699097885,1132482.0
B_k5_c0.05_r0.01,B,negative_control,NoJammer,30.0,500,30,30,0,0,0,4.192044702720216,0.07264840056099496,-8.685846209919741e-05,0.5850114759676347,0.0,5.94694300283057,1132482.0
B_k5_c0.05_r0.01,B,negative_control,NoJammer,5.0,1250,30,30,0,0,0,4.630213180057521,0.06760654415899318,-8.685846209919741e-05,0.583899947052554,0.0,5.873952800175175,1132468.4
B_k5_c0.05_r0.01,B,negative_control,NoJammer,5.0,2500,30,30,0,0,0,4.155875054607064,0.07136000226643253,-8.685846209726876e-05,0.5838304738715105,0.0,5.808327665242056,1132482.0
B_k5_c0.05_r0.01,B,negative_control,NoJammer,5.0,3750,30,30,0,0,0,3.2139553238037775,0.08535940187087952,-8.685846209919741e-05,0.5843771174358517,0.0,5.808832061787446,1132482.0
B_k5_c0.05_r0.01,B,negative_control,NoJammer,5.0,4500,30,30,0,0,0,2.5339800488243736,0.08981321148251198,-8.685846209726876e-05,0.5854766072875492,0.0,5.834563800211375,1132482.0
B_k5_c0.05_r0.01,B,negative_control,NoJammer,5.0,500,30,30,0,0,0,4.192044702720216,0.07264840056099496,-8.685846209919741e-05,0.5850114759676347,0.0,5.9032624354586005,1132482.0
B_k5_c0.05_r0.01,B,negative_control,SMSP,0.0,1250,30,30,0,0,0,13.734913565250691,0.02737880449014203,-8.685846209919741e-05,0.5443383488807195,1.0,5.837793126314257,1132419.2
B_k5_c0.05_r0.01,B,negative_control,SMSP,0.0,2500,30,30,0,0,0,13.704531146657871,0.027858187126077277,-8.685846209726876e-05,0.5443383488807196,1.0,5.811315239407122,1132433.6
B_k5_c0.05_r0.01,B,negative_control,SMSP,0.0,3750,30,30,0,0,0,13.651758966841701,0.02773622445490437,-8.685846209919741e-05,0.5443383488807196,1.0,5.820315201223518,1132436.0
B_k5_c0.05_r0.01,B,negative_control,SMSP,0.0,4500,30,30,0,0,0,13.659951439892172,0.027437633412210834,-8.685846209726876e-05,0.5443383488807196,1.0,5.788891562648739,1132436.0
B_k5_c0.05_r0.01,B,negative_control,SMSP,0.0,500,30,30,0,0,0,10.123270692104377,0.03150301317041347,-8.685846209919741e-05,0.5428146687758585,0.0,5.848570872331038,1132436.0
B_k5_c0.05_r0.01,B,negative_control,SMSP,10.0,1250,30,30,0,0,0,23.91513292261935,0.024418505823113744,-8.685846209919741e-05,0.5120842638874631,2.1,5.69195143179968,1132418.4
B_k5_c0.05_r0.01,B,negative_control,SMSP,10.0,2500,30,30,0,0,0,23.91232374311602,0.024503325376194048,-8.685846209726876e-05,0.5120842638874632,2.1,5.6745889713056386,1132420.0
B_k5_c0.05_r0.01,B,negative_control,SMSP,10.0,3750,30,30,0,0,0,23.906604464486772,0.024524464919817315,-8.685846209919741e-05,0.5120842638874632,2.1,5.663647161175807,1132423.2
B_k5_c0.05_r0.01,B,negative_control,SMSP,10.0,4500,30,30,0,0,0,23.94527837581835,0.024511537843077462,-8.685846209726876e-05,0.5120842638874632,2.1,5.674615294750159,1132423.2
B_k5_c0.05_r0.01,B,negative_control,SMSP,10.0,500,30,30,0,0,0,19.856529456755425,0.02028407378497706,-8.685846209919741e-05,0.4754956132321138,0.0,5.749506862290825,1132436.0
B_k5_c0.05_r0.01,B,negative_control,SMSP,20.0,1250,30,30,0,0,0,-36.34580467453286,0.022768236856589748,-8.685846209919741e-05,0.5070522085433564,519.0,5.809970929597815,1132418.4
B_k5_c0.05_r0.01,B,negative_control,SMSP,20.0,2500,30,30,0,0,0,-36.34642192423644,0.02278261214828523,-8.685846209726876e-05,0.5070522085433563,519.0,5.798773601418361,1132419.2
B_k5_c0.05_r0.01,B,negative_control,SMSP,20.0,3750,30,30,0,0,0,-36.34699937269106,0.022782651560574827,-8.685846209919741e-05,0.5070522085433563,519.0,5.775013870637243,1132419.2
B_k5_c0.05_r0.01,B,negative_control,SMSP,20.0,4500,30,30,0,0,0,-36.34735208835617,0.022776826284856513,-8.685846209726876e-05,0.5070522085433563,519.0,5.7915459328796715,1132420.8
B_k5_c0.05_r0.01,B,negative_control,SMSP,20.0,500,30,30,0,0,0,-13.624077425714678,0.022333820676444155,-8.685846209919741e-05,0.5109449221987776,96.0,5.872063821880147,1132436.0
B_k5_c0.05_r0.01,B,negative_control,SMSP,30.0,1250,30,30,0,0,0,-35.66900237562668,0.007713553115012772,-8.685846209919741e-05,0.5066587426619431,519.0,5.849754131243874,1132418.4
B_k5_c0.05_r0.01,B,negative_control,SMSP,30.0,2500,30,30,0,0,0,-35.66931550079487,0.007714117398072406,-8.685846209726876e-05,0.5066587426619431,519.0,5.79548886938331,1132418.4
B_k5_c0.05_r0.01,B,negative_control,SMSP,30.0,3750,30,30,0,0,0,-35.66937332324084,0.007714129027374395,-8.685846209919741e-05,0.5066587426619431,519.0,5.796355562051758,1132418.4
B_k5_c0.05_r0.01,B,negative_control,SMSP,30.0,4500,30,30,0,0,0,-35.66895189168215,0.0076515224211662495,-8.685846209726876e-05,0.5066587426619431,519.0,5.800165301964928,1132420.0
B_k5_c0.05_r0.01,B,negative_control,SMSP,30.0,500,30,30,0,0,0,-13.204387463723398,0.007787291074299285,-8.685846209919741e-05,0.5104112465773183,96.0,5.869681902307396,1132436.0
B_k5_c0.05_r0.01,B,negative_control,SMSP,5.0,1250,30,30,0,0,0,18.686556818445307,0.024340806208817914,-8.685846209919741e-05,0.5284631931808598,2.0,5.916013929527253,1132419.2
B_k5_c0.05_r0.01,B,negative_control,SMSP,5.0,2500,30,30,0,0,0,18.676677468377754,0.024543952132672586,-8.685846209726876e-05,0.5284631931808598,2.0,5.837266630260274,1132429.6
B_k5_c0.05_r0.01,B,negative_control,SMSP,5.0,3750,30,30,0,0,0,18.658959763019798,0.02455162779714563,-8.685846209919741e-05,0.5284631931808599,2.0,5.832484797186528,1132434.4
B_k5_c0.05_r0.01,B,negative_control,SMSP,5.0,4500,30,30,0,0,0,18.68994661127413,0.024498312670400157,-8.685846209726876e-05,0.5284631931808598,2.0,5.7955847374008345,1132428.0
B_k5_c0.05_r0.01,B,negative_control,SMSP,5.0,500,30,30,0,0,0,14.7408229413443,0.022062155729603187,-8.685846209919741e-05,0.5164761530524177,0.0,5.827362389148523,1132436.0
B_k5_c0.05_r0.01,B,target_jammer,NoiseConvolutionJamming,0.0,1250,30,30,0,0,0,13.389157353809598,0.20147601006811594,-8.685846209919741e-05,0.541870620932515,0.9666666666666667,5.673043067023779,1132462.2
B_k5_c0.05_r0.01,B,target_jammer,NoiseConvolutionJamming,0.0,2500,30,30,0,0,0,13.358547979242047,0.2015945809810748,-8.685846209726876e-05,0.541870620932515,0.9666666666666667,5.630890404184659,1132475.8
B_k5_c0.05_r0.01,B,target_jammer,NoiseConvolutionJamming,0.0,3750,30,30,0,0,0,13.305454485087807,0.2021569432501955,-8.685846209919741e-05,0.541870620932515,0.9666666666666667,5.632670704896252,1132477.4
B_k5_c0.05_r0.01,B,target_jammer,NoiseConvolutionJamming,0.0,4500,30,30,0,0,0,13.313988268549169,0.20217670585644756,-8.685846209726876e-05,0.5418874502625255,0.9666666666666667,5.655525032974158,1132477.4
B_k5_c0.05_r0.01,B,target_jammer,NoiseConvolutionJamming,0.0,500,30,30,0,0,0,10.42711225874571,0.20985772210368214,-8.685846209919741e-05,0.5444353985000144,0.0,5.705790235272919,1132477.4
B_k5_c0.05_r0.01,B,target_jammer,NoiseConvolutionJamming,10.0,1250,30,30,0,0,0,22.572924070667533,0.5702068080298227,-8.685846209919741e-05,0.5129149057490711,1.4333333333333333,5.799905569680656,1132466.8
B_k5_c0.05_r0.01,B,target_jammer,NoiseConvolutionJamming,10.0,2500,30,30,0,0,0,22.57166365620209,0.5702074786779913,-8.685846209726876e-05,0.5129149057490711,1.4333333333333333,5.816688959021121,1132467.6
B_k5_c0.05_r0.01,B,target_jammer,NoiseConvolutionJamming,10.0,3750,30,30,0,0,0,22.56593324470683,0.570250202966367,-8.685846209919741e-05,0.5129149057490711,1.4333333333333333,5.772391665959731,1132468.4
B_k5_c0.05_r0.01,B,target_jammer,NoiseConvolutionJamming,10.0,4500,30,30,0,0,0,22.60414185853647,0.5702732317183627,-8.685846209726876e-05,0.5109612818328658,1.2,5.741195832767214,1132470.8
B_k5_c0.05_r0.01,B,target_jammer,NoiseConvolutionJamming,10.0,500,30,30,0,0,0,19.280623843831602,0.5239531728824323,-8.685846209919741e-05,0.5047176108891122,0.23333333333333334,5.86374726650926,1132482.0
B_k5_c0.05_r0.01,B,target_jammer,NoiseConvolutionJamming,20.0,1250,30,30,0,0,0,-14.614063671115396,6.65996923639465,-8.685846209919741e-05,0.5036169697905563,250.63333333333333,5.812781903659925,1132466.8
B_k5_c0.05_r0.01,B,target_jammer,NoiseConvolutionJamming,20.0,2500,30,30,0,0,0,-14.612366520659396,6.660093623006338,-8.685846209726876e-05,0.5036169697905563,250.63333333333333,5.7648319013727205,1132466.8
B_k5_c0.05_r0.01,B,target_jammer,NoiseConvolutionJamming,20.0,3750,30,30,0,0,0,-14.612944749981471,6.660091837526476,-8.685846209919741e-05,0.5036169697905564,250.63333333333333,5.756261102699985,1132463.6
B_k5_c0.05_r0.01,B,target_jammer,NoiseConvolutionJamming,20.0,4500,30,30,0,0,0,-14.608475553602252,7.968803411911058,-8.685846209726876e-05,0.48883808200367806,263.8666666666667,5.737138863575335,1132465.2
B_k5_c0.05_r0.01,B,target_jammer,NoiseConvolutionJamming,20.0,500,30,30,0,0,0,0.6067737227880381,6.989909029084882,-8.685846209919741e-05,0.4558881961663092,68.43333333333334,5.864213804791992,1132482.0
B_k5_c0.05_r0.01,B,target_jammer,NoiseConvolutionJamming,30.0,1250,30,30,0,0,0,-14.371401547611976,5.8589527183615235,-8.685846209919741e-05,0.5032200004563818,253.1,5.750386106471221,1132466.8
B_k5_c0.05_r0.01,B,target_jammer,NoiseConvolutionJamming,30.0,2500,30,30,0,0,0,-14.36939129370028,5.859070352799203,-8.685846209726876e-05,0.5032200004563818,253.1,5.756663829864313,1132464.4
B_k5_c0.05_r0.01,B,target_jammer,NoiseConvolutionJamming,30.0,3750,30,30,0,0,0,-14.36944918845321,5.859070217351633,-8.685846209919741e-05,0.5032200004563818,253.1,5.688345831974099,1132462.0
B_k5_c0.05_r0.01,B,target_jammer,NoiseConvolutionJamming,30.0,4500,30,30,0,0,0,-17.18842361664198,6.343479911960926,-8.685846209726876e-05,0.48795501149806964,280.93333333333334,6.023748669152458,1132464.4
B_k5_c0.05_r0.01,B,target_jammer,NoiseConvolutionJamming,30.0,500,30,30,0,0,0,-4.264142262387968,5.781859031266566,-8.685846209919741e-05,0.44373239837069095,80.76666666666667,5.76870976947248,1132482.0
B_k5_c0.05_r0.01,B,target_jammer,NoiseConvolutionJamming,5.0,1250,30,30,0,0,0,18.013468588811033,0.33862437942953133,-8.685846209919741e-05,0.5271696002534484,0.9666666666666667,5.7682638270004345,1132466.8
B_k5_c0.05_r0.01,B,target_jammer,NoiseConvolutionJamming,5.0,2500,30,30,0,0,0,18.00471246638598,0.338633645914172,-8.685846209726876e-05,0.5271696002534484,0.9666666666666667,5.7685318985022604,1132477.2
B_k5_c0.05_r0.01,B,target_jammer,NoiseConvolutionJamming,5.0,3750,30,30,0,0,0,17.986940048142838,0.3387728098089173,-8.685846209919741e-05,0.5271696002534484,0.9666666666666667,5.769987600312258,1132478.0
B_k5_c0.05_r0.01,B,target_jammer,NoiseConvolutionJamming,5.0,4500,30,30,0,0,0,18.01790104463304,0.33869786355639414,-8.685846209726876e-05,0.5271551480270732,0.9333333333333333,5.759473531118904,1132477.2
B_k5_c0.05_r0.01,B,target_jammer,NoiseConvolutionJamming,5.0,500,30,30,0,0,0,14.798129284348203,0.3215253094318021,-8.685846209919741e-05,0.5270249038321283,0.03333333333333333,5.820377601776272,1132482.0
B_k5_c0.05_r0.01,B,target_jammer,NoiseProductJamming,0.0,1250,30,30,0,0,0,12.391110000320046,0.22317148405914114,-8.685846209919741e-05,0.5426804400066892,1.0666666666666667,5.599402756585429,1132489.8666666667
B_k5_c0.05_r0.01,B,target_jammer,NoiseProductJamming,0.0,2500,30,30,0,0,0,12.347799085680476,0.22402768155192732,-8.685846209726876e-05,0.5426804400066892,1.0666666666666667,5.5955236409014715,1132480.4666666666
B_k5_c0.05_r0.01,B,target_jammer,NoiseProductJamming,0.0,3750,30,30,0,0,0,12.27749941578335,0.22488975754038656,-8.685846209919741e-05,0.5426804400066892,1.0666666666666667,5.610412432967375,1132492.7333333334
B_k5_c0.05_r0.01,B,target_jammer,NoiseProductJamming,0.0,4500,30,30,0,0,0,12.274838411034244,0.22554218065469236,-8.685846209726876e-05,0.5426831514522094,1.0666666666666667,5.599612498190254,1132474.3333333333
B_k5_c0.05_r0.01,B,target_jammer,NoiseProductJamming,0.0,500,30,30,0,0,0,12.204999120939023,0.22262868714752285,-8.685846209919741e-05,0.5425229613970342,0.0,5.630472261691466,1132506.5333333334
B_k5_c0.05_r0.01,B,target_jammer,NoiseProductJamming,10.0,1250,30,30,0,0,0,21.93133748379085,0.5645676398736897,-8.685846209919741e-05,0.5119773014322548,1.7333333333333334,5.776588832183431,1132420.8
B_k5_c0.05_r0.01,B,target_jammer,NoiseProductJamming,10.0,2500,30,30,0,0,0,21.926541629179773,0.5646136198640314,-8.685846209726876e-05,0.5119773014322548,1.7333333333333334,5.789479073913147,1132427.2
B_k5_c0.05_r0.01,B,target_jammer,NoiseProductJamming,10.0,3750,30,30,0,0,0,21.918815544269457,0.5646880657997442,-8.685846209919741e-05,0.5119773014322548,1.7333333333333334,5.742272199131548,1132428.0
B_k5_c0.05_r0.01,B,target_jammer,NoiseProductJamming,10.0,4500,30,30,0,0,0,21.955792603693464,0.5646513206662427,-8.685846209726876e-05,0.5108235912607215,1.6,5.771677731536329,1132427.2
B_k5_c0.05_r0.01,B,target_jammer,NoiseProductJamming,10.0,500,30,30,0,0,0,21.80087308535008,0.5669020502924886,-8.685846209919741e-05,0.48828378607679296,0.13333333333333333,5.827968032099307,1132436.0
B_k5_c0.05_r0.01,B,target_jammer,NoiseProductJamming,20.0,1250,30,30,0,0,0,-15.779161441087712,4.619389592918108,-8.685846209919741e-05,0.5046089310716857,203.03333333333333,5.98066669384328,1132436.2
B_k5_c0.05_r0.01,B,target_jammer,NoiseProductJamming,20.0,2500,30,30,0,0,0,-15.779751548686212,4.619412536397027,-8.685846209726876e-05,0.5046089310716858,203.03333333333333,5.843461029386769,1132438.6
B_k5_c0.05_r0.01,B,target_jammer,NoiseProductJamming,20.0,3750,30,30,0,0,0,-15.780531690654003,4.619414849867782,-8.685846209919741e-05,0.5046089310716858,203.03333333333333,5.7916125379658,1132437.8
B_k5_c0.05_r0.01,B,target_jammer,NoiseProductJamming,20.0,4500,30,30,0,0,0,-16.211682249966948,4.56896390008564,-8.685846209726876e-05,0.5032261049908641,207.06666666666666,5.8077472960576415,1132443.4
B_k5_c0.05_r0.01,B,target_jammer,NoiseProductJamming,20.0,500,30,30,0,0,0,-0.6538332395210295,5.998456014457478,-8.685846209919741e-05,0.41393261322063696,62.733333333333334,5.836648540571332,1132449.8
B_k5_c0.05_r0.01,B,target_jammer,NoiseProductJamming,30.0,1250,30,30,0,0,0,-15.522119698630895,3.8683799233029648,-8.685846209919741e-05,0.5041591050203084,205.96666666666667,5.790051464767505,1132434.6666666667
B_k5_c0.05_r0.01,B,target_jammer,NoiseProductJamming,30.0,2500,30,30,0,0,0,-15.522277699759252,3.868412992445908,-8.685846209726876e-05,0.5041591050203084,205.96666666666667,5.768502730643377,1132439.4666666666
B_k5_c0.05_r0.01,B,target_jammer,NoiseProductJamming,30.0,3750,30,30,0,0,0,-15.522355783763722,3.8684132368173527,-8.685846209919741e-05,0.5041591050203084,205.96666666666667,5.750820799342667,1132437.7333333334
B_k5_c0.05_r0.01,B,target_jammer,NoiseProductJamming,30.0,4500,30,30,0,0,0,-16.228283942042417,3.822442643165608,-8.685846209726876e-05,0.4998983981194627,214.76666666666668,5.786436136501531,1132440.9333333333
B_k5_c0.05_r0.01,B,target_jammer,NoiseProductJamming,30.0,500,30,30,0,0,0,-2.139975626201092,5.436707185390148,-8.685846209919741e-05,0.41001793594375086,71.16666666666667,6.113345930740858,1132448.2666666666
B_k5_c0.05_r0.01,B,target_jammer,NoiseProductJamming,5.0,1250,30,30,0,0,0,17.124753549773235,0.3673158998196953,-8.685846209919741e-05,0.5272042469864713,1.2,5.84411663779368,1132495.2666666666
B_k5_c0.05_r0.01,B,target_jammer,NoiseProductJamming,5.0,2500,30,30,0,0,0,17.109939181791614,0.3675223124175208,-8.685846209726876e-05,0.5272042469864713,1.2,5.785301432479173,1132507.0666666667
B_k5_c0.05_r0.01,B,target_jammer,NoiseProductJamming,5.0,3750,30,30,0,0,0,17.086071812193072,0.36776052528594094,-8.685846209919741e-05,0.5272042469864713,1.2,5.740715264497946,1132516.4666666666
B_k5_c0.05_r0.01,B,target_jammer,NoiseProductJamming,5.0,4500,30,30,0,0,0,17.11327729553509,0.36794212511425484,-8.685846209726876e-05,0.5272106666784755,1.2,5.787574973267813,1132514.0666666667
B_k5_c0.05_r0.01,B,target_jammer,NoiseProductJamming,5.0,500,30,30,0,0,0,16.9536042247793,0.36596941447993747,-8.685846209919741e-05,0.5225486687852775,0.0,5.884370863592873,1132517.2666666666
B_k5_c0.12_r0.001,B,negative_control,AMNoiseGaiJam,0.0,1250,30,30,0,0,0,8.34516170151558,0.09614220302524848,-8.685885308092608e-06,0.5617875009587103,1.0,5.948074994375929,1132434.7333333334
B_k5_c0.12_r0.001,B,negative_control,AMNoiseGaiJam,0.0,2500,30,30,0,0,0,8.286278077346644,0.09826467722207789,-8.685885305199627e-06,0.5617875009587103,1.0,5.855156834392498,1132446.7333333334
B_k5_c0.12_r0.001,B,negative_control,AMNoiseGaiJam,0.0,3750,30,30,0,0,0,8.124875237525105,0.0999745948417097,-8.685885305199627e-06,0.5617875009587103,1.0,5.848338934204851,1132446.7333333334
B_k5_c0.12_r0.001,B,negative_control,AMNoiseGaiJam,0.0,4500,30,30,0,0,0,8.062337474826307,0.10121826897825209,-8.685885304235298e-06,0.5619096381331691,1.0,5.878297165812303,1132443.6666666667
B_k5_c0.12_r0.001,B,negative_control,AMNoiseGaiJam,0.0,500,30,30,0,0,0,6.218283750556675,0.08875712313273672,-8.685885305199627e-06,0.5610745037359834,0.0,5.943687496862064,1132448.2666666666
B_k5_c0.12_r0.001,B,negative_control,AMNoiseGaiJam,10.0,1250,30,30,0,0,0,16.51881778850044,0.14140607005921513,-8.685885308092608e-06,0.5353999559887629,0.8333333333333334,5.838165366246055,1132422.4
B_k5_c0.12_r0.001,B,negative_control,AMNoiseGaiJam,10.0,2500,30,30,0,0,0,16.543920670430825,0.1405492037335844,-8.685885305199627e-06,0.5353999559887629,0.8333333333333334,5.841083300765604,1132432.0
B_k5_c0.12_r0.001,B,negative_control,AMNoiseGaiJam,10.0,3750,30,30,0,0,0,16.524154631115067,0.14072951740183806,-8.685885305199627e-06,0.5353999559887629,0.8333333333333334,5.779977697723855,1132433.6
B_k5_c0.12_r0.001,B,negative_control,AMNoiseGaiJam,10.0,4500,30,30,0,0,0,16.55403650278118,0.14075696522079242,-8.685885304235298e-06,0.5353999559887629,0.8333333333333334,5.784948597041269,1132432.8
B_k5_c0.12_r0.001,B,negative_control,AMNoiseGaiJam,10.0,500,30,30,0,0,0,13.46831156470453,0.1718464345737719,-8.685885305199627e-06,0.5404962295909606,0.0,5.853604234289378,1132436.0
B_k5_c0.12_r0.001,B,negative_control,AMNoiseGaiJam,20.0,1250,30,30,0,0,0,24.227691285626026,0.24746955945627472,-8.685885308092608e-06,0.5117983370683695,0.3333333333333333,5.676132036993901,1132422.4
B_k5_c0.12_r0.001,B,negative_control,AMNoiseGaiJam,20.0,2500,30,30,0,0,0,24.263126435171884,0.2467927084512227,-8.685885305199627e-06,0.5117983370683696,0.3333333333333333,5.6402638282937305,1132422.4
B_k5_c0.12_r0.001,B,negative_control,AMNoiseGaiJam,20.0,3750,30,30,0,0,0,24.261119444448962,0.2467956500584594,-8.685885305199627e-06,0.5117983370683696,0.3333333333333333,5.6775236696315305,1132418.4
B_k5_c0.12_r0.001,B,negative_control,AMNoiseGaiJam,20.0,4500,30,30,0,0,0,24.302222237876386,0.24677699491539817,-8.685885304235298e-06,0.5117983370683696,0.3333333333333333,5.672493060895552,1132421.6
B_k5_c0.12_r0.001,B,negative_control,AMNoiseGaiJam,20.0,500,30,30,0,0,0,21.00508571101116,0.28442250808428643,-8.685885305199627e-06,0.5196137607837878,0.0,5.74367909769838,1132436.0
B_k5_c0.12_r0.001,B,negative_control,AMNoiseGaiJam,30.0,1250,30,30,0,0,0,-19.65867133411456,8.526492504310134,-8.685885308092608e-06,0.5021213849381031,307.56666666666666,5.776745804663126,1132422.4
B_k5_c0.12_r0.001,B,negative_control,AMNoiseGaiJam,30.0,2500,30,30,0,0,0,-19.62267091970043,8.526875518520757,-8.685885305199627e-06,0.5021213849381031,307.56666666666666,5.780222301837057,1132419.2
B_k5_c0.12_r0.001,B,negative_control,AMNoiseGaiJam,30.0,3750,30,30,0,0,0,-19.622871451949646,8.526877144675215,-8.685885305199627e-06,0.5021213849381031,307.56666666666666,5.7845735709027695,1132419.2
B_k5_c0.12_r0.001,B,negative_control,AMNoiseGaiJam,30.0,4500,30,30,0,0,0,-19.615828833602553,8.532186226810524,-8.685885304235298e-06,0.5023024974315178,307.56666666666666,5.735791625920683,1132420.0
B_k5_c0.12_r0.001,B,negative_control,AMNoiseGaiJam,30.0,500,30,30,0,0,0,16.71441325764549,5.950888377143852,-8.685885305199627e-06,0.5052163168252609,22.633333333333333,5.797757039545104,1132436.0
B_k5_c0.12_r0.001,B,negative_control,AMNoiseGaiJam,5.0,1250,30,30,0,0,0,12.275366203239262,0.11887069645296174,-8.685885308092608e-06,0.5487083133082802,1.0,5.778608296532184,1132423.2
B_k5_c0.12_r0.001,B,negative_control,AMNoiseGaiJam,5.0,2500,30,30,0,0,0,12.27669954855814,0.11864314952489115,-8.685885305199627e-06,0.5487083133082802,1.0,5.761223594890907,1132435.2
B_k5_c0.12_r0.001,B,negative_control,AMNoiseGaiJam,5.0,3750,30,30,0,0,0,12.217168380529378,0.11931152898666361,-8.685885305199627e-06,0.5487083133082802,1.0,5.755592997108276,1132436.0
B_k5_c0.12_r0.001,B,negative_control,AMNoiseGaiJam,5.0,4500,30,30,0,0,0,12.22161044939039,0.11965670675821873,-8.685885304235298e-06,0.5487083133082802,1.0,5.762999999569729,1132436.0
B_k5_c0.12_r0.001,B,negative_control,AMNoiseGaiJam,5.0,500,30,30,0,0,0,9.526975113012487,0.13381405855010464,-8.685885305199627e-06,0.5508897304660471,0.0,5.797320798349877,1132436.0
B_k5_c0.12_r0.001,B,negative_control,FMNoiseAimedJam,0.0,1250,30,30,0,0,0,10.251703608514894,0.1709537007951977,-8.685885308092608e-06,0.5504903746447259,1.0,5.8892680700713145,1132421.5333333334
B_k5_c0.12_r0.001,B,negative_control,FMNoiseAimedJam,0.0,2500,30,30,0,0,0,10.219024894064342,0.17269654294841005,-8.685885305199627e-06,0.5504903746447259,1.0,5.825691598389919,1132437.5333333334
B_k5_c0.12_r0.001,B,negative_control,FMNoiseAimedJam,0.0,3750,30,30,0,0,0,10.108875600016813,0.17468754643699871,-8.685885305199627e-06,0.5504903746447259,1.0,5.85746659586827,1132437.5333333334
B_k5_c0.12_r0.001,B,negative_control,FMNoiseAimedJam,0.0,4500,30,30,0,0,0,10.081448473538519,0.17627016800050002,-8.685885304235298e-06,0.5504903746447259,1.0,5.838865303667262,1132437.5333333334
B_k5_c0.12_r0.001,B,negative_control,FMNoiseAimedJam,0.0,500,30,30,0,0,0,7.372832106069964,0.18712015782563002,-8.685885305199627e-06,0.5551872697591044,0.0,5.9053916949778795,1132437.5333333334
B_k5_c0.12_r0.001,B,negative_control,FMNoiseAimedJam,10.0,1250,30,30,0,0,0,19.342106547945335,0.39128028166080686,-8.685885308092608e-06,0.5208488693955978,1.1666666666666667,5.750856800780942,1132466.8
B_k5_c0.12_r0.001,B,negative_control,FMNoiseAimedJam,10.0,2500,30,30,0,0,0,19.369491709330454,0.39081431485837287,-8.685885305199627e-06,0.5208488693955978,1.1666666666666667,5.745380532850201,1132473.2
B_k5_c0.12_r0.001,B,negative_control,FMNoiseAimedJam,10.0,3750,30,30,0,0,0,19.356694186975027,0.3909170183161532,-8.685885305199627e-06,0.5208488693955978,1.1666666666666667,5.730344457939888,1132479.6
B_k5_c0.12_r0.001,B,negative_control,FMNoiseAimedJam,10.0,4500,30,30,0,0,0,19.391002600696766,0.39101405074276757,-8.685885304235298e-06,0.5207342907912665,1.1333333333333333,5.716218034892033,1132474.8
B_k5_c0.12_r0.001,B,negative_control,FMNoiseAimedJam,10.0,500,30,30,0,0,0,15.725898322961275,0.41840651149482666,-8.685885305199627e-06,0.5239203291527538,0.03333333333333333,5.790494473573442,1132482.0
B_k5_c0.12_r0.001,B,negative_control,FMNoiseAimedJam,20.0,1250,30,30,0,0,0,-18.56248833844428,9.216334554730487,-8.685885308092608e-06,0.5040042031471101,347.76666666666665,5.673389000973354,1132466.0
B_k5_c0.12_r0.001,B,negative_control,FMNoiseAimedJam,20.0,2500,30,30,0,0,0,-18.528044617716326,9.214873271384478,-8.685885305199627e-06,0.5040042031471101,347.76666666666665,5.666713932684313,1132462.0
B_k5_c0.12_r0.001,B,negative_control,FMNoiseAimedJam,20.0,3750,30,30,0,0,0,-18.529344824463397,9.21488094016007,-8.685885305199627e-06,0.5040042031471101,347.76666666666665,5.666892994971325,1132466.8
B_k5_c0.12_r0.001,B,negative_control,FMNoiseAimedJam,20.0,4500,30,30,0,0,0,-18.520329785593102,9.220741386574216,-8.685885304235298e-06,0.5038001411086279,347.73333333333335,5.68178326357156,1132467.6
B_k5_c0.12_r0.001,B,negative_control,FMNoiseAimedJam,20.0,500,30,30,0,0,0,11.203165410336313,6.914009328138028,-8.685885305199627e-06,0.47433515712337154,44.06666666666667,5.746968065310891,1132482.0
B_k5_c0.12_r0.001,B,negative_control,FMNoiseAimedJam,30.0,1250,30,30,0,0,0,-27.23051708524288,5.313861006718243,-8.685885308092608e-06,0.5038569512244251,434.6333333333333,5.845768039580435,1132466.0
B_k5_c0.12_r0.001,B,negative_control,FMNoiseAimedJam,30.0,2500,30,30,0,0,0,-27.195320382771268,5.313553661235886,-8.685885305199627e-06,0.5038569512244251,434.6333333333333,5.822780489688739,1132465.2
B_k5_c0.12_r0.001,B,negative_control,FMNoiseAimedJam,30.0,3750,30,30,0,0,0,-27.19545059358405,5.313554216964602,-8.685885305199627e-06,0.5038569512244251,434.6333333333333,5.776608275482431,1132466.0
B_k5_c0.12_r0.001,B,negative_control,FMNoiseAimedJam,30.0,4500,30,30,0,0,0,-27.193947450089926,5.315054652866281,-8.685885304235298e-06,0.5040225026524456,434.6333333333333,5.783134700808053,1132465.2
B_k5_c0.12_r0.001,B,negative_control,FMNoiseAimedJam,30.0,500,30,30,0,0,0,-7.459074307977506,5.7283352795587,-8.685885305199627e-06,0.46489370441323563,119.3,5.866357032209635,1132482.0
B_k5_c0.12_r0.001,B,negative_control,FMNoiseAimedJam,5.0,1250,30,30,0,0,0,14.641999827346938,0.2453441471699534,-8.685885308092608e-06,0.5357057519396563,0.9333333333333333,5.825273669324815,1132454.5333333334
B_k5_c0.12_r0.001,B,negative_control,FMNoiseAimedJam,5.0,2500,30,30,0,0,0,14.652856542184686,0.2453721789758887,-8.685885305199627e-06,0.5357057519396563,0.9333333333333333,5.790537502616644,1132466.5333333334
B_k5_c0.12_r0.001,B,negative_control,FMNoiseAimedJam,5.0,3750,30,30,0,0,0,14.61389170956693,0.24585092204428383,-8.685885305199627e-06,0.5357057519396563,0.9333333333333333,5.787627798660348,1132469.7333333334
B_k5_c0.12_r0.001,B,negative_control,FMNoiseAimedJam,5.0,4500,30,30,0,0,0,14.631866146877092,0.24629344620996815,-8.685885304235298e-06,0.5357057519396563,0.9333333333333333,5.817026369428883,1132469.7333333334
B_k5_c0.12_r0.001,B,negative_control,FMNoiseAimedJam,5.0,500,30,30,0,0,0,11.240926511687572,0.2709280376613486,-8.685885305199627e-06,0.5410412663647676,0.0,5.860394534344475,1132469.7333333334
B_k5_c0.12_r0.001,B,negative_control,FMNoiseSaopin,0.0,1250,30,30,0,0,0,7.45834209185359,1.0753400388979457,-8.685885308092608e-06,0.5747373391541397,1.0,5.851844399391363,1132421.6
B_k5_c0.12_r0.001,B,negative_control,FMNoiseSaopin,0.0,2500,30,30,0,0,0,7.85315294808068,1.1348343648820929,-8.685885305199627e-06,0.5688713088397567,1.0,5.858593127535035,1132436.0
B_k5_c0.12_r0.001,B,negative_control,FMNoiseSaopin,0.0,3750,30,30,0,0,0,7.592473440826487,1.2133593103799005,-8.685885305199627e-06,0.5688713088397567,1.0,5.817879195092246,1132436.0
B_k5_c0.12_r0.001,B,negative_control,FMNoiseSaopin,0.0,4500,30,30,0,0,0,7.45628411773995,1.267994458642913,-8.685885304235298e-06,0.5691832109824222,1.0,5.898912431439385,1132436.0
B_k5_c0.12_r0.001,B,negative_control,FMNoiseSaopin,0.0,500,30,30,0,0,0,2.6206189447197263,0.05093340065011352,-8.685885305199627e-06,0.5838731113787811,0.0,5.868230666965246,1132436.0
B_k5_c0.12_r0.001,B,negative_control,FMNoiseSaopin,10.0,1250,30,30,0,0,0,14.170956456862308,2.332165004202138,-8.685885308092608e-06,0.5569938802965552,1.0,5.68393474095501,1132420.8
B_k5_c0.12_r0.001,B,negative_control,FMNoiseSaopin,10.0,2500,30,30,0,0,0,15.12848318395617,2.2670489570277055,-8.685885305199627e-06,0.5428039354204028,1.0,5.686756801636268,1132432.8
B_k5_c0.12_r0.001,B,negative_control,FMNoiseSaopin,10.0,3750,30,30,0,0,0,15.010611742067432,2.3312075455850905,-8.685885305199627e-06,0.5428039354204028,1.0,5.690127830409135,1132432.0
B_k5_c0.12_r0.001,B,negative_control,FMNoiseSaopin,10.0,4500,30,30,0,0,0,14.97501209978318,2.3737914205163606,-8.685885304235298e-06,0.5428039354204028,1.0,5.714509706012905,1132433.6
B_k5_c0.12_r0.001,B,negative_control,FMNoiseSaopin,10.0,500,30,30,0,0,0,2.6547894517030017,0.04856845674943387,-8.685885305199627e-06,0.5832725367087356,0.0,5.766859794190775,1132436.0
B_k5_c0.12_r0.001,B,negative_control,FMNoiseSaopin,20.0,1250,30,30,0,0,0,22.321671433034066,3.398677370690035,-8.685885308092608e-06,0.5334906876377625,1.0,5.811098505121966,1132420.8
B_k5_c0.12_r0.001,B,negative_control,FMNoiseSaopin,20.0,2500,30,30,0,0,0,12.55163760044814,22.42237248367587,-8.685885305199627e-06,0.51266977057441,45.766666666666666,5.7732583314646035,1132420.0
B_k5_c0.12_r0.001,B,negative_control,FMNoiseSaopin,20.0,3750,30,30,0,0,0,12.68893793269795,22.104123686835266,-8.685885305199627e-06,0.51266977057441,45.766666666666666,5.730563964849959,1132420.0
B_k5_c0.12_r0.001,B,negative_control,FMNoiseSaopin,20.0,4500,30,30,0,0,0,12.736040725527454,22.062941734816857,-8.685885304235298e-06,0.51266977057441,45.766666666666666,5.785463736780609,1132422.4
B_k5_c0.12_r0.001,B,negative_control,FMNoiseSaopin,20.0,500,30,30,0,0,0,2.9497692789500265,0.12957655023046044,-8.685885305199627e-06,0.5804558023273205,0.0,5.829449962281312,1132436.0
B_k5_c0.12_r0.001,B,negative_control,FMNoiseSaopin,30.0,1250,30,30,0,0,0,-1.0176549730914666,8.670539203899047,-8.685885308092608e-06,0.45449939123535626,326.1333333333333,5.803487523614119,1132421.6
B_k5_c0.12_r0.001,B,negative_control,FMNoiseSaopin,30.0,2500,30,30,0,0,0,-146.72205570096318,55.680260890523876,-8.685885305199627e-06,0.5035174453888602,791.8666666666667,5.779551431381454,1132420.8
B_k5_c0.12_r0.001,B,negative_control,FMNoiseSaopin,30.0,3750,30,30,0,0,0,-146.66606710702985,55.65968696872844,-8.685885305199627e-06,0.5035174453888602,791.8666666666667,5.753554143787672,1132421.6
B_k5_c0.12_r0.001,B,negative_control,FMNoiseSaopin,30.0,4500,30,30,0,0,0,-146.67247897184672,55.666259194567175,-8.685885304235298e-06,0.5035174453888602,791.8666666666667,5.793172163733591,1132417.6
B_k5_c0.12_r0.001,B,negative_control,FMNoiseSaopin,30.0,500,30,30,0,0,0,4.714239605081497,0.7243794070337479,-8.685885305199627e-06,0.569316980330511,0.0,5.831133502457912,1132436.0
B_k5_c0.12_r0.001,B,negative_control,FMNoiseSaopin,5.0,1250,30,30,0,0,0,10.564431688215624,1.6887279126799761,-8.685885308092608e-06,0.5668934628973836,1.0,5.76351813506335,1132420.8
B_k5_c0.12_r0.001,B,negative_control,FMNoiseSaopin,5.0,2500,30,30,0,0,0,11.232719525152422,1.722811262591599,-8.685885305199627e-06,0.5571956039464221,1.0,5.7683805042567355,1132434.4
B_k5_c0.12_r0.001,B,negative_control,FMNoiseSaopin,5.0,3750,30,30,0,0,0,11.05470914595282,1.802762115967053,-8.685885305199627e-06,0.5571956039464221,1.0,5.76333474018611,1132436.0
B_k5_c0.12_r0.001,B,negative_control,FMNoiseSaopin,5.0,4500,30,30,0,0,0,10.976639827160424,1.8573716697062073,-8.685885304235298e-06,0.5572604995393066,1.0,5.781244461347039,1132436.0
B_k5_c0.12_r0.001,B,negative_control,FMNoiseSaopin,5.0,500,30,30,0,0,0,2.629249853504005,0.049606486220789045,-8.685885305199627e-06,0.5836958964783084,0.0,5.867256998317316,1132436.0
B_k5_c0.12_r0.001,B,negative_control,NoJammer,0.0,1250,30,30,0,0,0,4.630213180057521,0.06760654415899318,-8.685885308092608e-06,0.583899947052554,0.0,5.86429030712073,1132468.4
B_k5_c0.12_r0.001,B,negative_control,NoJammer,0.0,2500,30,30,0,0,0,4.155875054607064,0.07136000226643253,-8.685885305199627e-06,0.5838304738715105,0.0,5.867966662238662,1132482.0
B_k5_c0.12_r0.001,B,negative_control,NoJammer,0.0,3750,30,30,0,0,0,3.213955323803776,0.0853594018708795,-8.685885305199627e-06,0.5843771174358517,0.0,5.855458235600963,1132482.0
B_k5_c0.12_r0.001,B,negative_control,NoJammer,0.0,4500,30,30,0,0,0,2.533980048824374,0.0898132114825119,-8.685885304235298e-06,0.5854766072875492,0.0,5.822049894292529,1132482.0
B_k5_c0.12_r0.001,B,negative_control,NoJammer,0.0,500,30,30,0,0,0,4.192044702720218,0.07264840056099502,-8.685885305199627e-06,0.5850114759676347,0.0,5.930674904569362,1132482.0
B_k5_c0.12_r0.001,B,negative_control,NoJammer,10.0,1250,30,30,0,0,0,4.630213180057521,0.06760654415899318,-8.685885308092608e-06,0.583899947052554,0.0,6.043456894500802,1132468.4
B_k5_c0.12_r0.001,B,negative_control,NoJammer,10.0,2500,30,30,0,0,0,4.155875054607064,0.07136000226643253,-8.685885305199627e-06,0.5838304738715105,0.0,6.05516522967567,1132482.0
B_k5_c0.12_r0.001,B,negative_control,NoJammer,10.0,3750,30,30,0,0,0,3.213955323803776,0.0853594018708795,-8.685885305199627e-06,0.5843771174358517,0.0,6.036501401104033,1132482.0
B_k5_c0.12_r0.001,B,negative_control,NoJammer,10.0,4500,30,30,0,0,0,2.533980048824374,0.0898132114825119,-8.685885304235298e-06,0.5854766072875492,0.0,6.022269404881324,1132482.0
B_k5_c0.12_r0.001,B,negative_control,NoJammer,10.0,500,30,30,0,0,0,4.192044702720218,0.07264840056099502,-8.685885305199627e-06,0.5850114759676347,0.0,6.075670797144994,1132482.0
B_k5_c0.12_r0.001,B,negative_control,NoJammer,20.0,1250,30,30,0,0,0,4.630213180057521,0.06760654415899318,-8.685885308092608e-06,0.583899947052554,0.0,5.913813837105408,1132468.4
B_k5_c0.12_r0.001,B,negative_control,NoJammer,20.0,2500,30,30,0,0,0,4.155875054607064,0.07136000226643253,-8.685885305199627e-06,0.5838304738715105,0.0,5.914338930354764,1132482.0
B_k5_c0.12_r0.001,B,negative_control,NoJammer,20.0,3750,30,30,0,0,0,3.213955323803776,0.0853594018708795,-8.685885305199627e-06,0.5843771174358517,0.0,5.9392500629959,1132482.0
B_k5_c0.12_r0.001,B,negative_control,NoJammer,20.0,4500,30,30,0,0,0,2.533980048824374,0.0898132114825119,-8.685885304235298e-06,0.5854766072875492,0.0,5.925616600628321,1132482.0
B_k5_c0.12_r0.001,B,negative_control,NoJammer,20.0,500,30,30,0,0,0,4.192044702720218,0.07264840056099502,-8.685885305199627e-06,0.5850114759676347,0.0,5.91908753849566,1132482.0
B_k5_c0.12_r0.001,B,negative_control,NoJammer,30.0,1250,30,30,0,0,0,4.630213180057521,0.06760654415899318,-8.685885308092608e-06,0.583899947052554,0.0,5.937719397479668,1132468.4
B_k5_c0.12_r0.001,B,negative_control,NoJammer,30.0,2500,30,30,0,0,0,4.155875054607064,0.07136000226643253,-8.685885305199627e-06,0.5838304738715105,0.0,5.85052643630964,1132482.0
B_k5_c0.12_r0.001,B,negative_control,NoJammer,30.0,3750,30,30,0,0,0,3.213955323803776,0.0853594018708795,-8.685885305199627e-06,0.5843771174358517,0.0,5.866143136518076,1132482.0
B_k5_c0.12_r0.001,B,negative_control,NoJammer,30.0,4500,30,30,0,0,0,2.533980048824374,0.0898132114825119,-8.685885304235298e-06,0.5854766072875492,0.0,5.858180501187841,1132482.0
B_k5_c0.12_r0.001,B,negative_control,NoJammer,30.0,500,30,30,0,0,0,4.192044702720218,0.07264840056099502,-8.685885305199627e-06,0.5850114759676347,0.0,5.9673083286422,1132482.0
B_k5_c0.12_r0.001,B,negative_control,NoJammer,5.0,1250,30,30,0,0,0,4.630213180057521,0.06760654415899318,-8.685885308092608e-06,0.583899947052554,0.0,5.86344720213674,1132468.4
B_k5_c0.12_r0.001,B,negative_control,NoJammer,5.0,2500,30,30,0,0,0,4.155875054607064,0.07136000226643253,-8.685885305199627e-06,0.5838304738715105,0.0,5.804618123996382,1132482.0
B_k5_c0.12_r0.001,B,negative_control,NoJammer,5.0,3750,30,30,0,0,0,3.213955323803776,0.0853594018708795,-8.685885305199627e-06,0.5843771174358517,0.0,5.7898360983623816,1132482.0
B_k5_c0.12_r0.001,B,negative_control,NoJammer,5.0,4500,30,30,0,0,0,2.533980048824374,0.0898132114825119,-8.685885304235298e-06,0.5854766072875492,0.0,5.830427779195209,1132482.0
B_k5_c0.12_r0.001,B,negative_control,NoJammer,5.0,500,30,30,0,0,0,4.192044702720218,0.07264840056099502,-8.685885305199627e-06,0.5850114759676347,0.0,5.888906967205306,1132482.0
B_k5_c0.12_r0.001,B,negative_control,SMSP,0.0,1250,30,30,0,0,0,13.734913565250691,0.02737880449014203,-8.685885308092608e-06,0.5443383488807195,1.0,5.855098568523924,1132419.2
B_k5_c0.12_r0.001,B,negative_control,SMSP,0.0,2500,30,30,0,0,0,13.704531146657871,0.027858187126077277,-8.685885305199627e-06,0.5443383488807196,1.0,5.784067967518543,1132433.6
B_k5_c0.12_r0.001,B,negative_control,SMSP,0.0,3750,30,30,0,0,0,13.651758966841701,0.02773622445490437,-8.685885305199627e-06,0.5443383488807196,1.0,5.78001249814406,1132436.0
B_k5_c0.12_r0.001,B,negative_control,SMSP,0.0,4500,30,30,0,0,0,13.659951439892172,0.027437633412210834,-8.685885304235298e-06,0.5443383488807196,1.0,5.827548599336296,1132436.0
B_k5_c0.12_r0.001,B,negative_control,SMSP,0.0,500,30,30,0,0,0,10.123270692104377,0.03150301317041374,-8.685885305199627e-06,0.5428146687758585,0.0,5.824262633298834,1132436.0
B_k5_c0.12_r0.001,B,negative_control,SMSP,10.0,1250,30,30,0,0,0,23.91513292261935,0.024418505823113744,-8.685885308092608e-06,0.5120842638874631,2.1,5.674194499927883,1132418.4
B_k5_c0.12_r0.001,B,negative_control,SMSP,10.0,2500,30,30,0,0,0,23.91232374311602,0.024503325376194048,-8.685885305199627e-06,0.5120842638874632,2.1,5.662050061315919,1132420.0
B_k5_c0.12_r0.001,B,negative_control,SMSP,10.0,3750,30,30,0,0,0,23.906604464486772,0.024524464919817315,-8.685885305199627e-06,0.5120842638874632,2.1,5.6566388249242054,1132423.2
B_k5_c0.12_r0.001,B,negative_control,SMSP,10.0,4500,30,30,0,0,0,23.94527837581835,0.024511537843077708,-8.685885304235298e-06,0.5120842638874632,2.1,5.677126299512262,1132423.2
B_k5_c0.12_r0.001,B,negative_control,SMSP,10.0,500,30,30,0,0,0,19.856529456755425,0.020284073784976216,-8.685885305199627e-06,0.47549561323211376,0.0,5.732768073600407,1132436.0
B_k5_c0.12_r0.001,B,negative_control,SMSP,20.0,1250,30,30,0,0,0,-36.345804674532864,0.02276823685658611,-8.685885308092608e-06,0.5070522085433563,519.0,5.823162525969868,1132418.4
B_k5_c0.12_r0.001,B,negative_control,SMSP,20.0,2500,30,30,0,0,0,-36.346421924236424,0.02278261214829156,-8.685885305199627e-06,0.5070522085433563,519.0,5.8123515045735985,1132419.2
B_k5_c0.12_r0.001,B,negative_control,SMSP,20.0,3750,30,30,0,0,0,-36.346999372691066,0.02278265156057196,-8.685885305199627e-06,0.5070522085433563,519.0,5.785370940187325,1132419.2
B_k5_c0.12_r0.001,B,negative_control,SMSP,20.0,4500,30,30,0,0,0,-36.347352088356175,0.02277682628485583,-8.685885304235298e-06,0.5070522085433563,519.0,5.782498661816741,1132420.8
B_k5_c0.12_r0.001,B,negative_control,SMSP,20.0,500,30,30,0,0,0,-13.62407742571468,0.02233382067644381,-8.685885305199627e-06,0.5109449221987776,96.0,5.8535611276359605,1132436.0
B_k5_c0.12_r0.001,B,negative_control,SMSP,30.0,1250,30,30,0,0,0,-35.66900237562668,0.007713553115012986,-8.685885308092608e-06,0.5066587426619431,519.0,5.833929070892434,1132418.4
B_k5_c0.12_r0.001,B,negative_control,SMSP,30.0,2500,30,30,0,0,0,-35.66931550079489,0.007714117398066083,-8.685885305199627e-06,0.5066587426619431,519.0,5.8013319949774695,1132418.4
B_k5_c0.12_r0.001,B,negative_control,SMSP,30.0,3750,30,30,0,0,0,-35.66937332324084,0.007714129027378152,-8.685885305199627e-06,0.5066587426619431,519.0,5.808033361487712,1132418.4
B_k5_c0.12_r0.001,B,negative_control,SMSP,30.0,4500,30,30,0,0,0,-35.66895189168213,0.007651522421165951,-8.685885304235298e-06,0.5066587426619431,519.0,5.794562529384469,1132420.0
B_k5_c0.12_r0.001,B,negative_control,SMSP,30.0,500,30,30,0,0,0,-13.2043874637234,0.007787291074299189,-8.685885305199627e-06,0.5104112465773183,96.0,5.8848889990864945,1132436.0
B_k5_c0.12_r0.001,B,negative_control,SMSP,5.0,1250,30,30,0,0,0,18.686556818445307,0.024340806208818056,-8.685885308092608e-06,0.5284631931808598,2.0,5.783587538947661,1132419.2
B_k5_c0.12_r0.001,B,negative_control,SMSP,5.0,2500,30,30,0,0,0,18.676677468377754,0.024543952132672475,-8.685885305199627e-06,0.5284631931808598,2.0,5.803293199278414,1132429.6
B_k5_c0.12_r0.001,B,negative_control,SMSP,5.0,3750,30,30,0,0,0,18.6589597630198,0.024551627797145304,-8.685885305199627e-06,0.5284631931808598,2.0,5.894036137033254,1132434.4
B_k5_c0.12_r0.001,B,negative_control,SMSP,5.0,4500,30,30,0,0,0,18.689946611274127,0.024498312670399706,-8.685885304235298e-06,0.5284631931808599,2.0,5.742684637273972,1132428.0
B_k5_c0.12_r0.001,B,negative_control,SMSP,5.0,500,30,30,0,0,0,14.7408229413443,0.022062155729603187,-8.685885305199627e-06,0.5164761530524177,0.0,5.832627828931436,1132436.0
B_k5_c0.12_r0.001,B,target_jammer,NoiseConvolutionJamming,0.0,1250,30,30,0,0,0,13.389157353809594,0.2014760100681161,-8.685885308092608e-06,0.5418706209325149,0.9666666666666667,5.681337361844878,1132462.2
B_k5_c0.12_r0.001,B,target_jammer,NoiseConvolutionJamming,0.0,2500,30,30,0,0,0,13.358547979242047,0.20159458098107488,-8.685885305199627e-06,0.541870620932515,0.9666666666666667,5.631701397942379,1132475.8
B_k5_c0.12_r0.001,B,target_jammer,NoiseConvolutionJamming,0.0,3750,30,30,0,0,0,13.305454485087807,0.20215694325019523,-8.685885305199627e-06,0.541870620932515,0.9666666666666667,5.633441603276879,1132477.4
B_k5_c0.12_r0.001,B,target_jammer,NoiseConvolutionJamming,0.0,4500,30,30,0,0,0,13.313988268549169,0.20217670585644737,-8.685885304235298e-06,0.5418874502625256,0.9666666666666667,5.643323533392201,1132477.4
B_k5_c0.12_r0.001,B,target_jammer,NoiseConvolutionJamming,0.0,500,30,30,0,0,0,10.42711225874571,0.2098577221036819,-8.685885305199627e-06,0.5444353985000144,0.0,5.690151363766442,1132477.4
B_k5_c0.12_r0.001,B,target_jammer,NoiseConvolutionJamming,10.0,1250,30,30,0,0,0,22.572924070667533,0.5702068080298227,-8.685885308092608e-06,0.5129149057490708,1.4333333333333333,5.815097295756762,1132466.8
B_k5_c0.12_r0.001,B,target_jammer,NoiseConvolutionJamming,10.0,2500,30,30,0,0,0,22.571663656202094,0.5702074786779912,-8.685885305199627e-06,0.5129149057490711,1.4333333333333333,5.7994918412684155,1132467.6
B_k5_c0.12_r0.001,B,target_jammer,NoiseConvolutionJamming,10.0,3750,30,30,0,0,0,22.56593324470683,0.570250202966367,-8.685885305199627e-06,0.512914905749071,1.4333333333333333,5.7823638974999385,1132468.4
B_k5_c0.12_r0.001,B,target_jammer,NoiseConvolutionJamming,10.0,4500,30,30,0,0,0,22.60414185853647,0.5702732317183627,-8.685885304235298e-06,0.5109612818328659,1.2,5.74213484263358,1132470.8
B_k5_c0.12_r0.001,B,target_jammer,NoiseConvolutionJamming,10.0,500,30,30,0,0,0,19.2806238438316,0.5239531728824321,-8.685885305199627e-06,0.5047176108891122,0.23333333333333334,5.837472343894963,1132482.0
B_k5_c0.12_r0.001,B,target_jammer,NoiseConvolutionJamming,20.0,1250,30,30,0,0,0,-14.614063671115389,6.659969236394645,-8.685885308092608e-06,0.5036169697905563,250.63333333333333,5.813422261659677,1132466.8
B_k5_c0.12_r0.001,B,target_jammer,NoiseConvolutionJamming,20.0,2500,30,30,0,0,0,-14.61236652065939,6.660093623006335,-8.685885305199627e-06,0.5036169697905563,250.63333333333333,5.771294436029469,1132466.8
B_k5_c0.12_r0.001,B,target_jammer,NoiseConvolutionJamming,20.0,3750,30,30,0,0,0,-14.612944749981466,6.6600918375264735,-8.685885305199627e-06,0.5036169697905564,250.63333333333333,5.75912357501996,1132463.6
B_k5_c0.12_r0.001,B,target_jammer,NoiseConvolutionJamming,20.0,4500,30,30,0,0,0,-14.608475553602238,7.968803411911049,-8.685885304235298e-06,0.4888380820036782,263.8666666666667,5.750234904310976,1132465.2
B_k5_c0.12_r0.001,B,target_jammer,NoiseConvolutionJamming,20.0,500,30,30,0,0,0,0.6067737227880389,6.989909029084882,-8.685885305199627e-06,0.4558881961663092,68.43333333333334,5.847995736015339,1132482.0
B_k5_c0.12_r0.001,B,target_jammer,NoiseConvolutionJamming,30.0,1250,30,30,0,0,0,-14.37140154761198,5.8589527183615235,-8.685885308092608e-06,0.5032200004563818,253.1,5.72602350730449,1132466.8
B_k5_c0.12_r0.001,B,target_jammer,NoiseConvolutionJamming,30.0,2500,30,30,0,0,0,-14.369391293700271,5.8590703527992,-8.685885305199627e-06,0.5032200004563818,253.1,5.785273671305428,1132464.4
B_k5_c0.12_r0.001,B,target_jammer,NoiseConvolutionJamming,30.0,3750,30,30,0,0,0,-14.369449188453217,5.859070217351638,-8.685885305199627e-06,0.5032200004563818,253.1,5.7001833357693,1132462.0
B_k5_c0.12_r0.001,B,target_jammer,NoiseConvolutionJamming,30.0,4500,30,30,0,0,0,-17.188423616641966,6.343479911960916,-8.685885304235298e-06,0.48795501149806964,280.93333333333334,5.847155504549543,1132464.4
B_k5_c0.12_r0.001,B,target_jammer,NoiseConvolutionJamming,30.0,500,30,30,0,0,0,-4.264142262387968,5.781859031266566,-8.685885305199627e-06,0.44373239837069095,80.76666666666667,5.807588868386422,1132482.0
B_k5_c0.12_r0.001,B,target_jammer,NoiseConvolutionJamming,5.0,1250,30,30,0,0,0,18.013468588811033,0.3386243794295314,-8.685885308092608e-06,0.5271696002534484,0.9666666666666667,5.792269568579893,1132466.8
B_k5_c0.12_r0.001,B,target_jammer,NoiseConvolutionJamming,5.0,2500,30,30,0,0,0,18.00471246638598,0.338633645914172,-8.685885305199627e-06,0.5271696002534484,0.9666666666666667,5.745025037322193,1132477.2
B_k5_c0.12_r0.001,B,target_jammer,NoiseConvolutionJamming,5.0,3750,30,30,0,0,0,17.986940048142838,0.3387728098089171,-8.685885305199627e-06,0.5271696002534484,0.9666666666666667,5.768050061305985,1132478.0
B_k5_c0.12_r0.001,B,target_jammer,NoiseConvolutionJamming,5.0,4500,30,30,0,0,0,18.01790104463304,0.33869786355639425,-8.685885304235298e-06,0.5271551480270732,0.9333333333333333,5.796844397749131,1132477.2
B_k5_c0.12_r0.001,B,target_jammer,NoiseConvolutionJamming,5.0,500,30,30,0,0,0,14.798129284348203,0.3215253094318019,-8.685885305199627e-06,0.5270249038321282,0.03333333333333333,5.824654136085883,1132482.0
B_k5_c0.12_r0.001,B,target_jammer,NoiseProductJamming,0.0,1250,30,30,0,0,0,12.391110000320046,0.22317148405914078,-8.685885308092608e-06,0.5426804400066892,1.0666666666666667,5.617162534811844,1132491.4
B_k5_c0.12_r0.001,B,target_jammer,NoiseProductJamming,0.0,2500,30,30,0,0,0,12.347799085680476,0.22402768155192676,-8.685885305199627e-06,0.5426804400066892,1.0666666666666667,5.579404234110068,1132498.8666666667
B_k5_c0.12_r0.001,B,target_jammer,NoiseProductJamming,0.0,3750,30,30,0,0,0,12.277499415783348,0.22488975754038643,-8.685885305199627e-06,0.5426804400066892,1.0666666666666667,5.60639729956165,1132498.8666666667
B_k5_c0.12_r0.001,B,target_jammer,NoiseProductJamming,0.0,4500,30,30,0,0,0,12.274838411034244,0.2255421806546924,-8.685885304235298e-06,0.5426831514522094,1.0666666666666667,5.607280664844438,1132486.6
B_k5_c0.12_r0.001,B,target_jammer,NoiseProductJamming,0.0,500,30,30,0,0,0,12.204999120939023,0.22262868714752318,-8.685885305199627e-06,0.5425229613970342,0.0,5.615277731946359,1132500.4
B_k5_c0.12_r0.001,B,target_jammer,NoiseProductJamming,10.0,1250,30,30,0,0,0,21.93133748379085,0.5645676398736893,-8.685885308092608e-06,0.5119773014322548,1.7333333333333334,5.7793792356581735,1132420.8
B_k5_c0.12_r0.001,B,target_jammer,NoiseProductJamming,10.0,2500,30,30,0,0,0,21.926541629179773,0.5646136198640315,-8.685885305199627e-06,0.5119773014322548,1.7333333333333334,5.7814889063593,1132427.2
B_k5_c0.12_r0.001,B,target_jammer,NoiseProductJamming,10.0,3750,30,30,0,0,0,21.918815544269457,0.5646880657997442,-8.685885305199627e-06,0.5119773014322548,1.7333333333333334,5.7322181373213725,1132428.0
B_k5_c0.12_r0.001,B,target_jammer,NoiseProductJamming,10.0,4500,30,30,0,0,0,21.955792603693464,0.5646513206662425,-8.685885304235298e-06,0.5108235912607215,1.6,5.757252829304586,1132427.2
B_k5_c0.12_r0.001,B,target_jammer,NoiseProductJamming,10.0,500,30,30,0,0,0,21.80087308535008,0.5669020502924893,-8.685885305199627e-06,0.48828378607679296,0.13333333333333333,5.837731866631657,1132436.0
B_k5_c0.12_r0.001,B,target_jammer,NoiseProductJamming,20.0,1250,30,30,0,0,0,-15.779161441087712,4.619389592918108,-8.685885308092608e-06,0.5046089310716857,203.03333333333333,5.849531904095784,1132436.2
B_k5_c0.12_r0.001,B,target_jammer,NoiseProductJamming,20.0,2500,30,30,0,0,0,-15.779751548686212,4.619412536397027,-8.685885305199627e-06,0.5046089310716858,203.03333333333333,5.833015266883497,1132438.6
B_k5_c0.12_r0.001,B,target_jammer,NoiseProductJamming,20.0,3750,30,30,0,0,0,-15.780531690654003,4.619414849867782,-8.685885305199627e-06,0.5046089310716858,203.03333333333333,5.796538801708569,1132437.8
B_k5_c0.12_r0.001,B,target_jammer,NoiseProductJamming,20.0,4500,30,30,0,0,0,-16.211682249966948,4.56896390008564,-8.685885304235298e-06,0.5032261049908641,207.06666666666666,5.813644434480618,1132443.4
B_k5_c0.12_r0.001,B,target_jammer,NoiseProductJamming,20.0,500,30,30,0,0,0,-0.6538332395210279,5.998456014457477,-8.685885305199627e-06,0.41393261322063696,62.733333333333334,5.831254166938986,1132449.8
B_k5_c0.12_r0.001,B,target_jammer,NoiseProductJamming,30.0,1250,30,30,0,0,0,-15.522119698630895,3.8683799233029648,-8.685885308092608e-06,0.5041591050203084,205.96666666666667,5.778950002665321,1132434.6666666667
B_k5_c0.12_r0.001,B,target_jammer,NoiseProductJamming,30.0,2500,30,30,0,0,0,-15.522277699759252,3.868412992445908,-8.685885305199627e-06,0.5041591050203083,205.96666666666667,6.106004099516819,1132527.8666666667
B_k5_c0.12_r0.001,B,target_jammer,NoiseProductJamming,30.0,3750,30,30,0,0,0,-15.522355783763722,3.8684132368173527,-8.685885305199627e-06,0.5041591050203084,205.96666666666667,5.736486171372235,1132437.7333333334
B_k5_c0.12_r0.001,B,target_jammer,NoiseProductJamming,30.0,4500,30,30,0,0,0,-16.228283942042417,3.8224426431656093,-8.685885304235298e-06,0.4998983981194627,214.76666666666668,5.759644424930836,1132440.9333333333
B_k5_c0.12_r0.001,B,target_jammer,NoiseProductJamming,30.0,500,30,30,0,0,0,-2.139975626201091,5.436707185390148,-8.685885305199627e-06,0.4100179359437509,71.16666666666667,5.964804101192082,1132448.2666666666
B_k5_c0.12_r0.001,B,target_jammer,NoiseProductJamming,5.0,1250,30,30,0,0,0,17.124753549773235,0.3673158998196949,-8.685885308092608e-06,0.5272042469864714,1.2,5.839087532755609,1132504.4666666666
B_k5_c0.12_r0.001,B,target_jammer,NoiseProductJamming,5.0,2500,30,30,0,0,0,17.109939181791614,0.36752231241752026,-8.685885305199627e-06,0.5272042469864714,1.2,5.791805632179603,1132511.6666666667
B_k5_c0.12_r0.001,B,target_jammer,NoiseProductJamming,5.0,3750,30,30,0,0,0,17.086071812193072,0.3677605252859408,-8.685885305199627e-06,0.5272042469864713,1.2,5.770779273007065,1132502.6666666667
B_k5_c0.12_r0.001,B,target_jammer,NoiseProductJamming,5.0,4500,30,30,0,0,0,17.11327729553509,0.36794212511425495,-8.685885304235298e-06,0.5272106666784755,1.2,5.8014833368361,1132523.2666666666
B_k5_c0.12_r0.001,B,target_jammer,NoiseProductJamming,5.0,500,30,30,0,0,0,16.953604224779305,0.3659694144799382,-8.685885305199627e-06,0.5225486687852775,0.0,5.860261066118255,1132506.5333333334
B_k5_c0.12_r0.01,B,negative_control,AMNoiseGaiJam,0.0,1250,30,30,0,0,0,8.34516170151558,0.09614220302524848,-8.685846209919741e-05,0.5617875009587103,1.0,5.885047240493198,1132436.2666666666
B_k5_c0.12_r0.01,B,negative_control,AMNoiseGaiJam,0.0,2500,30,30,0,0,0,8.286278077346644,0.09826467722207806,-8.685846209726876e-05,0.5617875009587103,1.0,5.879465302374835,1132443.6666666667
B_k5_c0.12_r0.01,B,negative_control,AMNoiseGaiJam,0.0,3750,30,30,0,0,0,8.124875237525101,0.09997459484170965,-8.685846209919741e-05,0.5617875009587103,1.0,5.882454267702997,1132449.8
B_k5_c0.12_r0.01,B,negative_control,AMNoiseGaiJam,0.0,4500,30,30,0,0,0,8.062337474826307,0.10121826897825209,-8.685846209726876e-05,0.5619096381331691,1.0,5.906748639730115,1132446.7333333334
B_k5_c0.12_r0.01,B,negative_control,AMNoiseGaiJam,0.0,500,30,30,0,0,0,6.218283750556675,0.08875712313273672,-8.685846209919741e-05,0.5610745037359834,0.0,5.966788860193144,1132449.8
B_k5_c0.12_r0.01,B,negative_control,AMNoiseGaiJam,10.0,1250,30,30,0,0,0,16.51881778850044,0.14140607005921532,-8.685846209919741e-05,0.5353999559887629,0.8333333333333334,5.837487429380417,1132422.4
B_k5_c0.12_r0.01,B,negative_control,AMNoiseGaiJam,10.0,2500,30,30,0,0,0,16.543920670430825,0.14054920373358445,-8.685846209726876e-05,0.5353999559887629,0.8333333333333334,5.815276435653989,1132432.0
B_k5_c0.12_r0.01,B,negative_control,AMNoiseGaiJam,10.0,3750,30,30,0,0,0,16.52415463111507,0.14072951740183828,-8.685846209919741e-05,0.5353999559887629,0.8333333333333334,5.839393157900001,1132433.6
B_k5_c0.12_r0.01,B,negative_control,AMNoiseGaiJam,10.0,4500,30,30,0,0,0,16.55403650278118,0.14075696522079229,-8.685846209726876e-05,0.5353999559887629,0.8333333333333334,5.802102695452049,1132432.8
B_k5_c0.12_r0.01,B,negative_control,AMNoiseGaiJam,10.0,500,30,30,0,0,0,13.46831156470453,0.17184643457377194,-8.685846209919741e-05,0.5404962295909604,0.0,5.838158297895764,1132436.0
B_k5_c0.12_r0.01,B,negative_control,AMNoiseGaiJam,20.0,1250,30,30,0,0,0,24.227691285626026,0.2474695594562749,-8.685846209919741e-05,0.5117983370683696,0.3333333333333333,5.665161064825952,1132422.4
B_k5_c0.12_r0.01,B,negative_control,AMNoiseGaiJam,20.0,2500,30,30,0,0,0,24.263126435171884,0.24679270845122278,-8.685846209726876e-05,0.5117983370683695,0.3333333333333333,5.677202763035893,1132422.4
B_k5_c0.12_r0.01,B,negative_control,AMNoiseGaiJam,20.0,3750,30,30,0,0,0,24.261119444448962,0.246795650058459,-8.685846209919741e-05,0.5117983370683696,0.3333333333333333,5.66487509640865,1132418.4
B_k5_c0.12_r0.01,B,negative_control,AMNoiseGaiJam,20.0,4500,30,30,0,0,0,24.302222237876382,0.24677699491539865,-8.685846209726876e-05,0.5117983370683696,0.3333333333333333,5.693644496689861,1132421.6
B_k5_c0.12_r0.01,B,negative_control,AMNoiseGaiJam,20.0,500,30,30,0,0,0,21.00508571101116,0.28442250808428654,-8.685846209919741e-05,0.5196137607837878,0.0,6.093366634255896,1132436.0
B_k5_c0.12_r0.01,B,negative_control,AMNoiseGaiJam,30.0,1250,30,30,0,0,0,-19.658671334114548,8.52649250431013,-8.685846209919741e-05,0.5021213849381031,307.56666666666666,5.841051364162316,1132422.4
B_k5_c0.12_r0.01,B,negative_control,AMNoiseGaiJam,30.0,2500,30,30,0,0,0,-19.622670919700404,8.52687551852075,-8.685846209726876e-05,0.5021213849381031,307.56666666666666,5.767306898875783,1132419.2
B_k5_c0.12_r0.01,B,negative_control,AMNoiseGaiJam,30.0,3750,30,30,0,0,0,-19.62287145194966,8.52687714467522,-8.685846209919741e-05,0.5021213849381031,307.56666666666666,5.7697055900158984,1132419.2
B_k5_c0.12_r0.01,B,negative_control,AMNoiseGaiJam,30.0,4500,30,30,0,0,0,-19.615828833602567,8.53218622681053,-8.685846209726876e-05,0.5023024974315178,307.56666666666666,5.73728887247853,1132420.0
B_k5_c0.12_r0.01,B,negative_control,AMNoiseGaiJam,30.0,500,30,30,0,0,0,16.71441325764549,5.950888377143852,-8.685846209919741e-05,0.5052163168252609,22.633333333333333,5.820455697054665,1132436.0
B_k5_c0.12_r0.01,B,negative_control,AMNoiseGaiJam,5.0,1250,30,30,0,0,0,12.27536620323926,0.11887069645296178,-8.685846209919741e-05,0.5487083133082802,1.0,5.790383362909779,1132423.2
B_k5_c0.12_r0.01,B,negative_control,AMNoiseGaiJam,5.0,2500,30,30,0,0,0,12.276699548558136,0.11864314952489131,-8.685846209726876e-05,0.5487083133082802,1.0,5.753694472756858,1132435.2
B_k5_c0.12_r0.01,B,negative_control,AMNoiseGaiJam,5.0,3750,30,30,0,0,0,12.217168380529378,0.11931152898666314,-8.685846209919741e-05,0.5487083133082802,1.0,5.744555493583903,1132436.0
B_k5_c0.12_r0.01,B,negative_control,AMNoiseGaiJam,5.0,4500,30,30,0,0,0,12.221610449390392,0.1196567067582189,-8.685846209726876e-05,0.5487083133082802,1.0,5.751525013086696,1132436.0
B_k5_c0.12_r0.01,B,negative_control,AMNoiseGaiJam,5.0,500,30,30,0,0,0,9.526975113012488,0.1338140585501045,-8.685846209919741e-05,0.5508897304660471,0.0,5.807125141533713,1132436.0
B_k5_c0.12_r0.01,B,negative_control,FMNoiseAimedJam,0.0,1250,30,30,0,0,0,10.251703608514894,0.1709537007951976,-8.685846209919741e-05,0.5504903746447259,1.0,5.863852732970069,1132421.5333333334
B_k5_c0.12_r0.01,B,negative_control,FMNoiseAimedJam,0.0,2500,30,30,0,0,0,10.21902489406434,0.17269654294841005,-8.685846209726876e-05,0.5504903746447259,1.0,5.841284736137216,1132437.5333333334
B_k5_c0.12_r0.01,B,negative_control,FMNoiseAimedJam,0.0,3750,30,30,0,0,0,10.108875600016813,0.17468754643699871,-8.685846209919741e-05,0.5504903746447259,1.0,5.842080638588716,1132437.5333333334
B_k5_c0.12_r0.01,B,negative_control,FMNoiseAimedJam,0.0,4500,30,30,0,0,0,10.081448473538519,0.17627016800049988,-8.685846209726876e-05,0.5504903746447259,1.0,5.900445838536446,1132437.5333333334
B_k5_c0.12_r0.01,B,negative_control,FMNoiseAimedJam,0.0,500,30,30,0,0,0,7.372832106069964,0.18712015782563032,-8.685846209919741e-05,0.5551872697591044,0.0,5.932059732731432,1132437.5333333334
B_k5_c0.12_r0.01,B,negative_control,FMNoiseAimedJam,10.0,1250,30,30,0,0,0,19.342106547945335,0.3912802816608071,-8.685846209919741e-05,0.5208488693955978,1.1666666666666667,5.756238869313772,1132466.8
B_k5_c0.12_r0.01,B,negative_control,FMNoiseAimedJam,10.0,2500,30,30,0,0,0,19.36949170933045,0.39081431485837304,-8.685846209726876e-05,0.5208488693955978,1.1666666666666667,5.764604127034545,1132473.2
B_k5_c0.12_r0.01,B,negative_control,FMNoiseAimedJam,10.0,3750,30,30,0,0,0,19.35669418697503,0.3909170183161533,-8.685846209919741e-05,0.5208488693955978,1.1666666666666667,5.759826465509832,1132479.6
B_k5_c0.12_r0.01,B,negative_control,FMNoiseAimedJam,10.0,4500,30,30,0,0,0,19.391002600696762,0.3910140507427675,-8.685846209726876e-05,0.5207342907912665,1.1333333333333333,5.7301734981592745,1132474.8
B_k5_c0.12_r0.01,B,negative_control,FMNoiseAimedJam,10.0,500,30,30,0,0,0,15.725898322961276,0.4184065114948266,-8.685846209919741e-05,0.5239203291527538,0.03333333333333333,5.804432074849804,1132482.0
B_k5_c0.12_r0.01,B,negative_control,FMNoiseAimedJam,20.0,1250,30,30,0,0,0,-18.56248833844431,9.216334554730503,-8.685846209919741e-05,0.5040042031471101,347.76666666666665,5.68504443896624,1132466.0
B_k5_c0.12_r0.01,B,negative_control,FMNoiseAimedJam,20.0,2500,30,30,0,0,0,-18.52804461771634,9.214873271384487,-8.685846209726876e-05,0.5040042031471101,347.76666666666665,5.652338865911588,1132462.0
B_k5_c0.12_r0.01,B,negative_control,FMNoiseAimedJam,20.0,3750,30,30,0,0,0,-18.5293448244634,9.214880940160072,-8.685846209919741e-05,0.5040042031471101,347.76666666666665,5.660873597177367,1132466.8
B_k5_c0.12_r0.01,B,negative_control,FMNoiseAimedJam,20.0,4500,30,30,0,0,0,-18.52032978559309,9.220741386574213,-8.685846209726876e-05,0.503800141108628,347.73333333333335,5.661933374358341,1132467.6
B_k5_c0.12_r0.01,B,negative_control,FMNoiseAimedJam,20.0,500,30,30,0,0,0,11.203165410336311,6.91400932813803,-8.685846209919741e-05,0.4743351571233717,44.06666666666667,5.738366569858044,1132482.0
B_k5_c0.12_r0.01,B,negative_control,FMNoiseAimedJam,30.0,1250,30,30,0,0,0,-27.23051708524286,5.313861006718223,-8.685846209919741e-05,0.5038569512244251,434.6333333333333,5.8455819632702815,1132466.0
B_k5_c0.12_r0.01,B,negative_control,FMNoiseAimedJam,30.0,2500,30,30,0,0,0,-27.195320382771293,5.313553661235901,-8.685846209726876e-05,0.5038569512244251,434.6333333333333,5.821477728507792,1132465.2
B_k5_c0.12_r0.01,B,negative_control,FMNoiseAimedJam,30.0,3750,30,30,0,0,0,-27.19545059358404,5.313554216964596,-8.685846209919741e-05,0.5038569512244251,434.6333333333333,5.803833494428545,1132466.0
B_k5_c0.12_r0.01,B,negative_control,FMNoiseAimedJam,30.0,4500,30,30,0,0,0,-27.193947450089915,5.315054652866274,-8.685846209726876e-05,0.5040225026524457,434.6333333333333,5.774926369000847,1132465.2
B_k5_c0.12_r0.01,B,negative_control,FMNoiseAimedJam,30.0,500,30,30,0,0,0,-7.459074307977507,5.7283352795587,-8.685846209919741e-05,0.4648937044132356,119.3,5.870729269615064,1132482.0
B_k5_c0.12_r0.01,B,negative_control,FMNoiseAimedJam,5.0,1250,30,30,0,0,0,14.641999827346933,0.24534414716995373,-8.685846209919741e-05,0.5357057519396563,0.9333333333333333,5.8158985048066825,1132454.5333333334
B_k5_c0.12_r0.01,B,negative_control,FMNoiseAimedJam,5.0,2500,30,30,0,0,0,14.652856542184685,0.24537217897588895,-8.685846209726876e-05,0.5357057519396563,0.9333333333333333,5.771083194607248,1132466.5333333334
B_k5_c0.12_r0.01,B,negative_control,FMNoiseAimedJam,5.0,3750,30,30,0,0,0,14.613891709566929,0.24585092204428388,-8.685846209919741e-05,0.5357057519396563,0.9333333333333333,5.777340329950675,1132469.7333333334
B_k5_c0.12_r0.01,B,negative_control,FMNoiseAimedJam,5.0,4500,30,30,0,0,0,14.631866146877092,0.24629344620996854,-8.685846209726876e-05,0.5357057519396563,0.9333333333333333,5.787583159205194,1132469.7333333334
B_k5_c0.12_r0.01,B,negative_control,FMNoiseAimedJam,5.0,500,30,30,0,0,0,11.240926511687572,0.27092803766134843,-8.685846209919741e-05,0.5410412663647676,0.0,5.847857029099639,1132469.7333333334
B_k5_c0.12_r0.01,B,negative_control,FMNoiseSaopin,0.0,1250,30,30,0,0,0,7.45834209185359,1.0753400388979457,-8.685846209919741e-05,0.5747373391541397,1.0,5.8342555033353465,1132421.6
B_k5_c0.12_r0.01,B,negative_control,FMNoiseSaopin,0.0,2500,30,30,0,0,0,7.85315294808068,1.1348343648820927,-8.685846209726876e-05,0.5688713088397567,1.0,5.831368065749605,1132436.0
B_k5_c0.12_r0.01,B,negative_control,FMNoiseSaopin,0.0,3750,30,30,0,0,0,7.59247344082649,1.2133593103799007,-8.685846209919741e-05,0.5688713088397567,1.0,5.804041703231633,1132436.0
B_k5_c0.12_r0.01,B,negative_control,FMNoiseSaopin,0.0,4500,30,30,0,0,0,7.45628411773995,1.2679944586429133,-8.685846209726876e-05,0.5691832109824222,1.0,5.84338476570944,1132436.0
B_k5_c0.12_r0.01,B,negative_control,FMNoiseSaopin,0.0,500,30,30,0,0,0,2.620618944719726,0.0509334006501135,-8.685846209919741e-05,0.5838731113787811,0.0,5.891399902369206,1132436.0
B_k5_c0.12_r0.01,B,negative_control,FMNoiseSaopin,10.0,1250,30,30,0,0,0,14.17095645686231,2.332165004202137,-8.685846209919741e-05,0.5569938802965552,1.0,5.686357025600349,1132420.8
B_k5_c0.12_r0.01,B,negative_control,FMNoiseSaopin,10.0,2500,30,30,0,0,0,15.128483183956169,2.2670489570277055,-8.685846209726876e-05,0.5428039354204028,1.0,5.722915169705327,1132432.8
B_k5_c0.12_r0.01,B,negative_control,FMNoiseSaopin,10.0,3750,30,30,0,0,0,15.010611742067432,2.3312075455850905,-8.685846209919741e-05,0.5428039354204028,1.0,5.673245794605464,1132432.0
B_k5_c0.12_r0.01,B,negative_control,FMNoiseSaopin,10.0,4500,30,30,0,0,0,14.97501209978318,2.37379142051636,-8.685846209726876e-05,0.5428039354204028,1.0,5.6783791301616775,1132433.6
B_k5_c0.12_r0.01,B,negative_control,FMNoiseSaopin,10.0,500,30,30,0,0,0,2.6547894517030013,0.048568456749433365,-8.685846209919741e-05,0.5832725367087356,0.0,5.712420799924682,1132436.0
B_k5_c0.12_r0.01,B,negative_control,FMNoiseSaopin,20.0,1250,30,30,0,0,0,22.321671433034066,3.398677370690035,-8.685846209919741e-05,0.5334906876377625,1.0,5.827208360036214,1132420.8
B_k5_c0.12_r0.01,B,negative_control,FMNoiseSaopin,20.0,2500,30,30,0,0,0,12.675588532225333,22.18138937939128,-8.685846209726876e-05,0.51266977057441,45.766666666666666,5.765538928487028,1132420.0
B_k5_c0.12_r0.01,B,negative_control,FMNoiseSaopin,20.0,3750,30,30,0,0,0,12.658400407483075,22.163481228275508,-8.685846209919741e-05,0.51266977057441,45.766666666666666,5.7635596972734975,1132420.0
B_k5_c0.12_r0.01,B,negative_control,FMNoiseSaopin,20.0,4500,30,30,0,0,0,12.560023090926695,22.405083030576172,-8.685846209726876e-05,0.51266977057441,45.766666666666666,5.781480503113319,1132422.4
B_k5_c0.12_r0.01,B,negative_control,FMNoiseSaopin,20.0,500,30,30,0,0,0,2.949769278950025,0.12957655023046036,-8.685846209919741e-05,0.5804558023273205,0.0,5.837062490172684,1132436.0
B_k5_c0.12_r0.01,B,negative_control,FMNoiseSaopin,30.0,1250,30,30,0,0,0,-1.0176549730914755,8.67053920389905,-8.685846209919741e-05,0.45449939123535626,326.1333333333333,5.793758369206141,1132421.6
B_k5_c0.12_r0.01,B,negative_control,FMNoiseSaopin,30.0,2500,30,30,0,0,0,-146.71602131091979,55.67890858168059,-8.685846209726876e-05,0.5035174453888602,791.8666666666667,5.760294464804853,1132420.8
B_k5_c0.12_r0.01,B,negative_control,FMNoiseSaopin,30.0,3750,30,30,0,0,0,-146.6037136954638,55.63564595466767,-8.685846209919741e-05,0.5035174453888602,791.8666666666667,5.746209704860424,1132421.6
B_k5_c0.12_r0.01,B,negative_control,FMNoiseSaopin,30.0,4500,30,30,0,0,0,-146.7080348879705,55.681530617572285,-8.685846209726876e-05,0.5035174453888602,791.8666666666667,5.773794330889359,1132417.6
B_k5_c0.12_r0.01,B,negative_control,FMNoiseSaopin,30.0,500,30,30,0,0,0,4.714239605081497,0.7243794070337484,-8.685846209919741e-05,0.569316980330511,0.0,5.835487472359091,1132436.0
B_k5_c0.12_r0.01,B,negative_control,FMNoiseSaopin,5.0,1250,30,30,0,0,0,10.564431688215626,1.6887279126799755,-8.685846209919741e-05,0.5668934628973836,1.0,5.754222202813253,1132420.8
B_k5_c0.12_r0.01,B,negative_control,FMNoiseSaopin,5.0,2500,30,30,0,0,0,11.232719525152422,1.7228112625915988,-8.685846209726876e-05,0.5571956039464221,1.0,5.75263190548867,1132434.4
B_k5_c0.12_r0.01,B,negative_control,FMNoiseSaopin,5.0,3750,30,30,0,0,0,11.05470914595282,1.8027621159670526,-8.685846209919741e-05,0.5571956039464221,1.0,5.7339902365735425,1132436.0
B_k5_c0.12_r0.01,B,negative_control,FMNoiseSaopin,5.0,4500,30,30,0,0,0,10.976639827160424,1.8573716697062082,-8.685846209726876e-05,0.5572604995393066,1.0,5.787562600259359,1132436.0
B_k5_c0.12_r0.01,B,negative_control,FMNoiseSaopin,5.0,500,30,30,0,0,0,2.629249853504005,0.04960648622078881,-8.685846209919741e-05,0.5836958964783087,0.0,5.816095805494115,1132436.0
B_k5_c0.12_r0.01,B,negative_control,NoJammer,0.0,1250,30,30,0,0,0,4.630213180057521,0.06760654415899318,-8.685846209919741e-05,0.583899947052554,0.0,5.843498670340826,1132468.4
B_k5_c0.12_r0.01,B,negative_control,NoJammer,0.0,2500,30,30,0,0,0,4.155875054607064,0.07136000226643253,-8.685846209726876e-05,0.5838304738715105,0.0,5.806570895947516,1132482.0
B_k5_c0.12_r0.01,B,negative_control,NoJammer,0.0,3750,30,30,0,0,0,3.2139553238037775,0.08535940187087952,-8.685846209919741e-05,0.5843771174358517,0.0,5.805117933778092,1132482.0
B_k5_c0.12_r0.01,B,negative_control,NoJammer,0.0,4500,30,30,0,0,0,2.5339800488243736,0.08981321148251198,-8.685846209726876e-05,0.5854766072875492,0.0,5.832876530863966,1132482.0
B_k5_c0.12_r0.01,B,negative_control,NoJammer,0.0,500,30,30,0,0,0,4.192044702720216,0.07264840056099496,-8.685846209919741e-05,0.5850114759676347,0.0,5.915806960547343,1132482.0
B_k5_c0.12_r0.01,B,negative_control,NoJammer,10.0,1250,30,30,0,0,0,4.630213180057521,0.06760654415899318,-8.685846209919741e-05,0.583899947052554,0.0,6.038515265875806,1132468.4
B_k5_c0.12_r0.01,B,negative_control,NoJammer,10.0,2500,30,30,0,0,0,4.155875054607064,0.07136000226643253,-8.685846209726876e-05,0.5838304738715105,0.0,6.056595834282537,1132482.0
B_k5_c0.12_r0.01,B,negative_control,NoJammer,10.0,3750,30,30,0,0,0,3.2139553238037775,0.08535940187087952,-8.685846209919741e-05,0.5843771174358517,0.0,6.030727872469773,1132482.0
B_k5_c0.12_r0.01,B,negative_control,NoJammer,10.0,4500,30,30,0,0,0,2.5339800488243736,0.08981321148251198,-8.685846209726876e-05,0.5854766072875492,0.0,6.022744596702978,1132482.0
B_k5_c0.12_r0.01,B,negative_control,NoJammer,10.0,500,30,30,0,0,0,4.192044702720216,0.07264840056099496,-8.685846209919741e-05,0.5850114759676347,0.0,6.069563701748848,1132482.0
B_k5_c0.12_r0.01,B,negative_control,NoJammer,20.0,1250,30,30,0,0,0,4.630213180057521,0.06760654415899318,-8.685846209919741e-05,0.583899947052554,0.0,5.926094363288333,1132468.4
B_k5_c0.12_r0.01,B,negative_control,NoJammer,20.0,2500,30,30,0,0,0,4.155875054607064,0.07136000226643253,-8.685846209726876e-05,0.5838304738715105,0.0,5.8884972298983485,1132482.0
B_k5_c0.12_r0.01,B,negative_control,NoJammer,20.0,3750,30,30,0,0,0,3.2139553238037775,0.08535940187087952,-8.685846209919741e-05,0.5843771174358517,0.0,5.880823545157909,1132482.0
B_k5_c0.12_r0.01,B,negative_control,NoJammer,20.0,4500,30,30,0,0,0,2.5339800488243736,0.08981321148251198,-8.685846209726876e-05,0.5854766072875492,0.0,5.873598561932643,1132482.0
B_k5_c0.12_r0.01,B,negative_control,NoJammer,20.0,500,30,30,0,0,0,4.192044702720216,0.07264840056099496,-8.685846209919741e-05,0.5850114759676347,0.0,5.8927472642002,1132482.0
B_k5_c0.12_r0.01,B,negative_control,NoJammer,30.0,1250,30,30,0,0,0,4.630213180057521,0.06760654415899318,-8.685846209919741e-05,0.583899947052554,0.0,5.924915171150739,1132468.4
B_k5_c0.12_r0.01,B,negative_control,NoJammer,30.0,2500,30,30,0,0,0,4.155875054607064,0.07136000226643253,-8.685846209726876e-05,0.5838304738715105,0.0,5.887998564867303,1132482.0
B_k5_c0.12_r0.01,B,negative_control,NoJammer,30.0,3750,30,30,0,0,0,3.2139553238037775,0.08535940187087952,-8.685846209919741e-05,0.5843771174358517,0.0,5.868619463096063,1132482.0
B_k5_c0.12_r0.01,B,negative_control,NoJammer,30.0,4500,30,30,0,0,0,2.5339800488243736,0.08981321148251198,-8.685846209726876e-05,0.5854766072875492,0.0,5.846351299745341,1132482.0
B_k5_c0.12_r0.01,B,negative_control,NoJammer,30.0,500,30,30,0,0,0,4.192044702720216,0.07264840056099496,-8.685846209919741e-05,0.5850114759676347,0.0,5.953816596108179,1132482.0
B_k5_c0.12_r0.01,B,negative_control,NoJammer,5.0,1250,30,30,0,0,0,4.630213180057521,0.06760654415899318,-8.685846209919741e-05,0.583899947052554,0.0,5.881716636940837,1132468.4
B_k5_c0.12_r0.01,B,negative_control,NoJammer,5.0,2500,30,30,0,0,0,4.155875054607064,0.07136000226643253,-8.685846209726876e-05,0.5838304738715105,0.0,5.833379157896464,1132482.0
B_k5_c0.12_r0.01,B,negative_control,NoJammer,5.0,3750,30,30,0,0,0,3.2139553238037775,0.08535940187087952,-8.685846209919741e-05,0.5843771174358517,0.0,5.772620804297428,1132482.0
B_k5_c0.12_r0.01,B,negative_control,NoJammer,5.0,4500,30,30,0,0,0,2.5339800488243736,0.08981321148251198,-8.685846209726876e-05,0.5854766072875492,0.0,5.7992013928014785,1132482.0
B_k5_c0.12_r0.01,B,negative_control,NoJammer,5.0,500,30,30,0,0,0,4.192044702720216,0.07264840056099496,-8.685846209919741e-05,0.5850114759676347,0.0,5.869747294733922,1132482.0
B_k5_c0.12_r0.01,B,negative_control,SMSP,0.0,1250,30,30,0,0,0,13.734913565250691,0.02737880449014203,-8.685846209919741e-05,0.5443383488807195,1.0,5.849138870447253,1132419.2
B_k5_c0.12_r0.01,B,negative_control,SMSP,0.0,2500,30,30,0,0,0,13.704531146657871,0.027858187126077277,-8.685846209726876e-05,0.5443383488807196,1.0,5.7629862062943475,1132433.6
B_k5_c0.12_r0.01,B,negative_control,SMSP,0.0,3750,30,30,0,0,0,13.651758966841701,0.02773622445490437,-8.685846209919741e-05,0.5443383488807196,1.0,5.848194501595572,1132436.0
B_k5_c0.12_r0.01,B,negative_control,SMSP,0.0,4500,30,30,0,0,0,13.659951439892172,0.027437633412210834,-8.685846209726876e-05,0.5443383488807196,1.0,5.823756973647202,1132436.0
B_k5_c0.12_r0.01,B,negative_control,SMSP,0.0,500,30,30,0,0,0,10.123270692104377,0.03150301317041347,-8.685846209919741e-05,0.5428146687758585,0.0,5.85998046444729,1132436.0
B_k5_c0.12_r0.01,B,negative_control,SMSP,10.0,1250,30,30,0,0,0,23.91513292261935,0.024418505823113744,-8.685846209919741e-05,0.5120842638874631,2.1,5.690287398950507,1132418.4
B_k5_c0.12_r0.01,B,negative_control,SMSP,10.0,2500,30,30,0,0,0,23.91232374311602,0.024503325376194048,-8.685846209726876e-05,0.5120842638874632,2.1,5.676194470530997,1132420.0
B_k5_c0.12_r0.01,B,negative_control,SMSP,10.0,3750,30,30,0,0,0,23.906604464486772,0.024524464919817315,-8.685846209919741e-05,0.5120842638874632,2.1,5.673179228324443,1132423.2
B_k5_c0.12_r0.01,B,negative_control,SMSP,10.0,4500,30,30,0,0,0,23.94527837581835,0.024511537843077462,-8.685846209726876e-05,0.5120842638874632,2.1,5.68340826430358,1132423.2
B_k5_c0.12_r0.01,B,negative_control,SMSP,10.0,500,30,30,0,0,0,19.856529456755425,0.02028407378497706,-8.685846209919741e-05,0.4754956132321138,0.0,5.737958303264652,1132436.0
B_k5_c0.12_r0.01,B,negative_control,SMSP,20.0,1250,30,30,0,0,0,-36.34580467453286,0.022768236856589748,-8.685846209919741e-05,0.5070522085433564,519.0,5.853534703298162,1132418.4
B_k5_c0.12_r0.01,B,negative_control,SMSP,20.0,2500,30,30,0,0,0,-36.34642192423644,0.02278261214828523,-8.685846209726876e-05,0.5070522085433563,519.0,5.829295797351127,1132419.2
B_k5_c0.12_r0.01,B,negative_control,SMSP,20.0,3750,30,30,0,0,0,-36.34699937269106,0.022782651560574827,-8.685846209919741e-05,0.5070522085433563,519.0,5.816888859650741,1132419.2
B_k5_c0.12_r0.01,B,negative_control,SMSP,20.0,4500,30,30,0,0,0,-36.34735208835617,0.022776826284856513,-8.685846209726876e-05,0.5070522085433563,519.0,5.79612636162589,1132420.8
B_k5_c0.12_r0.01,B,negative_control,SMSP,20.0,500,30,30,0,0,0,-13.624077425714678,0.022333820676444155,-8.685846209919741e-05,0.5109449221987776,96.0,5.824009866531317,1132436.0
B_k5_c0.12_r0.01,B,negative_control,SMSP,30.0,1250,30,30,0,0,0,-35.66900237562668,0.007713553115012772,-8.685846209919741e-05,0.5066587426619431,519.0,5.812136097423111,1132418.4
B_k5_c0.12_r0.01,B,negative_control,SMSP,30.0,2500,30,30,0,0,0,-35.66931550079487,0.007714117398072406,-8.685846209726876e-05,0.5066587426619431,519.0,5.8303277706727386,1132418.4
B_k5_c0.12_r0.01,B,negative_control,SMSP,30.0,3750,30,30,0,0,0,-35.66937332324084,0.007714129027374395,-8.685846209919741e-05,0.5066587426619431,519.0,5.808495737922688,1132418.4
B_k5_c0.12_r0.01,B,negative_control,SMSP,30.0,4500,30,30,0,0,0,-35.66895189168215,0.0076515224211662495,-8.685846209726876e-05,0.5066587426619431,519.0,5.763587429343413,1132420.0
B_k5_c0.12_r0.01,B,negative_control,SMSP,30.0,500,30,30,0,0,0,-13.204387463723398,0.007787291074299285,-8.685846209919741e-05,0.5104112465773183,96.0,5.854822196609651,1132436.0
B_k5_c0.12_r0.01,B,negative_control,SMSP,5.0,1250,30,30,0,0,0,18.686556818445307,0.024340806208817914,-8.685846209919741e-05,0.5284631931808598,2.0,5.778157004776101,1132419.2
B_k5_c0.12_r0.01,B,negative_control,SMSP,5.0,2500,30,30,0,0,0,18.676677468377754,0.024543952132672586,-8.685846209726876e-05,0.5284631931808598,2.0,5.794330567975218,1132429.6
B_k5_c0.12_r0.01,B,negative_control,SMSP,5.0,3750,30,30,0,0,0,18.658959763019798,0.02455162779714563,-8.685846209919741e-05,0.5284631931808599,2.0,5.902472272282466,1132434.4
B_k5_c0.12_r0.01,B,negative_control,SMSP,5.0,4500,30,30,0,0,0,18.68994661127413,0.024498312670400157,-8.685846209726876e-05,0.5284631931808598,2.0,5.740429065190256,1132428.0
B_k5_c0.12_r0.01,B,negative_control,SMSP,5.0,500,30,30,0,0,0,14.7408229413443,0.022062155729603187,-8.685846209919741e-05,0.5164761530524177,0.0,5.850948602892458,1132436.0
B_k5_c0.12_r0.01,B,target_jammer,NoiseConvolutionJamming,0.0,1250,30,30,0,0,0,13.389157353809598,0.20147601006811594,-8.685846209919741e-05,0.541870620932515,0.9666666666666667,5.66951103004006,1132462.2
B_k5_c0.12_r0.01,B,target_jammer,NoiseConvolutionJamming,0.0,2500,30,30,0,0,0,13.358547979242047,0.2015945809810748,-8.685846209726876e-05,0.541870620932515,0.9666666666666667,5.614662469209482,1132475.8
B_k5_c0.12_r0.01,B,target_jammer,NoiseConvolutionJamming,0.0,3750,30,30,0,0,0,13.305454485087807,0.2021569432501955,-8.685846209919741e-05,0.541870620932515,0.9666666666666667,5.643097227827336,1132477.4
B_k5_c0.12_r0.01,B,target_jammer,NoiseConvolutionJamming,0.0,4500,30,30,0,0,0,13.313988268549169,0.20217670585644756,-8.685846209726876e-05,0.5418874502625255,0.9666666666666667,5.646247232410436,1132477.4
B_k5_c0.12_r0.01,B,target_jammer,NoiseConvolutionJamming,0.0,500,30,30,0,0,0,10.42711225874571,0.20985772210368214,-8.685846209919741e-05,0.5444353985000144,0.0,5.701886136860897,1132477.4
B_k5_c0.12_r0.01,B,target_jammer,NoiseConvolutionJamming,10.0,1250,30,30,0,0,0,22.572924070667533,0.5702068080298227,-8.685846209919741e-05,0.5129149057490711,1.4333333333333333,5.842044454766437,1132466.8
B_k5_c0.12_r0.01,B,target_jammer,NoiseConvolutionJamming,10.0,2500,30,30,0,0,0,22.57166365620209,0.5702074786779913,-8.685846209726876e-05,0.5129149057490711,1.4333333333333333,5.768468130069475,1132467.6
B_k5_c0.12_r0.01,B,target_jammer,NoiseConvolutionJamming,10.0,3750,30,30,0,0,0,22.56593324470683,0.570250202966367,-8.685846209919741e-05,0.5129149057490711,1.4333333333333333,5.7614305677513284,1132468.4
B_k5_c0.12_r0.01,B,target_jammer,NoiseConvolutionJamming,10.0,4500,30,30,0,0,0,22.60414185853647,0.5702732317183627,-8.685846209726876e-05,0.5109612818328658,1.2,5.797890236135572,1132470.8
B_k5_c0.12_r0.01,B,target_jammer,NoiseConvolutionJamming,10.0,500,30,30,0,0,0,19.280623843831602,0.5239531728824323,-8.685846209919741e-05,0.5047176108891122,0.23333333333333334,5.8331569947768,1132482.0
B_k5_c0.12_r0.01,B,target_jammer,NoiseConvolutionJamming,20.0,1250,30,30,0,0,0,-14.614063671115396,6.65996923639465,-8.685846209919741e-05,0.5036169697905563,250.63333333333333,5.786181867976363,1132466.8
B_k5_c0.12_r0.01,B,target_jammer,NoiseConvolutionJamming,20.0,2500,30,30,0,0,0,-14.612366520659396,6.660093623006338,-8.685846209726876e-05,0.5036169697905563,250.63333333333333,5.77476253771844,1132466.8
B_k5_c0.12_r0.01,B,target_jammer,NoiseConvolutionJamming,20.0,3750,30,30,0,0,0,-14.612944749981471,6.660091837526476,-8.685846209919741e-05,0.5036169697905564,250.63333333333333,5.774595830977584,1132463.6
B_k5_c0.12_r0.01,B,target_jammer,NoiseConvolutionJamming,20.0,4500,30,30,0,0,0,-14.608475553602252,7.968803411911058,-8.685846209726876e-05,0.48883808200367806,263.8666666666667,5.7478597019022954,1132465.2
B_k5_c0.12_r0.01,B,target_jammer,NoiseConvolutionJamming,20.0,500,30,30,0,0,0,0.6067737227880381,6.989909029084882,-8.685846209919741e-05,0.4558881961663092,68.43333333333334,5.841097225978349,1132482.0
B_k5_c0.12_r0.01,B,target_jammer,NoiseConvolutionJamming,30.0,1250,30,30,0,0,0,-14.371401547611976,5.8589527183615235,-8.685846209919741e-05,0.5032200004563818,253.1,5.757865367922932,1132466.8
B_k5_c0.12_r0.01,B,target_jammer,NoiseConvolutionJamming,30.0,2500,30,30,0,0,0,-14.36939129370028,5.859070352799203,-8.685846209726876e-05,0.5032200004563818,253.1,5.775793065549806,1132464.4
B_k5_c0.12_r0.01,B,target_jammer,NoiseConvolutionJamming,30.0,3750,30,30,0,0,0,-14.36944918845321,5.859070217351633,-8.685846209919741e-05,0.5032200004563818,253.1,5.728161067236215,1132462.0
B_k5_c0.12_r0.01,B,target_jammer,NoiseConvolutionJamming,30.0,4500,30,30,0,0,0,-17.18842361664198,6.343479911960926,-8.685846209726876e-05,0.48795501149806964,280.93333333333334,5.811752735947569,1132464.4
B_k5_c0.12_r0.01,B,target_jammer,NoiseConvolutionJamming,30.0,500,30,30,0,0,0,-4.264142262387968,5.781859031266566,-8.685846209919741e-05,0.44373239837069095,80.76666666666667,5.788193055195734,1132482.0
B_k5_c0.12_r0.01,B,target_jammer,NoiseConvolutionJamming,5.0,1250,30,30,0,0,0,18.013468588811033,0.33862437942953133,-8.685846209919741e-05,0.5271696002534484,0.9666666666666667,5.7768860036352025,1132466.8
B_k5_c0.12_r0.01,B,target_jammer,NoiseConvolutionJamming,5.0,2500,30,30,0,0,0,18.00471246638598,0.338633645914172,-8.685846209726876e-05,0.5271696002534484,0.9666666666666667,5.775286036077887,1132477.2
B_k5_c0.12_r0.01,B,target_jammer,NoiseConvolutionJamming,5.0,3750,30,30,0,0,0,17.986940048142838,0.3387728098089173,-8.685846209919741e-05,0.5271696002534484,0.9666666666666667,5.784788803430274,1132478.0
B_k5_c0.12_r0.01,B,target_jammer,NoiseConvolutionJamming,5.0,4500,30,30,0,0,0,18.01790104463304,0.33869786355639414,-8.685846209726876e-05,0.5271551480270732,0.9333333333333333,5.7729833953393,1132477.2
B_k5_c0.12_r0.01,B,target_jammer,NoiseConvolutionJamming,5.0,500,30,30,0,0,0,14.798129284348203,0.3215253094318021,-8.685846209919741e-05,0.5270249038321283,0.03333333333333333,5.820540232040609,1132482.0
B_k5_c0.12_r0.01,B,target_jammer,NoiseProductJamming,0.0,1250,30,30,0,0,0,12.391110000320046,0.22317148405914114,-8.685846209919741e-05,0.5426804400066892,1.0666666666666667,5.618087470065802,1132474.5333333334
B_k5_c0.12_r0.01,B,target_jammer,NoiseProductJamming,0.0,2500,30,30,0,0,0,12.347799085680476,0.22402768155192732,-8.685846209726876e-05,0.5426804400066892,1.0666666666666667,5.600082001183182,1132480.4666666666
B_k5_c0.12_r0.01,B,target_jammer,NoiseProductJamming,0.0,3750,30,30,0,0,0,12.27749941578335,0.22488975754038656,-8.685846209919741e-05,0.5426804400066892,1.0666666666666667,5.59748886929204,1132494.2666666666
B_k5_c0.12_r0.01,B,target_jammer,NoiseProductJamming,0.0,4500,30,30,0,0,0,12.274838411034244,0.22554218065469236,-8.685846209726876e-05,0.5426831514522094,1.0666666666666667,5.600723500053088,1132475.8666666667
B_k5_c0.12_r0.01,B,target_jammer,NoiseProductJamming,0.0,500,30,30,0,0,0,12.204999120939023,0.22262868714752285,-8.685846209919741e-05,0.5425229613970342,0.0,5.637318062751244,1132508.0666666667
B_k5_c0.12_r0.01,B,target_jammer,NoiseProductJamming,10.0,1250,30,30,0,0,0,21.93133748379085,0.5645676398736897,-8.685846209919741e-05,0.5119773014322548,1.7333333333333334,5.768333264859393,1132420.8
B_k5_c0.12_r0.01,B,target_jammer,NoiseProductJamming,10.0,2500,30,30,0,0,0,21.926541629179773,0.5646136198640314,-8.685846209726876e-05,0.5119773014322548,1.7333333333333334,5.758605505495022,1132427.2
B_k5_c0.12_r0.01,B,target_jammer,NoiseProductJamming,10.0,3750,30,30,0,0,0,21.918815544269457,0.5646880657997442,-8.685846209919741e-05,0.5119773014322548,1.7333333333333334,5.766375033029665,1132428.0
B_k5_c0.12_r0.01,B,target_jammer,NoiseProductJamming,10.0,4500,30,30,0,0,0,21.955792603693464,0.5646513206662427,-8.685846209726876e-05,0.5108235912607215,1.6,5.736372092117866,1132427.2
B_k5_c0.12_r0.01,B,target_jammer,NoiseProductJamming,10.0,500,30,30,0,0,0,21.80087308535008,0.5669020502924886,-8.685846209919741e-05,0.48828378607679296,0.13333333333333333,5.832902669984226,1132436.0
B_k5_c0.12_r0.01,B,target_jammer,NoiseProductJamming,20.0,1250,30,30,0,0,0,-15.779161441087712,4.619389592918108,-8.685846209919741e-05,0.5046089310716857,203.03333333333333,5.817069468321279,1132436.2
B_k5_c0.12_r0.01,B,target_jammer,NoiseProductJamming,20.0,2500,30,30,0,0,0,-15.779751548686212,4.619412536397027,-8.685846209726876e-05,0.5046089310716858,203.03333333333333,5.808040197007358,1132438.6
B_k5_c0.12_r0.01,B,target_jammer,NoiseProductJamming,20.0,3750,30,30,0,0,0,-15.780531690654003,4.619414849867782,-8.685846209919741e-05,0.5046089310716858,203.03333333333333,5.764233200655629,1132437.8
B_k5_c0.12_r0.01,B,target_jammer,NoiseProductJamming,20.0,4500,30,30,0,0,0,-16.211682249966948,4.56896390008564,-8.685846209726876e-05,0.5032261049908641,207.06666666666666,5.812429025536403,1132443.4
B_k5_c0.12_r0.01,B,target_jammer,NoiseProductJamming,20.0,500,30,30,0,0,0,-0.6538332395210295,5.998456014457478,-8.685846209919741e-05,0.41393261322063696,62.733333333333334,5.849642968193318,1132449.8
B_k5_c0.12_r0.01,B,target_jammer,NoiseProductJamming,30.0,1250,30,30,0,0,0,-15.522119698630895,3.8683799233029648,-8.685846209919741e-05,0.5041591050203084,205.96666666666667,5.765599899071579,1132434.6666666667
B_k5_c0.12_r0.01,B,target_jammer,NoiseProductJamming,30.0,2500,30,30,0,0,0,-15.522277699759252,3.868412992445908,-8.685846209726876e-05,0.5041591050203084,205.96666666666667,5.785679213780289,1132442.5333333334
B_k5_c0.12_r0.01,B,target_jammer,NoiseProductJamming,30.0,3750,30,30,0,0,0,-15.522355783763722,3.8684132368173527,-8.685846209919741e-05,0.5041591050203084,205.96666666666667,5.73510152947468,1132437.7333333334
B_k5_c0.12_r0.01,B,target_jammer,NoiseProductJamming,30.0,4500,30,30,0,0,0,-16.228283942042417,3.822442643165608,-8.685846209726876e-05,0.4998983981194627,214.76666666666668,5.743669421644881,1132440.9333333333
B_k5_c0.12_r0.01,B,target_jammer,NoiseProductJamming,30.0,500,30,30,0,0,0,-2.139975626201092,5.436707185390148,-8.685846209919741e-05,0.41001793594375086,71.16666666666667,5.910726401877279,1132448.2666666666
B_k5_c0.12_r0.01,B,target_jammer,NoiseProductJamming,5.0,1250,30,30,0,0,0,17.124753549773235,0.3673158998196953,-8.685846209919741e-05,0.5272042469864713,1.2,5.855420940012361,1132490.6666666667
B_k5_c0.12_r0.01,B,target_jammer,NoiseProductJamming,5.0,2500,30,30,0,0,0,17.109939181791614,0.3675223124175208,-8.685846209726876e-05,0.5272042469864713,1.2,5.747583199990913,1132520.8666666667
B_k5_c0.12_r0.01,B,target_jammer,NoiseProductJamming,5.0,3750,30,30,0,0,0,17.086071812193072,0.36776052528594094,-8.685846209919741e-05,0.5272042469864713,1.2,5.75859709448802,1132507.2666666666
B_k5_c0.12_r0.01,B,target_jammer,NoiseProductJamming,5.0,4500,30,30,0,0,0,17.11327729553509,0.36794212511425484,-8.685846209726876e-05,0.5272106666784755,1.2,5.796909728087485,1132509.4666666666
B_k5_c0.12_r0.01,B,target_jammer,NoiseProductJamming,5.0,500,30,30,0,0,0,16.9536042247793,0.36596941447993747,-8.685846209919741e-05,0.5225486687852775,0.0,5.8509097997254385,1132514.2
