jammer,algorithm,jsr_db,seed,jammer_contract_status,jammer_comparable,requested_jsr_db,measured_jsr_db,jsr_error_db,jsr_status,legacy_components_available,interface_status,oracle_input_status,forbidden_keys_present,delta_sinr_db,pd_identity,pd_algorithm,peak_error_identity,peak_error_algorithm,false_peak_identity,false_peak_algorithm,target_only_response_change_db,target_preservation_status,runtime_ms,memory_usage_bytes,max_false_peak_db_after
AMNoiseGaiJam,Current_WLN,10.0,2000,UNIFIED_JSR_PASS,True,10.0,10.0,0.0,unified/pass,True,PASS,PASS,,1.5265153111105043,1.0,1.0,0,0,0,0,1.7542552869168084,TARGET_PRESERVED,2.758874965365976,867918,-inf
AMNoiseGaiJam,Current_WLN,10.0,2001,UNIFIED_JSR_PASS,True,10.0,10.0,0.0,unified/pass,True,PASS,PASS,,1.6264530593964501,1.0,1.0,0,0,0,0,1.7542552869168084,TARGET_PRESERVED,2.272250014357269,841259,-inf
AMNoiseGaiJam,Current_WLN,10.0,2002,UNIFIED_JSR_PASS,True,10.0,10.0,0.0,unified/pass,True,PASS,PASS,,1.710969549508004,1.0,1.0,0,0,0,0,1.7542552869168084,TARGET_PRESERVED,2.449624997097999,840963,-inf
AMNoiseGaiJam,Current_WLN,10.0,2003,UNIFIED_JSR_PASS,True,10.0,10.0,0.0,unified/pass,True,PASS,PASS,,1.50562996569289,1.0,1.0,0,0,2,2,1.7542552869168084,TARGET_PRESERVED,2.1198330214247108,840889,-29.68125613977016
AMNoiseGaiJam,Current_WLN,10.0,2004,UNIFIED_JSR_PASS,True,10.0,9.999999999999998,-1.7763568394002505e-15,unified/pass,True,PASS,PASS,,1.5147431428779328,1.0,1.0,0,0,0,0,1.7542552869168084,TARGET_PRESERVED,2.37558304797858,840490,-inf
AMNoiseGaiJam,Current_WLN,10.0,2005,UNIFIED_JSR_PASS,True,10.0,9.999999999999998,-1.7763568394002505e-15,unified/pass,True,PASS,PASS,,1.5168264323100047,1.0,1.0,0,0,0,0,1.7542552869168084,TARGET_PRESERVED,2.232957980595529,840390,-inf
AMNoiseGaiJam,Current_WLN,10.0,2006,UNIFIED_JSR_PASS,True,10.0,10.0,0.0,unified/pass,True,PASS,PASS,,1.550017558997773,1.0,1.0,0,0,1,0,1.7542552869168084,TARGET_PRESERVED,2.1149999811314046,840544,-inf
AMNoiseGaiJam,Current_WLN,10.0,2007,UNIFIED_JSR_PASS,True,10.0,10.0,0.0,unified/pass,True,PASS,PASS,,1.3744920801130576,1.0,1.0,0,0,0,0,1.7542552869168084,TARGET_PRESERVED,2.160542004276067,839936,-inf
AMNoiseGaiJam,Current_WLN,10.0,2008,UNIFIED_JSR_PASS,True,10.0,10.000000000000002,1.7763568394002505e-15,unified/pass,True,PASS,PASS,,1.5027264746820492,1.0,1.0,0,0,0,1,1.7542552869168084,TARGET_PRESERVED,2.0650000078603625,839859,-25.220261267302813
AMNoiseGaiJam,Current_WLN,10.0,2009,UNIFIED_JSR_PASS,True,10.0,10.0,0.0,unified/pass,True,PASS,PASS,,1.67048448857771,1.0,1.0,0,0,0,0,1.7542552869168084,TARGET_PRESERVED,2.0738340099342167,839725,-inf
AMNoiseGaiJam,Current_WLN,10.0,2010,UNIFIED_JSR_PASS,True,10.0,10.0,0.0,unified/pass,True,PASS,PASS,,1.4128869083740057,1.0,1.0,0,1,0,0,1.7542552869168084,TARGET_PRESERVED,2.1032500080764294,839580,-inf
AMNoiseGaiJam,Current_WLN,10.0,2011,UNIFIED_JSR_PASS,True,10.0,10.0,0.0,unified/pass,True,PASS,PASS,,1.3789139269622552,1.0,1.0,0,0,0,0,1.7542552869168084,TARGET_PRESERVED,2.12733302032575,839344,-inf
AMNoiseGaiJam,Current_WLN,10.0,2012,UNIFIED_JSR_PASS,True,10.0,10.000000000000002,1.7763568394002505e-15,unified/pass,True,PASS,PASS,,1.4882061269889242,1.0,1.0,0,0,0,0,1.7542552869168084,TARGET_PRESERVED,2.118084055837244,839589,-inf
AMNoiseGaiJam,Current_WLN,10.0,2013,UNIFIED_JSR_PASS,True,10.0,10.0,0.0,unified/pass,True,PASS,PASS,,1.69805399219603,1.0,1.0,0,0,1,1,1.7542552869168084,TARGET_PRESERVED,2.1400420228019357,839354,-31.442285136822772
AMNoiseGaiJam,Current_WLN,10.0,2014,UNIFIED_JSR_PASS,True,10.0,10.0,0.0,unified/pass,True,PASS,PASS,,1.681493433769056,1.0,1.0,0,0,1,1,1.7542552869168084,TARGET_PRESERVED,2.098749973811209,839655,-29.993212748223762
AMNoiseGaiJam,Current_WLN,10.0,2015,UNIFIED_JSR_PASS,True,10.0,10.0,0.0,unified/pass,True,PASS,PASS,,1.3668113809674765,1.0,1.0,0,0,0,0,1.7542552869168084,TARGET_PRESERVED,2.097583026625216,839610,-inf
AMNoiseGaiJam,Current_WLN,10.0,2016,UNIFIED_JSR_PASS,True,10.0,10.0,0.0,unified/pass,True,PASS,PASS,,1.3494770498774464,1.0,1.0,0,0,0,0,1.7542552869168084,TARGET_PRESERVED,2.1379999816417694,839629,-inf
AMNoiseGaiJam,Current_WLN,10.0,2017,UNIFIED_JSR_PASS,True,10.0,10.0,0.0,unified/pass,True,PASS,PASS,,1.4548855501371492,1.0,1.0,0,0,0,0,1.7542552869168084,TARGET_PRESERVED,2.0865410333499312,839448,-inf
AMNoiseGaiJam,Current_WLN,10.0,2018,UNIFIED_JSR_PASS,True,10.0,10.0,0.0,unified/pass,True,PASS,PASS,,1.375101611722343,1.0,1.0,0,0,0,0,1.7542552869168084,TARGET_PRESERVED,2.0892079919576645,839351,-inf
AMNoiseGaiJam,Current_WLN,10.0,2019,UNIFIED_JSR_PASS,True,10.0,10.0,0.0,unified/pass,True,PASS,PASS,,1.545665907884235,1.0,1.0,1,0,1,1,1.7542552869168084,TARGET_PRESERVED,2.126834006048739,839352,-27.314674797222693
AMNoiseGaiJam,Current_WLN,10.0,2020,UNIFIED_JSR_PASS,True,10.0,10.0,0.0,unified/pass,True,PASS,PASS,,1.6547348214989768,1.0,1.0,0,0,0,0,1.7542552869168084,TARGET_PRESERVED,2.0896250498481095,839338,-inf
AMNoiseGaiJam,Current_WLN,10.0,2021,UNIFIED_JSR_PASS,True,10.0,10.0,0.0,unified/pass,True,PASS,PASS,,1.6373259522454227,1.0,1.0,0,0,0,0,1.7542552869168084,TARGET_PRESERVED,2.080374979414046,839312,-inf
AMNoiseGaiJam,Current_WLN,10.0,2022,UNIFIED_JSR_PASS,True,10.0,10.0,0.0,unified/pass,True,PASS,PASS,,1.4206520839161385,1.0,1.0,0,0,1,1,1.7542552869168084,TARGET_PRESERVED,2.1517500281333923,839320,-32.017205876141986
AMNoiseGaiJam,Current_WLN,10.0,2023,UNIFIED_JSR_PASS,True,10.0,10.0,0.0,unified/pass,True,PASS,PASS,,1.432025944350432,1.0,1.0,0,0,0,0,1.7542552869168084,TARGET_PRESERVED,2.143541001714766,839470,-inf
AMNoiseGaiJam,Current_WLN,10.0,2024,UNIFIED_JSR_PASS,True,10.0,10.0,0.0,unified/pass,True,PASS,PASS,,1.7094815674354216,1.0,1.0,0,0,1,1,1.7542552869168084,TARGET_PRESERVED,2.0549999899230897,839301,-33.42632963666193
AMNoiseGaiJam,Current_WLN,10.0,2025,UNIFIED_JSR_PASS,True,10.0,10.0,0.0,unified/pass,True,PASS,PASS,,1.600742740785826,1.0,1.0,0,0,1,1,1.7542552869168084,TARGET_PRESERVED,2.120208984706551,839509,-30.124021704726694
AMNoiseGaiJam,Current_WLN,10.0,2026,UNIFIED_JSR_PASS,True,10.0,10.0,0.0,unified/pass,True,PASS,PASS,,1.6625749970671784,1.0,1.0,0,0,0,0,1.7542552869168084,TARGET_PRESERVED,2.074417017865926,839525,-inf
AMNoiseGaiJam,Current_WLN,10.0,2027,UNIFIED_JSR_PASS,True,10.0,10.0,0.0,unified/pass,True,PASS,PASS,,1.676020473050098,1.0,1.0,0,0,2,2,1.7542552869168084,TARGET_PRESERVED,2.4259999627247453,839442,-29.09640750683061
AMNoiseGaiJam,Current_WLN,10.0,2028,UNIFIED_JSR_PASS,True,10.0,10.0,0.0,unified/pass,True,PASS,PASS,,1.5796495483236548,1.0,1.0,0,0,2,2,1.7542552869168084,TARGET_PRESERVED,2.120667020790279,839346,-29.55987025816496
AMNoiseGaiJam,Current_WLN,10.0,2029,UNIFIED_JSR_PASS,True,10.0,10.0,0.0,unified/pass,True,PASS,PASS,,1.5165249298432535,1.0,1.0,0,0,0,1,1.7542552869168084,TARGET_PRESERVED,2.1924999891780317,839576,-30.582204323734704
AMNoiseGaiJam,Current_WLN,20.0,2000,UNIFIED_JSR_PASS,True,20.0,20.0,0.0,unified/pass,True,PASS,PASS,,2.3776274927850007,0.0,1.0,0,1,0,0,1.7542552869168084,TARGET_PRESERVED,2.28208297630772,839446,-inf
AMNoiseGaiJam,Current_WLN,20.0,2001,UNIFIED_JSR_PASS,True,20.0,20.0,0.0,unified/pass,True,PASS,PASS,,2.3136914951550835,0.0,1.0,1,1,0,0,1.7542552869168084,TARGET_PRESERVED,2.155709022190422,839439,-inf
AMNoiseGaiJam,Current_WLN,20.0,2002,UNIFIED_JSR_PASS,True,20.0,20.0,0.0,unified/pass,True,PASS,PASS,,2.491846669138816,0.0,1.0,1,1,0,0,1.7542552869168084,TARGET_PRESERVED,2.3542079725302756,839400,-inf
AMNoiseGaiJam,Current_WLN,20.0,2003,UNIFIED_JSR_PASS,True,20.0,20.0,0.0,unified/pass,True,PASS,PASS,,1.8815083251039582,0.0,1.0,0,0,2,2,1.7542552869168084,TARGET_PRESERVED,2.096833020914346,839537,-31.973778682390638
AMNoiseGaiJam,Current_WLN,20.0,2004,UNIFIED_JSR_PASS,True,20.0,19.999999999999996,-3.552713678800501e-15,unified/pass,True,PASS,PASS,,2.588147431226714,0.0,0.0,0,0,0,0,1.7542552869168084,TARGET_PRESERVED,2.246832998935133,839581,-inf
AMNoiseGaiJam,Current_WLN,20.0,2005,UNIFIED_JSR_PASS,True,20.0,19.999999999999996,-3.552713678800501e-15,unified/pass,True,PASS,PASS,,2.1725002459199807,1.0,1.0,1,1,0,0,1.7542552869168084,TARGET_PRESERVED,2.2090409765951335,839450,-inf
AMNoiseGaiJam,Current_WLN,20.0,2006,UNIFIED_JSR_PASS,True,20.0,20.0,0.0,unified/pass,True,PASS,PASS,,2.5313153008469413,0.0,0.0,0,0,1,1,1.7542552869168084,TARGET_PRESERVED,2.0686660427600145,839389,-35.62963799217059
AMNoiseGaiJam,Current_WLN,20.0,2007,UNIFIED_JSR_PASS,True,20.0,20.0,0.0,unified/pass,True,PASS,PASS,,2.0508943927072707,0.0,1.0,1,1,0,0,1.7542552869168084,TARGET_PRESERVED,2.461708034388721,839616,-inf
AMNoiseGaiJam,Current_WLN,20.0,2008,UNIFIED_JSR_PASS,True,20.0,20.0,0.0,unified/pass,True,PASS,PASS,,2.3915989784153027,0.0,0.0,1,1,0,0,1.7542552869168084,TARGET_PRESERVED,2.083541010506451,839264,-inf
AMNoiseGaiJam,Current_WLN,20.0,2009,UNIFIED_JSR_PASS,True,20.0,20.0,0.0,unified/pass,True,PASS,PASS,,2.880576761355673,0.0,0.0,1,1,0,0,1.7542552869168084,TARGET_PRESERVED,2.2670839680358768,839395,-inf
AMNoiseGaiJam,Current_WLN,20.0,2010,UNIFIED_JSR_PASS,True,20.0,20.0,0.0,unified/pass,True,PASS,PASS,,1.9230759473158372,0.0,1.0,1,1,0,0,1.7542552869168084,TARGET_PRESERVED,2.1048340131528676,839312,-inf
AMNoiseGaiJam,Current_WLN,20.0,2011,UNIFIED_JSR_PASS,True,20.0,20.0,0.0,unified/pass,True,PASS,PASS,,2.2605960797343343,1.0,1.0,1,1,0,0,1.7542552869168084,TARGET_PRESERVED,2.1082499879412353,839347,-inf
AMNoiseGaiJam,Current_WLN,20.0,2012,UNIFIED_JSR_PASS,True,20.0,20.0,0.0,unified/pass,True,PASS,PASS,,2.366415825225797,0.0,1.0,0,0,0,0,1.7542552869168084,TARGET_PRESERVED,2.274333033710718,839492,-inf
AMNoiseGaiJam,Current_WLN,20.0,2013,UNIFIED_JSR_PASS,True,20.0,20.0,0.0,unified/pass,True,PASS,PASS,,2.7393854923974867,0.0,1.0,0,0,1,1,1.7542552869168084,TARGET_PRESERVED,2.119207987561822,839301,-33.44663652746387
AMNoiseGaiJam,Current_WLN,20.0,2014,UNIFIED_JSR_PASS,True,20.0,20.0,0.0,unified/pass,True,PASS,PASS,,2.4976879664776384,0.0,0.0,1,1,1,1,1.7542552869168084,TARGET_PRESERVED,2.1198340109549463,839521,-32.14844206335516
AMNoiseGaiJam,Current_WLN,20.0,2015,UNIFIED_JSR_PASS,True,20.0,20.0,0.0,unified/pass,True,PASS,PASS,,2.082134437829122,0.0,0.0,0,0,0,0,1.7542552869168084,TARGET_PRESERVED,2.0944999996572733,839569,-inf
AMNoiseGaiJam,Current_WLN,20.0,2016,UNIFIED_JSR_PASS,True,20.0,20.0,0.0,unified/pass,True,PASS,PASS,,2.1009196993550745,1.0,1.0,1,1,0,0,1.7542552869168084,TARGET_PRESERVED,2.297166036441922,839543,-inf
AMNoiseGaiJam,Current_WLN,20.0,2017,UNIFIED_JSR_PASS,True,20.0,19.999999999999996,-3.552713678800501e-15,unified/pass,True,PASS,PASS,,2.034417863272971,0.0,1.0,0,1,0,0,1.7542552869168084,TARGET_PRESERVED,2.504583972040564,839407,-inf
AMNoiseGaiJam,Current_WLN,20.0,2018,UNIFIED_JSR_PASS,True,20.0,20.0,0.0,unified/pass,True,PASS,PASS,,2.1801013410226027,1.0,1.0,0,0,0,0,1.7542552869168084,TARGET_PRESERVED,2.082542050629854,839257,-inf
AMNoiseGaiJam,Current_WLN,20.0,2019,UNIFIED_JSR_PASS,True,20.0,20.0,0.0,unified/pass,True,PASS,PASS,,2.1308724269803925,0.0,0.0,1,1,1,1,1.7542552869168084,TARGET_PRESERVED,2.2804170148447156,839556,-29.170878831868272
AMNoiseGaiJam,Current_WLN,20.0,2020,UNIFIED_JSR_PASS,True,20.0,20.0,0.0,unified/pass,True,PASS,PASS,,2.7283312074628796,0.0,0.0,0,0,0,0,1.7542552869168084,TARGET_PRESERVED,2.198500034864992,839474,-inf
AMNoiseGaiJam,Current_WLN,20.0,2021,UNIFIED_JSR_PASS,True,20.0,20.0,0.0,unified/pass,True,PASS,PASS,,2.3741416070620485,0.0,1.0,0,0,0,0,1.7542552869168084,TARGET_PRESERVED,2.5800419971346855,839550,-inf
AMNoiseGaiJam,Current_WLN,20.0,2022,UNIFIED_JSR_PASS,True,20.0,19.999999999999996,-3.552713678800501e-15,unified/pass,True,PASS,PASS,,2.0637914659869026,0.0,1.0,0,1,1,1,1.7542552869168084,TARGET_PRESERVED,2.1813749917782843,839592,-34.35011936805917
AMNoiseGaiJam,Current_WLN,20.0,2023,UNIFIED_JSR_PASS,True,20.0,20.0,0.0,unified/pass,True,PASS,PASS,,2.1712370354409707,1.0,1.0,1,1,0,0,1.7542552869168084,TARGET_PRESERVED,2.214167034253478,839523,-inf
AMNoiseGaiJam,Current_WLN,20.0,2024,UNIFIED_JSR_PASS,True,20.0,20.0,0.0,unified/pass,True,PASS,PASS,,2.637539201307643,0.0,0.0,0,0,1,1,1.7542552869168084,TARGET_PRESERVED,2.5504579534754157,839393,-35.37102131818312
AMNoiseGaiJam,Current_WLN,20.0,2025,UNIFIED_JSR_PASS,True,20.0,20.0,0.0,unified/pass,True,PASS,PASS,,2.291195510730226,1.0,1.0,1,0,1,1,1.7542552869168084,TARGET_PRESERVED,2.0867499988526106,839419,-32.059955834173664
AMNoiseGaiJam,Current_WLN,20.0,2026,UNIFIED_JSR_PASS,True,20.0,20.0,0.0,unified/pass,True,PASS,PASS,,2.682125742149502,0.0,0.0,1,1,0,0,1.7542552869168084,TARGET_PRESERVED,2.457166963722557,839557,-inf
AMNoiseGaiJam,Current_WLN,20.0,2027,UNIFIED_JSR_PASS,True,20.0,20.0,0.0,unified/pass,True,PASS,PASS,,2.3467217067207713,0.0,0.0,1,1,2,2,1.7542552869168084,TARGET_PRESERVED,2.147875027731061,839393,-30.907965649965206
AMNoiseGaiJam,Current_WLN,20.0,2028,UNIFIED_JSR_PASS,True,20.0,20.0,0.0,unified/pass,True,PASS,PASS,,2.5032013362794103,1.0,1.0,0,0,2,2,1.7542552869168084,TARGET_PRESERVED,2.147334045730531,839278,-31.560496610044623
AMNoiseGaiJam,Current_WLN,20.0,2029,UNIFIED_JSR_PASS,True,20.0,20.0,0.0,unified/pass,True,PASS,PASS,,2.499427732136617,0.0,0.0,0,0,0,0,1.7542552869168084,TARGET_PRESERVED,2.2392499959096313,839523,-inf
AMNoiseGaiJam,Current_WLN,30.0,2000,UNIFIED_JSR_PASS,True,30.0,30.0,0.0,unified/pass,True,PASS,PASS,,1.9943494550836594,0.0,0.0,275,1,0,0,1.7542552869168084,TARGET_PRESERVED,2.3163750302046537,839398,-inf
AMNoiseGaiJam,Current_WLN,30.0,2001,UNIFIED_JSR_PASS,True,30.0,30.0,0.0,unified/pass,True,PASS,PASS,,1.627356364122802,0.0,0.0,270,1,0,0,1.7542552869168084,TARGET_PRESERVED,2.41950002964586,839441,-inf
AMNoiseGaiJam,Current_WLN,30.0,2002,UNIFIED_JSR_PASS,True,30.0,30.0,0.0,unified/pass,True,PASS,PASS,,2.064147674778175,0.0,0.0,200,1,0,0,1.7542552869168084,TARGET_PRESERVED,2.0654579857364297,839402,-inf
AMNoiseGaiJam,Current_WLN,30.0,2003,UNIFIED_JSR_PASS,True,30.0,30.0,0.0,unified/pass,True,PASS,PASS,,1.0323553561031034,0.0,0.0,309,0,2,2,1.7542552869168084,TARGET_PRESERVED,2.3745420039631426,839262,-36.32685680077615
AMNoiseGaiJam,Current_WLN,30.0,2004,UNIFIED_JSR_PASS,True,30.0,30.0,0.0,unified/pass,True,PASS,PASS,,2.2588373167377593,0.0,0.0,345,1,0,0,1.7542552869168084,TARGET_PRESERVED,2.3109999601729214,839423,-inf
AMNoiseGaiJam,Current_WLN,30.0,2005,UNIFIED_JSR_PASS,True,30.0,30.0,0.0,unified/pass,True,PASS,PASS,,1.6245189543017364,0.0,0.0,1,1,0,0,1.7542552869168084,TARGET_PRESERVED,2.105874998960644,839407,-inf
AMNoiseGaiJam,Current_WLN,30.0,2006,UNIFIED_JSR_PASS,True,30.0,30.0,0.0,unified/pass,True,PASS,PASS,,2.321994700425904,0.0,0.0,458,0,1,1,1.7542552869168084,TARGET_PRESERVED,2.3691250244155526,839350,-39.146646807699
AMNoiseGaiJam,Current_WLN,30.0,2007,UNIFIED_JSR_PASS,True,30.0,30.0,0.0,unified/pass,True,PASS,PASS,,1.4138879339888337,0.0,0.0,1,1,0,0,1.7542552869168084,TARGET_PRESERVED,2.139458025339991,839331,-inf
AMNoiseGaiJam,Current_WLN,30.0,2008,UNIFIED_JSR_PASS,True,30.0,30.0,0.0,unified/pass,True,PASS,PASS,,2.0265327674433333,0.0,0.0,245,1,0,0,1.7542552869168084,TARGET_PRESERVED,2.287957991939038,839261,-inf
AMNoiseGaiJam,Current_WLN,30.0,2009,UNIFIED_JSR_PASS,True,30.0,30.0,0.0,unified/pass,True,PASS,PASS,,3.0063652576619244,0.0,0.0,365,1,0,0,1.7542552869168084,TARGET_PRESERVED,2.197833964601159,839349,-inf
AMNoiseGaiJam,Current_WLN,30.0,2010,UNIFIED_JSR_PASS,True,30.0,30.0,0.0,unified/pass,True,PASS,PASS,,1.0434222753498155,0.0,0.0,0,1,0,0,1.7542552869168084,TARGET_PRESERVED,2.2241250262595713,839351,-inf
AMNoiseGaiJam,Current_WLN,30.0,2011,UNIFIED_JSR_PASS,True,30.0,30.0,0.0,unified/pass,True,PASS,PASS,,1.798052397650224,0.0,0.0,42,1,0,0,1.7542552869168084,TARGET_PRESERVED,2.3763339850120246,839439,-inf
AMNoiseGaiJam,Current_WLN,30.0,2012,UNIFIED_JSR_PASS,True,30.0,30.0,0.0,unified/pass,True,PASS,PASS,,1.9532823249633378,0.0,0.0,341,0,0,0,1.7542552869168084,TARGET_PRESERVED,2.152458007913083,839310,-inf
AMNoiseGaiJam,Current_WLN,30.0,2013,UNIFIED_JSR_PASS,True,30.0,30.0,0.0,unified/pass,True,PASS,PASS,,2.359710871195041,0.0,0.0,427,0,1,1,1.7542552869168084,TARGET_PRESERVED,2.051624993328005,839352,-37.25148982213651
AMNoiseGaiJam,Current_WLN,30.0,2014,UNIFIED_JSR_PASS,True,30.0,30.0,0.0,unified/pass,True,PASS,PASS,,1.8760432791608999,0.0,0.0,399,1,1,0,1.7542552869168084,TARGET_PRESERVED,2.0611670333892107,839334,-inf
AMNoiseGaiJam,Current_WLN,30.0,2015,UNIFIED_JSR_PASS,True,30.0,30.0,0.0,unified/pass,True,PASS,PASS,,1.1770496348671493,0.0,0.0,196,1,0,0,1.7542552869168084,TARGET_PRESERVED,2.1531659876927733,839285,-inf
AMNoiseGaiJam,Current_WLN,30.0,2016,UNIFIED_JSR_PASS,True,30.0,30.0,0.0,unified/pass,True,PASS,PASS,,1.4748171697279133,0.0,0.0,386,1,0,0,1.7542552869168084,TARGET_PRESERVED,2.0737500162795186,839298,-inf
AMNoiseGaiJam,Current_WLN,30.0,2017,UNIFIED_JSR_PASS,True,30.0,30.0,0.0,unified/pass,True,PASS,PASS,,1.3170524315089036,0.0,0.0,0,1,0,0,1.7542552869168084,TARGET_PRESERVED,2.051917021162808,839354,-inf
AMNoiseGaiJam,Current_WLN,30.0,2018,UNIFIED_JSR_PASS,True,30.0,30.0,0.0,unified/pass,True,PASS,PASS,,1.7152191355996163,0.0,0.0,479,0,0,0,1.7542552869168084,TARGET_PRESERVED,2.0766250090673566,839451,-inf
AMNoiseGaiJam,Current_WLN,30.0,2019,UNIFIED_JSR_PASS,True,30.0,30.0,0.0,unified/pass,True,PASS,PASS,,1.317017980184069,0.0,0.0,454,1,1,1,1.7542552869168084,TARGET_PRESERVED,2.034875040408224,839218,-33.004260047974704
AMNoiseGaiJam,Current_WLN,30.0,2020,UNIFIED_JSR_PASS,True,30.0,30.0,0.0,unified/pass,True,PASS,PASS,,2.238197303948784,0.0,0.0,172,0,0,0,1.7542552869168084,TARGET_PRESERVED,2.0435830228962004,839470,-inf
AMNoiseGaiJam,Current_WLN,30.0,2021,UNIFIED_JSR_PASS,True,30.0,30.0,0.0,unified/pass,True,PASS,PASS,,1.8524697879122236,0.0,0.0,196,1,0,0,1.7542552869168084,TARGET_PRESERVED,2.091416041366756,839213,-inf
AMNoiseGaiJam,Current_WLN,30.0,2022,UNIFIED_JSR_PASS,True,30.0,30.0,0.0,unified/pass,True,PASS,PASS,,1.4618032425057361,0.0,0.0,0,1,1,1,1.7542552869168084,TARGET_PRESERVED,2.0300420001149178,839262,-38.79121800094465
AMNoiseGaiJam,Current_WLN,30.0,2023,UNIFIED_JSR_PASS,True,30.0,30.0,0.0,unified/pass,True,PASS,PASS,,1.4445922056753986,0.0,0.0,379,379,0,0,1.7542552869168084,TARGET_PRESERVED,2.053749980404973,839509,-inf
AMNoiseGaiJam,Current_WLN,30.0,2024,UNIFIED_JSR_PASS,True,30.0,30.0,0.0,unified/pass,True,PASS,PASS,,2.3513350364425563,0.0,0.0,407,1,1,1,1.7542552869168084,TARGET_PRESERVED,2.0326669909991324,839410,-39.008342555999164
AMNoiseGaiJam,Current_WLN,30.0,2025,UNIFIED_JSR_PASS,True,30.0,30.0,0.0,unified/pass,True,PASS,PASS,,1.6577323799793966,0.0,0.0,320,1,1,1,1.7542552869168084,TARGET_PRESERVED,2.0633749663829803,839237,-35.63422237958156
AMNoiseGaiJam,Current_WLN,30.0,2026,UNIFIED_JSR_PASS,True,30.0,30.0,0.0,unified/pass,True,PASS,PASS,,2.4486936098444954,0.0,0.0,432,1,0,0,1.7542552869168084,TARGET_PRESERVED,2.1212499705143273,839368,-inf
AMNoiseGaiJam,Current_WLN,30.0,2027,UNIFIED_JSR_PASS,True,30.0,30.0,0.0,unified/pass,True,PASS,PASS,,1.6093256040665231,0.0,0.0,439,1,2,2,1.7542552869168084,TARGET_PRESERVED,2.0292919944040477,839306,-34.759485599154225
AMNoiseGaiJam,Current_WLN,30.0,2028,UNIFIED_JSR_PASS,True,30.0,30.0,0.0,unified/pass,True,PASS,PASS,,2.1657135471344127,0.0,0.0,492,0,2,2,1.7542552869168084,TARGET_PRESERVED,2.110707981046289,839334,-35.45914093618923
AMNoiseGaiJam,Current_WLN,30.0,2029,UNIFIED_JSR_PASS,True,30.0,30.0,0.0,unified/pass,True,PASS,PASS,,2.200941467394614,0.0,0.0,494,1,0,0,1.7542552869168084,TARGET_PRESERVED,2.1350409951992333,839438,-inf
AMNoiseGaiJam,Identity,10.0,2000,UNIFIED_JSR_PASS,True,10.0,10.0,0.0,unified/pass,True,PASS,PASS,,0.0,1.0,1.0,0,0,0,0,0.0,TARGET_PRESERVED,0.0,0,-inf
AMNoiseGaiJam,Identity,10.0,2001,UNIFIED_JSR_PASS,True,10.0,10.0,0.0,unified/pass,True,PASS,PASS,,0.0,1.0,1.0,0,0,0,0,0.0,TARGET_PRESERVED,0.0,0,-inf
AMNoiseGaiJam,Identity,10.0,2002,UNIFIED_JSR_PASS,True,10.0,10.0,0.0,unified/pass,True,PASS,PASS,,0.0,1.0,1.0,0,0,0,0,0.0,TARGET_PRESERVED,0.0,0,-inf
AMNoiseGaiJam,Identity,10.0,2003,UNIFIED_JSR_PASS,True,10.0,10.0,0.0,unified/pass,True,PASS,PASS,,0.0,1.0,1.0,0,0,2,2,0.0,TARGET_PRESERVED,0.0,0,-29.68125613977016
AMNoiseGaiJam,Identity,10.0,2004,UNIFIED_JSR_PASS,True,10.0,9.999999999999998,-1.7763568394002505e-15,unified/pass,True,PASS,PASS,,0.0,1.0,1.0,0,0,0,0,0.0,TARGET_PRESERVED,0.0,0,-inf
AMNoiseGaiJam,Identity,10.0,2005,UNIFIED_JSR_PASS,True,10.0,9.999999999999998,-1.7763568394002505e-15,unified/pass,True,PASS,PASS,,0.0,1.0,1.0,0,0,0,0,0.0,TARGET_PRESERVED,0.0,0,-inf
AMNoiseGaiJam,Identity,10.0,2006,UNIFIED_JSR_PASS,True,10.0,10.0,0.0,unified/pass,True,PASS,PASS,,0.0,1.0,1.0,0,0,1,1,0.0,TARGET_PRESERVED,0.0,0,-inf
AMNoiseGaiJam,Identity,10.0,2007,UNIFIED_JSR_PASS,True,10.0,10.0,0.0,unified/pass,True,PASS,PASS,,0.0,1.0,1.0,0,0,0,0,0.0,TARGET_PRESERVED,0.0,0,-inf
AMNoiseGaiJam,Identity,10.0,2008,UNIFIED_JSR_PASS,True,10.0,10.000000000000002,1.7763568394002505e-15,unified/pass,True,PASS,PASS,,0.0,1.0,1.0,0,0,0,0,0.0,TARGET_PRESERVED,0.0,0,-25.220261267302813
AMNoiseGaiJam,Identity,10.0,2009,UNIFIED_JSR_PASS,True,10.0,10.0,0.0,unified/pass,True,PASS,PASS,,0.0,1.0,1.0,0,0,0,0,0.0,TARGET_PRESERVED,0.0,0,-inf
AMNoiseGaiJam,Identity,10.0,2010,UNIFIED_JSR_PASS,True,10.0,10.0,0.0,unified/pass,True,PASS,PASS,,0.0,1.0,1.0,0,0,0,0,0.0,TARGET_PRESERVED,0.0,0,-inf
AMNoiseGaiJam,Identity,10.0,2011,UNIFIED_JSR_PASS,True,10.0,10.0,0.0,unified/pass,True,PASS,PASS,,0.0,1.0,1.0,0,0,0,0,0.0,TARGET_PRESERVED,0.0,0,-inf
AMNoiseGaiJam,Identity,10.0,2012,UNIFIED_JSR_PASS,True,10.0,10.000000000000002,1.7763568394002505e-15,unified/pass,True,PASS,PASS,,0.0,1.0,1.0,0,0,0,0,0.0,TARGET_PRESERVED,0.0,0,-inf
AMNoiseGaiJam,Identity,10.0,2013,UNIFIED_JSR_PASS,True,10.0,10.0,0.0,unified/pass,True,PASS,PASS,,0.0,1.0,1.0,0,0,1,1,0.0,TARGET_PRESERVED,0.0,0,-31.442285136822772
AMNoiseGaiJam,Identity,10.0,2014,UNIFIED_JSR_PASS,True,10.0,10.0,0.0,unified/pass,True,PASS,PASS,,0.0,1.0,1.0,0,0,1,1,0.0,TARGET_PRESERVED,0.0,0,-29.993212748223762
AMNoiseGaiJam,Identity,10.0,2015,UNIFIED_JSR_PASS,True,10.0,10.0,0.0,unified/pass,True,PASS,PASS,,0.0,1.0,1.0,0,0,0,0,0.0,TARGET_PRESERVED,0.0,0,-inf
AMNoiseGaiJam,Identity,10.0,2016,UNIFIED_JSR_PASS,True,10.0,10.0,0.0,unified/pass,True,PASS,PASS,,0.0,1.0,1.0,0,0,0,0,0.0,TARGET_PRESERVED,0.0,0,-inf
AMNoiseGaiJam,Identity,10.0,2017,UNIFIED_JSR_PASS,True,10.0,10.0,0.0,unified/pass,True,PASS,PASS,,0.0,1.0,1.0,0,0,0,0,0.0,TARGET_PRESERVED,0.0,0,-inf
AMNoiseGaiJam,Identity,10.0,2018,UNIFIED_JSR_PASS,True,10.0,10.0,0.0,unified/pass,True,PASS,PASS,,0.0,1.0,1.0,0,0,0,0,0.0,TARGET_PRESERVED,0.0,0,-inf
AMNoiseGaiJam,Identity,10.0,2019,UNIFIED_JSR_PASS,True,10.0,10.0,0.0,unified/pass,True,PASS,PASS,,0.0,1.0,1.0,1,1,1,1,0.0,TARGET_PRESERVED,0.0,0,-27.314674797222693
AMNoiseGaiJam,Identity,10.0,2020,UNIFIED_JSR_PASS,True,10.0,10.0,0.0,unified/pass,True,PASS,PASS,,0.0,1.0,1.0,0,0,0,0,0.0,TARGET_PRESERVED,0.0,0,-inf
AMNoiseGaiJam,Identity,10.0,2021,UNIFIED_JSR_PASS,True,10.0,10.0,0.0,unified/pass,True,PASS,PASS,,0.0,1.0,1.0,0,0,0,0,0.0,TARGET_PRESERVED,0.0,0,-inf
AMNoiseGaiJam,Identity,10.0,2022,UNIFIED_JSR_PASS,True,10.0,10.0,0.0,unified/pass,True,PASS,PASS,,0.0,1.0,1.0,0,0,1,1,0.0,TARGET_PRESERVED,0.0,0,-32.017205876141986
AMNoiseGaiJam,Identity,10.0,2023,UNIFIED_JSR_PASS,True,10.0,10.0,0.0,unified/pass,True,PASS,PASS,,0.0,1.0,1.0,0,0,0,0,0.0,TARGET_PRESERVED,0.0,0,-inf
AMNoiseGaiJam,Identity,10.0,2024,UNIFIED_JSR_PASS,True,10.0,10.0,0.0,unified/pass,True,PASS,PASS,,0.0,1.0,1.0,0,0,1,1,0.0,TARGET_PRESERVED,0.0,0,-33.42632963666193
AMNoiseGaiJam,Identity,10.0,2025,UNIFIED_JSR_PASS,True,10.0,10.0,0.0,unified/pass,True,PASS,PASS,,0.0,1.0,1.0,0,0,1,1,0.0,TARGET_PRESERVED,0.0,0,-30.124021704726694
AMNoiseGaiJam,Identity,10.0,2026,UNIFIED_JSR_PASS,True,10.0,10.0,0.0,unified/pass,True,PASS,PASS,,0.0,1.0,1.0,0,0,0,0,0.0,TARGET_PRESERVED,0.0,0,-inf
AMNoiseGaiJam,Identity,10.0,2027,UNIFIED_JSR_PASS,True,10.0,10.0,0.0,unified/pass,True,PASS,PASS,,0.0,1.0,1.0,0,0,2,2,0.0,TARGET_PRESERVED,0.0,0,-29.09640750683061
AMNoiseGaiJam,Identity,10.0,2028,UNIFIED_JSR_PASS,True,10.0,10.0,0.0,unified/pass,True,PASS,PASS,,0.0,1.0,1.0,0,0,2,2,0.0,TARGET_PRESERVED,0.0,0,-29.55987025816496
AMNoiseGaiJam,Identity,10.0,2029,UNIFIED_JSR_PASS,True,10.0,10.0,0.0,unified/pass,True,PASS,PASS,,0.0,1.0,1.0,0,0,0,0,0.0,TARGET_PRESERVED,0.0,0,-30.582204323734704
AMNoiseGaiJam,Identity,20.0,2000,UNIFIED_JSR_PASS,True,20.0,20.0,0.0,unified/pass,True,PASS,PASS,,0.0,0.0,0.0,0,0,0,0,0.0,TARGET_PRESERVED,0.0,0,-inf
AMNoiseGaiJam,Identity,20.0,2001,UNIFIED_JSR_PASS,True,20.0,20.0,0.0,unified/pass,True,PASS,PASS,,0.0,0.0,0.0,1,1,0,0,0.0,TARGET_PRESERVED,0.0,0,-inf
AMNoiseGaiJam,Identity,20.0,2002,UNIFIED_JSR_PASS,True,20.0,20.0,0.0,unified/pass,True,PASS,PASS,,0.0,0.0,0.0,1,1,0,0,0.0,TARGET_PRESERVED,0.0,0,-inf
AMNoiseGaiJam,Identity,20.0,2003,UNIFIED_JSR_PASS,True,20.0,20.0,0.0,unified/pass,True,PASS,PASS,,0.0,0.0,0.0,0,0,2,2,0.0,TARGET_PRESERVED,0.0,0,-31.973778682390638
AMNoiseGaiJam,Identity,20.0,2004,UNIFIED_JSR_PASS,True,20.0,19.999999999999996,-3.552713678800501e-15,unified/pass,True,PASS,PASS,,0.0,0.0,0.0,0,0,0,0,0.0,TARGET_PRESERVED,0.0,0,-inf
AMNoiseGaiJam,Identity,20.0,2005,UNIFIED_JSR_PASS,True,20.0,19.999999999999996,-3.552713678800501e-15,unified/pass,True,PASS,PASS,,0.0,1.0,1.0,1,1,0,0,0.0,TARGET_PRESERVED,0.0,0,-inf
AMNoiseGaiJam,Identity,20.0,2006,UNIFIED_JSR_PASS,True,20.0,20.0,0.0,unified/pass,True,PASS,PASS,,0.0,0.0,0.0,0,0,1,1,0.0,TARGET_PRESERVED,0.0,0,-35.62963799217059
AMNoiseGaiJam,Identity,20.0,2007,UNIFIED_JSR_PASS,True,20.0,20.0,0.0,unified/pass,True,PASS,PASS,,0.0,0.0,0.0,1,1,0,0,0.0,TARGET_PRESERVED,0.0,0,-inf
AMNoiseGaiJam,Identity,20.0,2008,UNIFIED_JSR_PASS,True,20.0,20.0,0.0,unified/pass,True,PASS,PASS,,0.0,0.0,0.0,1,1,0,0,0.0,TARGET_PRESERVED,0.0,0,-inf
AMNoiseGaiJam,Identity,20.0,2009,UNIFIED_JSR_PASS,True,20.0,20.0,0.0,unified/pass,True,PASS,PASS,,0.0,0.0,0.0,1,1,0,0,0.0,TARGET_PRESERVED,0.0,0,-inf
AMNoiseGaiJam,Identity,20.0,2010,UNIFIED_JSR_PASS,True,20.0,20.0,0.0,unified/pass,True,PASS,PASS,,0.0,0.0,0.0,1,1,0,0,0.0,TARGET_PRESERVED,0.0,0,-inf
AMNoiseGaiJam,Identity,20.0,2011,UNIFIED_JSR_PASS,True,20.0,20.0,0.0,unified/pass,True,PASS,PASS,,0.0,1.0,1.0,1,1,0,0,0.0,TARGET_PRESERVED,0.0,0,-inf
AMNoiseGaiJam,Identity,20.0,2012,UNIFIED_JSR_PASS,True,20.0,20.0,0.0,unified/pass,True,PASS,PASS,,0.0,0.0,0.0,0,0,0,0,0.0,TARGET_PRESERVED,0.0,0,-inf
AMNoiseGaiJam,Identity,20.0,2013,UNIFIED_JSR_PASS,True,20.0,20.0,0.0,unified/pass,True,PASS,PASS,,0.0,0.0,0.0,0,0,1,1,0.0,TARGET_PRESERVED,0.0,0,-33.44663652746387
AMNoiseGaiJam,Identity,20.0,2014,UNIFIED_JSR_PASS,True,20.0,20.0,0.0,unified/pass,True,PASS,PASS,,0.0,0.0,0.0,1,1,1,1,0.0,TARGET_PRESERVED,0.0,0,-32.14844206335516
AMNoiseGaiJam,Identity,20.0,2015,UNIFIED_JSR_PASS,True,20.0,20.0,0.0,unified/pass,True,PASS,PASS,,0.0,0.0,0.0,0,0,0,0,0.0,TARGET_PRESERVED,0.0,0,-inf
AMNoiseGaiJam,Identity,20.0,2016,UNIFIED_JSR_PASS,True,20.0,20.0,0.0,unified/pass,True,PASS,PASS,,0.0,1.0,1.0,1,1,0,0,0.0,TARGET_PRESERVED,0.0,0,-inf
AMNoiseGaiJam,Identity,20.0,2017,UNIFIED_JSR_PASS,True,20.0,19.999999999999996,-3.552713678800501e-15,unified/pass,True,PASS,PASS,,0.0,0.0,0.0,0,0,0,0,0.0,TARGET_PRESERVED,0.0,0,-inf
AMNoiseGaiJam,Identity,20.0,2018,UNIFIED_JSR_PASS,True,20.0,20.0,0.0,unified/pass,True,PASS,PASS,,0.0,1.0,1.0,0,0,0,0,0.0,TARGET_PRESERVED,0.0,0,-inf
AMNoiseGaiJam,Identity,20.0,2019,UNIFIED_JSR_PASS,True,20.0,20.0,0.0,unified/pass,True,PASS,PASS,,0.0,0.0,0.0,1,1,1,1,0.0,TARGET_PRESERVED,0.0,0,-29.170878831868272
AMNoiseGaiJam,Identity,20.0,2020,UNIFIED_JSR_PASS,True,20.0,20.0,0.0,unified/pass,True,PASS,PASS,,0.0,0.0,0.0,0,0,0,0,0.0,TARGET_PRESERVED,0.0,0,-inf
AMNoiseGaiJam,Identity,20.0,2021,UNIFIED_JSR_PASS,True,20.0,20.0,0.0,unified/pass,True,PASS,PASS,,0.0,0.0,0.0,0,0,0,0,0.0,TARGET_PRESERVED,0.0,0,-inf
AMNoiseGaiJam,Identity,20.0,2022,UNIFIED_JSR_PASS,True,20.0,19.999999999999996,-3.552713678800501e-15,unified/pass,True,PASS,PASS,,0.0,0.0,0.0,0,0,1,1,0.0,TARGET_PRESERVED,0.0,0,-34.35011936805917
AMNoiseGaiJam,Identity,20.0,2023,UNIFIED_JSR_PASS,True,20.0,20.0,0.0,unified/pass,True,PASS,PASS,,0.0,1.0,1.0,1,1,0,0,0.0,TARGET_PRESERVED,0.0,0,-inf
AMNoiseGaiJam,Identity,20.0,2024,UNIFIED_JSR_PASS,True,20.0,20.0,0.0,unified/pass,True,PASS,PASS,,0.0,0.0,0.0,0,0,1,1,0.0,TARGET_PRESERVED,0.0,0,-35.37102131818312
AMNoiseGaiJam,Identity,20.0,2025,UNIFIED_JSR_PASS,True,20.0,20.0,0.0,unified/pass,True,PASS,PASS,,0.0,1.0,1.0,1,1,1,1,0.0,TARGET_PRESERVED,0.0,0,-32.059955834173664
AMNoiseGaiJam,Identity,20.0,2026,UNIFIED_JSR_PASS,True,20.0,20.0,0.0,unified/pass,True,PASS,PASS,,0.0,0.0,0.0,1,1,0,0,0.0,TARGET_PRESERVED,0.0,0,-inf
AMNoiseGaiJam,Identity,20.0,2027,UNIFIED_JSR_PASS,True,20.0,20.0,0.0,unified/pass,True,PASS,PASS,,0.0,0.0,0.0,1,1,2,2,0.0,TARGET_PRESERVED,0.0,0,-30.907965649965206
AMNoiseGaiJam,Identity,20.0,2028,UNIFIED_JSR_PASS,True,20.0,20.0,0.0,unified/pass,True,PASS,PASS,,0.0,1.0,1.0,0,0,2,2,0.0,TARGET_PRESERVED,0.0,0,-31.560496610044623
AMNoiseGaiJam,Identity,20.0,2029,UNIFIED_JSR_PASS,True,20.0,20.0,0.0,unified/pass,True,PASS,PASS,,0.0,0.0,0.0,0,0,0,0,0.0,TARGET_PRESERVED,0.0,0,-inf
AMNoiseGaiJam,Identity,30.0,2000,UNIFIED_JSR_PASS,True,30.0,30.0,0.0,unified/pass,True,PASS,PASS,,0.0,0.0,0.0,275,275,0,0,0.0,TARGET_PRESERVED,0.0,0,-inf
AMNoiseGaiJam,Identity,30.0,2001,UNIFIED_JSR_PASS,True,30.0,30.0,0.0,unified/pass,True,PASS,PASS,,0.0,0.0,0.0,270,270,0,0,0.0,TARGET_PRESERVED,0.0,0,-inf
AMNoiseGaiJam,Identity,30.0,2002,UNIFIED_JSR_PASS,True,30.0,30.0,0.0,unified/pass,True,PASS,PASS,,0.0,0.0,0.0,200,200,0,0,0.0,TARGET_PRESERVED,0.0,0,-inf
AMNoiseGaiJam,Identity,30.0,2003,UNIFIED_JSR_PASS,True,30.0,30.0,0.0,unified/pass,True,PASS,PASS,,0.0,0.0,0.0,309,309,2,2,0.0,TARGET_PRESERVED,0.0,0,-36.32685680077615
AMNoiseGaiJam,Identity,30.0,2004,UNIFIED_JSR_PASS,True,30.0,30.0,0.0,unified/pass,True,PASS,PASS,,0.0,0.0,0.0,345,345,0,0,0.0,TARGET_PRESERVED,0.0,0,-inf
AMNoiseGaiJam,Identity,30.0,2005,UNIFIED_JSR_PASS,True,30.0,30.0,0.0,unified/pass,True,PASS,PASS,,0.0,0.0,0.0,1,1,0,0,0.0,TARGET_PRESERVED,0.0,0,-inf
AMNoiseGaiJam,Identity,30.0,2006,UNIFIED_JSR_PASS,True,30.0,30.0,0.0,unified/pass,True,PASS,PASS,,0.0,0.0,0.0,458,458,1,1,0.0,TARGET_PRESERVED,0.0,0,-39.146646807699
AMNoiseGaiJam,Identity,30.0,2007,UNIFIED_JSR_PASS,True,30.0,30.0,0.0,unified/pass,True,PASS,PASS,,0.0,0.0,0.0,1,1,0,0,0.0,TARGET_PRESERVED,0.0,0,-inf
AMNoiseGaiJam,Identity,30.0,2008,UNIFIED_JSR_PASS,True,30.0,30.0,0.0,unified/pass,True,PASS,PASS,,0.0,0.0,0.0,245,245,0,0,0.0,TARGET_PRESERVED,0.0,0,-inf
AMNoiseGaiJam,Identity,30.0,2009,UNIFIED_JSR_PASS,True,30.0,30.0,0.0,unified/pass,True,PASS,PASS,,0.0,0.0,0.0,365,365,0,0,0.0,TARGET_PRESERVED,0.0,0,-inf
AMNoiseGaiJam,Identity,30.0,2010,UNIFIED_JSR_PASS,True,30.0,30.0,0.0,unified/pass,True,PASS,PASS,,0.0,0.0,0.0,0,0,0,0,0.0,TARGET_PRESERVED,0.0,0,-inf
AMNoiseGaiJam,Identity,30.0,2011,UNIFIED_JSR_PASS,True,30.0,30.0,0.0,unified/pass,True,PASS,PASS,,0.0,0.0,0.0,42,42,0,0,0.0,TARGET_PRESERVED,0.0,0,-inf
AMNoiseGaiJam,Identity,30.0,2012,UNIFIED_JSR_PASS,True,30.0,30.0,0.0,unified/pass,True,PASS,PASS,,0.0,0.0,0.0,341,341,0,0,0.0,TARGET_PRESERVED,0.0,0,-inf
AMNoiseGaiJam,Identity,30.0,2013,UNIFIED_JSR_PASS,True,30.0,30.0,0.0,unified/pass,True,PASS,PASS,,0.0,0.0,0.0,427,427,1,1,0.0,TARGET_PRESERVED,0.0,0,-37.25148982213651
AMNoiseGaiJam,Identity,30.0,2014,UNIFIED_JSR_PASS,True,30.0,30.0,0.0,unified/pass,True,PASS,PASS,,0.0,0.0,0.0,399,399,1,1,0.0,TARGET_PRESERVED,0.0,0,-inf
AMNoiseGaiJam,Identity,30.0,2015,UNIFIED_JSR_PASS,True,30.0,30.0,0.0,unified/pass,True,PASS,PASS,,0.0,0.0,0.0,196,196,0,0,0.0,TARGET_PRESERVED,0.0,0,-inf
AMNoiseGaiJam,Identity,30.0,2016,UNIFIED_JSR_PASS,True,30.0,30.0,0.0,unified/pass,True,PASS,PASS,,0.0,0.0,0.0,386,386,0,0,0.0,TARGET_PRESERVED,0.0,0,-inf
AMNoiseGaiJam,Identity,30.0,2017,UNIFIED_JSR_PASS,True,30.0,30.0,0.0,unified/pass,True,PASS,PASS,,0.0,0.0,0.0,0,0,0,0,0.0,TARGET_PRESERVED,0.0,0,-inf
AMNoiseGaiJam,Identity,30.0,2018,UNIFIED_JSR_PASS,True,30.0,30.0,0.0,unified/pass,True,PASS,PASS,,0.0,0.0,0.0,479,479,0,0,0.0,TARGET_PRESERVED,0.0,0,-inf
AMNoiseGaiJam,Identity,30.0,2019,UNIFIED_JSR_PASS,True,30.0,30.0,0.0,unified/pass,True,PASS,PASS,,0.0,0.0,0.0,454,454,1,1,0.0,TARGET_PRESERVED,0.0,0,-33.004260047974704
AMNoiseGaiJam,Identity,30.0,2020,UNIFIED_JSR_PASS,True,30.0,30.0,0.0,unified/pass,True,PASS,PASS,,0.0,0.0,0.0,172,172,0,0,0.0,TARGET_PRESERVED,0.0,0,-inf
AMNoiseGaiJam,Identity,30.0,2021,UNIFIED_JSR_PASS,True,30.0,30.0,0.0,unified/pass,True,PASS,PASS,,0.0,0.0,0.0,196,196,0,0,0.0,TARGET_PRESERVED,0.0,0,-inf
AMNoiseGaiJam,Identity,30.0,2022,UNIFIED_JSR_PASS,True,30.0,30.0,0.0,unified/pass,True,PASS,PASS,,0.0,0.0,0.0,0,0,1,1,0.0,TARGET_PRESERVED,0.0,0,-38.79121800094465
AMNoiseGaiJam,Identity,30.0,2023,UNIFIED_JSR_PASS,True,30.0,30.0,0.0,unified/pass,True,PASS,PASS,,0.0,0.0,0.0,379,379,0,0,0.0,TARGET_PRESERVED,0.0,0,-inf
AMNoiseGaiJam,Identity,30.0,2024,UNIFIED_JSR_PASS,True,30.0,30.0,0.0,unified/pass,True,PASS,PASS,,0.0,0.0,0.0,407,407,1,1,0.0,TARGET_PRESERVED,0.0,0,-39.008342555999164
AMNoiseGaiJam,Identity,30.0,2025,UNIFIED_JSR_PASS,True,30.0,30.0,0.0,unified/pass,True,PASS,PASS,,0.0,0.0,0.0,320,320,1,1,0.0,TARGET_PRESERVED,0.0,0,-35.63422237958156
AMNoiseGaiJam,Identity,30.0,2026,UNIFIED_JSR_PASS,True,30.0,30.0,0.0,unified/pass,True,PASS,PASS,,0.0,0.0,0.0,432,432,0,0,0.0,TARGET_PRESERVED,0.0,0,-inf
AMNoiseGaiJam,Identity,30.0,2027,UNIFIED_JSR_PASS,True,30.0,30.0,0.0,unified/pass,True,PASS,PASS,,0.0,0.0,0.0,439,439,2,2,0.0,TARGET_PRESERVED,0.0,0,-34.759485599154225
AMNoiseGaiJam,Identity,30.0,2028,UNIFIED_JSR_PASS,True,30.0,30.0,0.0,unified/pass,True,PASS,PASS,,0.0,0.0,0.0,492,492,2,2,0.0,TARGET_PRESERVED,0.0,0,-35.45914093618923
AMNoiseGaiJam,Identity,30.0,2029,UNIFIED_JSR_PASS,True,30.0,30.0,0.0,unified/pass,True,PASS,PASS,,0.0,0.0,0.0,494,494,0,0,0.0,TARGET_PRESERVED,0.0,0,-inf
AMNoiseGaiJam,WLN_p10_o6,10.0,2000,UNIFIED_JSR_PASS,True,10.0,10.0,0.0,unified/pass,True,PASS,PASS,,1.3438634058554442,1.0,1.0,0,0,0,0,2.8848812761919667,TARGET_PRESERVED,2.067207999061793,839257,-inf
AMNoiseGaiJam,WLN_p10_o6,10.0,2001,UNIFIED_JSR_PASS,True,10.0,10.0,0.0,unified/pass,True,PASS,PASS,,1.4272895770074427,1.0,1.0,0,0,0,0,2.8848812761919667,TARGET_PRESERVED,2.045333036221564,839303,-inf
AMNoiseGaiJam,WLN_p10_o6,10.0,2002,UNIFIED_JSR_PASS,True,10.0,10.0,0.0,unified/pass,True,PASS,PASS,,1.5098904705890703,1.0,1.0,0,0,0,0,2.8848812761919667,TARGET_PRESERVED,2.0568749750964344,839301,-inf
AMNoiseGaiJam,WLN_p10_o6,10.0,2003,UNIFIED_JSR_PASS,True,10.0,10.0,0.0,unified/pass,True,PASS,PASS,,1.3184277052147024,1.0,1.0,0,0,2,2,2.8848812761919667,TARGET_PRESERVED,2.0627910271286964,839248,-30.31389635337225
AMNoiseGaiJam,WLN_p10_o6,10.0,2004,UNIFIED_JSR_PASS,True,10.0,9.999999999999998,-1.7763568394002505e-15,unified/pass,True,PASS,PASS,,1.331705003993914,1.0,1.0,0,0,0,0,2.8848812761919667,TARGET_PRESERVED,2.08212505094707,839380,-inf
AMNoiseGaiJam,WLN_p10_o6,10.0,2005,UNIFIED_JSR_PASS,True,10.0,9.999999999999998,-1.7763568394002505e-15,unified/pass,True,PASS,PASS,,1.331187164546428,1.0,1.0,0,0,0,0,2.8848812761919667,TARGET_PRESERVED,2.087417000439018,839359,-inf
AMNoiseGaiJam,WLN_p10_o6,10.0,2006,UNIFIED_JSR_PASS,True,10.0,10.0,0.0,unified/pass,True,PASS,PASS,,1.3550869485333799,1.0,1.0,0,0,1,0,2.8848812761919667,TARGET_PRESERVED,2.0133330253884196,839257,-inf
AMNoiseGaiJam,WLN_p10_o6,10.0,2007,UNIFIED_JSR_PASS,True,10.0,10.0,0.0,unified/pass,True,PASS,PASS,,1.2148406697010223,1.0,1.0,0,0,0,0,2.8848812761919667,TARGET_PRESERVED,2.056957979220897,839419,-inf
AMNoiseGaiJam,WLN_p10_o6,10.0,2008,UNIFIED_JSR_PASS,True,10.0,10.000000000000002,1.7763568394002505e-15,unified/pass,True,PASS,PASS,,1.3300647771062906,1.0,1.0,0,0,0,1,2.8848812761919667,TARGET_PRESERVED,2.061458013486117,839421,-25.116373368718897
AMNoiseGaiJam,WLN_p10_o6,10.0,2009,UNIFIED_JSR_PASS,True,10.0,10.0,0.0,unified/pass,True,PASS,PASS,,1.470130476143261,1.0,1.0,0,0,0,0,2.8848812761919667,TARGET_PRESERVED,2.039374958258122,839305,-inf
AMNoiseGaiJam,WLN_p10_o6,10.0,2010,UNIFIED_JSR_PASS,True,10.0,10.0,0.0,unified/pass,True,PASS,PASS,,1.2359239814962102,1.0,1.0,0,1,0,0,2.8848812761919667,TARGET_PRESERVED,2.0875000045634806,839211,-inf
AMNoiseGaiJam,WLN_p10_o6,10.0,2011,UNIFIED_JSR_PASS,True,10.0,10.0,0.0,unified/pass,True,PASS,PASS,,1.218028722961808,1.0,1.0,0,0,0,0,2.8848812761919667,TARGET_PRESERVED,2.2820000303909183,839439,-inf
AMNoiseGaiJam,WLN_p10_o6,10.0,2012,UNIFIED_JSR_PASS,True,10.0,10.000000000000002,1.7763568394002505e-15,unified/pass,True,PASS,PASS,,1.3131827552984134,1.0,1.0,0,0,0,0,2.8848812761919667,TARGET_PRESERVED,2.322792017366737,839354,-inf
AMNoiseGaiJam,WLN_p10_o6,10.0,2013,UNIFIED_JSR_PASS,True,10.0,10.0,0.0,unified/pass,True,PASS,PASS,,1.5015632995115489,1.0,1.0,0,0,1,1,2.8848812761919667,TARGET_PRESERVED,2.0696670399047434,839211,-32.06710237100632
AMNoiseGaiJam,WLN_p10_o6,10.0,2014,UNIFIED_JSR_PASS,True,10.0,10.0,0.0,unified/pass,True,PASS,PASS,,1.4754182397224263,1.0,1.0,0,0,1,1,2.8848812761919667,TARGET_PRESERVED,2.0766249508596957,839281,-30.64368850563617
AMNoiseGaiJam,WLN_p10_o6,10.0,2015,UNIFIED_JSR_PASS,True,10.0,10.0,0.0,unified/pass,True,PASS,PASS,,1.1987364339794055,1.0,1.0,0,0,0,0,2.8848812761919667,TARGET_PRESERVED,2.0476250210776925,839236,-inf
AMNoiseGaiJam,WLN_p10_o6,10.0,2016,UNIFIED_JSR_PASS,True,10.0,10.0,0.0,unified/pass,True,PASS,PASS,,1.1903707825146235,1.0,1.0,0,0,0,0,2.8848812761919667,TARGET_PRESERVED,2.1880409913137555,839449,-inf
AMNoiseGaiJam,WLN_p10_o6,10.0,2017,UNIFIED_JSR_PASS,True,10.0,10.0,0.0,unified/pass,True,PASS,PASS,,1.2852225982189012,1.0,1.0,0,0,0,0,2.8848812761919667,TARGET_PRESERVED,2.1589159732684493,839497,-inf
AMNoiseGaiJam,WLN_p10_o6,10.0,2018,UNIFIED_JSR_PASS,True,10.0,10.0,0.0,unified/pass,True,PASS,PASS,,1.2064650747934458,1.0,1.0,0,0,0,0,2.8848812761919667,TARGET_PRESERVED,2.1755830384790897,839361,-inf
AMNoiseGaiJam,WLN_p10_o6,10.0,2019,UNIFIED_JSR_PASS,True,10.0,10.0,0.0,unified/pass,True,PASS,PASS,,1.3458983694326214,1.0,1.0,1,0,1,1,2.8848812761919667,TARGET_PRESERVED,2.4249160196632147,839313,-27.871213659979833
AMNoiseGaiJam,WLN_p10_o6,10.0,2020,UNIFIED_JSR_PASS,True,10.0,10.0,0.0,unified/pass,True,PASS,PASS,,1.4430168561303667,1.0,1.0,0,0,0,0,2.8848812761919667,TARGET_PRESERVED,2.064208034425974,839509,-inf
AMNoiseGaiJam,WLN_p10_o6,10.0,2021,UNIFIED_JSR_PASS,True,10.0,10.0,0.0,unified/pass,True,PASS,PASS,,1.4319091346386763,1.0,1.0,0,0,0,0,2.8848812761919667,TARGET_PRESERVED,2.3161249700933695,839312,-inf
AMNoiseGaiJam,WLN_p10_o6,10.0,2022,UNIFIED_JSR_PASS,True,10.0,10.0,0.0,unified/pass,True,PASS,PASS,,1.2475668723581315,1.0,1.0,0,0,1,1,2.8848812761919667,TARGET_PRESERVED,2.050124981906265,839444,-32.651834037927586
AMNoiseGaiJam,WLN_p10_o6,10.0,2023,UNIFIED_JSR_PASS,True,10.0,10.0,0.0,unified/pass,True,PASS,PASS,,1.2618518820701787,1.0,1.0,0,0,0,0,2.8848812761919667,TARGET_PRESERVED,2.118124975822866,839421,-inf
AMNoiseGaiJam,WLN_p10_o6,10.0,2024,UNIFIED_JSR_PASS,True,10.0,10.0,0.0,unified/pass,True,PASS,PASS,,1.499210148595619,1.0,1.0,0,0,1,1,2.8848812761919667,TARGET_PRESERVED,2.3346670204773545,839315,-34.05583203549793
AMNoiseGaiJam,WLN_p10_o6,10.0,2025,UNIFIED_JSR_PASS,True,10.0,10.0,0.0,unified/pass,True,PASS,PASS,,1.4086568428993544,1.0,1.0,0,0,1,1,2.8848812761919667,TARGET_PRESERVED,2.1042919834144413,839514,-30.770581414557757
AMNoiseGaiJam,WLN_p10_o6,10.0,2026,UNIFIED_JSR_PASS,True,10.0,10.0,0.0,unified/pass,True,PASS,PASS,,1.4665854143941424,1.0,1.0,0,0,0,0,2.8848812761919667,TARGET_PRESERVED,2.3355410085059702,839523,-inf
AMNoiseGaiJam,WLN_p10_o6,10.0,2027,UNIFIED_JSR_PASS,True,10.0,10.0,0.0,unified/pass,True,PASS,PASS,,1.4775271343598284,1.0,1.0,0,0,2,2,2.8848812761919667,TARGET_PRESERVED,2.1249160054139793,839211,-29.62815707874522
AMNoiseGaiJam,WLN_p10_o6,10.0,2028,UNIFIED_JSR_PASS,True,10.0,10.0,0.0,unified/pass,True,PASS,PASS,,1.3964739017155097,1.0,1.0,0,0,2,2,2.8848812761919667,TARGET_PRESERVED,2.0522080012597144,839320,-30.153923532663033
AMNoiseGaiJam,WLN_p10_o6,10.0,2029,UNIFIED_JSR_PASS,True,10.0,10.0,0.0,unified/pass,True,PASS,PASS,,1.3343013141358036,1.0,1.0,0,0,0,1,2.8848812761919667,TARGET_PRESERVED,2.053125004749745,839511,-31.19727609642897
AMNoiseGaiJam,WLN_p10_o6,20.0,2000,UNIFIED_JSR_PASS,True,20.0,20.0,0.0,unified/pass,True,PASS,PASS,,1.9930691621761287,0.0,1.0,0,1,0,0,2.8848812761919667,TARGET_PRESERVED,2.144416037481278,839344,-inf
AMNoiseGaiJam,WLN_p10_o6,20.0,2001,UNIFIED_JSR_PASS,True,20.0,20.0,0.0,unified/pass,True,PASS,PASS,,1.93549308394552,0.0,1.0,1,1,0,0,2.8848812761919667,TARGET_PRESERVED,2.399332995992154,839349,-inf
AMNoiseGaiJam,WLN_p10_o6,20.0,2002,UNIFIED_JSR_PASS,True,20.0,20.0,0.0,unified/pass,True,PASS,PASS,,2.099329928631253,0.0,1.0,1,1,0,0,2.8848812761919667,TARGET_PRESERVED,2.0877919741906226,839305,-inf
AMNoiseGaiJam,WLN_p10_o6,20.0,2003,UNIFIED_JSR_PASS,True,20.0,20.0,0.0,unified/pass,True,PASS,PASS,,1.552257490364699,0.0,0.0,0,0,2,2,2.8848812761919667,TARGET_PRESERVED,2.2015420254319906,839216,-32.65386169250098
AMNoiseGaiJam,WLN_p10_o6,20.0,2004,UNIFIED_JSR_PASS,True,20.0,19.999999999999996,-3.552713678800501e-15,unified/pass,True,PASS,PASS,,2.1750030273628926,0.0,0.0,0,0,0,0,2.8848812761919667,TARGET_PRESERVED,2.279000007547438,839287,-inf
AMNoiseGaiJam,WLN_p10_o6,20.0,2005,UNIFIED_JSR_PASS,True,20.0,19.999999999999996,-3.552713678800501e-15,unified/pass,True,PASS,PASS,,1.8143752679696128,1.0,1.0,1,1,0,0,2.8848812761919667,TARGET_PRESERVED,2.082584018353373,839306,-inf
AMNoiseGaiJam,WLN_p10_o6,20.0,2006,UNIFIED_JSR_PASS,True,20.0,20.0,0.0,unified/pass,True,PASS,PASS,,2.1193853844154447,0.0,0.0,0,0,1,1,2.8848812761919667,TARGET_PRESERVED,2.408791973721236,839396,-36.13645991058339
AMNoiseGaiJam,WLN_p10_o6,20.0,2007,UNIFIED_JSR_PASS,True,20.0,20.0,0.0,unified/pass,True,PASS,PASS,,1.709683467378749,0.0,1.0,1,1,0,0,2.8848812761919667,TARGET_PRESERVED,2.0899169612675905,839616,-inf
AMNoiseGaiJam,WLN_p10_o6,20.0,2008,UNIFIED_JSR_PASS,True,20.0,20.0,0.0,unified/pass,True,PASS,PASS,,2.0199081470852605,0.0,0.0,1,1,0,0,2.8848812761919667,TARGET_PRESERVED,2.143832971341908,839308,-inf
AMNoiseGaiJam,WLN_p10_o6,20.0,2009,UNIFIED_JSR_PASS,True,20.0,20.0,0.0,unified/pass,True,PASS,PASS,,2.45277779336217,0.0,0.0,1,1,0,0,2.8848812761919667,TARGET_PRESERVED,2.242332964669913,839451,-inf
AMNoiseGaiJam,WLN_p10_o6,20.0,2010,UNIFIED_JSR_PASS,True,20.0,20.0,0.0,unified/pass,True,PASS,PASS,,1.5857184002557005,0.0,1.0,1,1,0,0,2.8848812761919667,TARGET_PRESERVED,2.196167013607919,839359,-inf
AMNoiseGaiJam,WLN_p10_o6,20.0,2011,UNIFIED_JSR_PASS,True,20.0,20.0,0.0,unified/pass,True,PASS,PASS,,1.893640875866346,1.0,1.0,1,1,0,0,2.8848812761919667,TARGET_PRESERVED,2.4465000024065375,839405,-inf
AMNoiseGaiJam,WLN_p10_o6,20.0,2012,UNIFIED_JSR_PASS,True,20.0,20.0,0.0,unified/pass,True,PASS,PASS,,1.985256408429791,0.0,1.0,0,0,0,0,2.8848812761919667,TARGET_PRESERVED,2.068250032607466,839313,-inf
AMNoiseGaiJam,WLN_p10_o6,20.0,2013,UNIFIED_JSR_PASS,True,20.0,20.0,0.0,unified/pass,True,PASS,PASS,,2.3216886028655512,0.0,1.0,0,0,1,1,2.8848812761919667,TARGET_PRESERVED,2.094209019560367,839313,-34.03830994553378
AMNoiseGaiJam,WLN_p10_o6,20.0,2014,UNIFIED_JSR_PASS,True,20.0,20.0,0.0,unified/pass,True,PASS,PASS,,2.089455288409763,0.0,0.0,1,1,1,1,2.8848812761919667,TARGET_PRESERVED,2.0686250063590705,839429,-32.770533431703484
AMNoiseGaiJam,WLN_p10_o6,20.0,2015,UNIFIED_JSR_PASS,True,20.0,20.0,0.0,unified/pass,True,PASS,PASS,,1.7176447982826737,0.0,0.0,0,0,0,0,2.8848812761919667,TARGET_PRESERVED,2.080957987345755,839338,-inf
AMNoiseGaiJam,WLN_p10_o6,20.0,2016,UNIFIED_JSR_PASS,True,20.0,20.0,0.0,unified/pass,True,PASS,PASS,,1.739998167532157,1.0,1.0,1,1,0,0,2.8848812761919667,TARGET_PRESERVED,2.3969580070115626,839446,-inf
AMNoiseGaiJam,WLN_p10_o6,20.0,2017,UNIFIED_JSR_PASS,True,20.0,19.999999999999996,-3.552713678800501e-15,unified/pass,True,PASS,PASS,,1.7082573643425611,0.0,1.0,0,1,0,0,2.8848812761919667,TARGET_PRESERVED,2.146499988157302,839558,-inf
AMNoiseGaiJam,WLN_p10_o6,20.0,2018,UNIFIED_JSR_PASS,True,20.0,20.0,0.0,unified/pass,True,PASS,PASS,,1.8163101621926891,1.0,1.0,0,0,0,0,2.8848812761919667,TARGET_PRESERVED,2.3467089631594718,839550,-inf
AMNoiseGaiJam,WLN_p10_o6,20.0,2019,UNIFIED_JSR_PASS,True,20.0,20.0,0.0,unified/pass,True,PASS,PASS,,1.7462562536301256,0.0,0.0,1,1,1,1,2.8848812761919667,TARGET_PRESERVED,2.1332919714041054,839451,-29.76027819527626
AMNoiseGaiJam,WLN_p10_o6,20.0,2020,UNIFIED_JSR_PASS,True,20.0,20.0,0.0,unified/pass,True,PASS,PASS,,2.2842305440689508,0.0,0.0,0,0,0,0,2.8848812761919667,TARGET_PRESERVED,2.141667006071657,839725,-inf
AMNoiseGaiJam,WLN_p10_o6,20.0,2021,UNIFIED_JSR_PASS,True,20.0,20.0,0.0,unified/pass,True,PASS,PASS,,1.980745589937241,0.0,1.0,0,0,0,0,2.8848812761919667,TARGET_PRESERVED,2.302542037796229,839492,-inf
AMNoiseGaiJam,WLN_p10_o6,20.0,2022,UNIFIED_JSR_PASS,True,20.0,19.999999999999996,-3.552713678800501e-15,unified/pass,True,PASS,PASS,,1.7228287911827778,0.0,0.0,0,1,1,1,2.8848812761919667,TARGET_PRESERVED,2.1947089699096978,839998,-35.00965587153351
AMNoiseGaiJam,WLN_p10_o6,20.0,2023,UNIFIED_JSR_PASS,True,20.0,20.0,0.0,unified/pass,True,PASS,PASS,,1.8005109270713788,1.0,1.0,1,1,0,0,2.8848812761919667,TARGET_PRESERVED,2.4087080382741988,839884,-inf
AMNoiseGaiJam,WLN_p10_o6,20.0,2024,UNIFIED_JSR_PASS,True,20.0,20.0,0.0,unified/pass,True,PASS,PASS,,2.2183143408793633,0.0,0.0,0,0,1,1,2.8848812761919667,TARGET_PRESERVED,2.081542043015361,839498,-35.968104983135675
AMNoiseGaiJam,WLN_p10_o6,20.0,2025,UNIFIED_JSR_PASS,True,20.0,20.0,0.0,unified/pass,True,PASS,PASS,,1.9035451483414043,1.0,1.0,1,0,1,1,2.8848812761919667,TARGET_PRESERVED,2.217667002696544,839778,-32.683113594584334
AMNoiseGaiJam,WLN_p10_o6,20.0,2026,UNIFIED_JSR_PASS,True,20.0,20.0,0.0,unified/pass,True,PASS,PASS,,2.2622148665397717,0.0,0.0,1,1,0,0,2.8848812761919667,TARGET_PRESERVED,2.2281670244410634,839783,-inf
AMNoiseGaiJam,WLN_p10_o6,20.0,2027,UNIFIED_JSR_PASS,True,20.0,20.0,0.0,unified/pass,True,PASS,PASS,,1.959937632725822,0.0,0.0,1,1,2,2,2.8848812761919667,TARGET_PRESERVED,2.054166980087757,839774,-31.478499105502475
AMNoiseGaiJam,WLN_p10_o6,20.0,2028,UNIFIED_JSR_PASS,True,20.0,20.0,0.0,unified/pass,True,PASS,PASS,,2.112795897633557,1.0,1.0,0,0,2,2,2.8848812761919667,TARGET_PRESERVED,2.0962909911759198,839385,-32.16071800542383
AMNoiseGaiJam,WLN_p10_o6,20.0,2029,UNIFIED_JSR_PASS,True,20.0,20.0,0.0,unified/pass,True,PASS,PASS,,2.0895555804548245,0.0,0.0,0,0,0,0,2.8848812761919667,TARGET_PRESERVED,2.0613750093616545,839280,-inf
AMNoiseGaiJam,WLN_p10_o6,30.0,2000,UNIFIED_JSR_PASS,True,30.0,30.0,0.0,unified/pass,True,PASS,PASS,,1.6529812572622316,0.0,0.0,275,1,0,0,2.8848812761919667,TARGET_PRESERVED,2.0534999785013497,839410,-inf
AMNoiseGaiJam,WLN_p10_o6,30.0,2001,UNIFIED_JSR_PASS,True,30.0,30.0,0.0,unified/pass,True,PASS,PASS,,1.3178300310521553,0.0,0.0,270,1,0,0,2.8848812761919667,TARGET_PRESERVED,2.0842079538851976,839449,-inf
AMNoiseGaiJam,WLN_p10_o6,30.0,2002,UNIFIED_JSR_PASS,True,30.0,30.0,0.0,unified/pass,True,PASS,PASS,,1.7193868013031555,0.0,0.0,200,1,0,0,2.8848812761919667,TARGET_PRESERVED,2.0412500016391277,839363,-inf
AMNoiseGaiJam,WLN_p10_o6,30.0,2003,UNIFIED_JSR_PASS,True,30.0,30.0,0.0,unified/pass,True,PASS,PASS,,0.8009451162856607,0.0,0.0,309,0,2,2,2.8848812761919667,TARGET_PRESERVED,2.039375016465783,839709,-37.17116547950911
AMNoiseGaiJam,WLN_p10_o6,30.0,2004,UNIFIED_JSR_PASS,True,30.0,30.0,0.0,unified/pass,True,PASS,PASS,,1.8689491121572033,0.0,0.0,345,345,0,0,2.8848812761919667,TARGET_PRESERVED,2.3139999830164015,839433,-inf
AMNoiseGaiJam,WLN_p10_o6,30.0,2005,UNIFIED_JSR_PASS,True,30.0,30.0,0.0,unified/pass,True,PASS,PASS,,1.335409703211802,0.0,0.0,1,1,0,0,2.8848812761919667,TARGET_PRESERVED,2.0777920144610107,839354,-inf
AMNoiseGaiJam,WLN_p10_o6,30.0,2006,UNIFIED_JSR_PASS,True,30.0,30.0,0.0,unified/pass,True,PASS,PASS,,1.9309321639788415,0.0,0.0,458,458,1,1,2.8848812761919667,TARGET_PRESERVED,2.0299580064602196,839216,-39.79351274746037
AMNoiseGaiJam,WLN_p10_o6,30.0,2007,UNIFIED_JSR_PASS,True,30.0,30.0,0.0,unified/pass,True,PASS,PASS,,1.1403318908589952,0.0,0.0,1,1,0,0,2.8848812761919667,TARGET_PRESERVED,2.1187500096857548,839336,-inf
AMNoiseGaiJam,WLN_p10_o6,30.0,2008,UNIFIED_JSR_PASS,True,30.0,30.0,0.0,unified/pass,True,PASS,PASS,,1.6974614459881519,0.0,0.0,245,1,0,0,2.8848812761919667,TARGET_PRESERVED,2.057833014987409,839354,-inf
AMNoiseGaiJam,WLN_p10_o6,30.0,2009,UNIFIED_JSR_PASS,True,30.0,30.0,0.0,unified/pass,True,PASS,PASS,,2.5758732380911606,0.0,0.0,365,1,0,0,2.8848812761919667,TARGET_PRESERVED,2.0569590269587934,839245,-inf
AMNoiseGaiJam,WLN_p10_o6,30.0,2010,UNIFIED_JSR_PASS,True,30.0,30.0,0.0,unified/pass,True,PASS,PASS,,0.8056188504369466,0.0,0.0,0,1,0,0,2.8848812761919667,TARGET_PRESERVED,2.113749971613288,839104,-inf
AMNoiseGaiJam,WLN_p10_o6,30.0,2011,UNIFIED_JSR_PASS,True,30.0,30.0,0.0,unified/pass,True,PASS,PASS,,1.4743290855265947,0.0,0.0,42,1,0,0,2.8848812761919667,TARGET_PRESERVED,2.0446249982342124,839249,-inf
AMNoiseGaiJam,WLN_p10_o6,30.0,2012,UNIFIED_JSR_PASS,True,30.0,30.0,0.0,unified/pass,True,PASS,PASS,,1.6143177540438032,0.0,0.0,341,0,0,0,2.8848812761919667,TARGET_PRESERVED,2.0495830103754997,839796,-inf
AMNoiseGaiJam,WLN_p10_o6,30.0,2013,UNIFIED_JSR_PASS,True,30.0,30.0,0.0,unified/pass,True,PASS,PASS,,1.9795635995272534,0.0,0.0,427,0,1,1,2.8848812761919667,TARGET_PRESERVED,2.023375011049211,839677,-37.94502269687753
AMNoiseGaiJam,WLN_p10_o6,30.0,2014,UNIFIED_JSR_PASS,True,30.0,30.0,0.0,unified/pass,True,PASS,PASS,,1.5181130362458415,0.0,0.0,399,386,1,0,2.8848812761919667,TARGET_PRESERVED,2.0724170026369393,839635,-inf
AMNoiseGaiJam,WLN_p10_o6,30.0,2015,UNIFIED_JSR_PASS,True,30.0,30.0,0.0,unified/pass,True,PASS,PASS,,0.9023240519695737,0.0,0.0,196,1,0,0,2.8848812761919667,TARGET_PRESERVED,2.092582988552749,839887,-inf
AMNoiseGaiJam,WLN_p10_o6,30.0,2016,UNIFIED_JSR_PASS,True,30.0,30.0,0.0,unified/pass,True,PASS,PASS,,1.1669461244041113,0.0,0.0,386,1,0,0,2.8848812761919667,TARGET_PRESERVED,2.0424589747563004,839669,-inf
AMNoiseGaiJam,WLN_p10_o6,30.0,2017,UNIFIED_JSR_PASS,True,30.0,30.0,0.0,unified/pass,True,PASS,PASS,,1.0732070253304506,0.0,0.0,0,1,0,0,2.8848812761919667,TARGET_PRESERVED,2.0787090179510415,839650,-inf
AMNoiseGaiJam,WLN_p10_o6,30.0,2018,UNIFIED_JSR_PASS,True,30.0,30.0,0.0,unified/pass,True,PASS,PASS,,1.4053096856060563,0.0,0.0,479,0,0,0,2.8848812761919667,TARGET_PRESERVED,2.096957992762327,839208,-inf
AMNoiseGaiJam,WLN_p10_o6,30.0,2019,UNIFIED_JSR_PASS,True,30.0,30.0,0.0,unified/pass,True,PASS,PASS,,1.0074924062129629,0.0,0.0,454,454,1,1,2.8848812761919667,TARGET_PRESERVED,2.0622079609893262,839459,-33.75769379064427
AMNoiseGaiJam,WLN_p10_o6,30.0,2020,UNIFIED_JSR_PASS,True,30.0,30.0,0.0,unified/pass,True,PASS,PASS,,1.7939036904396684,0.0,0.0,172,0,0,0,2.8848812761919667,TARGET_PRESERVED,2.0668329671025276,839426,-inf
AMNoiseGaiJam,WLN_p10_o6,30.0,2021,UNIFIED_JSR_PASS,True,30.0,30.0,0.0,unified/pass,True,PASS,PASS,,1.5123389800652802,0.0,0.0,196,1,0,0,2.8848812761919667,TARGET_PRESERVED,2.08191602723673,839203,-inf
AMNoiseGaiJam,WLN_p10_o6,30.0,2022,UNIFIED_JSR_PASS,True,30.0,30.0,0.0,unified/pass,True,PASS,PASS,,1.1944214888148963,0.0,0.0,0,1,1,1,2.8848812761919667,TARGET_PRESERVED,2.0223750034347177,839554,-39.593226197283414
AMNoiseGaiJam,WLN_p10_o6,30.0,2023,UNIFIED_JSR_PASS,True,30.0,30.0,0.0,unified/pass,True,PASS,PASS,,1.1301997153362109,0.0,0.0,379,379,0,0,2.8848812761919667,TARGET_PRESERVED,2.075541007798165,839428,-inf
AMNoiseGaiJam,WLN_p10_o6,30.0,2024,UNIFIED_JSR_PASS,True,30.0,30.0,0.0,unified/pass,True,PASS,PASS,,1.9587307075009441,0.0,0.0,407,407,1,1,2.8848812761919667,TARGET_PRESERVED,2.0798330078832805,839243,-39.69213843365021
AMNoiseGaiJam,WLN_p10_o6,30.0,2025,UNIFIED_JSR_PASS,True,30.0,30.0,0.0,unified/pass,True,PASS,PASS,,1.3246094209600514,0.0,0.0,320,319,1,1,2.8848812761919667,TARGET_PRESERVED,2.06995802000165,839274,-36.374511326663274
AMNoiseGaiJam,WLN_p10_o6,30.0,2026,UNIFIED_JSR_PASS,True,30.0,30.0,0.0,unified/pass,True,PASS,PASS,,2.0463592991118205,0.0,0.0,432,1,0,0,2.8848812761919667,TARGET_PRESERVED,2.060708007775247,839275,-inf
AMNoiseGaiJam,WLN_p10_o6,30.0,2027,UNIFIED_JSR_PASS,True,30.0,30.0,0.0,unified/pass,True,PASS,PASS,,1.2997476534922736,0.0,0.0,439,0,2,2,2.8848812761919667,TARGET_PRESERVED,2.049917005933821,839116,-35.50127618658253
AMNoiseGaiJam,WLN_p10_o6,30.0,2028,UNIFIED_JSR_PASS,True,30.0,30.0,0.0,unified/pass,True,PASS,PASS,,1.8126196520588795,0.0,0.0,492,0,2,2,2.8848812761919667,TARGET_PRESERVED,2.0654999534599483,839888,-36.17257396184573
AMNoiseGaiJam,WLN_p10_o6,30.0,2029,UNIFIED_JSR_PASS,True,30.0,30.0,0.0,unified/pass,True,PASS,PASS,,1.8010227439657047,0.0,0.0,494,1,0,0,2.8848812761919667,TARGET_PRESERVED,2.1104160114191473,839479,-inf
FMNoiseAimedJam,Current_WLN,10.0,2000,UNIFIED_JSR_PASS,True,10.0,10.0,0.0,unified/pass,True,PASS,PASS,,1.496983332069064,1.0,0.0,0,0,0,0,1.7542552869168084,TARGET_PRESERVED,2.116624964401126,839780,-inf
FMNoiseAimedJam,Current_WLN,10.0,2001,UNIFIED_JSR_PASS,True,10.0,9.999999999999998,-1.7763568394002505e-15,unified/pass,True,PASS,PASS,,1.6868084925683,1.0,0.0,0,0,0,0,1.7542552869168084,TARGET_PRESERVED,2.074040996376425,839388,-inf
FMNoiseAimedJam,Current_WLN,10.0,2002,UNIFIED_JSR_PASS,True,10.0,10.0,0.0,unified/pass,True,PASS,PASS,,2.000441864652558,1.0,0.0,1,2,1,0,1.7542552869168084,TARGET_PRESERVED,2.048624970484525,839148,-inf
FMNoiseAimedJam,Current_WLN,10.0,2003,UNIFIED_JSR_PASS,True,10.0,10.0,0.0,unified/pass,True,PASS,PASS,,1.3568442408404913,1.0,1.0,0,0,0,0,1.7542552869168084,TARGET_PRESERVED,2.1758749498985708,839416,-inf
FMNoiseAimedJam,Current_WLN,10.0,2004,UNIFIED_JSR_PASS,True,10.0,9.999999999999998,-1.7763568394002505e-15,unified/pass,True,PASS,PASS,,1.4050773355032113,0.0,0.0,1,0,0,0,1.7542552869168084,TARGET_PRESERVED,2.103499951772392,839351,-inf
FMNoiseAimedJam,Current_WLN,10.0,2005,UNIFIED_JSR_PASS,True,10.0,10.0,0.0,unified/pass,True,PASS,PASS,,1.962002396737585,0.0,0.0,0,1,0,0,1.7542552869168084,TARGET_PRESERVED,2.0595419919118285,839208,-inf
FMNoiseAimedJam,Current_WLN,10.0,2006,UNIFIED_JSR_PASS,True,10.0,10.0,0.0,unified/pass,True,PASS,PASS,,1.4446040318579492,1.0,1.0,1,1,2,1,1.7542552869168084,TARGET_PRESERVED,2.0854169852100313,839206,-27.713728184209447
FMNoiseAimedJam,Current_WLN,10.0,2007,UNIFIED_JSR_PASS,True,10.0,9.999999999999998,-1.7763568394002505e-15,unified/pass,True,PASS,PASS,,1.5194450140003113,1.0,0.0,1,1,1,1,1.7542552869168084,TARGET_PRESERVED,2.0852499874308705,839322,-23.7401803774004
FMNoiseAimedJam,Current_WLN,10.0,2008,UNIFIED_JSR_PASS,True,10.0,10.0,0.0,unified/pass,True,PASS,PASS,,1.2228012958313847,1.0,1.0,1,1,0,0,1.7542552869168084,TARGET_PRESERVED,2.0977919921278954,839562,-inf
FMNoiseAimedJam,Current_WLN,10.0,2009,UNIFIED_JSR_PASS,True,10.0,10.000000000000002,1.7763568394002505e-15,unified/pass,True,PASS,PASS,,1.4384373265038413,1.0,0.0,0,1,0,0,1.7542552869168084,TARGET_PRESERVED,2.1037919796071947,839356,-inf
FMNoiseAimedJam,Current_WLN,10.0,2010,UNIFIED_JSR_PASS,True,10.0,10.0,0.0,unified/pass,True,PASS,PASS,,1.3255492931797512,1.0,1.0,0,0,0,0,1.7542552869168084,TARGET_PRESERVED,2.0597500260919333,839213,-inf
FMNoiseAimedJam,Current_WLN,10.0,2011,UNIFIED_JSR_PASS,True,10.0,10.0,0.0,unified/pass,True,PASS,PASS,,1.3093623310956204,1.0,1.0,1,1,0,0,1.7542552869168084,TARGET_PRESERVED,2.088082954287529,839449,-inf
FMNoiseAimedJam,Current_WLN,10.0,2012,UNIFIED_JSR_PASS,True,10.0,10.0,0.0,unified/pass,True,PASS,PASS,,1.4127119481495072,1.0,0.0,0,0,1,1,1.7542552869168084,TARGET_PRESERVED,2.1871249773539603,839493,-28.16093917085101
FMNoiseAimedJam,Current_WLN,10.0,2013,UNIFIED_JSR_PASS,True,10.0,10.0,0.0,unified/pass,True,PASS,PASS,,1.1310788110853451,1.0,1.0,1,1,0,0,1.7542552869168084,TARGET_PRESERVED,2.107582986354828,839558,-inf
FMNoiseAimedJam,Current_WLN,10.0,2014,UNIFIED_JSR_PASS,True,10.0,10.0,0.0,unified/pass,True,PASS,PASS,,1.6501755789229726,0.0,0.0,1,1,1,1,1.7542552869168084,TARGET_PRESERVED,2.049041970167309,839354,-26.32897851290476
FMNoiseAimedJam,Current_WLN,10.0,2015,UNIFIED_JSR_PASS,True,10.0,10.0,0.0,unified/pass,True,PASS,PASS,,1.2731021185945792,0.0,0.0,0,0,0,0,1.7542552869168084,TARGET_PRESERVED,2.0579170086421072,839382,-inf
FMNoiseAimedJam,Current_WLN,10.0,2016,UNIFIED_JSR_PASS,True,10.0,10.000000000000002,1.7763568394002505e-15,unified/pass,True,PASS,PASS,,1.1851963918792237,1.0,1.0,0,0,0,0,1.7542552869168084,TARGET_PRESERVED,2.0474999910220504,839405,-inf
FMNoiseAimedJam,Current_WLN,10.0,2017,UNIFIED_JSR_PASS,True,10.0,10.0,0.0,unified/pass,True,PASS,PASS,,1.5345426106626832,1.0,1.0,1,1,0,0,1.7542552869168084,TARGET_PRESERVED,2.0962500129826367,839402,-inf
FMNoiseAimedJam,Current_WLN,10.0,2018,UNIFIED_JSR_PASS,True,10.0,9.999999999999998,-1.7763568394002505e-15,unified/pass,True,PASS,PASS,,1.5593952376414464,1.0,1.0,2,2,0,0,1.7542552869168084,TARGET_PRESERVED,2.0817500189878047,839261,-inf
FMNoiseAimedJam,Current_WLN,10.0,2019,UNIFIED_JSR_PASS,True,10.0,9.999999999999998,-1.7763568394002505e-15,unified/pass,True,PASS,PASS,,1.6599112678740546,1.0,1.0,0,1,1,1,1.7542552869168084,TARGET_PRESERVED,2.0710420212708414,839408,-29.865639325424276
FMNoiseAimedJam,Current_WLN,10.0,2020,UNIFIED_JSR_PASS,True,10.0,10.0,0.0,unified/pass,True,PASS,PASS,,1.5175884951591136,1.0,1.0,1,1,2,1,1.7542552869168084,TARGET_PRESERVED,2.064791973680258,839237,-29.087220807700184
FMNoiseAimedJam,Current_WLN,10.0,2021,UNIFIED_JSR_PASS,True,10.0,10.0,0.0,unified/pass,True,PASS,PASS,,1.5414605282694929,1.0,0.0,1,1,0,0,1.7542552869168084,TARGET_PRESERVED,2.0734170102514327,839426,-inf
FMNoiseAimedJam,Current_WLN,10.0,2022,UNIFIED_JSR_PASS,True,10.0,10.0,0.0,unified/pass,True,PASS,PASS,,1.3218975875545382,1.0,0.0,1,1,1,2,1.7542552869168084,TARGET_PRESERVED,2.0453750039450824,839220,-29.340277187974525
FMNoiseAimedJam,Current_WLN,10.0,2023,UNIFIED_JSR_PASS,True,10.0,10.0,0.0,unified/pass,True,PASS,PASS,,1.0863921096181244,0.0,1.0,1,1,0,0,1.7542552869168084,TARGET_PRESERVED,2.096957992762327,839535,-inf
FMNoiseAimedJam,Current_WLN,10.0,2024,UNIFIED_JSR_PASS,True,10.0,10.0,0.0,unified/pass,True,PASS,PASS,,1.5573567644053803,1.0,1.0,1,1,0,1,1.7542552869168084,TARGET_PRESERVED,2.065583015792072,839361,-31.62864743181582
FMNoiseAimedJam,Current_WLN,10.0,2025,UNIFIED_JSR_PASS,True,10.0,10.0,0.0,unified/pass,True,PASS,PASS,,1.4958526495727327,1.0,0.0,0,1,1,0,1.7542552869168084,TARGET_PRESERVED,2.027584007009864,839369,-inf
FMNoiseAimedJam,Current_WLN,10.0,2026,UNIFIED_JSR_PASS,True,10.0,9.999999999999998,-1.7763568394002505e-15,unified/pass,True,PASS,PASS,,1.4111312355265149,1.0,1.0,0,0,0,1,1.7542552869168084,TARGET_PRESERVED,2.127917017787695,839331,-29.33637609201086
FMNoiseAimedJam,Current_WLN,10.0,2027,UNIFIED_JSR_PASS,True,10.0,10.0,0.0,unified/pass,True,PASS,PASS,,1.6400185567217633,1.0,1.0,0,0,0,0,1.7542552869168084,TARGET_PRESERVED,2.065958979073912,839451,-inf
FMNoiseAimedJam,Current_WLN,10.0,2028,UNIFIED_JSR_PASS,True,10.0,10.0,0.0,unified/pass,True,PASS,PASS,,1.252405245223997,1.0,1.0,0,0,0,0,1.7542552869168084,TARGET_PRESERVED,2.1101669990457594,839444,-inf
FMNoiseAimedJam,Current_WLN,10.0,2029,UNIFIED_JSR_PASS,True,10.0,9.999999999999998,-1.7763568394002505e-15,unified/pass,True,PASS,PASS,,1.5025772266010158,1.0,1.0,1,1,0,0,1.7542552869168084,TARGET_PRESERVED,2.1230419515632093,839400,-inf
FMNoiseAimedJam,Current_WLN,20.0,2000,UNIFIED_JSR_PASS,True,20.0,20.0,0.0,unified/pass,True,PASS,PASS,,2.9854428553479337,0.0,0.0,249,249,0,0,1.7542552869168084,TARGET_PRESERVED,2.4209169787354767,839458,-inf
FMNoiseAimedJam,Current_WLN,20.0,2001,UNIFIED_JSR_PASS,True,20.0,20.0,0.0,unified/pass,True,PASS,PASS,,4.416441765239886,0.0,0.0,608,608,0,0,1.7542552869168084,TARGET_PRESERVED,2.251333964522928,839500,-inf
FMNoiseAimedJam,Current_WLN,20.0,2002,UNIFIED_JSR_PASS,True,20.0,20.0,0.0,unified/pass,True,PASS,PASS,,3.146074465470841,0.0,0.0,462,463,1,1,1.7542552869168084,TARGET_PRESERVED,2.230833051726222,839267,-30.129594075107825
FMNoiseAimedJam,Current_WLN,20.0,2003,UNIFIED_JSR_PASS,True,20.0,20.0,0.0,unified/pass,True,PASS,PASS,,2.1396884837340266,0.0,0.0,72,0,0,0,1.7542552869168084,TARGET_PRESERVED,2.0719169988296926,839433,-inf
FMNoiseAimedJam,Current_WLN,20.0,2004,UNIFIED_JSR_PASS,True,20.0,20.0,0.0,unified/pass,True,PASS,PASS,,2.1697439660771867,0.0,0.0,15,1,0,0,1.7542552869168084,TARGET_PRESERVED,2.0713339908979833,839271,-inf
FMNoiseAimedJam,Current_WLN,20.0,2005,UNIFIED_JSR_PASS,True,20.0,19.999999999999996,-3.552713678800501e-15,unified/pass,True,PASS,PASS,,3.105154823187565,0.0,0.0,418,419,0,0,1.7542552869168084,TARGET_PRESERVED,2.1308750146999955,839317,-inf
FMNoiseAimedJam,Current_WLN,20.0,2006,UNIFIED_JSR_PASS,True,20.0,20.0,0.0,unified/pass,True,PASS,PASS,,2.3635785224903234,0.0,0.0,417,3,1,1,1.7542552869168084,TARGET_PRESERVED,2.0662500173784792,839214,-29.0514984791509
FMNoiseAimedJam,Current_WLN,20.0,2007,UNIFIED_JSR_PASS,True,20.0,19.999999999999996,-3.552713678800501e-15,unified/pass,True,PASS,PASS,,3.1505398818111487,0.0,0.0,158,158,0,0,1.7542552869168084,TARGET_PRESERVED,2.213291998486966,839382,-inf
FMNoiseAimedJam,Current_WLN,20.0,2008,UNIFIED_JSR_PASS,True,20.0,20.0,0.0,unified/pass,True,PASS,PASS,,1.5412496389556694,0.0,0.0,1,1,0,0,1.7542552869168084,TARGET_PRESERVED,2.2912080166861415,839551,-inf
FMNoiseAimedJam,Current_WLN,20.0,2009,UNIFIED_JSR_PASS,True,20.0,20.0,0.0,unified/pass,True,PASS,PASS,,3.418903007400796,0.0,0.0,325,325,0,0,1.7542552869168084,TARGET_PRESERVED,2.259667031466961,839351,-inf
FMNoiseAimedJam,Current_WLN,20.0,2010,UNIFIED_JSR_PASS,True,20.0,20.0,0.0,unified/pass,True,PASS,PASS,,2.2036874602354146,0.0,0.0,286,286,0,0,1.7542552869168084,TARGET_PRESERVED,2.0923339761793613,839592,-inf
FMNoiseAimedJam,Current_WLN,20.0,2011,UNIFIED_JSR_PASS,True,20.0,20.0,0.0,unified/pass,True,PASS,PASS,,2.1122115863606012,1.0,1.0,165,3,0,0,1.7542552869168084,TARGET_PRESERVED,2.2671250044368207,839388,-inf
FMNoiseAimedJam,Current_WLN,20.0,2012,UNIFIED_JSR_PASS,True,20.0,20.0,0.0,unified/pass,True,PASS,PASS,,2.5622412297129955,0.0,0.0,351,352,1,1,1.7542552869168084,TARGET_PRESERVED,2.2540409700013697,839498,-28.615130053817957
FMNoiseAimedJam,Current_WLN,20.0,2013,UNIFIED_JSR_PASS,True,20.0,20.0,0.0,unified/pass,True,PASS,PASS,,1.647135890312926,0.0,0.0,2,2,0,0,1.7542552869168084,TARGET_PRESERVED,2.138333977200091,839525,-inf
FMNoiseAimedJam,Current_WLN,20.0,2014,UNIFIED_JSR_PASS,True,20.0,20.0,0.0,unified/pass,True,PASS,PASS,,2.267774676745983,0.0,0.0,180,180,1,1,1.7542552869168084,TARGET_PRESERVED,2.1047090413048863,839347,-28.43415210819893
FMNoiseAimedJam,Current_WLN,20.0,2015,UNIFIED_JSR_PASS,True,20.0,19.999999999999996,-3.552713678800501e-15,unified/pass,True,PASS,PASS,,1.5612848847789138,0.0,0.0,1,1,0,0,1.7542552869168084,TARGET_PRESERVED,2.097290998790413,839571,-inf
FMNoiseAimedJam,Current_WLN,20.0,2016,UNIFIED_JSR_PASS,True,20.0,20.0,0.0,unified/pass,True,PASS,PASS,,2.2240834924378756,0.0,0.0,147,147,0,0,1.7542552869168084,TARGET_PRESERVED,2.1367500303313136,839388,-inf
FMNoiseAimedJam,Current_WLN,20.0,2017,UNIFIED_JSR_PASS,True,20.0,20.0,0.0,unified/pass,True,PASS,PASS,,3.0863110405249063,0.0,0.0,163,163,0,0,1.7542552869168084,TARGET_PRESERVED,2.243832976091653,839789,-inf
FMNoiseAimedJam,Current_WLN,20.0,2018,UNIFIED_JSR_PASS,True,20.0,19.999999999999996,-3.552713678800501e-15,unified/pass,True,PASS,PASS,,2.0713657370063654,0.0,0.0,163,163,0,0,1.7542552869168084,TARGET_PRESERVED,2.1159580210223794,839543,-inf
FMNoiseAimedJam,Current_WLN,20.0,2019,UNIFIED_JSR_PASS,True,20.0,20.0,0.0,unified/pass,True,PASS,PASS,,2.7946919103205676,0.0,0.0,281,281,1,1,1.7542552869168084,TARGET_PRESERVED,2.214208012446761,839257,-31.04329599389458
FMNoiseAimedJam,Current_WLN,20.0,2020,UNIFIED_JSR_PASS,True,20.0,20.0,0.0,unified/pass,True,PASS,PASS,,2.1890260898109997,0.0,0.0,618,3,2,1,1.7542552869168084,TARGET_PRESERVED,2.2603750112466514,839570,-31.27694502749224
FMNoiseAimedJam,Current_WLN,20.0,2021,UNIFIED_JSR_PASS,True,20.0,20.0,0.0,unified/pass,True,PASS,PASS,,2.485393905313966,0.0,0.0,440,3,0,0,1.7542552869168084,TARGET_PRESERVED,2.359249978326261,839514,-inf
FMNoiseAimedJam,Current_WLN,20.0,2022,UNIFIED_JSR_PASS,True,20.0,20.0,0.0,unified/pass,True,PASS,PASS,,2.5160293382355956,0.0,0.0,103,4,1,2,1.7542552869168084,TARGET_PRESERVED,2.147790975868702,839447,-30.510280043944764
FMNoiseAimedJam,Current_WLN,20.0,2023,UNIFIED_JSR_PASS,True,20.0,20.0,0.0,unified/pass,True,PASS,PASS,,1.4843107157582551,0.0,0.0,2,1,0,0,1.7542552869168084,TARGET_PRESERVED,2.1528330398723483,839761,-inf
FMNoiseAimedJam,Current_WLN,20.0,2024,UNIFIED_JSR_PASS,True,20.0,20.0,0.0,unified/pass,True,PASS,PASS,,2.917148638108424,0.0,0.0,72,2,0,0,1.7542552869168084,TARGET_PRESERVED,2.2954579908400774,839407,-inf
FMNoiseAimedJam,Current_WLN,20.0,2025,UNIFIED_JSR_PASS,True,20.0,20.0,0.0,unified/pass,True,PASS,PASS,,3.0001983270198718,0.0,0.0,315,315,1,0,1.7542552869168084,TARGET_PRESERVED,2.0640420261770487,839398,-inf
FMNoiseAimedJam,Current_WLN,20.0,2026,UNIFIED_JSR_PASS,True,20.0,19.999999999999996,-3.552713678800501e-15,unified/pass,True,PASS,PASS,,2.4982755311305116,0.0,0.0,400,1,0,0,1.7542552869168084,TARGET_PRESERVED,2.293666999321431,839713,-inf
FMNoiseAimedJam,Current_WLN,20.0,2027,UNIFIED_JSR_PASS,True,20.0,20.0,0.0,unified/pass,True,PASS,PASS,,3.5151036293837716,0.0,0.0,549,452,0,0,1.7542552869168084,TARGET_PRESERVED,2.2074999869801104,839599,-inf
FMNoiseAimedJam,Current_WLN,20.0,2028,UNIFIED_JSR_PASS,True,20.0,20.0,0.0,unified/pass,True,PASS,PASS,,2.3982353093822955,0.0,0.0,298,298,0,0,1.7542552869168084,TARGET_PRESERVED,2.0904159755446017,839305,-inf
FMNoiseAimedJam,Current_WLN,20.0,2029,UNIFIED_JSR_PASS,True,20.0,19.999999999999996,-3.552713678800501e-15,unified/pass,True,PASS,PASS,,3.113205430420823,0.0,0.0,513,3,0,0,1.7542552869168084,TARGET_PRESERVED,2.1114589762873948,839497,-inf
FMNoiseAimedJam,Current_WLN,30.0,2000,UNIFIED_JSR_PASS,True,30.0,30.0,0.0,unified/pass,True,PASS,PASS,,1.208475312567785,0.0,0.0,249,249,0,0,1.7542552869168084,TARGET_PRESERVED,2.2529580164700747,839648,-inf
FMNoiseAimedJam,Current_WLN,30.0,2001,UNIFIED_JSR_PASS,True,30.0,30.0,0.0,unified/pass,True,PASS,PASS,,1.947778513191266,0.0,0.0,608,608,0,0,1.7542552869168084,TARGET_PRESERVED,2.44974996894598,839648,-inf
FMNoiseAimedJam,Current_WLN,30.0,2002,UNIFIED_JSR_PASS,True,30.0,30.0,0.0,unified/pass,True,PASS,PASS,,1.2685681015958519,0.0,0.0,462,463,1,1,1.7542552869168084,TARGET_PRESERVED,2.0647079800255597,839408,-37.73673817840621
FMNoiseAimedJam,Current_WLN,30.0,2003,UNIFIED_JSR_PASS,True,30.0,30.0,0.0,unified/pass,True,PASS,PASS,,1.6439724631618615,0.0,0.0,73,74,0,0,1.7542552869168084,TARGET_PRESERVED,2.3439580108970404,839569,-inf
FMNoiseAimedJam,Current_WLN,30.0,2004,UNIFIED_JSR_PASS,True,30.0,30.0,0.0,unified/pass,True,PASS,PASS,,-0.9713739613574202,0.0,0.0,465,465,0,0,1.7542552869168084,TARGET_PRESERVED,2.167667029425502,839553,-inf
FMNoiseAimedJam,Current_WLN,30.0,2005,UNIFIED_JSR_PASS,True,30.0,30.0,0.0,unified/pass,True,PASS,PASS,,1.3192622270413032,0.0,0.0,418,419,0,0,1.7542552869168084,TARGET_PRESERVED,2.1532499813474715,839599,-inf
FMNoiseAimedJam,Current_WLN,30.0,2006,UNIFIED_JSR_PASS,True,30.0,30.0,0.0,unified/pass,True,PASS,PASS,,1.2702381351435363,0.0,0.0,417,417,1,1,1.7542552869168084,TARGET_PRESERVED,2.3214169777929783,839544,-33.51106353092725
FMNoiseAimedJam,Current_WLN,30.0,2007,UNIFIED_JSR_PASS,True,30.0,30.0,0.0,unified/pass,True,PASS,PASS,,2.1919685169107908,0.0,0.0,158,158,0,0,1.7542552869168084,TARGET_PRESERVED,2.1392080234363675,839666,-inf
FMNoiseAimedJam,Current_WLN,30.0,2008,UNIFIED_JSR_PASS,True,30.0,30.0,0.0,unified/pass,True,PASS,PASS,,0.7891531650628743,0.0,0.0,509,1,0,0,1.7542552869168084,TARGET_PRESERVED,2.273291989695281,839550,-inf
FMNoiseAimedJam,Current_WLN,30.0,2009,UNIFIED_JSR_PASS,True,30.0,30.0,0.0,unified/pass,True,PASS,PASS,,2.066566986236335,0.0,0.0,325,325,0,0,1.7542552869168084,TARGET_PRESERVED,2.1805419819429517,839550,-inf
FMNoiseAimedJam,Current_WLN,30.0,2010,UNIFIED_JSR_PASS,True,30.0,30.0,0.0,unified/pass,True,PASS,PASS,,1.0653772992209536,0.0,0.0,286,286,0,0,1.7542552869168084,TARGET_PRESERVED,2.137000032234937,839439,-inf
FMNoiseAimedJam,Current_WLN,30.0,2011,UNIFIED_JSR_PASS,True,30.0,30.0,0.0,unified/pass,True,PASS,PASS,,1.2933120849721362,0.0,0.0,165,166,0,0,1.7542552869168084,TARGET_PRESERVED,2.392540976870805,839546,-inf
FMNoiseAimedJam,Current_WLN,30.0,2012,UNIFIED_JSR_PASS,True,30.0,30.0,0.0,unified/pass,True,PASS,PASS,,1.7672749194175337,0.0,0.0,351,352,1,1,1.7542552869168084,TARGET_PRESERVED,2.2053749999031425,839257,-32.784770887459864
FMNoiseAimedJam,Current_WLN,30.0,2013,UNIFIED_JSR_PASS,True,30.0,30.0,0.0,unified/pass,True,PASS,PASS,,0.8200801042611374,0.0,0.0,282,282,0,0,1.7542552869168084,TARGET_PRESERVED,2.0887500140815973,839520,-inf
FMNoiseAimedJam,Current_WLN,30.0,2014,UNIFIED_JSR_PASS,True,30.0,30.0,0.0,unified/pass,True,PASS,PASS,,1.0471973010382278,0.0,0.0,180,180,1,1,1.7542552869168084,TARGET_PRESERVED,2.0797919714823365,839400,-36.89569459917999
FMNoiseAimedJam,Current_WLN,30.0,2015,UNIFIED_JSR_PASS,True,30.0,30.0,0.0,unified/pass,True,PASS,PASS,,0.655544225905178,0.0,0.0,14,2,0,0,1.7542552869168084,TARGET_PRESERVED,2.1349579910747707,839520,-inf
FMNoiseAimedJam,Current_WLN,30.0,2016,UNIFIED_JSR_PASS,True,30.0,30.0,0.0,unified/pass,True,PASS,PASS,,1.8793075959119188,0.0,0.0,147,147,0,0,1.7542552869168084,TARGET_PRESERVED,2.273916034027934,839349,-inf
FMNoiseAimedJam,Current_WLN,30.0,2017,UNIFIED_JSR_PASS,True,30.0,30.0,0.0,unified/pass,True,PASS,PASS,,3.3268594763178836,0.0,0.0,163,163,0,0,1.7542552869168084,TARGET_PRESERVED,2.1107090287841856,839543,-inf
FMNoiseAimedJam,Current_WLN,30.0,2018,UNIFIED_JSR_PASS,True,30.0,30.0,0.0,unified/pass,True,PASS,PASS,,0.9529445578167124,0.0,0.0,163,163,0,0,1.7542552869168084,TARGET_PRESERVED,2.4026669561862946,839305,-inf
FMNoiseAimedJam,Current_WLN,30.0,2019,UNIFIED_JSR_PASS,True,30.0,30.0,0.0,unified/pass,True,PASS,PASS,,0.8861879129814039,0.0,0.0,281,281,1,1,1.7542552869168084,TARGET_PRESERVED,2.0589169580489397,839490,-36.99669582665513
FMNoiseAimedJam,Current_WLN,30.0,2020,UNIFIED_JSR_PASS,True,30.0,30.0,0.0,unified/pass,True,PASS,PASS,,1.1556511779995589,0.0,0.0,618,271,2,1,1.7542552869168084,TARGET_PRESERVED,2.2678329842165112,839329,-36.5414651042234
FMNoiseAimedJam,Current_WLN,30.0,2021,UNIFIED_JSR_PASS,True,30.0,30.0,0.0,unified/pass,True,PASS,PASS,,1.5100323982314734,0.0,0.0,440,440,0,0,1.7542552869168084,TARGET_PRESERVED,2.213749976363033,839481,-inf
FMNoiseAimedJam,Current_WLN,30.0,2022,UNIFIED_JSR_PASS,True,30.0,30.0,0.0,unified/pass,True,PASS,PASS,,0.4272536652723602,0.0,0.0,104,104,1,1,1.7542552869168084,TARGET_PRESERVED,2.201042021624744,839218,-35.8070191727971
FMNoiseAimedJam,Current_WLN,30.0,2023,UNIFIED_JSR_PASS,True,30.0,30.0,0.0,unified/pass,True,PASS,PASS,,0.8026563296216604,0.0,0.0,3,2,0,0,1.7542552869168084,TARGET_PRESERVED,2.250207995530218,839525,-inf
FMNoiseAimedJam,Current_WLN,30.0,2024,UNIFIED_JSR_PASS,True,30.0,30.0,0.0,unified/pass,True,PASS,PASS,,1.7186713109904437,0.0,0.0,72,72,0,0,1.7542552869168084,TARGET_PRESERVED,2.0707910298369825,839407,-inf
FMNoiseAimedJam,Current_WLN,30.0,2025,UNIFIED_JSR_PASS,True,30.0,30.0,0.0,unified/pass,True,PASS,PASS,,0.7821396985716067,0.0,0.0,315,315,1,0,1.7542552869168084,TARGET_PRESERVED,2.2685840376652777,839354,-inf
FMNoiseAimedJam,Current_WLN,30.0,2026,UNIFIED_JSR_PASS,True,30.0,30.0,0.0,unified/pass,True,PASS,PASS,,1.9953338067155704,0.0,0.0,400,400,0,0,1.7542552869168084,TARGET_PRESERVED,2.18791700899601,839341,-inf
FMNoiseAimedJam,Current_WLN,30.0,2027,UNIFIED_JSR_PASS,True,30.0,30.0,0.0,unified/pass,True,PASS,PASS,,5.080785373710544,0.0,0.0,549,452,0,0,1.7542552869168084,TARGET_PRESERVED,2.1285840193741024,839400,-inf
FMNoiseAimedJam,Current_WLN,30.0,2028,UNIFIED_JSR_PASS,True,30.0,30.0,0.0,unified/pass,True,PASS,PASS,,1.8044210665703408,0.0,0.0,298,298,0,0,1.7542552869168084,TARGET_PRESERVED,2.231208956800401,839361,-inf
FMNoiseAimedJam,Current_WLN,30.0,2029,UNIFIED_JSR_PASS,True,30.0,30.0,0.0,unified/pass,True,PASS,PASS,,1.6906038215910373,0.0,0.0,514,513,0,0,1.7542552869168084,TARGET_PRESERVED,2.1136249997653067,839453,-inf
FMNoiseAimedJam,Identity,10.0,2000,UNIFIED_JSR_PASS,True,10.0,10.0,0.0,unified/pass,True,PASS,PASS,,0.0,1.0,1.0,0,0,0,0,0.0,TARGET_PRESERVED,0.0,0,-inf
FMNoiseAimedJam,Identity,10.0,2001,UNIFIED_JSR_PASS,True,10.0,9.999999999999998,-1.7763568394002505e-15,unified/pass,True,PASS,PASS,,0.0,1.0,1.0,0,0,0,0,0.0,TARGET_PRESERVED,0.0,0,-inf
FMNoiseAimedJam,Identity,10.0,2002,UNIFIED_JSR_PASS,True,10.0,10.0,0.0,unified/pass,True,PASS,PASS,,0.0,1.0,1.0,1,1,1,1,0.0,TARGET_PRESERVED,0.0,0,-inf
FMNoiseAimedJam,Identity,10.0,2003,UNIFIED_JSR_PASS,True,10.0,10.0,0.0,unified/pass,True,PASS,PASS,,0.0,1.0,1.0,0,0,0,0,0.0,TARGET_PRESERVED,0.0,0,-inf
FMNoiseAimedJam,Identity,10.0,2004,UNIFIED_JSR_PASS,True,10.0,9.999999999999998,-1.7763568394002505e-15,unified/pass,True,PASS,PASS,,0.0,0.0,0.0,1,1,0,0,0.0,TARGET_PRESERVED,0.0,0,-inf
FMNoiseAimedJam,Identity,10.0,2005,UNIFIED_JSR_PASS,True,10.0,10.0,0.0,unified/pass,True,PASS,PASS,,0.0,0.0,0.0,0,0,0,0,0.0,TARGET_PRESERVED,0.0,0,-inf
FMNoiseAimedJam,Identity,10.0,2006,UNIFIED_JSR_PASS,True,10.0,10.0,0.0,unified/pass,True,PASS,PASS,,0.0,1.0,1.0,1,1,2,2,0.0,TARGET_PRESERVED,0.0,0,-27.713728184209447
FMNoiseAimedJam,Identity,10.0,2007,UNIFIED_JSR_PASS,True,10.0,9.999999999999998,-1.7763568394002505e-15,unified/pass,True,PASS,PASS,,0.0,1.0,1.0,1,1,1,1,0.0,TARGET_PRESERVED,0.0,0,-23.7401803774004
FMNoiseAimedJam,Identity,10.0,2008,UNIFIED_JSR_PASS,True,10.0,10.0,0.0,unified/pass,True,PASS,PASS,,0.0,1.0,1.0,1,1,0,0,0.0,TARGET_PRESERVED,0.0,0,-inf
FMNoiseAimedJam,Identity,10.0,2009,UNIFIED_JSR_PASS,True,10.0,10.000000000000002,1.7763568394002505e-15,unified/pass,True,PASS,PASS,,0.0,1.0,1.0,0,0,0,0,0.0,TARGET_PRESERVED,0.0,0,-inf
FMNoiseAimedJam,Identity,10.0,2010,UNIFIED_JSR_PASS,True,10.0,10.0,0.0,unified/pass,True,PASS,PASS,,0.0,1.0,1.0,0,0,0,0,0.0,TARGET_PRESERVED,0.0,0,-inf
FMNoiseAimedJam,Identity,10.0,2011,UNIFIED_JSR_PASS,True,10.0,10.0,0.0,unified/pass,True,PASS,PASS,,0.0,1.0,1.0,1,1,0,0,0.0,TARGET_PRESERVED,0.0,0,-inf
FMNoiseAimedJam,Identity,10.0,2012,UNIFIED_JSR_PASS,True,10.0,10.0,0.0,unified/pass,True,PASS,PASS,,0.0,1.0,1.0,0,0,1,1,0.0,TARGET_PRESERVED,0.0,0,-28.16093917085101
FMNoiseAimedJam,Identity,10.0,2013,UNIFIED_JSR_PASS,True,10.0,10.0,0.0,unified/pass,True,PASS,PASS,,0.0,1.0,1.0,1,1,0,0,0.0,TARGET_PRESERVED,0.0,0,-inf
FMNoiseAimedJam,Identity,10.0,2014,UNIFIED_JSR_PASS,True,10.0,10.0,0.0,unified/pass,True,PASS,PASS,,0.0,0.0,0.0,1,1,1,1,0.0,TARGET_PRESERVED,0.0,0,-26.32897851290476
FMNoiseAimedJam,Identity,10.0,2015,UNIFIED_JSR_PASS,True,10.0,10.0,0.0,unified/pass,True,PASS,PASS,,0.0,0.0,0.0,0,0,0,0,0.0,TARGET_PRESERVED,0.0,0,-inf
FMNoiseAimedJam,Identity,10.0,2016,UNIFIED_JSR_PASS,True,10.0,10.000000000000002,1.7763568394002505e-15,unified/pass,True,PASS,PASS,,0.0,1.0,1.0,0,0,0,0,0.0,TARGET_PRESERVED,0.0,0,-inf
FMNoiseAimedJam,Identity,10.0,2017,UNIFIED_JSR_PASS,True,10.0,10.0,0.0,unified/pass,True,PASS,PASS,,0.0,1.0,1.0,1,1,0,0,0.0,TARGET_PRESERVED,0.0,0,-inf
FMNoiseAimedJam,Identity,10.0,2018,UNIFIED_JSR_PASS,True,10.0,9.999999999999998,-1.7763568394002505e-15,unified/pass,True,PASS,PASS,,0.0,1.0,1.0,2,2,0,0,0.0,TARGET_PRESERVED,0.0,0,-inf
FMNoiseAimedJam,Identity,10.0,2019,UNIFIED_JSR_PASS,True,10.0,9.999999999999998,-1.7763568394002505e-15,unified/pass,True,PASS,PASS,,0.0,1.0,1.0,0,0,1,1,0.0,TARGET_PRESERVED,0.0,0,-29.865639325424276
FMNoiseAimedJam,Identity,10.0,2020,UNIFIED_JSR_PASS,True,10.0,10.0,0.0,unified/pass,True,PASS,PASS,,0.0,1.0,1.0,1,1,2,2,0.0,TARGET_PRESERVED,0.0,0,-29.087220807700184
FMNoiseAimedJam,Identity,10.0,2021,UNIFIED_JSR_PASS,True,10.0,10.0,0.0,unified/pass,True,PASS,PASS,,0.0,1.0,1.0,1,1,0,0,0.0,TARGET_PRESERVED,0.0,0,-inf
FMNoiseAimedJam,Identity,10.0,2022,UNIFIED_JSR_PASS,True,10.0,10.0,0.0,unified/pass,True,PASS,PASS,,0.0,1.0,1.0,1,1,1,1,0.0,TARGET_PRESERVED,0.0,0,-29.340277187974525
FMNoiseAimedJam,Identity,10.0,2023,UNIFIED_JSR_PASS,True,10.0,10.0,0.0,unified/pass,True,PASS,PASS,,0.0,0.0,0.0,1,1,0,0,0.0,TARGET_PRESERVED,0.0,0,-inf
FMNoiseAimedJam,Identity,10.0,2024,UNIFIED_JSR_PASS,True,10.0,10.0,0.0,unified/pass,True,PASS,PASS,,0.0,1.0,1.0,1,1,0,0,0.0,TARGET_PRESERVED,0.0,0,-31.62864743181582
FMNoiseAimedJam,Identity,10.0,2025,UNIFIED_JSR_PASS,True,10.0,10.0,0.0,unified/pass,True,PASS,PASS,,0.0,1.0,1.0,0,0,1,1,0.0,TARGET_PRESERVED,0.0,0,-inf
FMNoiseAimedJam,Identity,10.0,2026,UNIFIED_JSR_PASS,True,10.0,9.999999999999998,-1.7763568394002505e-15,unified/pass,True,PASS,PASS,,0.0,1.0,1.0,0,0,0,0,0.0,TARGET_PRESERVED,0.0,0,-29.33637609201086
FMNoiseAimedJam,Identity,10.0,2027,UNIFIED_JSR_PASS,True,10.0,10.0,0.0,unified/pass,True,PASS,PASS,,0.0,1.0,1.0,0,0,0,0,0.0,TARGET_PRESERVED,0.0,0,-inf
FMNoiseAimedJam,Identity,10.0,2028,UNIFIED_JSR_PASS,True,10.0,10.0,0.0,unified/pass,True,PASS,PASS,,0.0,1.0,1.0,0,0,0,0,0.0,TARGET_PRESERVED,0.0,0,-inf
FMNoiseAimedJam,Identity,10.0,2029,UNIFIED_JSR_PASS,True,10.0,9.999999999999998,-1.7763568394002505e-15,unified/pass,True,PASS,PASS,,0.0,1.0,1.0,1,1,0,0,0.0,TARGET_PRESERVED,0.0,0,-inf
FMNoiseAimedJam,Identity,20.0,2000,UNIFIED_JSR_PASS,True,20.0,20.0,0.0,unified/pass,True,PASS,PASS,,0.0,0.0,0.0,249,249,0,0,0.0,TARGET_PRESERVED,0.0,0,-inf
FMNoiseAimedJam,Identity,20.0,2001,UNIFIED_JSR_PASS,True,20.0,20.0,0.0,unified/pass,True,PASS,PASS,,0.0,0.0,0.0,608,608,0,0,0.0,TARGET_PRESERVED,0.0,0,-inf
FMNoiseAimedJam,Identity,20.0,2002,UNIFIED_JSR_PASS,True,20.0,20.0,0.0,unified/pass,True,PASS,PASS,,0.0,0.0,0.0,462,462,1,1,0.0,TARGET_PRESERVED,0.0,0,-30.129594075107825
FMNoiseAimedJam,Identity,20.0,2003,UNIFIED_JSR_PASS,True,20.0,20.0,0.0,unified/pass,True,PASS,PASS,,0.0,0.0,0.0,72,72,0,0,0.0,TARGET_PRESERVED,0.0,0,-inf
FMNoiseAimedJam,Identity,20.0,2004,UNIFIED_JSR_PASS,True,20.0,20.0,0.0,unified/pass,True,PASS,PASS,,0.0,0.0,0.0,15,15,0,0,0.0,TARGET_PRESERVED,0.0,0,-inf
FMNoiseAimedJam,Identity,20.0,2005,UNIFIED_JSR_PASS,True,20.0,19.999999999999996,-3.552713678800501e-15,unified/pass,True,PASS,PASS,,0.0,0.0,0.0,418,418,0,0,0.0,TARGET_PRESERVED,0.0,0,-inf
FMNoiseAimedJam,Identity,20.0,2006,UNIFIED_JSR_PASS,True,20.0,20.0,0.0,unified/pass,True,PASS,PASS,,0.0,0.0,0.0,417,417,1,1,0.0,TARGET_PRESERVED,0.0,0,-29.0514984791509
FMNoiseAimedJam,Identity,20.0,2007,UNIFIED_JSR_PASS,True,20.0,19.999999999999996,-3.552713678800501e-15,unified/pass,True,PASS,PASS,,0.0,0.0,0.0,158,158,0,0,0.0,TARGET_PRESERVED,0.0,0,-inf
FMNoiseAimedJam,Identity,20.0,2008,UNIFIED_JSR_PASS,True,20.0,20.0,0.0,unified/pass,True,PASS,PASS,,0.0,0.0,0.0,1,1,0,0,0.0,TARGET_PRESERVED,0.0,0,-inf
FMNoiseAimedJam,Identity,20.0,2009,UNIFIED_JSR_PASS,True,20.0,20.0,0.0,unified/pass,True,PASS,PASS,,0.0,0.0,0.0,325,325,0,0,0.0,TARGET_PRESERVED,0.0,0,-inf
FMNoiseAimedJam,Identity,20.0,2010,UNIFIED_JSR_PASS,True,20.0,20.0,0.0,unified/pass,True,PASS,PASS,,0.0,0.0,0.0,286,286,0,0,0.0,TARGET_PRESERVED,0.0,0,-inf
FMNoiseAimedJam,Identity,20.0,2011,UNIFIED_JSR_PASS,True,20.0,20.0,0.0,unified/pass,True,PASS,PASS,,0.0,1.0,1.0,165,165,0,0,0.0,TARGET_PRESERVED,0.0,0,-inf
FMNoiseAimedJam,Identity,20.0,2012,UNIFIED_JSR_PASS,True,20.0,20.0,0.0,unified/pass,True,PASS,PASS,,0.0,0.0,0.0,351,351,1,1,0.0,TARGET_PRESERVED,0.0,0,-28.615130053817957
FMNoiseAimedJam,Identity,20.0,2013,UNIFIED_JSR_PASS,True,20.0,20.0,0.0,unified/pass,True,PASS,PASS,,0.0,0.0,0.0,2,2,0,0,0.0,TARGET_PRESERVED,0.0,0,-inf
FMNoiseAimedJam,Identity,20.0,2014,UNIFIED_JSR_PASS,True,20.0,20.0,0.0,unified/pass,True,PASS,PASS,,0.0,0.0,0.0,180,180,1,1,0.0,TARGET_PRESERVED,0.0,0,-28.43415210819893
FMNoiseAimedJam,Identity,20.0,2015,UNIFIED_JSR_PASS,True,20.0,19.999999999999996,-3.552713678800501e-15,unified/pass,True,PASS,PASS,,0.0,0.0,0.0,1,1,0,0,0.0,TARGET_PRESERVED,0.0,0,-inf
FMNoiseAimedJam,Identity,20.0,2016,UNIFIED_JSR_PASS,True,20.0,20.0,0.0,unified/pass,True,PASS,PASS,,0.0,0.0,0.0,147,147,0,0,0.0,TARGET_PRESERVED,0.0,0,-inf
FMNoiseAimedJam,Identity,20.0,2017,UNIFIED_JSR_PASS,True,20.0,20.0,0.0,unified/pass,True,PASS,PASS,,0.0,0.0,0.0,163,163,0,0,0.0,TARGET_PRESERVED,0.0,0,-inf
FMNoiseAimedJam,Identity,20.0,2018,UNIFIED_JSR_PASS,True,20.0,19.999999999999996,-3.552713678800501e-15,unified/pass,True,PASS,PASS,,0.0,0.0,0.0,163,163,0,0,0.0,TARGET_PRESERVED,0.0,0,-inf
FMNoiseAimedJam,Identity,20.0,2019,UNIFIED_JSR_PASS,True,20.0,20.0,0.0,unified/pass,True,PASS,PASS,,0.0,0.0,0.0,281,281,1,1,0.0,TARGET_PRESERVED,0.0,0,-31.04329599389458
FMNoiseAimedJam,Identity,20.0,2020,UNIFIED_JSR_PASS,True,20.0,20.0,0.0,unified/pass,True,PASS,PASS,,0.0,0.0,0.0,618,618,2,2,0.0,TARGET_PRESERVED,0.0,0,-31.27694502749224
FMNoiseAimedJam,Identity,20.0,2021,UNIFIED_JSR_PASS,True,20.0,20.0,0.0,unified/pass,True,PASS,PASS,,0.0,0.0,0.0,440,440,0,0,0.0,TARGET_PRESERVED,0.0,0,-inf
FMNoiseAimedJam,Identity,20.0,2022,UNIFIED_JSR_PASS,True,20.0,20.0,0.0,unified/pass,True,PASS,PASS,,0.0,0.0,0.0,103,103,1,1,0.0,TARGET_PRESERVED,0.0,0,-30.510280043944764
FMNoiseAimedJam,Identity,20.0,2023,UNIFIED_JSR_PASS,True,20.0,20.0,0.0,unified/pass,True,PASS,PASS,,0.0,0.0,0.0,2,2,0,0,0.0,TARGET_PRESERVED,0.0,0,-inf
FMNoiseAimedJam,Identity,20.0,2024,UNIFIED_JSR_PASS,True,20.0,20.0,0.0,unified/pass,True,PASS,PASS,,0.0,0.0,0.0,72,72,0,0,0.0,TARGET_PRESERVED,0.0,0,-inf
FMNoiseAimedJam,Identity,20.0,2025,UNIFIED_JSR_PASS,True,20.0,20.0,0.0,unified/pass,True,PASS,PASS,,0.0,0.0,0.0,315,315,1,1,0.0,TARGET_PRESERVED,0.0,0,-inf
FMNoiseAimedJam,Identity,20.0,2026,UNIFIED_JSR_PASS,True,20.0,19.999999999999996,-3.552713678800501e-15,unified/pass,True,PASS,PASS,,0.0,0.0,0.0,400,400,0,0,0.0,TARGET_PRESERVED,0.0,0,-inf
FMNoiseAimedJam,Identity,20.0,2027,UNIFIED_JSR_PASS,True,20.0,20.0,0.0,unified/pass,True,PASS,PASS,,0.0,0.0,0.0,549,549,0,0,0.0,TARGET_PRESERVED,0.0,0,-inf
FMNoiseAimedJam,Identity,20.0,2028,UNIFIED_JSR_PASS,True,20.0,20.0,0.0,unified/pass,True,PASS,PASS,,0.0,0.0,0.0,298,298,0,0,0.0,TARGET_PRESERVED,0.0,0,-inf
FMNoiseAimedJam,Identity,20.0,2029,UNIFIED_JSR_PASS,True,20.0,19.999999999999996,-3.552713678800501e-15,unified/pass,True,PASS,PASS,,0.0,0.0,0.0,513,513,0,0,0.0,TARGET_PRESERVED,0.0,0,-inf
FMNoiseAimedJam,Identity,30.0,2000,UNIFIED_JSR_PASS,True,30.0,30.0,0.0,unified/pass,True,PASS,PASS,,0.0,0.0,0.0,249,249,0,0,0.0,TARGET_PRESERVED,0.0,0,-inf
FMNoiseAimedJam,Identity,30.0,2001,UNIFIED_JSR_PASS,True,30.0,30.0,0.0,unified/pass,True,PASS,PASS,,0.0,0.0,0.0,608,608,0,0,0.0,TARGET_PRESERVED,0.0,0,-inf
FMNoiseAimedJam,Identity,30.0,2002,UNIFIED_JSR_PASS,True,30.0,30.0,0.0,unified/pass,True,PASS,PASS,,0.0,0.0,0.0,462,462,1,1,0.0,TARGET_PRESERVED,0.0,0,-37.73673817840621
FMNoiseAimedJam,Identity,30.0,2003,UNIFIED_JSR_PASS,True,30.0,30.0,0.0,unified/pass,True,PASS,PASS,,0.0,0.0,0.0,73,73,0,0,0.0,TARGET_PRESERVED,0.0,0,-inf
FMNoiseAimedJam,Identity,30.0,2004,UNIFIED_JSR_PASS,True,30.0,30.0,0.0,unified/pass,True,PASS,PASS,,0.0,0.0,0.0,465,465,0,0,0.0,TARGET_PRESERVED,0.0,0,-inf
FMNoiseAimedJam,Identity,30.0,2005,UNIFIED_JSR_PASS,True,30.0,30.0,0.0,unified/pass,True,PASS,PASS,,0.0,0.0,0.0,418,418,0,0,0.0,TARGET_PRESERVED,0.0,0,-inf
FMNoiseAimedJam,Identity,30.0,2006,UNIFIED_JSR_PASS,True,30.0,30.0,0.0,unified/pass,True,PASS,PASS,,0.0,0.0,0.0,417,417,1,1,0.0,TARGET_PRESERVED,0.0,0,-33.51106353092725
FMNoiseAimedJam,Identity,30.0,2007,UNIFIED_JSR_PASS,True,30.0,30.0,0.0,unified/pass,True,PASS,PASS,,0.0,0.0,0.0,158,158,0,0,0.0,TARGET_PRESERVED,0.0,0,-inf
FMNoiseAimedJam,Identity,30.0,2008,UNIFIED_JSR_PASS,True,30.0,30.0,0.0,unified/pass,True,PASS,PASS,,0.0,0.0,0.0,509,509,0,0,0.0,TARGET_PRESERVED,0.0,0,-inf
FMNoiseAimedJam,Identity,30.0,2009,UNIFIED_JSR_PASS,True,30.0,30.0,0.0,unified/pass,True,PASS,PASS,,0.0,0.0,0.0,325,325,0,0,0.0,TARGET_PRESERVED,0.0,0,-inf
FMNoiseAimedJam,Identity,30.0,2010,UNIFIED_JSR_PASS,True,30.0,30.0,0.0,unified/pass,True,PASS,PASS,,0.0,0.0,0.0,286,286,0,0,0.0,TARGET_PRESERVED,0.0,0,-inf
FMNoiseAimedJam,Identity,30.0,2011,UNIFIED_JSR_PASS,True,30.0,30.0,0.0,unified/pass,True,PASS,PASS,,0.0,0.0,0.0,165,165,0,0,0.0,TARGET_PRESERVED,0.0,0,-inf
FMNoiseAimedJam,Identity,30.0,2012,UNIFIED_JSR_PASS,True,30.0,30.0,0.0,unified/pass,True,PASS,PASS,,0.0,0.0,0.0,351,351,1,1,0.0,TARGET_PRESERVED,0.0,0,-32.784770887459864
FMNoiseAimedJam,Identity,30.0,2013,UNIFIED_JSR_PASS,True,30.0,30.0,0.0,unified/pass,True,PASS,PASS,,0.0,0.0,0.0,282,282,0,0,0.0,TARGET_PRESERVED,0.0,0,-inf
FMNoiseAimedJam,Identity,30.0,2014,UNIFIED_JSR_PASS,True,30.0,30.0,0.0,unified/pass,True,PASS,PASS,,0.0,0.0,0.0,180,180,1,1,0.0,TARGET_PRESERVED,0.0,0,-36.89569459917999
FMNoiseAimedJam,Identity,30.0,2015,UNIFIED_JSR_PASS,True,30.0,30.0,0.0,unified/pass,True,PASS,PASS,,0.0,0.0,0.0,14,14,0,0,0.0,TARGET_PRESERVED,0.0,0,-inf
FMNoiseAimedJam,Identity,30.0,2016,UNIFIED_JSR_PASS,True,30.0,30.0,0.0,unified/pass,True,PASS,PASS,,0.0,0.0,0.0,147,147,0,0,0.0,TARGET_PRESERVED,0.0,0,-inf
FMNoiseAimedJam,Identity,30.0,2017,UNIFIED_JSR_PASS,True,30.0,30.0,0.0,unified/pass,True,PASS,PASS,,0.0,0.0,0.0,163,163,0,0,0.0,TARGET_PRESERVED,0.0,0,-inf
FMNoiseAimedJam,Identity,30.0,2018,UNIFIED_JSR_PASS,True,30.0,30.0,0.0,unified/pass,True,PASS,PASS,,0.0,0.0,0.0,163,163,0,0,0.0,TARGET_PRESERVED,0.0,0,-inf
FMNoiseAimedJam,Identity,30.0,2019,UNIFIED_JSR_PASS,True,30.0,30.0,0.0,unified/pass,True,PASS,PASS,,0.0,0.0,0.0,281,281,1,1,0.0,TARGET_PRESERVED,0.0,0,-36.99669582665513
FMNoiseAimedJam,Identity,30.0,2020,UNIFIED_JSR_PASS,True,30.0,30.0,0.0,unified/pass,True,PASS,PASS,,0.0,0.0,0.0,618,618,2,2,0.0,TARGET_PRESERVED,0.0,0,-36.5414651042234
FMNoiseAimedJam,Identity,30.0,2021,UNIFIED_JSR_PASS,True,30.0,30.0,0.0,unified/pass,True,PASS,PASS,,0.0,0.0,0.0,440,440,0,0,0.0,TARGET_PRESERVED,0.0,0,-inf
FMNoiseAimedJam,Identity,30.0,2022,UNIFIED_JSR_PASS,True,30.0,30.0,0.0,unified/pass,True,PASS,PASS,,0.0,0.0,0.0,104,104,1,1,0.0,TARGET_PRESERVED,0.0,0,-35.8070191727971
FMNoiseAimedJam,Identity,30.0,2023,UNIFIED_JSR_PASS,True,30.0,30.0,0.0,unified/pass,True,PASS,PASS,,0.0,0.0,0.0,3,3,0,0,0.0,TARGET_PRESERVED,0.0,0,-inf
FMNoiseAimedJam,Identity,30.0,2024,UNIFIED_JSR_PASS,True,30.0,30.0,0.0,unified/pass,True,PASS,PASS,,0.0,0.0,0.0,72,72,0,0,0.0,TARGET_PRESERVED,0.0,0,-inf
FMNoiseAimedJam,Identity,30.0,2025,UNIFIED_JSR_PASS,True,30.0,30.0,0.0,unified/pass,True,PASS,PASS,,0.0,0.0,0.0,315,315,1,1,0.0,TARGET_PRESERVED,0.0,0,-inf
FMNoiseAimedJam,Identity,30.0,2026,UNIFIED_JSR_PASS,True,30.0,30.0,0.0,unified/pass,True,PASS,PASS,,0.0,0.0,0.0,400,400,0,0,0.0,TARGET_PRESERVED,0.0,0,-inf
FMNoiseAimedJam,Identity,30.0,2027,UNIFIED_JSR_PASS,True,30.0,30.0,0.0,unified/pass,True,PASS,PASS,,0.0,0.0,0.0,549,549,0,0,0.0,TARGET_PRESERVED,0.0,0,-inf
FMNoiseAimedJam,Identity,30.0,2028,UNIFIED_JSR_PASS,True,30.0,30.0,0.0,unified/pass,True,PASS,PASS,,0.0,0.0,0.0,298,298,0,0,0.0,TARGET_PRESERVED,0.0,0,-inf
FMNoiseAimedJam,Identity,30.0,2029,UNIFIED_JSR_PASS,True,30.0,30.0,0.0,unified/pass,True,PASS,PASS,,0.0,0.0,0.0,514,514,0,0,0.0,TARGET_PRESERVED,0.0,0,-inf
FMNoiseAimedJam,WLN_p10_o6,10.0,2000,UNIFIED_JSR_PASS,True,10.0,10.0,0.0,unified/pass,True,PASS,PASS,,1.2682514499443442,1.0,0.0,0,0,0,0,2.8848812761919667,TARGET_PRESERVED,2.06325005274266,839580,-inf
FMNoiseAimedJam,WLN_p10_o6,10.0,2001,UNIFIED_JSR_PASS,True,10.0,9.999999999999998,-1.7763568394002505e-15,unified/pass,True,PASS,PASS,,1.4365084112396538,1.0,0.0,0,0,0,0,2.8848812761919667,TARGET_PRESERVED,2.0841669756919146,839784,-inf
FMNoiseAimedJam,WLN_p10_o6,10.0,2002,UNIFIED_JSR_PASS,True,10.0,10.0,0.0,unified/pass,True,PASS,PASS,,1.7359954132083253,1.0,0.0,1,2,1,0,2.8848812761919667,TARGET_PRESERVED,2.0800000056624413,839257,-inf
FMNoiseAimedJam,WLN_p10_o6,10.0,2003,UNIFIED_JSR_PASS,True,10.0,10.0,0.0,unified/pass,True,PASS,PASS,,1.16427636250366,1.0,1.0,0,0,0,0,2.8848812761919667,TARGET_PRESERVED,2.5343330344185233,839331,-inf
FMNoiseAimedJam,WLN_p10_o6,10.0,2004,UNIFIED_JSR_PASS,True,10.0,9.999999999999998,-1.7763568394002505e-15,unified/pass,True,PASS,PASS,,1.2040114439805265,0.0,0.0,1,0,0,0,2.8848812761919667,TARGET_PRESERVED,2.1592919947579503,839208,-inf
FMNoiseAimedJam,WLN_p10_o6,10.0,2005,UNIFIED_JSR_PASS,True,10.0,10.0,0.0,unified/pass,True,PASS,PASS,,1.694028163505397,0.0,0.0,0,1,0,0,2.8848812761919667,TARGET_PRESERVED,2.271917008329183,839162,-inf
FMNoiseAimedJam,WLN_p10_o6,10.0,2006,UNIFIED_JSR_PASS,True,10.0,10.0,0.0,unified/pass,True,PASS,PASS,,1.2347989719556658,1.0,1.0,1,1,2,1,2.8848812761919667,TARGET_PRESERVED,2.0571249770000577,839158,-28.308503807949606
FMNoiseAimedJam,WLN_p10_o6,10.0,2007,UNIFIED_JSR_PASS,True,10.0,9.999999999999998,-1.7763568394002505e-15,unified/pass,True,PASS,PASS,,1.3004518754550674,1.0,1.0,1,1,1,1,2.8848812761919667,TARGET_PRESERVED,2.1802500123158097,839184,-23.888354205406355
FMNoiseAimedJam,WLN_p10_o6,10.0,2008,UNIFIED_JSR_PASS,True,10.0,10.0,0.0,unified/pass,True,PASS,PASS,,1.0465148783359517,1.0,1.0,1,1,0,0,2.8848812761919667,TARGET_PRESERVED,2.1328330039978027,839331,-inf
FMNoiseAimedJam,WLN_p10_o6,10.0,2009,UNIFIED_JSR_PASS,True,10.0,10.000000000000002,1.7763568394002505e-15,unified/pass,True,PASS,PASS,,1.226143191335165,1.0,0.0,0,1,0,0,2.8848812761919667,TARGET_PRESERVED,2.196791989263147,839259,-inf
FMNoiseAimedJam,WLN_p10_o6,10.0,2010,UNIFIED_JSR_PASS,True,10.0,10.0,0.0,unified/pass,True,PASS,PASS,,1.1291632708760737,1.0,1.0,0,0,0,0,2.8848812761919667,TARGET_PRESERVED,2.3294579586945474,839303,-inf
FMNoiseAimedJam,WLN_p10_o6,10.0,2011,UNIFIED_JSR_PASS,True,10.0,10.0,0.0,unified/pass,True,PASS,PASS,,1.1169631078789664,1.0,1.0,1,1,0,0,2.8848812761919667,TARGET_PRESERVED,2.0727500086650252,839395,-inf
FMNoiseAimedJam,WLN_p10_o6,10.0,2012,UNIFIED_JSR_PASS,True,10.0,10.0,0.0,unified/pass,True,PASS,PASS,,1.2097982704192347,1.0,0.0,0,0,1,1,2.8848812761919667,TARGET_PRESERVED,2.0882919779978693,839211,-28.733962464921042
FMNoiseAimedJam,WLN_p10_o6,10.0,2013,UNIFIED_JSR_PASS,True,10.0,10.0,0.0,unified/pass,True,PASS,PASS,,0.957330768197501,1.0,1.0,1,1,0,0,2.8848812761919667,TARGET_PRESERVED,2.1118340082466602,839329,-inf
FMNoiseAimedJam,WLN_p10_o6,10.0,2014,UNIFIED_JSR_PASS,True,10.0,10.0,0.0,unified/pass,True,PASS,PASS,,1.4188088642882946,0.0,0.0,1,1,1,1,2.8848812761919667,TARGET_PRESERVED,2.0821659709326923,839299,-26.904180965153227
FMNoiseAimedJam,WLN_p10_o6,10.0,2015,UNIFIED_JSR_PASS,True,10.0,10.0,0.0,unified/pass,True,PASS,PASS,,1.0911390200197566,0.0,0.0,0,0,0,0,2.8848812761919667,TARGET_PRESERVED,2.3525829892605543,839377,-inf
FMNoiseAimedJam,WLN_p10_o6,10.0,2016,UNIFIED_JSR_PASS,True,10.0,10.000000000000002,1.7763568394002505e-15,unified/pass,True,PASS,PASS,,1.0062372528285835,1.0,1.0,0,0,0,0,2.8848812761919667,TARGET_PRESERVED,2.1260420326143503,839303,-inf
FMNoiseAimedJam,WLN_p10_o6,10.0,2017,UNIFIED_JSR_PASS,True,10.0,10.0,0.0,unified/pass,True,PASS,PASS,,1.318665025587471,1.0,1.0,1,1,0,0,2.8848812761919667,TARGET_PRESERVED,2.200666000135243,839215,-inf
FMNoiseAimedJam,WLN_p10_o6,10.0,2018,UNIFIED_JSR_PASS,True,10.0,9.999999999999998,-1.7763568394002505e-15,unified/pass,True,PASS,PASS,,1.3458819073811128,1.0,1.0,2,2,0,0,2.8848812761919667,TARGET_PRESERVED,2.167792001273483,839451,-inf
FMNoiseAimedJam,WLN_p10_o6,10.0,2019,UNIFIED_JSR_PASS,True,10.0,9.999999999999998,-1.7763568394002505e-15,unified/pass,True,PASS,PASS,,1.4295931911130673,1.0,1.0,0,1,1,1,2.8848812761919667,TARGET_PRESERVED,2.1529580117203295,839211,-30.467792384192073
FMNoiseAimedJam,WLN_p10_o6,10.0,2020,UNIFIED_JSR_PASS,True,10.0,10.0,0.0,unified/pass,True,PASS,PASS,,1.3002597822309845,1.0,1.0,1,1,2,1,2.8848812761919667,TARGET_PRESERVED,2.221125003416091,839436,-29.700963130251964
FMNoiseAimedJam,WLN_p10_o6,10.0,2021,UNIFIED_JSR_PASS,True,10.0,10.0,0.0,unified/pass,True,PASS,PASS,,1.3216794181440967,1.0,0.0,1,1,0,0,2.8848812761919667,TARGET_PRESERVED,2.184875018429011,839382,-inf
FMNoiseAimedJam,WLN_p10_o6,10.0,2022,UNIFIED_JSR_PASS,True,10.0,10.0,0.0,unified/pass,True,PASS,PASS,,1.1254665763525438,1.0,0.0,1,1,1,2,2.8848812761919667,TARGET_PRESERVED,2.30712495977059,839413,-29.841680016272147
FMNoiseAimedJam,WLN_p10_o6,10.0,2023,UNIFIED_JSR_PASS,True,10.0,10.0,0.0,unified/pass,True,PASS,PASS,,0.9282918862147085,0.0,1.0,1,1,0,0,2.8848812761919667,TARGET_PRESERVED,2.1169999963603914,839472,-inf
FMNoiseAimedJam,WLN_p10_o6,10.0,2024,UNIFIED_JSR_PASS,True,10.0,10.0,0.0,unified/pass,True,PASS,PASS,,1.330309164560223,1.0,1.0,1,1,0,0,2.8848812761919667,TARGET_PRESERVED,2.093332994263619,839602,-inf
FMNoiseAimedJam,WLN_p10_o6,10.0,2025,UNIFIED_JSR_PASS,True,10.0,10.0,0.0,unified/pass,True,PASS,PASS,,1.2706395229623446,1.0,0.0,0,1,1,0,2.8848812761919667,TARGET_PRESERVED,2.085625019390136,839303,-inf
FMNoiseAimedJam,WLN_p10_o6,10.0,2026,UNIFIED_JSR_PASS,True,10.0,9.999999999999998,-1.7763568394002505e-15,unified/pass,True,PASS,PASS,,1.2093636957223488,1.0,1.0,0,0,0,1,2.8848812761919667,TARGET_PRESERVED,2.1171660046093166,839567,-29.934563170674085
FMNoiseAimedJam,WLN_p10_o6,10.0,2027,UNIFIED_JSR_PASS,True,10.0,10.0,0.0,unified/pass,True,PASS,PASS,,1.4123064004435761,1.0,1.0,0,0,0,0,2.8848812761919667,TARGET_PRESERVED,2.1014169906266034,839456,-inf
FMNoiseAimedJam,WLN_p10_o6,10.0,2028,UNIFIED_JSR_PASS,True,10.0,10.0,0.0,unified/pass,True,PASS,PASS,,1.0627464940941564,1.0,1.0,0,0,0,0,2.8848812761919667,TARGET_PRESERVED,2.0749999675899744,839563,-inf
FMNoiseAimedJam,WLN_p10_o6,10.0,2029,UNIFIED_JSR_PASS,True,10.0,9.999999999999998,-1.7763568394002505e-15,unified/pass,True,PASS,PASS,,1.2885650417975754,1.0,1.0,1,1,0,0,2.8848812761919667,TARGET_PRESERVED,2.110541972797364,839359,-inf
FMNoiseAimedJam,WLN_p10_o6,20.0,2000,UNIFIED_JSR_PASS,True,20.0,20.0,0.0,unified/pass,True,PASS,PASS,,2.5271357238503676,0.0,0.0,249,249,0,0,2.8848812761919667,TARGET_PRESERVED,2.0764159853570163,839407,-inf
FMNoiseAimedJam,WLN_p10_o6,20.0,2001,UNIFIED_JSR_PASS,True,20.0,20.0,0.0,unified/pass,True,PASS,PASS,,3.7982697558013356,0.0,0.0,608,608,0,0,2.8848812761919667,TARGET_PRESERVED,2.1035419777035713,839463,-inf
FMNoiseAimedJam,WLN_p10_o6,20.0,2002,UNIFIED_JSR_PASS,True,20.0,20.0,0.0,unified/pass,True,PASS,PASS,,2.637131050029014,0.0,0.0,462,462,1,1,2.8848812761919667,TARGET_PRESERVED,2.0424159592948854,839308,-30.529541668790525
FMNoiseAimedJam,WLN_p10_o6,20.0,2003,UNIFIED_JSR_PASS,True,20.0,20.0,0.0,unified/pass,True,PASS,PASS,,1.7614647218207367,0.0,0.0,72,0,0,0,2.8848812761919667,TARGET_PRESERVED,2.0686250063590705,839389,-inf
FMNoiseAimedJam,WLN_p10_o6,20.0,2004,UNIFIED_JSR_PASS,True,20.0,20.0,0.0,unified/pass,True,PASS,PASS,,1.7692912037483364,0.0,0.0,15,1,0,0,2.8848812761919667,TARGET_PRESERVED,2.0745840156450868,839444,-inf
FMNoiseAimedJam,WLN_p10_o6,20.0,2005,UNIFIED_JSR_PASS,True,20.0,19.999999999999996,-3.552713678800501e-15,unified/pass,True,PASS,PASS,,2.6436707337547976,0.0,0.0,418,419,0,0,2.8848812761919667,TARGET_PRESERVED,2.0723339985124767,839553,-inf
FMNoiseAimedJam,WLN_p10_o6,20.0,2006,UNIFIED_JSR_PASS,True,20.0,20.0,0.0,unified/pass,True,PASS,PASS,,1.9267345458149876,0.0,0.0,417,3,1,1,2.8848812761919667,TARGET_PRESERVED,2.0579590345732868,839172,-29.62045294030482
FMNoiseAimedJam,WLN_p10_o6,20.0,2007,UNIFIED_JSR_PASS,True,20.0,19.999999999999996,-3.552713678800501e-15,unified/pass,True,PASS,PASS,,2.6148969062623486,0.0,0.0,158,158,0,0,2.8848812761919667,TARGET_PRESERVED,2.0867909770458937,839581,-inf
FMNoiseAimedJam,WLN_p10_o6,20.0,2008,UNIFIED_JSR_PASS,True,20.0,20.0,0.0,unified/pass,True,PASS,PASS,,1.2379470676701452,0.0,0.0,1,1,0,0,2.8848812761919667,TARGET_PRESERVED,2.055582997854799,839453,-inf
FMNoiseAimedJam,WLN_p10_o6,20.0,2009,UNIFIED_JSR_PASS,True,20.0,20.0,0.0,unified/pass,True,PASS,PASS,,2.8478673622451653,0.0,0.0,325,325,0,0,2.8848812761919667,TARGET_PRESERVED,2.0915420027449727,839504,-inf
FMNoiseAimedJam,WLN_p10_o6,20.0,2010,UNIFIED_JSR_PASS,True,20.0,20.0,0.0,unified/pass,True,PASS,PASS,,1.789879304828606,0.0,0.0,286,286,0,0,2.8848812761919667,TARGET_PRESERVED,2.04149994533509,839349,-inf
FMNoiseAimedJam,WLN_p10_o6,20.0,2011,UNIFIED_JSR_PASS,True,20.0,20.0,0.0,unified/pass,True,PASS,PASS,,1.709452708262896,1.0,1.0,165,3,0,0,2.8848812761919667,TARGET_PRESERVED,2.065707987640053,839458,-inf
FMNoiseAimedJam,WLN_p10_o6,20.0,2012,UNIFIED_JSR_PASS,True,20.0,20.0,0.0,unified/pass,True,PASS,PASS,,2.095992780033807,0.0,0.0,351,352,1,1,2.8848812761919667,TARGET_PRESERVED,2.0817090407945216,839306,-29.12817457067446
FMNoiseAimedJam,WLN_p10_o6,20.0,2013,UNIFIED_JSR_PASS,True,20.0,20.0,0.0,unified/pass,True,PASS,PASS,,1.329924074527435,0.0,0.0,2,2,0,0,2.8848812761919667,TARGET_PRESERVED,2.0868339925073087,839509,-inf
FMNoiseAimedJam,WLN_p10_o6,20.0,2014,UNIFIED_JSR_PASS,True,20.0,20.0,0.0,unified/pass,True,PASS,PASS,,1.9327803201542189,0.0,0.0,180,180,1,1,2.8848812761919667,TARGET_PRESERVED,2.0861669909209013,839260,-29.107433467040767
FMNoiseAimedJam,WLN_p10_o6,20.0,2015,UNIFIED_JSR_PASS,True,20.0,19.999999999999996,-3.552713678800501e-15,unified/pass,True,PASS,PASS,,1.2763756183083252,0.0,0.0,1,1,0,0,2.8848812761919667,TARGET_PRESERVED,2.0961250411346555,839428,-inf
FMNoiseAimedJam,WLN_p10_o6,20.0,2016,UNIFIED_JSR_PASS,True,20.0,20.0,0.0,unified/pass,True,PASS,PASS,,1.7957943715376068,0.0,0.0,147,147,0,0,2.8848812761919667,TARGET_PRESERVED,2.084959007333964,839405,-inf
FMNoiseAimedJam,WLN_p10_o6,20.0,2017,UNIFIED_JSR_PASS,True,20.0,20.0,0.0,unified/pass,True,PASS,PASS,,2.5676958717553866,0.0,0.0,163,163,0,0,2.8848812761919667,TARGET_PRESERVED,2.0716250292025506,839109,-inf
FMNoiseAimedJam,WLN_p10_o6,20.0,2018,UNIFIED_JSR_PASS,True,20.0,19.999999999999996,-3.552713678800501e-15,unified/pass,True,PASS,PASS,,1.690383994019859,0.0,0.0,163,163,0,0,2.8848812761919667,TARGET_PRESERVED,2.0955830113962293,839492,-inf
FMNoiseAimedJam,WLN_p10_o6,20.0,2019,UNIFIED_JSR_PASS,True,20.0,20.0,0.0,unified/pass,True,PASS,PASS,,2.339584892073672,0.0,0.0,281,281,1,1,2.8848812761919667,TARGET_PRESERVED,2.061833976767957,839116,-31.60378376902445
FMNoiseAimedJam,WLN_p10_o6,20.0,2020,UNIFIED_JSR_PASS,True,20.0,20.0,0.0,unified/pass,True,PASS,PASS,,1.778815429463842,0.0,0.0,618,3,2,1,2.8848812761919667,TARGET_PRESERVED,2.068874950055033,839364,-31.87171080747926
FMNoiseAimedJam,WLN_p10_o6,20.0,2021,UNIFIED_JSR_PASS,True,20.0,20.0,0.0,unified/pass,True,PASS,PASS,,2.0306037387783764,0.0,0.0,440,3,0,0,2.8848812761919667,TARGET_PRESERVED,2.078582998365164,839234,-inf
FMNoiseAimedJam,WLN_p10_o6,20.0,2022,UNIFIED_JSR_PASS,True,20.0,20.0,0.0,unified/pass,True,PASS,PASS,,2.0969759951871563,0.0,0.0,103,4,1,1,2.8848812761919667,TARGET_PRESERVED,2.059374994132668,839420,-31.60381461078764
FMNoiseAimedJam,WLN_p10_o6,20.0,2023,UNIFIED_JSR_PASS,True,20.0,20.0,0.0,unified/pass,True,PASS,PASS,,1.1987445498721705,0.0,0.0,2,1,0,0,2.8848812761919667,TARGET_PRESERVED,2.0937499939464033,839380,-inf
FMNoiseAimedJam,WLN_p10_o6,20.0,2024,UNIFIED_JSR_PASS,True,20.0,20.0,0.0,unified/pass,True,PASS,PASS,,2.4074606818033164,0.0,0.0,72,2,0,0,2.8848812761919667,TARGET_PRESERVED,2.0633329986594617,839405,-inf
FMNoiseAimedJam,WLN_p10_o6,20.0,2025,UNIFIED_JSR_PASS,True,20.0,20.0,0.0,unified/pass,True,PASS,PASS,,2.5047587061158065,0.0,0.0,315,315,1,0,2.8848812761919667,TARGET_PRESERVED,2.0495419739745557,839364,-inf
FMNoiseAimedJam,WLN_p10_o6,20.0,2026,UNIFIED_JSR_PASS,True,20.0,19.999999999999996,-3.552713678800501e-15,unified/pass,True,PASS,PASS,,2.0447131198402584,0.0,0.0,400,1,0,0,2.8848812761919667,TARGET_PRESERVED,2.0708749652840197,839278,-inf
FMNoiseAimedJam,WLN_p10_o6,20.0,2027,UNIFIED_JSR_PASS,True,20.0,20.0,0.0,unified/pass,True,PASS,PASS,,2.9116105160091426,0.0,0.0,549,452,0,0,2.8848812761919667,TARGET_PRESERVED,2.085791027639061,839604,-inf
FMNoiseAimedJam,WLN_p10_o6,20.0,2028,UNIFIED_JSR_PASS,True,20.0,20.0,0.0,unified/pass,True,PASS,PASS,,1.968694030851676,0.0,0.0,298,298,0,0,2.8848812761919667,TARGET_PRESERVED,2.0709160016849637,839412,-inf
FMNoiseAimedJam,WLN_p10_o6,20.0,2029,UNIFIED_JSR_PASS,True,20.0,19.999999999999996,-3.552713678800501e-15,unified/pass,True,PASS,PASS,,2.612647104107566,0.0,0.0,513,513,0,0,2.8848812761919667,TARGET_PRESERVED,2.0752499694935977,839456,-inf
FMNoiseAimedJam,WLN_p10_o6,30.0,2000,UNIFIED_JSR_PASS,True,30.0,30.0,0.0,unified/pass,True,PASS,PASS,,0.9821729287524175,0.0,0.0,249,249,0,0,2.8848812761919667,TARGET_PRESERVED,2.060958999209106,839322,-inf
FMNoiseAimedJam,WLN_p10_o6,30.0,2001,UNIFIED_JSR_PASS,True,30.0,30.0,0.0,unified/pass,True,PASS,PASS,,1.5863358567169294,0.0,0.0,608,608,0,0,2.8848812761919667,TARGET_PRESERVED,2.0723749767057598,839398,-inf
FMNoiseAimedJam,WLN_p10_o6,30.0,2002,UNIFIED_JSR_PASS,True,30.0,30.0,0.0,unified/pass,True,PASS,PASS,,1.0622159194876968,0.0,0.0,462,463,1,1,2.8848812761919667,TARGET_PRESERVED,2.083832980133593,839466,-38.55288480090944
FMNoiseAimedJam,WLN_p10_o6,30.0,2003,UNIFIED_JSR_PASS,True,30.0,30.0,0.0,unified/pass,True,PASS,PASS,,1.323094099090146,0.0,0.0,73,74,0,0,2.8848812761919667,TARGET_PRESERVED,2.0899169612675905,839581,-inf
FMNoiseAimedJam,WLN_p10_o6,30.0,2004,UNIFIED_JSR_PASS,True,30.0,30.0,0.0,unified/pass,True,PASS,PASS,,-0.7750988559220566,0.0,0.0,465,465,0,0,2.8848812761919667,TARGET_PRESERVED,2.0657500135712326,839490,-inf
FMNoiseAimedJam,WLN_p10_o6,30.0,2005,UNIFIED_JSR_PASS,True,30.0,30.0,0.0,unified/pass,True,PASS,PASS,,1.110280820213509,0.0,0.0,418,419,0,0,2.8848812761919667,TARGET_PRESERVED,2.064333006273955,839402,-inf
FMNoiseAimedJam,WLN_p10_o6,30.0,2006,UNIFIED_JSR_PASS,True,30.0,30.0,0.0,unified/pass,True,PASS,PASS,,0.9644745879911234,0.0,0.0,417,417,1,1,2.8848812761919667,TARGET_PRESERVED,2.03458295436576,839403,-34.28402731102766
FMNoiseAimedJam,WLN_p10_o6,30.0,2007,UNIFIED_JSR_PASS,True,30.0,30.0,0.0,unified/pass,True,PASS,PASS,,1.8177024719633987,0.0,0.0,158,158,0,0,2.8848812761919667,TARGET_PRESERVED,2.067333029117435,839761,-inf
FMNoiseAimedJam,WLN_p10_o6,30.0,2008,UNIFIED_JSR_PASS,True,30.0,30.0,0.0,unified/pass,True,PASS,PASS,,0.5824294886099981,0.0,0.0,509,2,0,0,2.8848812761919667,TARGET_PRESERVED,2.0494579803198576,839310,-inf
FMNoiseAimedJam,WLN_p10_o6,30.0,2009,UNIFIED_JSR_PASS,True,30.0,30.0,0.0,unified/pass,True,PASS,PASS,,1.6799561161323764,0.0,0.0,325,325,0,0,2.8848812761919667,TARGET_PRESERVED,2.0852499874308705,839453,-inf
FMNoiseAimedJam,WLN_p10_o6,30.0,2010,UNIFIED_JSR_PASS,True,30.0,30.0,0.0,unified/pass,True,PASS,PASS,,0.7335518328416448,0.0,0.0,286,286,0,0,2.8848812761919667,TARGET_PRESERVED,2.0743749919347465,839305,-inf
FMNoiseAimedJam,WLN_p10_o6,30.0,2011,UNIFIED_JSR_PASS,True,30.0,30.0,0.0,unified/pass,True,PASS,PASS,,1.0006921906891701,0.0,0.0,165,166,0,0,2.8848812761919667,TARGET_PRESERVED,2.0675419946201146,839257,-inf
FMNoiseAimedJam,WLN_p10_o6,30.0,2012,UNIFIED_JSR_PASS,True,30.0,30.0,0.0,unified/pass,True,PASS,PASS,,1.4034752202834397,0.0,0.0,351,352,1,1,2.8848812761919667,TARGET_PRESERVED,2.0422079833224416,839267,-33.47672371255443
FMNoiseAimedJam,WLN_p10_o6,30.0,2013,UNIFIED_JSR_PASS,True,30.0,30.0,0.0,unified/pass,True,PASS,PASS,,0.6046765553083304,0.0,0.0,282,282,0,0,2.8848812761919667,TARGET_PRESERVED,2.0871659507974982,839440,-inf
FMNoiseAimedJam,WLN_p10_o6,30.0,2014,UNIFIED_JSR_PASS,True,30.0,30.0,0.0,unified/pass,True,PASS,PASS,,0.885446173156824,0.0,0.0,180,180,1,1,2.8848812761919667,TARGET_PRESERVED,2.0883340039290488,839172,-37.81284319861268
FMNoiseAimedJam,WLN_p10_o6,30.0,2015,UNIFIED_JSR_PASS,True,30.0,30.0,0.0,unified/pass,True,PASS,PASS,,0.5062554317935568,0.0,0.0,14,2,0,0,2.8848812761919667,TARGET_PRESERVED,2.0992920035496354,839474,-inf
FMNoiseAimedJam,WLN_p10_o6,30.0,2016,UNIFIED_JSR_PASS,True,30.0,30.0,0.0,unified/pass,True,PASS,PASS,,1.4627246175780977,0.0,0.0,147,147,0,0,2.8848812761919667,TARGET_PRESERVED,2.161292009986937,839356,-inf
FMNoiseAimedJam,WLN_p10_o6,30.0,2017,UNIFIED_JSR_PASS,True,30.0,30.0,0.0,unified/pass,True,PASS,PASS,,2.725368598516792,0.0,0.0,163,163,0,0,2.8848812761919667,TARGET_PRESERVED,2.078791963867843,839504,-inf
FMNoiseAimedJam,WLN_p10_o6,30.0,2018,UNIFIED_JSR_PASS,True,30.0,30.0,0.0,unified/pass,True,PASS,PASS,,0.7306804878610311,0.0,0.0,163,163,0,0,2.8848812761919667,TARGET_PRESERVED,2.08508298965171,839504,-inf
FMNoiseAimedJam,WLN_p10_o6,30.0,2019,UNIFIED_JSR_PASS,True,30.0,30.0,0.0,unified/pass,True,PASS,PASS,,0.676320679436051,0.0,0.0,281,281,1,1,2.8848812761919667,TARGET_PRESERVED,2.0946250297129154,839255,-37.86908186245637
FMNoiseAimedJam,WLN_p10_o6,30.0,2020,UNIFIED_JSR_PASS,True,30.0,30.0,0.0,unified/pass,True,PASS,PASS,,0.8762764858022578,0.0,0.0,618,271,2,1,2.8848812761919667,TARGET_PRESERVED,2.097457996569574,839523,-37.32969005755225
FMNoiseAimedJam,WLN_p10_o6,30.0,2021,UNIFIED_JSR_PASS,True,30.0,30.0,0.0,unified/pass,True,PASS,PASS,,1.2713571653211737,0.0,0.0,440,440,0,0,2.8848812761919667,TARGET_PRESERVED,2.073042036499828,839731,-inf
FMNoiseAimedJam,WLN_p10_o6,30.0,2022,UNIFIED_JSR_PASS,True,30.0,30.0,0.0,unified/pass,True,PASS,PASS,,0.2555101121468102,0.0,0.0,104,104,1,1,2.8848812761919667,TARGET_PRESERVED,2.0810840069316328,839405,-36.641502985884784
FMNoiseAimedJam,WLN_p10_o6,30.0,2023,UNIFIED_JSR_PASS,True,30.0,30.0,0.0,unified/pass,True,PASS,PASS,,0.6160877843680144,0.0,0.0,3,2,0,0,2.8848812761919667,TARGET_PRESERVED,2.0714589627459645,839460,-inf
FMNoiseAimedJam,WLN_p10_o6,30.0,2024,UNIFIED_JSR_PASS,True,30.0,30.0,0.0,unified/pass,True,PASS,PASS,,1.270528682958675,0.0,0.0,72,72,0,0,2.8848812761919667,TARGET_PRESERVED,2.0706250215880573,839293,-inf
FMNoiseAimedJam,WLN_p10_o6,30.0,2025,UNIFIED_JSR_PASS,True,30.0,30.0,0.0,unified/pass,True,PASS,PASS,,0.5794116549182551,0.0,0.0,315,315,1,0,2.8848812761919667,TARGET_PRESERVED,2.0896250498481095,839549,-inf
FMNoiseAimedJam,WLN_p10_o6,30.0,2026,UNIFIED_JSR_PASS,True,30.0,30.0,0.0,unified/pass,True,PASS,PASS,,1.5226723544507808,0.0,0.0,400,400,0,0,2.8848812761919667,TARGET_PRESERVED,2.0675829728133976,839581,-inf
FMNoiseAimedJam,WLN_p10_o6,30.0,2027,UNIFIED_JSR_PASS,True,30.0,30.0,0.0,unified/pass,True,PASS,PASS,,4.229687264722262,0.0,0.0,549,452,0,0,2.8848812761919667,TARGET_PRESERVED,2.064333006273955,839548,-inf
FMNoiseAimedJam,WLN_p10_o6,30.0,2028,UNIFIED_JSR_PASS,True,30.0,30.0,0.0,unified/pass,True,PASS,PASS,,1.4187214115708926,0.0,0.0,298,298,0,0,2.8848812761919667,TARGET_PRESERVED,2.06641701515764,839354,-inf
FMNoiseAimedJam,WLN_p10_o6,30.0,2029,UNIFIED_JSR_PASS,True,30.0,30.0,0.0,unified/pass,True,PASS,PASS,,1.2906069441640833,0.0,0.0,514,513,0,0,2.8848812761919667,TARGET_PRESERVED,2.1487080375663936,839157,-inf
FMNoiseSaopin,Current_WLN,10.0,2000,UNIFIED_JSR_PASS,True,10.0,9.999999999999998,-1.7763568394002505e-15,unified/pass,True,PASS,PASS,,8.068919525942654,1.0,1.0,0,0,0,0,1.7542552869168084,TARGET_PRESERVED,2.1191659616306424,839957,-inf
FMNoiseSaopin,Current_WLN,10.0,2001,UNIFIED_JSR_PASS,True,10.0,10.0,0.0,unified/pass,True,PASS,PASS,,0.1338840183673824,1.0,1.0,0,0,1,1,1.7542552869168084,TARGET_PRESERVED,2.053083968348801,839446,-31.029296650880006
FMNoiseSaopin,Current_WLN,10.0,2002,UNIFIED_JSR_PASS,True,10.0,10.0,0.0,unified/pass,True,PASS,PASS,,4.549987265306942,1.0,1.0,0,0,0,0,1.7542552869168084,TARGET_PRESERVED,2.112667018081993,839433,-inf
FMNoiseSaopin,Current_WLN,10.0,2003,UNIFIED_JSR_PASS,True,10.0,10.0,0.0,unified/pass,True,PASS,PASS,,0.20022829056550506,1.0,1.0,0,0,3,2,1.7542552869168084,TARGET_PRESERVED,2.0669170189648867,839388,-30.17429819989688
FMNoiseSaopin,Current_WLN,10.0,2004,UNIFIED_JSR_PASS,True,10.0,10.0,0.0,unified/pass,True,PASS,PASS,,8.234294577017934,1.0,1.0,0,0,0,0,1.7542552869168084,TARGET_PRESERVED,2.0800410420633852,839503,-inf
FMNoiseSaopin,Current_WLN,10.0,2005,UNIFIED_JSR_PASS,True,10.0,9.999999999999998,-1.7763568394002505e-15,unified/pass,True,PASS,PASS,,4.457391089907556,1.0,1.0,0,0,0,0,1.7542552869168084,TARGET_PRESERVED,2.076416974887252,839642,-inf
FMNoiseSaopin,Current_WLN,10.0,2006,UNIFIED_JSR_PASS,True,10.0,10.0,0.0,unified/pass,True,PASS,PASS,,0.24972818363384874,1.0,1.0,0,0,0,0,1.7542552869168084,TARGET_PRESERVED,2.0786249660886824,839800,-inf
FMNoiseSaopin,Current_WLN,10.0,2007,UNIFIED_JSR_PASS,True,10.0,10.0,0.0,unified/pass,True,PASS,PASS,,6.227997119066114,1.0,1.0,0,0,0,0,1.7542552869168084,TARGET_PRESERVED,2.0742079941555858,839485,-inf
FMNoiseSaopin,Current_WLN,10.0,2008,UNIFIED_JSR_PASS,True,10.0,10.0,0.0,unified/pass,True,PASS,PASS,,6.268425018086312,1.0,1.0,0,0,0,0,1.7542552869168084,TARGET_PRESERVED,2.085791027639061,839450,-inf
FMNoiseSaopin,Current_WLN,10.0,2009,UNIFIED_JSR_PASS,True,10.0,10.0,0.0,unified/pass,True,PASS,PASS,,8.160144651772946,1.0,1.0,0,0,0,0,1.7542552869168084,TARGET_PRESERVED,2.0796669996343553,839448,-inf
FMNoiseSaopin,Current_WLN,10.0,2010,UNIFIED_JSR_PASS,True,10.0,10.0,0.0,unified/pass,True,PASS,PASS,,0.09451673912027303,1.0,1.0,0,0,0,0,1.7542552869168084,TARGET_PRESERVED,2.089165966026485,839387,-inf
FMNoiseSaopin,Current_WLN,10.0,2011,UNIFIED_JSR_PASS,True,10.0,9.999999999999998,-1.7763568394002505e-15,unified/pass,True,PASS,PASS,,6.193816183034542,1.0,1.0,0,0,1,0,1.7542552869168084,TARGET_PRESERVED,2.455500012729317,839886,-inf
FMNoiseSaopin,Current_WLN,10.0,2012,UNIFIED_JSR_PASS,True,10.0,10.0,0.0,unified/pass,True,PASS,PASS,,7.931173084686165,1.0,1.0,0,0,0,0,1.7542552869168084,TARGET_PRESERVED,2.187750011216849,839428,-inf
FMNoiseSaopin,Current_WLN,10.0,2013,UNIFIED_JSR_PASS,True,10.0,10.0,0.0,unified/pass,True,PASS,PASS,,8.184386596077577,1.0,1.0,0,0,1,1,1.7542552869168084,TARGET_PRESERVED,2.1150000393390656,839393,-30.774154350248665
FMNoiseSaopin,Current_WLN,10.0,2014,UNIFIED_JSR_PASS,True,10.0,10.0,0.0,unified/pass,True,PASS,PASS,,0.24275585850357828,1.0,1.0,0,0,1,1,1.7542552869168084,TARGET_PRESERVED,2.1979999728500843,839431,-30.918549615467818
FMNoiseSaopin,Current_WLN,10.0,2015,UNIFIED_JSR_PASS,True,10.0,10.0,0.0,unified/pass,True,PASS,PASS,,8.155454597120858,1.0,1.0,0,0,0,0,1.7542552869168084,TARGET_PRESERVED,2.132416993845254,839629,-inf
FMNoiseSaopin,Current_WLN,10.0,2016,UNIFIED_JSR_PASS,True,10.0,10.0,0.0,unified/pass,True,PASS,PASS,,6.322888293451989,1.0,1.0,0,0,0,0,1.7542552869168084,TARGET_PRESERVED,2.084875013679266,839487,-inf
FMNoiseSaopin,Current_WLN,10.0,2017,UNIFIED_JSR_PASS,True,10.0,10.0,0.0,unified/pass,True,PASS,PASS,,6.277191688185638,1.0,1.0,0,0,0,0,1.7542552869168084,TARGET_PRESERVED,2.0693749538622797,839203,-inf
FMNoiseSaopin,Current_WLN,10.0,2018,UNIFIED_JSR_PASS,True,10.0,10.0,0.0,unified/pass,True,PASS,PASS,,8.214099919976618,1.0,1.0,0,0,0,0,1.7542552869168084,TARGET_PRESERVED,2.1078329882584512,839589,-inf
FMNoiseSaopin,Current_WLN,10.0,2019,UNIFIED_JSR_PASS,True,10.0,10.0,0.0,unified/pass,True,PASS,PASS,,0.20519196823368446,1.0,1.0,0,0,1,1,1.7542552869168084,TARGET_PRESERVED,2.1107500069774687,839294,-28.615625814768308
FMNoiseSaopin,Current_WLN,10.0,2020,UNIFIED_JSR_PASS,True,10.0,9.999999999999998,-1.7763568394002505e-15,unified/pass,True,PASS,PASS,,0.2288719228267908,1.0,1.0,0,0,0,0,1.7542552869168084,TARGET_PRESERVED,2.1126250503584743,839427,-inf
FMNoiseSaopin,Current_WLN,10.0,2021,UNIFIED_JSR_PASS,True,10.0,10.0,0.0,unified/pass,True,PASS,PASS,,0.08763571692182381,1.0,1.0,0,0,0,0,1.7542552869168084,TARGET_PRESERVED,2.085749991238117,839300,-inf
FMNoiseSaopin,Current_WLN,10.0,2022,UNIFIED_JSR_PASS,True,10.0,10.0,0.0,unified/pass,True,PASS,PASS,,4.511149890557583,1.0,1.0,0,0,0,0,1.7542552869168084,TARGET_PRESERVED,2.063249994534999,839441,-inf
FMNoiseSaopin,Current_WLN,10.0,2023,UNIFIED_JSR_PASS,True,10.0,10.0,0.0,unified/pass,True,PASS,PASS,,6.402073630317865,1.0,1.0,0,0,0,0,1.7542552869168084,TARGET_PRESERVED,2.0628339843824506,839341,-inf
FMNoiseSaopin,Current_WLN,10.0,2024,UNIFIED_JSR_PASS,True,10.0,10.0,0.0,unified/pass,True,PASS,PASS,,0.2925866974830882,1.0,1.0,0,0,0,1,1.7542552869168084,TARGET_PRESERVED,2.0754580036737025,839441,-33.25023318013503
FMNoiseSaopin,Current_WLN,10.0,2025,UNIFIED_JSR_PASS,True,10.0,9.999999999999998,-1.7763568394002505e-15,unified/pass,True,PASS,PASS,,8.171110472536292,1.0,1.0,0,0,1,1,1.7542552869168084,TARGET_PRESERVED,2.057500008959323,839405,-29.429644084271796
FMNoiseSaopin,Current_WLN,10.0,2026,UNIFIED_JSR_PASS,True,10.0,10.0,0.0,unified/pass,True,PASS,PASS,,4.47777783009953,1.0,1.0,0,0,0,0,1.7542552869168084,TARGET_PRESERVED,2.1354160271584988,839527,-inf
FMNoiseSaopin,Current_WLN,10.0,2027,UNIFIED_JSR_PASS,True,10.0,10.0,0.0,unified/pass,True,PASS,PASS,,4.433672654788765,1.0,1.0,0,0,2,1,1.7542552869168084,TARGET_PRESERVED,2.121000026818365,839395,-34.712590791478036
FMNoiseSaopin,Current_WLN,10.0,2028,UNIFIED_JSR_PASS,True,10.0,9.999999999999998,-1.7763568394002505e-15,unified/pass,True,PASS,PASS,,8.048510420946258,1.0,1.0,0,0,2,2,1.7542552869168084,TARGET_PRESERVED,2.073249954264611,839484,-28.965402492640866
FMNoiseSaopin,Current_WLN,10.0,2029,UNIFIED_JSR_PASS,True,10.0,10.0,0.0,unified/pass,True,PASS,PASS,,8.08403163885017,1.0,1.0,0,0,0,1,1.7542552869168084,TARGET_PRESERVED,2.09704099688679,839420,-30.177920862906934
FMNoiseSaopin,Current_WLN,20.0,2000,UNIFIED_JSR_PASS,True,20.0,19.999999999999996,-3.552713678800501e-15,unified/pass,True,PASS,PASS,,15.353624201943163,1.0,1.0,0,0,0,0,1.7542552869168084,TARGET_PRESERVED,2.0760420011356473,839550,-inf
FMNoiseSaopin,Current_WLN,20.0,2001,UNIFIED_JSR_PASS,True,20.0,20.0,0.0,unified/pass,True,PASS,PASS,,3.8578849722774073,1.0,1.0,0,0,1,1,1.7542552869168084,TARGET_PRESERVED,2.048583992291242,839201,-31.41163287814404
FMNoiseSaopin,Current_WLN,20.0,2002,UNIFIED_JSR_PASS,True,20.0,20.0,0.0,unified/pass,True,PASS,PASS,,7.85706157395712,1.0,1.0,0,0,0,0,1.7542552869168084,TARGET_PRESERVED,2.068125002551824,839515,-inf
FMNoiseSaopin,Current_WLN,20.0,2003,UNIFIED_JSR_PASS,True,20.0,20.0,0.0,unified/pass,True,PASS,PASS,,3.956114232088858,1.0,1.0,0,0,2,2,1.7542552869168084,TARGET_PRESERVED,2.0415419712662697,839356,-31.57329654508624
FMNoiseSaopin,Current_WLN,20.0,2004,UNIFIED_JSR_PASS,True,20.0,19.999999999999996,-3.552713678800501e-15,unified/pass,True,PASS,PASS,,15.318682757181712,1.0,1.0,1195,0,0,1,1.7542552869168084,TARGET_PRESERVED,2.0862920209765434,839462,-34.892943621185566
FMNoiseSaopin,Current_WLN,20.0,2005,UNIFIED_JSR_PASS,True,20.0,20.0,0.0,unified/pass,True,PASS,PASS,,7.71806060210319,1.0,1.0,0,0,0,0,1.7542552869168084,TARGET_PRESERVED,2.0496659562923014,839300,-inf
FMNoiseSaopin,Current_WLN,20.0,2006,UNIFIED_JSR_PASS,True,20.0,20.0,0.0,unified/pass,True,PASS,PASS,,4.105681669854484,1.0,1.0,0,0,0,0,1.7542552869168084,TARGET_PRESERVED,2.0712920231744647,839305,-inf
FMNoiseSaopin,Current_WLN,20.0,2007,UNIFIED_JSR_PASS,True,20.0,20.0,0.0,unified/pass,True,PASS,PASS,,8.632147859516675,1.0,1.0,0,0,0,0,1.7542552869168084,TARGET_PRESERVED,2.053916046861559,839346,-inf
FMNoiseSaopin,Current_WLN,20.0,2008,UNIFIED_JSR_PASS,True,20.0,19.999999999999996,-3.552713678800501e-15,unified/pass,True,PASS,PASS,,8.812299834084667,1.0,1.0,0,0,0,0,1.7542552869168084,TARGET_PRESERVED,2.0414169994182885,839346,-inf
FMNoiseSaopin,Current_WLN,20.0,2009,UNIFIED_JSR_PASS,True,20.0,19.999999999999996,-3.552713678800501e-15,unified/pass,True,PASS,PASS,,15.48974082480216,1.0,1.0,0,0,0,0,1.7542552869168084,TARGET_PRESERVED,2.084874955471605,839344,-inf
FMNoiseSaopin,Current_WLN,20.0,2010,UNIFIED_JSR_PASS,True,20.0,20.0,0.0,unified/pass,True,PASS,PASS,,3.820542059150249,1.0,1.0,0,0,0,0,1.7542552869168084,TARGET_PRESERVED,2.057708043139428,839307,-inf
FMNoiseSaopin,Current_WLN,20.0,2011,UNIFIED_JSR_PASS,True,20.0,20.0,0.0,unified/pass,True,PASS,PASS,,8.685934362447187,1.0,1.0,0,0,1,0,1.7542552869168084,TARGET_PRESERVED,2.0434579928405583,839356,-inf
FMNoiseSaopin,Current_WLN,20.0,2012,UNIFIED_JSR_PASS,True,20.0,20.0,0.0,unified/pass,True,PASS,PASS,,15.205096773573908,1.0,1.0,0,0,0,0,1.7542552869168084,TARGET_PRESERVED,2.0714999991469085,839418,-inf
FMNoiseSaopin,Current_WLN,20.0,2013,UNIFIED_JSR_PASS,True,20.0,19.999999999999996,-3.552713678800501e-15,unified/pass,True,PASS,PASS,,14.809924582119818,1.0,1.0,0,0,1,1,1.7542552869168084,TARGET_PRESERVED,2.0887500140815973,839252,-31.409260104000722
FMNoiseSaopin,Current_WLN,20.0,2014,UNIFIED_JSR_PASS,True,20.0,20.0,0.0,unified/pass,True,PASS,PASS,,4.005855179196065,1.0,1.0,0,0,1,1,1.7542552869168084,TARGET_PRESERVED,2.0863329991698265,839416,-32.33916935900097
FMNoiseSaopin,Current_WLN,20.0,2015,UNIFIED_JSR_PASS,True,20.0,20.0,0.0,unified/pass,True,PASS,PASS,,15.51456659273211,1.0,1.0,0,0,0,0,1.7542552869168084,TARGET_PRESERVED,2.1067499765194952,839520,-inf
FMNoiseSaopin,Current_WLN,20.0,2016,UNIFIED_JSR_PASS,True,20.0,20.0,0.0,unified/pass,True,PASS,PASS,,9.016386787990857,1.0,1.0,0,0,0,0,1.7542552869168084,TARGET_PRESERVED,2.0427920389920473,839448,-inf
FMNoiseSaopin,Current_WLN,20.0,2017,UNIFIED_JSR_PASS,True,20.0,20.0,0.0,unified/pass,True,PASS,PASS,,9.014324682746595,1.0,1.0,0,0,0,0,1.7542552869168084,TARGET_PRESERVED,2.067624998744577,839434,-inf
FMNoiseSaopin,Current_WLN,20.0,2018,UNIFIED_JSR_PASS,True,20.0,20.0,0.0,unified/pass,True,PASS,PASS,,15.507389158069468,1.0,1.0,780,0,0,0,1.7542552869168084,TARGET_PRESERVED,2.0619999850168824,839305,-inf
FMNoiseSaopin,Current_WLN,20.0,2019,UNIFIED_JSR_PASS,True,20.0,20.0,0.0,unified/pass,True,PASS,PASS,,3.9916152516150554,1.0,1.0,0,0,1,1,1.7542552869168084,TARGET_PRESERVED,2.0747920498251915,839451,-30.07559170924101
FMNoiseSaopin,Current_WLN,20.0,2020,UNIFIED_JSR_PASS,True,20.0,19.999999999999996,-3.552713678800501e-15,unified/pass,True,PASS,PASS,,3.9918175376769085,1.0,1.0,0,0,0,0,1.7542552869168084,TARGET_PRESERVED,2.084999985527247,839423,-inf
FMNoiseSaopin,Current_WLN,20.0,2021,UNIFIED_JSR_PASS,True,20.0,20.0,0.0,unified/pass,True,PASS,PASS,,3.618447124248295,1.0,1.0,0,0,0,0,1.7542552869168084,TARGET_PRESERVED,2.060375001747161,839312,-inf
FMNoiseSaopin,Current_WLN,20.0,2022,UNIFIED_JSR_PASS,True,20.0,20.0,0.0,unified/pass,True,PASS,PASS,,7.596784210340768,1.0,1.0,0,0,0,0,1.7542552869168084,TARGET_PRESERVED,2.0986670278944075,839339,-inf
FMNoiseSaopin,Current_WLN,20.0,2023,UNIFIED_JSR_PASS,True,20.0,20.0,0.0,unified/pass,True,PASS,PASS,,9.080983756100004,1.0,1.0,0,0,0,0,1.7542552869168084,TARGET_PRESERVED,2.0600000279955566,839453,-inf
FMNoiseSaopin,Current_WLN,20.0,2024,UNIFIED_JSR_PASS,True,20.0,20.0,0.0,unified/pass,True,PASS,PASS,,4.109518470952253,1.0,1.0,0,0,0,0,1.7542552869168084,TARGET_PRESERVED,2.0750000257976353,839305,-inf
FMNoiseSaopin,Current_WLN,20.0,2025,UNIFIED_JSR_PASS,True,20.0,20.0,0.0,unified/pass,True,PASS,PASS,,15.337561326292203,1.0,1.0,0,0,1,1,1.7542552869168084,TARGET_PRESERVED,2.029125054832548,839298,-29.625321666890294
FMNoiseSaopin,Current_WLN,20.0,2026,UNIFIED_JSR_PASS,True,20.0,20.0,0.0,unified/pass,True,PASS,PASS,,7.309683965002478,1.0,1.0,0,0,0,0,1.7542552869168084,TARGET_PRESERVED,2.081874990835786,839615,-inf
FMNoiseSaopin,Current_WLN,20.0,2027,UNIFIED_JSR_PASS,True,20.0,20.0,0.0,unified/pass,True,PASS,PASS,,7.4316414612653965,1.0,1.0,0,0,2,1,1.7542552869168084,TARGET_PRESERVED,2.031249983701855,839439,-36.050278440052594
FMNoiseSaopin,Current_WLN,20.0,2028,UNIFIED_JSR_PASS,True,20.0,20.0,0.0,unified/pass,True,PASS,PASS,,15.356251544493688,1.0,1.0,0,0,2,2,1.7542552869168084,TARGET_PRESERVED,2.050250011961907,839462,-29.04158458578395
FMNoiseSaopin,Current_WLN,20.0,2029,UNIFIED_JSR_PASS,True,20.0,20.0,0.0,unified/pass,True,PASS,PASS,,15.36259819871998,1.0,1.0,0,0,0,1,1.7542552869168084,TARGET_PRESERVED,2.0957079832442105,839474,-30.270117404992533
FMNoiseSaopin,Current_WLN,30.0,2000,UNIFIED_JSR_PASS,True,30.0,30.0,0.0,unified/pass,True,PASS,PASS,,20.265187028815664,1.0,1.0,1276,0,0,0,1.7542552869168084,TARGET_PRESERVED,2.069333044346422,839344,-inf
FMNoiseSaopin,Current_WLN,30.0,2001,UNIFIED_JSR_PASS,True,30.0,30.0,0.0,unified/pass,True,PASS,PASS,,6.411429039171654,1.0,1.0,1,0,1,1,1.7542552869168084,TARGET_PRESERVED,2.03758297720924,839344,-31.523846107005223
FMNoiseSaopin,Current_WLN,30.0,2002,UNIFIED_JSR_PASS,True,30.0,30.0,0.0,unified/pass,True,PASS,PASS,,8.947807839335052,1.0,1.0,1410,0,0,0,1.7542552869168084,TARGET_PRESERVED,2.0703329937532544,839465,-inf
FMNoiseSaopin,Current_WLN,30.0,2003,UNIFIED_JSR_PASS,True,30.0,30.0,0.0,unified/pass,True,PASS,PASS,,6.285036924894225,1.0,1.0,1,0,2,2,1.7542552869168084,TARGET_PRESERVED,2.0449580042622983,839206,-32.28921131984562
FMNoiseSaopin,Current_WLN,30.0,2004,UNIFIED_JSR_PASS,True,30.0,30.0,0.0,unified/pass,True,PASS,PASS,,19.120332953770927,1.0,1.0,1195,0,0,0,1.7542552869168084,TARGET_PRESERVED,2.087000000756234,839326,-inf
FMNoiseSaopin,Current_WLN,30.0,2005,UNIFIED_JSR_PASS,True,30.0,30.0,0.0,unified/pass,True,PASS,PASS,,8.98606182922121,1.0,1.0,1411,0,0,0,1.7542552869168084,TARGET_PRESERVED,2.0908750011585653,839305,-inf
FMNoiseSaopin,Current_WLN,30.0,2006,UNIFIED_JSR_PASS,True,30.0,30.0,0.0,unified/pass,True,PASS,PASS,,6.535430791023689,1.0,1.0,1,0,0,0,1.7542552869168084,TARGET_PRESERVED,2.064624975901097,839159,-inf
FMNoiseSaopin,Current_WLN,30.0,2007,UNIFIED_JSR_PASS,True,30.0,30.0,0.0,unified/pass,True,PASS,PASS,,9.541234558142417,1.0,1.0,1281,0,0,0,1.7542552869168084,TARGET_PRESERVED,2.048624970484525,839453,-inf
FMNoiseSaopin,Current_WLN,30.0,2008,UNIFIED_JSR_PASS,True,30.0,30.0,0.0,unified/pass,True,PASS,PASS,,9.81142544057185,1.0,1.0,1283,0,0,0,1.7542552869168084,TARGET_PRESERVED,2.055375021882355,839458,-inf
FMNoiseSaopin,Current_WLN,30.0,2009,UNIFIED_JSR_PASS,True,30.0,30.0,0.0,unified/pass,True,PASS,PASS,,21.556280957465088,1.0,1.0,1289,0,0,0,1.7542552869168084,TARGET_PRESERVED,2.0476250210776925,839305,-inf
FMNoiseSaopin,Current_WLN,30.0,2010,UNIFIED_JSR_PASS,True,30.0,30.0,0.0,unified/pass,True,PASS,PASS,,6.331316183877551,1.0,1.0,0,0,0,0,1.7542552869168084,TARGET_PRESERVED,2.0583749865181744,839446,-inf
FMNoiseSaopin,Current_WLN,30.0,2011,UNIFIED_JSR_PASS,True,30.0,30.0,0.0,unified/pass,True,PASS,PASS,,9.642541626736095,1.0,1.0,1151,0,1,0,1.7542552869168084,TARGET_PRESERVED,2.019125036895275,839257,-inf
FMNoiseSaopin,Current_WLN,30.0,2012,UNIFIED_JSR_PASS,True,30.0,30.0,0.0,unified/pass,True,PASS,PASS,,20.140157961752344,1.0,1.0,1068,0,0,0,1.7542552869168084,TARGET_PRESERVED,2.067374996840954,839576,-inf
FMNoiseSaopin,Current_WLN,30.0,2013,UNIFIED_JSR_PASS,True,30.0,30.0,0.0,unified/pass,True,PASS,PASS,,17.975220675809286,1.0,1.0,713,0,1,2,1.7542552869168084,TARGET_PRESERVED,2.0450830343179405,839155,-26.808627554586014
FMNoiseSaopin,Current_WLN,30.0,2014,UNIFIED_JSR_PASS,True,30.0,30.0,0.0,unified/pass,True,PASS,PASS,,6.463089929895183,1.0,1.0,0,0,1,0,1.7542552869168084,TARGET_PRESERVED,2.078666992019862,839463,-inf
FMNoiseSaopin,Current_WLN,30.0,2015,UNIFIED_JSR_PASS,True,30.0,30.0,0.0,unified/pass,True,PASS,PASS,,21.399779033207263,1.0,1.0,1347,0,0,0,1.7542552869168084,TARGET_PRESERVED,2.064207976218313,839474,-inf
FMNoiseSaopin,Current_WLN,30.0,2016,UNIFIED_JSR_PASS,True,30.0,30.0,0.0,unified/pass,True,PASS,PASS,,10.07049370300632,1.0,1.0,561,0,0,0,1.7542552869168084,TARGET_PRESERVED,2.075333963148296,839305,-inf
FMNoiseSaopin,Current_WLN,30.0,2017,UNIFIED_JSR_PASS,True,30.0,30.0,0.0,unified/pass,True,PASS,PASS,,10.074976180892104,1.0,1.0,1259,0,0,0,1.7542552869168084,TARGET_PRESERVED,2.061875013168901,839346,-inf
FMNoiseSaopin,Current_WLN,30.0,2018,UNIFIED_JSR_PASS,True,30.0,30.0,0.0,unified/pass,True,PASS,PASS,,20.626793852962667,1.0,1.0,781,0,0,0,1.7542552869168084,TARGET_PRESERVED,2.049374976195395,839434,-inf
FMNoiseSaopin,Current_WLN,30.0,2019,UNIFIED_JSR_PASS,True,30.0,30.0,0.0,unified/pass,True,PASS,PASS,,6.364024215210179,1.0,1.0,0,0,1,1,1.7542552869168084,TARGET_PRESERVED,2.020540996454656,839344,-30.82735026217089
FMNoiseSaopin,Current_WLN,30.0,2020,UNIFIED_JSR_PASS,True,30.0,30.0,0.0,unified/pass,True,PASS,PASS,,6.427279493190756,1.0,1.0,1,0,0,0,1.7542552869168084,TARGET_PRESERVED,2.052875002846122,839407,-inf
FMNoiseSaopin,Current_WLN,30.0,2021,UNIFIED_JSR_PASS,True,30.0,30.0,0.0,unified/pass,True,PASS,PASS,,6.188471532523099,1.0,1.0,1,0,0,0,1.7542552869168084,TARGET_PRESERVED,2.082166029140353,839261,-inf
FMNoiseSaopin,Current_WLN,30.0,2022,UNIFIED_JSR_PASS,True,30.0,30.0,0.0,unified/pass,True,PASS,PASS,,8.758965212446586,1.0,1.0,1233,0,0,0,1.7542552869168084,TARGET_PRESERVED,2.0875419722869992,839254,-inf
FMNoiseSaopin,Current_WLN,30.0,2023,UNIFIED_JSR_PASS,True,30.0,30.0,0.0,unified/pass,True,PASS,PASS,,10.232232948262068,1.0,1.0,467,0,0,0,1.7542552869168084,TARGET_PRESERVED,2.068333968054503,839492,-inf
FMNoiseSaopin,Current_WLN,30.0,2024,UNIFIED_JSR_PASS,True,30.0,30.0,0.0,unified/pass,True,PASS,PASS,,6.525776694864998,1.0,1.0,1,0,0,0,1.7542552869168084,TARGET_PRESERVED,2.0804169471375644,839400,-inf
FMNoiseSaopin,Current_WLN,30.0,2025,UNIFIED_JSR_PASS,True,30.0,30.0,0.0,unified/pass,True,PASS,PASS,,20.092182463775703,1.0,1.0,717,0,1,1,1.7542552869168084,TARGET_PRESERVED,2.1751250023953617,839298,-31.170162574180154
FMNoiseSaopin,Current_WLN,30.0,2026,UNIFIED_JSR_PASS,True,30.0,30.0,0.0,unified/pass,True,PASS,PASS,,8.48330115746554,1.0,1.0,1208,0,0,0,1.7542552869168084,TARGET_PRESERVED,2.041500003542751,839554,-inf
FMNoiseSaopin,Current_WLN,30.0,2027,UNIFIED_JSR_PASS,True,30.0,30.0,0.0,unified/pass,True,PASS,PASS,,8.530889274487318,1.0,1.0,1267,0,2,1,1.7542552869168084,TARGET_PRESERVED,2.037332975305617,839354,-36.71324134677921
FMNoiseSaopin,Current_WLN,30.0,2028,UNIFIED_JSR_PASS,True,30.0,30.0,0.0,unified/pass,True,PASS,PASS,,21.79375946013021,1.0,1.0,754,0,2,2,1.7542552869168084,TARGET_PRESERVED,2.0846250117756426,839509,-29.769228181650714
FMNoiseSaopin,Current_WLN,30.0,2029,UNIFIED_JSR_PASS,True,30.0,30.0,0.0,unified/pass,True,PASS,PASS,,20.490656372651802,1.0,1.0,687,0,0,1,1.7542552869168084,TARGET_PRESERVED,2.0745830261148512,839556,-31.587580271759652
FMNoiseSaopin,Identity,10.0,2000,UNIFIED_JSR_PASS,True,10.0,9.999999999999998,-1.7763568394002505e-15,unified/pass,True,PASS,PASS,,0.0,1.0,1.0,0,0,0,0,0.0,TARGET_PRESERVED,0.0,0,-inf
FMNoiseSaopin,Identity,10.0,2001,UNIFIED_JSR_PASS,True,10.0,10.0,0.0,unified/pass,True,PASS,PASS,,0.0,1.0,1.0,0,0,1,1,0.0,TARGET_PRESERVED,0.0,0,-31.029296650880006
FMNoiseSaopin,Identity,10.0,2002,UNIFIED_JSR_PASS,True,10.0,10.0,0.0,unified/pass,True,PASS,PASS,,0.0,1.0,1.0,0,0,0,0,0.0,TARGET_PRESERVED,0.0,0,-inf
FMNoiseSaopin,Identity,10.0,2003,UNIFIED_JSR_PASS,True,10.0,10.0,0.0,unified/pass,True,PASS,PASS,,0.0,1.0,1.0,0,0,3,3,0.0,TARGET_PRESERVED,0.0,0,-30.17429819989688
FMNoiseSaopin,Identity,10.0,2004,UNIFIED_JSR_PASS,True,10.0,10.0,0.0,unified/pass,True,PASS,PASS,,0.0,1.0,1.0,0,0,0,0,0.0,TARGET_PRESERVED,0.0,0,-inf
FMNoiseSaopin,Identity,10.0,2005,UNIFIED_JSR_PASS,True,10.0,9.999999999999998,-1.7763568394002505e-15,unified/pass,True,PASS,PASS,,0.0,1.0,1.0,0,0,0,0,0.0,TARGET_PRESERVED,0.0,0,-inf
FMNoiseSaopin,Identity,10.0,2006,UNIFIED_JSR_PASS,True,10.0,10.0,0.0,unified/pass,True,PASS,PASS,,0.0,1.0,1.0,0,0,0,0,0.0,TARGET_PRESERVED,0.0,0,-inf
FMNoiseSaopin,Identity,10.0,2007,UNIFIED_JSR_PASS,True,10.0,10.0,0.0,unified/pass,True,PASS,PASS,,0.0,1.0,1.0,0,0,0,0,0.0,TARGET_PRESERVED,0.0,0,-inf
FMNoiseSaopin,Identity,10.0,2008,UNIFIED_JSR_PASS,True,10.0,10.0,0.0,unified/pass,True,PASS,PASS,,0.0,1.0,1.0,0,0,0,0,0.0,TARGET_PRESERVED,0.0,0,-inf
FMNoiseSaopin,Identity,10.0,2009,UNIFIED_JSR_PASS,True,10.0,10.0,0.0,unified/pass,True,PASS,PASS,,0.0,1.0,1.0,0,0,0,0,0.0,TARGET_PRESERVED,0.0,0,-inf
FMNoiseSaopin,Identity,10.0,2010,UNIFIED_JSR_PASS,True,10.0,10.0,0.0,unified/pass,True,PASS,PASS,,0.0,1.0,1.0,0,0,0,0,0.0,TARGET_PRESERVED,0.0,0,-inf
FMNoiseSaopin,Identity,10.0,2011,UNIFIED_JSR_PASS,True,10.0,9.999999999999998,-1.7763568394002505e-15,unified/pass,True,PASS,PASS,,0.0,1.0,1.0,0,0,1,1,0.0,TARGET_PRESERVED,0.0,0,-inf
FMNoiseSaopin,Identity,10.0,2012,UNIFIED_JSR_PASS,True,10.0,10.0,0.0,unified/pass,True,PASS,PASS,,0.0,1.0,1.0,0,0,0,0,0.0,TARGET_PRESERVED,0.0,0,-inf
FMNoiseSaopin,Identity,10.0,2013,UNIFIED_JSR_PASS,True,10.0,10.0,0.0,unified/pass,True,PASS,PASS,,0.0,1.0,1.0,0,0,1,1,0.0,TARGET_PRESERVED,0.0,0,-30.774154350248665
FMNoiseSaopin,Identity,10.0,2014,UNIFIED_JSR_PASS,True,10.0,10.0,0.0,unified/pass,True,PASS,PASS,,0.0,1.0,1.0,0,0,1,1,0.0,TARGET_PRESERVED,0.0,0,-30.918549615467818
FMNoiseSaopin,Identity,10.0,2015,UNIFIED_JSR_PASS,True,10.0,10.0,0.0,unified/pass,True,PASS,PASS,,0.0,1.0,1.0,0,0,0,0,0.0,TARGET_PRESERVED,0.0,0,-inf
FMNoiseSaopin,Identity,10.0,2016,UNIFIED_JSR_PASS,True,10.0,10.0,0.0,unified/pass,True,PASS,PASS,,0.0,1.0,1.0,0,0,0,0,0.0,TARGET_PRESERVED,0.0,0,-inf
FMNoiseSaopin,Identity,10.0,2017,UNIFIED_JSR_PASS,True,10.0,10.0,0.0,unified/pass,True,PASS,PASS,,0.0,1.0,1.0,0,0,0,0,0.0,TARGET_PRESERVED,0.0,0,-inf
FMNoiseSaopin,Identity,10.0,2018,UNIFIED_JSR_PASS,True,10.0,10.0,0.0,unified/pass,True,PASS,PASS,,0.0,1.0,1.0,0,0,0,0,0.0,TARGET_PRESERVED,0.0,0,-inf
FMNoiseSaopin,Identity,10.0,2019,UNIFIED_JSR_PASS,True,10.0,10.0,0.0,unified/pass,True,PASS,PASS,,0.0,1.0,1.0,0,0,1,1,0.0,TARGET_PRESERVED,0.0,0,-28.615625814768308
FMNoiseSaopin,Identity,10.0,2020,UNIFIED_JSR_PASS,True,10.0,9.999999999999998,-1.7763568394002505e-15,unified/pass,True,PASS,PASS,,0.0,1.0,1.0,0,0,0,0,0.0,TARGET_PRESERVED,0.0,0,-inf
FMNoiseSaopin,Identity,10.0,2021,UNIFIED_JSR_PASS,True,10.0,10.0,0.0,unified/pass,True,PASS,PASS,,0.0,1.0,1.0,0,0,0,0,0.0,TARGET_PRESERVED,0.0,0,-inf
FMNoiseSaopin,Identity,10.0,2022,UNIFIED_JSR_PASS,True,10.0,10.0,0.0,unified/pass,True,PASS,PASS,,0.0,1.0,1.0,0,0,0,0,0.0,TARGET_PRESERVED,0.0,0,-inf
FMNoiseSaopin,Identity,10.0,2023,UNIFIED_JSR_PASS,True,10.0,10.0,0.0,unified/pass,True,PASS,PASS,,0.0,1.0,1.0,0,0,0,0,0.0,TARGET_PRESERVED,0.0,0,-inf
FMNoiseSaopin,Identity,10.0,2024,UNIFIED_JSR_PASS,True,10.0,10.0,0.0,unified/pass,True,PASS,PASS,,0.0,1.0,1.0,0,0,0,0,0.0,TARGET_PRESERVED,0.0,0,-33.25023318013503
FMNoiseSaopin,Identity,10.0,2025,UNIFIED_JSR_PASS,True,10.0,9.999999999999998,-1.7763568394002505e-15,unified/pass,True,PASS,PASS,,0.0,1.0,1.0,0,0,1,1,0.0,TARGET_PRESERVED,0.0,0,-29.429644084271796
FMNoiseSaopin,Identity,10.0,2026,UNIFIED_JSR_PASS,True,10.0,10.0,0.0,unified/pass,True,PASS,PASS,,0.0,1.0,1.0,0,0,0,0,0.0,TARGET_PRESERVED,0.0,0,-inf
FMNoiseSaopin,Identity,10.0,2027,UNIFIED_JSR_PASS,True,10.0,10.0,0.0,unified/pass,True,PASS,PASS,,0.0,1.0,1.0,0,0,2,2,0.0,TARGET_PRESERVED,0.0,0,-34.712590791478036
FMNoiseSaopin,Identity,10.0,2028,UNIFIED_JSR_PASS,True,10.0,9.999999999999998,-1.7763568394002505e-15,unified/pass,True,PASS,PASS,,0.0,1.0,1.0,0,0,2,2,0.0,TARGET_PRESERVED,0.0,0,-28.965402492640866
FMNoiseSaopin,Identity,10.0,2029,UNIFIED_JSR_PASS,True,10.0,10.0,0.0,unified/pass,True,PASS,PASS,,0.0,1.0,1.0,0,0,0,0,0.0,TARGET_PRESERVED,0.0,0,-30.177920862906934
FMNoiseSaopin,Identity,20.0,2000,UNIFIED_JSR_PASS,True,20.0,19.999999999999996,-3.552713678800501e-15,unified/pass,True,PASS,PASS,,0.0,1.0,1.0,0,0,0,0,0.0,TARGET_PRESERVED,0.0,0,-inf
FMNoiseSaopin,Identity,20.0,2001,UNIFIED_JSR_PASS,True,20.0,20.0,0.0,unified/pass,True,PASS,PASS,,0.0,1.0,1.0,0,0,1,1,0.0,TARGET_PRESERVED,0.0,0,-31.41163287814404
FMNoiseSaopin,Identity,20.0,2002,UNIFIED_JSR_PASS,True,20.0,20.0,0.0,unified/pass,True,PASS,PASS,,0.0,1.0,1.0,0,0,0,0,0.0,TARGET_PRESERVED,0.0,0,-inf
FMNoiseSaopin,Identity,20.0,2003,UNIFIED_JSR_PASS,True,20.0,20.0,0.0,unified/pass,True,PASS,PASS,,0.0,1.0,1.0,0,0,2,2,0.0,TARGET_PRESERVED,0.0,0,-31.57329654508624
FMNoiseSaopin,Identity,20.0,2004,UNIFIED_JSR_PASS,True,20.0,19.999999999999996,-3.552713678800501e-15,unified/pass,True,PASS,PASS,,0.0,1.0,1.0,1195,1195,0,0,0.0,TARGET_PRESERVED,0.0,0,-34.892943621185566
FMNoiseSaopin,Identity,20.0,2005,UNIFIED_JSR_PASS,True,20.0,20.0,0.0,unified/pass,True,PASS,PASS,,0.0,1.0,1.0,0,0,0,0,0.0,TARGET_PRESERVED,0.0,0,-inf
FMNoiseSaopin,Identity,20.0,2006,UNIFIED_JSR_PASS,True,20.0,20.0,0.0,unified/pass,True,PASS,PASS,,0.0,1.0,1.0,0,0,0,0,0.0,TARGET_PRESERVED,0.0,0,-inf
FMNoiseSaopin,Identity,20.0,2007,UNIFIED_JSR_PASS,True,20.0,20.0,0.0,unified/pass,True,PASS,PASS,,0.0,1.0,1.0,0,0,0,0,0.0,TARGET_PRESERVED,0.0,0,-inf
FMNoiseSaopin,Identity,20.0,2008,UNIFIED_JSR_PASS,True,20.0,19.999999999999996,-3.552713678800501e-15,unified/pass,True,PASS,PASS,,0.0,1.0,1.0,0,0,0,0,0.0,TARGET_PRESERVED,0.0,0,-inf
FMNoiseSaopin,Identity,20.0,2009,UNIFIED_JSR_PASS,True,20.0,19.999999999999996,-3.552713678800501e-15,unified/pass,True,PASS,PASS,,0.0,1.0,1.0,0,0,0,0,0.0,TARGET_PRESERVED,0.0,0,-inf
FMNoiseSaopin,Identity,20.0,2010,UNIFIED_JSR_PASS,True,20.0,20.0,0.0,unified/pass,True,PASS,PASS,,0.0,1.0,1.0,0,0,0,0,0.0,TARGET_PRESERVED,0.0,0,-inf
FMNoiseSaopin,Identity,20.0,2011,UNIFIED_JSR_PASS,True,20.0,20.0,0.0,unified/pass,True,PASS,PASS,,0.0,1.0,1.0,0,0,1,1,0.0,TARGET_PRESERVED,0.0,0,-inf
FMNoiseSaopin,Identity,20.0,2012,UNIFIED_JSR_PASS,True,20.0,20.0,0.0,unified/pass,True,PASS,PASS,,0.0,1.0,1.0,0,0,0,0,0.0,TARGET_PRESERVED,0.0,0,-inf
FMNoiseSaopin,Identity,20.0,2013,UNIFIED_JSR_PASS,True,20.0,19.999999999999996,-3.552713678800501e-15,unified/pass,True,PASS,PASS,,0.0,1.0,1.0,0,0,1,1,0.0,TARGET_PRESERVED,0.0,0,-31.409260104000722
FMNoiseSaopin,Identity,20.0,2014,UNIFIED_JSR_PASS,True,20.0,20.0,0.0,unified/pass,True,PASS,PASS,,0.0,1.0,1.0,0,0,1,1,0.0,TARGET_PRESERVED,0.0,0,-32.33916935900097
FMNoiseSaopin,Identity,20.0,2015,UNIFIED_JSR_PASS,True,20.0,20.0,0.0,unified/pass,True,PASS,PASS,,0.0,1.0,1.0,0,0,0,0,0.0,TARGET_PRESERVED,0.0,0,-inf
FMNoiseSaopin,Identity,20.0,2016,UNIFIED_JSR_PASS,True,20.0,20.0,0.0,unified/pass,True,PASS,PASS,,0.0,1.0,1.0,0,0,0,0,0.0,TARGET_PRESERVED,0.0,0,-inf
FMNoiseSaopin,Identity,20.0,2017,UNIFIED_JSR_PASS,True,20.0,20.0,0.0,unified/pass,True,PASS,PASS,,0.0,1.0,1.0,0,0,0,0,0.0,TARGET_PRESERVED,0.0,0,-inf
FMNoiseSaopin,Identity,20.0,2018,UNIFIED_JSR_PASS,True,20.0,20.0,0.0,unified/pass,True,PASS,PASS,,0.0,1.0,1.0,780,780,0,0,0.0,TARGET_PRESERVED,0.0,0,-inf
FMNoiseSaopin,Identity,20.0,2019,UNIFIED_JSR_PASS,True,20.0,20.0,0.0,unified/pass,True,PASS,PASS,,0.0,1.0,1.0,0,0,1,1,0.0,TARGET_PRESERVED,0.0,0,-30.07559170924101
FMNoiseSaopin,Identity,20.0,2020,UNIFIED_JSR_PASS,True,20.0,19.999999999999996,-3.552713678800501e-15,unified/pass,True,PASS,PASS,,0.0,1.0,1.0,0,0,0,0,0.0,TARGET_PRESERVED,0.0,0,-inf
FMNoiseSaopin,Identity,20.0,2021,UNIFIED_JSR_PASS,True,20.0,20.0,0.0,unified/pass,True,PASS,PASS,,0.0,1.0,1.0,0,0,0,0,0.0,TARGET_PRESERVED,0.0,0,-inf
FMNoiseSaopin,Identity,20.0,2022,UNIFIED_JSR_PASS,True,20.0,20.0,0.0,unified/pass,True,PASS,PASS,,0.0,1.0,1.0,0,0,0,0,0.0,TARGET_PRESERVED,0.0,0,-inf
FMNoiseSaopin,Identity,20.0,2023,UNIFIED_JSR_PASS,True,20.0,20.0,0.0,unified/pass,True,PASS,PASS,,0.0,1.0,1.0,0,0,0,0,0.0,TARGET_PRESERVED,0.0,0,-inf
FMNoiseSaopin,Identity,20.0,2024,UNIFIED_JSR_PASS,True,20.0,20.0,0.0,unified/pass,True,PASS,PASS,,0.0,1.0,1.0,0,0,0,0,0.0,TARGET_PRESERVED,0.0,0,-inf
FMNoiseSaopin,Identity,20.0,2025,UNIFIED_JSR_PASS,True,20.0,20.0,0.0,unified/pass,True,PASS,PASS,,0.0,1.0,1.0,0,0,1,1,0.0,TARGET_PRESERVED,0.0,0,-29.625321666890294
FMNoiseSaopin,Identity,20.0,2026,UNIFIED_JSR_PASS,True,20.0,20.0,0.0,unified/pass,True,PASS,PASS,,0.0,1.0,1.0,0,0,0,0,0.0,TARGET_PRESERVED,0.0,0,-inf
FMNoiseSaopin,Identity,20.0,2027,UNIFIED_JSR_PASS,True,20.0,20.0,0.0,unified/pass,True,PASS,PASS,,0.0,1.0,1.0,0,0,2,2,0.0,TARGET_PRESERVED,0.0,0,-36.050278440052594
FMNoiseSaopin,Identity,20.0,2028,UNIFIED_JSR_PASS,True,20.0,20.0,0.0,unified/pass,True,PASS,PASS,,0.0,1.0,1.0,0,0,2,2,0.0,TARGET_PRESERVED,0.0,0,-29.04158458578395
FMNoiseSaopin,Identity,20.0,2029,UNIFIED_JSR_PASS,True,20.0,20.0,0.0,unified/pass,True,PASS,PASS,,0.0,1.0,1.0,0,0,0,0,0.0,TARGET_PRESERVED,0.0,0,-30.270117404992533
FMNoiseSaopin,Identity,30.0,2000,UNIFIED_JSR_PASS,True,30.0,30.0,0.0,unified/pass,True,PASS,PASS,,0.0,1.0,1.0,1276,1276,0,0,0.0,TARGET_PRESERVED,0.0,0,-inf
FMNoiseSaopin,Identity,30.0,2001,UNIFIED_JSR_PASS,True,30.0,30.0,0.0,unified/pass,True,PASS,PASS,,0.0,1.0,1.0,1,1,1,1,0.0,TARGET_PRESERVED,0.0,0,-31.523846107005223
FMNoiseSaopin,Identity,30.0,2002,UNIFIED_JSR_PASS,True,30.0,30.0,0.0,unified/pass,True,PASS,PASS,,0.0,1.0,1.0,1410,1410,0,0,0.0,TARGET_PRESERVED,0.0,0,-inf
FMNoiseSaopin,Identity,30.0,2003,UNIFIED_JSR_PASS,True,30.0,30.0,0.0,unified/pass,True,PASS,PASS,,0.0,1.0,1.0,1,1,2,2,0.0,TARGET_PRESERVED,0.0,0,-32.28921131984562
FMNoiseSaopin,Identity,30.0,2004,UNIFIED_JSR_PASS,True,30.0,30.0,0.0,unified/pass,True,PASS,PASS,,0.0,1.0,1.0,1195,1195,0,0,0.0,TARGET_PRESERVED,0.0,0,-inf
FMNoiseSaopin,Identity,30.0,2005,UNIFIED_JSR_PASS,True,30.0,30.0,0.0,unified/pass,True,PASS,PASS,,0.0,1.0,1.0,1411,1411,0,0,0.0,TARGET_PRESERVED,0.0,0,-inf
FMNoiseSaopin,Identity,30.0,2006,UNIFIED_JSR_PASS,True,30.0,30.0,0.0,unified/pass,True,PASS,PASS,,0.0,1.0,1.0,1,1,0,0,0.0,TARGET_PRESERVED,0.0,0,-inf
FMNoiseSaopin,Identity,30.0,2007,UNIFIED_JSR_PASS,True,30.0,30.0,0.0,unified/pass,True,PASS,PASS,,0.0,1.0,1.0,1281,1281,0,0,0.0,TARGET_PRESERVED,0.0,0,-inf
FMNoiseSaopin,Identity,30.0,2008,UNIFIED_JSR_PASS,True,30.0,30.0,0.0,unified/pass,True,PASS,PASS,,0.0,1.0,1.0,1283,1283,0,0,0.0,TARGET_PRESERVED,0.0,0,-inf
FMNoiseSaopin,Identity,30.0,2009,UNIFIED_JSR_PASS,True,30.0,30.0,0.0,unified/pass,True,PASS,PASS,,0.0,1.0,1.0,1289,1289,0,0,0.0,TARGET_PRESERVED,0.0,0,-inf
FMNoiseSaopin,Identity,30.0,2010,UNIFIED_JSR_PASS,True,30.0,30.0,0.0,unified/pass,True,PASS,PASS,,0.0,1.0,1.0,0,0,0,0,0.0,TARGET_PRESERVED,0.0,0,-inf
FMNoiseSaopin,Identity,30.0,2011,UNIFIED_JSR_PASS,True,30.0,30.0,0.0,unified/pass,True,PASS,PASS,,0.0,1.0,1.0,1151,1151,1,1,0.0,TARGET_PRESERVED,0.0,0,-inf
FMNoiseSaopin,Identity,30.0,2012,UNIFIED_JSR_PASS,True,30.0,30.0,0.0,unified/pass,True,PASS,PASS,,0.0,1.0,1.0,1068,1068,0,0,0.0,TARGET_PRESERVED,0.0,0,-inf
FMNoiseSaopin,Identity,30.0,2013,UNIFIED_JSR_PASS,True,30.0,30.0,0.0,unified/pass,True,PASS,PASS,,0.0,1.0,1.0,713,713,1,1,0.0,TARGET_PRESERVED,0.0,0,-26.808627554586014
FMNoiseSaopin,Identity,30.0,2014,UNIFIED_JSR_PASS,True,30.0,30.0,0.0,unified/pass,True,PASS,PASS,,0.0,1.0,1.0,0,0,1,1,0.0,TARGET_PRESERVED,0.0,0,-inf
FMNoiseSaopin,Identity,30.0,2015,UNIFIED_JSR_PASS,True,30.0,30.0,0.0,unified/pass,True,PASS,PASS,,0.0,1.0,1.0,1347,1347,0,0,0.0,TARGET_PRESERVED,0.0,0,-inf
FMNoiseSaopin,Identity,30.0,2016,UNIFIED_JSR_PASS,True,30.0,30.0,0.0,unified/pass,True,PASS,PASS,,0.0,1.0,1.0,561,561,0,0,0.0,TARGET_PRESERVED,0.0,0,-inf
FMNoiseSaopin,Identity,30.0,2017,UNIFIED_JSR_PASS,True,30.0,30.0,0.0,unified/pass,True,PASS,PASS,,0.0,1.0,1.0,1259,1259,0,0,0.0,TARGET_PRESERVED,0.0,0,-inf
FMNoiseSaopin,Identity,30.0,2018,UNIFIED_JSR_PASS,True,30.0,30.0,0.0,unified/pass,True,PASS,PASS,,0.0,1.0,1.0,781,781,0,0,0.0,TARGET_PRESERVED,0.0,0,-inf
FMNoiseSaopin,Identity,30.0,2019,UNIFIED_JSR_PASS,True,30.0,30.0,0.0,unified/pass,True,PASS,PASS,,0.0,1.0,1.0,0,0,1,1,0.0,TARGET_PRESERVED,0.0,0,-30.82735026217089
FMNoiseSaopin,Identity,30.0,2020,UNIFIED_JSR_PASS,True,30.0,30.0,0.0,unified/pass,True,PASS,PASS,,0.0,1.0,1.0,1,1,0,0,0.0,TARGET_PRESERVED,0.0,0,-inf
FMNoiseSaopin,Identity,30.0,2021,UNIFIED_JSR_PASS,True,30.0,30.0,0.0,unified/pass,True,PASS,PASS,,0.0,1.0,1.0,1,1,0,0,0.0,TARGET_PRESERVED,0.0,0,-inf
FMNoiseSaopin,Identity,30.0,2022,UNIFIED_JSR_PASS,True,30.0,30.0,0.0,unified/pass,True,PASS,PASS,,0.0,1.0,1.0,1233,1233,0,0,0.0,TARGET_PRESERVED,0.0,0,-inf
FMNoiseSaopin,Identity,30.0,2023,UNIFIED_JSR_PASS,True,30.0,30.0,0.0,unified/pass,True,PASS,PASS,,0.0,1.0,1.0,467,467,0,0,0.0,TARGET_PRESERVED,0.0,0,-inf
FMNoiseSaopin,Identity,30.0,2024,UNIFIED_JSR_PASS,True,30.0,30.0,0.0,unified/pass,True,PASS,PASS,,0.0,1.0,1.0,1,1,0,0,0.0,TARGET_PRESERVED,0.0,0,-inf
FMNoiseSaopin,Identity,30.0,2025,UNIFIED_JSR_PASS,True,30.0,30.0,0.0,unified/pass,True,PASS,PASS,,0.0,1.0,1.0,717,717,1,1,0.0,TARGET_PRESERVED,0.0,0,-31.170162574180154
FMNoiseSaopin,Identity,30.0,2026,UNIFIED_JSR_PASS,True,30.0,30.0,0.0,unified/pass,True,PASS,PASS,,0.0,1.0,1.0,1208,1208,0,0,0.0,TARGET_PRESERVED,0.0,0,-inf
FMNoiseSaopin,Identity,30.0,2027,UNIFIED_JSR_PASS,True,30.0,30.0,0.0,unified/pass,True,PASS,PASS,,0.0,1.0,1.0,1267,1267,2,2,0.0,TARGET_PRESERVED,0.0,0,-36.71324134677921
FMNoiseSaopin,Identity,30.0,2028,UNIFIED_JSR_PASS,True,30.0,30.0,0.0,unified/pass,True,PASS,PASS,,0.0,1.0,1.0,754,754,2,2,0.0,TARGET_PRESERVED,0.0,0,-29.769228181650714
FMNoiseSaopin,Identity,30.0,2029,UNIFIED_JSR_PASS,True,30.0,30.0,0.0,unified/pass,True,PASS,PASS,,0.0,1.0,1.0,687,687,0,0,0.0,TARGET_PRESERVED,0.0,0,-31.587580271759652
FMNoiseSaopin,WLN_p10_o6,10.0,2000,UNIFIED_JSR_PASS,True,10.0,9.999999999999998,-1.7763568394002505e-15,unified/pass,True,PASS,PASS,,7.619136368223138,1.0,1.0,0,0,0,0,2.8848812761919667,TARGET_PRESERVED,2.0760420011356473,839351,-inf
FMNoiseSaopin,WLN_p10_o6,10.0,2001,UNIFIED_JSR_PASS,True,10.0,10.0,0.0,unified/pass,True,PASS,PASS,,0.23778875472464023,1.0,1.0,0,0,1,1,2.8848812761919667,TARGET_PRESERVED,2.0522080012597144,839155,-31.165034572185778
FMNoiseSaopin,WLN_p10_o6,10.0,2002,UNIFIED_JSR_PASS,True,10.0,10.0,0.0,unified/pass,True,PASS,PASS,,4.197453716692873,1.0,1.0,0,0,0,0,2.8848812761919667,TARGET_PRESERVED,2.0959589746780694,839486,-inf
FMNoiseSaopin,WLN_p10_o6,10.0,2003,UNIFIED_JSR_PASS,True,10.0,10.0,0.0,unified/pass,True,PASS,PASS,,0.295322189087841,1.0,1.0,0,0,3,2,2.8848812761919667,TARGET_PRESERVED,2.0664590410888195,839558,-30.589244049573054
FMNoiseSaopin,WLN_p10_o6,10.0,2004,UNIFIED_JSR_PASS,True,10.0,10.0,0.0,unified/pass,True,PASS,PASS,,7.785770450999326,1.0,1.0,0,0,0,1,2.8848812761919667,TARGET_PRESERVED,2.074417017865926,839712,-34.98610080167762
FMNoiseSaopin,WLN_p10_o6,10.0,2005,UNIFIED_JSR_PASS,True,10.0,9.999999999999998,-1.7763568394002505e-15,unified/pass,True,PASS,PASS,,4.104986484876676,1.0,1.0,0,0,0,0,2.8848812761919667,TARGET_PRESERVED,2.052875002846122,839533,-inf
FMNoiseSaopin,WLN_p10_o6,10.0,2006,UNIFIED_JSR_PASS,True,10.0,10.0,0.0,unified/pass,True,PASS,PASS,,0.344340518214203,1.0,1.0,0,0,0,0,2.8848812761919667,TARGET_PRESERVED,2.088624984025955,839346,-inf
FMNoiseSaopin,WLN_p10_o6,10.0,2007,UNIFIED_JSR_PASS,True,10.0,10.0,0.0,unified/pass,True,PASS,PASS,,5.6355377311758446,1.0,1.0,0,0,0,0,2.8848812761919667,TARGET_PRESERVED,2.1446250029839575,839295,-inf
FMNoiseSaopin,WLN_p10_o6,10.0,2008,UNIFIED_JSR_PASS,True,10.0,10.0,0.0,unified/pass,True,PASS,PASS,,5.696107957352918,1.0,1.0,0,0,0,0,2.8848812761919667,TARGET_PRESERVED,2.1868330077268183,839441,-inf
FMNoiseSaopin,WLN_p10_o6,10.0,2009,UNIFIED_JSR_PASS,True,10.0,10.0,0.0,unified/pass,True,PASS,PASS,,7.703235185306848,1.0,1.0,0,0,0,0,2.8848812761919667,TARGET_PRESERVED,2.1041249856352806,839341,-inf
FMNoiseSaopin,WLN_p10_o6,10.0,2010,UNIFIED_JSR_PASS,True,10.0,10.0,0.0,unified/pass,True,PASS,PASS,,0.2034810435535448,1.0,1.0,0,0,0,0,2.8848812761919667,TARGET_PRESERVED,2.103625040035695,839783,-inf
FMNoiseSaopin,WLN_p10_o6,10.0,2011,UNIFIED_JSR_PASS,True,10.0,9.999999999999998,-1.7763568394002505e-15,unified/pass,True,PASS,PASS,,5.6038963640120265,1.0,1.0,0,0,1,0,2.8848812761919667,TARGET_PRESERVED,2.1358749945648015,839573,-inf
FMNoiseSaopin,WLN_p10_o6,10.0,2012,UNIFIED_JSR_PASS,True,10.0,10.0,0.0,unified/pass,True,PASS,PASS,,7.488260306389989,1.0,1.0,0,0,0,0,2.8848812761919667,TARGET_PRESERVED,2.1194579894654453,839552,-inf
FMNoiseSaopin,WLN_p10_o6,10.0,2013,UNIFIED_JSR_PASS,True,10.0,10.0,0.0,unified/pass,True,PASS,PASS,,7.727083186428683,1.0,1.0,0,0,1,1,2.8848812761919667,TARGET_PRESERVED,2.0622499869205058,839303,-31.328938673765045
FMNoiseSaopin,WLN_p10_o6,10.0,2014,UNIFIED_JSR_PASS,True,10.0,10.0,0.0,unified/pass,True,PASS,PASS,,0.33302735375096404,1.0,1.0,0,0,1,1,2.8848812761919667,TARGET_PRESERVED,2.072957984637469,839370,-31.367854356443456
FMNoiseSaopin,WLN_p10_o6,10.0,2015,UNIFIED_JSR_PASS,True,10.0,10.0,0.0,unified/pass,True,PASS,PASS,,7.7085039683832335,1.0,1.0,0,0,0,0,2.8848812761919667,TARGET_PRESERVED,2.0477499929256737,839564,-inf
FMNoiseSaopin,WLN_p10_o6,10.0,2016,UNIFIED_JSR_PASS,True,10.0,10.0,0.0,unified/pass,True,PASS,PASS,,5.757258433320661,1.0,1.0,0,0,0,0,2.8848812761919667,TARGET_PRESERVED,2.2332079824991524,839302,-inf
FMNoiseSaopin,WLN_p10_o6,10.0,2017,UNIFIED_JSR_PASS,True,10.0,10.0,0.0,unified/pass,True,PASS,PASS,,5.704093798089225,1.0,1.0,0,0,0,0,2.8848812761919667,TARGET_PRESERVED,2.0950420293956995,839485,-inf
FMNoiseSaopin,WLN_p10_o6,10.0,2018,UNIFIED_JSR_PASS,True,10.0,10.0,0.0,unified/pass,True,PASS,PASS,,7.755338256062981,1.0,1.0,0,0,0,0,2.8848812761919667,TARGET_PRESERVED,2.086833002977073,839526,-inf
FMNoiseSaopin,WLN_p10_o6,10.0,2019,UNIFIED_JSR_PASS,True,10.0,10.0,0.0,unified/pass,True,PASS,PASS,,0.3047915746172407,1.0,1.0,0,0,1,1,2.8848812761919667,TARGET_PRESERVED,2.112250018399209,839536,-29.046714011403107
FMNoiseSaopin,WLN_p10_o6,10.0,2020,UNIFIED_JSR_PASS,True,10.0,9.999999999999998,-1.7763568394002505e-15,unified/pass,True,PASS,PASS,,0.32556311791949355,1.0,1.0,0,0,0,0,2.8848812761919667,TARGET_PRESERVED,2.0743749919347465,839559,-inf
FMNoiseSaopin,WLN_p10_o6,10.0,2021,UNIFIED_JSR_PASS,True,10.0,10.0,0.0,unified/pass,True,PASS,PASS,,0.18379390926130412,1.0,1.0,0,0,0,0,2.8848812761919667,TARGET_PRESERVED,2.0721249748021364,839584,-inf
FMNoiseSaopin,WLN_p10_o6,10.0,2022,UNIFIED_JSR_PASS,True,10.0,10.0,0.0,unified/pass,True,PASS,PASS,,4.121445510304881,1.0,1.0,0,0,0,1,2.8848812761919667,TARGET_PRESERVED,2.0624169846996665,839635,-28.75090068637318
FMNoiseSaopin,WLN_p10_o6,10.0,2023,UNIFIED_JSR_PASS,True,10.0,10.0,0.0,unified/pass,True,PASS,PASS,,5.840589098116169,1.0,1.0,0,0,0,0,2.8848812761919667,TARGET_PRESERVED,2.0589999621734023,839536,-inf
FMNoiseSaopin,WLN_p10_o6,10.0,2024,UNIFIED_JSR_PASS,True,10.0,10.0,0.0,unified/pass,True,PASS,PASS,,0.37986478964987924,1.0,1.0,0,0,0,1,2.8848812761919667,TARGET_PRESERVED,2.0651249797083437,839589,-33.042822081489874
FMNoiseSaopin,WLN_p10_o6,10.0,2025,UNIFIED_JSR_PASS,True,10.0,9.999999999999998,-1.7763568394002505e-15,unified/pass,True,PASS,PASS,,7.711723133244842,1.0,1.0,0,0,1,1,2.8848812761919667,TARGET_PRESERVED,2.0627499907277524,839442,-30.013599652514202
FMNoiseSaopin,WLN_p10_o6,10.0,2026,UNIFIED_JSR_PASS,True,10.0,10.0,0.0,unified/pass,True,PASS,PASS,,4.085257864273139,1.0,1.0,0,0,0,0,2.8848812761919667,TARGET_PRESERVED,2.0759589970111847,839556,-inf
FMNoiseSaopin,WLN_p10_o6,10.0,2027,UNIFIED_JSR_PASS,True,10.0,10.0,0.0,unified/pass,True,PASS,PASS,,4.067955127982515,1.0,1.0,0,0,2,1,2.8848812761919667,TARGET_PRESERVED,2.1867500036023557,839386,-35.21946030067872
FMNoiseSaopin,WLN_p10_o6,10.0,2028,UNIFIED_JSR_PASS,True,10.0,9.999999999999998,-1.7763568394002505e-15,unified/pass,True,PASS,PASS,,7.605074860508907,1.0,1.0,0,0,2,2,2.8848812761919667,TARGET_PRESERVED,2.1068749483674765,839506,-29.456686954024086
FMNoiseSaopin,WLN_p10_o6,10.0,2029,UNIFIED_JSR_PASS,True,10.0,10.0,0.0,unified/pass,True,PASS,PASS,,7.635904188429926,1.0,1.0,0,0,0,1,2.8848812761919667,TARGET_PRESERVED,2.102707978338003,839562,-30.703091195532505
FMNoiseSaopin,WLN_p10_o6,20.0,2000,UNIFIED_JSR_PASS,True,20.0,19.999999999999996,-3.552713678800501e-15,unified/pass,True,PASS,PASS,,14.614889223043829,1.0,1.0,0,0,0,0,2.8848812761919667,TARGET_PRESERVED,2.0970419864170253,839448,-inf
FMNoiseSaopin,WLN_p10_o6,20.0,2001,UNIFIED_JSR_PASS,True,20.0,20.0,0.0,unified/pass,True,PASS,PASS,,3.4757572395809113,1.0,1.0,0,0,1,1,2.8848812761919667,TARGET_PRESERVED,2.0962090347893536,839495,-31.45872878827269
FMNoiseSaopin,WLN_p10_o6,20.0,2002,UNIFIED_JSR_PASS,True,20.0,20.0,0.0,unified/pass,True,PASS,PASS,,6.954038523007904,1.0,1.0,0,0,0,0,2.8848812761919667,TARGET_PRESERVED,2.0862079691141844,839469,-inf
FMNoiseSaopin,WLN_p10_o6,20.0,2003,UNIFIED_JSR_PASS,True,20.0,20.0,0.0,unified/pass,True,PASS,PASS,,3.5427053646445543,1.0,1.0,0,0,2,2,2.8848812761919667,TARGET_PRESERVED,2.037708996795118,839412,-31.78929289296471
FMNoiseSaopin,WLN_p10_o6,20.0,2004,UNIFIED_JSR_PASS,True,20.0,19.999999999999996,-3.552713678800501e-15,unified/pass,True,PASS,PASS,,14.558621635319422,1.0,1.0,1195,0,0,1,2.8848812761919667,TARGET_PRESERVED,2.0854580216109753,839712,-35.10060220118455
FMNoiseSaopin,WLN_p10_o6,20.0,2005,UNIFIED_JSR_PASS,True,20.0,20.0,0.0,unified/pass,True,PASS,PASS,,6.824061316859499,1.0,1.0,0,0,0,0,2.8848812761919667,TARGET_PRESERVED,2.06391594838351,839494,-inf
FMNoiseSaopin,WLN_p10_o6,20.0,2006,UNIFIED_JSR_PASS,True,20.0,20.0,0.0,unified/pass,True,PASS,PASS,,3.686472702185519,1.0,1.0,0,0,0,0,2.8848812761919667,TARGET_PRESERVED,2.0800410420633852,839445,-inf
FMNoiseSaopin,WLN_p10_o6,20.0,2007,UNIFIED_JSR_PASS,True,20.0,20.0,0.0,unified/pass,True,PASS,PASS,,7.591909560231198,1.0,1.0,0,0,0,0,2.8848812761919667,TARGET_PRESERVED,2.0727920345962048,839397,-inf
FMNoiseSaopin,WLN_p10_o6,20.0,2008,UNIFIED_JSR_PASS,True,20.0,19.999999999999996,-3.552713678800501e-15,unified/pass,True,PASS,PASS,,7.776994184904071,1.0,1.0,0,0,0,0,2.8848812761919667,TARGET_PRESERVED,2.0435830228962004,839781,-inf
FMNoiseSaopin,WLN_p10_o6,20.0,2009,UNIFIED_JSR_PASS,True,20.0,19.999999999999996,-3.552713678800501e-15,unified/pass,True,PASS,PASS,,14.750114288555777,1.0,1.0,0,0,0,0,2.8848812761919667,TARGET_PRESERVED,2.0571250352077186,839533,-inf
FMNoiseSaopin,WLN_p10_o6,20.0,2010,UNIFIED_JSR_PASS,True,20.0,20.0,0.0,unified/pass,True,PASS,PASS,,3.4372582207496265,1.0,1.0,0,0,0,0,2.8848812761919667,TARGET_PRESERVED,2.11237499024719,839426,-inf
FMNoiseSaopin,WLN_p10_o6,20.0,2011,UNIFIED_JSR_PASS,True,20.0,20.0,0.0,unified/pass,True,PASS,PASS,,7.645485874257718,1.0,1.0,0,0,1,0,2.8848812761919667,TARGET_PRESERVED,2.067374996840954,839643,-inf
FMNoiseSaopin,WLN_p10_o6,20.0,2012,UNIFIED_JSR_PASS,True,20.0,20.0,0.0,unified/pass,True,PASS,PASS,,14.475493468682467,1.0,1.0,0,0,0,0,2.8848812761919667,TARGET_PRESERVED,2.0785839878953993,839474,-inf
FMNoiseSaopin,WLN_p10_o6,20.0,2013,UNIFIED_JSR_PASS,True,20.0,19.999999999999996,-3.552713678800501e-15,unified/pass,True,PASS,PASS,,13.986040899626373,1.0,1.0,0,0,1,1,2.8848812761919667,TARGET_PRESERVED,2.0386670366860926,839395,-31.92678948158569
FMNoiseSaopin,WLN_p10_o6,20.0,2014,UNIFIED_JSR_PASS,True,20.0,20.0,0.0,unified/pass,True,PASS,PASS,,3.591332122467268,1.0,1.0,0,0,1,1,2.8848812761919667,TARGET_PRESERVED,2.093666000291705,839409,-32.56454779058306
FMNoiseSaopin,WLN_p10_o6,20.0,2015,UNIFIED_JSR_PASS,True,20.0,20.0,0.0,unified/pass,True,PASS,PASS,,14.791196308715387,1.0,1.0,0,0,0,0,2.8848812761919667,TARGET_PRESERVED,2.0988749456591904,839661,-inf
FMNoiseSaopin,WLN_p10_o6,20.0,2016,UNIFIED_JSR_PASS,True,20.0,20.0,0.0,unified/pass,True,PASS,PASS,,7.977577736269179,1.0,1.0,0,0,0,0,2.8848812761919667,TARGET_PRESERVED,2.070832997560501,839487,-inf
FMNoiseSaopin,WLN_p10_o6,20.0,2017,UNIFIED_JSR_PASS,True,20.0,20.0,0.0,unified/pass,True,PASS,PASS,,7.975202891955737,1.0,1.0,0,0,0,0,2.8848812761919667,TARGET_PRESERVED,2.1975410054437816,839594,-inf
FMNoiseSaopin,WLN_p10_o6,20.0,2018,UNIFIED_JSR_PASS,True,20.0,20.0,0.0,unified/pass,True,PASS,PASS,,14.775264580665535,1.0,1.0,780,0,0,0,2.8848812761919667,TARGET_PRESERVED,2.1547499927692115,839594,-inf
FMNoiseSaopin,WLN_p10_o6,20.0,2019,UNIFIED_JSR_PASS,True,20.0,20.0,0.0,unified/pass,True,PASS,PASS,,3.575539257592677,1.0,1.0,0,0,1,1,2.8848812761919667,TARGET_PRESERVED,2.2764159948565066,839541,-30.29869474423462
FMNoiseSaopin,WLN_p10_o6,20.0,2020,UNIFIED_JSR_PASS,True,20.0,19.999999999999996,-3.552713678800501e-15,unified/pass,True,PASS,PASS,,3.588162419877513,1.0,1.0,0,0,0,0,2.8848812761919667,TARGET_PRESERVED,2.592041972093284,839608,-inf
FMNoiseSaopin,WLN_p10_o6,20.0,2021,UNIFIED_JSR_PASS,True,20.0,20.0,0.0,unified/pass,True,PASS,PASS,,3.2586048348330543,1.0,1.0,0,0,0,0,2.8848812761919667,TARGET_PRESERVED,2.312875003553927,839579,-inf
FMNoiseSaopin,WLN_p10_o6,20.0,2022,UNIFIED_JSR_PASS,True,20.0,20.0,0.0,unified/pass,True,PASS,PASS,,6.685484954008,1.0,1.0,0,0,0,0,2.8848812761919667,TARGET_PRESERVED,2.245958021376282,839546,-inf
FMNoiseSaopin,WLN_p10_o6,20.0,2023,UNIFIED_JSR_PASS,True,20.0,20.0,0.0,unified/pass,True,PASS,PASS,,8.040404393700278,1.0,1.0,0,0,0,0,2.8848812761919667,TARGET_PRESERVED,2.4174999562092125,839630,-inf
FMNoiseSaopin,WLN_p10_o6,20.0,2024,UNIFIED_JSR_PASS,True,20.0,20.0,0.0,unified/pass,True,PASS,PASS,,3.6828466818290906,1.0,1.0,0,0,0,0,2.8848812761919667,TARGET_PRESERVED,2.1183749777264893,839548,-inf
FMNoiseSaopin,WLN_p10_o6,20.0,2025,UNIFIED_JSR_PASS,True,20.0,20.0,0.0,unified/pass,True,PASS,PASS,,14.586114630881017,1.0,1.0,0,0,1,1,2.8848812761919667,TARGET_PRESERVED,2.2633339976891875,839541,-30.196836360556354
FMNoiseSaopin,WLN_p10_o6,20.0,2026,UNIFIED_JSR_PASS,True,20.0,20.0,0.0,unified/pass,True,PASS,PASS,,6.403106918632211,1.0,1.0,0,0,0,0,2.8848812761919667,TARGET_PRESERVED,2.1257090265862644,839666,-inf
FMNoiseSaopin,WLN_p10_o6,20.0,2027,UNIFIED_JSR_PASS,True,20.0,20.0,0.0,unified/pass,True,PASS,PASS,,6.5293951555928516,1.0,1.0,0,0,2,1,2.8848812761919667,TARGET_PRESERVED,2.0985419978387654,839396,-36.365918092067766
FMNoiseSaopin,WLN_p10_o6,20.0,2028,UNIFIED_JSR_PASS,True,20.0,20.0,0.0,unified/pass,True,PASS,PASS,,14.640985523601184,1.0,1.0,0,0,2,2,2.8848812761919667,TARGET_PRESERVED,2.2616670466959476,839225,-29.530329311448433
FMNoiseSaopin,WLN_p10_o6,20.0,2029,UNIFIED_JSR_PASS,True,20.0,20.0,0.0,unified/pass,True,PASS,PASS,,14.634781879433866,1.0,1.0,0,0,0,1,2.8848812761919667,TARGET_PRESERVED,2.1726670092903078,839282,-30.790988336008414
FMNoiseSaopin,WLN_p10_o6,30.0,2000,UNIFIED_JSR_PASS,True,30.0,30.0,0.0,unified/pass,True,PASS,PASS,,19.07365470583787,1.0,1.0,1276,0,0,0,2.8848812761919667,TARGET_PRESERVED,2.1141250035725534,839412,-inf
FMNoiseSaopin,WLN_p10_o6,30.0,2001,UNIFIED_JSR_PASS,True,30.0,30.0,0.0,unified/pass,True,PASS,PASS,,5.525144890711292,1.0,1.0,1,0,1,1,2.8848812761919667,TARGET_PRESERVED,2.0572079811245203,839298,-31.542487860597554
FMNoiseSaopin,WLN_p10_o6,30.0,2002,UNIFIED_JSR_PASS,True,30.0,30.0,0.0,unified/pass,True,PASS,PASS,,7.783356196289923,1.0,1.0,1410,0,0,0,2.8848812761919667,TARGET_PRESERVED,2.1209580008871853,839807,-inf
FMNoiseSaopin,WLN_p10_o6,30.0,2003,UNIFIED_JSR_PASS,True,30.0,30.0,0.0,unified/pass,True,PASS,PASS,,5.3990138371982646,1.0,1.0,1,0,2,2,2.8848812761919667,TARGET_PRESERVED,2.09349999204278,839534,-32.39014030507906
FMNoiseSaopin,WLN_p10_o6,30.0,2004,UNIFIED_JSR_PASS,True,30.0,30.0,0.0,unified/pass,True,PASS,PASS,,17.851359525983607,1.0,1.0,1195,0,0,0,2.8848812761919667,TARGET_PRESERVED,2.1096660057082772,839661,-inf
FMNoiseSaopin,WLN_p10_o6,30.0,2005,UNIFIED_JSR_PASS,True,30.0,30.0,0.0,unified/pass,True,PASS,PASS,,7.824171175945551,1.0,1.0,1411,0,0,0,2.8848812761919667,TARGET_PRESERVED,2.2527079563587904,839346,-inf
FMNoiseSaopin,WLN_p10_o6,30.0,2006,UNIFIED_JSR_PASS,True,30.0,30.0,0.0,unified/pass,True,PASS,PASS,,5.632537666830537,1.0,1.0,1,0,0,0,2.8848812761919667,TARGET_PRESERVED,2.2087080287747085,839494,-inf
FMNoiseSaopin,WLN_p10_o6,30.0,2007,UNIFIED_JSR_PASS,True,30.0,30.0,0.0,unified/pass,True,PASS,PASS,,8.293081862115905,1.0,1.0,1281,1281,0,0,2.8848812761919667,TARGET_PRESERVED,2.2492919815704226,839436,-inf
FMNoiseSaopin,WLN_p10_o6,30.0,2008,UNIFIED_JSR_PASS,True,30.0,30.0,0.0,unified/pass,True,PASS,PASS,,8.554539540381151,1.0,1.0,1283,0,0,0,2.8848812761919667,TARGET_PRESERVED,2.352875017095357,839740,-inf
FMNoiseSaopin,WLN_p10_o6,30.0,2009,UNIFIED_JSR_PASS,True,30.0,30.0,0.0,unified/pass,True,PASS,PASS,,20.453243036428198,1.0,1.0,1289,0,0,0,2.8848812761919667,TARGET_PRESERVED,2.1513330284506083,839254,-inf
FMNoiseSaopin,WLN_p10_o6,30.0,2010,UNIFIED_JSR_PASS,True,30.0,30.0,0.0,unified/pass,True,PASS,PASS,,5.4458187535528175,1.0,1.0,0,0,0,0,2.8848812761919667,TARGET_PRESERVED,2.3735410068184137,839397,-inf
FMNoiseSaopin,WLN_p10_o6,30.0,2011,UNIFIED_JSR_PASS,True,30.0,30.0,0.0,unified/pass,True,PASS,PASS,,8.389164065167309,1.0,1.0,1151,1021,1,0,2.8848812761919667,TARGET_PRESERVED,2.0997499814257026,839356,-inf
FMNoiseSaopin,WLN_p10_o6,30.0,2012,UNIFIED_JSR_PASS,True,30.0,30.0,0.0,unified/pass,True,PASS,PASS,,18.959955416303966,1.0,1.0,1068,0,0,0,2.8848812761919667,TARGET_PRESERVED,2.3002499947324395,839552,-inf
FMNoiseSaopin,WLN_p10_o6,30.0,2013,UNIFIED_JSR_PASS,True,30.0,30.0,0.0,unified/pass,True,PASS,PASS,,16.648069008988923,1.0,1.0,713,0,1,2,2.8848812761919667,TARGET_PRESERVED,2.095333009492606,839296,-26.36518369886236
FMNoiseSaopin,WLN_p10_o6,30.0,2014,UNIFIED_JSR_PASS,True,30.0,30.0,0.0,unified/pass,True,PASS,PASS,,5.561038231360634,1.0,1.0,0,0,1,0,2.8848812761919667,TARGET_PRESERVED,2.099999983329326,839511,-inf
FMNoiseSaopin,WLN_p10_o6,30.0,2015,UNIFIED_JSR_PASS,True,30.0,30.0,0.0,unified/pass,True,PASS,PASS,,20.297650541840184,1.0,1.0,1347,0,0,0,2.8848812761919667,TARGET_PRESERVED,2.058332960586995,839678,-inf
FMNoiseSaopin,WLN_p10_o6,30.0,2016,UNIFIED_JSR_PASS,True,30.0,30.0,0.0,unified/pass,True,PASS,PASS,,8.799929148348365,1.0,1.0,561,0,0,0,2.8848812761919667,TARGET_PRESERVED,2.171625033952296,839679,-inf
FMNoiseSaopin,WLN_p10_o6,30.0,2017,UNIFIED_JSR_PASS,True,30.0,30.0,0.0,unified/pass,True,PASS,PASS,,8.803759795683474,1.0,1.0,1259,864,0,0,2.8848812761919667,TARGET_PRESERVED,2.1107500069774687,839477,-inf
FMNoiseSaopin,WLN_p10_o6,30.0,2018,UNIFIED_JSR_PASS,True,30.0,30.0,0.0,unified/pass,True,PASS,PASS,,19.465517299287104,1.0,1.0,781,0,0,0,2.8848812761919667,TARGET_PRESERVED,2.384291961789131,839783,-inf
FMNoiseSaopin,WLN_p10_o6,30.0,2019,UNIFIED_JSR_PASS,True,30.0,30.0,0.0,unified/pass,True,PASS,PASS,,5.473015975198916,1.0,1.0,0,0,1,1,2.8848812761919667,TARGET_PRESERVED,2.1867500036023557,839393,-30.933775991613413
FMNoiseSaopin,WLN_p10_o6,30.0,2020,UNIFIED_JSR_PASS,True,30.0,30.0,0.0,unified/pass,True,PASS,PASS,,5.53500695415449,1.0,1.0,1,0,0,0,2.8848812761919667,TARGET_PRESERVED,2.296249964274466,839668,-inf
FMNoiseSaopin,WLN_p10_o6,30.0,2021,UNIFIED_JSR_PASS,True,30.0,30.0,0.0,unified/pass,True,PASS,PASS,,5.3361945498265335,1.0,1.0,1,0,0,0,2.8848812761919667,TARGET_PRESERVED,2.1121250465512276,839392,-inf
FMNoiseSaopin,WLN_p10_o6,30.0,2022,UNIFIED_JSR_PASS,True,30.0,30.0,0.0,unified/pass,True,PASS,PASS,,7.594589442602125,1.0,1.0,1233,1228,0,0,2.8848812761919667,TARGET_PRESERVED,2.250917023047805,839356,-inf
FMNoiseSaopin,WLN_p10_o6,30.0,2023,UNIFIED_JSR_PASS,True,30.0,30.0,0.0,unified/pass,True,PASS,PASS,,8.953962701770438,1.0,1.0,467,0,0,0,2.8848812761919667,TARGET_PRESERVED,2.0814159652218223,839633,-inf
FMNoiseSaopin,WLN_p10_o6,30.0,2024,UNIFIED_JSR_PASS,True,30.0,30.0,0.0,unified/pass,True,PASS,PASS,,5.616564581729175,1.0,1.0,1,0,0,0,2.8848812761919667,TARGET_PRESERVED,2.2008329979144037,839545,-inf
FMNoiseSaopin,WLN_p10_o6,30.0,2025,UNIFIED_JSR_PASS,True,30.0,30.0,0.0,unified/pass,True,PASS,PASS,,18.887167891770876,1.0,1.0,717,0,1,1,2.8848812761919667,TARGET_PRESERVED,2.2707079770043492,839456,-31.58675723359362
FMNoiseSaopin,WLN_p10_o6,30.0,2026,UNIFIED_JSR_PASS,True,30.0,30.0,0.0,unified/pass,True,PASS,PASS,,7.3381642137039025,1.0,1.0,1208,1205,0,0,2.8848812761919667,TARGET_PRESERVED,2.1110830130055547,839474,-inf
FMNoiseSaopin,WLN_p10_o6,30.0,2027,UNIFIED_JSR_PASS,True,30.0,30.0,0.0,unified/pass,True,PASS,PASS,,7.383875684447921,1.0,1.0,1267,0,2,1,2.8848812761919667,TARGET_PRESERVED,2.230832993518561,839349,-36.90727717463759
FMNoiseSaopin,WLN_p10_o6,30.0,2028,UNIFIED_JSR_PASS,True,30.0,30.0,0.0,unified/pass,True,PASS,PASS,,20.763188372724183,1.0,1.0,754,0,2,2,2.8848812761919667,TARGET_PRESERVED,2.1354579948820174,839574,-30.213948054322096
FMNoiseSaopin,WLN_p10_o6,30.0,2029,UNIFIED_JSR_PASS,True,30.0,30.0,0.0,unified/pass,True,PASS,PASS,,19.328924658213484,1.0,1.0,687,0,0,1,2.8848812761919667,TARGET_PRESERVED,2.0987080060876906,839615,-31.998576623020888
SMSP,Current_WLN,10.0,2000,UNIFIED_JSR_PASS,True,10.0,10.0,0.0,unified/pass,True,PASS,PASS,,1.5871380082904345,0.0,0.0,1,2,0,0,1.7542552869168084,TARGET_PRESERVED,2.102166006807238,839837,-inf
SMSP,Current_WLN,10.0,2001,UNIFIED_JSR_PASS,True,10.0,10.0,0.0,unified/pass,True,PASS,PASS,,1.6038346933710308,1.0,0.0,1,2,0,0,1.7542552869168084,TARGET_PRESERVED,2.247750002425164,839633,-inf
SMSP,Current_WLN,10.0,2002,UNIFIED_JSR_PASS,True,10.0,10.0,0.0,unified/pass,True,PASS,PASS,,1.5986170334532233,0.0,0.0,1,2,1,1,1.7542552869168084,TARGET_PRESERVED,2.0552080241031945,839266,-30.09654739833904
SMSP,Current_WLN,10.0,2003,UNIFIED_JSR_PASS,True,10.0,10.0,0.0,unified/pass,True,PASS,PASS,,1.5781975524085432,0.0,0.0,1,2,0,0,1.7542552869168084,TARGET_PRESERVED,2.171457977965474,839562,-inf
SMSP,Current_WLN,10.0,2004,UNIFIED_JSR_PASS,True,10.0,10.0,0.0,unified/pass,True,PASS,PASS,,1.6219456577184381,0.0,0.0,1,2,0,0,1.7542552869168084,TARGET_PRESERVED,2.2667080047540367,839314,-inf
SMSP,Current_WLN,10.0,2005,UNIFIED_JSR_PASS,True,10.0,10.0,0.0,unified/pass,True,PASS,PASS,,1.6332236893450407,0.0,0.0,1,2,1,1,1.7542552869168084,TARGET_PRESERVED,2.058457990642637,839296,-29.36997609091827
SMSP,Current_WLN,10.0,2006,UNIFIED_JSR_PASS,True,10.0,10.0,0.0,unified/pass,True,PASS,PASS,,1.6086242662126615,0.0,0.0,1,2,0,0,1.7542552869168084,TARGET_PRESERVED,2.244125003926456,839243,-inf
SMSP,Current_WLN,10.0,2007,UNIFIED_JSR_PASS,True,10.0,10.0,0.0,unified/pass,True,PASS,PASS,,1.6232517667830564,0.0,0.0,1,2,2,2,1.7542552869168084,TARGET_PRESERVED,2.1086669876240194,839221,-25.982965066830907
SMSP,Current_WLN,10.0,2008,UNIFIED_JSR_PASS,True,10.0,10.0,0.0,unified/pass,True,PASS,PASS,,1.6229413830255268,0.0,0.0,1,2,0,0,1.7542552869168084,TARGET_PRESERVED,2.1148750092834234,839280,-inf
SMSP,Current_WLN,10.0,2009,UNIFIED_JSR_PASS,True,10.0,10.0,0.0,unified/pass,True,PASS,PASS,,1.6438456390699265,0.0,0.0,2,2,1,1,1.7542552869168084,TARGET_PRESERVED,2.0464169792830944,839079,-30.134781815924004
SMSP,Current_WLN,10.0,2010,UNIFIED_JSR_PASS,True,10.0,10.0,0.0,unified/pass,True,PASS,PASS,,1.5938501062508053,1.0,0.0,1,2,0,0,1.7542552869168084,TARGET_PRESERVED,2.074749965686351,839391,-inf
SMSP,Current_WLN,10.0,2011,UNIFIED_JSR_PASS,True,10.0,10.0,0.0,unified/pass,True,PASS,PASS,,1.6326358419968052,0.0,0.0,1,2,0,0,1.7542552869168084,TARGET_PRESERVED,2.0916659850627184,839254,-inf
SMSP,Current_WLN,10.0,2012,UNIFIED_JSR_PASS,True,10.0,10.0,0.0,unified/pass,True,PASS,PASS,,1.6151467262736219,1.0,0.0,1,2,0,0,1.7542552869168084,TARGET_PRESERVED,2.0763750071637332,839312,-inf
SMSP,Current_WLN,10.0,2013,UNIFIED_JSR_PASS,True,10.0,10.0,0.0,unified/pass,True,PASS,PASS,,1.6123127037778957,0.0,0.0,1,2,2,2,1.7542552869168084,TARGET_PRESERVED,2.1065829787403345,839075,-24.429298543104338
SMSP,Current_WLN,10.0,2014,UNIFIED_JSR_PASS,True,10.0,10.0,0.0,unified/pass,True,PASS,PASS,,1.6228874573799672,0.0,0.0,1,2,0,1,1.7542552869168084,TARGET_PRESERVED,2.0521249971352518,839187,-26.45339699134292
SMSP,Current_WLN,10.0,2015,UNIFIED_JSR_PASS,True,10.0,10.0,0.0,unified/pass,True,PASS,PASS,,1.6228699354302236,0.0,0.0,1,2,2,0,1.7542552869168084,TARGET_PRESERVED,2.0445839618332684,839116,-inf
SMSP,Current_WLN,10.0,2016,UNIFIED_JSR_PASS,True,10.0,10.0,0.0,unified/pass,True,PASS,PASS,,1.5948704815584378,1.0,0.0,1,2,0,0,1.7542552869168084,TARGET_PRESERVED,2.3344579967670143,839188,-inf
SMSP,Current_WLN,10.0,2017,UNIFIED_JSR_PASS,True,10.0,10.0,0.0,unified/pass,True,PASS,PASS,,1.6138393131231616,0.0,0.0,1,2,0,0,1.7542552869168084,TARGET_PRESERVED,2.11983296321705,839021,-inf
SMSP,Current_WLN,10.0,2018,UNIFIED_JSR_PASS,True,10.0,10.0,0.0,unified/pass,True,PASS,PASS,,1.6182744870407397,0.0,0.0,1,2,1,0,1.7542552869168084,TARGET_PRESERVED,2.1122079924680293,839019,-inf
SMSP,Current_WLN,10.0,2019,UNIFIED_JSR_PASS,True,10.0,10.0,0.0,unified/pass,True,PASS,PASS,,1.5972482862137447,0.0,0.0,1,2,0,0,1.7542552869168084,TARGET_PRESERVED,2.1134159760549664,839185,-inf
SMSP,Current_WLN,10.0,2020,UNIFIED_JSR_PASS,True,10.0,10.0,0.0,unified/pass,True,PASS,PASS,,1.5963840062045662,0.0,0.0,1,2,0,0,1.7542552869168084,TARGET_PRESERVED,2.06845800857991,839062,-inf
SMSP,Current_WLN,10.0,2021,UNIFIED_JSR_PASS,True,10.0,10.0,0.0,unified/pass,True,PASS,PASS,,1.6088995289182577,1.0,0.0,1,2,0,0,1.7542552869168084,TARGET_PRESERVED,2.1468749619089067,839392,-inf
SMSP,Current_WLN,10.0,2022,UNIFIED_JSR_PASS,True,10.0,10.0,0.0,unified/pass,True,PASS,PASS,,1.5735820815220514,0.0,0.0,1,2,0,0,1.7542552869168084,TARGET_PRESERVED,2.0928329904563725,839157,-inf
SMSP,Current_WLN,10.0,2023,UNIFIED_JSR_PASS,True,10.0,10.0,0.0,unified/pass,True,PASS,PASS,,1.6463164840124733,1.0,0.0,1,2,0,0,1.7542552869168084,TARGET_PRESERVED,2.106332976836711,839108,-inf
SMSP,Current_WLN,10.0,2024,UNIFIED_JSR_PASS,True,10.0,10.0,0.0,unified/pass,True,PASS,PASS,,1.5740149147681848,1.0,0.0,1,2,0,0,1.7542552869168084,TARGET_PRESERVED,2.076708013191819,839298,-inf
SMSP,Current_WLN,10.0,2025,UNIFIED_JSR_PASS,True,10.0,10.0,0.0,unified/pass,True,PASS,PASS,,1.6250382810596093,0.0,0.0,1,2,1,1,1.7542552869168084,TARGET_PRESERVED,2.030458999797702,839019,-29.212139715447098
SMSP,Current_WLN,10.0,2026,UNIFIED_JSR_PASS,True,10.0,10.0,0.0,unified/pass,True,PASS,PASS,,1.584441192290182,0.0,0.0,1,2,0,0,1.7542552869168084,TARGET_PRESERVED,2.1060419967398047,839139,-inf
SMSP,Current_WLN,10.0,2027,UNIFIED_JSR_PASS,True,10.0,10.0,0.0,unified/pass,True,PASS,PASS,,1.5979028291116855,0.0,0.0,1,2,0,0,1.7542552869168084,TARGET_PRESERVED,2.075208001770079,839310,-inf
SMSP,Current_WLN,10.0,2028,UNIFIED_JSR_PASS,True,10.0,10.0,0.0,unified/pass,True,PASS,PASS,,1.6363742141309103,0.0,0.0,1,2,0,0,1.7542552869168084,TARGET_PRESERVED,2.0469999872148037,839305,-inf
SMSP,Current_WLN,10.0,2029,UNIFIED_JSR_PASS,True,10.0,10.0,0.0,unified/pass,True,PASS,PASS,,1.596814249454031,0.0,0.0,1,2,1,0,1.7542552869168084,TARGET_PRESERVED,2.034249948337674,839211,-inf
SMSP,Current_WLN,20.0,2000,UNIFIED_JSR_PASS,True,20.0,20.0,0.0,unified/pass,True,PASS,PASS,,2.9564901899251446,0.0,0.0,518,518,0,0,1.7542552869168084,TARGET_PRESERVED,2.058875048533082,839239,-inf
SMSP,Current_WLN,20.0,2001,UNIFIED_JSR_PASS,True,20.0,20.0,0.0,unified/pass,True,PASS,PASS,,2.9865623643176162,0.0,0.0,518,518,0,0,1.7542552869168084,TARGET_PRESERVED,2.0920420065522194,839363,-inf
SMSP,Current_WLN,20.0,2002,UNIFIED_JSR_PASS,True,20.0,20.0,0.0,unified/pass,True,PASS,PASS,,2.983498990139606,0.0,0.0,518,518,1,1,1.7542552869168084,TARGET_PRESERVED,2.0446659764274955,838934,-31.608852113020056
SMSP,Current_WLN,20.0,2003,UNIFIED_JSR_PASS,True,20.0,20.0,0.0,unified/pass,True,PASS,PASS,,2.9682743943352605,0.0,0.0,518,518,0,0,1.7542552869168084,TARGET_PRESERVED,2.071457973215729,839234,-inf
SMSP,Current_WLN,20.0,2004,UNIFIED_JSR_PASS,True,20.0,20.0,0.0,unified/pass,True,PASS,PASS,,2.9901496897547215,0.0,0.0,518,518,0,0,1.7542552869168084,TARGET_PRESERVED,2.108542015776038,839342,-inf
SMSP,Current_WLN,20.0,2005,UNIFIED_JSR_PASS,True,20.0,20.0,0.0,unified/pass,True,PASS,PASS,,2.9646677444099705,0.0,0.0,518,518,1,1,1.7542552869168084,TARGET_PRESERVED,2.264083013869822,839112,-30.840323481122294
SMSP,Current_WLN,20.0,2006,UNIFIED_JSR_PASS,True,20.0,20.0,0.0,unified/pass,True,PASS,PASS,,2.955201017143514,0.0,0.0,518,518,0,0,1.7542552869168084,TARGET_PRESERVED,2.083334024064243,839236,-inf
SMSP,Current_WLN,20.0,2007,UNIFIED_JSR_PASS,True,20.0,20.0,0.0,unified/pass,True,PASS,PASS,,2.971035029661584,0.0,0.0,518,518,2,2,1.7542552869168084,TARGET_PRESERVED,2.199666982050985,839026,-27.492813896800463
SMSP,Current_WLN,20.0,2008,UNIFIED_JSR_PASS,True,20.0,20.0,0.0,unified/pass,True,PASS,PASS,,2.948781861461593,0.0,0.0,518,518,0,0,1.7542552869168084,TARGET_PRESERVED,2.1901250001974404,839299,-inf
SMSP,Current_WLN,20.0,2009,UNIFIED_JSR_PASS,True,20.0,20.0,0.0,unified/pass,True,PASS,PASS,,2.9740494498749372,0.0,0.0,518,518,1,1,1.7542552869168084,TARGET_PRESERVED,2.3139170370996,839393,-31.757176154058172
SMSP,Current_WLN,20.0,2010,UNIFIED_JSR_PASS,True,20.0,20.0,0.0,unified/pass,True,PASS,PASS,,2.9601361700151845,0.0,0.0,518,518,0,0,1.7542552869168084,TARGET_PRESERVED,2.1154999849386513,839234,-inf
SMSP,Current_WLN,20.0,2011,UNIFIED_JSR_PASS,True,20.0,20.0,0.0,unified/pass,True,PASS,PASS,,3.003930003923033,0.0,0.0,518,518,0,0,1.7542552869168084,TARGET_PRESERVED,2.1559169981628656,839368,-inf
SMSP,Current_WLN,20.0,2012,UNIFIED_JSR_PASS,True,20.0,20.0,0.0,unified/pass,True,PASS,PASS,,2.97788626439966,0.0,0.0,518,518,0,0,1.7542552869168084,TARGET_PRESERVED,2.274083031807095,839176,-inf
SMSP,Current_WLN,20.0,2013,UNIFIED_JSR_PASS,True,20.0,20.0,0.0,unified/pass,True,PASS,PASS,,2.951958639945855,0.0,0.0,518,518,2,2,1.7542552869168084,TARGET_PRESERVED,2.112290996592492,839393,-25.96978594504424
SMSP,Current_WLN,20.0,2014,UNIFIED_JSR_PASS,True,20.0,20.0,0.0,unified/pass,True,PASS,PASS,,2.972328985548998,0.0,0.0,518,518,0,0,1.7542552869168084,TARGET_PRESERVED,2.066750021185726,839333,-inf
SMSP,Current_WLN,20.0,2015,UNIFIED_JSR_PASS,True,20.0,20.0,0.0,unified/pass,True,PASS,PASS,,2.986835143376087,0.0,0.0,518,518,2,0,1.7542552869168084,TARGET_PRESERVED,2.0672500249929726,839172,-inf
SMSP,Current_WLN,20.0,2016,UNIFIED_JSR_PASS,True,20.0,20.0,0.0,unified/pass,True,PASS,PASS,,2.960245092305109,0.0,0.0,518,518,0,0,1.7542552869168084,TARGET_PRESERVED,2.1084999898448586,839370,-inf
SMSP,Current_WLN,20.0,2017,UNIFIED_JSR_PASS,True,20.0,20.0,0.0,unified/pass,True,PASS,PASS,,2.9729309884050785,0.0,0.0,518,518,0,0,1.7542552869168084,TARGET_PRESERVED,2.2180830128490925,839307,-inf
SMSP,Current_WLN,20.0,2018,UNIFIED_JSR_PASS,True,20.0,20.0,0.0,unified/pass,True,PASS,PASS,,2.944470930496334,0.0,0.0,518,518,1,0,1.7542552869168084,TARGET_PRESERVED,2.0907919970341027,839349,-inf
SMSP,Current_WLN,20.0,2019,UNIFIED_JSR_PASS,True,20.0,20.0,0.0,unified/pass,True,PASS,PASS,,2.9586925978996295,0.0,0.0,518,518,0,0,1.7542552869168084,TARGET_PRESERVED,2.319249964784831,839287,-inf
SMSP,Current_WLN,20.0,2020,UNIFIED_JSR_PASS,True,20.0,20.0,0.0,unified/pass,True,PASS,PASS,,2.9779465520698833,0.0,0.0,518,518,0,0,1.7542552869168084,TARGET_PRESERVED,2.097707998473197,839351,-inf
SMSP,Current_WLN,20.0,2021,UNIFIED_JSR_PASS,True,20.0,20.0,0.0,unified/pass,True,PASS,PASS,,2.950774839686657,0.0,0.0,518,518,0,0,1.7542552869168084,TARGET_PRESERVED,2.2038749884814024,839443,-inf
SMSP,Current_WLN,20.0,2022,UNIFIED_JSR_PASS,True,20.0,20.0,0.0,unified/pass,True,PASS,PASS,,2.9351316774121585,0.0,0.0,518,518,0,0,1.7542552869168084,TARGET_PRESERVED,2.3638749844394624,839196,-inf
SMSP,Current_WLN,20.0,2023,UNIFIED_JSR_PASS,True,20.0,20.0,0.0,unified/pass,True,PASS,PASS,,2.9852616719753087,0.0,0.0,518,518,0,0,1.7542552869168084,TARGET_PRESERVED,2.0728340023197234,839254,-inf
SMSP,Current_WLN,20.0,2024,UNIFIED_JSR_PASS,True,20.0,20.0,0.0,unified/pass,True,PASS,PASS,,2.94558976463229,0.0,0.0,518,518,0,0,1.7542552869168084,TARGET_PRESERVED,2.331166004296392,839155,-inf
SMSP,Current_WLN,20.0,2025,UNIFIED_JSR_PASS,True,20.0,20.0,0.0,unified/pass,True,PASS,PASS,,2.962702331547005,0.0,0.0,518,518,1,1,1.7542552869168084,TARGET_PRESERVED,2.0539170363917947,839211,-30.49581239339091
SMSP,Current_WLN,20.0,2026,UNIFIED_JSR_PASS,True,20.0,20.0,0.0,unified/pass,True,PASS,PASS,,2.937262590389606,0.0,0.0,518,518,0,0,1.7542552869168084,TARGET_PRESERVED,2.112707996275276,839329,-inf
SMSP,Current_WLN,20.0,2027,UNIFIED_JSR_PASS,True,20.0,20.0,0.0,unified/pass,True,PASS,PASS,,2.9649649531979287,0.0,0.0,518,518,0,0,1.7542552869168084,TARGET_PRESERVED,2.2596250055357814,839307,-inf
SMSP,Current_WLN,20.0,2028,UNIFIED_JSR_PASS,True,20.0,20.0,0.0,unified/pass,True,PASS,PASS,,2.9961632235766356,0.0,0.0,518,518,0,0,1.7542552869168084,TARGET_PRESERVED,2.1015829988755286,839259,-inf
SMSP,Current_WLN,20.0,2029,UNIFIED_JSR_PASS,True,20.0,20.0,0.0,unified/pass,True,PASS,PASS,,2.947258785342062,0.0,0.0,518,518,1,0,1.7542552869168084,TARGET_PRESERVED,2.0433749887160957,839206,-inf
SMSP,Current_WLN,30.0,2000,UNIFIED_JSR_PASS,True,30.0,30.0,0.0,unified/pass,True,PASS,PASS,,0.9398525178530583,0.0,0.0,518,518,0,0,1.7542552869168084,TARGET_PRESERVED,2.0554999937303364,839411,-inf
SMSP,Current_WLN,30.0,2001,UNIFIED_JSR_PASS,True,30.0,30.0,0.0,unified/pass,True,PASS,PASS,,0.944448004719252,0.0,0.0,518,518,0,0,1.7542552869168084,TARGET_PRESERVED,2.1573330159299076,839254,-inf
SMSP,Current_WLN,30.0,2002,UNIFIED_JSR_PASS,True,30.0,30.0,0.0,unified/pass,True,PASS,PASS,,0.9311642332679151,0.0,0.0,518,518,1,1,1.7542552869168084,TARGET_PRESERVED,2.271957986522466,839066,-38.68467697464991
SMSP,Current_WLN,30.0,2003,UNIFIED_JSR_PASS,True,30.0,30.0,0.0,unified/pass,True,PASS,PASS,,0.9206262224343664,0.0,0.0,518,518,0,0,1.7542552869168084,TARGET_PRESERVED,2.0939999958500266,839465,-inf
SMSP,Current_WLN,30.0,2004,UNIFIED_JSR_PASS,True,30.0,30.0,0.0,unified/pass,True,PASS,PASS,,0.9418806539812348,0.0,0.0,518,518,0,0,1.7542552869168084,TARGET_PRESERVED,2.4014170048758388,839295,-inf
SMSP,Current_WLN,30.0,2005,UNIFIED_JSR_PASS,True,30.0,30.0,0.0,unified/pass,True,PASS,PASS,,0.9174210251591424,0.0,0.0,518,518,1,1,1.7542552869168084,TARGET_PRESERVED,2.0990000339224935,839305,-37.832760730140684
SMSP,Current_WLN,30.0,2006,UNIFIED_JSR_PASS,True,30.0,30.0,0.0,unified/pass,True,PASS,PASS,,0.9388697325524982,0.0,0.0,518,518,0,0,1.7542552869168084,TARGET_PRESERVED,2.1492080413736403,839474,-inf
SMSP,Current_WLN,30.0,2007,UNIFIED_JSR_PASS,True,30.0,30.0,0.0,unified/pass,True,PASS,PASS,,0.9035122978728714,0.0,0.0,518,518,2,2,1.7542552869168084,TARGET_PRESERVED,2.256792038679123,839400,-34.53054276148427
SMSP,Current_WLN,30.0,2008,UNIFIED_JSR_PASS,True,30.0,30.0,0.0,unified/pass,True,PASS,PASS,,0.9180903263884783,0.0,0.0,518,518,0,0,1.7542552869168084,TARGET_PRESERVED,2.0767920068465173,839389,-inf
SMSP,Current_WLN,30.0,2009,UNIFIED_JSR_PASS,True,30.0,30.0,0.0,unified/pass,True,PASS,PASS,,0.9017499880046476,0.0,0.0,518,518,1,1,1.7542552869168084,TARGET_PRESERVED,2.4687499972060323,839261,-38.72927912179183
SMSP,Current_WLN,30.0,2010,UNIFIED_JSR_PASS,True,30.0,30.0,0.0,unified/pass,True,PASS,PASS,,0.9316185642309041,0.0,0.0,518,518,0,0,1.7542552869168084,TARGET_PRESERVED,2.127167012076825,839476,-inf
SMSP,Current_WLN,30.0,2011,UNIFIED_JSR_PASS,True,30.0,30.0,0.0,unified/pass,True,PASS,PASS,,0.9486177844136785,0.0,0.0,518,518,0,0,1.7542552869168084,TARGET_PRESERVED,2.103000006172806,839434,-inf
SMSP,Current_WLN,30.0,2012,UNIFIED_JSR_PASS,True,30.0,30.0,0.0,unified/pass,True,PASS,PASS,,0.9290270716970701,0.0,0.0,518,518,0,0,1.7542552869168084,TARGET_PRESERVED,2.0940839895047247,839409,-inf
SMSP,Current_WLN,30.0,2013,UNIFIED_JSR_PASS,True,30.0,30.0,0.0,unified/pass,True,PASS,PASS,,0.9280761586559931,0.0,0.0,518,518,2,2,1.7542552869168084,TARGET_PRESERVED,2.0467080175876617,839296,-32.96087288593404
SMSP,Current_WLN,30.0,2014,UNIFIED_JSR_PASS,True,30.0,30.0,0.0,unified/pass,True,PASS,PASS,,0.9163012490707363,0.0,0.0,518,518,0,0,1.7542552869168084,TARGET_PRESERVED,2.075167023576796,839518,-inf
SMSP,Current_WLN,30.0,2015,UNIFIED_JSR_PASS,True,30.0,30.0,0.0,unified/pass,True,PASS,PASS,,0.9039865921127994,0.0,0.0,518,518,2,2,1.7542552869168084,TARGET_PRESERVED,2.0365830278024077,839393,-34.725298187534776
SMSP,Current_WLN,30.0,2016,UNIFIED_JSR_PASS,True,30.0,30.0,0.0,unified/pass,True,PASS,PASS,,0.8996903952286592,0.0,0.0,518,518,0,0,1.7542552869168084,TARGET_PRESERVED,2.1326670539565384,839151,-inf
SMSP,Current_WLN,30.0,2017,UNIFIED_JSR_PASS,True,30.0,30.0,0.0,unified/pass,True,PASS,PASS,,0.927754940936814,0.0,0.0,518,518,0,0,1.7542552869168084,TARGET_PRESERVED,2.0781669882126153,839353,-inf
SMSP,Current_WLN,30.0,2018,UNIFIED_JSR_PASS,True,30.0,30.0,0.0,unified/pass,True,PASS,PASS,,0.9143712761700584,0.0,0.0,518,518,1,0,1.7542552869168084,TARGET_PRESERVED,2.063749998342246,839444,-inf
SMSP,Current_WLN,30.0,2019,UNIFIED_JSR_PASS,True,30.0,30.0,0.0,unified/pass,True,PASS,PASS,,0.905752502365254,0.0,0.0,518,518,0,0,1.7542552869168084,TARGET_PRESERVED,2.0707910298369825,839231,-inf
SMSP,Current_WLN,30.0,2020,UNIFIED_JSR_PASS,True,30.0,30.0,0.0,unified/pass,True,PASS,PASS,,0.9315670393362101,0.0,0.0,518,518,0,0,1.7542552869168084,TARGET_PRESERVED,2.0615000394172966,839115,-inf
SMSP,Current_WLN,30.0,2021,UNIFIED_JSR_PASS,True,30.0,30.0,0.0,unified/pass,True,PASS,PASS,,0.9336007848387711,0.0,0.0,518,518,0,0,1.7542552869168084,TARGET_PRESERVED,2.10191699443385,839291,-inf
SMSP,Current_WLN,30.0,2022,UNIFIED_JSR_PASS,True,30.0,30.0,0.0,unified/pass,True,PASS,PASS,,0.9202530066371883,0.0,0.0,518,518,0,0,1.7542552869168084,TARGET_PRESERVED,2.071915951091796,839159,-inf
SMSP,Current_WLN,30.0,2023,UNIFIED_JSR_PASS,True,30.0,30.0,0.0,unified/pass,True,PASS,PASS,,0.9220794363092271,0.0,0.0,518,518,0,0,1.7542552869168084,TARGET_PRESERVED,2.0415830076672137,839201,-inf
SMSP,Current_WLN,30.0,2024,UNIFIED_JSR_PASS,True,30.0,30.0,0.0,unified/pass,True,PASS,PASS,,0.9345689357027362,0.0,0.0,518,518,0,0,1.7542552869168084,TARGET_PRESERVED,2.0796669996343553,839293,-inf
SMSP,Current_WLN,30.0,2025,UNIFIED_JSR_PASS,True,30.0,30.0,0.0,unified/pass,True,PASS,PASS,,0.9505622151832149,0.0,0.0,518,518,1,1,1.7542552869168084,TARGET_PRESERVED,2.0615420071408153,839109,-37.45114360182607
SMSP,Current_WLN,30.0,2026,UNIFIED_JSR_PASS,True,30.0,30.0,0.0,unified/pass,True,PASS,PASS,,0.9244318635233029,0.0,0.0,518,518,0,0,1.7542552869168084,TARGET_PRESERVED,2.0771249546669424,839225,-inf
SMSP,Current_WLN,30.0,2027,UNIFIED_JSR_PASS,True,30.0,30.0,0.0,unified/pass,True,PASS,PASS,,0.9315852564371747,0.0,0.0,518,518,0,0,1.7542552869168084,TARGET_PRESERVED,2.0812080474570394,839067,-inf
SMSP,Current_WLN,30.0,2028,UNIFIED_JSR_PASS,True,30.0,30.0,0.0,unified/pass,True,PASS,PASS,,0.9325134593257509,0.0,0.0,518,518,0,0,1.7542552869168084,TARGET_PRESERVED,2.0412500016391277,839293,-inf
SMSP,Current_WLN,30.0,2029,UNIFIED_JSR_PASS,True,30.0,30.0,0.0,unified/pass,True,PASS,PASS,,0.9406449983237319,0.0,0.0,518,518,1,1,1.7542552869168084,TARGET_PRESERVED,2.0603330340236425,839111,-37.75141054097784
SMSP,Identity,10.0,2000,UNIFIED_JSR_PASS,True,10.0,10.0,0.0,unified/pass,True,PASS,PASS,,0.0,0.0,0.0,1,1,0,0,0.0,TARGET_PRESERVED,0.0,0,-inf
SMSP,Identity,10.0,2001,UNIFIED_JSR_PASS,True,10.0,10.0,0.0,unified/pass,True,PASS,PASS,,0.0,1.0,1.0,1,1,0,0,0.0,TARGET_PRESERVED,0.0,0,-inf
SMSP,Identity,10.0,2002,UNIFIED_JSR_PASS,True,10.0,10.0,0.0,unified/pass,True,PASS,PASS,,0.0,0.0,0.0,1,1,1,1,0.0,TARGET_PRESERVED,0.0,0,-30.09654739833904
SMSP,Identity,10.0,2003,UNIFIED_JSR_PASS,True,10.0,10.0,0.0,unified/pass,True,PASS,PASS,,0.0,0.0,0.0,1,1,0,0,0.0,TARGET_PRESERVED,0.0,0,-inf
SMSP,Identity,10.0,2004,UNIFIED_JSR_PASS,True,10.0,10.0,0.0,unified/pass,True,PASS,PASS,,0.0,0.0,0.0,1,1,0,0,0.0,TARGET_PRESERVED,0.0,0,-inf
SMSP,Identity,10.0,2005,UNIFIED_JSR_PASS,True,10.0,10.0,0.0,unified/pass,True,PASS,PASS,,0.0,0.0,0.0,1,1,1,1,0.0,TARGET_PRESERVED,0.0,0,-29.36997609091827
SMSP,Identity,10.0,2006,UNIFIED_JSR_PASS,True,10.0,10.0,0.0,unified/pass,True,PASS,PASS,,0.0,0.0,0.0,1,1,0,0,0.0,TARGET_PRESERVED,0.0,0,-inf
SMSP,Identity,10.0,2007,UNIFIED_JSR_PASS,True,10.0,10.0,0.0,unified/pass,True,PASS,PASS,,0.0,0.0,0.0,1,1,2,2,0.0,TARGET_PRESERVED,0.0,0,-25.982965066830907
SMSP,Identity,10.0,2008,UNIFIED_JSR_PASS,True,10.0,10.0,0.0,unified/pass,True,PASS,PASS,,0.0,0.0,0.0,1,1,0,0,0.0,TARGET_PRESERVED,0.0,0,-inf
SMSP,Identity,10.0,2009,UNIFIED_JSR_PASS,True,10.0,10.0,0.0,unified/pass,True,PASS,PASS,,0.0,0.0,0.0,2,2,1,1,0.0,TARGET_PRESERVED,0.0,0,-30.134781815924004
SMSP,Identity,10.0,2010,UNIFIED_JSR_PASS,True,10.0,10.0,0.0,unified/pass,True,PASS,PASS,,0.0,1.0,1.0,1,1,0,0,0.0,TARGET_PRESERVED,0.0,0,-inf
SMSP,Identity,10.0,2011,UNIFIED_JSR_PASS,True,10.0,10.0,0.0,unified/pass,True,PASS,PASS,,0.0,0.0,0.0,1,1,0,0,0.0,TARGET_PRESERVED,0.0,0,-inf
SMSP,Identity,10.0,2012,UNIFIED_JSR_PASS,True,10.0,10.0,0.0,unified/pass,True,PASS,PASS,,0.0,1.0,1.0,1,1,0,0,0.0,TARGET_PRESERVED,0.0,0,-inf
SMSP,Identity,10.0,2013,UNIFIED_JSR_PASS,True,10.0,10.0,0.0,unified/pass,True,PASS,PASS,,0.0,0.0,0.0,1,1,2,2,0.0,TARGET_PRESERVED,0.0,0,-24.429298543104338
SMSP,Identity,10.0,2014,UNIFIED_JSR_PASS,True,10.0,10.0,0.0,unified/pass,True,PASS,PASS,,0.0,0.0,0.0,1,1,0,0,0.0,TARGET_PRESERVED,0.0,0,-26.45339699134292
SMSP,Identity,10.0,2015,UNIFIED_JSR_PASS,True,10.0,10.0,0.0,unified/pass,True,PASS,PASS,,0.0,0.0,0.0,1,1,2,2,0.0,TARGET_PRESERVED,0.0,0,-inf
SMSP,Identity,10.0,2016,UNIFIED_JSR_PASS,True,10.0,10.0,0.0,unified/pass,True,PASS,PASS,,0.0,1.0,1.0,1,1,0,0,0.0,TARGET_PRESERVED,0.0,0,-inf
SMSP,Identity,10.0,2017,UNIFIED_JSR_PASS,True,10.0,10.0,0.0,unified/pass,True,PASS,PASS,,0.0,0.0,0.0,1,1,0,0,0.0,TARGET_PRESERVED,0.0,0,-inf
SMSP,Identity,10.0,2018,UNIFIED_JSR_PASS,True,10.0,10.0,0.0,unified/pass,True,PASS,PASS,,0.0,0.0,0.0,1,1,1,1,0.0,TARGET_PRESERVED,0.0,0,-inf
SMSP,Identity,10.0,2019,UNIFIED_JSR_PASS,True,10.0,10.0,0.0,unified/pass,True,PASS,PASS,,0.0,0.0,0.0,1,1,0,0,0.0,TARGET_PRESERVED,0.0,0,-inf
SMSP,Identity,10.0,2020,UNIFIED_JSR_PASS,True,10.0,10.0,0.0,unified/pass,True,PASS,PASS,,0.0,0.0,0.0,1,1,0,0,0.0,TARGET_PRESERVED,0.0,0,-inf
SMSP,Identity,10.0,2021,UNIFIED_JSR_PASS,True,10.0,10.0,0.0,unified/pass,True,PASS,PASS,,0.0,1.0,1.0,1,1,0,0,0.0,TARGET_PRESERVED,0.0,0,-inf
SMSP,Identity,10.0,2022,UNIFIED_JSR_PASS,True,10.0,10.0,0.0,unified/pass,True,PASS,PASS,,0.0,0.0,0.0,1,1,0,0,0.0,TARGET_PRESERVED,0.0,0,-inf
SMSP,Identity,10.0,2023,UNIFIED_JSR_PASS,True,10.0,10.0,0.0,unified/pass,True,PASS,PASS,,0.0,1.0,1.0,1,1,0,0,0.0,TARGET_PRESERVED,0.0,0,-inf
SMSP,Identity,10.0,2024,UNIFIED_JSR_PASS,True,10.0,10.0,0.0,unified/pass,True,PASS,PASS,,0.0,1.0,1.0,1,1,0,0,0.0,TARGET_PRESERVED,0.0,0,-inf
SMSP,Identity,10.0,2025,UNIFIED_JSR_PASS,True,10.0,10.0,0.0,unified/pass,True,PASS,PASS,,0.0,0.0,0.0,1,1,1,1,0.0,TARGET_PRESERVED,0.0,0,-29.212139715447098
SMSP,Identity,10.0,2026,UNIFIED_JSR_PASS,True,10.0,10.0,0.0,unified/pass,True,PASS,PASS,,0.0,0.0,0.0,1,1,0,0,0.0,TARGET_PRESERVED,0.0,0,-inf
SMSP,Identity,10.0,2027,UNIFIED_JSR_PASS,True,10.0,10.0,0.0,unified/pass,True,PASS,PASS,,0.0,0.0,0.0,1,1,0,0,0.0,TARGET_PRESERVED,0.0,0,-inf
SMSP,Identity,10.0,2028,UNIFIED_JSR_PASS,True,10.0,10.0,0.0,unified/pass,True,PASS,PASS,,0.0,0.0,0.0,1,1,0,0,0.0,TARGET_PRESERVED,0.0,0,-inf
SMSP,Identity,10.0,2029,UNIFIED_JSR_PASS,True,10.0,10.0,0.0,unified/pass,True,PASS,PASS,,0.0,0.0,0.0,1,1,1,1,0.0,TARGET_PRESERVED,0.0,0,-inf
SMSP,Identity,20.0,2000,UNIFIED_JSR_PASS,True,20.0,20.0,0.0,unified/pass,True,PASS,PASS,,0.0,0.0,0.0,518,518,0,0,0.0,TARGET_PRESERVED,0.0,0,-inf
SMSP,Identity,20.0,2001,UNIFIED_JSR_PASS,True,20.0,20.0,0.0,unified/pass,True,PASS,PASS,,0.0,0.0,0.0,518,518,0,0,0.0,TARGET_PRESERVED,0.0,0,-inf
SMSP,Identity,20.0,2002,UNIFIED_JSR_PASS,True,20.0,20.0,0.0,unified/pass,True,PASS,PASS,,0.0,0.0,0.0,518,518,1,1,0.0,TARGET_PRESERVED,0.0,0,-31.608852113020056
SMSP,Identity,20.0,2003,UNIFIED_JSR_PASS,True,20.0,20.0,0.0,unified/pass,True,PASS,PASS,,0.0,0.0,0.0,518,518,0,0,0.0,TARGET_PRESERVED,0.0,0,-inf
SMSP,Identity,20.0,2004,UNIFIED_JSR_PASS,True,20.0,20.0,0.0,unified/pass,True,PASS,PASS,,0.0,0.0,0.0,518,518,0,0,0.0,TARGET_PRESERVED,0.0,0,-inf
SMSP,Identity,20.0,2005,UNIFIED_JSR_PASS,True,20.0,20.0,0.0,unified/pass,True,PASS,PASS,,0.0,0.0,0.0,518,518,1,1,0.0,TARGET_PRESERVED,0.0,0,-30.840323481122294
SMSP,Identity,20.0,2006,UNIFIED_JSR_PASS,True,20.0,20.0,0.0,unified/pass,True,PASS,PASS,,0.0,0.0,0.0,518,518,0,0,0.0,TARGET_PRESERVED,0.0,0,-inf
SMSP,Identity,20.0,2007,UNIFIED_JSR_PASS,True,20.0,20.0,0.0,unified/pass,True,PASS,PASS,,0.0,0.0,0.0,518,518,2,2,0.0,TARGET_PRESERVED,0.0,0,-27.492813896800463
SMSP,Identity,20.0,2008,UNIFIED_JSR_PASS,True,20.0,20.0,0.0,unified/pass,True,PASS,PASS,,0.0,0.0,0.0,518,518,0,0,0.0,TARGET_PRESERVED,0.0,0,-inf
SMSP,Identity,20.0,2009,UNIFIED_JSR_PASS,True,20.0,20.0,0.0,unified/pass,True,PASS,PASS,,0.0,0.0,0.0,518,518,1,1,0.0,TARGET_PRESERVED,0.0,0,-31.757176154058172
SMSP,Identity,20.0,2010,UNIFIED_JSR_PASS,True,20.0,20.0,0.0,unified/pass,True,PASS,PASS,,0.0,0.0,0.0,518,518,0,0,0.0,TARGET_PRESERVED,0.0,0,-inf
SMSP,Identity,20.0,2011,UNIFIED_JSR_PASS,True,20.0,20.0,0.0,unified/pass,True,PASS,PASS,,0.0,0.0,0.0,518,518,0,0,0.0,TARGET_PRESERVED,0.0,0,-inf
SMSP,Identity,20.0,2012,UNIFIED_JSR_PASS,True,20.0,20.0,0.0,unified/pass,True,PASS,PASS,,0.0,0.0,0.0,518,518,0,0,0.0,TARGET_PRESERVED,0.0,0,-inf
SMSP,Identity,20.0,2013,UNIFIED_JSR_PASS,True,20.0,20.0,0.0,unified/pass,True,PASS,PASS,,0.0,0.0,0.0,518,518,2,2,0.0,TARGET_PRESERVED,0.0,0,-25.96978594504424
SMSP,Identity,20.0,2014,UNIFIED_JSR_PASS,True,20.0,20.0,0.0,unified/pass,True,PASS,PASS,,0.0,0.0,0.0,518,518,0,0,0.0,TARGET_PRESERVED,0.0,0,-inf
SMSP,Identity,20.0,2015,UNIFIED_JSR_PASS,True,20.0,20.0,0.0,unified/pass,True,PASS,PASS,,0.0,0.0,0.0,518,518,2,2,0.0,TARGET_PRESERVED,0.0,0,-inf
SMSP,Identity,20.0,2016,UNIFIED_JSR_PASS,True,20.0,20.0,0.0,unified/pass,True,PASS,PASS,,0.0,0.0,0.0,518,518,0,0,0.0,TARGET_PRESERVED,0.0,0,-inf
SMSP,Identity,20.0,2017,UNIFIED_JSR_PASS,True,20.0,20.0,0.0,unified/pass,True,PASS,PASS,,0.0,0.0,0.0,518,518,0,0,0.0,TARGET_PRESERVED,0.0,0,-inf
SMSP,Identity,20.0,2018,UNIFIED_JSR_PASS,True,20.0,20.0,0.0,unified/pass,True,PASS,PASS,,0.0,0.0,0.0,518,518,1,1,0.0,TARGET_PRESERVED,0.0,0,-inf
SMSP,Identity,20.0,2019,UNIFIED_JSR_PASS,True,20.0,20.0,0.0,unified/pass,True,PASS,PASS,,0.0,0.0,0.0,518,518,0,0,0.0,TARGET_PRESERVED,0.0,0,-inf
SMSP,Identity,20.0,2020,UNIFIED_JSR_PASS,True,20.0,20.0,0.0,unified/pass,True,PASS,PASS,,0.0,0.0,0.0,518,518,0,0,0.0,TARGET_PRESERVED,0.0,0,-inf
SMSP,Identity,20.0,2021,UNIFIED_JSR_PASS,True,20.0,20.0,0.0,unified/pass,True,PASS,PASS,,0.0,0.0,0.0,518,518,0,0,0.0,TARGET_PRESERVED,0.0,0,-inf
SMSP,Identity,20.0,2022,UNIFIED_JSR_PASS,True,20.0,20.0,0.0,unified/pass,True,PASS,PASS,,0.0,0.0,0.0,518,518,0,0,0.0,TARGET_PRESERVED,0.0,0,-inf
SMSP,Identity,20.0,2023,UNIFIED_JSR_PASS,True,20.0,20.0,0.0,unified/pass,True,PASS,PASS,,0.0,0.0,0.0,518,518,0,0,0.0,TARGET_PRESERVED,0.0,0,-inf
SMSP,Identity,20.0,2024,UNIFIED_JSR_PASS,True,20.0,20.0,0.0,unified/pass,True,PASS,PASS,,0.0,0.0,0.0,518,518,0,0,0.0,TARGET_PRESERVED,0.0,0,-inf
SMSP,Identity,20.0,2025,UNIFIED_JSR_PASS,True,20.0,20.0,0.0,unified/pass,True,PASS,PASS,,0.0,0.0,0.0,518,518,1,1,0.0,TARGET_PRESERVED,0.0,0,-30.49581239339091
SMSP,Identity,20.0,2026,UNIFIED_JSR_PASS,True,20.0,20.0,0.0,unified/pass,True,PASS,PASS,,0.0,0.0,0.0,518,518,0,0,0.0,TARGET_PRESERVED,0.0,0,-inf
SMSP,Identity,20.0,2027,UNIFIED_JSR_PASS,True,20.0,20.0,0.0,unified/pass,True,PASS,PASS,,0.0,0.0,0.0,518,518,0,0,0.0,TARGET_PRESERVED,0.0,0,-inf
SMSP,Identity,20.0,2028,UNIFIED_JSR_PASS,True,20.0,20.0,0.0,unified/pass,True,PASS,PASS,,0.0,0.0,0.0,518,518,0,0,0.0,TARGET_PRESERVED,0.0,0,-inf
SMSP,Identity,20.0,2029,UNIFIED_JSR_PASS,True,20.0,20.0,0.0,unified/pass,True,PASS,PASS,,0.0,0.0,0.0,518,518,1,1,0.0,TARGET_PRESERVED,0.0,0,-inf
SMSP,Identity,30.0,2000,UNIFIED_JSR_PASS,True,30.0,30.0,0.0,unified/pass,True,PASS,PASS,,0.0,0.0,0.0,518,518,0,0,0.0,TARGET_PRESERVED,0.0,0,-inf
SMSP,Identity,30.0,2001,UNIFIED_JSR_PASS,True,30.0,30.0,0.0,unified/pass,True,PASS,PASS,,0.0,0.0,0.0,518,518,0,0,0.0,TARGET_PRESERVED,0.0,0,-inf
SMSP,Identity,30.0,2002,UNIFIED_JSR_PASS,True,30.0,30.0,0.0,unified/pass,True,PASS,PASS,,0.0,0.0,0.0,518,518,1,1,0.0,TARGET_PRESERVED,0.0,0,-38.68467697464991
SMSP,Identity,30.0,2003,UNIFIED_JSR_PASS,True,30.0,30.0,0.0,unified/pass,True,PASS,PASS,,0.0,0.0,0.0,518,518,0,0,0.0,TARGET_PRESERVED,0.0,0,-inf
SMSP,Identity,30.0,2004,UNIFIED_JSR_PASS,True,30.0,30.0,0.0,unified/pass,True,PASS,PASS,,0.0,0.0,0.0,518,518,0,0,0.0,TARGET_PRESERVED,0.0,0,-inf
SMSP,Identity,30.0,2005,UNIFIED_JSR_PASS,True,30.0,30.0,0.0,unified/pass,True,PASS,PASS,,0.0,0.0,0.0,518,518,1,1,0.0,TARGET_PRESERVED,0.0,0,-37.832760730140684
SMSP,Identity,30.0,2006,UNIFIED_JSR_PASS,True,30.0,30.0,0.0,unified/pass,True,PASS,PASS,,0.0,0.0,0.0,518,518,0,0,0.0,TARGET_PRESERVED,0.0,0,-inf
SMSP,Identity,30.0,2007,UNIFIED_JSR_PASS,True,30.0,30.0,0.0,unified/pass,True,PASS,PASS,,0.0,0.0,0.0,518,518,2,2,0.0,TARGET_PRESERVED,0.0,0,-34.53054276148427
SMSP,Identity,30.0,2008,UNIFIED_JSR_PASS,True,30.0,30.0,0.0,unified/pass,True,PASS,PASS,,0.0,0.0,0.0,518,518,0,0,0.0,TARGET_PRESERVED,0.0,0,-inf
SMSP,Identity,30.0,2009,UNIFIED_JSR_PASS,True,30.0,30.0,0.0,unified/pass,True,PASS,PASS,,0.0,0.0,0.0,518,518,1,1,0.0,TARGET_PRESERVED,0.0,0,-38.72927912179183
SMSP,Identity,30.0,2010,UNIFIED_JSR_PASS,True,30.0,30.0,0.0,unified/pass,True,PASS,PASS,,0.0,0.0,0.0,518,518,0,0,0.0,TARGET_PRESERVED,0.0,0,-inf
SMSP,Identity,30.0,2011,UNIFIED_JSR_PASS,True,30.0,30.0,0.0,unified/pass,True,PASS,PASS,,0.0,0.0,0.0,518,518,0,0,0.0,TARGET_PRESERVED,0.0,0,-inf
SMSP,Identity,30.0,2012,UNIFIED_JSR_PASS,True,30.0,30.0,0.0,unified/pass,True,PASS,PASS,,0.0,0.0,0.0,518,518,0,0,0.0,TARGET_PRESERVED,0.0,0,-inf
SMSP,Identity,30.0,2013,UNIFIED_JSR_PASS,True,30.0,30.0,0.0,unified/pass,True,PASS,PASS,,0.0,0.0,0.0,518,518,2,2,0.0,TARGET_PRESERVED,0.0,0,-32.96087288593404
SMSP,Identity,30.0,2014,UNIFIED_JSR_PASS,True,30.0,30.0,0.0,unified/pass,True,PASS,PASS,,0.0,0.0,0.0,518,518,0,0,0.0,TARGET_PRESERVED,0.0,0,-inf
SMSP,Identity,30.0,2015,UNIFIED_JSR_PASS,True,30.0,30.0,0.0,unified/pass,True,PASS,PASS,,0.0,0.0,0.0,518,518,2,2,0.0,TARGET_PRESERVED,0.0,0,-34.725298187534776
SMSP,Identity,30.0,2016,UNIFIED_JSR_PASS,True,30.0,30.0,0.0,unified/pass,True,PASS,PASS,,0.0,0.0,0.0,518,518,0,0,0.0,TARGET_PRESERVED,0.0,0,-inf
SMSP,Identity,30.0,2017,UNIFIED_JSR_PASS,True,30.0,30.0,0.0,unified/pass,True,PASS,PASS,,0.0,0.0,0.0,518,518,0,0,0.0,TARGET_PRESERVED,0.0,0,-inf
SMSP,Identity,30.0,2018,UNIFIED_JSR_PASS,True,30.0,30.0,0.0,unified/pass,True,PASS,PASS,,0.0,0.0,0.0,518,518,1,1,0.0,TARGET_PRESERVED,0.0,0,-inf
SMSP,Identity,30.0,2019,UNIFIED_JSR_PASS,True,30.0,30.0,0.0,unified/pass,True,PASS,PASS,,0.0,0.0,0.0,518,518,0,0,0.0,TARGET_PRESERVED,0.0,0,-inf
SMSP,Identity,30.0,2020,UNIFIED_JSR_PASS,True,30.0,30.0,0.0,unified/pass,True,PASS,PASS,,0.0,0.0,0.0,518,518,0,0,0.0,TARGET_PRESERVED,0.0,0,-inf
SMSP,Identity,30.0,2021,UNIFIED_JSR_PASS,True,30.0,30.0,0.0,unified/pass,True,PASS,PASS,,0.0,0.0,0.0,518,518,0,0,0.0,TARGET_PRESERVED,0.0,0,-inf
SMSP,Identity,30.0,2022,UNIFIED_JSR_PASS,True,30.0,30.0,0.0,unified/pass,True,PASS,PASS,,0.0,0.0,0.0,518,518,0,0,0.0,TARGET_PRESERVED,0.0,0,-inf
SMSP,Identity,30.0,2023,UNIFIED_JSR_PASS,True,30.0,30.0,0.0,unified/pass,True,PASS,PASS,,0.0,0.0,0.0,518,518,0,0,0.0,TARGET_PRESERVED,0.0,0,-inf
SMSP,Identity,30.0,2024,UNIFIED_JSR_PASS,True,30.0,30.0,0.0,unified/pass,True,PASS,PASS,,0.0,0.0,0.0,518,518,0,0,0.0,TARGET_PRESERVED,0.0,0,-inf
SMSP,Identity,30.0,2025,UNIFIED_JSR_PASS,True,30.0,30.0,0.0,unified/pass,True,PASS,PASS,,0.0,0.0,0.0,518,518,1,1,0.0,TARGET_PRESERVED,0.0,0,-37.45114360182607
SMSP,Identity,30.0,2026,UNIFIED_JSR_PASS,True,30.0,30.0,0.0,unified/pass,True,PASS,PASS,,0.0,0.0,0.0,518,518,0,0,0.0,TARGET_PRESERVED,0.0,0,-inf
SMSP,Identity,30.0,2027,UNIFIED_JSR_PASS,True,30.0,30.0,0.0,unified/pass,True,PASS,PASS,,0.0,0.0,0.0,518,518,0,0,0.0,TARGET_PRESERVED,0.0,0,-inf
SMSP,Identity,30.0,2028,UNIFIED_JSR_PASS,True,30.0,30.0,0.0,unified/pass,True,PASS,PASS,,0.0,0.0,0.0,518,518,0,0,0.0,TARGET_PRESERVED,0.0,0,-inf
SMSP,Identity,30.0,2029,UNIFIED_JSR_PASS,True,30.0,30.0,0.0,unified/pass,True,PASS,PASS,,0.0,0.0,0.0,518,518,1,1,0.0,TARGET_PRESERVED,0.0,0,-37.75141054097784
SMSP,WLN_p10_o6,10.0,2000,UNIFIED_JSR_PASS,True,10.0,10.0,0.0,unified/pass,True,PASS,PASS,,1.331400301268605,0.0,0.0,1,2,0,0,2.8848812761919667,TARGET_PRESERVED,2.0733330165967345,839190,-inf
SMSP,WLN_p10_o6,10.0,2001,UNIFIED_JSR_PASS,True,10.0,10.0,0.0,unified/pass,True,PASS,PASS,,1.347350035783247,1.0,0.0,1,2,0,0,2.8848812761919667,TARGET_PRESERVED,2.066874993033707,839288,-inf
SMSP,WLN_p10_o6,10.0,2002,UNIFIED_JSR_PASS,True,10.0,10.0,0.0,unified/pass,True,PASS,PASS,,1.3397379542137031,0.0,0.0,1,2,1,1,2.8848812761919667,TARGET_PRESERVED,2.1037920378148556,839247,-30.703216676869083
SMSP,WLN_p10_o6,10.0,2003,UNIFIED_JSR_PASS,True,10.0,10.0,0.0,unified/pass,True,PASS,PASS,,1.3206161357131663,0.0,0.0,1,2,0,0,2.8848812761919667,TARGET_PRESERVED,2.0963330171070993,839312,-inf
SMSP,WLN_p10_o6,10.0,2004,UNIFIED_JSR_PASS,True,10.0,10.0,0.0,unified/pass,True,PASS,PASS,,1.3636862805774612,0.0,0.0,1,2,0,0,2.8848812761919667,TARGET_PRESERVED,2.0763750071637332,839298,-inf
SMSP,WLN_p10_o6,10.0,2005,UNIFIED_JSR_PASS,True,10.0,10.0,0.0,unified/pass,True,PASS,PASS,,1.3712352789820166,0.0,0.0,1,2,1,1,2.8848812761919667,TARGET_PRESERVED,2.04979203408584,838929,-29.951328160723442
SMSP,WLN_p10_o6,10.0,2006,UNIFIED_JSR_PASS,True,10.0,10.0,0.0,unified/pass,True,PASS,PASS,,1.3479509750301588,0.0,0.0,1,2,0,0,2.8848812761919667,TARGET_PRESERVED,2.1214589942246675,839246,-inf
SMSP,WLN_p10_o6,10.0,2007,UNIFIED_JSR_PASS,True,10.0,10.0,0.0,unified/pass,True,PASS,PASS,,1.363204606368619,0.0,0.0,1,2,2,2,2.8848812761919667,TARGET_PRESERVED,2.044500026386231,838980,-26.570166800439274
SMSP,WLN_p10_o6,10.0,2008,UNIFIED_JSR_PASS,True,10.0,10.0,0.0,unified/pass,True,PASS,PASS,,1.3600840382907577,0.0,0.0,1,2,0,0,2.8848812761919667,TARGET_PRESERVED,2.070082991849631,839241,-inf
SMSP,WLN_p10_o6,10.0,2009,UNIFIED_JSR_PASS,True,10.0,10.0,0.0,unified/pass,True,PASS,PASS,,1.3837137357142808,0.0,0.0,2,2,1,1,2.8848812761919667,TARGET_PRESERVED,2.0461250096559525,839114,-30.755439030970862
SMSP,WLN_p10_o6,10.0,2010,UNIFIED_JSR_PASS,True,10.0,10.0,0.0,unified/pass,True,PASS,PASS,,1.3396908595220403,1.0,0.0,1,2,0,0,2.8848812761919667,TARGET_PRESERVED,2.067207999061793,839183,-inf
SMSP,WLN_p10_o6,10.0,2011,UNIFIED_JSR_PASS,True,10.0,10.0,0.0,unified/pass,True,PASS,PASS,,1.3733998313336322,0.0,0.0,1,2,0,0,2.8848812761919667,TARGET_PRESERVED,2.086541964672506,839171,-inf
SMSP,WLN_p10_o6,10.0,2012,UNIFIED_JSR_PASS,True,10.0,10.0,0.0,unified/pass,True,PASS,PASS,,1.3572888307331858,1.0,0.0,1,2,0,0,2.8848812761919667,TARGET_PRESERVED,2.0699170418083668,839160,-inf
SMSP,WLN_p10_o6,10.0,2013,UNIFIED_JSR_PASS,True,10.0,10.0,0.0,unified/pass,True,PASS,PASS,,1.355236072541409,0.0,0.0,1,2,2,2,2.8848812761919667,TARGET_PRESERVED,2.036999969277531,839204,-25.036896086606603
SMSP,WLN_p10_o6,10.0,2014,UNIFIED_JSR_PASS,True,10.0,10.0,0.0,unified/pass,True,PASS,PASS,,1.362099556191943,0.0,0.0,1,2,0,1,2.8848812761919667,TARGET_PRESERVED,2.0625829929485917,839406,-26.68036272449809
SMSP,WLN_p10_o6,10.0,2015,UNIFIED_JSR_PASS,True,10.0,10.0,0.0,unified/pass,True,PASS,PASS,,1.3609059035706892,0.0,0.0,1,2,2,0,2.8848812761919667,TARGET_PRESERVED,2.038042002823204,839021,-inf
SMSP,WLN_p10_o6,10.0,2016,UNIFIED_JSR_PASS,True,10.0,10.0,0.0,unified/pass,True,PASS,PASS,,1.331535897990058,1.0,0.0,1,2,0,0,2.8848812761919667,TARGET_PRESERVED,2.2218750091269612,839180,-inf
SMSP,WLN_p10_o6,10.0,2017,UNIFIED_JSR_PASS,True,10.0,10.0,0.0,unified/pass,True,PASS,PASS,,1.3502649226291616,0.0,0.0,1,2,0,0,2.8848812761919667,TARGET_PRESERVED,2.0885420381091535,839164,-inf
SMSP,WLN_p10_o6,10.0,2018,UNIFIED_JSR_PASS,True,10.0,10.0,0.0,unified/pass,True,PASS,PASS,,1.3584599850492296,0.0,0.0,1,2,1,0,2.8848812761919667,TARGET_PRESERVED,2.032124961260706,839077,-inf
SMSP,WLN_p10_o6,10.0,2019,UNIFIED_JSR_PASS,True,10.0,10.0,0.0,unified/pass,True,PASS,PASS,,1.3421430370478937,0.0,0.0,1,2,0,0,2.8848812761919667,TARGET_PRESERVED,2.063583000563085,839236,-inf
SMSP,WLN_p10_o6,10.0,2020,UNIFIED_JSR_PASS,True,10.0,10.0,0.0,unified/pass,True,PASS,PASS,,1.3404609946145385,0.0,0.0,1,2,0,0,2.8848812761919667,TARGET_PRESERVED,2.052875002846122,839300,-inf
SMSP,WLN_p10_o6,10.0,2021,UNIFIED_JSR_PASS,True,10.0,10.0,0.0,unified/pass,True,PASS,PASS,,1.352988738654588,1.0,0.0,1,2,0,0,2.8848812761919667,TARGET_PRESERVED,2.0956670050509274,839205,-inf
SMSP,WLN_p10_o6,10.0,2022,UNIFIED_JSR_PASS,True,10.0,10.0,0.0,unified/pass,True,PASS,PASS,,1.3181411251198938,0.0,0.0,1,2,0,0,2.8848812761919667,TARGET_PRESERVED,2.0980419940315187,839305,-inf
SMSP,WLN_p10_o6,10.0,2023,UNIFIED_JSR_PASS,True,10.0,10.0,0.0,unified/pass,True,PASS,PASS,,1.3849255269798668,1.0,0.0,1,2,0,0,2.8848812761919667,TARGET_PRESERVED,2.0501670078374445,839118,-inf
SMSP,WLN_p10_o6,10.0,2024,UNIFIED_JSR_PASS,True,10.0,10.0,0.0,unified/pass,True,PASS,PASS,,1.3167053132822772,1.0,0.0,1,2,0,0,2.8848812761919667,TARGET_PRESERVED,2.05483305035159,839208,-inf
SMSP,WLN_p10_o6,10.0,2025,UNIFIED_JSR_PASS,True,10.0,10.0,0.0,unified/pass,True,PASS,PASS,,1.363560625394289,0.0,0.0,1,2,1,1,2.8848812761919667,TARGET_PRESERVED,2.048916998319328,839203,-29.724033148255586
SMSP,WLN_p10_o6,10.0,2026,UNIFIED_JSR_PASS,True,10.0,10.0,0.0,unified/pass,True,PASS,PASS,,1.3272563701091187,0.0,0.0,1,2,0,0,2.8848812761919667,TARGET_PRESERVED,2.1040000137872994,839197,-inf
SMSP,WLN_p10_o6,10.0,2027,UNIFIED_JSR_PASS,True,10.0,10.0,0.0,unified/pass,True,PASS,PASS,,1.3387989623784797,0.0,0.0,1,2,0,0,2.8848812761919667,TARGET_PRESERVED,2.1315839840099216,839310,-inf
SMSP,WLN_p10_o6,10.0,2028,UNIFIED_JSR_PASS,True,10.0,10.0,0.0,unified/pass,True,PASS,PASS,,1.3730286449124876,0.0,0.0,1,2,0,0,2.8848812761919667,TARGET_PRESERVED,2.0947909797541797,839249,-inf
SMSP,WLN_p10_o6,10.0,2029,UNIFIED_JSR_PASS,True,10.0,10.0,0.0,unified/pass,True,PASS,PASS,,1.3374515905338349,0.0,0.0,1,2,1,0,2.8848812761919667,TARGET_PRESERVED,2.2598750074394047,839155,-inf
SMSP,WLN_p10_o6,20.0,2000,UNIFIED_JSR_PASS,True,20.0,20.0,0.0,unified/pass,True,PASS,PASS,,2.4459515640946137,0.0,0.0,518,518,0,0,2.8848812761919667,TARGET_PRESERVED,2.0835829782299697,839234,-inf
SMSP,WLN_p10_o6,20.0,2001,UNIFIED_JSR_PASS,True,20.0,20.0,0.0,unified/pass,True,PASS,PASS,,2.4743567431075197,0.0,0.0,518,518,0,0,2.8848812761919667,TARGET_PRESERVED,2.0692499820142984,839247,-inf
SMSP,WLN_p10_o6,20.0,2002,UNIFIED_JSR_PASS,True,20.0,20.0,0.0,unified/pass,True,PASS,PASS,,2.469188367602583,0.0,0.0,518,518,1,1,2.8848812761919667,TARGET_PRESERVED,2.1068750065751374,839121,-32.128855590260585
SMSP,WLN_p10_o6,20.0,2003,UNIFIED_JSR_PASS,True,20.0,20.0,0.0,unified/pass,True,PASS,PASS,,2.4538421049629715,0.0,0.0,518,518,0,0,2.8848812761919667,TARGET_PRESERVED,2.1375000360421836,839100,-inf
SMSP,WLN_p10_o6,20.0,2004,UNIFIED_JSR_PASS,True,20.0,20.0,0.0,unified/pass,True,PASS,PASS,,2.4762351493976524,0.0,0.0,518,518,0,0,2.8848812761919667,TARGET_PRESERVED,2.083500032313168,839021,-inf
SMSP,WLN_p10_o6,20.0,2005,UNIFIED_JSR_PASS,True,20.0,20.0,0.0,unified/pass,True,PASS,PASS,,2.45220515065572,0.0,0.0,518,518,1,1,2.8848812761919667,TARGET_PRESERVED,2.059917023871094,839075,-31.348147170909385
SMSP,WLN_p10_o6,20.0,2006,UNIFIED_JSR_PASS,True,20.0,20.0,0.0,unified/pass,True,PASS,PASS,,2.4432440170370278,0.0,0.0,518,518,0,0,2.8848812761919667,TARGET_PRESERVED,2.104540995787829,839328,-inf
SMSP,WLN_p10_o6,20.0,2007,UNIFIED_JSR_PASS,True,20.0,20.0,0.0,unified/pass,True,PASS,PASS,,2.459450723593381,0.0,0.0,518,518,2,2,2.8848812761919667,TARGET_PRESERVED,2.040125022176653,839068,-28.007109010756
SMSP,WLN_p10_o6,20.0,2008,UNIFIED_JSR_PASS,True,20.0,20.0,0.0,unified/pass,True,PASS,PASS,,2.438145809506435,0.0,0.0,518,518,0,0,2.8848812761919667,TARGET_PRESERVED,2.0924590062350035,839321,-inf
SMSP,WLN_p10_o6,20.0,2009,UNIFIED_JSR_PASS,True,20.0,20.0,0.0,unified/pass,True,PASS,PASS,,2.463944629179374,0.0,0.0,518,518,1,1,2.8848812761919667,TARGET_PRESERVED,2.0528329769149423,839111,-32.285694328333186
SMSP,WLN_p10_o6,20.0,2010,UNIFIED_JSR_PASS,True,20.0,20.0,0.0,unified/pass,True,PASS,PASS,,2.4507283991210294,0.0,0.0,518,518,0,0,2.8848812761919667,TARGET_PRESERVED,2.05445900792256,839095,-inf
SMSP,WLN_p10_o6,20.0,2011,UNIFIED_JSR_PASS,True,20.0,20.0,0.0,unified/pass,True,PASS,PASS,,2.489306949848878,0.0,0.0,518,518,0,0,2.8848812761919667,TARGET_PRESERVED,2.062833053059876,839203,-inf
SMSP,WLN_p10_o6,20.0,2012,UNIFIED_JSR_PASS,True,20.0,20.0,0.0,unified/pass,True,PASS,PASS,,2.465462236574756,0.0,0.0,518,518,0,0,2.8848812761919667,TARGET_PRESERVED,2.055290970019996,839293,-inf
SMSP,WLN_p10_o6,20.0,2013,UNIFIED_JSR_PASS,True,20.0,20.0,0.0,unified/pass,True,PASS,PASS,,2.4422559447324437,0.0,0.0,518,518,2,2,2.8848812761919667,TARGET_PRESERVED,2.0717920269817114,839245,-26.494494945909594
SMSP,WLN_p10_o6,20.0,2014,UNIFIED_JSR_PASS,True,20.0,20.0,0.0,unified/pass,True,PASS,PASS,,2.4600040308018905,0.0,0.0,518,518,0,0,2.8848812761919667,TARGET_PRESERVED,2.1294589969329536,839190,-inf
SMSP,WLN_p10_o6,20.0,2015,UNIFIED_JSR_PASS,True,20.0,20.0,0.0,unified/pass,True,PASS,PASS,,2.472990836701225,0.0,0.0,518,518,2,0,2.8848812761919667,TARGET_PRESERVED,2.042874984908849,839165,-inf
SMSP,WLN_p10_o6,20.0,2016,UNIFIED_JSR_PASS,True,20.0,20.0,0.0,unified/pass,True,PASS,PASS,,2.446370091012928,0.0,0.0,518,518,0,0,2.8848812761919667,TARGET_PRESERVED,2.0764159853570163,839285,-inf
SMSP,WLN_p10_o6,20.0,2017,UNIFIED_JSR_PASS,True,20.0,20.0,0.0,unified/pass,True,PASS,PASS,,2.457920865541217,0.0,0.0,518,518,0,0,2.8848812761919667,TARGET_PRESERVED,2.1402909769676626,839164,-inf
SMSP,WLN_p10_o6,20.0,2018,UNIFIED_JSR_PASS,True,20.0,20.0,0.0,unified/pass,True,PASS,PASS,,2.435148365605227,0.0,0.0,518,518,1,0,2.8848812761919667,TARGET_PRESERVED,2.093415998388082,839393,-inf
SMSP,WLN_p10_o6,20.0,2019,UNIFIED_JSR_PASS,True,20.0,20.0,0.0,unified/pass,True,PASS,PASS,,2.447759508185051,0.0,0.0,518,518,0,0,2.8848812761919667,TARGET_PRESERVED,2.0722500048577785,839331,-inf
SMSP,WLN_p10_o6,20.0,2020,UNIFIED_JSR_PASS,True,20.0,20.0,0.0,unified/pass,True,PASS,PASS,,2.465059180191214,0.0,0.0,518,518,0,0,2.8848812761919667,TARGET_PRESERVED,2.0706659997813404,839069,-inf
SMSP,WLN_p10_o6,20.0,2021,UNIFIED_JSR_PASS,True,20.0,20.0,0.0,unified/pass,True,PASS,PASS,,2.441175332707193,0.0,0.0,518,518,0,0,2.8848812761919667,TARGET_PRESERVED,2.072291972581297,839201,-inf
SMSP,WLN_p10_o6,20.0,2022,UNIFIED_JSR_PASS,True,20.0,20.0,0.0,unified/pass,True,PASS,PASS,,2.4262324694902713,0.0,0.0,518,518,0,0,2.8848812761919667,TARGET_PRESERVED,2.0938750240020454,839346,-inf
SMSP,WLN_p10_o6,20.0,2023,UNIFIED_JSR_PASS,True,20.0,20.0,0.0,unified/pass,True,PASS,PASS,,2.472187966181762,0.0,0.0,518,518,0,0,2.8848812761919667,TARGET_PRESERVED,2.084458013996482,839210,-inf
SMSP,WLN_p10_o6,20.0,2024,UNIFIED_JSR_PASS,True,20.0,20.0,0.0,unified/pass,True,PASS,PASS,,2.434063325982949,0.0,0.0,518,518,0,0,2.8848812761919667,TARGET_PRESERVED,2.56658298894763,839351,-inf
SMSP,WLN_p10_o6,20.0,2025,UNIFIED_JSR_PASS,True,20.0,20.0,0.0,unified/pass,True,PASS,PASS,,2.450934995493224,0.0,0.0,518,518,1,1,2.8848812761919667,TARGET_PRESERVED,2.0494579803198576,839065,-30.98017644103408
SMSP,WLN_p10_o6,20.0,2026,UNIFIED_JSR_PASS,True,20.0,20.0,0.0,unified/pass,True,PASS,PASS,,2.428708371793755,0.0,0.0,518,518,0,0,2.8848812761919667,TARGET_PRESERVED,2.105874998960644,839282,-inf
SMSP,WLN_p10_o6,20.0,2027,UNIFIED_JSR_PASS,True,20.0,20.0,0.0,unified/pass,True,PASS,PASS,,2.452280614412488,0.0,0.0,518,518,0,0,2.8848812761919667,TARGET_PRESERVED,2.0862920209765434,839026,-inf
SMSP,WLN_p10_o6,20.0,2028,UNIFIED_JSR_PASS,True,20.0,20.0,0.0,unified/pass,True,PASS,PASS,,2.4804526707264376,0.0,0.0,518,518,0,0,2.8848812761919667,TARGET_PRESERVED,2.0357079920358956,839356,-inf
SMSP,WLN_p10_o6,20.0,2029,UNIFIED_JSR_PASS,True,20.0,20.0,0.0,unified/pass,True,PASS,PASS,,2.4359558650909916,0.0,0.0,518,518,1,0,2.8848812761919667,TARGET_PRESERVED,2.060124999843538,839346,-inf
SMSP,WLN_p10_o6,30.0,2000,UNIFIED_JSR_PASS,True,30.0,30.0,0.0,unified/pass,True,PASS,PASS,,0.766184875801958,0.0,0.0,518,518,0,0,2.8848812761919667,TARGET_PRESERVED,2.0665829651989043,839185,-inf
SMSP,WLN_p10_o6,30.0,2001,UNIFIED_JSR_PASS,True,30.0,30.0,0.0,unified/pass,True,PASS,PASS,,0.7703613478964053,0.0,0.0,518,518,0,0,2.8848812761919667,TARGET_PRESERVED,2.068959001917392,839157,-inf
SMSP,WLN_p10_o6,30.0,2002,UNIFIED_JSR_PASS,True,30.0,30.0,0.0,unified/pass,True,PASS,PASS,,0.7596454028994986,0.0,0.0,518,518,1,1,2.8848812761919667,TARGET_PRESERVED,2.045708999503404,839068,-39.611661138908744
SMSP,WLN_p10_o6,30.0,2003,UNIFIED_JSR_PASS,True,30.0,30.0,0.0,unified/pass,True,PASS,PASS,,0.7505739316146345,0.0,0.0,518,518,0,0,2.8848812761919667,TARGET_PRESERVED,2.0505840075202286,839081,-inf
SMSP,WLN_p10_o6,30.0,2004,UNIFIED_JSR_PASS,True,30.0,30.0,0.0,unified/pass,True,PASS,PASS,,0.7683505310536578,0.0,0.0,518,518,0,0,2.8848812761919667,TARGET_PRESERVED,2.077709010336548,839063,-inf
SMSP,WLN_p10_o6,30.0,2005,UNIFIED_JSR_PASS,True,30.0,30.0,0.0,unified/pass,True,PASS,PASS,,0.7480752306885678,0.0,0.0,518,518,1,1,2.8848812761919667,TARGET_PRESERVED,2.119750017300248,839315,-38.756147476796976
SMSP,WLN_p10_o6,30.0,2006,UNIFIED_JSR_PASS,True,30.0,30.0,0.0,unified/pass,True,PASS,PASS,,0.7654846032194351,0.0,0.0,518,518,0,0,2.8848812761919667,TARGET_PRESERVED,2.088832959998399,839280,-inf
SMSP,WLN_p10_o6,30.0,2007,UNIFIED_JSR_PASS,True,30.0,30.0,0.0,unified/pass,True,PASS,PASS,,0.7363328753206417,0.0,0.0,518,518,2,2,2.8848812761919667,TARGET_PRESERVED,2.0519999670796096,838920,-35.459051035706096
SMSP,WLN_p10_o6,30.0,2008,UNIFIED_JSR_PASS,True,30.0,30.0,0.0,unified/pass,True,PASS,PASS,,0.7495192895991076,0.0,0.0,518,518,0,0,2.8848812761919667,TARGET_PRESERVED,2.0637919660657644,839083,-inf
SMSP,WLN_p10_o6,30.0,2009,UNIFIED_JSR_PASS,True,30.0,30.0,0.0,unified/pass,True,PASS,PASS,,0.7345824935555445,0.0,0.0,518,518,1,1,2.8848812761919667,TARGET_PRESERVED,2.0775829907506704,839058,-39.66174196614983
SMSP,WLN_p10_o6,30.0,2010,UNIFIED_JSR_PASS,True,30.0,30.0,0.0,unified/pass,True,PASS,PASS,,0.7594535217660097,0.0,0.0,518,518,0,0,2.8848812761919667,TARGET_PRESERVED,2.065541979391128,839200,-inf
SMSP,WLN_p10_o6,30.0,2011,UNIFIED_JSR_PASS,True,30.0,30.0,0.0,unified/pass,True,PASS,PASS,,0.7730429626367687,0.0,0.0,518,518,0,0,2.8848812761919667,TARGET_PRESERVED,2.0484590204432607,839062,-inf
SMSP,WLN_p10_o6,30.0,2012,UNIFIED_JSR_PASS,True,30.0,30.0,0.0,unified/pass,True,PASS,PASS,,0.7575103062645514,0.0,0.0,518,518,0,0,2.8848812761919667,TARGET_PRESERVED,2.0508329616859555,839055,-inf
SMSP,WLN_p10_o6,30.0,2013,UNIFIED_JSR_PASS,True,30.0,30.0,0.0,unified/pass,True,PASS,PASS,,0.756743256381136,0.0,0.0,518,518,2,2,2.8848812761919667,TARGET_PRESERVED,2.047959016636014,839257,-33.887745421425784
SMSP,WLN_p10_o6,30.0,2014,UNIFIED_JSR_PASS,True,30.0,30.0,0.0,unified/pass,True,PASS,PASS,,0.7481771033356095,0.0,0.0,518,518,0,0,2.8848812761919667,TARGET_PRESERVED,2.0899170194752514,839146,-inf
SMSP,WLN_p10_o6,30.0,2015,UNIFIED_JSR_PASS,True,30.0,30.0,0.0,unified/pass,True,PASS,PASS,,0.7374001981696097,0.0,0.0,518,518,2,2,2.8848812761919667,TARGET_PRESERVED,2.0408330019563437,838934,-35.65130766435159
SMSP,WLN_p10_o6,30.0,2016,UNIFIED_JSR_PASS,True,30.0,30.0,0.0,unified/pass,True,PASS,PASS,,0.7340633024013394,0.0,0.0,518,518,0,0,2.8848812761919667,TARGET_PRESERVED,2.0610830397345126,839389,-inf
SMSP,WLN_p10_o6,30.0,2017,UNIFIED_JSR_PASS,True,30.0,30.0,0.0,unified/pass,True,PASS,PASS,,0.7573597155257961,0.0,0.0,518,518,0,0,2.8848812761919667,TARGET_PRESERVED,2.088791981805116,839268,-inf
SMSP,WLN_p10_o6,30.0,2018,UNIFIED_JSR_PASS,True,30.0,30.0,0.0,unified/pass,True,PASS,PASS,,0.7450207809126574,0.0,0.0,518,518,1,0,2.8848812761919667,TARGET_PRESERVED,2.0535829826258123,839160,-inf
SMSP,WLN_p10_o6,30.0,2019,UNIFIED_JSR_PASS,True,30.0,30.0,0.0,unified/pass,True,PASS,PASS,,0.7380900736734706,0.0,0.0,518,518,0,0,2.8848812761919667,TARGET_PRESERVED,2.1134590497240424,839382,-inf
SMSP,WLN_p10_o6,30.0,2020,UNIFIED_JSR_PASS,True,30.0,30.0,0.0,unified/pass,True,PASS,PASS,,0.7603199668768665,0.0,0.0,518,518,0,0,2.8848812761919667,TARGET_PRESERVED,2.1175420260988176,839344,-inf
SMSP,WLN_p10_o6,30.0,2021,UNIFIED_JSR_PASS,True,30.0,30.0,0.0,unified/pass,True,PASS,PASS,,0.7616668753524953,0.0,0.0,518,518,0,0,2.8848812761919667,TARGET_PRESERVED,2.0787499961443245,839247,-inf
SMSP,WLN_p10_o6,30.0,2022,UNIFIED_JSR_PASS,True,30.0,30.0,0.0,unified/pass,True,PASS,PASS,,0.7497338135207867,0.0,0.0,518,518,0,0,2.8848812761919667,TARGET_PRESERVED,2.0707499934360385,839159,-inf
SMSP,WLN_p10_o6,30.0,2023,UNIFIED_JSR_PASS,True,30.0,30.0,0.0,unified/pass,True,PASS,PASS,,0.752038106075652,0.0,0.0,518,518,0,0,2.8848812761919667,TARGET_PRESERVED,2.092458016704768,839249,-inf
SMSP,WLN_p10_o6,30.0,2024,UNIFIED_JSR_PASS,True,30.0,30.0,0.0,unified/pass,True,PASS,PASS,,0.7630829332147169,0.0,0.0,518,518,0,0,2.8848812761919667,TARGET_PRESERVED,2.083999977912754,839118,-inf
SMSP,WLN_p10_o6,30.0,2025,UNIFIED_JSR_PASS,True,30.0,30.0,0.0,unified/pass,True,PASS,PASS,,0.775990959919822,0.0,0.0,518,518,1,1,2.8848812761919667,TARGET_PRESERVED,2.029541996307671,838968,-38.361692346012596
SMSP,WLN_p10_o6,30.0,2026,UNIFIED_JSR_PASS,True,30.0,30.0,0.0,unified/pass,True,PASS,PASS,,0.7545493707107918,0.0,0.0,518,518,0,0,2.8848812761919667,TARGET_PRESERVED,2.060999977402389,839270,-inf
SMSP,WLN_p10_o6,30.0,2027,UNIFIED_JSR_PASS,True,30.0,30.0,0.0,unified/pass,True,PASS,PASS,,0.7600128697512636,0.0,0.0,518,518,0,0,2.8848812761919667,TARGET_PRESERVED,2.1466659964062274,839067,-inf
SMSP,WLN_p10_o6,30.0,2028,UNIFIED_JSR_PASS,True,30.0,30.0,0.0,unified/pass,True,PASS,PASS,,0.759801831751111,0.0,0.0,518,518,0,0,2.8848812761919667,TARGET_PRESERVED,2.0843750098720193,839402,-inf
SMSP,WLN_p10_o6,30.0,2029,UNIFIED_JSR_PASS,True,30.0,30.0,0.0,unified/pass,True,PASS,PASS,,0.7671048315508093,0.0,0.0,518,518,1,1,2.8848812761919667,TARGET_PRESERVED,2.1129579981788993,839019,-38.672130784122
NoiseProductJamming,Current_WLN,10.0,2000,UNIFIED_JSR_PASS,True,10.0,9.999999999999998,-1.7763568394002505e-15,unified/pass,True,PASS,PASS,,2.8783597146551045,0.0,0.0,1,1,0,0,1.7542552869168084,TARGET_PRESERVED,2.192875021137297,839649,-inf
NoiseProductJamming,Current_WLN,10.0,2001,UNIFIED_JSR_PASS,True,10.0,9.999999999999998,-1.7763568394002505e-15,unified/pass,True,PASS,PASS,,2.3464730953611657,0.0,0.0,1,1,0,0,1.7542552869168084,TARGET_PRESERVED,2.1257500047795475,839337,-inf
NoiseProductJamming,Current_WLN,10.0,2002,UNIFIED_JSR_PASS,True,10.0,10.0,0.0,unified/pass,True,PASS,PASS,,2.3920085491418988,0.0,1.0,0,1,0,0,1.7542552869168084,TARGET_PRESERVED,2.1461250144056976,839404,-inf
NoiseProductJamming,Current_WLN,10.0,2003,UNIFIED_JSR_PASS,True,10.0,10.0,0.0,unified/pass,True,PASS,PASS,,2.4620548460992637,0.0,1.0,1,0,2,1,1.7542552869168084,TARGET_PRESERVED,2.062708023004234,839252,-32.578630486250816
NoiseProductJamming,Current_WLN,10.0,2004,UNIFIED_JSR_PASS,True,10.0,10.0,0.0,unified/pass,True,PASS,PASS,,4.149426280625306,0.0,0.0,2,2,0,0,1.7542552869168084,TARGET_PRESERVED,2.097667020279914,839326,-inf
NoiseProductJamming,Current_WLN,10.0,2005,UNIFIED_JSR_PASS,True,10.0,10.0,0.0,unified/pass,True,PASS,PASS,,3.33648788539929,0.0,0.0,0,0,1,0,1.7542552869168084,TARGET_PRESERVED,2.0775829907506704,839155,-inf
NoiseProductJamming,Current_WLN,10.0,2006,UNIFIED_JSR_PASS,True,10.0,10.0,0.0,unified/pass,True,PASS,PASS,,2.5280498866287715,1.0,1.0,0,0,0,0,1.7542552869168084,TARGET_PRESERVED,2.0760829793289304,839462,-inf
NoiseProductJamming,Current_WLN,10.0,2007,UNIFIED_JSR_PASS,True,10.0,10.0,0.0,unified/pass,True,PASS,PASS,,2.9553848202163238,0.0,1.0,1,1,0,0,1.7542552869168084,TARGET_PRESERVED,2.0672500249929726,839261,-inf
NoiseProductJamming,Current_WLN,10.0,2008,UNIFIED_JSR_PASS,True,10.0,10.0,0.0,unified/pass,True,PASS,PASS,,2.9946405218745795,1.0,1.0,0,0,1,0,1.7542552869168084,TARGET_PRESERVED,2.118790987879038,839291,-inf
NoiseProductJamming,Current_WLN,10.0,2009,UNIFIED_JSR_PASS,True,10.0,9.999999999999998,-1.7763568394002505e-15,unified/pass,True,PASS,PASS,,4.550186915540198,0.0,0.0,3,2,0,0,1.7542552869168084,TARGET_PRESERVED,2.06416699802503,839520,-inf
NoiseProductJamming,Current_WLN,10.0,2010,UNIFIED_JSR_PASS,True,10.0,10.0,0.0,unified/pass,True,PASS,PASS,,2.3212658123606573,1.0,1.0,0,0,0,0,1.7542552869168084,TARGET_PRESERVED,2.27312499191612,839256,-inf
NoiseProductJamming,Current_WLN,10.0,2011,UNIFIED_JSR_PASS,True,10.0,10.0,0.0,unified/pass,True,PASS,PASS,,2.507474335187201,1.0,1.0,1,0,0,0,1.7542552869168084,TARGET_PRESERVED,2.095584000926465,839249,-inf
NoiseProductJamming,Current_WLN,10.0,2012,UNIFIED_JSR_PASS,True,10.0,10.0,0.0,unified/pass,True,PASS,PASS,,3.5429580451754816,1.0,0.0,0,0,0,1,1.7542552869168084,TARGET_PRESERVED,2.112791989929974,839205,-33.17549087296843
NoiseProductJamming,Current_WLN,10.0,2013,UNIFIED_JSR_PASS,True,10.0,10.0,0.0,unified/pass,True,PASS,PASS,,3.702640968110728,0.0,0.0,1,0,1,1,1.7542552869168084,TARGET_PRESERVED,2.0839589997194707,839298,-29.911284788218666
NoiseProductJamming,Current_WLN,10.0,2014,UNIFIED_JSR_PASS,True,10.0,10.0,0.0,unified/pass,True,PASS,PASS,,2.021745035893833,0.0,1.0,0,0,0,0,1.7542552869168084,TARGET_PRESERVED,2.0881249802187085,839321,-inf
NoiseProductJamming,Current_WLN,10.0,2015,UNIFIED_JSR_PASS,True,10.0,10.0,0.0,unified/pass,True,PASS,PASS,,4.305102194933728,0.0,0.0,342,2,1,0,1.7542552869168084,TARGET_PRESERVED,2.203458978328854,839303,-inf
NoiseProductJamming,Current_WLN,10.0,2016,UNIFIED_JSR_PASS,True,10.0,10.0,0.0,unified/pass,True,PASS,PASS,,2.688764391750137,1.0,1.0,1,2,0,0,1.7542552869168084,TARGET_PRESERVED,2.12304200977087,839423,-inf
NoiseProductJamming,Current_WLN,10.0,2017,UNIFIED_JSR_PASS,True,10.0,10.0,0.0,unified/pass,True,PASS,PASS,,2.9984953715190734,0.0,0.0,1,0,0,0,1.7542552869168084,TARGET_PRESERVED,2.1156250149942935,839205,-inf
NoiseProductJamming,Current_WLN,10.0,2018,UNIFIED_JSR_PASS,True,10.0,10.0,0.0,unified/pass,True,PASS,PASS,,2.71591241263123,1.0,1.0,1,1,0,0,1.7542552869168084,TARGET_PRESERVED,2.1507919882424176,839203,-inf
NoiseProductJamming,Current_WLN,10.0,2019,UNIFIED_JSR_PASS,True,10.0,9.999999999999998,-1.7763568394002505e-15,unified/pass,True,PASS,PASS,,2.5352142448908523,0.0,1.0,0,0,0,0,1.7542552869168084,TARGET_PRESERVED,2.112459042109549,839390,-inf
NoiseProductJamming,Current_WLN,10.0,2020,UNIFIED_JSR_PASS,True,10.0,10.0,0.0,unified/pass,True,PASS,PASS,,2.9727215071924036,1.0,1.0,2,1,0,0,1.7542552869168084,TARGET_PRESERVED,2.2546250256709754,839295,-inf
NoiseProductJamming,Current_WLN,10.0,2021,UNIFIED_JSR_PASS,True,10.0,10.0,0.0,unified/pass,True,PASS,PASS,,4.030824830090758,0.0,0.0,3,2,0,0,1.7542552869168084,TARGET_PRESERVED,2.209791971836239,839441,-inf
NoiseProductJamming,Current_WLN,10.0,2022,UNIFIED_JSR_PASS,True,10.0,10.0,0.0,unified/pass,True,PASS,PASS,,3.203831610456099,0.0,0.0,1,1,1,0,1.7542552869168084,TARGET_PRESERVED,2.0655409898608923,839208,-inf
NoiseProductJamming,Current_WLN,10.0,2023,UNIFIED_JSR_PASS,True,10.0,10.0,0.0,unified/pass,True,PASS,PASS,,2.4404451082878644,1.0,0.0,0,1,0,0,1.7542552869168084,TARGET_PRESERVED,2.1722909878008068,839319,-inf
NoiseProductJamming,Current_WLN,10.0,2024,UNIFIED_JSR_PASS,True,10.0,10.0,0.0,unified/pass,True,PASS,PASS,,2.3442374239581483,0.0,1.0,0,0,0,0,1.7542552869168084,TARGET_PRESERVED,2.1472079679369926,839307,-inf
NoiseProductJamming,Current_WLN,10.0,2025,UNIFIED_JSR_PASS,True,10.0,10.0,0.0,unified/pass,True,PASS,PASS,,3.393430085002869,0.0,0.0,1,0,0,0,1.7542552869168084,TARGET_PRESERVED,2.0633329986594617,839388,-inf
NoiseProductJamming,Current_WLN,10.0,2026,UNIFIED_JSR_PASS,True,10.0,10.0,0.0,unified/pass,True,PASS,PASS,,2.677640602974929,0.0,1.0,1,1,0,0,1.7542552869168084,TARGET_PRESERVED,2.1237919572740793,839249,-inf
NoiseProductJamming,Current_WLN,10.0,2027,UNIFIED_JSR_PASS,True,10.0,10.0,0.0,unified/pass,True,PASS,PASS,,3.293713017536639,0.0,0.0,2,2,0,0,1.7542552869168084,TARGET_PRESERVED,2.090000023599714,839247,-inf
NoiseProductJamming,Current_WLN,10.0,2028,UNIFIED_JSR_PASS,True,10.0,9.999999999999998,-1.7763568394002505e-15,unified/pass,True,PASS,PASS,,3.817126795332955,0.0,0.0,2,2,1,0,1.7542552869168084,TARGET_PRESERVED,2.0842080120928586,839206,-inf
NoiseProductJamming,Current_WLN,10.0,2029,UNIFIED_JSR_PASS,True,10.0,10.0,0.0,unified/pass,True,PASS,PASS,,2.447103240998203,1.0,1.0,0,0,0,0,1.7542552869168084,TARGET_PRESERVED,2.0914169726893306,839275,-inf
NoiseProductJamming,Current_WLN,20.0,2000,UNIFIED_JSR_PASS,True,20.0,19.999999999999996,-3.552713678800501e-15,unified/pass,True,PASS,PASS,,-0.4437801478725927,0.0,0.0,34,33,0,0,1.7542552869168084,TARGET_PRESERVED,2.068375004455447,839249,-inf
NoiseProductJamming,Current_WLN,20.0,2001,UNIFIED_JSR_PASS,True,20.0,20.0,0.0,unified/pass,True,PASS,PASS,,2.319807583434022,0.0,0.0,16,2,0,0,1.7542552869168084,TARGET_PRESERVED,2.0917910151183605,839154,-inf
NoiseProductJamming,Current_WLN,20.0,2002,UNIFIED_JSR_PASS,True,20.0,20.0,0.0,unified/pass,True,PASS,PASS,,2.2807385773267903,0.0,0.0,0,1,0,0,1.7542552869168084,TARGET_PRESERVED,2.102708036545664,839353,-inf
NoiseProductJamming,Current_WLN,20.0,2003,UNIFIED_JSR_PASS,True,20.0,20.0,0.0,unified/pass,True,PASS,PASS,,1.9990852468577565,0.0,0.0,2,1,2,1,1.7542552869168084,TARGET_PRESERVED,2.0495830103754997,839108,-35.70820317251928
NoiseProductJamming,Current_WLN,20.0,2004,UNIFIED_JSR_PASS,True,20.0,20.0,0.0,unified/pass,True,PASS,PASS,,2.672068800978712,0.0,0.0,121,146,0,0,1.7542552869168084,TARGET_PRESERVED,2.2197079961188138,839321,-inf
NoiseProductJamming,Current_WLN,20.0,2005,UNIFIED_JSR_PASS,True,20.0,20.0,0.0,unified/pass,True,PASS,PASS,,3.512736981619682,0.0,0.0,288,288,1,0,1.7542552869168084,TARGET_PRESERVED,2.0421670051291585,839213,-inf
NoiseProductJamming,Current_WLN,20.0,2006,UNIFIED_JSR_PASS,True,20.0,20.0,0.0,unified/pass,True,PASS,PASS,,2.4402279090603933,0.0,0.0,236,1,0,0,1.7542552869168084,TARGET_PRESERVED,2.106458996422589,839326,-inf
NoiseProductJamming,Current_WLN,20.0,2007,UNIFIED_JSR_PASS,True,20.0,20.0,0.0,unified/pass,True,PASS,PASS,,3.63629506785224,0.0,0.0,215,2,0,0,1.7542552869168084,TARGET_PRESERVED,2.0830840221606195,839103,-inf
NoiseProductJamming,Current_WLN,20.0,2008,UNIFIED_JSR_PASS,True,20.0,20.0,0.0,unified/pass,True,PASS,PASS,,4.6672051070990435,0.0,0.0,161,162,1,0,1.7542552869168084,TARGET_PRESERVED,2.0521670230664313,839155,-inf
NoiseProductJamming,Current_WLN,20.0,2009,UNIFIED_JSR_PASS,True,20.0,19.999999999999996,-3.552713678800501e-15,unified/pass,True,PASS,PASS,,2.9482987987533242,0.0,0.0,193,10,0,0,1.7542552869168084,TARGET_PRESERVED,2.0586249884217978,839280,-inf
NoiseProductJamming,Current_WLN,20.0,2010,UNIFIED_JSR_PASS,True,20.0,19.999999999999996,-3.552713678800501e-15,unified/pass,True,PASS,PASS,,2.162205451611417,0.0,0.0,0,0,0,0,1.7542552869168084,TARGET_PRESERVED,2.131542016286403,839157,-inf
NoiseProductJamming,Current_WLN,20.0,2011,UNIFIED_JSR_PASS,True,20.0,20.0,0.0,unified/pass,True,PASS,PASS,,3.0563259663140823,0.0,0.0,422,395,0,0,1.7542552869168084,TARGET_PRESERVED,2.100292011164129,839161,-inf
NoiseProductJamming,Current_WLN,20.0,2012,UNIFIED_JSR_PASS,True,20.0,20.0,0.0,unified/pass,True,PASS,PASS,,5.039589892174721,0.0,0.0,329,331,0,1,1.7542552869168084,TARGET_PRESERVED,2.140541037078947,839256,-32.17446883232406
NoiseProductJamming,Current_WLN,20.0,2013,UNIFIED_JSR_PASS,True,20.0,20.0,0.0,unified/pass,True,PASS,PASS,,3.53422368712377,0.0,0.0,40,32,1,1,1.7542552869168084,TARGET_PRESERVED,2.121124998666346,839157,-30.284192894101327
NoiseProductJamming,Current_WLN,20.0,2014,UNIFIED_JSR_PASS,True,20.0,20.0,0.0,unified/pass,True,PASS,PASS,,1.6504053924791187,0.0,0.0,0,0,0,0,1.7542552869168084,TARGET_PRESERVED,2.072083007078618,839185,-inf
NoiseProductJamming,Current_WLN,20.0,2015,UNIFIED_JSR_PASS,True,20.0,20.0,0.0,unified/pass,True,PASS,PASS,,1.3606515265958627,0.0,0.0,342,342,2,0,1.7542552869168084,TARGET_PRESERVED,2.0409999997355044,839298,-inf
NoiseProductJamming,Current_WLN,20.0,2016,UNIFIED_JSR_PASS,True,20.0,20.0,0.0,unified/pass,True,PASS,PASS,,3.1686116405123315,0.0,0.0,190,189,0,0,1.7542552869168084,TARGET_PRESERVED,2.0895840134471655,839277,-inf
NoiseProductJamming,Current_WLN,20.0,2017,UNIFIED_JSR_PASS,True,20.0,20.0,0.0,unified/pass,True,PASS,PASS,,2.183844972931828,0.0,0.0,230,229,0,0,1.7542552869168084,TARGET_PRESERVED,2.091041998937726,839203,-inf
NoiseProductJamming,Current_WLN,20.0,2018,UNIFIED_JSR_PASS,True,20.0,20.0,0.0,unified/pass,True,PASS,PASS,,3.7305625432997473,0.0,0.0,303,273,0,0,1.7542552869168084,TARGET_PRESERVED,2.1030830102972686,839390,-inf
NoiseProductJamming,Current_WLN,20.0,2019,UNIFIED_JSR_PASS,True,20.0,20.0,0.0,unified/pass,True,PASS,PASS,,2.279954999721948,0.0,0.0,294,0,0,0,1.7542552869168084,TARGET_PRESERVED,2.105332969222218,839300,-inf
NoiseProductJamming,Current_WLN,20.0,2020,UNIFIED_JSR_PASS,True,20.0,20.0,0.0,unified/pass,True,PASS,PASS,,2.818117019239443,0.0,0.0,385,3,0,0,1.7542552869168084,TARGET_PRESERVED,2.0716660073958337,839395,-inf
NoiseProductJamming,Current_WLN,20.0,2021,UNIFIED_JSR_PASS,True,20.0,20.0,0.0,unified/pass,True,PASS,PASS,,3.0468937510873015,0.0,0.0,276,276,0,0,1.7542552869168084,TARGET_PRESERVED,2.083499974105507,839256,-inf
NoiseProductJamming,Current_WLN,20.0,2022,UNIFIED_JSR_PASS,True,20.0,20.0,0.0,unified/pass,True,PASS,PASS,,4.764934106762876,0.0,0.0,309,309,0,0,1.7542552869168084,TARGET_PRESERVED,2.0760420011356473,839395,-inf
NoiseProductJamming,Current_WLN,20.0,2023,UNIFIED_JSR_PASS,True,20.0,20.0,0.0,unified/pass,True,PASS,PASS,,2.7560046259589743,0.0,0.0,147,146,0,0,1.7542552869168084,TARGET_PRESERVED,2.068875008262694,839057,-inf
NoiseProductJamming,Current_WLN,20.0,2024,UNIFIED_JSR_PASS,True,20.0,20.0,0.0,unified/pass,True,PASS,PASS,,1.8762817819110538,0.0,0.0,236,235,0,0,1.7542552869168084,TARGET_PRESERVED,2.096167008858174,839349,-inf
NoiseProductJamming,Current_WLN,20.0,2025,UNIFIED_JSR_PASS,True,20.0,20.0,0.0,unified/pass,True,PASS,PASS,,2.4806970888869397,0.0,0.0,350,94,0,0,1.7542552869168084,TARGET_PRESERVED,2.2298750118352473,839346,-inf
NoiseProductJamming,Current_WLN,20.0,2026,UNIFIED_JSR_PASS,True,20.0,20.0,0.0,unified/pass,True,PASS,PASS,,2.4204976095965023,0.0,0.0,3,2,0,0,1.7542552869168084,TARGET_PRESERVED,2.3813340230844915,839351,-inf
NoiseProductJamming,Current_WLN,20.0,2027,UNIFIED_JSR_PASS,True,20.0,20.0,0.0,unified/pass,True,PASS,PASS,,4.131522046246037,0.0,0.0,334,335,0,0,1.7542552869168084,TARGET_PRESERVED,2.081208978779614,839302,-inf
NoiseProductJamming,Current_WLN,20.0,2028,UNIFIED_JSR_PASS,True,20.0,20.0,0.0,unified/pass,True,PASS,PASS,,3.564396463017955,0.0,0.0,81,84,1,0,1.7542552869168084,TARGET_PRESERVED,2.686500025447458,839203,-inf
NoiseProductJamming,Current_WLN,20.0,2029,UNIFIED_JSR_PASS,True,20.0,20.0,0.0,unified/pass,True,PASS,PASS,,1.7485580588501204,0.0,1.0,1,1,0,0,1.7542552869168084,TARGET_PRESERVED,2.096167008858174,839428,-inf
NoiseProductJamming,Current_WLN,30.0,2000,UNIFIED_JSR_PASS,True,30.0,30.0,0.0,unified/pass,True,PASS,PASS,,-1.4123015665054677,0.0,0.0,35,33,0,0,1.7542552869168084,TARGET_PRESERVED,2.363000006880611,839256,-inf
NoiseProductJamming,Current_WLN,30.0,2001,UNIFIED_JSR_PASS,True,30.0,30.0,0.0,unified/pass,True,PASS,PASS,,-0.8801990337387569,0.0,0.0,16,16,0,0,1.7542552869168084,TARGET_PRESERVED,2.1633750293403864,839110,-inf
NoiseProductJamming,Current_WLN,30.0,2002,UNIFIED_JSR_PASS,True,30.0,30.0,0.0,unified/pass,True,PASS,PASS,,1.043064064399804,0.0,0.0,231,0,0,0,1.7542552869168084,TARGET_PRESERVED,2.0959589746780694,839266,-inf
NoiseProductJamming,Current_WLN,30.0,2003,UNIFIED_JSR_PASS,True,30.0,30.0,0.0,unified/pass,True,PASS,PASS,,0.3863927665912925,0.0,0.0,112,111,2,1,1.7542552869168084,TARGET_PRESERVED,2.0405420218594372,839257,-41.15995529042645
NoiseProductJamming,Current_WLN,30.0,2004,UNIFIED_JSR_PASS,True,30.0,30.0,0.0,unified/pass,True,PASS,PASS,,0.534109015373545,0.0,0.0,121,146,0,0,1.7542552869168084,TARGET_PRESERVED,2.0521249971352518,839333,-inf
NoiseProductJamming,Current_WLN,30.0,2005,UNIFIED_JSR_PASS,True,30.0,30.0,0.0,unified/pass,True,PASS,PASS,,-0.1323189977329733,0.0,0.0,288,288,2,0,1.7542552869168084,TARGET_PRESERVED,2.214082982391119,839249,-inf
NoiseProductJamming,Current_WLN,30.0,2006,UNIFIED_JSR_PASS,True,30.0,30.0,0.0,unified/pass,True,PASS,PASS,,1.0482561707793838,0.0,0.0,236,140,0,0,1.7542552869168084,TARGET_PRESERVED,2.1516659762710333,839367,-inf
NoiseProductJamming,Current_WLN,30.0,2007,UNIFIED_JSR_PASS,True,30.0,30.0,0.0,unified/pass,True,PASS,PASS,,2.821372114473453,0.0,0.0,215,284,0,0,1.7542552869168084,TARGET_PRESERVED,2.21333303488791,839210,-inf
NoiseProductJamming,Current_WLN,30.0,2008,UNIFIED_JSR_PASS,True,30.0,30.0,0.0,unified/pass,True,PASS,PASS,,1.1553075069371186,0.0,0.0,161,162,1,0,1.7542552869168084,TARGET_PRESERVED,2.349457994569093,839308,-inf
NoiseProductJamming,Current_WLN,30.0,2009,UNIFIED_JSR_PASS,True,30.0,30.0,0.0,unified/pass,True,PASS,PASS,,0.6464552455727883,0.0,0.0,4,9,0,0,1.7542552869168084,TARGET_PRESERVED,2.1290419972501695,839433,-inf
NoiseProductJamming,Current_WLN,30.0,2010,UNIFIED_JSR_PASS,True,30.0,30.0,0.0,unified/pass,True,PASS,PASS,,1.4085684591492527,0.0,0.0,100,0,0,0,1.7542552869168084,TARGET_PRESERVED,2.4148329976014793,839205,-inf
NoiseProductJamming,Current_WLN,30.0,2011,UNIFIED_JSR_PASS,True,30.0,30.0,0.0,unified/pass,True,PASS,PASS,,-0.5214528051069331,0.0,0.0,423,395,0,0,1.7542552869168084,TARGET_PRESERVED,2.0713750272989273,839492,-inf
NoiseProductJamming,Current_WLN,30.0,2012,UNIFIED_JSR_PASS,True,30.0,30.0,0.0,unified/pass,True,PASS,PASS,,2.9440897702043536,0.0,0.0,329,331,0,1,1.7542552869168084,TARGET_PRESERVED,2.3532910272479057,839429,-38.636484377811385
NoiseProductJamming,Current_WLN,30.0,2013,UNIFIED_JSR_PASS,True,30.0,30.0,0.0,unified/pass,True,PASS,PASS,,0.6032080752968225,0.0,0.0,31,240,1,1,1.7542552869168084,TARGET_PRESERVED,2.075625001452863,839065,-34.90419916206661
NoiseProductJamming,Current_WLN,30.0,2014,UNIFIED_JSR_PASS,True,30.0,30.0,0.0,unified/pass,True,PASS,PASS,,0.32799772126500315,0.0,0.0,3,1,0,0,1.7542552869168084,TARGET_PRESERVED,2.1617080201394856,839323,-inf
NoiseProductJamming,Current_WLN,30.0,2015,UNIFIED_JSR_PASS,True,30.0,30.0,0.0,unified/pass,True,PASS,PASS,,-0.3259580384908105,0.0,0.0,342,342,2,0,1.7542552869168084,TARGET_PRESERVED,2.3168749758042395,839116,-inf
NoiseProductJamming,Current_WLN,30.0,2016,UNIFIED_JSR_PASS,True,30.0,30.0,0.0,unified/pass,True,PASS,PASS,,2.172305589039908,0.0,0.0,189,189,0,0,1.7542552869168084,TARGET_PRESERVED,2.3074159980751574,839289,-inf
NoiseProductJamming,Current_WLN,30.0,2017,UNIFIED_JSR_PASS,True,30.0,30.0,0.0,unified/pass,True,PASS,PASS,,0.8648499587187253,0.0,0.0,230,229,0,0,1.7542552869168084,TARGET_PRESERVED,2.1281670196913183,839312,-inf
NoiseProductJamming,Current_WLN,30.0,2018,UNIFIED_JSR_PASS,True,30.0,30.0,0.0,unified/pass,True,PASS,PASS,,3.107003861514837,0.0,0.0,303,273,0,0,1.7542552869168084,TARGET_PRESERVED,2.0789580303244293,839312,-inf
NoiseProductJamming,Current_WLN,30.0,2019,UNIFIED_JSR_PASS,True,30.0,30.0,0.0,unified/pass,True,PASS,PASS,,0.898472004343569,0.0,0.0,293,294,2,0,1.7542552869168084,TARGET_PRESERVED,2.2350409999489784,839264,-inf
NoiseProductJamming,Current_WLN,30.0,2020,UNIFIED_JSR_PASS,True,30.0,30.0,0.0,unified/pass,True,PASS,PASS,,1.3115524854932286,0.0,0.0,385,98,0,0,1.7542552869168084,TARGET_PRESERVED,2.4050839710980654,839333,-inf
NoiseProductJamming,Current_WLN,30.0,2021,UNIFIED_JSR_PASS,True,30.0,30.0,0.0,unified/pass,True,PASS,PASS,,1.6484732859101587,0.0,0.0,276,276,0,0,1.7542552869168084,TARGET_PRESERVED,2.1190419793128967,839210,-inf
NoiseProductJamming,Current_WLN,30.0,2022,UNIFIED_JSR_PASS,True,30.0,30.0,0.0,unified/pass,True,PASS,PASS,,1.0207313426701514,0.0,0.0,309,309,0,0,1.7542552869168084,TARGET_PRESERVED,2.25424999371171,839210,-inf
NoiseProductJamming,Current_WLN,30.0,2023,UNIFIED_JSR_PASS,True,30.0,30.0,0.0,unified/pass,True,PASS,PASS,,1.620043753736816,0.0,0.0,147,146,0,0,1.7542552869168084,TARGET_PRESERVED,2.0918750087730587,839159,-inf
NoiseProductJamming,Current_WLN,30.0,2024,UNIFIED_JSR_PASS,True,30.0,30.0,0.0,unified/pass,True,PASS,PASS,,-0.17612035898476286,0.0,0.0,236,235,0,0,1.7542552869168084,TARGET_PRESERVED,2.223749994300306,839159,-inf
NoiseProductJamming,Current_WLN,30.0,2025,UNIFIED_JSR_PASS,True,30.0,30.0,0.0,unified/pass,True,PASS,PASS,,-0.018672766503337712,0.0,0.0,350,350,0,0,1.7542552869168084,TARGET_PRESERVED,2.3811670253053308,839261,-inf
NoiseProductJamming,Current_WLN,30.0,2026,UNIFIED_JSR_PASS,True,30.0,30.0,0.0,unified/pass,True,PASS,PASS,,1.3379584600182586,0.0,0.0,45,3,0,0,1.7542552869168084,TARGET_PRESERVED,2.1136249997653067,839261,-inf
NoiseProductJamming,Current_WLN,30.0,2027,UNIFIED_JSR_PASS,True,30.0,30.0,0.0,unified/pass,True,PASS,PASS,,2.957997188263878,0.0,0.0,334,334,0,0,1.7542552869168084,TARGET_PRESERVED,2.4062080192379653,839159,-inf
NoiseProductJamming,Current_WLN,30.0,2028,UNIFIED_JSR_PASS,True,30.0,30.0,0.0,unified/pass,True,PASS,PASS,,2.0937661330379687,0.0,0.0,248,83,2,0,1.7542552869168084,TARGET_PRESERVED,2.141334000043571,839111,-inf
NoiseProductJamming,Current_WLN,30.0,2029,UNIFIED_JSR_PASS,True,30.0,30.0,0.0,unified/pass,True,PASS,PASS,,0.24268011716469218,0.0,0.0,228,229,0,0,1.7542552869168084,TARGET_PRESERVED,2.2205000277608633,839282,-inf
NoiseProductJamming,Identity,10.0,2000,UNIFIED_JSR_PASS,True,10.0,9.999999999999998,-1.7763568394002505e-15,unified/pass,True,PASS,PASS,,0.0,0.0,0.0,1,1,0,0,0.0,TARGET_PRESERVED,0.0,0,-inf
NoiseProductJamming,Identity,10.0,2001,UNIFIED_JSR_PASS,True,10.0,9.999999999999998,-1.7763568394002505e-15,unified/pass,True,PASS,PASS,,0.0,0.0,0.0,1,1,0,0,0.0,TARGET_PRESERVED,0.0,0,-inf
NoiseProductJamming,Identity,10.0,2002,UNIFIED_JSR_PASS,True,10.0,10.0,0.0,unified/pass,True,PASS,PASS,,0.0,0.0,0.0,0,0,0,0,0.0,TARGET_PRESERVED,0.0,0,-inf
NoiseProductJamming,Identity,10.0,2003,UNIFIED_JSR_PASS,True,10.0,10.0,0.0,unified/pass,True,PASS,PASS,,0.0,0.0,0.0,1,1,2,2,0.0,TARGET_PRESERVED,0.0,0,-32.578630486250816
NoiseProductJamming,Identity,10.0,2004,UNIFIED_JSR_PASS,True,10.0,10.0,0.0,unified/pass,True,PASS,PASS,,0.0,0.0,0.0,2,2,0,0,0.0,TARGET_PRESERVED,0.0,0,-inf
NoiseProductJamming,Identity,10.0,2005,UNIFIED_JSR_PASS,True,10.0,10.0,0.0,unified/pass,True,PASS,PASS,,0.0,0.0,0.0,0,0,1,1,0.0,TARGET_PRESERVED,0.0,0,-inf
NoiseProductJamming,Identity,10.0,2006,UNIFIED_JSR_PASS,True,10.0,10.0,0.0,unified/pass,True,PASS,PASS,,0.0,1.0,1.0,0,0,0,0,0.0,TARGET_PRESERVED,0.0,0,-inf
NoiseProductJamming,Identity,10.0,2007,UNIFIED_JSR_PASS,True,10.0,10.0,0.0,unified/pass,True,PASS,PASS,,0.0,0.0,0.0,1,1,0,0,0.0,TARGET_PRESERVED,0.0,0,-inf
NoiseProductJamming,Identity,10.0,2008,UNIFIED_JSR_PASS,True,10.0,10.0,0.0,unified/pass,True,PASS,PASS,,0.0,1.0,1.0,0,0,1,1,0.0,TARGET_PRESERVED,0.0,0,-inf
NoiseProductJamming,Identity,10.0,2009,UNIFIED_JSR_PASS,True,10.0,9.999999999999998,-1.7763568394002505e-15,unified/pass,True,PASS,PASS,,0.0,0.0,0.0,3,3,0,0,0.0,TARGET_PRESERVED,0.0,0,-inf
NoiseProductJamming,Identity,10.0,2010,UNIFIED_JSR_PASS,True,10.0,10.0,0.0,unified/pass,True,PASS,PASS,,0.0,1.0,1.0,0,0,0,0,0.0,TARGET_PRESERVED,0.0,0,-inf
NoiseProductJamming,Identity,10.0,2011,UNIFIED_JSR_PASS,True,10.0,10.0,0.0,unified/pass,True,PASS,PASS,,0.0,1.0,1.0,1,1,0,0,0.0,TARGET_PRESERVED,0.0,0,-inf
NoiseProductJamming,Identity,10.0,2012,UNIFIED_JSR_PASS,True,10.0,10.0,0.0,unified/pass,True,PASS,PASS,,0.0,1.0,1.0,0,0,0,0,0.0,TARGET_PRESERVED,0.0,0,-33.17549087296843
NoiseProductJamming,Identity,10.0,2013,UNIFIED_JSR_PASS,True,10.0,10.0,0.0,unified/pass,True,PASS,PASS,,0.0,0.0,0.0,1,1,1,1,0.0,TARGET_PRESERVED,0.0,0,-29.911284788218666
NoiseProductJamming,Identity,10.0,2014,UNIFIED_JSR_PASS,True,10.0,10.0,0.0,unified/pass,True,PASS,PASS,,0.0,0.0,0.0,0,0,0,0,0.0,TARGET_PRESERVED,0.0,0,-inf
NoiseProductJamming,Identity,10.0,2015,UNIFIED_JSR_PASS,True,10.0,10.0,0.0,unified/pass,True,PASS,PASS,,0.0,0.0,0.0,342,342,1,1,0.0,TARGET_PRESERVED,0.0,0,-inf
NoiseProductJamming,Identity,10.0,2016,UNIFIED_JSR_PASS,True,10.0,10.0,0.0,unified/pass,True,PASS,PASS,,0.0,1.0,1.0,1,1,0,0,0.0,TARGET_PRESERVED,0.0,0,-inf
NoiseProductJamming,Identity,10.0,2017,UNIFIED_JSR_PASS,True,10.0,10.0,0.0,unified/pass,True,PASS,PASS,,0.0,0.0,0.0,1,1,0,0,0.0,TARGET_PRESERVED,0.0,0,-inf
NoiseProductJamming,Identity,10.0,2018,UNIFIED_JSR_PASS,True,10.0,10.0,0.0,unified/pass,True,PASS,PASS,,0.0,1.0,1.0,1,1,0,0,0.0,TARGET_PRESERVED,0.0,0,-inf
NoiseProductJamming,Identity,10.0,2019,UNIFIED_JSR_PASS,True,10.0,9.999999999999998,-1.7763568394002505e-15,unified/pass,True,PASS,PASS,,0.0,0.0,0.0,0,0,0,0,0.0,TARGET_PRESERVED,0.0,0,-inf
NoiseProductJamming,Identity,10.0,2020,UNIFIED_JSR_PASS,True,10.0,10.0,0.0,unified/pass,True,PASS,PASS,,0.0,1.0,1.0,2,2,0,0,0.0,TARGET_PRESERVED,0.0,0,-inf
NoiseProductJamming,Identity,10.0,2021,UNIFIED_JSR_PASS,True,10.0,10.0,0.0,unified/pass,True,PASS,PASS,,0.0,0.0,0.0,3,3,0,0,0.0,TARGET_PRESERVED,0.0,0,-inf
NoiseProductJamming,Identity,10.0,2022,UNIFIED_JSR_PASS,True,10.0,10.0,0.0,unified/pass,True,PASS,PASS,,0.0,0.0,0.0,1,1,1,1,0.0,TARGET_PRESERVED,0.0,0,-inf
NoiseProductJamming,Identity,10.0,2023,UNIFIED_JSR_PASS,True,10.0,10.0,0.0,unified/pass,True,PASS,PASS,,0.0,1.0,1.0,0,0,0,0,0.0,TARGET_PRESERVED,0.0,0,-inf
NoiseProductJamming,Identity,10.0,2024,UNIFIED_JSR_PASS,True,10.0,10.0,0.0,unified/pass,True,PASS,PASS,,0.0,0.0,0.0,0,0,0,0,0.0,TARGET_PRESERVED,0.0,0,-inf
NoiseProductJamming,Identity,10.0,2025,UNIFIED_JSR_PASS,True,10.0,10.0,0.0,unified/pass,True,PASS,PASS,,0.0,0.0,0.0,1,1,0,0,0.0,TARGET_PRESERVED,0.0,0,-inf
NoiseProductJamming,Identity,10.0,2026,UNIFIED_JSR_PASS,True,10.0,10.0,0.0,unified/pass,True,PASS,PASS,,0.0,0.0,0.0,1,1,0,0,0.0,TARGET_PRESERVED,0.0,0,-inf
NoiseProductJamming,Identity,10.0,2027,UNIFIED_JSR_PASS,True,10.0,10.0,0.0,unified/pass,True,PASS,PASS,,0.0,0.0,0.0,2,2,0,0,0.0,TARGET_PRESERVED,0.0,0,-inf
NoiseProductJamming,Identity,10.0,2028,UNIFIED_JSR_PASS,True,10.0,9.999999999999998,-1.7763568394002505e-15,unified/pass,True,PASS,PASS,,0.0,0.0,0.0,2,2,1,1,0.0,TARGET_PRESERVED,0.0,0,-inf
NoiseProductJamming,Identity,10.0,2029,UNIFIED_JSR_PASS,True,10.0,10.0,0.0,unified/pass,True,PASS,PASS,,0.0,1.0,1.0,0,0,0,0,0.0,TARGET_PRESERVED,0.0,0,-inf
NoiseProductJamming,Identity,20.0,2000,UNIFIED_JSR_PASS,True,20.0,19.999999999999996,-3.552713678800501e-15,unified/pass,True,PASS,PASS,,0.0,0.0,0.0,34,34,0,0,0.0,TARGET_PRESERVED,0.0,0,-inf
NoiseProductJamming,Identity,20.0,2001,UNIFIED_JSR_PASS,True,20.0,20.0,0.0,unified/pass,True,PASS,PASS,,0.0,0.0,0.0,16,16,0,0,0.0,TARGET_PRESERVED,0.0,0,-inf
NoiseProductJamming,Identity,20.0,2002,UNIFIED_JSR_PASS,True,20.0,20.0,0.0,unified/pass,True,PASS,PASS,,0.0,0.0,0.0,0,0,0,0,0.0,TARGET_PRESERVED,0.0,0,-inf
NoiseProductJamming,Identity,20.0,2003,UNIFIED_JSR_PASS,True,20.0,20.0,0.0,unified/pass,True,PASS,PASS,,0.0,0.0,0.0,2,2,2,2,0.0,TARGET_PRESERVED,0.0,0,-35.70820317251928
NoiseProductJamming,Identity,20.0,2004,UNIFIED_JSR_PASS,True,20.0,20.0,0.0,unified/pass,True,PASS,PASS,,0.0,0.0,0.0,121,121,0,0,0.0,TARGET_PRESERVED,0.0,0,-inf
NoiseProductJamming,Identity,20.0,2005,UNIFIED_JSR_PASS,True,20.0,20.0,0.0,unified/pass,True,PASS,PASS,,0.0,0.0,0.0,288,288,1,1,0.0,TARGET_PRESERVED,0.0,0,-inf
NoiseProductJamming,Identity,20.0,2006,UNIFIED_JSR_PASS,True,20.0,20.0,0.0,unified/pass,True,PASS,PASS,,0.0,0.0,0.0,236,236,0,0,0.0,TARGET_PRESERVED,0.0,0,-inf
NoiseProductJamming,Identity,20.0,2007,UNIFIED_JSR_PASS,True,20.0,20.0,0.0,unified/pass,True,PASS,PASS,,0.0,0.0,0.0,215,215,0,0,0.0,TARGET_PRESERVED,0.0,0,-inf
NoiseProductJamming,Identity,20.0,2008,UNIFIED_JSR_PASS,True,20.0,20.0,0.0,unified/pass,True,PASS,PASS,,0.0,0.0,0.0,161,161,1,1,0.0,TARGET_PRESERVED,0.0,0,-inf
NoiseProductJamming,Identity,20.0,2009,UNIFIED_JSR_PASS,True,20.0,19.999999999999996,-3.552713678800501e-15,unified/pass,True,PASS,PASS,,0.0,0.0,0.0,193,193,0,0,0.0,TARGET_PRESERVED,0.0,0,-inf
NoiseProductJamming,Identity,20.0,2010,UNIFIED_JSR_PASS,True,20.0,19.999999999999996,-3.552713678800501e-15,unified/pass,True,PASS,PASS,,0.0,0.0,0.0,0,0,0,0,0.0,TARGET_PRESERVED,0.0,0,-inf
NoiseProductJamming,Identity,20.0,2011,UNIFIED_JSR_PASS,True,20.0,20.0,0.0,unified/pass,True,PASS,PASS,,0.0,0.0,0.0,422,422,0,0,0.0,TARGET_PRESERVED,0.0,0,-inf
NoiseProductJamming,Identity,20.0,2012,UNIFIED_JSR_PASS,True,20.0,20.0,0.0,unified/pass,True,PASS,PASS,,0.0,0.0,0.0,329,329,0,0,0.0,TARGET_PRESERVED,0.0,0,-32.17446883232406
NoiseProductJamming,Identity,20.0,2013,UNIFIED_JSR_PASS,True,20.0,20.0,0.0,unified/pass,True,PASS,PASS,,0.0,0.0,0.0,40,40,1,1,0.0,TARGET_PRESERVED,0.0,0,-30.284192894101327
NoiseProductJamming,Identity,20.0,2014,UNIFIED_JSR_PASS,True,20.0,20.0,0.0,unified/pass,True,PASS,PASS,,0.0,0.0,0.0,0,0,0,0,0.0,TARGET_PRESERVED,0.0,0,-inf
NoiseProductJamming,Identity,20.0,2015,UNIFIED_JSR_PASS,True,20.0,20.0,0.0,unified/pass,True,PASS,PASS,,0.0,0.0,0.0,342,342,2,2,0.0,TARGET_PRESERVED,0.0,0,-inf
NoiseProductJamming,Identity,20.0,2016,UNIFIED_JSR_PASS,True,20.0,20.0,0.0,unified/pass,True,PASS,PASS,,0.0,0.0,0.0,190,190,0,0,0.0,TARGET_PRESERVED,0.0,0,-inf
NoiseProductJamming,Identity,20.0,2017,UNIFIED_JSR_PASS,True,20.0,20.0,0.0,unified/pass,True,PASS,PASS,,0.0,0.0,0.0,230,230,0,0,0.0,TARGET_PRESERVED,0.0,0,-inf
NoiseProductJamming,Identity,20.0,2018,UNIFIED_JSR_PASS,True,20.0,20.0,0.0,unified/pass,True,PASS,PASS,,0.0,0.0,0.0,303,303,0,0,0.0,TARGET_PRESERVED,0.0,0,-inf
NoiseProductJamming,Identity,20.0,2019,UNIFIED_JSR_PASS,True,20.0,20.0,0.0,unified/pass,True,PASS,PASS,,0.0,0.0,0.0,294,294,0,0,0.0,TARGET_PRESERVED,0.0,0,-inf
NoiseProductJamming,Identity,20.0,2020,UNIFIED_JSR_PASS,True,20.0,20.0,0.0,unified/pass,True,PASS,PASS,,0.0,0.0,0.0,385,385,0,0,0.0,TARGET_PRESERVED,0.0,0,-inf
NoiseProductJamming,Identity,20.0,2021,UNIFIED_JSR_PASS,True,20.0,20.0,0.0,unified/pass,True,PASS,PASS,,0.0,0.0,0.0,276,276,0,0,0.0,TARGET_PRESERVED,0.0,0,-inf
NoiseProductJamming,Identity,20.0,2022,UNIFIED_JSR_PASS,True,20.0,20.0,0.0,unified/pass,True,PASS,PASS,,0.0,0.0,0.0,309,309,0,0,0.0,TARGET_PRESERVED,0.0,0,-inf
NoiseProductJamming,Identity,20.0,2023,UNIFIED_JSR_PASS,True,20.0,20.0,0.0,unified/pass,True,PASS,PASS,,0.0,0.0,0.0,147,147,0,0,0.0,TARGET_PRESERVED,0.0,0,-inf
NoiseProductJamming,Identity,20.0,2024,UNIFIED_JSR_PASS,True,20.0,20.0,0.0,unified/pass,True,PASS,PASS,,0.0,0.0,0.0,236,236,0,0,0.0,TARGET_PRESERVED,0.0,0,-inf
NoiseProductJamming,Identity,20.0,2025,UNIFIED_JSR_PASS,True,20.0,20.0,0.0,unified/pass,True,PASS,PASS,,0.0,0.0,0.0,350,350,0,0,0.0,TARGET_PRESERVED,0.0,0,-inf
NoiseProductJamming,Identity,20.0,2026,UNIFIED_JSR_PASS,True,20.0,20.0,0.0,unified/pass,True,PASS,PASS,,0.0,0.0,0.0,3,3,0,0,0.0,TARGET_PRESERVED,0.0,0,-inf
NoiseProductJamming,Identity,20.0,2027,UNIFIED_JSR_PASS,True,20.0,20.0,0.0,unified/pass,True,PASS,PASS,,0.0,0.0,0.0,334,334,0,0,0.0,TARGET_PRESERVED,0.0,0,-inf
NoiseProductJamming,Identity,20.0,2028,UNIFIED_JSR_PASS,True,20.0,20.0,0.0,unified/pass,True,PASS,PASS,,0.0,0.0,0.0,81,81,1,1,0.0,TARGET_PRESERVED,0.0,0,-inf
NoiseProductJamming,Identity,20.0,2029,UNIFIED_JSR_PASS,True,20.0,20.0,0.0,unified/pass,True,PASS,PASS,,0.0,0.0,0.0,1,1,0,0,0.0,TARGET_PRESERVED,0.0,0,-inf
NoiseProductJamming,Identity,30.0,2000,UNIFIED_JSR_PASS,True,30.0,30.0,0.0,unified/pass,True,PASS,PASS,,0.0,0.0,0.0,35,35,0,0,0.0,TARGET_PRESERVED,0.0,0,-inf
NoiseProductJamming,Identity,30.0,2001,UNIFIED_JSR_PASS,True,30.0,30.0,0.0,unified/pass,True,PASS,PASS,,0.0,0.0,0.0,16,16,0,0,0.0,TARGET_PRESERVED,0.0,0,-inf
NoiseProductJamming,Identity,30.0,2002,UNIFIED_JSR_PASS,True,30.0,30.0,0.0,unified/pass,True,PASS,PASS,,0.0,0.0,0.0,231,231,0,0,0.0,TARGET_PRESERVED,0.0,0,-inf
NoiseProductJamming,Identity,30.0,2003,UNIFIED_JSR_PASS,True,30.0,30.0,0.0,unified/pass,True,PASS,PASS,,0.0,0.0,0.0,112,112,2,2,0.0,TARGET_PRESERVED,0.0,0,-41.15995529042645
NoiseProductJamming,Identity,30.0,2004,UNIFIED_JSR_PASS,True,30.0,30.0,0.0,unified/pass,True,PASS,PASS,,0.0,0.0,0.0,121,121,0,0,0.0,TARGET_PRESERVED,0.0,0,-inf
NoiseProductJamming,Identity,30.0,2005,UNIFIED_JSR_PASS,True,30.0,30.0,0.0,unified/pass,True,PASS,PASS,,0.0,0.0,0.0,288,288,2,2,0.0,TARGET_PRESERVED,0.0,0,-inf
NoiseProductJamming,Identity,30.0,2006,UNIFIED_JSR_PASS,True,30.0,30.0,0.0,unified/pass,True,PASS,PASS,,0.0,0.0,0.0,236,236,0,0,0.0,TARGET_PRESERVED,0.0,0,-inf
NoiseProductJamming,Identity,30.0,2007,UNIFIED_JSR_PASS,True,30.0,30.0,0.0,unified/pass,True,PASS,PASS,,0.0,0.0,0.0,215,215,0,0,0.0,TARGET_PRESERVED,0.0,0,-inf
NoiseProductJamming,Identity,30.0,2008,UNIFIED_JSR_PASS,True,30.0,30.0,0.0,unified/pass,True,PASS,PASS,,0.0,0.0,0.0,161,161,1,1,0.0,TARGET_PRESERVED,0.0,0,-inf
NoiseProductJamming,Identity,30.0,2009,UNIFIED_JSR_PASS,True,30.0,30.0,0.0,unified/pass,True,PASS,PASS,,0.0,0.0,0.0,4,4,0,0,0.0,TARGET_PRESERVED,0.0,0,-inf
NoiseProductJamming,Identity,30.0,2010,UNIFIED_JSR_PASS,True,30.0,30.0,0.0,unified/pass,True,PASS,PASS,,0.0,0.0,0.0,100,100,0,0,0.0,TARGET_PRESERVED,0.0,0,-inf
NoiseProductJamming,Identity,30.0,2011,UNIFIED_JSR_PASS,True,30.0,30.0,0.0,unified/pass,True,PASS,PASS,,0.0,0.0,0.0,423,423,0,0,0.0,TARGET_PRESERVED,0.0,0,-inf
NoiseProductJamming,Identity,30.0,2012,UNIFIED_JSR_PASS,True,30.0,30.0,0.0,unified/pass,True,PASS,PASS,,0.0,0.0,0.0,329,329,0,0,0.0,TARGET_PRESERVED,0.0,0,-38.636484377811385
NoiseProductJamming,Identity,30.0,2013,UNIFIED_JSR_PASS,True,30.0,30.0,0.0,unified/pass,True,PASS,PASS,,0.0,0.0,0.0,31,31,1,1,0.0,TARGET_PRESERVED,0.0,0,-34.90419916206661
NoiseProductJamming,Identity,30.0,2014,UNIFIED_JSR_PASS,True,30.0,30.0,0.0,unified/pass,True,PASS,PASS,,0.0,0.0,0.0,3,3,0,0,0.0,TARGET_PRESERVED,0.0,0,-inf
NoiseProductJamming,Identity,30.0,2015,UNIFIED_JSR_PASS,True,30.0,30.0,0.0,unified/pass,True,PASS,PASS,,0.0,0.0,0.0,342,342,2,2,0.0,TARGET_PRESERVED,0.0,0,-inf
NoiseProductJamming,Identity,30.0,2016,UNIFIED_JSR_PASS,True,30.0,30.0,0.0,unified/pass,True,PASS,PASS,,0.0,0.0,0.0,189,189,0,0,0.0,TARGET_PRESERVED,0.0,0,-inf
NoiseProductJamming,Identity,30.0,2017,UNIFIED_JSR_PASS,True,30.0,30.0,0.0,unified/pass,True,PASS,PASS,,0.0,0.0,0.0,230,230,0,0,0.0,TARGET_PRESERVED,0.0,0,-inf
NoiseProductJamming,Identity,30.0,2018,UNIFIED_JSR_PASS,True,30.0,30.0,0.0,unified/pass,True,PASS,PASS,,0.0,0.0,0.0,303,303,0,0,0.0,TARGET_PRESERVED,0.0,0,-inf
NoiseProductJamming,Identity,30.0,2019,UNIFIED_JSR_PASS,True,30.0,30.0,0.0,unified/pass,True,PASS,PASS,,0.0,0.0,0.0,293,293,2,2,0.0,TARGET_PRESERVED,0.0,0,-inf
NoiseProductJamming,Identity,30.0,2020,UNIFIED_JSR_PASS,True,30.0,30.0,0.0,unified/pass,True,PASS,PASS,,0.0,0.0,0.0,385,385,0,0,0.0,TARGET_PRESERVED,0.0,0,-inf
NoiseProductJamming,Identity,30.0,2021,UNIFIED_JSR_PASS,True,30.0,30.0,0.0,unified/pass,True,PASS,PASS,,0.0,0.0,0.0,276,276,0,0,0.0,TARGET_PRESERVED,0.0,0,-inf
NoiseProductJamming,Identity,30.0,2022,UNIFIED_JSR_PASS,True,30.0,30.0,0.0,unified/pass,True,PASS,PASS,,0.0,0.0,0.0,309,309,0,0,0.0,TARGET_PRESERVED,0.0,0,-inf
NoiseProductJamming,Identity,30.0,2023,UNIFIED_JSR_PASS,True,30.0,30.0,0.0,unified/pass,True,PASS,PASS,,0.0,0.0,0.0,147,147,0,0,0.0,TARGET_PRESERVED,0.0,0,-inf
NoiseProductJamming,Identity,30.0,2024,UNIFIED_JSR_PASS,True,30.0,30.0,0.0,unified/pass,True,PASS,PASS,,0.0,0.0,0.0,236,236,0,0,0.0,TARGET_PRESERVED,0.0,0,-inf
NoiseProductJamming,Identity,30.0,2025,UNIFIED_JSR_PASS,True,30.0,30.0,0.0,unified/pass,True,PASS,PASS,,0.0,0.0,0.0,350,350,0,0,0.0,TARGET_PRESERVED,0.0,0,-inf
NoiseProductJamming,Identity,30.0,2026,UNIFIED_JSR_PASS,True,30.0,30.0,0.0,unified/pass,True,PASS,PASS,,0.0,0.0,0.0,45,45,0,0,0.0,TARGET_PRESERVED,0.0,0,-inf
NoiseProductJamming,Identity,30.0,2027,UNIFIED_JSR_PASS,True,30.0,30.0,0.0,unified/pass,True,PASS,PASS,,0.0,0.0,0.0,334,334,0,0,0.0,TARGET_PRESERVED,0.0,0,-inf
NoiseProductJamming,Identity,30.0,2028,UNIFIED_JSR_PASS,True,30.0,30.0,0.0,unified/pass,True,PASS,PASS,,0.0,0.0,0.0,248,248,2,2,0.0,TARGET_PRESERVED,0.0,0,-inf
NoiseProductJamming,Identity,30.0,2029,UNIFIED_JSR_PASS,True,30.0,30.0,0.0,unified/pass,True,PASS,PASS,,0.0,0.0,0.0,228,228,0,0,0.0,TARGET_PRESERVED,0.0,0,-inf
NoiseProductJamming,WLN_p10_o6,10.0,2000,UNIFIED_JSR_PASS,True,10.0,9.999999999999998,-1.7763568394002505e-15,unified/pass,True,PASS,PASS,,2.5016212941649627,0.0,0.0,1,1,0,0,2.8848812761919667,TARGET_PRESERVED,2.1892079967074096,839159,-inf
NoiseProductJamming,WLN_p10_o6,10.0,2001,UNIFIED_JSR_PASS,True,10.0,9.999999999999998,-1.7763568394002505e-15,unified/pass,True,PASS,PASS,,2.0641497465787673,0.0,0.0,1,1,0,0,2.8848812761919667,TARGET_PRESERVED,2.1996250143274665,839159,-inf
NoiseProductJamming,WLN_p10_o6,10.0,2002,UNIFIED_JSR_PASS,True,10.0,10.0,0.0,unified/pass,True,PASS,PASS,,2.086547900357953,0.0,0.0,0,1,0,0,2.8848812761919667,TARGET_PRESERVED,2.094082999974489,839159,-inf
NoiseProductJamming,WLN_p10_o6,10.0,2003,UNIFIED_JSR_PASS,True,10.0,10.0,0.0,unified/pass,True,PASS,PASS,,2.1735765923326227,0.0,1.0,1,1,2,1,2.8848812761919667,TARGET_PRESERVED,2.060083963442594,839155,-33.259501761140655
NoiseProductJamming,WLN_p10_o6,10.0,2004,UNIFIED_JSR_PASS,True,10.0,10.0,0.0,unified/pass,True,PASS,PASS,,3.6872743682129006,0.0,0.0,2,2,0,0,2.8848812761919667,TARGET_PRESERVED,2.2610839805565774,839333,-inf
NoiseProductJamming,WLN_p10_o6,10.0,2005,UNIFIED_JSR_PASS,True,10.0,10.0,0.0,unified/pass,True,PASS,PASS,,2.963074339066903,0.0,0.0,0,0,1,1,2.8848812761919667,TARGET_PRESERVED,2.117208030540496,839157,-29.237355593538258
NoiseProductJamming,WLN_p10_o6,10.0,2006,UNIFIED_JSR_PASS,True,10.0,10.0,0.0,unified/pass,True,PASS,PASS,,2.2296441269945255,1.0,1.0,0,0,0,0,2.8848812761919667,TARGET_PRESERVED,2.160125004593283,839374,-inf
NoiseProductJamming,WLN_p10_o6,10.0,2007,UNIFIED_JSR_PASS,True,10.0,10.0,0.0,unified/pass,True,PASS,PASS,,2.623218578224396,0.0,1.0,1,1,0,0,2.8848812761919667,TARGET_PRESERVED,2.280500018969178,839113,-inf
NoiseProductJamming,WLN_p10_o6,10.0,2008,UNIFIED_JSR_PASS,True,10.0,10.0,0.0,unified/pass,True,PASS,PASS,,2.639700797924302,1.0,1.0,0,0,1,0,2.8848812761919667,TARGET_PRESERVED,2.1063340245746076,839153,-inf
NoiseProductJamming,WLN_p10_o6,10.0,2009,UNIFIED_JSR_PASS,True,10.0,9.999999999999998,-1.7763568394002505e-15,unified/pass,True,PASS,PASS,,4.024465952750077,0.0,0.0,3,2,0,0,2.8848812761919667,TARGET_PRESERVED,2.7997909928672016,839325,-inf
NoiseProductJamming,WLN_p10_o6,10.0,2010,UNIFIED_JSR_PASS,True,10.0,10.0,0.0,unified/pass,True,PASS,PASS,,2.0292708096963636,1.0,1.0,0,0,0,0,2.8848812761919667,TARGET_PRESERVED,2.1256249747239053,839203,-inf
NoiseProductJamming,WLN_p10_o6,10.0,2011,UNIFIED_JSR_PASS,True,10.0,10.0,0.0,unified/pass,True,PASS,PASS,,2.1918194446103882,1.0,1.0,1,0,0,0,2.8848812761919667,TARGET_PRESERVED,2.2726660245098174,839113,-inf
NoiseProductJamming,WLN_p10_o6,10.0,2012,UNIFIED_JSR_PASS,True,10.0,10.0,0.0,unified/pass,True,PASS,PASS,,3.134180597094609,1.0,0.0,0,0,0,1,2.8848812761919667,TARGET_PRESERVED,2.2158329957164824,839203,-33.72902743361064
NoiseProductJamming,WLN_p10_o6,10.0,2013,UNIFIED_JSR_PASS,True,10.0,10.0,0.0,unified/pass,True,PASS,PASS,,3.2751868466437415,0.0,0.0,1,0,1,1,2.8848812761919667,TARGET_PRESERVED,2.1330000017769635,839247,-30.495380318196254
NoiseProductJamming,WLN_p10_o6,10.0,2014,UNIFIED_JSR_PASS,True,10.0,10.0,0.0,unified/pass,True,PASS,PASS,,1.779177699297211,0.0,1.0,0,0,0,0,2.8848812761919667,TARGET_PRESERVED,2.2813749965280294,839321,-inf
NoiseProductJamming,WLN_p10_o6,10.0,2015,UNIFIED_JSR_PASS,True,10.0,10.0,0.0,unified/pass,True,PASS,PASS,,3.809472137700034,0.0,0.0,342,2,1,0,2.8848812761919667,TARGET_PRESERVED,2.1699999924749136,839255,-inf
NoiseProductJamming,WLN_p10_o6,10.0,2016,UNIFIED_JSR_PASS,True,10.0,10.0,0.0,unified/pass,True,PASS,PASS,,2.359645603488431,1.0,1.0,1,2,0,0,2.8848812761919667,TARGET_PRESERVED,2.1523750037886202,839323,-inf
NoiseProductJamming,WLN_p10_o6,10.0,2017,UNIFIED_JSR_PASS,True,10.0,10.0,0.0,unified/pass,True,PASS,PASS,,2.638329626657846,0.0,0.0,1,0,0,0,2.8848812761919667,TARGET_PRESERVED,2.0983340218663216,839249,-inf
NoiseProductJamming,WLN_p10_o6,10.0,2018,UNIFIED_JSR_PASS,True,10.0,10.0,0.0,unified/pass,True,PASS,PASS,,2.37817966111432,1.0,1.0,1,1,0,0,2.8848812761919667,TARGET_PRESERVED,2.098291995935142,839108,-inf
NoiseProductJamming,WLN_p10_o6,10.0,2019,UNIFIED_JSR_PASS,True,10.0,9.999999999999998,-1.7763568394002505e-15,unified/pass,True,PASS,PASS,,2.2493883262717134,0.0,1.0,0,0,0,0,2.8848812761919667,TARGET_PRESERVED,2.084834035485983,839156,-inf
NoiseProductJamming,WLN_p10_o6,10.0,2020,UNIFIED_JSR_PASS,True,10.0,10.0,0.0,unified/pass,True,PASS,PASS,,2.6153620448773296,1.0,1.0,2,1,0,0,2.8848812761919667,TARGET_PRESERVED,2.0595830283127725,839108,-inf
NoiseProductJamming,WLN_p10_o6,10.0,2021,UNIFIED_JSR_PASS,True,10.0,10.0,0.0,unified/pass,True,PASS,PASS,,3.5828914954965185,0.0,0.0,3,2,0,0,2.8848812761919667,TARGET_PRESERVED,2.123667043633759,839064,-inf
NoiseProductJamming,WLN_p10_o6,10.0,2022,UNIFIED_JSR_PASS,True,10.0,10.0,0.0,unified/pass,True,PASS,PASS,,2.8241975412451374,0.0,0.0,1,1,1,0,2.8848812761919667,TARGET_PRESERVED,2.240082947537303,839060,-inf
NoiseProductJamming,WLN_p10_o6,10.0,2023,UNIFIED_JSR_PASS,True,10.0,10.0,0.0,unified/pass,True,PASS,PASS,,2.120579647957907,1.0,0.0,0,1,0,0,2.8848812761919667,TARGET_PRESERVED,2.188041980843991,839180,-inf
NoiseProductJamming,WLN_p10_o6,10.0,2024,UNIFIED_JSR_PASS,True,10.0,10.0,0.0,unified/pass,True,PASS,PASS,,2.0392852015097382,0.0,1.0,0,0,0,0,2.8848812761919667,TARGET_PRESERVED,2.3723330232314765,839246,-inf
NoiseProductJamming,WLN_p10_o6,10.0,2025,UNIFIED_JSR_PASS,True,10.0,10.0,0.0,unified/pass,True,PASS,PASS,,3.0061485897007323,0.0,0.0,1,0,0,0,2.8848812761919667,TARGET_PRESERVED,2.0500830141827464,839064,-inf
NoiseProductJamming,WLN_p10_o6,10.0,2026,UNIFIED_JSR_PASS,True,10.0,10.0,0.0,unified/pass,True,PASS,PASS,,2.4017850834307275,0.0,0.0,1,1,0,0,2.8848812761919667,TARGET_PRESERVED,2.2464169887825847,839108,-inf
NoiseProductJamming,WLN_p10_o6,10.0,2027,UNIFIED_JSR_PASS,True,10.0,10.0,0.0,unified/pass,True,PASS,PASS,,2.927169021823069,0.0,0.0,2,2,0,0,2.8848812761919667,TARGET_PRESERVED,2.1958340075798333,839108,-inf
NoiseProductJamming,WLN_p10_o6,10.0,2028,UNIFIED_JSR_PASS,True,10.0,9.999999999999998,-1.7763568394002505e-15,unified/pass,True,PASS,PASS,,3.394999348475432,0.0,0.0,2,2,1,0,2.8848812761919667,TARGET_PRESERVED,2.139749994967133,839196,-inf
NoiseProductJamming,WLN_p10_o6,10.0,2029,UNIFIED_JSR_PASS,True,10.0,10.0,0.0,unified/pass,True,PASS,PASS,,2.1589141569388346,1.0,1.0,0,0,0,0,2.8848812761919667,TARGET_PRESERVED,2.191542007494718,839316,-inf
NoiseProductJamming,WLN_p10_o6,20.0,2000,UNIFIED_JSR_PASS,True,20.0,19.999999999999996,-3.552713678800501e-15,unified/pass,True,PASS,PASS,,-0.5322896840554705,0.0,0.0,34,33,0,0,2.8848812761919667,TARGET_PRESERVED,2.152458007913083,839288,-inf
NoiseProductJamming,WLN_p10_o6,20.0,2001,UNIFIED_JSR_PASS,True,20.0,20.0,0.0,unified/pass,True,PASS,PASS,,1.892509865349263,0.0,0.0,16,16,0,0,2.8848812761919667,TARGET_PRESERVED,2.0785839878953993,839242,-inf
NoiseProductJamming,WLN_p10_o6,20.0,2002,UNIFIED_JSR_PASS,True,20.0,20.0,0.0,unified/pass,True,PASS,PASS,,1.8888243324819456,0.0,0.0,0,1,0,0,2.8848812761919667,TARGET_PRESERVED,2.1042500156909227,839198,-inf
NoiseProductJamming,WLN_p10_o6,20.0,2003,UNIFIED_JSR_PASS,True,20.0,20.0,0.0,unified/pass,True,PASS,PASS,,1.636220547239148,0.0,0.0,2,1,2,1,2.8848812761919667,TARGET_PRESERVED,2.1632499992847443,839152,-36.48774663098596
NoiseProductJamming,WLN_p10_o6,20.0,2004,UNIFIED_JSR_PASS,True,20.0,20.0,0.0,unified/pass,True,PASS,PASS,,2.1407113057513527,0.0,0.0,121,146,0,0,2.8848812761919667,TARGET_PRESERVED,2.590249991044402,839314,-inf
NoiseProductJamming,WLN_p10_o6,20.0,2005,UNIFIED_JSR_PASS,True,20.0,20.0,0.0,unified/pass,True,PASS,PASS,,2.9505707129471137,0.0,0.0,288,288,1,1,2.8848812761919667,TARGET_PRESERVED,2.2292500361800194,839152,-27.266175080647564
NoiseProductJamming,WLN_p10_o6,20.0,2006,UNIFIED_JSR_PASS,True,20.0,20.0,0.0,unified/pass,True,PASS,PASS,,2.0149116306220574,0.0,0.0,236,1,0,0,2.8848812761919667,TARGET_PRESERVED,2.316624973900616,839360,-inf
NoiseProductJamming,WLN_p10_o6,20.0,2007,UNIFIED_JSR_PASS,True,20.0,20.0,0.0,unified/pass,True,PASS,PASS,,3.1594831672363615,0.0,0.0,215,2,0,0,2.8848812761919667,TARGET_PRESERVED,2.140500000678003,839198,-inf
NoiseProductJamming,WLN_p10_o6,20.0,2008,UNIFIED_JSR_PASS,True,20.0,20.0,0.0,unified/pass,True,PASS,PASS,,4.022529351783852,0.0,0.0,161,162,1,0,2.8848812761919667,TARGET_PRESERVED,2.2626249701716006,839104,-inf
NoiseProductJamming,WLN_p10_o6,20.0,2009,UNIFIED_JSR_PASS,True,20.0,19.999999999999996,-3.552713678800501e-15,unified/pass,True,PASS,PASS,,2.5510902063417475,0.0,0.0,193,10,0,0,2.8848812761919667,TARGET_PRESERVED,2.1901250001974404,839134,-inf
NoiseProductJamming,WLN_p10_o6,20.0,2010,UNIFIED_JSR_PASS,True,20.0,19.999999999999996,-3.552713678800501e-15,unified/pass,True,PASS,PASS,,1.831315398710327,0.0,0.0,0,0,0,0,2.8848812761919667,TARGET_PRESERVED,2.173874992877245,839150,-inf
NoiseProductJamming,WLN_p10_o6,20.0,2011,UNIFIED_JSR_PASS,True,20.0,20.0,0.0,unified/pass,True,PASS,PASS,,2.5512557216092926,0.0,0.0,422,395,0,0,2.8848812761919667,TARGET_PRESERVED,2.703542006202042,839242,-inf
NoiseProductJamming,WLN_p10_o6,20.0,2012,UNIFIED_JSR_PASS,True,20.0,20.0,0.0,unified/pass,True,PASS,PASS,,4.273335079829774,0.0,0.0,329,331,0,1,2.8848812761919667,TARGET_PRESERVED,2.093916991725564,839288,-32.55293898714726
NoiseProductJamming,WLN_p10_o6,20.0,2013,UNIFIED_JSR_PASS,True,20.0,20.0,0.0,unified/pass,True,PASS,PASS,,2.9168944859064982,0.0,0.0,40,32,1,1,2.8848812761919667,TARGET_PRESERVED,2.2282919962890446,839106,-30.828183878679965
NoiseProductJamming,WLN_p10_o6,20.0,2014,UNIFIED_JSR_PASS,True,20.0,20.0,0.0,unified/pass,True,PASS,PASS,,1.3680205209745253,0.0,0.0,0,0,0,0,2.8848812761919667,TARGET_PRESERVED,2.126000006683171,839270,-inf
NoiseProductJamming,WLN_p10_o6,20.0,2015,UNIFIED_JSR_PASS,True,20.0,20.0,0.0,unified/pass,True,PASS,PASS,,1.070081718110595,0.0,0.0,342,342,2,0,2.8848812761919667,TARGET_PRESERVED,2.0914170308969915,839150,-inf
NoiseProductJamming,WLN_p10_o6,20.0,2016,UNIFIED_JSR_PASS,True,20.0,20.0,0.0,unified/pass,True,PASS,PASS,,2.689021123817586,0.0,0.0,190,189,0,0,2.8848812761919667,TARGET_PRESERVED,2.179875038564205,839312,-inf
NoiseProductJamming,WLN_p10_o6,20.0,2017,UNIFIED_JSR_PASS,True,20.0,20.0,0.0,unified/pass,True,PASS,PASS,,1.8025445548407788,0.0,0.0,230,229,0,0,2.8848812761919667,TARGET_PRESERVED,2.118417003657669,839152,-inf
NoiseProductJamming,WLN_p10_o6,20.0,2018,UNIFIED_JSR_PASS,True,20.0,20.0,0.0,unified/pass,True,PASS,PASS,,3.1332557832043246,0.0,0.0,303,273,0,0,2.8848812761919667,TARGET_PRESERVED,2.4835409712977707,839106,-inf
NoiseProductJamming,WLN_p10_o6,20.0,2019,UNIFIED_JSR_PASS,True,20.0,20.0,0.0,unified/pass,True,PASS,PASS,,1.9125030879295188,0.0,0.0,294,0,0,0,2.8848812761919667,TARGET_PRESERVED,2.066874993033707,839198,-inf
NoiseProductJamming,WLN_p10_o6,20.0,2020,UNIFIED_JSR_PASS,True,20.0,20.0,0.0,unified/pass,True,PASS,PASS,,2.345172085752294,0.0,0.0,385,3,0,0,2.8848812761919667,TARGET_PRESERVED,2.2885409998707473,839064,-inf
NoiseProductJamming,WLN_p10_o6,20.0,2021,UNIFIED_JSR_PASS,True,20.0,20.0,0.0,unified/pass,True,PASS,PASS,,2.6371397244341477,0.0,0.0,276,276,0,0,2.8848812761919667,TARGET_PRESERVED,2.203000010922551,839108,-inf
NoiseProductJamming,WLN_p10_o6,20.0,2022,UNIFIED_JSR_PASS,True,20.0,20.0,0.0,unified/pass,True,PASS,PASS,,3.9285942719991045,0.0,0.0,309,309,0,0,2.8848812761919667,TARGET_PRESERVED,2.1557080326601863,839062,-inf
NoiseProductJamming,WLN_p10_o6,20.0,2023,UNIFIED_JSR_PASS,True,20.0,20.0,0.0,unified/pass,True,PASS,PASS,,2.282889714212793,0.0,0.0,147,146,0,0,2.8848812761919667,TARGET_PRESERVED,2.3236670531332493,839064,-inf
NoiseProductJamming,WLN_p10_o6,20.0,2024,UNIFIED_JSR_PASS,True,20.0,20.0,0.0,unified/pass,True,PASS,PASS,,1.4943592919905893,0.0,0.0,236,235,0,0,2.8848812761919667,TARGET_PRESERVED,2.156208036467433,839198,-inf
NoiseProductJamming,WLN_p10_o6,20.0,2025,UNIFIED_JSR_PASS,True,20.0,20.0,0.0,unified/pass,True,PASS,PASS,,2.0006092200682346,0.0,0.0,350,350,0,0,2.8848812761919667,TARGET_PRESERVED,2.2785839973948896,839108,-inf
NoiseProductJamming,WLN_p10_o6,20.0,2026,UNIFIED_JSR_PASS,True,20.0,20.0,0.0,unified/pass,True,PASS,PASS,,2.0867073987778753,0.0,0.0,3,2,0,0,2.8848812761919667,TARGET_PRESERVED,2.094792027492076,839108,-inf
NoiseProductJamming,WLN_p10_o6,20.0,2027,UNIFIED_JSR_PASS,True,20.0,20.0,0.0,unified/pass,True,PASS,PASS,,3.57921976880548,0.0,0.0,334,334,0,0,2.8848812761919667,TARGET_PRESERVED,2.1973750554025173,839288,-inf
NoiseProductJamming,WLN_p10_o6,20.0,2028,UNIFIED_JSR_PASS,True,20.0,20.0,0.0,unified/pass,True,PASS,PASS,,3.008327921570519,0.0,0.0,81,83,1,0,2.8848812761919667,TARGET_PRESERVED,2.5685830041766167,839148,-inf
NoiseProductJamming,WLN_p10_o6,20.0,2029,UNIFIED_JSR_PASS,True,20.0,20.0,0.0,unified/pass,True,PASS,PASS,,1.4356005403060994,0.0,1.0,1,1,0,0,2.8848812761919667,TARGET_PRESERVED,2.14095797855407,839270,-inf
NoiseProductJamming,WLN_p10_o6,30.0,2000,UNIFIED_JSR_PASS,True,30.0,30.0,0.0,unified/pass,True,PASS,PASS,,-1.3365085825519412,0.0,0.0,35,33,0,0,2.8848812761919667,TARGET_PRESERVED,2.130166976712644,839242,-inf
NoiseProductJamming,WLN_p10_o6,30.0,2001,UNIFIED_JSR_PASS,True,30.0,30.0,0.0,unified/pass,True,PASS,PASS,,-0.6856544293545159,0.0,0.0,16,16,0,0,2.8848812761919667,TARGET_PRESERVED,2.069207956083119,839200,-inf
NoiseProductJamming,WLN_p10_o6,30.0,2002,UNIFIED_JSR_PASS,True,30.0,30.0,0.0,unified/pass,True,PASS,PASS,,0.829534533818375,0.0,0.0,231,231,0,0,2.8848812761919667,TARGET_PRESERVED,2.164957986678928,839198,-inf
NoiseProductJamming,WLN_p10_o6,30.0,2003,UNIFIED_JSR_PASS,True,30.0,30.0,0.0,unified/pass,True,PASS,PASS,,0.21237796156079014,0.0,0.0,112,111,2,2,2.8848812761919667,TARGET_PRESERVED,2.0992919453419745,839150,-39.38534764140045
NoiseProductJamming,WLN_p10_o6,30.0,2004,UNIFIED_JSR_PASS,True,30.0,30.0,0.0,unified/pass,True,PASS,PASS,,0.3900588817241868,0.0,0.0,121,146,0,0,2.8848812761919667,TARGET_PRESERVED,2.1275830222293735,839270,-inf
NoiseProductJamming,WLN_p10_o6,30.0,2005,UNIFIED_JSR_PASS,True,30.0,30.0,0.0,unified/pass,True,PASS,PASS,,-0.04998900629253811,0.0,0.0,288,288,2,0,2.8848812761919667,TARGET_PRESERVED,2.218291978351772,839102,-inf
NoiseProductJamming,WLN_p10_o6,30.0,2006,UNIFIED_JSR_PASS,True,30.0,30.0,0.0,unified/pass,True,PASS,PASS,,0.7612607238439182,0.0,0.0,236,140,0,0,2.8848812761919667,TARGET_PRESERVED,2.2582089877687395,839316,-inf
NoiseProductJamming,WLN_p10_o6,30.0,2007,UNIFIED_JSR_PASS,True,30.0,30.0,0.0,unified/pass,True,PASS,PASS,,2.4557419712336,0.0,0.0,215,261,0,0,2.8848812761919667,TARGET_PRESERVED,2.300749998539686,839108,-inf
NoiseProductJamming,WLN_p10_o6,30.0,2008,UNIFIED_JSR_PASS,True,30.0,30.0,0.0,unified/pass,True,PASS,PASS,,1.1158507741464145,0.0,0.0,161,162,1,0,2.8848812761919667,TARGET_PRESERVED,2.180083014536649,839152,-inf
NoiseProductJamming,WLN_p10_o6,30.0,2009,UNIFIED_JSR_PASS,True,30.0,30.0,0.0,unified/pass,True,PASS,PASS,,0.4264966054628445,0.0,0.0,4,9,0,0,2.8848812761919667,TARGET_PRESERVED,2.141500008292496,839180,-inf
NoiseProductJamming,WLN_p10_o6,30.0,2010,UNIFIED_JSR_PASS,True,30.0,30.0,0.0,unified/pass,True,PASS,PASS,,1.1959045093666756,0.0,0.0,100,0,0,0,2.8848812761919667,TARGET_PRESERVED,2.388583030551672,839244,-inf
NoiseProductJamming,WLN_p10_o6,30.0,2011,UNIFIED_JSR_PASS,True,30.0,30.0,0.0,unified/pass,True,PASS,PASS,,-0.559464034497891,0.0,0.0,423,395,0,0,2.8848812761919667,TARGET_PRESERVED,2.079124969895929,839152,-inf
NoiseProductJamming,WLN_p10_o6,30.0,2012,UNIFIED_JSR_PASS,True,30.0,30.0,0.0,unified/pass,True,PASS,PASS,,2.5017003318968065,0.0,0.0,329,331,0,1,2.8848812761919667,TARGET_PRESERVED,2.4427500320598483,839154,-39.40294377632155
NoiseProductJamming,WLN_p10_o6,30.0,2013,UNIFIED_JSR_PASS,True,30.0,30.0,0.0,unified/pass,True,PASS,PASS,,0.3105043906039615,0.0,0.0,31,240,1,1,2.8848812761919667,TARGET_PRESERVED,2.2614169865846634,839014,-35.828395959355916
NoiseProductJamming,WLN_p10_o6,30.0,2014,UNIFIED_JSR_PASS,True,30.0,30.0,0.0,unified/pass,True,PASS,PASS,,0.2057787975481027,0.0,0.0,3,1,0,0,2.8848812761919667,TARGET_PRESERVED,2.143500023521483,839272,-inf
NoiseProductJamming,WLN_p10_o6,30.0,2015,UNIFIED_JSR_PASS,True,30.0,30.0,0.0,unified/pass,True,PASS,PASS,,-0.3491028761454924,0.0,0.0,342,342,2,0,2.8848812761919667,TARGET_PRESERVED,2.1545420167967677,839244,-inf
NoiseProductJamming,WLN_p10_o6,30.0,2016,UNIFIED_JSR_PASS,True,30.0,30.0,0.0,unified/pass,True,PASS,PASS,,1.826931407182883,0.0,0.0,189,189,0,0,2.8848812761919667,TARGET_PRESERVED,2.1577090374194086,839180,-inf
NoiseProductJamming,WLN_p10_o6,30.0,2017,UNIFIED_JSR_PASS,True,30.0,30.0,0.0,unified/pass,True,PASS,PASS,,0.7090078846883952,0.0,0.0,230,229,0,0,2.8848812761919667,TARGET_PRESERVED,2.1323339897207916,839290,-inf
NoiseProductJamming,WLN_p10_o6,30.0,2018,UNIFIED_JSR_PASS,True,30.0,30.0,0.0,unified/pass,True,PASS,PASS,,2.601322319175976,0.0,0.0,303,273,0,0,2.8848812761919667,TARGET_PRESERVED,2.155833994038403,839152,-inf
NoiseProductJamming,WLN_p10_o6,30.0,2019,UNIFIED_JSR_PASS,True,30.0,30.0,0.0,unified/pass,True,PASS,PASS,,0.6957616601298025,0.0,0.0,293,294,2,0,2.8848812761919667,TARGET_PRESERVED,2.22995801595971,839014,-inf
NoiseProductJamming,WLN_p10_o6,30.0,2020,UNIFIED_JSR_PASS,True,30.0,30.0,0.0,unified/pass,True,PASS,PASS,,1.0368075594469737,0.0,0.0,385,98,0,0,2.8848812761919667,TARGET_PRESERVED,2.3090000031515956,839270,-inf
NoiseProductJamming,WLN_p10_o6,30.0,2021,UNIFIED_JSR_PASS,True,30.0,30.0,0.0,unified/pass,True,PASS,PASS,,1.4295657842091636,0.0,0.0,276,276,0,0,2.8848812761919667,TARGET_PRESERVED,2.1484160097315907,839154,-inf
NoiseProductJamming,WLN_p10_o6,30.0,2022,UNIFIED_JSR_PASS,True,30.0,30.0,0.0,unified/pass,True,PASS,PASS,,0.6148819504561791,0.0,0.0,309,309,0,1,2.8848812761919667,TARGET_PRESERVED,2.3862079833634198,839154,-16.931441745678036
NoiseProductJamming,WLN_p10_o6,30.0,2023,UNIFIED_JSR_PASS,True,30.0,30.0,0.0,unified/pass,True,PASS,PASS,,1.3545303096676484,0.0,0.0,147,146,0,0,2.8848812761919667,TARGET_PRESERVED,2.086833002977073,839196,-inf
NoiseProductJamming,WLN_p10_o6,30.0,2024,UNIFIED_JSR_PASS,True,30.0,30.0,0.0,unified/pass,True,PASS,PASS,,-0.2943369129615441,0.0,0.0,236,235,0,0,2.8848812761919667,TARGET_PRESERVED,2.320875006262213,839242,-inf
NoiseProductJamming,WLN_p10_o6,30.0,2025,UNIFIED_JSR_PASS,True,30.0,30.0,0.0,unified/pass,True,PASS,PASS,,-0.11497039059219993,0.0,0.0,350,350,0,0,2.8848812761919667,TARGET_PRESERVED,2.2394999978132546,839205,-inf
NoiseProductJamming,WLN_p10_o6,30.0,2026,UNIFIED_JSR_PASS,True,30.0,30.0,0.0,unified/pass,True,PASS,PASS,,1.1470887171896376,0.0,0.0,45,3,0,0,2.8848812761919667,TARGET_PRESERVED,2.263624977786094,839293,-inf
NoiseProductJamming,WLN_p10_o6,30.0,2027,UNIFIED_JSR_PASS,True,30.0,30.0,0.0,unified/pass,True,PASS,PASS,,2.654483605319788,0.0,0.0,334,334,0,0,2.8848812761919667,TARGET_PRESERVED,2.245584037154913,839159,-inf
NoiseProductJamming,WLN_p10_o6,30.0,2028,UNIFIED_JSR_PASS,True,30.0,30.0,0.0,unified/pass,True,PASS,PASS,,1.8644729676508724,0.0,0.0,248,83,2,0,2.8848812761919667,TARGET_PRESERVED,2.0796660101041198,839111,-inf
NoiseProductJamming,WLN_p10_o6,30.0,2029,UNIFIED_JSR_PASS,True,30.0,30.0,0.0,unified/pass,True,PASS,PASS,,0.11383730179817597,0.0,0.0,228,229,0,0,2.8848812761919667,TARGET_PRESERVED,2.076165983453393,839321,-inf
