jammer,algorithm,adapter,jsr_db,seed,oracle_target_idx_passed,oracle_jammer_type_passed,oracle_true_jammer_signal_passed,jammer_contract_status,jammer_comparable,requested_jsr_db,measured_jsr_db,jsr_error_db,jsr_status,legacy_components_available,oracle_input_status,forbidden_keys_present,output_shape,expected_shape,shape_ok,complex_dtype_ok,finite_ok,input_unchanged,interface_status,template_finite_ok,runtime_ms,memory_usage_bytes,target_only,call_attempted,role,target_only_interface_status
AMNoiseGaiJam,FDC,FrequencyDomainCanceller,0.0,42,False,False,False,UNIFIED_JSR_PASS,True,0.0,-9.643274665532871e-16,-9.643274665532871e-16,unified/pass,True,PASS,,"(1, 5000)","(1, 5000)",True,True,True,True,PASS,True,0.34841697197407484,967643,False,True,algorithm,PASS
AMNoiseGaiJam,FDC,FrequencyDomainCanceller,0.0,42,False,False,False,UNIFIED_JSR_PASS,True,0.0,-9.643274665532871e-16,-9.643274665532871e-16,unified/pass,True,PASS,,"(1, 5000)","(1, 5000)",,True,True,True,PASS,,0.0,0,,,identity,
AMNoiseGaiJam,FDC,FrequencyDomainCanceller,0.0,43,False,False,False,UNIFIED_JSR_PASS,True,0.0,-4.821637332766436e-16,-4.821637332766436e-16,unified/pass,True,PASS,,"(1, 5000)","(1, 5000)",True,True,True,True,PASS,True,0.2856670180335641,967277,False,True,algorithm,PASS
AMNoiseGaiJam,FDC,FrequencyDomainCanceller,0.0,43,False,False,False,UNIFIED_JSR_PASS,True,0.0,-4.821637332766436e-16,-4.821637332766436e-16,unified/pass,True,PASS,,"(1, 5000)","(1, 5000)",,True,True,True,PASS,,0.0,0,,,identity,
AMNoiseGaiJam,FDC,FrequencyDomainCanceller,0.0,44,False,False,False,UNIFIED_JSR_PASS,True,0.0,0.0,0.0,unified/pass,True,PASS,,"(1, 5000)","(1, 5000)",True,True,True,True,PASS,True,0.2758329501375556,967037,False,True,algorithm,PASS
AMNoiseGaiJam,FDC,FrequencyDomainCanceller,0.0,44,False,False,False,UNIFIED_JSR_PASS,True,0.0,0.0,0.0,unified/pass,True,PASS,,"(1, 5000)","(1, 5000)",,True,True,True,PASS,,0.0,0,,,identity,
AMNoiseGaiJam,FDC,FrequencyDomainCanceller,0.0,45,False,False,False,UNIFIED_JSR_PASS,True,0.0,9.64327466553287e-16,9.64327466553287e-16,unified/pass,True,PASS,,"(1, 5000)","(1, 5000)",True,True,True,True,PASS,True,0.27075002435594797,967037,False,True,algorithm,PASS
AMNoiseGaiJam,FDC,FrequencyDomainCanceller,0.0,45,False,False,False,UNIFIED_JSR_PASS,True,0.0,9.64327466553287e-16,9.64327466553287e-16,unified/pass,True,PASS,,"(1, 5000)","(1, 5000)",,True,True,True,PASS,,0.0,0,,,identity,
AMNoiseGaiJam,FDC,FrequencyDomainCanceller,0.0,46,False,False,False,UNIFIED_JSR_PASS,True,0.0,-4.821637332766436e-16,-4.821637332766436e-16,unified/pass,True,PASS,,"(1, 5000)","(1, 5000)",True,True,True,True,PASS,True,0.29358401661738753,967037,False,True,algorithm,PASS
AMNoiseGaiJam,FDC,FrequencyDomainCanceller,0.0,46,False,False,False,UNIFIED_JSR_PASS,True,0.0,-4.821637332766436e-16,-4.821637332766436e-16,unified/pass,True,PASS,,"(1, 5000)","(1, 5000)",,True,True,True,PASS,,0.0,0,,,identity,
AMNoiseGaiJam,FDC,FrequencyDomainCanceller,0.0,47,False,False,False,UNIFIED_JSR_PASS,True,0.0,0.0,0.0,unified/pass,True,PASS,,"(1, 5000)","(1, 5000)",True,True,True,True,PASS,True,0.27237500762566924,967037,False,True,algorithm,PASS
AMNoiseGaiJam,FDC,FrequencyDomainCanceller,0.0,47,False,False,False,UNIFIED_JSR_PASS,True,0.0,0.0,0.0,unified/pass,True,PASS,,"(1, 5000)","(1, 5000)",,True,True,True,PASS,,0.0,0,,,identity,
AMNoiseGaiJam,FDC,FrequencyDomainCanceller,0.0,48,False,False,False,UNIFIED_JSR_PASS,True,0.0,0.0,0.0,unified/pass,True,PASS,,"(1, 5000)","(1, 5000)",True,True,True,True,PASS,True,0.2720000338740647,967037,False,True,algorithm,PASS
AMNoiseGaiJam,FDC,FrequencyDomainCanceller,0.0,48,False,False,False,UNIFIED_JSR_PASS,True,0.0,0.0,0.0,unified/pass,True,PASS,,"(1, 5000)","(1, 5000)",,True,True,True,PASS,,0.0,0,,,identity,
AMNoiseGaiJam,FDC,FrequencyDomainCanceller,0.0,49,False,False,False,UNIFIED_JSR_PASS,True,0.0,0.0,0.0,unified/pass,True,PASS,,"(1, 5000)","(1, 5000)",True,True,True,True,PASS,True,0.2703330246731639,967037,False,True,algorithm,PASS
AMNoiseGaiJam,FDC,FrequencyDomainCanceller,0.0,49,False,False,False,UNIFIED_JSR_PASS,True,0.0,0.0,0.0,unified/pass,True,PASS,,"(1, 5000)","(1, 5000)",,True,True,True,PASS,,0.0,0,,,identity,
AMNoiseGaiJam,FDC,FrequencyDomainCanceller,0.0,50,False,False,False,UNIFIED_JSR_PASS,True,0.0,0.0,0.0,unified/pass,True,PASS,,"(1, 5000)","(1, 5000)",True,True,True,True,PASS,True,0.2702499623410404,967037,False,True,algorithm,PASS
AMNoiseGaiJam,FDC,FrequencyDomainCanceller,0.0,50,False,False,False,UNIFIED_JSR_PASS,True,0.0,0.0,0.0,unified/pass,True,PASS,,"(1, 5000)","(1, 5000)",,True,True,True,PASS,,0.0,0,,,identity,
AMNoiseGaiJam,FDC,FrequencyDomainCanceller,0.0,51,False,False,False,UNIFIED_JSR_PASS,True,0.0,0.0,0.0,unified/pass,True,PASS,,"(1, 5000)","(1, 5000)",True,True,True,True,PASS,True,0.27000001864507794,967037,False,True,algorithm,PASS
AMNoiseGaiJam,FDC,FrequencyDomainCanceller,0.0,51,False,False,False,UNIFIED_JSR_PASS,True,0.0,0.0,0.0,unified/pass,True,PASS,,"(1, 5000)","(1, 5000)",,True,True,True,PASS,,0.0,0,,,identity,
AMNoiseGaiJam,FDC,FrequencyDomainCanceller,10.0,42,False,False,False,UNIFIED_JSR_PASS,True,10.0,9.999999999999998,-1.7763568394002505e-15,unified/pass,True,PASS,,"(1, 5000)","(1, 5000)",True,True,True,True,PASS,True,0.26945798890665174,967037,False,True,algorithm,PASS
AMNoiseGaiJam,FDC,FrequencyDomainCanceller,10.0,42,False,False,False,UNIFIED_JSR_PASS,True,10.0,9.999999999999998,-1.7763568394002505e-15,unified/pass,True,PASS,,"(1, 5000)","(1, 5000)",,True,True,True,PASS,,0.0,0,,,identity,
AMNoiseGaiJam,FDC,FrequencyDomainCanceller,10.0,43,False,False,False,UNIFIED_JSR_PASS,True,10.0,9.999999999999998,-1.7763568394002505e-15,unified/pass,True,PASS,,"(1, 5000)","(1, 5000)",True,True,True,True,PASS,True,0.30170800164341927,967037,False,True,algorithm,PASS
AMNoiseGaiJam,FDC,FrequencyDomainCanceller,10.0,43,False,False,False,UNIFIED_JSR_PASS,True,10.0,9.999999999999998,-1.7763568394002505e-15,unified/pass,True,PASS,,"(1, 5000)","(1, 5000)",,True,True,True,PASS,,0.0,0,,,identity,
AMNoiseGaiJam,FDC,FrequencyDomainCanceller,10.0,44,False,False,False,UNIFIED_JSR_PASS,True,10.0,10.0,0.0,unified/pass,True,PASS,,"(1, 5000)","(1, 5000)",True,True,True,True,PASS,True,0.27374998899176717,967037,False,True,algorithm,PASS
AMNoiseGaiJam,FDC,FrequencyDomainCanceller,10.0,44,False,False,False,UNIFIED_JSR_PASS,True,10.0,10.0,0.0,unified/pass,True,PASS,,"(1, 5000)","(1, 5000)",,True,True,True,PASS,,0.0,0,,,identity,
AMNoiseGaiJam,FDC,FrequencyDomainCanceller,10.0,45,False,False,False,UNIFIED_JSR_PASS,True,10.0,10.0,0.0,unified/pass,True,PASS,,"(1, 5000)","(1, 5000)",True,True,True,True,PASS,True,0.2740409690886736,967037,False,True,algorithm,PASS
AMNoiseGaiJam,FDC,FrequencyDomainCanceller,10.0,45,False,False,False,UNIFIED_JSR_PASS,True,10.0,10.0,0.0,unified/pass,True,PASS,,"(1, 5000)","(1, 5000)",,True,True,True,PASS,,0.0,0,,,identity,
AMNoiseGaiJam,FDC,FrequencyDomainCanceller,10.0,46,False,False,False,UNIFIED_JSR_PASS,True,10.0,10.0,0.0,unified/pass,True,PASS,,"(1, 5000)","(1, 5000)",True,True,True,True,PASS,True,0.2756670000962913,967037,False,True,algorithm,PASS
AMNoiseGaiJam,FDC,FrequencyDomainCanceller,10.0,46,False,False,False,UNIFIED_JSR_PASS,True,10.0,10.0,0.0,unified/pass,True,PASS,,"(1, 5000)","(1, 5000)",,True,True,True,PASS,,0.0,0,,,identity,
AMNoiseGaiJam,FDC,FrequencyDomainCanceller,10.0,47,False,False,False,UNIFIED_JSR_PASS,True,10.0,10.0,0.0,unified/pass,True,PASS,,"(1, 5000)","(1, 5000)",True,True,True,True,PASS,True,0.27579203015193343,967037,False,True,algorithm,PASS
AMNoiseGaiJam,FDC,FrequencyDomainCanceller,10.0,47,False,False,False,UNIFIED_JSR_PASS,True,10.0,10.0,0.0,unified/pass,True,PASS,,"(1, 5000)","(1, 5000)",,True,True,True,PASS,,0.0,0,,,identity,
AMNoiseGaiJam,FDC,FrequencyDomainCanceller,10.0,48,False,False,False,UNIFIED_JSR_PASS,True,10.0,10.0,0.0,unified/pass,True,PASS,,"(1, 5000)","(1, 5000)",True,True,True,True,PASS,True,0.27074996614828706,967037,False,True,algorithm,PASS
AMNoiseGaiJam,FDC,FrequencyDomainCanceller,10.0,48,False,False,False,UNIFIED_JSR_PASS,True,10.0,10.0,0.0,unified/pass,True,PASS,,"(1, 5000)","(1, 5000)",,True,True,True,PASS,,0.0,0,,,identity,
AMNoiseGaiJam,FDC,FrequencyDomainCanceller,10.0,49,False,False,False,UNIFIED_JSR_PASS,True,10.0,10.0,0.0,unified/pass,True,PASS,,"(1, 5000)","(1, 5000)",True,True,True,True,PASS,True,0.2708749962039292,967037,False,True,algorithm,PASS
AMNoiseGaiJam,FDC,FrequencyDomainCanceller,10.0,49,False,False,False,UNIFIED_JSR_PASS,True,10.0,10.0,0.0,unified/pass,True,PASS,,"(1, 5000)","(1, 5000)",,True,True,True,PASS,,0.0,0,,,identity,
AMNoiseGaiJam,FDC,FrequencyDomainCanceller,10.0,50,False,False,False,UNIFIED_JSR_PASS,True,10.0,10.0,0.0,unified/pass,True,PASS,,"(1, 5000)","(1, 5000)",True,True,True,True,PASS,True,0.2997079864144325,967037,False,True,algorithm,PASS
AMNoiseGaiJam,FDC,FrequencyDomainCanceller,10.0,50,False,False,False,UNIFIED_JSR_PASS,True,10.0,10.0,0.0,unified/pass,True,PASS,,"(1, 5000)","(1, 5000)",,True,True,True,PASS,,0.0,0,,,identity,
AMNoiseGaiJam,FDC,FrequencyDomainCanceller,10.0,51,False,False,False,UNIFIED_JSR_PASS,True,10.0,10.0,0.0,unified/pass,True,PASS,,"(1, 5000)","(1, 5000)",True,True,True,True,PASS,True,0.28324994491413236,967037,False,True,algorithm,PASS
AMNoiseGaiJam,FDC,FrequencyDomainCanceller,10.0,51,False,False,False,UNIFIED_JSR_PASS,True,10.0,10.0,0.0,unified/pass,True,PASS,,"(1, 5000)","(1, 5000)",,True,True,True,PASS,,0.0,0,,,identity,
AMNoiseGaiJam,FDC,FrequencyDomainCanceller,20.0,42,False,False,False,UNIFIED_JSR_PASS,True,20.0,20.0,0.0,unified/pass,True,PASS,,"(1, 5000)","(1, 5000)",True,True,True,True,PASS,True,0.27670798590406775,967037,False,True,algorithm,PASS
AMNoiseGaiJam,FDC,FrequencyDomainCanceller,20.0,42,False,False,False,UNIFIED_JSR_PASS,True,20.0,20.0,0.0,unified/pass,True,PASS,,"(1, 5000)","(1, 5000)",,True,True,True,PASS,,0.0,0,,,identity,
AMNoiseGaiJam,FDC,FrequencyDomainCanceller,20.0,43,False,False,False,UNIFIED_JSR_PASS,True,20.0,20.0,0.0,unified/pass,True,PASS,,"(1, 5000)","(1, 5000)",True,True,True,True,PASS,True,0.2744999947026372,967037,False,True,algorithm,PASS
AMNoiseGaiJam,FDC,FrequencyDomainCanceller,20.0,43,False,False,False,UNIFIED_JSR_PASS,True,20.0,20.0,0.0,unified/pass,True,PASS,,"(1, 5000)","(1, 5000)",,True,True,True,PASS,,0.0,0,,,identity,
AMNoiseGaiJam,FDC,FrequencyDomainCanceller,20.0,44,False,False,False,UNIFIED_JSR_PASS,True,20.0,20.0,0.0,unified/pass,True,PASS,,"(1, 5000)","(1, 5000)",True,True,True,True,PASS,True,0.2708749962039292,967037,False,True,algorithm,PASS
AMNoiseGaiJam,FDC,FrequencyDomainCanceller,20.0,44,False,False,False,UNIFIED_JSR_PASS,True,20.0,20.0,0.0,unified/pass,True,PASS,,"(1, 5000)","(1, 5000)",,True,True,True,PASS,,0.0,0,,,identity,
AMNoiseGaiJam,FDC,FrequencyDomainCanceller,20.0,45,False,False,False,UNIFIED_JSR_PASS,True,20.0,20.0,0.0,unified/pass,True,PASS,,"(1, 5000)","(1, 5000)",True,True,True,True,PASS,True,0.2703330246731639,967037,False,True,algorithm,PASS
AMNoiseGaiJam,FDC,FrequencyDomainCanceller,20.0,45,False,False,False,UNIFIED_JSR_PASS,True,20.0,20.0,0.0,unified/pass,True,PASS,,"(1, 5000)","(1, 5000)",,True,True,True,PASS,,0.0,0,,,identity,
AMNoiseGaiJam,FDC,FrequencyDomainCanceller,20.0,46,False,False,False,UNIFIED_JSR_PASS,True,20.0,20.0,0.0,unified/pass,True,PASS,,"(1, 5000)","(1, 5000)",True,True,True,True,PASS,True,0.2698749885894358,967037,False,True,algorithm,PASS
AMNoiseGaiJam,FDC,FrequencyDomainCanceller,20.0,46,False,False,False,UNIFIED_JSR_PASS,True,20.0,20.0,0.0,unified/pass,True,PASS,,"(1, 5000)","(1, 5000)",,True,True,True,PASS,,0.0,0,,,identity,
AMNoiseGaiJam,FDC,FrequencyDomainCanceller,20.0,47,False,False,False,UNIFIED_JSR_PASS,True,20.0,20.0,0.0,unified/pass,True,PASS,,"(1, 5000)","(1, 5000)",True,True,True,True,PASS,True,0.26775000151246786,967037,False,True,algorithm,PASS
AMNoiseGaiJam,FDC,FrequencyDomainCanceller,20.0,47,False,False,False,UNIFIED_JSR_PASS,True,20.0,20.0,0.0,unified/pass,True,PASS,,"(1, 5000)","(1, 5000)",,True,True,True,PASS,,0.0,0,,,identity,
AMNoiseGaiJam,FDC,FrequencyDomainCanceller,20.0,48,False,False,False,UNIFIED_JSR_PASS,True,20.0,20.0,0.0,unified/pass,True,PASS,,"(1, 5000)","(1, 5000)",True,True,True,True,PASS,True,0.2685419749468565,967037,False,True,algorithm,PASS
AMNoiseGaiJam,FDC,FrequencyDomainCanceller,20.0,48,False,False,False,UNIFIED_JSR_PASS,True,20.0,20.0,0.0,unified/pass,True,PASS,,"(1, 5000)","(1, 5000)",,True,True,True,PASS,,0.0,0,,,identity,
AMNoiseGaiJam,FDC,FrequencyDomainCanceller,20.0,49,False,False,False,UNIFIED_JSR_PASS,True,20.0,20.0,0.0,unified/pass,True,PASS,,"(1, 5000)","(1, 5000)",True,True,True,True,PASS,True,0.26875000912696123,967037,False,True,algorithm,PASS
AMNoiseGaiJam,FDC,FrequencyDomainCanceller,20.0,49,False,False,False,UNIFIED_JSR_PASS,True,20.0,20.0,0.0,unified/pass,True,PASS,,"(1, 5000)","(1, 5000)",,True,True,True,PASS,,0.0,0,,,identity,
AMNoiseGaiJam,FDC,FrequencyDomainCanceller,20.0,50,False,False,False,UNIFIED_JSR_PASS,True,20.0,20.0,0.0,unified/pass,True,PASS,,"(1, 5000)","(1, 5000)",True,True,True,True,PASS,True,0.268207979388535,967037,False,True,algorithm,PASS
AMNoiseGaiJam,FDC,FrequencyDomainCanceller,20.0,50,False,False,False,UNIFIED_JSR_PASS,True,20.0,20.0,0.0,unified/pass,True,PASS,,"(1, 5000)","(1, 5000)",,True,True,True,PASS,,0.0,0,,,identity,
AMNoiseGaiJam,FDC,FrequencyDomainCanceller,20.0,51,False,False,False,UNIFIED_JSR_PASS,True,20.0,20.0,0.0,unified/pass,True,PASS,,"(1, 5000)","(1, 5000)",True,True,True,True,PASS,True,0.268584000878036,967037,False,True,algorithm,PASS
AMNoiseGaiJam,FDC,FrequencyDomainCanceller,20.0,51,False,False,False,UNIFIED_JSR_PASS,True,20.0,20.0,0.0,unified/pass,True,PASS,,"(1, 5000)","(1, 5000)",,True,True,True,PASS,,0.0,0,,,identity,
AMNoiseGaiJam,FDC,FrequencyDomainCanceller,30.0,42,False,False,False,UNIFIED_JSR_PASS,True,30.0,30.0,0.0,unified/pass,True,PASS,,"(1, 5000)","(1, 5000)",True,True,True,True,PASS,True,0.26845798129215837,967037,False,True,algorithm,PASS
AMNoiseGaiJam,FDC,FrequencyDomainCanceller,30.0,42,False,False,False,UNIFIED_JSR_PASS,True,30.0,30.0,0.0,unified/pass,True,PASS,,"(1, 5000)","(1, 5000)",,True,True,True,PASS,,0.0,0,,,identity,
AMNoiseGaiJam,FDC,FrequencyDomainCanceller,30.0,43,False,False,False,UNIFIED_JSR_PASS,True,30.0,30.0,0.0,unified/pass,True,PASS,,"(1, 5000)","(1, 5000)",True,True,True,True,PASS,True,0.2731670392677188,967037,False,True,algorithm,PASS
AMNoiseGaiJam,FDC,FrequencyDomainCanceller,30.0,43,False,False,False,UNIFIED_JSR_PASS,True,30.0,30.0,0.0,unified/pass,True,PASS,,"(1, 5000)","(1, 5000)",,True,True,True,PASS,,0.0,0,,,identity,
AMNoiseGaiJam,FDC,FrequencyDomainCanceller,30.0,44,False,False,False,UNIFIED_JSR_PASS,True,30.0,30.0,0.0,unified/pass,True,PASS,,"(1, 5000)","(1, 5000)",True,True,True,True,PASS,True,0.2685420331545174,967037,False,True,algorithm,PASS
AMNoiseGaiJam,FDC,FrequencyDomainCanceller,30.0,44,False,False,False,UNIFIED_JSR_PASS,True,30.0,30.0,0.0,unified/pass,True,PASS,,"(1, 5000)","(1, 5000)",,True,True,True,PASS,,0.0,0,,,identity,
AMNoiseGaiJam,FDC,FrequencyDomainCanceller,30.0,45,False,False,False,UNIFIED_JSR_PASS,True,30.0,30.0,0.0,unified/pass,True,PASS,,"(1, 5000)","(1, 5000)",True,True,True,True,PASS,True,0.26887503918260336,967037,False,True,algorithm,PASS
AMNoiseGaiJam,FDC,FrequencyDomainCanceller,30.0,45,False,False,False,UNIFIED_JSR_PASS,True,30.0,30.0,0.0,unified/pass,True,PASS,,"(1, 5000)","(1, 5000)",,True,True,True,PASS,,0.0,0,,,identity,
AMNoiseGaiJam,FDC,FrequencyDomainCanceller,30.0,46,False,False,False,UNIFIED_JSR_PASS,True,30.0,30.0,0.0,unified/pass,True,PASS,,"(1, 5000)","(1, 5000)",True,True,True,True,PASS,True,0.26875000912696123,967037,False,True,algorithm,PASS
AMNoiseGaiJam,FDC,FrequencyDomainCanceller,30.0,46,False,False,False,UNIFIED_JSR_PASS,True,30.0,30.0,0.0,unified/pass,True,PASS,,"(1, 5000)","(1, 5000)",,True,True,True,PASS,,0.0,0,,,identity,
AMNoiseGaiJam,FDC,FrequencyDomainCanceller,30.0,47,False,False,False,UNIFIED_JSR_PASS,True,30.0,30.0,0.0,unified/pass,True,PASS,,"(1, 5000)","(1, 5000)",True,True,True,True,PASS,True,0.2689159591682255,967037,False,True,algorithm,PASS
AMNoiseGaiJam,FDC,FrequencyDomainCanceller,30.0,47,False,False,False,UNIFIED_JSR_PASS,True,30.0,30.0,0.0,unified/pass,True,PASS,,"(1, 5000)","(1, 5000)",,True,True,True,PASS,,0.0,0,,,identity,
AMNoiseGaiJam,FDC,FrequencyDomainCanceller,30.0,48,False,False,False,UNIFIED_JSR_PASS,True,30.0,30.0,0.0,unified/pass,True,PASS,,"(1, 5000)","(1, 5000)",True,True,True,True,PASS,True,0.26762497145682573,967037,False,True,algorithm,PASS
AMNoiseGaiJam,FDC,FrequencyDomainCanceller,30.0,48,False,False,False,UNIFIED_JSR_PASS,True,30.0,30.0,0.0,unified/pass,True,PASS,,"(1, 5000)","(1, 5000)",,True,True,True,PASS,,0.0,0,,,identity,
AMNoiseGaiJam,FDC,FrequencyDomainCanceller,30.0,49,False,False,False,UNIFIED_JSR_PASS,True,30.0,30.0,0.0,unified/pass,True,PASS,,"(1, 5000)","(1, 5000)",True,True,True,True,PASS,True,0.2703330246731639,967037,False,True,algorithm,PASS
AMNoiseGaiJam,FDC,FrequencyDomainCanceller,30.0,49,False,False,False,UNIFIED_JSR_PASS,True,30.0,30.0,0.0,unified/pass,True,PASS,,"(1, 5000)","(1, 5000)",,True,True,True,PASS,,0.0,0,,,identity,
AMNoiseGaiJam,FDC,FrequencyDomainCanceller,30.0,50,False,False,False,UNIFIED_JSR_PASS,True,30.0,30.0,0.0,unified/pass,True,PASS,,"(1, 5000)","(1, 5000)",True,True,True,True,PASS,True,0.2702499623410404,967037,False,True,algorithm,PASS
AMNoiseGaiJam,FDC,FrequencyDomainCanceller,30.0,50,False,False,False,UNIFIED_JSR_PASS,True,30.0,30.0,0.0,unified/pass,True,PASS,,"(1, 5000)","(1, 5000)",,True,True,True,PASS,,0.0,0,,,identity,
AMNoiseGaiJam,FDC,FrequencyDomainCanceller,30.0,51,False,False,False,UNIFIED_JSR_PASS,True,30.0,30.0,0.0,unified/pass,True,PASS,,"(1, 5000)","(1, 5000)",True,True,True,True,PASS,True,0.2626670175231993,967037,False,True,algorithm,PASS
AMNoiseGaiJam,FDC,FrequencyDomainCanceller,30.0,51,False,False,False,UNIFIED_JSR_PASS,True,30.0,30.0,0.0,unified/pass,True,PASS,,"(1, 5000)","(1, 5000)",,True,True,True,PASS,,0.0,0,,,identity,
FMNoiseAimedJam,FrFT,frft_filter,0.0,42,False,False,False,UNIFIED_JSR_PASS,True,0.0,0.0,0.0,unified/pass,True,PASS,,"(1, 5000)","(1, 5000)",True,True,True,True,PASS,True,36.797375010792166,1156141,False,True,algorithm,PASS
FMNoiseAimedJam,FrFT,frft_filter,0.0,42,False,False,False,UNIFIED_JSR_PASS,True,0.0,0.0,0.0,unified/pass,True,PASS,,"(1, 5000)","(1, 5000)",,True,True,True,PASS,,0.0,0,,,identity,
FMNoiseAimedJam,FrFT,frft_filter,0.0,43,False,False,False,UNIFIED_JSR_PASS,True,0.0,0.0,0.0,unified/pass,True,PASS,,"(1, 5000)","(1, 5000)",True,True,True,True,PASS,True,36.17541695712134,1129638,False,True,algorithm,PASS
FMNoiseAimedJam,FrFT,frft_filter,0.0,43,False,False,False,UNIFIED_JSR_PASS,True,0.0,0.0,0.0,unified/pass,True,PASS,,"(1, 5000)","(1, 5000)",,True,True,True,PASS,,0.0,0,,,identity,
FMNoiseAimedJam,FrFT,frft_filter,0.0,44,False,False,False,UNIFIED_JSR_PASS,True,0.0,0.0,0.0,unified/pass,True,PASS,,"(1, 5000)","(1, 5000)",True,True,True,True,PASS,True,36.16529196733609,1129638,False,True,algorithm,PASS
FMNoiseAimedJam,FrFT,frft_filter,0.0,44,False,False,False,UNIFIED_JSR_PASS,True,0.0,0.0,0.0,unified/pass,True,PASS,,"(1, 5000)","(1, 5000)",,True,True,True,PASS,,0.0,0,,,identity,
FMNoiseAimedJam,FrFT,frft_filter,0.0,45,False,False,False,UNIFIED_JSR_PASS,True,0.0,0.0,0.0,unified/pass,True,PASS,,"(1, 5000)","(1, 5000)",True,True,True,True,PASS,True,36.21066705090925,1129638,False,True,algorithm,PASS
FMNoiseAimedJam,FrFT,frft_filter,0.0,45,False,False,False,UNIFIED_JSR_PASS,True,0.0,0.0,0.0,unified/pass,True,PASS,,"(1, 5000)","(1, 5000)",,True,True,True,PASS,,0.0,0,,,identity,
FMNoiseAimedJam,FrFT,frft_filter,0.0,46,False,False,False,UNIFIED_JSR_PASS,True,0.0,0.0,0.0,unified/pass,True,PASS,,"(1, 5000)","(1, 5000)",True,True,True,True,PASS,True,36.01500001968816,1129566,False,True,algorithm,PASS
FMNoiseAimedJam,FrFT,frft_filter,0.0,46,False,False,False,UNIFIED_JSR_PASS,True,0.0,0.0,0.0,unified/pass,True,PASS,,"(1, 5000)","(1, 5000)",,True,True,True,PASS,,0.0,0,,,identity,
FMNoiseAimedJam,FrFT,frft_filter,0.0,47,False,False,False,UNIFIED_JSR_PASS,True,0.0,0.0,0.0,unified/pass,True,PASS,,"(1, 5000)","(1, 5000)",True,True,True,True,PASS,True,39.23887497512624,1129614,False,True,algorithm,PASS
FMNoiseAimedJam,FrFT,frft_filter,0.0,47,False,False,False,UNIFIED_JSR_PASS,True,0.0,0.0,0.0,unified/pass,True,PASS,,"(1, 5000)","(1, 5000)",,True,True,True,PASS,,0.0,0,,,identity,
FMNoiseAimedJam,FrFT,frft_filter,0.0,48,False,False,False,UNIFIED_JSR_PASS,True,0.0,0.0,0.0,unified/pass,True,PASS,,"(1, 5000)","(1, 5000)",True,True,True,True,PASS,True,38.3607090334408,1129732,False,True,algorithm,PASS
FMNoiseAimedJam,FrFT,frft_filter,0.0,48,False,False,False,UNIFIED_JSR_PASS,True,0.0,0.0,0.0,unified/pass,True,PASS,,"(1, 5000)","(1, 5000)",,True,True,True,PASS,,0.0,0,,,identity,
FMNoiseAimedJam,FrFT,frft_filter,0.0,49,False,False,False,UNIFIED_JSR_PASS,True,0.0,9.64327466553287e-16,9.64327466553287e-16,unified/pass,True,PASS,,"(1, 5000)","(1, 5000)",True,True,True,True,PASS,True,36.37141699437052,1129638,False,True,algorithm,PASS
FMNoiseAimedJam,FrFT,frft_filter,0.0,49,False,False,False,UNIFIED_JSR_PASS,True,0.0,9.64327466553287e-16,9.64327466553287e-16,unified/pass,True,PASS,,"(1, 5000)","(1, 5000)",,True,True,True,PASS,,0.0,0,,,identity,
FMNoiseAimedJam,FrFT,frft_filter,0.0,50,False,False,False,UNIFIED_JSR_PASS,True,0.0,0.0,0.0,unified/pass,True,PASS,,"(1, 5000)","(1, 5000)",True,True,True,True,PASS,True,36.940583027899265,1129638,False,True,algorithm,PASS
FMNoiseAimedJam,FrFT,frft_filter,0.0,50,False,False,False,UNIFIED_JSR_PASS,True,0.0,0.0,0.0,unified/pass,True,PASS,,"(1, 5000)","(1, 5000)",,True,True,True,PASS,,0.0,0,,,identity,
FMNoiseAimedJam,FrFT,frft_filter,0.0,51,False,False,False,UNIFIED_JSR_PASS,True,0.0,9.64327466553287e-16,9.64327466553287e-16,unified/pass,True,PASS,,"(1, 5000)","(1, 5000)",True,True,True,True,PASS,True,37.71233296720311,1129590,False,True,algorithm,PASS
FMNoiseAimedJam,FrFT,frft_filter,0.0,51,False,False,False,UNIFIED_JSR_PASS,True,0.0,9.64327466553287e-16,9.64327466553287e-16,unified/pass,True,PASS,,"(1, 5000)","(1, 5000)",,True,True,True,PASS,,0.0,0,,,identity,
FMNoiseAimedJam,FrFT,frft_filter,10.0,42,False,False,False,UNIFIED_JSR_PASS,True,10.0,10.0,0.0,unified/pass,True,PASS,,"(1, 5000)","(1, 5000)",True,True,True,True,PASS,True,36.54312499566004,1129686,False,True,algorithm,PASS
FMNoiseAimedJam,FrFT,frft_filter,10.0,42,False,False,False,UNIFIED_JSR_PASS,True,10.0,10.0,0.0,unified/pass,True,PASS,,"(1, 5000)","(1, 5000)",,True,True,True,PASS,,0.0,0,,,identity,
FMNoiseAimedJam,FrFT,frft_filter,10.0,43,False,False,False,UNIFIED_JSR_PASS,True,10.0,10.0,0.0,unified/pass,True,PASS,,"(1, 5000)","(1, 5000)",True,True,True,True,PASS,True,36.74437495646998,1129638,False,True,algorithm,PASS
FMNoiseAimedJam,FrFT,frft_filter,10.0,43,False,False,False,UNIFIED_JSR_PASS,True,10.0,10.0,0.0,unified/pass,True,PASS,,"(1, 5000)","(1, 5000)",,True,True,True,PASS,,0.0,0,,,identity,
FMNoiseAimedJam,FrFT,frft_filter,10.0,44,False,False,False,UNIFIED_JSR_PASS,True,10.0,10.0,0.0,unified/pass,True,PASS,,"(1, 5000)","(1, 5000)",True,True,True,True,PASS,True,36.91062500001863,1129638,False,True,algorithm,PASS
FMNoiseAimedJam,FrFT,frft_filter,10.0,44,False,False,False,UNIFIED_JSR_PASS,True,10.0,10.0,0.0,unified/pass,True,PASS,,"(1, 5000)","(1, 5000)",,True,True,True,PASS,,0.0,0,,,identity,
FMNoiseAimedJam,FrFT,frft_filter,10.0,45,False,False,False,UNIFIED_JSR_PASS,True,10.0,10.0,0.0,unified/pass,True,PASS,,"(1, 5000)","(1, 5000)",True,True,True,True,PASS,True,37.41366695612669,1129662,False,True,algorithm,PASS
FMNoiseAimedJam,FrFT,frft_filter,10.0,45,False,False,False,UNIFIED_JSR_PASS,True,10.0,10.0,0.0,unified/pass,True,PASS,,"(1, 5000)","(1, 5000)",,True,True,True,PASS,,0.0,0,,,identity,
FMNoiseAimedJam,FrFT,frft_filter,10.0,46,False,False,False,UNIFIED_JSR_PASS,True,10.0,9.999999999999998,-1.7763568394002505e-15,unified/pass,True,PASS,,"(1, 5000)","(1, 5000)",True,True,True,True,PASS,True,37.416207953356206,1129566,False,True,algorithm,PASS
FMNoiseAimedJam,FrFT,frft_filter,10.0,46,False,False,False,UNIFIED_JSR_PASS,True,10.0,9.999999999999998,-1.7763568394002505e-15,unified/pass,True,PASS,,"(1, 5000)","(1, 5000)",,True,True,True,PASS,,0.0,0,,,identity,
FMNoiseAimedJam,FrFT,frft_filter,10.0,47,False,False,False,UNIFIED_JSR_PASS,True,10.0,10.0,0.0,unified/pass,True,PASS,,"(1, 5000)","(1, 5000)",True,True,True,True,PASS,True,37.04741701949388,1129614,False,True,algorithm,PASS
FMNoiseAimedJam,FrFT,frft_filter,10.0,47,False,False,False,UNIFIED_JSR_PASS,True,10.0,10.0,0.0,unified/pass,True,PASS,,"(1, 5000)","(1, 5000)",,True,True,True,PASS,,0.0,0,,,identity,
FMNoiseAimedJam,FrFT,frft_filter,10.0,48,False,False,False,UNIFIED_JSR_PASS,True,10.0,9.999999999999998,-1.7763568394002505e-15,unified/pass,True,PASS,,"(1, 5000)","(1, 5000)",True,True,True,True,PASS,True,36.315832985565066,1129686,False,True,algorithm,PASS
FMNoiseAimedJam,FrFT,frft_filter,10.0,48,False,False,False,UNIFIED_JSR_PASS,True,10.0,9.999999999999998,-1.7763568394002505e-15,unified/pass,True,PASS,,"(1, 5000)","(1, 5000)",,True,True,True,PASS,,0.0,0,,,identity,
FMNoiseAimedJam,FrFT,frft_filter,10.0,49,False,False,False,UNIFIED_JSR_PASS,True,10.0,10.0,0.0,unified/pass,True,PASS,,"(1, 5000)","(1, 5000)",True,True,True,True,PASS,True,36.58204199746251,1129638,False,True,algorithm,PASS
FMNoiseAimedJam,FrFT,frft_filter,10.0,49,False,False,False,UNIFIED_JSR_PASS,True,10.0,10.0,0.0,unified/pass,True,PASS,,"(1, 5000)","(1, 5000)",,True,True,True,PASS,,0.0,0,,,identity,
FMNoiseAimedJam,FrFT,frft_filter,10.0,50,False,False,False,UNIFIED_JSR_PASS,True,10.0,10.0,0.0,unified/pass,True,PASS,,"(1, 5000)","(1, 5000)",True,True,True,True,PASS,True,37.571083987131715,1129638,False,True,algorithm,PASS
FMNoiseAimedJam,FrFT,frft_filter,10.0,50,False,False,False,UNIFIED_JSR_PASS,True,10.0,10.0,0.0,unified/pass,True,PASS,,"(1, 5000)","(1, 5000)",,True,True,True,PASS,,0.0,0,,,identity,
FMNoiseAimedJam,FrFT,frft_filter,10.0,51,False,False,False,UNIFIED_JSR_PASS,True,10.0,10.0,0.0,unified/pass,True,PASS,,"(1, 5000)","(1, 5000)",True,True,True,True,PASS,True,36.529333039652556,1129638,False,True,algorithm,PASS
FMNoiseAimedJam,FrFT,frft_filter,10.0,51,False,False,False,UNIFIED_JSR_PASS,True,10.0,10.0,0.0,unified/pass,True,PASS,,"(1, 5000)","(1, 5000)",,True,True,True,PASS,,0.0,0,,,identity,
FMNoiseAimedJam,FrFT,frft_filter,20.0,42,False,False,False,UNIFIED_JSR_PASS,True,20.0,20.0,0.0,unified/pass,True,PASS,,"(1, 5000)","(1, 5000)",True,True,True,True,PASS,True,36.41075000632554,1129638,False,True,algorithm,PASS
FMNoiseAimedJam,FrFT,frft_filter,20.0,42,False,False,False,UNIFIED_JSR_PASS,True,20.0,20.0,0.0,unified/pass,True,PASS,,"(1, 5000)","(1, 5000)",,True,True,True,PASS,,0.0,0,,,identity,
FMNoiseAimedJam,FrFT,frft_filter,20.0,43,False,False,False,UNIFIED_JSR_PASS,True,20.0,20.0,0.0,unified/pass,True,PASS,,"(1, 5000)","(1, 5000)",True,True,True,True,PASS,True,36.70708299614489,1129638,False,True,algorithm,PASS
FMNoiseAimedJam,FrFT,frft_filter,20.0,43,False,False,False,UNIFIED_JSR_PASS,True,20.0,20.0,0.0,unified/pass,True,PASS,,"(1, 5000)","(1, 5000)",,True,True,True,PASS,,0.0,0,,,identity,
FMNoiseAimedJam,FrFT,frft_filter,20.0,44,False,False,False,UNIFIED_JSR_PASS,True,20.0,20.0,0.0,unified/pass,True,PASS,,"(1, 5000)","(1, 5000)",True,True,True,True,PASS,True,36.53366694925353,1129638,False,True,algorithm,PASS
FMNoiseAimedJam,FrFT,frft_filter,20.0,44,False,False,False,UNIFIED_JSR_PASS,True,20.0,20.0,0.0,unified/pass,True,PASS,,"(1, 5000)","(1, 5000)",,True,True,True,PASS,,0.0,0,,,identity,
FMNoiseAimedJam,FrFT,frft_filter,20.0,45,False,False,False,UNIFIED_JSR_PASS,True,20.0,19.999999999999996,-3.552713678800501e-15,unified/pass,True,PASS,,"(1, 5000)","(1, 5000)",True,True,True,True,PASS,True,37.11779200239107,1129662,False,True,algorithm,PASS
FMNoiseAimedJam,FrFT,frft_filter,20.0,45,False,False,False,UNIFIED_JSR_PASS,True,20.0,19.999999999999996,-3.552713678800501e-15,unified/pass,True,PASS,,"(1, 5000)","(1, 5000)",,True,True,True,PASS,,0.0,0,,,identity,
FMNoiseAimedJam,FrFT,frft_filter,20.0,46,False,False,False,UNIFIED_JSR_PASS,True,20.0,20.0,0.0,unified/pass,True,PASS,,"(1, 5000)","(1, 5000)",True,True,True,True,PASS,True,35.87879100814462,1129566,False,True,algorithm,PASS
FMNoiseAimedJam,FrFT,frft_filter,20.0,46,False,False,False,UNIFIED_JSR_PASS,True,20.0,20.0,0.0,unified/pass,True,PASS,,"(1, 5000)","(1, 5000)",,True,True,True,PASS,,0.0,0,,,identity,
FMNoiseAimedJam,FrFT,frft_filter,20.0,47,False,False,False,UNIFIED_JSR_PASS,True,20.0,20.0,0.0,unified/pass,True,PASS,,"(1, 5000)","(1, 5000)",True,True,True,True,PASS,True,36.30091703962535,1129614,False,True,algorithm,PASS
FMNoiseAimedJam,FrFT,frft_filter,20.0,47,False,False,False,UNIFIED_JSR_PASS,True,20.0,20.0,0.0,unified/pass,True,PASS,,"(1, 5000)","(1, 5000)",,True,True,True,PASS,,0.0,0,,,identity,
FMNoiseAimedJam,FrFT,frft_filter,20.0,48,False,False,False,UNIFIED_JSR_PASS,True,20.0,20.0,0.0,unified/pass,True,PASS,,"(1, 5000)","(1, 5000)",True,True,True,True,PASS,True,37.78837498975918,1129686,False,True,algorithm,PASS
FMNoiseAimedJam,FrFT,frft_filter,20.0,48,False,False,False,UNIFIED_JSR_PASS,True,20.0,20.0,0.0,unified/pass,True,PASS,,"(1, 5000)","(1, 5000)",,True,True,True,PASS,,0.0,0,,,identity,
FMNoiseAimedJam,FrFT,frft_filter,20.0,49,False,False,False,UNIFIED_JSR_PASS,True,20.0,20.0,0.0,unified/pass,True,PASS,,"(1, 5000)","(1, 5000)",True,True,True,True,PASS,True,37.2888749698177,1129638,False,True,algorithm,PASS
FMNoiseAimedJam,FrFT,frft_filter,20.0,49,False,False,False,UNIFIED_JSR_PASS,True,20.0,20.0,0.0,unified/pass,True,PASS,,"(1, 5000)","(1, 5000)",,True,True,True,PASS,,0.0,0,,,identity,
FMNoiseAimedJam,FrFT,frft_filter,20.0,50,False,False,False,UNIFIED_JSR_PASS,True,20.0,20.0,0.0,unified/pass,True,PASS,,"(1, 5000)","(1, 5000)",True,True,True,True,PASS,True,36.265459028072655,1129638,False,True,algorithm,PASS
FMNoiseAimedJam,FrFT,frft_filter,20.0,50,False,False,False,UNIFIED_JSR_PASS,True,20.0,20.0,0.0,unified/pass,True,PASS,,"(1, 5000)","(1, 5000)",,True,True,True,PASS,,0.0,0,,,identity,
FMNoiseAimedJam,FrFT,frft_filter,20.0,51,False,False,False,UNIFIED_JSR_PASS,True,20.0,20.0,0.0,unified/pass,True,PASS,,"(1, 5000)","(1, 5000)",True,True,True,True,PASS,True,36.734667024575174,1129638,False,True,algorithm,PASS
FMNoiseAimedJam,FrFT,frft_filter,20.0,51,False,False,False,UNIFIED_JSR_PASS,True,20.0,20.0,0.0,unified/pass,True,PASS,,"(1, 5000)","(1, 5000)",,True,True,True,PASS,,0.0,0,,,identity,
FMNoiseAimedJam,FrFT,frft_filter,30.0,42,False,False,False,UNIFIED_JSR_PASS,True,30.0,30.0,0.0,unified/pass,True,PASS,,"(1, 5000)","(1, 5000)",True,True,True,True,PASS,True,35.959791974164546,1129638,False,True,algorithm,PASS
FMNoiseAimedJam,FrFT,frft_filter,30.0,42,False,False,False,UNIFIED_JSR_PASS,True,30.0,30.0,0.0,unified/pass,True,PASS,,"(1, 5000)","(1, 5000)",,True,True,True,PASS,,0.0,0,,,identity,
FMNoiseAimedJam,FrFT,frft_filter,30.0,43,False,False,False,UNIFIED_JSR_PASS,True,30.0,30.0,0.0,unified/pass,True,PASS,,"(1, 5000)","(1, 5000)",True,True,True,True,PASS,True,36.28270799526945,1129638,False,True,algorithm,PASS
FMNoiseAimedJam,FrFT,frft_filter,30.0,43,False,False,False,UNIFIED_JSR_PASS,True,30.0,30.0,0.0,unified/pass,True,PASS,,"(1, 5000)","(1, 5000)",,True,True,True,PASS,,0.0,0,,,identity,
FMNoiseAimedJam,FrFT,frft_filter,30.0,44,False,False,False,UNIFIED_JSR_PASS,True,30.0,30.0,0.0,unified/pass,True,PASS,,"(1, 5000)","(1, 5000)",True,True,True,True,PASS,True,36.06770798796788,1129638,False,True,algorithm,PASS
FMNoiseAimedJam,FrFT,frft_filter,30.0,44,False,False,False,UNIFIED_JSR_PASS,True,30.0,30.0,0.0,unified/pass,True,PASS,,"(1, 5000)","(1, 5000)",,True,True,True,PASS,,0.0,0,,,identity,
FMNoiseAimedJam,FrFT,frft_filter,30.0,45,False,False,False,UNIFIED_JSR_PASS,True,30.0,30.0,0.0,unified/pass,True,PASS,,"(1, 5000)","(1, 5000)",True,True,True,True,PASS,True,36.80741699645296,1129662,False,True,algorithm,PASS
FMNoiseAimedJam,FrFT,frft_filter,30.0,45,False,False,False,UNIFIED_JSR_PASS,True,30.0,30.0,0.0,unified/pass,True,PASS,,"(1, 5000)","(1, 5000)",,True,True,True,PASS,,0.0,0,,,identity,
FMNoiseAimedJam,FrFT,frft_filter,30.0,46,False,False,False,UNIFIED_JSR_PASS,True,30.0,30.0,0.0,unified/pass,True,PASS,,"(1, 5000)","(1, 5000)",True,True,True,True,PASS,True,37.03279100591317,1129566,False,True,algorithm,PASS
FMNoiseAimedJam,FrFT,frft_filter,30.0,46,False,False,False,UNIFIED_JSR_PASS,True,30.0,30.0,0.0,unified/pass,True,PASS,,"(1, 5000)","(1, 5000)",,True,True,True,PASS,,0.0,0,,,identity,
FMNoiseAimedJam,FrFT,frft_filter,30.0,47,False,False,False,UNIFIED_JSR_PASS,True,30.0,30.0,0.0,unified/pass,True,PASS,,"(1, 5000)","(1, 5000)",True,True,True,True,PASS,True,37.617416004650295,1129660,False,True,algorithm,PASS
FMNoiseAimedJam,FrFT,frft_filter,30.0,47,False,False,False,UNIFIED_JSR_PASS,True,30.0,30.0,0.0,unified/pass,True,PASS,,"(1, 5000)","(1, 5000)",,True,True,True,PASS,,0.0,0,,,identity,
FMNoiseAimedJam,FrFT,frft_filter,30.0,48,False,False,False,UNIFIED_JSR_PASS,True,30.0,30.0,0.0,unified/pass,True,PASS,,"(1, 5000)","(1, 5000)",True,True,True,True,PASS,True,37.01354202348739,1129686,False,True,algorithm,PASS
FMNoiseAimedJam,FrFT,frft_filter,30.0,48,False,False,False,UNIFIED_JSR_PASS,True,30.0,30.0,0.0,unified/pass,True,PASS,,"(1, 5000)","(1, 5000)",,True,True,True,PASS,,0.0,0,,,identity,
FMNoiseAimedJam,FrFT,frft_filter,30.0,49,False,False,False,UNIFIED_JSR_PASS,True,30.0,30.0,0.0,unified/pass,True,PASS,,"(1, 5000)","(1, 5000)",True,True,True,True,PASS,True,36.34333400987089,1129638,False,True,algorithm,PASS
FMNoiseAimedJam,FrFT,frft_filter,30.0,49,False,False,False,UNIFIED_JSR_PASS,True,30.0,30.0,0.0,unified/pass,True,PASS,,"(1, 5000)","(1, 5000)",,True,True,True,PASS,,0.0,0,,,identity,
FMNoiseAimedJam,FrFT,frft_filter,30.0,50,False,False,False,UNIFIED_JSR_PASS,True,30.0,30.0,0.0,unified/pass,True,PASS,,"(1, 5000)","(1, 5000)",True,True,True,True,PASS,True,36.136292037554085,1129638,False,True,algorithm,PASS
FMNoiseAimedJam,FrFT,frft_filter,30.0,50,False,False,False,UNIFIED_JSR_PASS,True,30.0,30.0,0.0,unified/pass,True,PASS,,"(1, 5000)","(1, 5000)",,True,True,True,PASS,,0.0,0,,,identity,
FMNoiseAimedJam,FrFT,frft_filter,30.0,51,False,False,False,UNIFIED_JSR_PASS,True,30.0,30.0,0.0,unified/pass,True,PASS,,"(1, 5000)","(1, 5000)",True,True,True,True,PASS,True,36.268250027205795,1129638,False,True,algorithm,PASS
FMNoiseAimedJam,FrFT,frft_filter,30.0,51,False,False,False,UNIFIED_JSR_PASS,True,30.0,30.0,0.0,unified/pass,True,PASS,,"(1, 5000)","(1, 5000)",,True,True,True,PASS,,0.0,0,,,identity,
FMNoiseSaopin,FrFT,frft_filter,0.0,42,False,False,False,UNIFIED_JSR_PASS,True,0.0,0.0,0.0,unified/pass,True,PASS,,"(1, 5000)","(1, 5000)",True,True,True,True,PASS,True,36.11316700698808,1129718,False,True,algorithm,PASS
FMNoiseSaopin,FrFT,frft_filter,0.0,42,False,False,False,UNIFIED_JSR_PASS,True,0.0,0.0,0.0,unified/pass,True,PASS,,"(1, 5000)","(1, 5000)",,True,True,True,PASS,,0.0,0,,,identity,
FMNoiseSaopin,FrFT,frft_filter,0.0,43,False,False,False,UNIFIED_JSR_PASS,True,0.0,-1.9286549331065747e-15,-1.9286549331065747e-15,unified/pass,True,PASS,,"(1, 5000)","(1, 5000)",True,True,True,True,PASS,True,36.23462497489527,1129638,False,True,algorithm,PASS
FMNoiseSaopin,FrFT,frft_filter,0.0,43,False,False,False,UNIFIED_JSR_PASS,True,0.0,-1.9286549331065747e-15,-1.9286549331065747e-15,unified/pass,True,PASS,,"(1, 5000)","(1, 5000)",,True,True,True,PASS,,0.0,0,,,identity,
FMNoiseSaopin,FrFT,frft_filter,0.0,44,False,False,False,UNIFIED_JSR_PASS,True,0.0,0.0,0.0,unified/pass,True,PASS,,"(1, 5000)","(1, 5000)",True,True,True,True,PASS,True,37.361124996095896,1129638,False,True,algorithm,PASS
FMNoiseSaopin,FrFT,frft_filter,0.0,44,False,False,False,UNIFIED_JSR_PASS,True,0.0,0.0,0.0,unified/pass,True,PASS,,"(1, 5000)","(1, 5000)",,True,True,True,PASS,,0.0,0,,,identity,
FMNoiseSaopin,FrFT,frft_filter,0.0,45,False,False,False,UNIFIED_JSR_PASS,True,0.0,-4.821637332766436e-16,-4.821637332766436e-16,unified/pass,True,PASS,,"(1, 5000)","(1, 5000)",True,True,True,True,PASS,True,37.67695801798254,1129590,False,True,algorithm,PASS
FMNoiseSaopin,FrFT,frft_filter,0.0,45,False,False,False,UNIFIED_JSR_PASS,True,0.0,-4.821637332766436e-16,-4.821637332766436e-16,unified/pass,True,PASS,,"(1, 5000)","(1, 5000)",,True,True,True,PASS,,0.0,0,,,identity,
FMNoiseSaopin,FrFT,frft_filter,0.0,46,False,False,False,UNIFIED_JSR_PASS,True,0.0,0.0,0.0,unified/pass,True,PASS,,"(1, 5000)","(1, 5000)",True,True,True,True,PASS,True,37.175916018895805,1129686,False,True,algorithm,PASS
FMNoiseSaopin,FrFT,frft_filter,0.0,46,False,False,False,UNIFIED_JSR_PASS,True,0.0,0.0,0.0,unified/pass,True,PASS,,"(1, 5000)","(1, 5000)",,True,True,True,PASS,,0.0,0,,,identity,
FMNoiseSaopin,FrFT,frft_filter,0.0,47,False,False,False,UNIFIED_JSR_PASS,True,0.0,-4.821637332766436e-16,-4.821637332766436e-16,unified/pass,True,PASS,,"(1, 5000)","(1, 5000)",True,True,True,True,PASS,True,36.3426249823533,1129566,False,True,algorithm,PASS
FMNoiseSaopin,FrFT,frft_filter,0.0,47,False,False,False,UNIFIED_JSR_PASS,True,0.0,-4.821637332766436e-16,-4.821637332766436e-16,unified/pass,True,PASS,,"(1, 5000)","(1, 5000)",,True,True,True,PASS,,0.0,0,,,identity,
FMNoiseSaopin,FrFT,frft_filter,0.0,48,False,False,False,UNIFIED_JSR_PASS,True,0.0,0.0,0.0,unified/pass,True,PASS,,"(1, 5000)","(1, 5000)",True,True,True,True,PASS,True,37.068957986775786,1129686,False,True,algorithm,PASS
FMNoiseSaopin,FrFT,frft_filter,0.0,48,False,False,False,UNIFIED_JSR_PASS,True,0.0,0.0,0.0,unified/pass,True,PASS,,"(1, 5000)","(1, 5000)",,True,True,True,PASS,,0.0,0,,,identity,
FMNoiseSaopin,FrFT,frft_filter,0.0,49,False,False,False,UNIFIED_JSR_PASS,True,0.0,9.64327466553287e-16,9.64327466553287e-16,unified/pass,True,PASS,,"(1, 5000)","(1, 5000)",True,True,True,True,PASS,True,37.54783305339515,1129638,False,True,algorithm,PASS
FMNoiseSaopin,FrFT,frft_filter,0.0,49,False,False,False,UNIFIED_JSR_PASS,True,0.0,9.64327466553287e-16,9.64327466553287e-16,unified/pass,True,PASS,,"(1, 5000)","(1, 5000)",,True,True,True,PASS,,0.0,0,,,identity,
FMNoiseSaopin,FrFT,frft_filter,0.0,50,False,False,False,UNIFIED_JSR_PASS,True,0.0,0.0,0.0,unified/pass,True,PASS,,"(1, 5000)","(1, 5000)",True,True,True,True,PASS,True,37.48416603775695,1129638,False,True,algorithm,PASS
FMNoiseSaopin,FrFT,frft_filter,0.0,50,False,False,False,UNIFIED_JSR_PASS,True,0.0,0.0,0.0,unified/pass,True,PASS,,"(1, 5000)","(1, 5000)",,True,True,True,PASS,,0.0,0,,,identity,
FMNoiseSaopin,FrFT,frft_filter,0.0,51,False,False,False,UNIFIED_JSR_PASS,True,0.0,0.0,0.0,unified/pass,True,PASS,,"(1, 5000)","(1, 5000)",True,True,True,True,PASS,True,36.37391701340675,1129566,False,True,algorithm,PASS
FMNoiseSaopin,FrFT,frft_filter,0.0,51,False,False,False,UNIFIED_JSR_PASS,True,0.0,0.0,0.0,unified/pass,True,PASS,,"(1, 5000)","(1, 5000)",,True,True,True,PASS,,0.0,0,,,identity,
FMNoiseSaopin,FrFT,frft_filter,10.0,42,False,False,False,UNIFIED_JSR_PASS,True,10.0,10.0,0.0,unified/pass,True,PASS,,"(1, 5000)","(1, 5000)",True,True,True,True,PASS,True,36.19420900940895,1129686,False,True,algorithm,PASS
FMNoiseSaopin,FrFT,frft_filter,10.0,42,False,False,False,UNIFIED_JSR_PASS,True,10.0,10.0,0.0,unified/pass,True,PASS,,"(1, 5000)","(1, 5000)",,True,True,True,PASS,,0.0,0,,,identity,
FMNoiseSaopin,FrFT,frft_filter,10.0,43,False,False,False,UNIFIED_JSR_PASS,True,10.0,9.999999999999998,-1.7763568394002505e-15,unified/pass,True,PASS,,"(1, 5000)","(1, 5000)",True,True,True,True,PASS,True,35.92679201392457,1129638,False,True,algorithm,PASS
FMNoiseSaopin,FrFT,frft_filter,10.0,43,False,False,False,UNIFIED_JSR_PASS,True,10.0,9.999999999999998,-1.7763568394002505e-15,unified/pass,True,PASS,,"(1, 5000)","(1, 5000)",,True,True,True,PASS,,0.0,0,,,identity,
FMNoiseSaopin,FrFT,frft_filter,10.0,44,False,False,False,UNIFIED_JSR_PASS,True,10.0,10.0,0.0,unified/pass,True,PASS,,"(1, 5000)","(1, 5000)",True,True,True,True,PASS,True,36.085959000047296,1129638,False,True,algorithm,PASS
FMNoiseSaopin,FrFT,frft_filter,10.0,44,False,False,False,UNIFIED_JSR_PASS,True,10.0,10.0,0.0,unified/pass,True,PASS,,"(1, 5000)","(1, 5000)",,True,True,True,PASS,,0.0,0,,,identity,
FMNoiseSaopin,FrFT,frft_filter,10.0,45,False,False,False,UNIFIED_JSR_PASS,True,10.0,10.0,0.0,unified/pass,True,PASS,,"(1, 5000)","(1, 5000)",True,True,True,True,PASS,True,35.97866703057662,1129590,False,True,algorithm,PASS
FMNoiseSaopin,FrFT,frft_filter,10.0,45,False,False,False,UNIFIED_JSR_PASS,True,10.0,10.0,0.0,unified/pass,True,PASS,,"(1, 5000)","(1, 5000)",,True,True,True,PASS,,0.0,0,,,identity,
FMNoiseSaopin,FrFT,frft_filter,10.0,46,False,False,False,UNIFIED_JSR_PASS,True,10.0,10.0,0.0,unified/pass,True,PASS,,"(1, 5000)","(1, 5000)",True,True,True,True,PASS,True,36.22720896964893,1129710,False,True,algorithm,PASS
FMNoiseSaopin,FrFT,frft_filter,10.0,46,False,False,False,UNIFIED_JSR_PASS,True,10.0,10.0,0.0,unified/pass,True,PASS,,"(1, 5000)","(1, 5000)",,True,True,True,PASS,,0.0,0,,,identity,
FMNoiseSaopin,FrFT,frft_filter,10.0,47,False,False,False,UNIFIED_JSR_PASS,True,10.0,10.0,0.0,unified/pass,True,PASS,,"(1, 5000)","(1, 5000)",True,True,True,True,PASS,True,35.90816701762378,1129566,False,True,algorithm,PASS
FMNoiseSaopin,FrFT,frft_filter,10.0,47,False,False,False,UNIFIED_JSR_PASS,True,10.0,10.0,0.0,unified/pass,True,PASS,,"(1, 5000)","(1, 5000)",,True,True,True,PASS,,0.0,0,,,identity,
FMNoiseSaopin,FrFT,frft_filter,10.0,48,False,False,False,UNIFIED_JSR_PASS,True,10.0,10.0,0.0,unified/pass,True,PASS,,"(1, 5000)","(1, 5000)",True,True,True,True,PASS,True,36.134583002422005,1129686,False,True,algorithm,PASS
FMNoiseSaopin,FrFT,frft_filter,10.0,48,False,False,False,UNIFIED_JSR_PASS,True,10.0,10.0,0.0,unified/pass,True,PASS,,"(1, 5000)","(1, 5000)",,True,True,True,PASS,,0.0,0,,,identity,
FMNoiseSaopin,FrFT,frft_filter,10.0,49,False,False,False,UNIFIED_JSR_PASS,True,10.0,9.999999999999998,-1.7763568394002505e-15,unified/pass,True,PASS,,"(1, 5000)","(1, 5000)",True,True,True,True,PASS,True,36.249374970793724,1129638,False,True,algorithm,PASS
FMNoiseSaopin,FrFT,frft_filter,10.0,49,False,False,False,UNIFIED_JSR_PASS,True,10.0,9.999999999999998,-1.7763568394002505e-15,unified/pass,True,PASS,,"(1, 5000)","(1, 5000)",,True,True,True,PASS,,0.0,0,,,identity,
FMNoiseSaopin,FrFT,frft_filter,10.0,50,False,False,False,UNIFIED_JSR_PASS,True,10.0,10.0,0.0,unified/pass,True,PASS,,"(1, 5000)","(1, 5000)",True,True,True,True,PASS,True,36.409375024959445,1129638,False,True,algorithm,PASS
FMNoiseSaopin,FrFT,frft_filter,10.0,50,False,False,False,UNIFIED_JSR_PASS,True,10.0,10.0,0.0,unified/pass,True,PASS,,"(1, 5000)","(1, 5000)",,True,True,True,PASS,,0.0,0,,,identity,
FMNoiseSaopin,FrFT,frft_filter,10.0,51,False,False,False,UNIFIED_JSR_PASS,True,10.0,10.000000000000002,1.7763568394002505e-15,unified/pass,True,PASS,,"(1, 5000)","(1, 5000)",True,True,True,True,PASS,True,36.174707987811416,1129566,False,True,algorithm,PASS
FMNoiseSaopin,FrFT,frft_filter,10.0,51,False,False,False,UNIFIED_JSR_PASS,True,10.0,10.000000000000002,1.7763568394002505e-15,unified/pass,True,PASS,,"(1, 5000)","(1, 5000)",,True,True,True,PASS,,0.0,0,,,identity,
FMNoiseSaopin,FrFT,frft_filter,20.0,42,False,False,False,UNIFIED_JSR_PASS,True,20.0,20.0,0.0,unified/pass,True,PASS,,"(1, 5000)","(1, 5000)",True,True,True,True,PASS,True,36.178542010020465,1129678,False,True,algorithm,PASS
FMNoiseSaopin,FrFT,frft_filter,20.0,42,False,False,False,UNIFIED_JSR_PASS,True,20.0,20.0,0.0,unified/pass,True,PASS,,"(1, 5000)","(1, 5000)",,True,True,True,PASS,,0.0,0,,,identity,
FMNoiseSaopin,FrFT,frft_filter,20.0,43,False,False,False,UNIFIED_JSR_PASS,True,20.0,19.999999999999996,-3.552713678800501e-15,unified/pass,True,PASS,,"(1, 5000)","(1, 5000)",True,True,True,True,PASS,True,35.99095903337002,1129662,False,True,algorithm,PASS
FMNoiseSaopin,FrFT,frft_filter,20.0,43,False,False,False,UNIFIED_JSR_PASS,True,20.0,19.999999999999996,-3.552713678800501e-15,unified/pass,True,PASS,,"(1, 5000)","(1, 5000)",,True,True,True,PASS,,0.0,0,,,identity,
FMNoiseSaopin,FrFT,frft_filter,20.0,44,False,False,False,UNIFIED_JSR_PASS,True,20.0,20.0,0.0,unified/pass,True,PASS,,"(1, 5000)","(1, 5000)",True,True,True,True,PASS,True,36.59016598248854,1129662,False,True,algorithm,PASS
FMNoiseSaopin,FrFT,frft_filter,20.0,44,False,False,False,UNIFIED_JSR_PASS,True,20.0,20.0,0.0,unified/pass,True,PASS,,"(1, 5000)","(1, 5000)",,True,True,True,PASS,,0.0,0,,,identity,
FMNoiseSaopin,FrFT,frft_filter,20.0,45,False,False,False,UNIFIED_JSR_PASS,True,20.0,20.0,0.0,unified/pass,True,PASS,,"(1, 5000)","(1, 5000)",True,True,True,True,PASS,True,36.198874993715435,1129590,False,True,algorithm,PASS
FMNoiseSaopin,FrFT,frft_filter,20.0,45,False,False,False,UNIFIED_JSR_PASS,True,20.0,20.0,0.0,unified/pass,True,PASS,,"(1, 5000)","(1, 5000)",,True,True,True,PASS,,0.0,0,,,identity,
FMNoiseSaopin,FrFT,frft_filter,20.0,46,False,False,False,UNIFIED_JSR_PASS,True,20.0,19.999999999999996,-3.552713678800501e-15,unified/pass,True,PASS,,"(1, 5000)","(1, 5000)",True,True,True,True,PASS,True,36.12845798488706,1129710,False,True,algorithm,PASS
FMNoiseSaopin,FrFT,frft_filter,20.0,46,False,False,False,UNIFIED_JSR_PASS,True,20.0,19.999999999999996,-3.552713678800501e-15,unified/pass,True,PASS,,"(1, 5000)","(1, 5000)",,True,True,True,PASS,,0.0,0,,,identity,
FMNoiseSaopin,FrFT,frft_filter,20.0,47,False,False,False,UNIFIED_JSR_PASS,True,20.0,19.999999999999996,-3.552713678800501e-15,unified/pass,True,PASS,,"(1, 5000)","(1, 5000)",True,True,True,True,PASS,True,35.876041976734996,1129566,False,True,algorithm,PASS
FMNoiseSaopin,FrFT,frft_filter,20.0,47,False,False,False,UNIFIED_JSR_PASS,True,20.0,19.999999999999996,-3.552713678800501e-15,unified/pass,True,PASS,,"(1, 5000)","(1, 5000)",,True,True,True,PASS,,0.0,0,,,identity,
FMNoiseSaopin,FrFT,frft_filter,20.0,48,False,False,False,UNIFIED_JSR_PASS,True,20.0,20.0,0.0,unified/pass,True,PASS,,"(1, 5000)","(1, 5000)",True,True,True,True,PASS,True,36.208792007528245,1129710,False,True,algorithm,PASS
FMNoiseSaopin,FrFT,frft_filter,20.0,48,False,False,False,UNIFIED_JSR_PASS,True,20.0,20.0,0.0,unified/pass,True,PASS,,"(1, 5000)","(1, 5000)",,True,True,True,PASS,,0.0,0,,,identity,
FMNoiseSaopin,FrFT,frft_filter,20.0,49,False,False,False,UNIFIED_JSR_PASS,True,20.0,20.0,0.0,unified/pass,True,PASS,,"(1, 5000)","(1, 5000)",True,True,True,True,PASS,True,37.115334009286016,1129638,False,True,algorithm,PASS
FMNoiseSaopin,FrFT,frft_filter,20.0,49,False,False,False,UNIFIED_JSR_PASS,True,20.0,20.0,0.0,unified/pass,True,PASS,,"(1, 5000)","(1, 5000)",,True,True,True,PASS,,0.0,0,,,identity,
FMNoiseSaopin,FrFT,frft_filter,20.0,50,False,False,False,UNIFIED_JSR_PASS,True,20.0,20.0,0.0,unified/pass,True,PASS,,"(1, 5000)","(1, 5000)",True,True,True,True,PASS,True,37.32141701038927,1129662,False,True,algorithm,PASS
FMNoiseSaopin,FrFT,frft_filter,20.0,50,False,False,False,UNIFIED_JSR_PASS,True,20.0,20.0,0.0,unified/pass,True,PASS,,"(1, 5000)","(1, 5000)",,True,True,True,PASS,,0.0,0,,,identity,
FMNoiseSaopin,FrFT,frft_filter,20.0,51,False,False,False,UNIFIED_JSR_PASS,True,20.0,20.0,0.0,unified/pass,True,PASS,,"(1, 5000)","(1, 5000)",True,True,True,True,PASS,True,36.99699998833239,1129566,False,True,algorithm,PASS
FMNoiseSaopin,FrFT,frft_filter,20.0,51,False,False,False,UNIFIED_JSR_PASS,True,20.0,20.0,0.0,unified/pass,True,PASS,,"(1, 5000)","(1, 5000)",,True,True,True,PASS,,0.0,0,,,identity,
FMNoiseSaopin,FrFT,frft_filter,30.0,42,False,False,False,UNIFIED_JSR_PASS,True,30.0,30.0,0.0,unified/pass,True,PASS,,"(1, 5000)","(1, 5000)",True,True,True,True,PASS,True,36.57816699706018,1129678,False,True,algorithm,PASS
FMNoiseSaopin,FrFT,frft_filter,30.0,42,False,False,False,UNIFIED_JSR_PASS,True,30.0,30.0,0.0,unified/pass,True,PASS,,"(1, 5000)","(1, 5000)",,True,True,True,PASS,,0.0,0,,,identity,
FMNoiseSaopin,FrFT,frft_filter,30.0,43,False,False,False,UNIFIED_JSR_PASS,True,30.0,30.0,0.0,unified/pass,True,PASS,,"(1, 5000)","(1, 5000)",True,True,True,True,PASS,True,37.48724999604747,1129662,False,True,algorithm,PASS
FMNoiseSaopin,FrFT,frft_filter,30.0,43,False,False,False,UNIFIED_JSR_PASS,True,30.0,30.0,0.0,unified/pass,True,PASS,,"(1, 5000)","(1, 5000)",,True,True,True,PASS,,0.0,0,,,identity,
FMNoiseSaopin,FrFT,frft_filter,30.0,44,False,False,False,UNIFIED_JSR_PASS,True,30.0,30.0,0.0,unified/pass,True,PASS,,"(1, 5000)","(1, 5000)",True,True,True,True,PASS,True,36.078875011298805,1129662,False,True,algorithm,PASS
FMNoiseSaopin,FrFT,frft_filter,30.0,44,False,False,False,UNIFIED_JSR_PASS,True,30.0,30.0,0.0,unified/pass,True,PASS,,"(1, 5000)","(1, 5000)",,True,True,True,PASS,,0.0,0,,,identity,
FMNoiseSaopin,FrFT,frft_filter,30.0,45,False,False,False,UNIFIED_JSR_PASS,True,30.0,30.0,0.0,unified/pass,True,PASS,,"(1, 5000)","(1, 5000)",True,True,True,True,PASS,True,36.114541988354176,1129614,False,True,algorithm,PASS
FMNoiseSaopin,FrFT,frft_filter,30.0,45,False,False,False,UNIFIED_JSR_PASS,True,30.0,30.0,0.0,unified/pass,True,PASS,,"(1, 5000)","(1, 5000)",,True,True,True,PASS,,0.0,0,,,identity,
FMNoiseSaopin,FrFT,frft_filter,30.0,46,False,False,False,UNIFIED_JSR_PASS,True,30.0,30.0,0.0,unified/pass,True,PASS,,"(1, 5000)","(1, 5000)",True,True,True,True,PASS,True,36.692208028398454,1129678,False,True,algorithm,PASS
FMNoiseSaopin,FrFT,frft_filter,30.0,46,False,False,False,UNIFIED_JSR_PASS,True,30.0,30.0,0.0,unified/pass,True,PASS,,"(1, 5000)","(1, 5000)",,True,True,True,PASS,,0.0,0,,,identity,
FMNoiseSaopin,FrFT,frft_filter,30.0,47,False,False,False,UNIFIED_JSR_PASS,True,30.0,30.0,0.0,unified/pass,True,PASS,,"(1, 5000)","(1, 5000)",True,True,True,True,PASS,True,37.55412501050159,1129558,False,True,algorithm,PASS
FMNoiseSaopin,FrFT,frft_filter,30.0,47,False,False,False,UNIFIED_JSR_PASS,True,30.0,30.0,0.0,unified/pass,True,PASS,,"(1, 5000)","(1, 5000)",,True,True,True,PASS,,0.0,0,,,identity,
FMNoiseSaopin,FrFT,frft_filter,30.0,48,False,False,False,UNIFIED_JSR_PASS,True,30.0,30.0,0.0,unified/pass,True,PASS,,"(1, 5000)","(1, 5000)",True,True,True,True,PASS,True,37.22183301579207,1129710,False,True,algorithm,PASS
FMNoiseSaopin,FrFT,frft_filter,30.0,48,False,False,False,UNIFIED_JSR_PASS,True,30.0,30.0,0.0,unified/pass,True,PASS,,"(1, 5000)","(1, 5000)",,True,True,True,PASS,,0.0,0,,,identity,
FMNoiseSaopin,FrFT,frft_filter,30.0,49,False,False,False,UNIFIED_JSR_PASS,True,30.0,30.0,0.0,unified/pass,True,PASS,,"(1, 5000)","(1, 5000)",True,True,True,True,PASS,True,36.450999963562936,1129630,False,True,algorithm,PASS
FMNoiseSaopin,FrFT,frft_filter,30.0,49,False,False,False,UNIFIED_JSR_PASS,True,30.0,30.0,0.0,unified/pass,True,PASS,,"(1, 5000)","(1, 5000)",,True,True,True,PASS,,0.0,0,,,identity,
FMNoiseSaopin,FrFT,frft_filter,30.0,50,False,False,False,UNIFIED_JSR_PASS,True,30.0,30.0,0.0,unified/pass,True,PASS,,"(1, 5000)","(1, 5000)",True,True,True,True,PASS,True,35.912541032303125,1129662,False,True,algorithm,PASS
FMNoiseSaopin,FrFT,frft_filter,30.0,50,False,False,False,UNIFIED_JSR_PASS,True,30.0,30.0,0.0,unified/pass,True,PASS,,"(1, 5000)","(1, 5000)",,True,True,True,PASS,,0.0,0,,,identity,
FMNoiseSaopin,FrFT,frft_filter,30.0,51,False,False,False,UNIFIED_JSR_PASS,True,30.0,30.0,0.0,unified/pass,True,PASS,,"(1, 5000)","(1, 5000)",True,True,True,True,PASS,True,36.08079097466543,1129558,False,True,algorithm,PASS
FMNoiseSaopin,FrFT,frft_filter,30.0,51,False,False,False,UNIFIED_JSR_PASS,True,30.0,30.0,0.0,unified/pass,True,PASS,,"(1, 5000)","(1, 5000)",,True,True,True,PASS,,0.0,0,,,identity,
SMSP,qpzh,qpzh,0.0,42,False,False,False,UNIFIED_JSR_PASS,True,0.0,0.0,0.0,unified/pass,True,PASS,,"(1, 5000)","(1, 5000)",True,True,True,True,PASS,True,0.7347919745370746,482378,False,True,algorithm,PASS
SMSP,qpzh,qpzh,0.0,42,False,False,False,UNIFIED_JSR_PASS,True,0.0,0.0,0.0,unified/pass,True,PASS,,"(1, 5000)","(1, 5000)",,True,True,True,PASS,,0.0,0,,,identity,
SMSP,qpzh,qpzh,0.0,43,False,False,False,UNIFIED_JSR_PASS,True,0.0,0.0,0.0,unified/pass,True,PASS,,"(1, 5000)","(1, 5000)",True,True,True,True,PASS,True,0.7033750298433006,482266,False,True,algorithm,PASS
SMSP,qpzh,qpzh,0.0,43,False,False,False,UNIFIED_JSR_PASS,True,0.0,0.0,0.0,unified/pass,True,PASS,,"(1, 5000)","(1, 5000)",,True,True,True,PASS,,0.0,0,,,identity,
SMSP,qpzh,qpzh,0.0,44,False,False,False,UNIFIED_JSR_PASS,True,0.0,0.0,0.0,unified/pass,True,PASS,,"(1, 5000)","(1, 5000)",True,True,True,True,PASS,True,0.6981670157983899,482266,False,True,algorithm,PASS
SMSP,qpzh,qpzh,0.0,44,False,False,False,UNIFIED_JSR_PASS,True,0.0,0.0,0.0,unified/pass,True,PASS,,"(1, 5000)","(1, 5000)",,True,True,True,PASS,,0.0,0,,,identity,
SMSP,qpzh,qpzh,0.0,45,False,False,False,UNIFIED_JSR_PASS,True,0.0,0.0,0.0,unified/pass,True,PASS,,"(1, 5000)","(1, 5000)",True,True,True,True,PASS,True,0.7104999967850745,482266,False,True,algorithm,PASS
SMSP,qpzh,qpzh,0.0,45,False,False,False,UNIFIED_JSR_PASS,True,0.0,0.0,0.0,unified/pass,True,PASS,,"(1, 5000)","(1, 5000)",,True,True,True,PASS,,0.0,0,,,identity,
SMSP,qpzh,qpzh,0.0,46,False,False,False,UNIFIED_JSR_PASS,True,0.0,0.0,0.0,unified/pass,True,PASS,,"(1, 5000)","(1, 5000)",True,True,True,True,PASS,True,0.6938750157132745,482266,False,True,algorithm,PASS
SMSP,qpzh,qpzh,0.0,46,False,False,False,UNIFIED_JSR_PASS,True,0.0,0.0,0.0,unified/pass,True,PASS,,"(1, 5000)","(1, 5000)",,True,True,True,PASS,,0.0,0,,,identity,
SMSP,qpzh,qpzh,0.0,47,False,False,False,UNIFIED_JSR_PASS,True,0.0,0.0,0.0,unified/pass,True,PASS,,"(1, 5000)","(1, 5000)",True,True,True,True,PASS,True,0.6892080418765545,482266,False,True,algorithm,PASS
SMSP,qpzh,qpzh,0.0,47,False,False,False,UNIFIED_JSR_PASS,True,0.0,0.0,0.0,unified/pass,True,PASS,,"(1, 5000)","(1, 5000)",,True,True,True,PASS,,0.0,0,,,identity,
SMSP,qpzh,qpzh,0.0,48,False,False,False,UNIFIED_JSR_PASS,True,0.0,0.0,0.0,unified/pass,True,PASS,,"(1, 5000)","(1, 5000)",True,True,True,True,PASS,True,0.6910829688422382,482266,False,True,algorithm,PASS
SMSP,qpzh,qpzh,0.0,48,False,False,False,UNIFIED_JSR_PASS,True,0.0,0.0,0.0,unified/pass,True,PASS,,"(1, 5000)","(1, 5000)",,True,True,True,PASS,,0.0,0,,,identity,
SMSP,qpzh,qpzh,0.0,49,False,False,False,UNIFIED_JSR_PASS,True,0.0,0.0,0.0,unified/pass,True,PASS,,"(1, 5000)","(1, 5000)",True,True,True,True,PASS,True,0.6863750168122351,482266,False,True,algorithm,PASS
SMSP,qpzh,qpzh,0.0,49,False,False,False,UNIFIED_JSR_PASS,True,0.0,0.0,0.0,unified/pass,True,PASS,,"(1, 5000)","(1, 5000)",,True,True,True,PASS,,0.0,0,,,identity,
SMSP,qpzh,qpzh,0.0,50,False,False,False,UNIFIED_JSR_PASS,True,0.0,0.0,0.0,unified/pass,True,PASS,,"(1, 5000)","(1, 5000)",True,True,True,True,PASS,True,0.6877920241095126,482266,False,True,algorithm,PASS
SMSP,qpzh,qpzh,0.0,50,False,False,False,UNIFIED_JSR_PASS,True,0.0,0.0,0.0,unified/pass,True,PASS,,"(1, 5000)","(1, 5000)",,True,True,True,PASS,,0.0,0,,,identity,
SMSP,qpzh,qpzh,0.0,51,False,False,False,UNIFIED_JSR_PASS,True,0.0,0.0,0.0,unified/pass,True,PASS,,"(1, 5000)","(1, 5000)",True,True,True,True,PASS,True,0.695624970830977,482266,False,True,algorithm,PASS
SMSP,qpzh,qpzh,0.0,51,False,False,False,UNIFIED_JSR_PASS,True,0.0,0.0,0.0,unified/pass,True,PASS,,"(1, 5000)","(1, 5000)",,True,True,True,PASS,,0.0,0,,,identity,
SMSP,qpzh,qpzh,10.0,42,False,False,False,UNIFIED_JSR_PASS,True,10.0,10.0,0.0,unified/pass,True,PASS,,"(1, 5000)","(1, 5000)",True,True,True,True,PASS,True,0.698584015481174,482266,False,True,algorithm,PASS
SMSP,qpzh,qpzh,10.0,42,False,False,False,UNIFIED_JSR_PASS,True,10.0,10.0,0.0,unified/pass,True,PASS,,"(1, 5000)","(1, 5000)",,True,True,True,PASS,,0.0,0,,,identity,
SMSP,qpzh,qpzh,10.0,43,False,False,False,UNIFIED_JSR_PASS,True,10.0,10.0,0.0,unified/pass,True,PASS,,"(1, 5000)","(1, 5000)",True,True,True,True,PASS,True,0.7325410260818899,482266,False,True,algorithm,PASS
SMSP,qpzh,qpzh,10.0,43,False,False,False,UNIFIED_JSR_PASS,True,10.0,10.0,0.0,unified/pass,True,PASS,,"(1, 5000)","(1, 5000)",,True,True,True,PASS,,0.0,0,,,identity,
SMSP,qpzh,qpzh,10.0,44,False,False,False,UNIFIED_JSR_PASS,True,10.0,10.0,0.0,unified/pass,True,PASS,,"(1, 5000)","(1, 5000)",True,True,True,True,PASS,True,0.708332983776927,482266,False,True,algorithm,PASS
SMSP,qpzh,qpzh,10.0,44,False,False,False,UNIFIED_JSR_PASS,True,10.0,10.0,0.0,unified/pass,True,PASS,,"(1, 5000)","(1, 5000)",,True,True,True,PASS,,0.0,0,,,identity,
SMSP,qpzh,qpzh,10.0,45,False,False,False,UNIFIED_JSR_PASS,True,10.0,10.0,0.0,unified/pass,True,PASS,,"(1, 5000)","(1, 5000)",True,True,True,True,PASS,True,0.6955840508453548,482266,False,True,algorithm,PASS
SMSP,qpzh,qpzh,10.0,45,False,False,False,UNIFIED_JSR_PASS,True,10.0,10.0,0.0,unified/pass,True,PASS,,"(1, 5000)","(1, 5000)",,True,True,True,PASS,,0.0,0,,,identity,
SMSP,qpzh,qpzh,10.0,46,False,False,False,UNIFIED_JSR_PASS,True,10.0,10.0,0.0,unified/pass,True,PASS,,"(1, 5000)","(1, 5000)",True,True,True,True,PASS,True,0.6947920192033052,482266,False,True,algorithm,PASS
SMSP,qpzh,qpzh,10.0,46,False,False,False,UNIFIED_JSR_PASS,True,10.0,10.0,0.0,unified/pass,True,PASS,,"(1, 5000)","(1, 5000)",,True,True,True,PASS,,0.0,0,,,identity,
SMSP,qpzh,qpzh,10.0,47,False,False,False,UNIFIED_JSR_PASS,True,10.0,10.0,0.0,unified/pass,True,PASS,,"(1, 5000)","(1, 5000)",True,True,True,True,PASS,True,0.694249989464879,482266,False,True,algorithm,PASS
SMSP,qpzh,qpzh,10.0,47,False,False,False,UNIFIED_JSR_PASS,True,10.0,10.0,0.0,unified/pass,True,PASS,,"(1, 5000)","(1, 5000)",,True,True,True,PASS,,0.0,0,,,identity,
SMSP,qpzh,qpzh,10.0,48,False,False,False,UNIFIED_JSR_PASS,True,10.0,10.0,0.0,unified/pass,True,PASS,,"(1, 5000)","(1, 5000)",True,True,True,True,PASS,True,0.6909160292707384,482266,False,True,algorithm,PASS
SMSP,qpzh,qpzh,10.0,48,False,False,False,UNIFIED_JSR_PASS,True,10.0,10.0,0.0,unified/pass,True,PASS,,"(1, 5000)","(1, 5000)",,True,True,True,PASS,,0.0,0,,,identity,
SMSP,qpzh,qpzh,10.0,49,False,False,False,UNIFIED_JSR_PASS,True,10.0,10.0,0.0,unified/pass,True,PASS,,"(1, 5000)","(1, 5000)",True,True,True,True,PASS,True,0.7031250279396772,482266,False,True,algorithm,PASS
SMSP,qpzh,qpzh,10.0,49,False,False,False,UNIFIED_JSR_PASS,True,10.0,10.0,0.0,unified/pass,True,PASS,,"(1, 5000)","(1, 5000)",,True,True,True,PASS,,0.0,0,,,identity,
SMSP,qpzh,qpzh,10.0,50,False,False,False,UNIFIED_JSR_PASS,True,10.0,10.0,0.0,unified/pass,True,PASS,,"(1, 5000)","(1, 5000)",True,True,True,True,PASS,True,0.6961660110391676,482266,False,True,algorithm,PASS
SMSP,qpzh,qpzh,10.0,50,False,False,False,UNIFIED_JSR_PASS,True,10.0,10.0,0.0,unified/pass,True,PASS,,"(1, 5000)","(1, 5000)",,True,True,True,PASS,,0.0,0,,,identity,
SMSP,qpzh,qpzh,10.0,51,False,False,False,UNIFIED_JSR_PASS,True,10.0,10.0,0.0,unified/pass,True,PASS,,"(1, 5000)","(1, 5000)",True,True,True,True,PASS,True,0.6990830297581851,482266,False,True,algorithm,PASS
SMSP,qpzh,qpzh,10.0,51,False,False,False,UNIFIED_JSR_PASS,True,10.0,10.0,0.0,unified/pass,True,PASS,,"(1, 5000)","(1, 5000)",,True,True,True,PASS,,0.0,0,,,identity,
SMSP,qpzh,qpzh,20.0,42,False,False,False,UNIFIED_JSR_PASS,True,20.0,20.0,0.0,unified/pass,True,PASS,,"(1, 5000)","(1, 5000)",True,True,True,True,PASS,True,0.8019579690881073,482266,False,True,algorithm,PASS
SMSP,qpzh,qpzh,20.0,42,False,False,False,UNIFIED_JSR_PASS,True,20.0,20.0,0.0,unified/pass,True,PASS,,"(1, 5000)","(1, 5000)",,True,True,True,PASS,,0.0,0,,,identity,
SMSP,qpzh,qpzh,20.0,43,False,False,False,UNIFIED_JSR_PASS,True,20.0,20.0,0.0,unified/pass,True,PASS,,"(1, 5000)","(1, 5000)",True,True,True,True,PASS,True,0.8059579995460808,482312,False,True,algorithm,PASS
SMSP,qpzh,qpzh,20.0,43,False,False,False,UNIFIED_JSR_PASS,True,20.0,20.0,0.0,unified/pass,True,PASS,,"(1, 5000)","(1, 5000)",,True,True,True,PASS,,0.0,0,,,identity,
SMSP,qpzh,qpzh,20.0,44,False,False,False,UNIFIED_JSR_PASS,True,20.0,20.0,0.0,unified/pass,True,PASS,,"(1, 5000)","(1, 5000)",True,True,True,True,PASS,True,0.8293749997392297,482266,False,True,algorithm,PASS
SMSP,qpzh,qpzh,20.0,44,False,False,False,UNIFIED_JSR_PASS,True,20.0,20.0,0.0,unified/pass,True,PASS,,"(1, 5000)","(1, 5000)",,True,True,True,PASS,,0.0,0,,,identity,
SMSP,qpzh,qpzh,20.0,45,False,False,False,UNIFIED_JSR_PASS,True,20.0,20.0,0.0,unified/pass,True,PASS,,"(1, 5000)","(1, 5000)",True,True,True,True,PASS,True,0.787625031080097,482266,False,True,algorithm,PASS
SMSP,qpzh,qpzh,20.0,45,False,False,False,UNIFIED_JSR_PASS,True,20.0,20.0,0.0,unified/pass,True,PASS,,"(1, 5000)","(1, 5000)",,True,True,True,PASS,,0.0,0,,,identity,
SMSP,qpzh,qpzh,20.0,46,False,False,False,UNIFIED_JSR_PASS,True,20.0,20.0,0.0,unified/pass,True,PASS,,"(1, 5000)","(1, 5000)",True,True,True,True,PASS,True,0.7908339612185955,482266,False,True,algorithm,PASS
SMSP,qpzh,qpzh,20.0,46,False,False,False,UNIFIED_JSR_PASS,True,20.0,20.0,0.0,unified/pass,True,PASS,,"(1, 5000)","(1, 5000)",,True,True,True,PASS,,0.0,0,,,identity,
SMSP,qpzh,qpzh,20.0,47,False,False,False,UNIFIED_JSR_PASS,True,20.0,20.0,0.0,unified/pass,True,PASS,,"(1, 5000)","(1, 5000)",True,True,True,True,PASS,True,0.7884170045144856,482266,False,True,algorithm,PASS
SMSP,qpzh,qpzh,20.0,47,False,False,False,UNIFIED_JSR_PASS,True,20.0,20.0,0.0,unified/pass,True,PASS,,"(1, 5000)","(1, 5000)",,True,True,True,PASS,,0.0,0,,,identity,
SMSP,qpzh,qpzh,20.0,48,False,False,False,UNIFIED_JSR_PASS,True,20.0,20.0,0.0,unified/pass,True,PASS,,"(1, 5000)","(1, 5000)",True,True,True,True,PASS,True,0.7892500143498182,482312,False,True,algorithm,PASS
SMSP,qpzh,qpzh,20.0,48,False,False,False,UNIFIED_JSR_PASS,True,20.0,20.0,0.0,unified/pass,True,PASS,,"(1, 5000)","(1, 5000)",,True,True,True,PASS,,0.0,0,,,identity,
SMSP,qpzh,qpzh,20.0,49,False,False,False,UNIFIED_JSR_PASS,True,20.0,20.0,0.0,unified/pass,True,PASS,,"(1, 5000)","(1, 5000)",True,True,True,True,PASS,True,0.7861669873818755,482266,False,True,algorithm,PASS
SMSP,qpzh,qpzh,20.0,49,False,False,False,UNIFIED_JSR_PASS,True,20.0,20.0,0.0,unified/pass,True,PASS,,"(1, 5000)","(1, 5000)",,True,True,True,PASS,,0.0,0,,,identity,
SMSP,qpzh,qpzh,20.0,50,False,False,False,UNIFIED_JSR_PASS,True,20.0,20.0,0.0,unified/pass,True,PASS,,"(1, 5000)","(1, 5000)",True,True,True,True,PASS,True,0.8056670194491744,482266,False,True,algorithm,PASS
SMSP,qpzh,qpzh,20.0,50,False,False,False,UNIFIED_JSR_PASS,True,20.0,20.0,0.0,unified/pass,True,PASS,,"(1, 5000)","(1, 5000)",,True,True,True,PASS,,0.0,0,,,identity,
SMSP,qpzh,qpzh,20.0,51,False,False,False,UNIFIED_JSR_PASS,True,20.0,20.0,0.0,unified/pass,True,PASS,,"(1, 5000)","(1, 5000)",True,True,True,True,PASS,True,0.7943750242702663,482266,False,True,algorithm,PASS
SMSP,qpzh,qpzh,20.0,51,False,False,False,UNIFIED_JSR_PASS,True,20.0,20.0,0.0,unified/pass,True,PASS,,"(1, 5000)","(1, 5000)",,True,True,True,PASS,,0.0,0,,,identity,
SMSP,qpzh,qpzh,30.0,42,False,False,False,UNIFIED_JSR_PASS,True,30.0,30.0,0.0,unified/pass,True,PASS,,"(1, 5000)","(1, 5000)",True,True,True,True,PASS,True,0.790499965660274,482266,False,True,algorithm,PASS
SMSP,qpzh,qpzh,30.0,42,False,False,False,UNIFIED_JSR_PASS,True,30.0,30.0,0.0,unified/pass,True,PASS,,"(1, 5000)","(1, 5000)",,True,True,True,PASS,,0.0,0,,,identity,
SMSP,qpzh,qpzh,30.0,43,False,False,False,UNIFIED_JSR_PASS,True,30.0,30.0,0.0,unified/pass,True,PASS,,"(1, 5000)","(1, 5000)",True,True,True,True,PASS,True,0.7957500056363642,482266,False,True,algorithm,PASS
SMSP,qpzh,qpzh,30.0,43,False,False,False,UNIFIED_JSR_PASS,True,30.0,30.0,0.0,unified/pass,True,PASS,,"(1, 5000)","(1, 5000)",,True,True,True,PASS,,0.0,0,,,identity,
SMSP,qpzh,qpzh,30.0,44,False,False,False,UNIFIED_JSR_PASS,True,30.0,30.0,0.0,unified/pass,True,PASS,,"(1, 5000)","(1, 5000)",True,True,True,True,PASS,True,0.8008330478332937,482266,False,True,algorithm,PASS
SMSP,qpzh,qpzh,30.0,44,False,False,False,UNIFIED_JSR_PASS,True,30.0,30.0,0.0,unified/pass,True,PASS,,"(1, 5000)","(1, 5000)",,True,True,True,PASS,,0.0,0,,,identity,
SMSP,qpzh,qpzh,30.0,45,False,False,False,UNIFIED_JSR_PASS,True,30.0,30.0,0.0,unified/pass,True,PASS,,"(1, 5000)","(1, 5000)",True,True,True,True,PASS,True,0.797417014837265,482266,False,True,algorithm,PASS
SMSP,qpzh,qpzh,30.0,45,False,False,False,UNIFIED_JSR_PASS,True,30.0,30.0,0.0,unified/pass,True,PASS,,"(1, 5000)","(1, 5000)",,True,True,True,PASS,,0.0,0,,,identity,
SMSP,qpzh,qpzh,30.0,46,False,False,False,UNIFIED_JSR_PASS,True,30.0,30.0,0.0,unified/pass,True,PASS,,"(1, 5000)","(1, 5000)",True,True,True,True,PASS,True,0.8019160013645887,482266,False,True,algorithm,PASS
SMSP,qpzh,qpzh,30.0,46,False,False,False,UNIFIED_JSR_PASS,True,30.0,30.0,0.0,unified/pass,True,PASS,,"(1, 5000)","(1, 5000)",,True,True,True,PASS,,0.0,0,,,identity,
SMSP,qpzh,qpzh,30.0,47,False,False,False,UNIFIED_JSR_PASS,True,30.0,30.0,0.0,unified/pass,True,PASS,,"(1, 5000)","(1, 5000)",True,True,True,True,PASS,True,0.8019579690881073,482266,False,True,algorithm,PASS
SMSP,qpzh,qpzh,30.0,47,False,False,False,UNIFIED_JSR_PASS,True,30.0,30.0,0.0,unified/pass,True,PASS,,"(1, 5000)","(1, 5000)",,True,True,True,PASS,,0.0,0,,,identity,
SMSP,qpzh,qpzh,30.0,48,False,False,False,UNIFIED_JSR_PASS,True,30.0,30.0,0.0,unified/pass,True,PASS,,"(1, 5000)","(1, 5000)",True,True,True,True,PASS,True,0.8169999928213656,482266,False,True,algorithm,PASS
SMSP,qpzh,qpzh,30.0,48,False,False,False,UNIFIED_JSR_PASS,True,30.0,30.0,0.0,unified/pass,True,PASS,,"(1, 5000)","(1, 5000)",,True,True,True,PASS,,0.0,0,,,identity,
SMSP,qpzh,qpzh,30.0,49,False,False,False,UNIFIED_JSR_PASS,True,30.0,30.0,0.0,unified/pass,True,PASS,,"(1, 5000)","(1, 5000)",True,True,True,True,PASS,True,0.7992920000106096,482266,False,True,algorithm,PASS
SMSP,qpzh,qpzh,30.0,49,False,False,False,UNIFIED_JSR_PASS,True,30.0,30.0,0.0,unified/pass,True,PASS,,"(1, 5000)","(1, 5000)",,True,True,True,PASS,,0.0,0,,,identity,
SMSP,qpzh,qpzh,30.0,50,False,False,False,UNIFIED_JSR_PASS,True,30.0,30.0,0.0,unified/pass,True,PASS,,"(1, 5000)","(1, 5000)",True,True,True,True,PASS,True,0.7979999645613134,482266,False,True,algorithm,PASS
SMSP,qpzh,qpzh,30.0,50,False,False,False,UNIFIED_JSR_PASS,True,30.0,30.0,0.0,unified/pass,True,PASS,,"(1, 5000)","(1, 5000)",,True,True,True,PASS,,0.0,0,,,identity,
SMSP,qpzh,qpzh,30.0,51,False,False,False,UNIFIED_JSR_PASS,True,30.0,30.0,0.0,unified/pass,True,PASS,,"(1, 5000)","(1, 5000)",True,True,True,True,PASS,True,0.802083988673985,482266,False,True,algorithm,PASS
SMSP,qpzh,qpzh,30.0,51,False,False,False,UNIFIED_JSR_PASS,True,30.0,30.0,0.0,unified/pass,True,PASS,,"(1, 5000)","(1, 5000)",,True,True,True,PASS,,0.0,0,,,identity,
ISDJ,qpzh,qpzh,0.0,42,False,False,False,LEGACY_JSR_BLOCKED,False,0.0,,,legacy/unified-JSR-blocked,False,PASS,,"(1, 5000)","(1, 5000)",True,True,True,True,PASS,True,0.6426250329241157,482434,False,True,algorithm,PASS
ISDJ,qpzh,qpzh,0.0,42,False,False,False,LEGACY_JSR_BLOCKED,False,0.0,,,legacy/unified-JSR-blocked,False,PASS,,"(1, 5000)","(1, 5000)",,True,True,True,PASS,,0.0,0,,,identity,
ISDJ,qpzh,qpzh,0.0,43,False,False,False,LEGACY_JSR_BLOCKED,False,0.0,,,legacy/unified-JSR-blocked,False,PASS,,"(1, 5000)","(1, 5000)",True,True,True,True,PASS,True,0.6352080381475389,482202,False,True,algorithm,PASS
ISDJ,qpzh,qpzh,0.0,43,False,False,False,LEGACY_JSR_BLOCKED,False,0.0,,,legacy/unified-JSR-blocked,False,PASS,,"(1, 5000)","(1, 5000)",,True,True,True,PASS,,0.0,0,,,identity,
ISDJ,qpzh,qpzh,0.0,44,False,False,False,LEGACY_JSR_BLOCKED,False,0.0,,,legacy/unified-JSR-blocked,False,PASS,,"(1, 5000)","(1, 5000)",True,True,True,True,PASS,True,0.6318329833447933,482202,False,True,algorithm,PASS
ISDJ,qpzh,qpzh,0.0,44,False,False,False,LEGACY_JSR_BLOCKED,False,0.0,,,legacy/unified-JSR-blocked,False,PASS,,"(1, 5000)","(1, 5000)",,True,True,True,PASS,,0.0,0,,,identity,
ISDJ,qpzh,qpzh,0.0,45,False,False,False,LEGACY_JSR_BLOCKED,False,0.0,,,legacy/unified-JSR-blocked,False,PASS,,"(1, 5000)","(1, 5000)",True,True,True,True,PASS,True,0.6207089754752815,482202,False,True,algorithm,PASS
ISDJ,qpzh,qpzh,0.0,45,False,False,False,LEGACY_JSR_BLOCKED,False,0.0,,,legacy/unified-JSR-blocked,False,PASS,,"(1, 5000)","(1, 5000)",,True,True,True,PASS,,0.0,0,,,identity,
ISDJ,qpzh,qpzh,0.0,46,False,False,False,LEGACY_JSR_BLOCKED,False,0.0,,,legacy/unified-JSR-blocked,False,PASS,,"(1, 5000)","(1, 5000)",True,True,True,True,PASS,True,0.6220840150490403,482202,False,True,algorithm,PASS
ISDJ,qpzh,qpzh,0.0,46,False,False,False,LEGACY_JSR_BLOCKED,False,0.0,,,legacy/unified-JSR-blocked,False,PASS,,"(1, 5000)","(1, 5000)",,True,True,True,PASS,,0.0,0,,,identity,
ISDJ,qpzh,qpzh,0.0,47,False,False,False,LEGACY_JSR_BLOCKED,False,0.0,,,legacy/unified-JSR-blocked,False,PASS,,"(1, 5000)","(1, 5000)",True,True,True,True,PASS,True,0.6252079620026052,482202,False,True,algorithm,PASS
ISDJ,qpzh,qpzh,0.0,47,False,False,False,LEGACY_JSR_BLOCKED,False,0.0,,,legacy/unified-JSR-blocked,False,PASS,,"(1, 5000)","(1, 5000)",,True,True,True,PASS,,0.0,0,,,identity,
ISDJ,qpzh,qpzh,0.0,48,False,False,False,LEGACY_JSR_BLOCKED,False,0.0,,,legacy/unified-JSR-blocked,False,PASS,,"(1, 5000)","(1, 5000)",True,True,True,True,PASS,True,0.6312080076895654,482202,False,True,algorithm,PASS
ISDJ,qpzh,qpzh,0.0,48,False,False,False,LEGACY_JSR_BLOCKED,False,0.0,,,legacy/unified-JSR-blocked,False,PASS,,"(1, 5000)","(1, 5000)",,True,True,True,PASS,,0.0,0,,,identity,
ISDJ,qpzh,qpzh,0.0,49,False,False,False,LEGACY_JSR_BLOCKED,False,0.0,,,legacy/unified-JSR-blocked,False,PASS,,"(1, 5000)","(1, 5000)",True,True,True,True,PASS,True,0.6384170264936984,482202,False,True,algorithm,PASS
ISDJ,qpzh,qpzh,0.0,49,False,False,False,LEGACY_JSR_BLOCKED,False,0.0,,,legacy/unified-JSR-blocked,False,PASS,,"(1, 5000)","(1, 5000)",,True,True,True,PASS,,0.0,0,,,identity,
ISDJ,qpzh,qpzh,0.0,50,False,False,False,LEGACY_JSR_BLOCKED,False,0.0,,,legacy/unified-JSR-blocked,False,PASS,,"(1, 5000)","(1, 5000)",True,True,True,True,PASS,True,0.6224579992704093,482202,False,True,algorithm,PASS
ISDJ,qpzh,qpzh,0.0,50,False,False,False,LEGACY_JSR_BLOCKED,False,0.0,,,legacy/unified-JSR-blocked,False,PASS,,"(1, 5000)","(1, 5000)",,True,True,True,PASS,,0.0,0,,,identity,
ISDJ,qpzh,qpzh,0.0,51,False,False,False,LEGACY_JSR_BLOCKED,False,0.0,,,legacy/unified-JSR-blocked,False,PASS,,"(1, 5000)","(1, 5000)",True,True,True,True,PASS,True,0.6301249959506094,482202,False,True,algorithm,PASS
ISDJ,qpzh,qpzh,0.0,51,False,False,False,LEGACY_JSR_BLOCKED,False,0.0,,,legacy/unified-JSR-blocked,False,PASS,,"(1, 5000)","(1, 5000)",,True,True,True,PASS,,0.0,0,,,identity,
ISDJ,qpzh,qpzh,10.0,42,False,False,False,LEGACY_JSR_BLOCKED,False,10.0,,,legacy/unified-JSR-blocked,False,PASS,,"(1, 5000)","(1, 5000)",True,True,True,True,PASS,True,0.6262499955482781,482202,False,True,algorithm,PASS
ISDJ,qpzh,qpzh,10.0,42,False,False,False,LEGACY_JSR_BLOCKED,False,10.0,,,legacy/unified-JSR-blocked,False,PASS,,"(1, 5000)","(1, 5000)",,True,True,True,PASS,,0.0,0,,,identity,
ISDJ,qpzh,qpzh,10.0,43,False,False,False,LEGACY_JSR_BLOCKED,False,10.0,,,legacy/unified-JSR-blocked,False,PASS,,"(1, 5000)","(1, 5000)",True,True,True,True,PASS,True,0.6279589724726975,482202,False,True,algorithm,PASS
ISDJ,qpzh,qpzh,10.0,43,False,False,False,LEGACY_JSR_BLOCKED,False,10.0,,,legacy/unified-JSR-blocked,False,PASS,,"(1, 5000)","(1, 5000)",,True,True,True,PASS,,0.0,0,,,identity,
ISDJ,qpzh,qpzh,10.0,44,False,False,False,LEGACY_JSR_BLOCKED,False,10.0,,,legacy/unified-JSR-blocked,False,PASS,,"(1, 5000)","(1, 5000)",True,True,True,True,PASS,True,0.6273339968174696,482202,False,True,algorithm,PASS
ISDJ,qpzh,qpzh,10.0,44,False,False,False,LEGACY_JSR_BLOCKED,False,10.0,,,legacy/unified-JSR-blocked,False,PASS,,"(1, 5000)","(1, 5000)",,True,True,True,PASS,,0.0,0,,,identity,
ISDJ,qpzh,qpzh,10.0,45,False,False,False,LEGACY_JSR_BLOCKED,False,10.0,,,legacy/unified-JSR-blocked,False,PASS,,"(1, 5000)","(1, 5000)",True,True,True,True,PASS,True,0.6254579639062285,482202,False,True,algorithm,PASS
ISDJ,qpzh,qpzh,10.0,45,False,False,False,LEGACY_JSR_BLOCKED,False,10.0,,,legacy/unified-JSR-blocked,False,PASS,,"(1, 5000)","(1, 5000)",,True,True,True,PASS,,0.0,0,,,identity,
ISDJ,qpzh,qpzh,10.0,46,False,False,False,LEGACY_JSR_BLOCKED,False,10.0,,,legacy/unified-JSR-blocked,False,PASS,,"(1, 5000)","(1, 5000)",True,True,True,True,PASS,True,0.6239169742912054,482202,False,True,algorithm,PASS
ISDJ,qpzh,qpzh,10.0,46,False,False,False,LEGACY_JSR_BLOCKED,False,10.0,,,legacy/unified-JSR-blocked,False,PASS,,"(1, 5000)","(1, 5000)",,True,True,True,PASS,,0.0,0,,,identity,
ISDJ,qpzh,qpzh,10.0,47,False,False,False,LEGACY_JSR_BLOCKED,False,10.0,,,legacy/unified-JSR-blocked,False,PASS,,"(1, 5000)","(1, 5000)",True,True,True,True,PASS,True,0.6381669663824141,482202,False,True,algorithm,PASS
ISDJ,qpzh,qpzh,10.0,47,False,False,False,LEGACY_JSR_BLOCKED,False,10.0,,,legacy/unified-JSR-blocked,False,PASS,,"(1, 5000)","(1, 5000)",,True,True,True,PASS,,0.0,0,,,identity,
ISDJ,qpzh,qpzh,10.0,48,False,False,False,LEGACY_JSR_BLOCKED,False,10.0,,,legacy/unified-JSR-blocked,False,PASS,,"(1, 5000)","(1, 5000)",True,True,True,True,PASS,True,0.6338329985737801,482202,False,True,algorithm,PASS
ISDJ,qpzh,qpzh,10.0,48,False,False,False,LEGACY_JSR_BLOCKED,False,10.0,,,legacy/unified-JSR-blocked,False,PASS,,"(1, 5000)","(1, 5000)",,True,True,True,PASS,,0.0,0,,,identity,
ISDJ,qpzh,qpzh,10.0,49,False,False,False,LEGACY_JSR_BLOCKED,False,10.0,,,legacy/unified-JSR-blocked,False,PASS,,"(1, 5000)","(1, 5000)",True,True,True,True,PASS,True,0.6306670256890357,482202,False,True,algorithm,PASS
ISDJ,qpzh,qpzh,10.0,49,False,False,False,LEGACY_JSR_BLOCKED,False,10.0,,,legacy/unified-JSR-blocked,False,PASS,,"(1, 5000)","(1, 5000)",,True,True,True,PASS,,0.0,0,,,identity,
ISDJ,qpzh,qpzh,10.0,50,False,False,False,LEGACY_JSR_BLOCKED,False,10.0,,,legacy/unified-JSR-blocked,False,PASS,,"(1, 5000)","(1, 5000)",True,True,True,True,PASS,True,0.6316669750958681,482202,False,True,algorithm,PASS
ISDJ,qpzh,qpzh,10.0,50,False,False,False,LEGACY_JSR_BLOCKED,False,10.0,,,legacy/unified-JSR-blocked,False,PASS,,"(1, 5000)","(1, 5000)",,True,True,True,PASS,,0.0,0,,,identity,
ISDJ,qpzh,qpzh,10.0,51,False,False,False,LEGACY_JSR_BLOCKED,False,10.0,,,legacy/unified-JSR-blocked,False,PASS,,"(1, 5000)","(1, 5000)",True,True,True,True,PASS,True,0.6269169971346855,482202,False,True,algorithm,PASS
ISDJ,qpzh,qpzh,10.0,51,False,False,False,LEGACY_JSR_BLOCKED,False,10.0,,,legacy/unified-JSR-blocked,False,PASS,,"(1, 5000)","(1, 5000)",,True,True,True,PASS,,0.0,0,,,identity,
ISDJ,qpzh,qpzh,20.0,42,False,False,False,LEGACY_JSR_BLOCKED,False,20.0,,,legacy/unified-JSR-blocked,False,PASS,,"(1, 5000)","(1, 5000)",True,True,True,True,PASS,True,0.779333000537008,482202,False,True,algorithm,PASS
ISDJ,qpzh,qpzh,20.0,42,False,False,False,LEGACY_JSR_BLOCKED,False,20.0,,,legacy/unified-JSR-blocked,False,PASS,,"(1, 5000)","(1, 5000)",,True,True,True,PASS,,0.0,0,,,identity,
ISDJ,qpzh,qpzh,20.0,43,False,False,False,LEGACY_JSR_BLOCKED,False,20.0,,,legacy/unified-JSR-blocked,False,PASS,,"(1, 5000)","(1, 5000)",True,True,True,True,PASS,True,0.7832089904695749,482202,False,True,algorithm,PASS
ISDJ,qpzh,qpzh,20.0,43,False,False,False,LEGACY_JSR_BLOCKED,False,20.0,,,legacy/unified-JSR-blocked,False,PASS,,"(1, 5000)","(1, 5000)",,True,True,True,PASS,,0.0,0,,,identity,
ISDJ,qpzh,qpzh,20.0,44,False,False,False,LEGACY_JSR_BLOCKED,False,20.0,,,legacy/unified-JSR-blocked,False,PASS,,"(1, 5000)","(1, 5000)",True,True,True,True,PASS,True,0.7784999907016754,482202,False,True,algorithm,PASS
ISDJ,qpzh,qpzh,20.0,44,False,False,False,LEGACY_JSR_BLOCKED,False,20.0,,,legacy/unified-JSR-blocked,False,PASS,,"(1, 5000)","(1, 5000)",,True,True,True,PASS,,0.0,0,,,identity,
ISDJ,qpzh,qpzh,20.0,45,False,False,False,LEGACY_JSR_BLOCKED,False,20.0,,,legacy/unified-JSR-blocked,False,PASS,,"(1, 5000)","(1, 5000)",True,True,True,True,PASS,True,0.7830419926904142,482202,False,True,algorithm,PASS
ISDJ,qpzh,qpzh,20.0,45,False,False,False,LEGACY_JSR_BLOCKED,False,20.0,,,legacy/unified-JSR-blocked,False,PASS,,"(1, 5000)","(1, 5000)",,True,True,True,PASS,,0.0,0,,,identity,
ISDJ,qpzh,qpzh,20.0,46,False,False,False,LEGACY_JSR_BLOCKED,False,20.0,,,legacy/unified-JSR-blocked,False,PASS,,"(1, 5000)","(1, 5000)",True,True,True,True,PASS,True,0.7857080199755728,482202,False,True,algorithm,PASS
ISDJ,qpzh,qpzh,20.0,46,False,False,False,LEGACY_JSR_BLOCKED,False,20.0,,,legacy/unified-JSR-blocked,False,PASS,,"(1, 5000)","(1, 5000)",,True,True,True,PASS,,0.0,0,,,identity,
ISDJ,qpzh,qpzh,20.0,47,False,False,False,LEGACY_JSR_BLOCKED,False,20.0,,,legacy/unified-JSR-blocked,False,PASS,,"(1, 5000)","(1, 5000)",True,True,True,True,PASS,True,0.7828339585103095,482202,False,True,algorithm,PASS
ISDJ,qpzh,qpzh,20.0,47,False,False,False,LEGACY_JSR_BLOCKED,False,20.0,,,legacy/unified-JSR-blocked,False,PASS,,"(1, 5000)","(1, 5000)",,True,True,True,PASS,,0.0,0,,,identity,
ISDJ,qpzh,qpzh,20.0,48,False,False,False,LEGACY_JSR_BLOCKED,False,20.0,,,legacy/unified-JSR-blocked,False,PASS,,"(1, 5000)","(1, 5000)",True,True,True,True,PASS,True,0.7851669797673821,482202,False,True,algorithm,PASS
ISDJ,qpzh,qpzh,20.0,48,False,False,False,LEGACY_JSR_BLOCKED,False,20.0,,,legacy/unified-JSR-blocked,False,PASS,,"(1, 5000)","(1, 5000)",,True,True,True,PASS,,0.0,0,,,identity,
ISDJ,qpzh,qpzh,20.0,49,False,False,False,LEGACY_JSR_BLOCKED,False,20.0,,,legacy/unified-JSR-blocked,False,PASS,,"(1, 5000)","(1, 5000)",True,True,True,True,PASS,True,0.7760419975966215,482202,False,True,algorithm,PASS
ISDJ,qpzh,qpzh,20.0,49,False,False,False,LEGACY_JSR_BLOCKED,False,20.0,,,legacy/unified-JSR-blocked,False,PASS,,"(1, 5000)","(1, 5000)",,True,True,True,PASS,,0.0,0,,,identity,
ISDJ,qpzh,qpzh,20.0,50,False,False,False,LEGACY_JSR_BLOCKED,False,20.0,,,legacy/unified-JSR-blocked,False,PASS,,"(1, 5000)","(1, 5000)",True,True,True,True,PASS,True,0.7687080069445074,482202,False,True,algorithm,PASS
ISDJ,qpzh,qpzh,20.0,50,False,False,False,LEGACY_JSR_BLOCKED,False,20.0,,,legacy/unified-JSR-blocked,False,PASS,,"(1, 5000)","(1, 5000)",,True,True,True,PASS,,0.0,0,,,identity,
ISDJ,qpzh,qpzh,20.0,51,False,False,False,LEGACY_JSR_BLOCKED,False,20.0,,,legacy/unified-JSR-blocked,False,PASS,,"(1, 5000)","(1, 5000)",True,True,True,True,PASS,True,0.7735830149613321,482202,False,True,algorithm,PASS
ISDJ,qpzh,qpzh,20.0,51,False,False,False,LEGACY_JSR_BLOCKED,False,20.0,,,legacy/unified-JSR-blocked,False,PASS,,"(1, 5000)","(1, 5000)",,True,True,True,PASS,,0.0,0,,,identity,
ISDJ,qpzh,qpzh,30.0,42,False,False,False,LEGACY_JSR_BLOCKED,False,30.0,,,legacy/unified-JSR-blocked,False,PASS,,"(1, 5000)","(1, 5000)",True,True,True,True,PASS,True,0.7720409776084125,482202,False,True,algorithm,PASS
ISDJ,qpzh,qpzh,30.0,42,False,False,False,LEGACY_JSR_BLOCKED,False,30.0,,,legacy/unified-JSR-blocked,False,PASS,,"(1, 5000)","(1, 5000)",,True,True,True,PASS,,0.0,0,,,identity,
ISDJ,qpzh,qpzh,30.0,43,False,False,False,LEGACY_JSR_BLOCKED,False,30.0,,,legacy/unified-JSR-blocked,False,PASS,,"(1, 5000)","(1, 5000)",True,True,True,True,PASS,True,0.7724579772911966,482202,False,True,algorithm,PASS
ISDJ,qpzh,qpzh,30.0,43,False,False,False,LEGACY_JSR_BLOCKED,False,30.0,,,legacy/unified-JSR-blocked,False,PASS,,"(1, 5000)","(1, 5000)",,True,True,True,PASS,,0.0,0,,,identity,
ISDJ,qpzh,qpzh,30.0,44,False,False,False,LEGACY_JSR_BLOCKED,False,30.0,,,legacy/unified-JSR-blocked,False,PASS,,"(1, 5000)","(1, 5000)",True,True,True,True,PASS,True,0.7944999961182475,482202,False,True,algorithm,PASS
ISDJ,qpzh,qpzh,30.0,44,False,False,False,LEGACY_JSR_BLOCKED,False,30.0,,,legacy/unified-JSR-blocked,False,PASS,,"(1, 5000)","(1, 5000)",,True,True,True,PASS,,0.0,0,,,identity,
ISDJ,qpzh,qpzh,30.0,45,False,False,False,LEGACY_JSR_BLOCKED,False,30.0,,,legacy/unified-JSR-blocked,False,PASS,,"(1, 5000)","(1, 5000)",True,True,True,True,PASS,True,0.7784590125083923,482202,False,True,algorithm,PASS
ISDJ,qpzh,qpzh,30.0,45,False,False,False,LEGACY_JSR_BLOCKED,False,30.0,,,legacy/unified-JSR-blocked,False,PASS,,"(1, 5000)","(1, 5000)",,True,True,True,PASS,,0.0,0,,,identity,
ISDJ,qpzh,qpzh,30.0,46,False,False,False,LEGACY_JSR_BLOCKED,False,30.0,,,legacy/unified-JSR-blocked,False,PASS,,"(1, 5000)","(1, 5000)",True,True,True,True,PASS,True,0.7749160286039114,482202,False,True,algorithm,PASS
ISDJ,qpzh,qpzh,30.0,46,False,False,False,LEGACY_JSR_BLOCKED,False,30.0,,,legacy/unified-JSR-blocked,False,PASS,,"(1, 5000)","(1, 5000)",,True,True,True,PASS,,0.0,0,,,identity,
ISDJ,qpzh,qpzh,30.0,47,False,False,False,LEGACY_JSR_BLOCKED,False,30.0,,,legacy/unified-JSR-blocked,False,PASS,,"(1, 5000)","(1, 5000)",True,True,True,True,PASS,True,0.7759589934721589,482202,False,True,algorithm,PASS
ISDJ,qpzh,qpzh,30.0,47,False,False,False,LEGACY_JSR_BLOCKED,False,30.0,,,legacy/unified-JSR-blocked,False,PASS,,"(1, 5000)","(1, 5000)",,True,True,True,PASS,,0.0,0,,,identity,
ISDJ,qpzh,qpzh,30.0,48,False,False,False,LEGACY_JSR_BLOCKED,False,30.0,,,legacy/unified-JSR-blocked,False,PASS,,"(1, 5000)","(1, 5000)",True,True,True,True,PASS,True,0.7794999983161688,482202,False,True,algorithm,PASS
ISDJ,qpzh,qpzh,30.0,48,False,False,False,LEGACY_JSR_BLOCKED,False,30.0,,,legacy/unified-JSR-blocked,False,PASS,,"(1, 5000)","(1, 5000)",,True,True,True,PASS,,0.0,0,,,identity,
ISDJ,qpzh,qpzh,30.0,49,False,False,False,LEGACY_JSR_BLOCKED,False,30.0,,,legacy/unified-JSR-blocked,False,PASS,,"(1, 5000)","(1, 5000)",True,True,True,True,PASS,True,0.775999971665442,482202,False,True,algorithm,PASS
ISDJ,qpzh,qpzh,30.0,49,False,False,False,LEGACY_JSR_BLOCKED,False,30.0,,,legacy/unified-JSR-blocked,False,PASS,,"(1, 5000)","(1, 5000)",,True,True,True,PASS,,0.0,0,,,identity,
ISDJ,qpzh,qpzh,30.0,50,False,False,False,LEGACY_JSR_BLOCKED,False,30.0,,,legacy/unified-JSR-blocked,False,PASS,,"(1, 5000)","(1, 5000)",True,True,True,True,PASS,True,0.7807909860275686,482202,False,True,algorithm,PASS
ISDJ,qpzh,qpzh,30.0,50,False,False,False,LEGACY_JSR_BLOCKED,False,30.0,,,legacy/unified-JSR-blocked,False,PASS,,"(1, 5000)","(1, 5000)",,True,True,True,PASS,,0.0,0,,,identity,
ISDJ,qpzh,qpzh,30.0,51,False,False,False,LEGACY_JSR_BLOCKED,False,30.0,,,legacy/unified-JSR-blocked,False,PASS,,"(1, 5000)","(1, 5000)",True,True,True,True,PASS,True,0.7843750063329935,482202,False,True,algorithm,PASS
ISDJ,qpzh,qpzh,30.0,51,False,False,False,LEGACY_JSR_BLOCKED,False,30.0,,,legacy/unified-JSR-blocked,False,PASS,,"(1, 5000)","(1, 5000)",,True,True,True,PASS,,0.0,0,,,identity,
SliceCombineJam,FSTP,FastSlowTimeProcessor,0.0,42,False,False,False,LEGACY_JSR_BLOCKED,False,0.0,,,legacy/unified-JSR-blocked,False,PASS,,"(1, 5000)","(1, 5000)",True,True,True,True,PASS,True,0.6411250215023756,711440,False,True,algorithm,PASS
SliceCombineJam,FSTP,FastSlowTimeProcessor,0.0,42,False,False,False,LEGACY_JSR_BLOCKED,False,0.0,,,legacy/unified-JSR-blocked,False,PASS,,"(1, 5000)","(1, 5000)",,True,True,True,PASS,,0.0,0,,,identity,
SliceCombineJam,FSTP,FastSlowTimeProcessor,0.0,43,False,False,False,LEGACY_JSR_BLOCKED,False,0.0,,,legacy/unified-JSR-blocked,False,PASS,,"(1, 5000)","(1, 5000)",True,True,True,True,PASS,True,0.19966700347140431,682896,False,True,algorithm,PASS
SliceCombineJam,FSTP,FastSlowTimeProcessor,0.0,43,False,False,False,LEGACY_JSR_BLOCKED,False,0.0,,,legacy/unified-JSR-blocked,False,PASS,,"(1, 5000)","(1, 5000)",,True,True,True,PASS,,0.0,0,,,identity,
SliceCombineJam,FSTP,FastSlowTimeProcessor,0.0,44,False,False,False,LEGACY_JSR_BLOCKED,False,0.0,,,legacy/unified-JSR-blocked,False,PASS,,"(1, 5000)","(1, 5000)",True,True,True,True,PASS,True,0.19820797024294734,682896,False,True,algorithm,PASS
SliceCombineJam,FSTP,FastSlowTimeProcessor,0.0,44,False,False,False,LEGACY_JSR_BLOCKED,False,0.0,,,legacy/unified-JSR-blocked,False,PASS,,"(1, 5000)","(1, 5000)",,True,True,True,PASS,,0.0,0,,,identity,
SliceCombineJam,FSTP,FastSlowTimeProcessor,0.0,45,False,False,False,LEGACY_JSR_BLOCKED,False,0.0,,,legacy/unified-JSR-blocked,False,PASS,,"(1, 5000)","(1, 5000)",True,True,True,True,PASS,True,0.19524997333064675,682896,False,True,algorithm,PASS
SliceCombineJam,FSTP,FastSlowTimeProcessor,0.0,45,False,False,False,LEGACY_JSR_BLOCKED,False,0.0,,,legacy/unified-JSR-blocked,False,PASS,,"(1, 5000)","(1, 5000)",,True,True,True,PASS,,0.0,0,,,identity,
SliceCombineJam,FSTP,FastSlowTimeProcessor,0.0,46,False,False,False,LEGACY_JSR_BLOCKED,False,0.0,,,legacy/unified-JSR-blocked,False,PASS,,"(1, 5000)","(1, 5000)",True,True,True,True,PASS,True,0.21012499928474426,682896,False,True,algorithm,PASS
SliceCombineJam,FSTP,FastSlowTimeProcessor,0.0,46,False,False,False,LEGACY_JSR_BLOCKED,False,0.0,,,legacy/unified-JSR-blocked,False,PASS,,"(1, 5000)","(1, 5000)",,True,True,True,PASS,,0.0,0,,,identity,
SliceCombineJam,FSTP,FastSlowTimeProcessor,0.0,47,False,False,False,LEGACY_JSR_BLOCKED,False,0.0,,,legacy/unified-JSR-blocked,False,PASS,,"(1, 5000)","(1, 5000)",True,True,True,True,PASS,True,0.19829097436740994,682896,False,True,algorithm,PASS
SliceCombineJam,FSTP,FastSlowTimeProcessor,0.0,47,False,False,False,LEGACY_JSR_BLOCKED,False,0.0,,,legacy/unified-JSR-blocked,False,PASS,,"(1, 5000)","(1, 5000)",,True,True,True,PASS,,0.0,0,,,identity,
SliceCombineJam,FSTP,FastSlowTimeProcessor,0.0,48,False,False,False,LEGACY_JSR_BLOCKED,False,0.0,,,legacy/unified-JSR-blocked,False,PASS,,"(1, 5000)","(1, 5000)",True,True,True,True,PASS,True,0.1955829793587327,682896,False,True,algorithm,PASS
SliceCombineJam,FSTP,FastSlowTimeProcessor,0.0,48,False,False,False,LEGACY_JSR_BLOCKED,False,0.0,,,legacy/unified-JSR-blocked,False,PASS,,"(1, 5000)","(1, 5000)",,True,True,True,PASS,,0.0,0,,,identity,
SliceCombineJam,FSTP,FastSlowTimeProcessor,0.0,49,False,False,False,LEGACY_JSR_BLOCKED,False,0.0,,,legacy/unified-JSR-blocked,False,PASS,,"(1, 5000)","(1, 5000)",True,True,True,True,PASS,True,0.19495899323374033,682896,False,True,algorithm,PASS
SliceCombineJam,FSTP,FastSlowTimeProcessor,0.0,49,False,False,False,LEGACY_JSR_BLOCKED,False,0.0,,,legacy/unified-JSR-blocked,False,PASS,,"(1, 5000)","(1, 5000)",,True,True,True,PASS,,0.0,0,,,identity,
SliceCombineJam,FSTP,FastSlowTimeProcessor,0.0,50,False,False,False,LEGACY_JSR_BLOCKED,False,0.0,,,legacy/unified-JSR-blocked,False,PASS,,"(1, 5000)","(1, 5000)",True,True,True,True,PASS,True,0.1937500201165676,682896,False,True,algorithm,PASS
SliceCombineJam,FSTP,FastSlowTimeProcessor,0.0,50,False,False,False,LEGACY_JSR_BLOCKED,False,0.0,,,legacy/unified-JSR-blocked,False,PASS,,"(1, 5000)","(1, 5000)",,True,True,True,PASS,,0.0,0,,,identity,
SliceCombineJam,FSTP,FastSlowTimeProcessor,0.0,51,False,False,False,LEGACY_JSR_BLOCKED,False,0.0,,,legacy/unified-JSR-blocked,False,PASS,,"(1, 5000)","(1, 5000)",True,True,True,True,PASS,True,0.19341701408848166,682896,False,True,algorithm,PASS
SliceCombineJam,FSTP,FastSlowTimeProcessor,0.0,51,False,False,False,LEGACY_JSR_BLOCKED,False,0.0,,,legacy/unified-JSR-blocked,False,PASS,,"(1, 5000)","(1, 5000)",,True,True,True,PASS,,0.0,0,,,identity,
SliceCombineJam,FSTP,FastSlowTimeProcessor,10.0,42,False,False,False,LEGACY_JSR_BLOCKED,False,10.0,,,legacy/unified-JSR-blocked,False,PASS,,"(1, 5000)","(1, 5000)",True,True,True,True,PASS,True,0.19370904192328453,682896,False,True,algorithm,PASS
SliceCombineJam,FSTP,FastSlowTimeProcessor,10.0,42,False,False,False,LEGACY_JSR_BLOCKED,False,10.0,,,legacy/unified-JSR-blocked,False,PASS,,"(1, 5000)","(1, 5000)",,True,True,True,PASS,,0.0,0,,,identity,
SliceCombineJam,FSTP,FastSlowTimeProcessor,10.0,43,False,False,False,LEGACY_JSR_BLOCKED,False,10.0,,,legacy/unified-JSR-blocked,False,PASS,,"(1, 5000)","(1, 5000)",True,True,True,True,PASS,True,0.19300001440569758,682896,False,True,algorithm,PASS
SliceCombineJam,FSTP,FastSlowTimeProcessor,10.0,43,False,False,False,LEGACY_JSR_BLOCKED,False,10.0,,,legacy/unified-JSR-blocked,False,PASS,,"(1, 5000)","(1, 5000)",,True,True,True,PASS,,0.0,0,,,identity,
SliceCombineJam,FSTP,FastSlowTimeProcessor,10.0,44,False,False,False,LEGACY_JSR_BLOCKED,False,10.0,,,legacy/unified-JSR-blocked,False,PASS,,"(1, 5000)","(1, 5000)",True,True,True,True,PASS,True,0.2069160109385848,682896,False,True,algorithm,PASS
SliceCombineJam,FSTP,FastSlowTimeProcessor,10.0,44,False,False,False,LEGACY_JSR_BLOCKED,False,10.0,,,legacy/unified-JSR-blocked,False,PASS,,"(1, 5000)","(1, 5000)",,True,True,True,PASS,,0.0,0,,,identity,
SliceCombineJam,FSTP,FastSlowTimeProcessor,10.0,45,False,False,False,LEGACY_JSR_BLOCKED,False,10.0,,,legacy/unified-JSR-blocked,False,PASS,,"(1, 5000)","(1, 5000)",True,True,True,True,PASS,True,0.1959170331247151,682896,False,True,algorithm,PASS
SliceCombineJam,FSTP,FastSlowTimeProcessor,10.0,45,False,False,False,LEGACY_JSR_BLOCKED,False,10.0,,,legacy/unified-JSR-blocked,False,PASS,,"(1, 5000)","(1, 5000)",,True,True,True,PASS,,0.0,0,,,identity,
SliceCombineJam,FSTP,FastSlowTimeProcessor,10.0,46,False,False,False,LEGACY_JSR_BLOCKED,False,10.0,,,legacy/unified-JSR-blocked,False,PASS,,"(1, 5000)","(1, 5000)",True,True,True,True,PASS,True,0.19349996000528336,682896,False,True,algorithm,PASS
SliceCombineJam,FSTP,FastSlowTimeProcessor,10.0,46,False,False,False,LEGACY_JSR_BLOCKED,False,10.0,,,legacy/unified-JSR-blocked,False,PASS,,"(1, 5000)","(1, 5000)",,True,True,True,PASS,,0.0,0,,,identity,
SliceCombineJam,FSTP,FastSlowTimeProcessor,10.0,47,False,False,False,LEGACY_JSR_BLOCKED,False,10.0,,,legacy/unified-JSR-blocked,False,PASS,,"(1, 5000)","(1, 5000)",True,True,True,True,PASS,True,0.191875034943223,682896,False,True,algorithm,PASS
SliceCombineJam,FSTP,FastSlowTimeProcessor,10.0,47,False,False,False,LEGACY_JSR_BLOCKED,False,10.0,,,legacy/unified-JSR-blocked,False,PASS,,"(1, 5000)","(1, 5000)",,True,True,True,PASS,,0.0,0,,,identity,
SliceCombineJam,FSTP,FastSlowTimeProcessor,10.0,48,False,False,False,LEGACY_JSR_BLOCKED,False,10.0,,,legacy/unified-JSR-blocked,False,PASS,,"(1, 5000)","(1, 5000)",True,True,True,True,PASS,True,0.19279198022559285,682896,False,True,algorithm,PASS
SliceCombineJam,FSTP,FastSlowTimeProcessor,10.0,48,False,False,False,LEGACY_JSR_BLOCKED,False,10.0,,,legacy/unified-JSR-blocked,False,PASS,,"(1, 5000)","(1, 5000)",,True,True,True,PASS,,0.0,0,,,identity,
SliceCombineJam,FSTP,FastSlowTimeProcessor,10.0,49,False,False,False,LEGACY_JSR_BLOCKED,False,10.0,,,legacy/unified-JSR-blocked,False,PASS,,"(1, 5000)","(1, 5000)",True,True,True,True,PASS,True,0.1919170026667416,682896,False,True,algorithm,PASS
SliceCombineJam,FSTP,FastSlowTimeProcessor,10.0,49,False,False,False,LEGACY_JSR_BLOCKED,False,10.0,,,legacy/unified-JSR-blocked,False,PASS,,"(1, 5000)","(1, 5000)",,True,True,True,PASS,,0.0,0,,,identity,
SliceCombineJam,FSTP,FastSlowTimeProcessor,10.0,50,False,False,False,LEGACY_JSR_BLOCKED,False,10.0,,,legacy/unified-JSR-blocked,False,PASS,,"(1, 5000)","(1, 5000)",True,True,True,True,PASS,True,0.19204197451472282,682896,False,True,algorithm,PASS
SliceCombineJam,FSTP,FastSlowTimeProcessor,10.0,50,False,False,False,LEGACY_JSR_BLOCKED,False,10.0,,,legacy/unified-JSR-blocked,False,PASS,,"(1, 5000)","(1, 5000)",,True,True,True,PASS,,0.0,0,,,identity,
SliceCombineJam,FSTP,FastSlowTimeProcessor,10.0,51,False,False,False,LEGACY_JSR_BLOCKED,False,10.0,,,legacy/unified-JSR-blocked,False,PASS,,"(1, 5000)","(1, 5000)",True,True,True,True,PASS,True,0.19104103557765484,682896,False,True,algorithm,PASS
SliceCombineJam,FSTP,FastSlowTimeProcessor,10.0,51,False,False,False,LEGACY_JSR_BLOCKED,False,10.0,,,legacy/unified-JSR-blocked,False,PASS,,"(1, 5000)","(1, 5000)",,True,True,True,PASS,,0.0,0,,,identity,
SliceCombineJam,FSTP,FastSlowTimeProcessor,20.0,42,False,False,False,LEGACY_JSR_BLOCKED,False,20.0,,,legacy/unified-JSR-blocked,False,PASS,,"(1, 5000)","(1, 5000)",True,True,True,True,PASS,True,0.20837498595938087,682896,False,True,algorithm,PASS
SliceCombineJam,FSTP,FastSlowTimeProcessor,20.0,42,False,False,False,LEGACY_JSR_BLOCKED,False,20.0,,,legacy/unified-JSR-blocked,False,PASS,,"(1, 5000)","(1, 5000)",,True,True,True,PASS,,0.0,0,,,identity,
SliceCombineJam,FSTP,FastSlowTimeProcessor,20.0,43,False,False,False,LEGACY_JSR_BLOCKED,False,20.0,,,legacy/unified-JSR-blocked,False,PASS,,"(1, 5000)","(1, 5000)",True,True,True,True,PASS,True,0.1967499847523868,682896,False,True,algorithm,PASS
SliceCombineJam,FSTP,FastSlowTimeProcessor,20.0,43,False,False,False,LEGACY_JSR_BLOCKED,False,20.0,,,legacy/unified-JSR-blocked,False,PASS,,"(1, 5000)","(1, 5000)",,True,True,True,PASS,,0.0,0,,,identity,
SliceCombineJam,FSTP,FastSlowTimeProcessor,20.0,44,False,False,False,LEGACY_JSR_BLOCKED,False,20.0,,,legacy/unified-JSR-blocked,False,PASS,,"(1, 5000)","(1, 5000)",True,True,True,True,PASS,True,0.19475002773106098,682896,False,True,algorithm,PASS
SliceCombineJam,FSTP,FastSlowTimeProcessor,20.0,44,False,False,False,LEGACY_JSR_BLOCKED,False,20.0,,,legacy/unified-JSR-blocked,False,PASS,,"(1, 5000)","(1, 5000)",,True,True,True,PASS,,0.0,0,,,identity,
SliceCombineJam,FSTP,FastSlowTimeProcessor,20.0,45,False,False,False,LEGACY_JSR_BLOCKED,False,20.0,,,legacy/unified-JSR-blocked,False,PASS,,"(1, 5000)","(1, 5000)",True,True,True,True,PASS,True,0.1942919916473329,682896,False,True,algorithm,PASS
SliceCombineJam,FSTP,FastSlowTimeProcessor,20.0,45,False,False,False,LEGACY_JSR_BLOCKED,False,20.0,,,legacy/unified-JSR-blocked,False,PASS,,"(1, 5000)","(1, 5000)",,True,True,True,PASS,,0.0,0,,,identity,
SliceCombineJam,FSTP,FastSlowTimeProcessor,20.0,46,False,False,False,LEGACY_JSR_BLOCKED,False,20.0,,,legacy/unified-JSR-blocked,False,PASS,,"(1, 5000)","(1, 5000)",True,True,True,True,PASS,True,0.1954169711098075,682896,False,True,algorithm,PASS
SliceCombineJam,FSTP,FastSlowTimeProcessor,20.0,46,False,False,False,LEGACY_JSR_BLOCKED,False,20.0,,,legacy/unified-JSR-blocked,False,PASS,,"(1, 5000)","(1, 5000)",,True,True,True,PASS,,0.0,0,,,identity,
SliceCombineJam,FSTP,FastSlowTimeProcessor,20.0,47,False,False,False,LEGACY_JSR_BLOCKED,False,20.0,,,legacy/unified-JSR-blocked,False,PASS,,"(1, 5000)","(1, 5000)",True,True,True,True,PASS,True,0.1943749957717955,682896,False,True,algorithm,PASS
SliceCombineJam,FSTP,FastSlowTimeProcessor,20.0,47,False,False,False,LEGACY_JSR_BLOCKED,False,20.0,,,legacy/unified-JSR-blocked,False,PASS,,"(1, 5000)","(1, 5000)",,True,True,True,PASS,,0.0,0,,,identity,
SliceCombineJam,FSTP,FastSlowTimeProcessor,20.0,48,False,False,False,LEGACY_JSR_BLOCKED,False,20.0,,,legacy/unified-JSR-blocked,False,PASS,,"(1, 5000)","(1, 5000)",True,True,True,True,PASS,True,0.1942919916473329,682896,False,True,algorithm,PASS
SliceCombineJam,FSTP,FastSlowTimeProcessor,20.0,48,False,False,False,LEGACY_JSR_BLOCKED,False,20.0,,,legacy/unified-JSR-blocked,False,PASS,,"(1, 5000)","(1, 5000)",,True,True,True,PASS,,0.0,0,,,identity,
SliceCombineJam,FSTP,FastSlowTimeProcessor,20.0,49,False,False,False,LEGACY_JSR_BLOCKED,False,20.0,,,legacy/unified-JSR-blocked,False,PASS,,"(1, 5000)","(1, 5000)",True,True,True,True,PASS,True,0.19400002202019095,682896,False,True,algorithm,PASS
SliceCombineJam,FSTP,FastSlowTimeProcessor,20.0,49,False,False,False,LEGACY_JSR_BLOCKED,False,20.0,,,legacy/unified-JSR-blocked,False,PASS,,"(1, 5000)","(1, 5000)",,True,True,True,PASS,,0.0,0,,,identity,
SliceCombineJam,FSTP,FastSlowTimeProcessor,20.0,50,False,False,False,LEGACY_JSR_BLOCKED,False,20.0,,,legacy/unified-JSR-blocked,False,PASS,,"(1, 5000)","(1, 5000)",True,True,True,True,PASS,True,0.1943749957717955,682896,False,True,algorithm,PASS
SliceCombineJam,FSTP,FastSlowTimeProcessor,20.0,50,False,False,False,LEGACY_JSR_BLOCKED,False,20.0,,,legacy/unified-JSR-blocked,False,PASS,,"(1, 5000)","(1, 5000)",,True,True,True,PASS,,0.0,0,,,identity,
SliceCombineJam,FSTP,FastSlowTimeProcessor,20.0,51,False,False,False,LEGACY_JSR_BLOCKED,False,20.0,,,legacy/unified-JSR-blocked,False,PASS,,"(1, 5000)","(1, 5000)",True,True,True,True,PASS,True,0.1937500201165676,682896,False,True,algorithm,PASS
SliceCombineJam,FSTP,FastSlowTimeProcessor,20.0,51,False,False,False,LEGACY_JSR_BLOCKED,False,20.0,,,legacy/unified-JSR-blocked,False,PASS,,"(1, 5000)","(1, 5000)",,True,True,True,PASS,,0.0,0,,,identity,
SliceCombineJam,FSTP,FastSlowTimeProcessor,30.0,42,False,False,False,LEGACY_JSR_BLOCKED,False,30.0,,,legacy/unified-JSR-blocked,False,PASS,,"(1, 5000)","(1, 5000)",True,True,True,True,PASS,True,0.1943749957717955,682896,False,True,algorithm,PASS
SliceCombineJam,FSTP,FastSlowTimeProcessor,30.0,42,False,False,False,LEGACY_JSR_BLOCKED,False,30.0,,,legacy/unified-JSR-blocked,False,PASS,,"(1, 5000)","(1, 5000)",,True,True,True,PASS,,0.0,0,,,identity,
SliceCombineJam,FSTP,FastSlowTimeProcessor,30.0,43,False,False,False,LEGACY_JSR_BLOCKED,False,30.0,,,legacy/unified-JSR-blocked,False,PASS,,"(1, 5000)","(1, 5000)",True,True,True,True,PASS,True,0.19350001821294427,682896,False,True,algorithm,PASS
SliceCombineJam,FSTP,FastSlowTimeProcessor,30.0,43,False,False,False,LEGACY_JSR_BLOCKED,False,30.0,,,legacy/unified-JSR-blocked,False,PASS,,"(1, 5000)","(1, 5000)",,True,True,True,PASS,,0.0,0,,,identity,
SliceCombineJam,FSTP,FastSlowTimeProcessor,30.0,44,False,False,False,LEGACY_JSR_BLOCKED,False,30.0,,,legacy/unified-JSR-blocked,False,PASS,,"(1, 5000)","(1, 5000)",True,True,True,True,PASS,True,0.19454100402072072,682896,False,True,algorithm,PASS
SliceCombineJam,FSTP,FastSlowTimeProcessor,30.0,44,False,False,False,LEGACY_JSR_BLOCKED,False,30.0,,,legacy/unified-JSR-blocked,False,PASS,,"(1, 5000)","(1, 5000)",,True,True,True,PASS,,0.0,0,,,identity,
SliceCombineJam,FSTP,FastSlowTimeProcessor,30.0,45,False,False,False,LEGACY_JSR_BLOCKED,False,30.0,,,legacy/unified-JSR-blocked,False,PASS,,"(1, 5000)","(1, 5000)",True,True,True,True,PASS,True,0.1937909983098507,682896,False,True,algorithm,PASS
SliceCombineJam,FSTP,FastSlowTimeProcessor,30.0,45,False,False,False,LEGACY_JSR_BLOCKED,False,30.0,,,legacy/unified-JSR-blocked,False,PASS,,"(1, 5000)","(1, 5000)",,True,True,True,PASS,,0.0,0,,,identity,
SliceCombineJam,FSTP,FastSlowTimeProcessor,30.0,46,False,False,False,LEGACY_JSR_BLOCKED,False,30.0,,,legacy/unified-JSR-blocked,False,PASS,,"(1, 5000)","(1, 5000)",True,True,True,True,PASS,True,0.19333296222612262,682896,False,True,algorithm,PASS
SliceCombineJam,FSTP,FastSlowTimeProcessor,30.0,46,False,False,False,LEGACY_JSR_BLOCKED,False,30.0,,,legacy/unified-JSR-blocked,False,PASS,,"(1, 5000)","(1, 5000)",,True,True,True,PASS,,0.0,0,,,identity,
SliceCombineJam,FSTP,FastSlowTimeProcessor,30.0,47,False,False,False,LEGACY_JSR_BLOCKED,False,30.0,,,legacy/unified-JSR-blocked,False,PASS,,"(1, 5000)","(1, 5000)",True,True,True,True,PASS,True,0.19454205175861716,682896,False,True,algorithm,PASS
SliceCombineJam,FSTP,FastSlowTimeProcessor,30.0,47,False,False,False,LEGACY_JSR_BLOCKED,False,30.0,,,legacy/unified-JSR-blocked,False,PASS,,"(1, 5000)","(1, 5000)",,True,True,True,PASS,,0.0,0,,,identity,
SliceCombineJam,FSTP,FastSlowTimeProcessor,30.0,48,False,False,False,LEGACY_JSR_BLOCKED,False,30.0,,,legacy/unified-JSR-blocked,False,PASS,,"(1, 5000)","(1, 5000)",True,True,True,True,PASS,True,0.19370898371562362,682896,False,True,algorithm,PASS
SliceCombineJam,FSTP,FastSlowTimeProcessor,30.0,48,False,False,False,LEGACY_JSR_BLOCKED,False,30.0,,,legacy/unified-JSR-blocked,False,PASS,,"(1, 5000)","(1, 5000)",,True,True,True,PASS,,0.0,0,,,identity,
SliceCombineJam,FSTP,FastSlowTimeProcessor,30.0,49,False,False,False,LEGACY_JSR_BLOCKED,False,30.0,,,legacy/unified-JSR-blocked,False,PASS,,"(1, 5000)","(1, 5000)",True,True,True,True,PASS,True,0.19341701408848166,682896,False,True,algorithm,PASS
SliceCombineJam,FSTP,FastSlowTimeProcessor,30.0,49,False,False,False,LEGACY_JSR_BLOCKED,False,30.0,,,legacy/unified-JSR-blocked,False,PASS,,"(1, 5000)","(1, 5000)",,True,True,True,PASS,,0.0,0,,,identity,
SliceCombineJam,FSTP,FastSlowTimeProcessor,30.0,50,False,False,False,LEGACY_JSR_BLOCKED,False,30.0,,,legacy/unified-JSR-blocked,False,PASS,,"(1, 5000)","(1, 5000)",True,True,True,True,PASS,True,0.19370898371562362,682896,False,True,algorithm,PASS
SliceCombineJam,FSTP,FastSlowTimeProcessor,30.0,50,False,False,False,LEGACY_JSR_BLOCKED,False,30.0,,,legacy/unified-JSR-blocked,False,PASS,,"(1, 5000)","(1, 5000)",,True,True,True,PASS,,0.0,0,,,identity,
SliceCombineJam,FSTP,FastSlowTimeProcessor,30.0,51,False,False,False,LEGACY_JSR_BLOCKED,False,30.0,,,legacy/unified-JSR-blocked,False,PASS,,"(1, 5000)","(1, 5000)",True,True,True,True,PASS,True,0.19266700837761164,682896,False,True,algorithm,PASS
SliceCombineJam,FSTP,FastSlowTimeProcessor,30.0,51,False,False,False,LEGACY_JSR_BLOCKED,False,30.0,,,legacy/unified-JSR-blocked,False,PASS,,"(1, 5000)","(1, 5000)",,True,True,True,PASS,,0.0,0,,,identity,
SMSP,FSTP,FastSlowTimeProcessor,0.0,42,False,False,False,UNIFIED_JSR_PASS,True,0.0,0.0,0.0,unified/pass,True,PASS,,"(1, 5000)","(1, 5000)",True,True,True,True,PASS,True,0.1948749995790422,682896,False,True,algorithm,PASS
SMSP,FSTP,FastSlowTimeProcessor,0.0,42,False,False,False,UNIFIED_JSR_PASS,True,0.0,0.0,0.0,unified/pass,True,PASS,,"(1, 5000)","(1, 5000)",,True,True,True,PASS,,0.0,0,,,identity,
SMSP,FSTP,FastSlowTimeProcessor,0.0,43,False,False,False,UNIFIED_JSR_PASS,True,0.0,0.0,0.0,unified/pass,True,PASS,,"(1, 5000)","(1, 5000)",True,True,True,True,PASS,True,0.19329198403283954,682896,False,True,algorithm,PASS
SMSP,FSTP,FastSlowTimeProcessor,0.0,43,False,False,False,UNIFIED_JSR_PASS,True,0.0,0.0,0.0,unified/pass,True,PASS,,"(1, 5000)","(1, 5000)",,True,True,True,PASS,,0.0,0,,,identity,
SMSP,FSTP,FastSlowTimeProcessor,0.0,44,False,False,False,UNIFIED_JSR_PASS,True,0.0,0.0,0.0,unified/pass,True,PASS,,"(1, 5000)","(1, 5000)",True,True,True,True,PASS,True,0.1937079941853881,682896,False,True,algorithm,PASS
SMSP,FSTP,FastSlowTimeProcessor,0.0,44,False,False,False,UNIFIED_JSR_PASS,True,0.0,0.0,0.0,unified/pass,True,PASS,,"(1, 5000)","(1, 5000)",,True,True,True,PASS,,0.0,0,,,identity,
SMSP,FSTP,FastSlowTimeProcessor,0.0,45,False,False,False,UNIFIED_JSR_PASS,True,0.0,0.0,0.0,unified/pass,True,PASS,,"(1, 5000)","(1, 5000)",True,True,True,True,PASS,True,0.1937909983098507,682896,False,True,algorithm,PASS
SMSP,FSTP,FastSlowTimeProcessor,0.0,45,False,False,False,UNIFIED_JSR_PASS,True,0.0,0.0,0.0,unified/pass,True,PASS,,"(1, 5000)","(1, 5000)",,True,True,True,PASS,,0.0,0,,,identity,
SMSP,FSTP,FastSlowTimeProcessor,0.0,46,False,False,False,UNIFIED_JSR_PASS,True,0.0,0.0,0.0,unified/pass,True,PASS,,"(1, 5000)","(1, 5000)",True,True,True,True,PASS,True,0.19275001250207424,682896,False,True,algorithm,PASS
SMSP,FSTP,FastSlowTimeProcessor,0.0,46,False,False,False,UNIFIED_JSR_PASS,True,0.0,0.0,0.0,unified/pass,True,PASS,,"(1, 5000)","(1, 5000)",,True,True,True,PASS,,0.0,0,,,identity,
SMSP,FSTP,FastSlowTimeProcessor,0.0,47,False,False,False,UNIFIED_JSR_PASS,True,0.0,0.0,0.0,unified/pass,True,PASS,,"(1, 5000)","(1, 5000)",True,True,True,True,PASS,True,0.19279104890301824,682896,False,True,algorithm,PASS
SMSP,FSTP,FastSlowTimeProcessor,0.0,47,False,False,False,UNIFIED_JSR_PASS,True,0.0,0.0,0.0,unified/pass,True,PASS,,"(1, 5000)","(1, 5000)",,True,True,True,PASS,,0.0,0,,,identity,
SMSP,FSTP,FastSlowTimeProcessor,0.0,48,False,False,False,UNIFIED_JSR_PASS,True,0.0,0.0,0.0,unified/pass,True,PASS,,"(1, 5000)","(1, 5000)",True,True,True,True,PASS,True,0.19208301091566682,682896,False,True,algorithm,PASS
SMSP,FSTP,FastSlowTimeProcessor,0.0,48,False,False,False,UNIFIED_JSR_PASS,True,0.0,0.0,0.0,unified/pass,True,PASS,,"(1, 5000)","(1, 5000)",,True,True,True,PASS,,0.0,0,,,identity,
SMSP,FSTP,FastSlowTimeProcessor,0.0,49,False,False,False,UNIFIED_JSR_PASS,True,0.0,0.0,0.0,unified/pass,True,PASS,,"(1, 5000)","(1, 5000)",True,True,True,True,PASS,True,0.19275001250207424,682896,False,True,algorithm,PASS
SMSP,FSTP,FastSlowTimeProcessor,0.0,49,False,False,False,UNIFIED_JSR_PASS,True,0.0,0.0,0.0,unified/pass,True,PASS,,"(1, 5000)","(1, 5000)",,True,True,True,PASS,,0.0,0,,,identity,
SMSP,FSTP,FastSlowTimeProcessor,0.0,50,False,False,False,UNIFIED_JSR_PASS,True,0.0,0.0,0.0,unified/pass,True,PASS,,"(1, 5000)","(1, 5000)",True,True,True,True,PASS,True,0.19262504065409303,682896,False,True,algorithm,PASS
SMSP,FSTP,FastSlowTimeProcessor,0.0,50,False,False,False,UNIFIED_JSR_PASS,True,0.0,0.0,0.0,unified/pass,True,PASS,,"(1, 5000)","(1, 5000)",,True,True,True,PASS,,0.0,0,,,identity,
SMSP,FSTP,FastSlowTimeProcessor,0.0,51,False,False,False,UNIFIED_JSR_PASS,True,0.0,0.0,0.0,unified/pass,True,PASS,,"(1, 5000)","(1, 5000)",True,True,True,True,PASS,True,0.1912920270115137,682896,False,True,algorithm,PASS
SMSP,FSTP,FastSlowTimeProcessor,0.0,51,False,False,False,UNIFIED_JSR_PASS,True,0.0,0.0,0.0,unified/pass,True,PASS,,"(1, 5000)","(1, 5000)",,True,True,True,PASS,,0.0,0,,,identity,
SMSP,FSTP,FastSlowTimeProcessor,10.0,42,False,False,False,UNIFIED_JSR_PASS,True,10.0,10.0,0.0,unified/pass,True,PASS,,"(1, 5000)","(1, 5000)",True,True,True,True,PASS,True,0.19225000869482756,682896,False,True,algorithm,PASS
SMSP,FSTP,FastSlowTimeProcessor,10.0,42,False,False,False,UNIFIED_JSR_PASS,True,10.0,10.0,0.0,unified/pass,True,PASS,,"(1, 5000)","(1, 5000)",,True,True,True,PASS,,0.0,0,,,identity,
SMSP,FSTP,FastSlowTimeProcessor,10.0,43,False,False,False,UNIFIED_JSR_PASS,True,10.0,10.0,0.0,unified/pass,True,PASS,,"(1, 5000)","(1, 5000)",True,True,True,True,PASS,True,0.19229203462600708,682896,False,True,algorithm,PASS
SMSP,FSTP,FastSlowTimeProcessor,10.0,43,False,False,False,UNIFIED_JSR_PASS,True,10.0,10.0,0.0,unified/pass,True,PASS,,"(1, 5000)","(1, 5000)",,True,True,True,PASS,,0.0,0,,,identity,
SMSP,FSTP,FastSlowTimeProcessor,10.0,44,False,False,False,UNIFIED_JSR_PASS,True,10.0,10.0,0.0,unified/pass,True,PASS,,"(1, 5000)","(1, 5000)",True,True,True,True,PASS,True,0.19212503684684634,682896,False,True,algorithm,PASS
SMSP,FSTP,FastSlowTimeProcessor,10.0,44,False,False,False,UNIFIED_JSR_PASS,True,10.0,10.0,0.0,unified/pass,True,PASS,,"(1, 5000)","(1, 5000)",,True,True,True,PASS,,0.0,0,,,identity,
SMSP,FSTP,FastSlowTimeProcessor,10.0,45,False,False,False,UNIFIED_JSR_PASS,True,10.0,10.0,0.0,unified/pass,True,PASS,,"(1, 5000)","(1, 5000)",True,True,True,True,PASS,True,0.19187497673556209,682896,False,True,algorithm,PASS
SMSP,FSTP,FastSlowTimeProcessor,10.0,45,False,False,False,UNIFIED_JSR_PASS,True,10.0,10.0,0.0,unified/pass,True,PASS,,"(1, 5000)","(1, 5000)",,True,True,True,PASS,,0.0,0,,,identity,
SMSP,FSTP,FastSlowTimeProcessor,10.0,46,False,False,False,UNIFIED_JSR_PASS,True,10.0,10.0,0.0,unified/pass,True,PASS,,"(1, 5000)","(1, 5000)",True,True,True,True,PASS,True,0.19216700457036495,682896,False,True,algorithm,PASS
SMSP,FSTP,FastSlowTimeProcessor,10.0,46,False,False,False,UNIFIED_JSR_PASS,True,10.0,10.0,0.0,unified/pass,True,PASS,,"(1, 5000)","(1, 5000)",,True,True,True,PASS,,0.0,0,,,identity,
SMSP,FSTP,FastSlowTimeProcessor,10.0,47,False,False,False,UNIFIED_JSR_PASS,True,10.0,10.0,0.0,unified/pass,True,PASS,,"(1, 5000)","(1, 5000)",True,True,True,True,PASS,True,0.19412505207583308,682896,False,True,algorithm,PASS
SMSP,FSTP,FastSlowTimeProcessor,10.0,47,False,False,False,UNIFIED_JSR_PASS,True,10.0,10.0,0.0,unified/pass,True,PASS,,"(1, 5000)","(1, 5000)",,True,True,True,PASS,,0.0,0,,,identity,
SMSP,FSTP,FastSlowTimeProcessor,10.0,48,False,False,False,UNIFIED_JSR_PASS,True,10.0,10.0,0.0,unified/pass,True,PASS,,"(1, 5000)","(1, 5000)",True,True,True,True,PASS,True,0.19508402328938246,682896,False,True,algorithm,PASS
SMSP,FSTP,FastSlowTimeProcessor,10.0,48,False,False,False,UNIFIED_JSR_PASS,True,10.0,10.0,0.0,unified/pass,True,PASS,,"(1, 5000)","(1, 5000)",,True,True,True,PASS,,0.0,0,,,identity,
SMSP,FSTP,FastSlowTimeProcessor,10.0,49,False,False,False,UNIFIED_JSR_PASS,True,10.0,10.0,0.0,unified/pass,True,PASS,,"(1, 5000)","(1, 5000)",True,True,True,True,PASS,True,0.1949580037035048,682896,False,True,algorithm,PASS
SMSP,FSTP,FastSlowTimeProcessor,10.0,49,False,False,False,UNIFIED_JSR_PASS,True,10.0,10.0,0.0,unified/pass,True,PASS,,"(1, 5000)","(1, 5000)",,True,True,True,PASS,,0.0,0,,,identity,
SMSP,FSTP,FastSlowTimeProcessor,10.0,50,False,False,False,UNIFIED_JSR_PASS,True,10.0,10.0,0.0,unified/pass,True,PASS,,"(1, 5000)","(1, 5000)",True,True,True,True,PASS,True,0.19412505207583308,682896,False,True,algorithm,PASS
SMSP,FSTP,FastSlowTimeProcessor,10.0,50,False,False,False,UNIFIED_JSR_PASS,True,10.0,10.0,0.0,unified/pass,True,PASS,,"(1, 5000)","(1, 5000)",,True,True,True,PASS,,0.0,0,,,identity,
SMSP,FSTP,FastSlowTimeProcessor,10.0,51,False,False,False,UNIFIED_JSR_PASS,True,10.0,10.0,0.0,unified/pass,True,PASS,,"(1, 5000)","(1, 5000)",True,True,True,True,PASS,True,0.19420799799263477,682896,False,True,algorithm,PASS
SMSP,FSTP,FastSlowTimeProcessor,10.0,51,False,False,False,UNIFIED_JSR_PASS,True,10.0,10.0,0.0,unified/pass,True,PASS,,"(1, 5000)","(1, 5000)",,True,True,True,PASS,,0.0,0,,,identity,
SMSP,FSTP,FastSlowTimeProcessor,20.0,42,False,False,False,UNIFIED_JSR_PASS,True,20.0,20.0,0.0,unified/pass,True,PASS,,"(1, 5000)","(1, 5000)",True,True,True,True,PASS,True,0.19495899323374033,682896,False,True,algorithm,PASS
SMSP,FSTP,FastSlowTimeProcessor,20.0,42,False,False,False,UNIFIED_JSR_PASS,True,20.0,20.0,0.0,unified/pass,True,PASS,,"(1, 5000)","(1, 5000)",,True,True,True,PASS,,0.0,0,,,identity,
SMSP,FSTP,FastSlowTimeProcessor,20.0,43,False,False,False,UNIFIED_JSR_PASS,True,20.0,20.0,0.0,unified/pass,True,PASS,,"(1, 5000)","(1, 5000)",True,True,True,True,PASS,True,0.19387499196454883,682896,False,True,algorithm,PASS
SMSP,FSTP,FastSlowTimeProcessor,20.0,43,False,False,False,UNIFIED_JSR_PASS,True,20.0,20.0,0.0,unified/pass,True,PASS,,"(1, 5000)","(1, 5000)",,True,True,True,PASS,,0.0,0,,,identity,
SMSP,FSTP,FastSlowTimeProcessor,20.0,44,False,False,False,UNIFIED_JSR_PASS,True,20.0,20.0,0.0,unified/pass,True,PASS,,"(1, 5000)","(1, 5000)",True,True,True,True,PASS,True,0.19395799608901143,682896,False,True,algorithm,PASS
SMSP,FSTP,FastSlowTimeProcessor,20.0,44,False,False,False,UNIFIED_JSR_PASS,True,20.0,20.0,0.0,unified/pass,True,PASS,,"(1, 5000)","(1, 5000)",,True,True,True,PASS,,0.0,0,,,identity,
SMSP,FSTP,FastSlowTimeProcessor,20.0,45,False,False,False,UNIFIED_JSR_PASS,True,20.0,20.0,0.0,unified/pass,True,PASS,,"(1, 5000)","(1, 5000)",True,True,True,True,PASS,True,0.19462499767541885,682896,False,True,algorithm,PASS
SMSP,FSTP,FastSlowTimeProcessor,20.0,45,False,False,False,UNIFIED_JSR_PASS,True,20.0,20.0,0.0,unified/pass,True,PASS,,"(1, 5000)","(1, 5000)",,True,True,True,PASS,,0.0,0,,,identity,
SMSP,FSTP,FastSlowTimeProcessor,20.0,46,False,False,False,UNIFIED_JSR_PASS,True,20.0,20.0,0.0,unified/pass,True,PASS,,"(1, 5000)","(1, 5000)",True,True,True,True,PASS,True,0.19475002773106098,682896,False,True,algorithm,PASS
SMSP,FSTP,FastSlowTimeProcessor,20.0,46,False,False,False,UNIFIED_JSR_PASS,True,20.0,20.0,0.0,unified/pass,True,PASS,,"(1, 5000)","(1, 5000)",,True,True,True,PASS,,0.0,0,,,identity,
SMSP,FSTP,FastSlowTimeProcessor,20.0,47,False,False,False,UNIFIED_JSR_PASS,True,20.0,20.0,0.0,unified/pass,True,PASS,,"(1, 5000)","(1, 5000)",True,True,True,True,PASS,True,0.1941670197993517,682896,False,True,algorithm,PASS
SMSP,FSTP,FastSlowTimeProcessor,20.0,47,False,False,False,UNIFIED_JSR_PASS,True,20.0,20.0,0.0,unified/pass,True,PASS,,"(1, 5000)","(1, 5000)",,True,True,True,PASS,,0.0,0,,,identity,
SMSP,FSTP,FastSlowTimeProcessor,20.0,48,False,False,False,UNIFIED_JSR_PASS,True,20.0,20.0,0.0,unified/pass,True,PASS,,"(1, 5000)","(1, 5000)",True,True,True,True,PASS,True,0.1940840156748891,682896,False,True,algorithm,PASS
SMSP,FSTP,FastSlowTimeProcessor,20.0,48,False,False,False,UNIFIED_JSR_PASS,True,20.0,20.0,0.0,unified/pass,True,PASS,,"(1, 5000)","(1, 5000)",,True,True,True,PASS,,0.0,0,,,identity,
SMSP,FSTP,FastSlowTimeProcessor,20.0,49,False,False,False,UNIFIED_JSR_PASS,True,20.0,20.0,0.0,unified/pass,True,PASS,,"(1, 5000)","(1, 5000)",True,True,True,True,PASS,True,0.19279203843325377,682896,False,True,algorithm,PASS
SMSP,FSTP,FastSlowTimeProcessor,20.0,49,False,False,False,UNIFIED_JSR_PASS,True,20.0,20.0,0.0,unified/pass,True,PASS,,"(1, 5000)","(1, 5000)",,True,True,True,PASS,,0.0,0,,,identity,
SMSP,FSTP,FastSlowTimeProcessor,20.0,50,False,False,False,UNIFIED_JSR_PASS,True,20.0,20.0,0.0,unified/pass,True,PASS,,"(1, 5000)","(1, 5000)",True,True,True,True,PASS,True,0.19300001440569758,682896,False,True,algorithm,PASS
SMSP,FSTP,FastSlowTimeProcessor,20.0,50,False,False,False,UNIFIED_JSR_PASS,True,20.0,20.0,0.0,unified/pass,True,PASS,,"(1, 5000)","(1, 5000)",,True,True,True,PASS,,0.0,0,,,identity,
SMSP,FSTP,FastSlowTimeProcessor,20.0,51,False,False,False,UNIFIED_JSR_PASS,True,20.0,20.0,0.0,unified/pass,True,PASS,,"(1, 5000)","(1, 5000)",True,True,True,True,PASS,True,0.1926659606397152,682896,False,True,algorithm,PASS
SMSP,FSTP,FastSlowTimeProcessor,20.0,51,False,False,False,UNIFIED_JSR_PASS,True,20.0,20.0,0.0,unified/pass,True,PASS,,"(1, 5000)","(1, 5000)",,True,True,True,PASS,,0.0,0,,,identity,
SMSP,FSTP,FastSlowTimeProcessor,30.0,42,False,False,False,UNIFIED_JSR_PASS,True,30.0,30.0,0.0,unified/pass,True,PASS,,"(1, 5000)","(1, 5000)",True,True,True,True,PASS,True,0.1924170064739883,682896,False,True,algorithm,PASS
SMSP,FSTP,FastSlowTimeProcessor,30.0,42,False,False,False,UNIFIED_JSR_PASS,True,30.0,30.0,0.0,unified/pass,True,PASS,,"(1, 5000)","(1, 5000)",,True,True,True,PASS,,0.0,0,,,identity,
SMSP,FSTP,FastSlowTimeProcessor,30.0,43,False,False,False,UNIFIED_JSR_PASS,True,30.0,30.0,0.0,unified/pass,True,PASS,,"(1, 5000)","(1, 5000)",True,True,True,True,PASS,True,0.19216700457036495,682896,False,True,algorithm,PASS
SMSP,FSTP,FastSlowTimeProcessor,30.0,43,False,False,False,UNIFIED_JSR_PASS,True,30.0,30.0,0.0,unified/pass,True,PASS,,"(1, 5000)","(1, 5000)",,True,True,True,PASS,,0.0,0,,,identity,
SMSP,FSTP,FastSlowTimeProcessor,30.0,44,False,False,False,UNIFIED_JSR_PASS,True,30.0,30.0,0.0,unified/pass,True,PASS,,"(1, 5000)","(1, 5000)",True,True,True,True,PASS,True,0.19212497863918543,682896,False,True,algorithm,PASS
SMSP,FSTP,FastSlowTimeProcessor,30.0,44,False,False,False,UNIFIED_JSR_PASS,True,30.0,30.0,0.0,unified/pass,True,PASS,,"(1, 5000)","(1, 5000)",,True,True,True,PASS,,0.0,0,,,identity,
SMSP,FSTP,FastSlowTimeProcessor,30.0,45,False,False,False,UNIFIED_JSR_PASS,True,30.0,30.0,0.0,unified/pass,True,PASS,,"(1, 5000)","(1, 5000)",True,True,True,True,PASS,True,0.19237498054280877,682896,False,True,algorithm,PASS
SMSP,FSTP,FastSlowTimeProcessor,30.0,45,False,False,False,UNIFIED_JSR_PASS,True,30.0,30.0,0.0,unified/pass,True,PASS,,"(1, 5000)","(1, 5000)",,True,True,True,PASS,,0.0,0,,,identity,
SMSP,FSTP,FastSlowTimeProcessor,30.0,46,False,False,False,UNIFIED_JSR_PASS,True,30.0,30.0,0.0,unified/pass,True,PASS,,"(1, 5000)","(1, 5000)",True,True,True,True,PASS,True,0.1959590008482337,682896,False,True,algorithm,PASS
SMSP,FSTP,FastSlowTimeProcessor,30.0,46,False,False,False,UNIFIED_JSR_PASS,True,30.0,30.0,0.0,unified/pass,True,PASS,,"(1, 5000)","(1, 5000)",,True,True,True,PASS,,0.0,0,,,identity,
SMSP,FSTP,FastSlowTimeProcessor,30.0,47,False,False,False,UNIFIED_JSR_PASS,True,30.0,30.0,0.0,unified/pass,True,PASS,,"(1, 5000)","(1, 5000)",True,True,True,True,PASS,True,0.19179197261109948,682896,False,True,algorithm,PASS
SMSP,FSTP,FastSlowTimeProcessor,30.0,47,False,False,False,UNIFIED_JSR_PASS,True,30.0,30.0,0.0,unified/pass,True,PASS,,"(1, 5000)","(1, 5000)",,True,True,True,PASS,,0.0,0,,,identity,
SMSP,FSTP,FastSlowTimeProcessor,30.0,48,False,False,False,UNIFIED_JSR_PASS,True,30.0,30.0,0.0,unified/pass,True,PASS,,"(1, 5000)","(1, 5000)",True,True,True,True,PASS,True,0.1919580390676856,682896,False,True,algorithm,PASS
SMSP,FSTP,FastSlowTimeProcessor,30.0,48,False,False,False,UNIFIED_JSR_PASS,True,30.0,30.0,0.0,unified/pass,True,PASS,,"(1, 5000)","(1, 5000)",,True,True,True,PASS,,0.0,0,,,identity,
SMSP,FSTP,FastSlowTimeProcessor,30.0,49,False,False,False,UNIFIED_JSR_PASS,True,30.0,30.0,0.0,unified/pass,True,PASS,,"(1, 5000)","(1, 5000)",True,True,True,True,PASS,True,0.19183295080438256,682896,False,True,algorithm,PASS
SMSP,FSTP,FastSlowTimeProcessor,30.0,49,False,False,False,UNIFIED_JSR_PASS,True,30.0,30.0,0.0,unified/pass,True,PASS,,"(1, 5000)","(1, 5000)",,True,True,True,PASS,,0.0,0,,,identity,
SMSP,FSTP,FastSlowTimeProcessor,30.0,50,False,False,False,UNIFIED_JSR_PASS,True,30.0,30.0,0.0,unified/pass,True,PASS,,"(1, 5000)","(1, 5000)",True,True,True,True,PASS,True,0.20120799308642745,682896,False,True,algorithm,PASS
SMSP,FSTP,FastSlowTimeProcessor,30.0,50,False,False,False,UNIFIED_JSR_PASS,True,30.0,30.0,0.0,unified/pass,True,PASS,,"(1, 5000)","(1, 5000)",,True,True,True,PASS,,0.0,0,,,identity,
SMSP,FSTP,FastSlowTimeProcessor,30.0,51,False,False,False,UNIFIED_JSR_PASS,True,30.0,30.0,0.0,unified/pass,True,PASS,,"(1, 5000)","(1, 5000)",True,True,True,True,PASS,True,0.1942500239238143,682896,False,True,algorithm,PASS
SMSP,FSTP,FastSlowTimeProcessor,30.0,51,False,False,False,UNIFIED_JSR_PASS,True,30.0,30.0,0.0,unified/pass,True,PASS,,"(1, 5000)","(1, 5000)",,True,True,True,PASS,,0.0,0,,,identity,
NoiseProductJamming,adapt_filter,adapt_filter,0.0,42,False,False,False,UNIFIED_JSR_PASS,True,0.0,0.0,0.0,unified/pass,True,PASS,,"(1, 5000)","(1, 5000)",True,True,True,True,PASS,True,46.045875002164394,400257530,False,True,algorithm,PASS
NoiseProductJamming,adapt_filter,adapt_filter,0.0,42,False,False,False,UNIFIED_JSR_PASS,True,0.0,0.0,0.0,unified/pass,True,PASS,,"(1, 5000)","(1, 5000)",,True,True,True,PASS,,0.0,0,,,identity,
NoiseProductJamming,adapt_filter,adapt_filter,0.0,43,False,False,False,UNIFIED_JSR_PASS,True,0.0,-4.821637332766436e-16,-4.821637332766436e-16,unified/pass,True,PASS,,"(1, 5000)","(1, 5000)",True,True,True,True,PASS,True,24.85058398451656,400241224,False,True,algorithm,PASS
NoiseProductJamming,adapt_filter,adapt_filter,0.0,43,False,False,False,UNIFIED_JSR_PASS,True,0.0,-4.821637332766436e-16,-4.821637332766436e-16,unified/pass,True,PASS,,"(1, 5000)","(1, 5000)",,True,True,True,PASS,,0.0,0,,,identity,
NoiseProductJamming,adapt_filter,adapt_filter,0.0,44,False,False,False,UNIFIED_JSR_PASS,True,0.0,0.0,0.0,unified/pass,True,PASS,,"(1, 5000)","(1, 5000)",True,True,True,True,PASS,True,25.91683395439759,400241224,False,True,algorithm,PASS
NoiseProductJamming,adapt_filter,adapt_filter,0.0,44,False,False,False,UNIFIED_JSR_PASS,True,0.0,0.0,0.0,unified/pass,True,PASS,,"(1, 5000)","(1, 5000)",,True,True,True,PASS,,0.0,0,,,identity,
NoiseProductJamming,adapt_filter,adapt_filter,0.0,45,False,False,False,UNIFIED_JSR_PASS,True,0.0,0.0,0.0,unified/pass,True,PASS,,"(1, 5000)","(1, 5000)",True,True,True,True,PASS,True,23.494084016419947,400241224,False,True,algorithm,PASS
NoiseProductJamming,adapt_filter,adapt_filter,0.0,45,False,False,False,UNIFIED_JSR_PASS,True,0.0,0.0,0.0,unified/pass,True,PASS,,"(1, 5000)","(1, 5000)",,True,True,True,PASS,,0.0,0,,,identity,
NoiseProductJamming,adapt_filter,adapt_filter,0.0,46,False,False,False,UNIFIED_JSR_PASS,True,0.0,9.64327466553287e-16,9.64327466553287e-16,unified/pass,True,PASS,,"(1, 5000)","(1, 5000)",True,True,True,True,PASS,True,23.52887502638623,400241224,False,True,algorithm,PASS
NoiseProductJamming,adapt_filter,adapt_filter,0.0,46,False,False,False,UNIFIED_JSR_PASS,True,0.0,9.64327466553287e-16,9.64327466553287e-16,unified/pass,True,PASS,,"(1, 5000)","(1, 5000)",,True,True,True,PASS,,0.0,0,,,identity,
NoiseProductJamming,adapt_filter,adapt_filter,0.0,47,False,False,False,UNIFIED_JSR_PASS,True,0.0,0.0,0.0,unified/pass,True,PASS,,"(1, 5000)","(1, 5000)",True,True,True,True,PASS,True,23.557958018500358,400241224,False,True,algorithm,PASS
NoiseProductJamming,adapt_filter,adapt_filter,0.0,47,False,False,False,UNIFIED_JSR_PASS,True,0.0,0.0,0.0,unified/pass,True,PASS,,"(1, 5000)","(1, 5000)",,True,True,True,PASS,,0.0,0,,,identity,
NoiseProductJamming,adapt_filter,adapt_filter,0.0,48,False,False,False,UNIFIED_JSR_PASS,True,0.0,0.0,0.0,unified/pass,True,PASS,,"(1, 5000)","(1, 5000)",True,True,True,True,PASS,True,24.22633400419727,400241224,False,True,algorithm,PASS
NoiseProductJamming,adapt_filter,adapt_filter,0.0,48,False,False,False,UNIFIED_JSR_PASS,True,0.0,0.0,0.0,unified/pass,True,PASS,,"(1, 5000)","(1, 5000)",,True,True,True,PASS,,0.0,0,,,identity,
NoiseProductJamming,adapt_filter,adapt_filter,0.0,49,False,False,False,UNIFIED_JSR_PASS,True,0.0,9.64327466553287e-16,9.64327466553287e-16,unified/pass,True,PASS,,"(1, 5000)","(1, 5000)",True,True,True,True,PASS,True,25.14445799170062,400241224,False,True,algorithm,PASS
NoiseProductJamming,adapt_filter,adapt_filter,0.0,49,False,False,False,UNIFIED_JSR_PASS,True,0.0,9.64327466553287e-16,9.64327466553287e-16,unified/pass,True,PASS,,"(1, 5000)","(1, 5000)",,True,True,True,PASS,,0.0,0,,,identity,
NoiseProductJamming,adapt_filter,adapt_filter,0.0,50,False,False,False,UNIFIED_JSR_PASS,True,0.0,-9.643274665532871e-16,-9.643274665532871e-16,unified/pass,True,PASS,,"(1, 5000)","(1, 5000)",True,True,True,True,PASS,True,26.006833009887487,400241224,False,True,algorithm,PASS
NoiseProductJamming,adapt_filter,adapt_filter,0.0,50,False,False,False,UNIFIED_JSR_PASS,True,0.0,-9.643274665532871e-16,-9.643274665532871e-16,unified/pass,True,PASS,,"(1, 5000)","(1, 5000)",,True,True,True,PASS,,0.0,0,,,identity,
NoiseProductJamming,adapt_filter,adapt_filter,0.0,51,False,False,False,UNIFIED_JSR_PASS,True,0.0,9.64327466553287e-16,9.64327466553287e-16,unified/pass,True,PASS,,"(1, 5000)","(1, 5000)",True,True,True,True,PASS,True,26.369250030256808,400241224,False,True,algorithm,PASS
NoiseProductJamming,adapt_filter,adapt_filter,0.0,51,False,False,False,UNIFIED_JSR_PASS,True,0.0,9.64327466553287e-16,9.64327466553287e-16,unified/pass,True,PASS,,"(1, 5000)","(1, 5000)",,True,True,True,PASS,,0.0,0,,,identity,
NoiseProductJamming,adapt_filter,adapt_filter,10.0,42,False,False,False,UNIFIED_JSR_PASS,True,10.0,10.0,0.0,unified/pass,True,PASS,,"(1, 5000)","(1, 5000)",True,True,True,True,PASS,True,25.75274999253452,400241224,False,True,algorithm,PASS
NoiseProductJamming,adapt_filter,adapt_filter,10.0,42,False,False,False,UNIFIED_JSR_PASS,True,10.0,10.0,0.0,unified/pass,True,PASS,,"(1, 5000)","(1, 5000)",,True,True,True,PASS,,0.0,0,,,identity,
NoiseProductJamming,adapt_filter,adapt_filter,10.0,43,False,False,False,UNIFIED_JSR_PASS,True,10.0,10.0,0.0,unified/pass,True,PASS,,"(1, 5000)","(1, 5000)",True,True,True,True,PASS,True,24.734915990848094,400241224,False,True,algorithm,PASS
NoiseProductJamming,adapt_filter,adapt_filter,10.0,43,False,False,False,UNIFIED_JSR_PASS,True,10.0,10.0,0.0,unified/pass,True,PASS,,"(1, 5000)","(1, 5000)",,True,True,True,PASS,,0.0,0,,,identity,
NoiseProductJamming,adapt_filter,adapt_filter,10.0,44,False,False,False,UNIFIED_JSR_PASS,True,10.0,10.0,0.0,unified/pass,True,PASS,,"(1, 5000)","(1, 5000)",True,True,True,True,PASS,True,24.46029201382771,400241224,False,True,algorithm,PASS
NoiseProductJamming,adapt_filter,adapt_filter,10.0,44,False,False,False,UNIFIED_JSR_PASS,True,10.0,10.0,0.0,unified/pass,True,PASS,,"(1, 5000)","(1, 5000)",,True,True,True,PASS,,0.0,0,,,identity,
NoiseProductJamming,adapt_filter,adapt_filter,10.0,45,False,False,False,UNIFIED_JSR_PASS,True,10.0,10.0,0.0,unified/pass,True,PASS,,"(1, 5000)","(1, 5000)",True,True,True,True,PASS,True,26.511500007472932,400241224,False,True,algorithm,PASS
NoiseProductJamming,adapt_filter,adapt_filter,10.0,45,False,False,False,UNIFIED_JSR_PASS,True,10.0,10.0,0.0,unified/pass,True,PASS,,"(1, 5000)","(1, 5000)",,True,True,True,PASS,,0.0,0,,,identity,
NoiseProductJamming,adapt_filter,adapt_filter,10.0,46,False,False,False,UNIFIED_JSR_PASS,True,10.0,10.0,0.0,unified/pass,True,PASS,,"(1, 5000)","(1, 5000)",True,True,True,True,PASS,True,24.376666988246143,400241224,False,True,algorithm,PASS
NoiseProductJamming,adapt_filter,adapt_filter,10.0,46,False,False,False,UNIFIED_JSR_PASS,True,10.0,10.0,0.0,unified/pass,True,PASS,,"(1, 5000)","(1, 5000)",,True,True,True,PASS,,0.0,0,,,identity,
NoiseProductJamming,adapt_filter,adapt_filter,10.0,47,False,False,False,UNIFIED_JSR_PASS,True,10.0,10.0,0.0,unified/pass,True,PASS,,"(1, 5000)","(1, 5000)",True,True,True,True,PASS,True,25.48199996817857,400241224,False,True,algorithm,PASS
NoiseProductJamming,adapt_filter,adapt_filter,10.0,47,False,False,False,UNIFIED_JSR_PASS,True,10.0,10.0,0.0,unified/pass,True,PASS,,"(1, 5000)","(1, 5000)",,True,True,True,PASS,,0.0,0,,,identity,
NoiseProductJamming,adapt_filter,adapt_filter,10.0,48,False,False,False,UNIFIED_JSR_PASS,True,10.0,10.0,0.0,unified/pass,True,PASS,,"(1, 5000)","(1, 5000)",True,True,True,True,PASS,True,23.842583992518485,400241224,False,True,algorithm,PASS
NoiseProductJamming,adapt_filter,adapt_filter,10.0,48,False,False,False,UNIFIED_JSR_PASS,True,10.0,10.0,0.0,unified/pass,True,PASS,,"(1, 5000)","(1, 5000)",,True,True,True,PASS,,0.0,0,,,identity,
NoiseProductJamming,adapt_filter,adapt_filter,10.0,49,False,False,False,UNIFIED_JSR_PASS,True,10.0,10.0,0.0,unified/pass,True,PASS,,"(1, 5000)","(1, 5000)",True,True,True,True,PASS,True,25.474708003457636,400241224,False,True,algorithm,PASS
NoiseProductJamming,adapt_filter,adapt_filter,10.0,49,False,False,False,UNIFIED_JSR_PASS,True,10.0,10.0,0.0,unified/pass,True,PASS,,"(1, 5000)","(1, 5000)",,True,True,True,PASS,,0.0,0,,,identity,
NoiseProductJamming,adapt_filter,adapt_filter,10.0,50,False,False,False,UNIFIED_JSR_PASS,True,10.0,10.0,0.0,unified/pass,True,PASS,,"(1, 5000)","(1, 5000)",True,True,True,True,PASS,True,25.329791998956352,400241224,False,True,algorithm,PASS
NoiseProductJamming,adapt_filter,adapt_filter,10.0,50,False,False,False,UNIFIED_JSR_PASS,True,10.0,10.0,0.0,unified/pass,True,PASS,,"(1, 5000)","(1, 5000)",,True,True,True,PASS,,0.0,0,,,identity,
NoiseProductJamming,adapt_filter,adapt_filter,10.0,51,False,False,False,UNIFIED_JSR_PASS,True,10.0,10.0,0.0,unified/pass,True,PASS,,"(1, 5000)","(1, 5000)",True,True,True,True,PASS,True,26.300625002477318,400241224,False,True,algorithm,PASS
NoiseProductJamming,adapt_filter,adapt_filter,10.0,51,False,False,False,UNIFIED_JSR_PASS,True,10.0,10.0,0.0,unified/pass,True,PASS,,"(1, 5000)","(1, 5000)",,True,True,True,PASS,,0.0,0,,,identity,
NoiseProductJamming,adapt_filter,adapt_filter,20.0,42,False,False,False,UNIFIED_JSR_PASS,True,20.0,20.0,0.0,unified/pass,True,PASS,,"(1, 5000)","(1, 5000)",True,True,True,True,PASS,True,24.729416996706277,400241224,False,True,algorithm,PASS
NoiseProductJamming,adapt_filter,adapt_filter,20.0,42,False,False,False,UNIFIED_JSR_PASS,True,20.0,20.0,0.0,unified/pass,True,PASS,,"(1, 5000)","(1, 5000)",,True,True,True,PASS,,0.0,0,,,identity,
NoiseProductJamming,adapt_filter,adapt_filter,20.0,43,False,False,False,UNIFIED_JSR_PASS,True,20.0,20.0,0.0,unified/pass,True,PASS,,"(1, 5000)","(1, 5000)",True,True,True,True,PASS,True,24.977041000965983,400241224,False,True,algorithm,PASS
NoiseProductJamming,adapt_filter,adapt_filter,20.0,43,False,False,False,UNIFIED_JSR_PASS,True,20.0,20.0,0.0,unified/pass,True,PASS,,"(1, 5000)","(1, 5000)",,True,True,True,PASS,,0.0,0,,,identity,
NoiseProductJamming,adapt_filter,adapt_filter,20.0,44,False,False,False,UNIFIED_JSR_PASS,True,20.0,20.0,0.0,unified/pass,True,PASS,,"(1, 5000)","(1, 5000)",True,True,True,True,PASS,True,25.183582969475538,400241224,False,True,algorithm,PASS
NoiseProductJamming,adapt_filter,adapt_filter,20.0,44,False,False,False,UNIFIED_JSR_PASS,True,20.0,20.0,0.0,unified/pass,True,PASS,,"(1, 5000)","(1, 5000)",,True,True,True,PASS,,0.0,0,,,identity,
NoiseProductJamming,adapt_filter,adapt_filter,20.0,45,False,False,False,UNIFIED_JSR_PASS,True,20.0,20.0,0.0,unified/pass,True,PASS,,"(1, 5000)","(1, 5000)",True,True,True,True,PASS,True,26.28637501038611,400241224,False,True,algorithm,PASS
NoiseProductJamming,adapt_filter,adapt_filter,20.0,45,False,False,False,UNIFIED_JSR_PASS,True,20.0,20.0,0.0,unified/pass,True,PASS,,"(1, 5000)","(1, 5000)",,True,True,True,PASS,,0.0,0,,,identity,
NoiseProductJamming,adapt_filter,adapt_filter,20.0,46,False,False,False,UNIFIED_JSR_PASS,True,20.0,20.0,0.0,unified/pass,True,PASS,,"(1, 5000)","(1, 5000)",True,True,True,True,PASS,True,24.288999964483082,400241224,False,True,algorithm,PASS
NoiseProductJamming,adapt_filter,adapt_filter,20.0,46,False,False,False,UNIFIED_JSR_PASS,True,20.0,20.0,0.0,unified/pass,True,PASS,,"(1, 5000)","(1, 5000)",,True,True,True,PASS,,0.0,0,,,identity,
NoiseProductJamming,adapt_filter,adapt_filter,20.0,47,False,False,False,UNIFIED_JSR_PASS,True,20.0,20.0,0.0,unified/pass,True,PASS,,"(1, 5000)","(1, 5000)",True,True,True,True,PASS,True,25.68816702114418,400241224,False,True,algorithm,PASS
NoiseProductJamming,adapt_filter,adapt_filter,20.0,47,False,False,False,UNIFIED_JSR_PASS,True,20.0,20.0,0.0,unified/pass,True,PASS,,"(1, 5000)","(1, 5000)",,True,True,True,PASS,,0.0,0,,,identity,
NoiseProductJamming,adapt_filter,adapt_filter,20.0,48,False,False,False,UNIFIED_JSR_PASS,True,20.0,20.0,0.0,unified/pass,True,PASS,,"(1, 5000)","(1, 5000)",True,True,True,True,PASS,True,24.840083031449467,400241224,False,True,algorithm,PASS
NoiseProductJamming,adapt_filter,adapt_filter,20.0,48,False,False,False,UNIFIED_JSR_PASS,True,20.0,20.0,0.0,unified/pass,True,PASS,,"(1, 5000)","(1, 5000)",,True,True,True,PASS,,0.0,0,,,identity,
NoiseProductJamming,adapt_filter,adapt_filter,20.0,49,False,False,False,UNIFIED_JSR_PASS,True,20.0,20.0,0.0,unified/pass,True,PASS,,"(1, 5000)","(1, 5000)",True,True,True,True,PASS,True,24.503458000253886,400241224,False,True,algorithm,PASS
NoiseProductJamming,adapt_filter,adapt_filter,20.0,49,False,False,False,UNIFIED_JSR_PASS,True,20.0,20.0,0.0,unified/pass,True,PASS,,"(1, 5000)","(1, 5000)",,True,True,True,PASS,,0.0,0,,,identity,
NoiseProductJamming,adapt_filter,adapt_filter,20.0,50,False,False,False,UNIFIED_JSR_PASS,True,20.0,19.999999999999996,-3.552713678800501e-15,unified/pass,True,PASS,,"(1, 5000)","(1, 5000)",True,True,True,True,PASS,True,25.975208031013608,400241224,False,True,algorithm,PASS
NoiseProductJamming,adapt_filter,adapt_filter,20.0,50,False,False,False,UNIFIED_JSR_PASS,True,20.0,19.999999999999996,-3.552713678800501e-15,unified/pass,True,PASS,,"(1, 5000)","(1, 5000)",,True,True,True,PASS,,0.0,0,,,identity,
NoiseProductJamming,adapt_filter,adapt_filter,20.0,51,False,False,False,UNIFIED_JSR_PASS,True,20.0,20.0,0.0,unified/pass,True,PASS,,"(1, 5000)","(1, 5000)",True,True,True,True,PASS,True,24.472749966662377,400241224,False,True,algorithm,PASS
NoiseProductJamming,adapt_filter,adapt_filter,20.0,51,False,False,False,UNIFIED_JSR_PASS,True,20.0,20.0,0.0,unified/pass,True,PASS,,"(1, 5000)","(1, 5000)",,True,True,True,PASS,,0.0,0,,,identity,
NoiseProductJamming,adapt_filter,adapt_filter,30.0,42,False,False,False,UNIFIED_JSR_PASS,True,30.0,30.0,0.0,unified/pass,True,PASS,,"(1, 5000)","(1, 5000)",True,True,True,True,PASS,True,26.30150003824383,400241224,False,True,algorithm,PASS
NoiseProductJamming,adapt_filter,adapt_filter,30.0,42,False,False,False,UNIFIED_JSR_PASS,True,30.0,30.0,0.0,unified/pass,True,PASS,,"(1, 5000)","(1, 5000)",,True,True,True,PASS,,0.0,0,,,identity,
NoiseProductJamming,adapt_filter,adapt_filter,30.0,43,False,False,False,UNIFIED_JSR_PASS,True,30.0,30.0,0.0,unified/pass,True,PASS,,"(1, 5000)","(1, 5000)",True,True,True,True,PASS,True,24.044124991632998,400241224,False,True,algorithm,PASS
NoiseProductJamming,adapt_filter,adapt_filter,30.0,43,False,False,False,UNIFIED_JSR_PASS,True,30.0,30.0,0.0,unified/pass,True,PASS,,"(1, 5000)","(1, 5000)",,True,True,True,PASS,,0.0,0,,,identity,
NoiseProductJamming,adapt_filter,adapt_filter,30.0,44,False,False,False,UNIFIED_JSR_PASS,True,30.0,30.0,0.0,unified/pass,True,PASS,,"(1, 5000)","(1, 5000)",True,True,True,True,PASS,True,24.49937502387911,400241224,False,True,algorithm,PASS
NoiseProductJamming,adapt_filter,adapt_filter,30.0,44,False,False,False,UNIFIED_JSR_PASS,True,30.0,30.0,0.0,unified/pass,True,PASS,,"(1, 5000)","(1, 5000)",,True,True,True,PASS,,0.0,0,,,identity,
NoiseProductJamming,adapt_filter,adapt_filter,30.0,45,False,False,False,UNIFIED_JSR_PASS,True,30.0,30.0,0.0,unified/pass,True,PASS,,"(1, 5000)","(1, 5000)",True,True,True,True,PASS,True,24.54933396074921,400241224,False,True,algorithm,PASS
NoiseProductJamming,adapt_filter,adapt_filter,30.0,45,False,False,False,UNIFIED_JSR_PASS,True,30.0,30.0,0.0,unified/pass,True,PASS,,"(1, 5000)","(1, 5000)",,True,True,True,PASS,,0.0,0,,,identity,
NoiseProductJamming,adapt_filter,adapt_filter,30.0,46,False,False,False,UNIFIED_JSR_PASS,True,30.0,30.0,0.0,unified/pass,True,PASS,,"(1, 5000)","(1, 5000)",True,True,True,True,PASS,True,23.771667038090527,400241224,False,True,algorithm,PASS
NoiseProductJamming,adapt_filter,adapt_filter,30.0,46,False,False,False,UNIFIED_JSR_PASS,True,30.0,30.0,0.0,unified/pass,True,PASS,,"(1, 5000)","(1, 5000)",,True,True,True,PASS,,0.0,0,,,identity,
NoiseProductJamming,adapt_filter,adapt_filter,30.0,47,False,False,False,UNIFIED_JSR_PASS,True,30.0,30.0,0.0,unified/pass,True,PASS,,"(1, 5000)","(1, 5000)",True,True,True,True,PASS,True,23.721333011053503,400241224,False,True,algorithm,PASS
NoiseProductJamming,adapt_filter,adapt_filter,30.0,47,False,False,False,UNIFIED_JSR_PASS,True,30.0,30.0,0.0,unified/pass,True,PASS,,"(1, 5000)","(1, 5000)",,True,True,True,PASS,,0.0,0,,,identity,
NoiseProductJamming,adapt_filter,adapt_filter,30.0,48,False,False,False,UNIFIED_JSR_PASS,True,30.0,30.0,0.0,unified/pass,True,PASS,,"(1, 5000)","(1, 5000)",True,True,True,True,PASS,True,25.33237502211705,400241224,False,True,algorithm,PASS
NoiseProductJamming,adapt_filter,adapt_filter,30.0,48,False,False,False,UNIFIED_JSR_PASS,True,30.0,30.0,0.0,unified/pass,True,PASS,,"(1, 5000)","(1, 5000)",,True,True,True,PASS,,0.0,0,,,identity,
NoiseProductJamming,adapt_filter,adapt_filter,30.0,49,False,False,False,UNIFIED_JSR_PASS,True,30.0,30.0,0.0,unified/pass,True,PASS,,"(1, 5000)","(1, 5000)",True,True,True,True,PASS,True,25.759333977475762,400241224,False,True,algorithm,PASS
NoiseProductJamming,adapt_filter,adapt_filter,30.0,49,False,False,False,UNIFIED_JSR_PASS,True,30.0,30.0,0.0,unified/pass,True,PASS,,"(1, 5000)","(1, 5000)",,True,True,True,PASS,,0.0,0,,,identity,
NoiseProductJamming,adapt_filter,adapt_filter,30.0,50,False,False,False,UNIFIED_JSR_PASS,True,30.0,30.0,0.0,unified/pass,True,PASS,,"(1, 5000)","(1, 5000)",True,True,True,True,PASS,True,25.408125016838312,400241224,False,True,algorithm,PASS
NoiseProductJamming,adapt_filter,adapt_filter,30.0,50,False,False,False,UNIFIED_JSR_PASS,True,30.0,30.0,0.0,unified/pass,True,PASS,,"(1, 5000)","(1, 5000)",,True,True,True,PASS,,0.0,0,,,identity,
NoiseProductJamming,adapt_filter,adapt_filter,30.0,51,False,False,False,UNIFIED_JSR_PASS,True,30.0,30.0,0.0,unified/pass,True,PASS,,"(1, 5000)","(1, 5000)",True,True,True,True,PASS,True,24.4215409620665,400241224,False,True,algorithm,PASS
NoiseProductJamming,adapt_filter,adapt_filter,30.0,51,False,False,False,UNIFIED_JSR_PASS,True,30.0,30.0,0.0,unified/pass,True,PASS,,"(1, 5000)","(1, 5000)",,True,True,True,PASS,,0.0,0,,,identity,
NoiseConvolutionJamming,adapt_filter,adapt_filter,0.0,42,False,False,False,UNIFIED_JSR_PASS,True,0.0,9.64327466553287e-16,9.64327466553287e-16,unified/pass,True,PASS,,"(1, 5000)","(1, 5000)",True,True,True,True,PASS,True,26.22900001006201,400241224,False,True,algorithm,PASS
NoiseConvolutionJamming,adapt_filter,adapt_filter,0.0,42,False,False,False,UNIFIED_JSR_PASS,True,0.0,9.64327466553287e-16,9.64327466553287e-16,unified/pass,True,PASS,,"(1, 5000)","(1, 5000)",,True,True,True,PASS,,0.0,0,,,identity,
NoiseConvolutionJamming,adapt_filter,adapt_filter,0.0,43,False,False,False,UNIFIED_JSR_PASS,True,0.0,0.0,0.0,unified/pass,True,PASS,,"(1, 5000)","(1, 5000)",True,True,True,True,PASS,True,27.00941701186821,400241224,False,True,algorithm,PASS
NoiseConvolutionJamming,adapt_filter,adapt_filter,0.0,43,False,False,False,UNIFIED_JSR_PASS,True,0.0,0.0,0.0,unified/pass,True,PASS,,"(1, 5000)","(1, 5000)",,True,True,True,PASS,,0.0,0,,,identity,
NoiseConvolutionJamming,adapt_filter,adapt_filter,0.0,44,False,False,False,UNIFIED_JSR_PASS,True,0.0,9.64327466553287e-16,9.64327466553287e-16,unified/pass,True,PASS,,"(1, 5000)","(1, 5000)",True,True,True,True,PASS,True,24.679791007656604,400241224,False,True,algorithm,PASS
NoiseConvolutionJamming,adapt_filter,adapt_filter,0.0,44,False,False,False,UNIFIED_JSR_PASS,True,0.0,9.64327466553287e-16,9.64327466553287e-16,unified/pass,True,PASS,,"(1, 5000)","(1, 5000)",,True,True,True,PASS,,0.0,0,,,identity,
NoiseConvolutionJamming,adapt_filter,adapt_filter,0.0,45,False,False,False,UNIFIED_JSR_PASS,True,0.0,9.64327466553287e-16,9.64327466553287e-16,unified/pass,True,PASS,,"(1, 5000)","(1, 5000)",True,True,True,True,PASS,True,23.760832962580025,400241224,False,True,algorithm,PASS
NoiseConvolutionJamming,adapt_filter,adapt_filter,0.0,45,False,False,False,UNIFIED_JSR_PASS,True,0.0,9.64327466553287e-16,9.64327466553287e-16,unified/pass,True,PASS,,"(1, 5000)","(1, 5000)",,True,True,True,PASS,,0.0,0,,,identity,
NoiseConvolutionJamming,adapt_filter,adapt_filter,0.0,46,False,False,False,UNIFIED_JSR_PASS,True,0.0,-9.643274665532871e-16,-9.643274665532871e-16,unified/pass,True,PASS,,"(1, 5000)","(1, 5000)",True,True,True,True,PASS,True,23.494250024668872,400241224,False,True,algorithm,PASS
NoiseConvolutionJamming,adapt_filter,adapt_filter,0.0,46,False,False,False,UNIFIED_JSR_PASS,True,0.0,-9.643274665532871e-16,-9.643274665532871e-16,unified/pass,True,PASS,,"(1, 5000)","(1, 5000)",,True,True,True,PASS,,0.0,0,,,identity,
NoiseConvolutionJamming,adapt_filter,adapt_filter,0.0,47,False,False,False,UNIFIED_JSR_PASS,True,0.0,0.0,0.0,unified/pass,True,PASS,,"(1, 5000)","(1, 5000)",True,True,True,True,PASS,True,23.46925000892952,400241224,False,True,algorithm,PASS
NoiseConvolutionJamming,adapt_filter,adapt_filter,0.0,47,False,False,False,UNIFIED_JSR_PASS,True,0.0,0.0,0.0,unified/pass,True,PASS,,"(1, 5000)","(1, 5000)",,True,True,True,PASS,,0.0,0,,,identity,
NoiseConvolutionJamming,adapt_filter,adapt_filter,0.0,48,False,False,False,UNIFIED_JSR_PASS,True,0.0,0.0,0.0,unified/pass,True,PASS,,"(1, 5000)","(1, 5000)",True,True,True,True,PASS,True,25.127375032752752,400241224,False,True,algorithm,PASS
NoiseConvolutionJamming,adapt_filter,adapt_filter,0.0,48,False,False,False,UNIFIED_JSR_PASS,True,0.0,0.0,0.0,unified/pass,True,PASS,,"(1, 5000)","(1, 5000)",,True,True,True,PASS,,0.0,0,,,identity,
NoiseConvolutionJamming,adapt_filter,adapt_filter,0.0,49,False,False,False,UNIFIED_JSR_PASS,True,0.0,-9.643274665532871e-16,-9.643274665532871e-16,unified/pass,True,PASS,,"(1, 5000)","(1, 5000)",True,True,True,True,PASS,True,25.218541966751218,400241224,False,True,algorithm,PASS
NoiseConvolutionJamming,adapt_filter,adapt_filter,0.0,49,False,False,False,UNIFIED_JSR_PASS,True,0.0,-9.643274665532871e-16,-9.643274665532871e-16,unified/pass,True,PASS,,"(1, 5000)","(1, 5000)",,True,True,True,PASS,,0.0,0,,,identity,
NoiseConvolutionJamming,adapt_filter,adapt_filter,0.0,50,False,False,False,UNIFIED_JSR_PASS,True,0.0,0.0,0.0,unified/pass,True,PASS,,"(1, 5000)","(1, 5000)",True,True,True,True,PASS,True,24.47820798261091,400241224,False,True,algorithm,PASS
NoiseConvolutionJamming,adapt_filter,adapt_filter,0.0,50,False,False,False,UNIFIED_JSR_PASS,True,0.0,0.0,0.0,unified/pass,True,PASS,,"(1, 5000)","(1, 5000)",,True,True,True,PASS,,0.0,0,,,identity,
NoiseConvolutionJamming,adapt_filter,adapt_filter,0.0,51,False,False,False,UNIFIED_JSR_PASS,True,0.0,-4.821637332766436e-16,-4.821637332766436e-16,unified/pass,True,PASS,,"(1, 5000)","(1, 5000)",True,True,True,True,PASS,True,26.843125000596046,400241224,False,True,algorithm,PASS
NoiseConvolutionJamming,adapt_filter,adapt_filter,0.0,51,False,False,False,UNIFIED_JSR_PASS,True,0.0,-4.821637332766436e-16,-4.821637332766436e-16,unified/pass,True,PASS,,"(1, 5000)","(1, 5000)",,True,True,True,PASS,,0.0,0,,,identity,
NoiseConvolutionJamming,adapt_filter,adapt_filter,10.0,42,False,False,False,UNIFIED_JSR_PASS,True,10.0,10.0,0.0,unified/pass,True,PASS,,"(1, 5000)","(1, 5000)",True,True,True,True,PASS,True,24.255957978311926,400241224,False,True,algorithm,PASS
NoiseConvolutionJamming,adapt_filter,adapt_filter,10.0,42,False,False,False,UNIFIED_JSR_PASS,True,10.0,10.0,0.0,unified/pass,True,PASS,,"(1, 5000)","(1, 5000)",,True,True,True,PASS,,0.0,0,,,identity,
NoiseConvolutionJamming,adapt_filter,adapt_filter,10.0,43,False,False,False,UNIFIED_JSR_PASS,True,10.0,10.0,0.0,unified/pass,True,PASS,,"(1, 5000)","(1, 5000)",True,True,True,True,PASS,True,24.806750006973743,400241224,False,True,algorithm,PASS
NoiseConvolutionJamming,adapt_filter,adapt_filter,10.0,43,False,False,False,UNIFIED_JSR_PASS,True,10.0,10.0,0.0,unified/pass,True,PASS,,"(1, 5000)","(1, 5000)",,True,True,True,PASS,,0.0,0,,,identity,
NoiseConvolutionJamming,adapt_filter,adapt_filter,10.0,44,False,False,False,UNIFIED_JSR_PASS,True,10.0,10.0,0.0,unified/pass,True,PASS,,"(1, 5000)","(1, 5000)",True,True,True,True,PASS,True,23.715457995422184,400241224,False,True,algorithm,PASS
NoiseConvolutionJamming,adapt_filter,adapt_filter,10.0,44,False,False,False,UNIFIED_JSR_PASS,True,10.0,10.0,0.0,unified/pass,True,PASS,,"(1, 5000)","(1, 5000)",,True,True,True,PASS,,0.0,0,,,identity,
NoiseConvolutionJamming,adapt_filter,adapt_filter,10.0,45,False,False,False,UNIFIED_JSR_PASS,True,10.0,10.0,0.0,unified/pass,True,PASS,,"(1, 5000)","(1, 5000)",True,True,True,True,PASS,True,23.688416986260563,400241224,False,True,algorithm,PASS
NoiseConvolutionJamming,adapt_filter,adapt_filter,10.0,45,False,False,False,UNIFIED_JSR_PASS,True,10.0,10.0,0.0,unified/pass,True,PASS,,"(1, 5000)","(1, 5000)",,True,True,True,PASS,,0.0,0,,,identity,
NoiseConvolutionJamming,adapt_filter,adapt_filter,10.0,46,False,False,False,UNIFIED_JSR_PASS,True,10.0,9.999999999999998,-1.7763568394002505e-15,unified/pass,True,PASS,,"(1, 5000)","(1, 5000)",True,True,True,True,PASS,True,23.60258297994733,400241224,False,True,algorithm,PASS
NoiseConvolutionJamming,adapt_filter,adapt_filter,10.0,46,False,False,False,UNIFIED_JSR_PASS,True,10.0,9.999999999999998,-1.7763568394002505e-15,unified/pass,True,PASS,,"(1, 5000)","(1, 5000)",,True,True,True,PASS,,0.0,0,,,identity,
NoiseConvolutionJamming,adapt_filter,adapt_filter,10.0,47,False,False,False,UNIFIED_JSR_PASS,True,10.0,10.0,0.0,unified/pass,True,PASS,,"(1, 5000)","(1, 5000)",True,True,True,True,PASS,True,23.580041015520692,400241224,False,True,algorithm,PASS
NoiseConvolutionJamming,adapt_filter,adapt_filter,10.0,47,False,False,False,UNIFIED_JSR_PASS,True,10.0,10.0,0.0,unified/pass,True,PASS,,"(1, 5000)","(1, 5000)",,True,True,True,PASS,,0.0,0,,,identity,
NoiseConvolutionJamming,adapt_filter,adapt_filter,10.0,48,False,False,False,UNIFIED_JSR_PASS,True,10.0,10.0,0.0,unified/pass,True,PASS,,"(1, 5000)","(1, 5000)",True,True,True,True,PASS,True,23.627292015589774,400241224,False,True,algorithm,PASS
NoiseConvolutionJamming,adapt_filter,adapt_filter,10.0,48,False,False,False,UNIFIED_JSR_PASS,True,10.0,10.0,0.0,unified/pass,True,PASS,,"(1, 5000)","(1, 5000)",,True,True,True,PASS,,0.0,0,,,identity,
NoiseConvolutionJamming,adapt_filter,adapt_filter,10.0,49,False,False,False,UNIFIED_JSR_PASS,True,10.0,10.0,0.0,unified/pass,True,PASS,,"(1, 5000)","(1, 5000)",True,True,True,True,PASS,True,23.229499987792224,400241224,False,True,algorithm,PASS
NoiseConvolutionJamming,adapt_filter,adapt_filter,10.0,49,False,False,False,UNIFIED_JSR_PASS,True,10.0,10.0,0.0,unified/pass,True,PASS,,"(1, 5000)","(1, 5000)",,True,True,True,PASS,,0.0,0,,,identity,
NoiseConvolutionJamming,adapt_filter,adapt_filter,10.0,50,False,False,False,UNIFIED_JSR_PASS,True,10.0,10.0,0.0,unified/pass,True,PASS,,"(1, 5000)","(1, 5000)",True,True,True,True,PASS,True,23.57112499885261,400241224,False,True,algorithm,PASS
NoiseConvolutionJamming,adapt_filter,adapt_filter,10.0,50,False,False,False,UNIFIED_JSR_PASS,True,10.0,10.0,0.0,unified/pass,True,PASS,,"(1, 5000)","(1, 5000)",,True,True,True,PASS,,0.0,0,,,identity,
NoiseConvolutionJamming,adapt_filter,adapt_filter,10.0,51,False,False,False,UNIFIED_JSR_PASS,True,10.0,9.999999999999998,-1.7763568394002505e-15,unified/pass,True,PASS,,"(1, 5000)","(1, 5000)",True,True,True,True,PASS,True,23.605624970514327,400241224,False,True,algorithm,PASS
NoiseConvolutionJamming,adapt_filter,adapt_filter,10.0,51,False,False,False,UNIFIED_JSR_PASS,True,10.0,9.999999999999998,-1.7763568394002505e-15,unified/pass,True,PASS,,"(1, 5000)","(1, 5000)",,True,True,True,PASS,,0.0,0,,,identity,
NoiseConvolutionJamming,adapt_filter,adapt_filter,20.0,42,False,False,False,UNIFIED_JSR_PASS,True,20.0,20.0,0.0,unified/pass,True,PASS,,"(1, 5000)","(1, 5000)",True,True,True,True,PASS,True,23.856084037106484,400241224,False,True,algorithm,PASS
NoiseConvolutionJamming,adapt_filter,adapt_filter,20.0,42,False,False,False,UNIFIED_JSR_PASS,True,20.0,20.0,0.0,unified/pass,True,PASS,,"(1, 5000)","(1, 5000)",,True,True,True,PASS,,0.0,0,,,identity,
NoiseConvolutionJamming,adapt_filter,adapt_filter,20.0,43,False,False,False,UNIFIED_JSR_PASS,True,20.0,20.0,0.0,unified/pass,True,PASS,,"(1, 5000)","(1, 5000)",True,True,True,True,PASS,True,25.903458998072892,400241224,False,True,algorithm,PASS
NoiseConvolutionJamming,adapt_filter,adapt_filter,20.0,43,False,False,False,UNIFIED_JSR_PASS,True,20.0,20.0,0.0,unified/pass,True,PASS,,"(1, 5000)","(1, 5000)",,True,True,True,PASS,,0.0,0,,,identity,
NoiseConvolutionJamming,adapt_filter,adapt_filter,20.0,44,False,False,False,UNIFIED_JSR_PASS,True,20.0,20.0,0.0,unified/pass,True,PASS,,"(1, 5000)","(1, 5000)",True,True,True,True,PASS,True,25.454459013417363,400241224,False,True,algorithm,PASS
NoiseConvolutionJamming,adapt_filter,adapt_filter,20.0,44,False,False,False,UNIFIED_JSR_PASS,True,20.0,20.0,0.0,unified/pass,True,PASS,,"(1, 5000)","(1, 5000)",,True,True,True,PASS,,0.0,0,,,identity,
NoiseConvolutionJamming,adapt_filter,adapt_filter,20.0,45,False,False,False,UNIFIED_JSR_PASS,True,20.0,20.0,0.0,unified/pass,True,PASS,,"(1, 5000)","(1, 5000)",True,True,True,True,PASS,True,26.34241699706763,400241224,False,True,algorithm,PASS
NoiseConvolutionJamming,adapt_filter,adapt_filter,20.0,45,False,False,False,UNIFIED_JSR_PASS,True,20.0,20.0,0.0,unified/pass,True,PASS,,"(1, 5000)","(1, 5000)",,True,True,True,PASS,,0.0,0,,,identity,
NoiseConvolutionJamming,adapt_filter,adapt_filter,20.0,46,False,False,False,UNIFIED_JSR_PASS,True,20.0,19.999999999999996,-3.552713678800501e-15,unified/pass,True,PASS,,"(1, 5000)","(1, 5000)",True,True,True,True,PASS,True,23.693666968028992,400241224,False,True,algorithm,PASS
NoiseConvolutionJamming,adapt_filter,adapt_filter,20.0,46,False,False,False,UNIFIED_JSR_PASS,True,20.0,19.999999999999996,-3.552713678800501e-15,unified/pass,True,PASS,,"(1, 5000)","(1, 5000)",,True,True,True,PASS,,0.0,0,,,identity,
NoiseConvolutionJamming,adapt_filter,adapt_filter,20.0,47,False,False,False,UNIFIED_JSR_PASS,True,20.0,20.0,0.0,unified/pass,True,PASS,,"(1, 5000)","(1, 5000)",True,True,True,True,PASS,True,24.825415981467813,400241224,False,True,algorithm,PASS
NoiseConvolutionJamming,adapt_filter,adapt_filter,20.0,47,False,False,False,UNIFIED_JSR_PASS,True,20.0,20.0,0.0,unified/pass,True,PASS,,"(1, 5000)","(1, 5000)",,True,True,True,PASS,,0.0,0,,,identity,
NoiseConvolutionJamming,adapt_filter,adapt_filter,20.0,48,False,False,False,UNIFIED_JSR_PASS,True,20.0,20.0,0.0,unified/pass,True,PASS,,"(1, 5000)","(1, 5000)",True,True,True,True,PASS,True,25.067374983336776,400241224,False,True,algorithm,PASS
NoiseConvolutionJamming,adapt_filter,adapt_filter,20.0,48,False,False,False,UNIFIED_JSR_PASS,True,20.0,20.0,0.0,unified/pass,True,PASS,,"(1, 5000)","(1, 5000)",,True,True,True,PASS,,0.0,0,,,identity,
NoiseConvolutionJamming,adapt_filter,adapt_filter,20.0,49,False,False,False,UNIFIED_JSR_PASS,True,20.0,20.0,0.0,unified/pass,True,PASS,,"(1, 5000)","(1, 5000)",True,True,True,True,PASS,True,25.836375018116087,400241224,False,True,algorithm,PASS
NoiseConvolutionJamming,adapt_filter,adapt_filter,20.0,49,False,False,False,UNIFIED_JSR_PASS,True,20.0,20.0,0.0,unified/pass,True,PASS,,"(1, 5000)","(1, 5000)",,True,True,True,PASS,,0.0,0,,,identity,
NoiseConvolutionJamming,adapt_filter,adapt_filter,20.0,50,False,False,False,UNIFIED_JSR_PASS,True,20.0,20.0,0.0,unified/pass,True,PASS,,"(1, 5000)","(1, 5000)",True,True,True,True,PASS,True,25.576125015504658,400241224,False,True,algorithm,PASS
NoiseConvolutionJamming,adapt_filter,adapt_filter,20.0,50,False,False,False,UNIFIED_JSR_PASS,True,20.0,20.0,0.0,unified/pass,True,PASS,,"(1, 5000)","(1, 5000)",,True,True,True,PASS,,0.0,0,,,identity,
NoiseConvolutionJamming,adapt_filter,adapt_filter,20.0,51,False,False,False,UNIFIED_JSR_PASS,True,20.0,20.0,0.0,unified/pass,True,PASS,,"(1, 5000)","(1, 5000)",True,True,True,True,PASS,True,26.150957972276956,400241224,False,True,algorithm,PASS
NoiseConvolutionJamming,adapt_filter,adapt_filter,20.0,51,False,False,False,UNIFIED_JSR_PASS,True,20.0,20.0,0.0,unified/pass,True,PASS,,"(1, 5000)","(1, 5000)",,True,True,True,PASS,,0.0,0,,,identity,
NoiseConvolutionJamming,adapt_filter,adapt_filter,30.0,42,False,False,False,UNIFIED_JSR_PASS,True,30.0,30.0,0.0,unified/pass,True,PASS,,"(1, 5000)","(1, 5000)",True,True,True,True,PASS,True,24.841959006153047,400241224,False,True,algorithm,PASS
NoiseConvolutionJamming,adapt_filter,adapt_filter,30.0,42,False,False,False,UNIFIED_JSR_PASS,True,30.0,30.0,0.0,unified/pass,True,PASS,,"(1, 5000)","(1, 5000)",,True,True,True,PASS,,0.0,0,,,identity,
NoiseConvolutionJamming,adapt_filter,adapt_filter,30.0,43,False,False,False,UNIFIED_JSR_PASS,True,30.0,30.0,0.0,unified/pass,True,PASS,,"(1, 5000)","(1, 5000)",True,True,True,True,PASS,True,23.917291953694075,400241224,False,True,algorithm,PASS
NoiseConvolutionJamming,adapt_filter,adapt_filter,30.0,43,False,False,False,UNIFIED_JSR_PASS,True,30.0,30.0,0.0,unified/pass,True,PASS,,"(1, 5000)","(1, 5000)",,True,True,True,PASS,,0.0,0,,,identity,
NoiseConvolutionJamming,adapt_filter,adapt_filter,30.0,44,False,False,False,UNIFIED_JSR_PASS,True,30.0,30.0,0.0,unified/pass,True,PASS,,"(1, 5000)","(1, 5000)",True,True,True,True,PASS,True,23.70383299421519,400241224,False,True,algorithm,PASS
NoiseConvolutionJamming,adapt_filter,adapt_filter,30.0,44,False,False,False,UNIFIED_JSR_PASS,True,30.0,30.0,0.0,unified/pass,True,PASS,,"(1, 5000)","(1, 5000)",,True,True,True,PASS,,0.0,0,,,identity,
NoiseConvolutionJamming,adapt_filter,adapt_filter,30.0,45,False,False,False,UNIFIED_JSR_PASS,True,30.0,30.0,0.0,unified/pass,True,PASS,,"(1, 5000)","(1, 5000)",True,True,True,True,PASS,True,23.651666997466236,400241224,False,True,algorithm,PASS
NoiseConvolutionJamming,adapt_filter,adapt_filter,30.0,45,False,False,False,UNIFIED_JSR_PASS,True,30.0,30.0,0.0,unified/pass,True,PASS,,"(1, 5000)","(1, 5000)",,True,True,True,PASS,,0.0,0,,,identity,
NoiseConvolutionJamming,adapt_filter,adapt_filter,30.0,46,False,False,False,UNIFIED_JSR_PASS,True,30.0,30.0,0.0,unified/pass,True,PASS,,"(1, 5000)","(1, 5000)",True,True,True,True,PASS,True,23.794249980710447,400241224,False,True,algorithm,PASS
NoiseConvolutionJamming,adapt_filter,adapt_filter,30.0,46,False,False,False,UNIFIED_JSR_PASS,True,30.0,30.0,0.0,unified/pass,True,PASS,,"(1, 5000)","(1, 5000)",,True,True,True,PASS,,0.0,0,,,identity,
NoiseConvolutionJamming,adapt_filter,adapt_filter,30.0,47,False,False,False,UNIFIED_JSR_PASS,True,30.0,30.0,0.0,unified/pass,True,PASS,,"(1, 5000)","(1, 5000)",True,True,True,True,PASS,True,23.627665999811143,400241224,False,True,algorithm,PASS
NoiseConvolutionJamming,adapt_filter,adapt_filter,30.0,47,False,False,False,UNIFIED_JSR_PASS,True,30.0,30.0,0.0,unified/pass,True,PASS,,"(1, 5000)","(1, 5000)",,True,True,True,PASS,,0.0,0,,,identity,
NoiseConvolutionJamming,adapt_filter,adapt_filter,30.0,48,False,False,False,UNIFIED_JSR_PASS,True,30.0,30.0,0.0,unified/pass,True,PASS,,"(1, 5000)","(1, 5000)",True,True,True,True,PASS,True,23.591833014506847,400241224,False,True,algorithm,PASS
NoiseConvolutionJamming,adapt_filter,adapt_filter,30.0,48,False,False,False,UNIFIED_JSR_PASS,True,30.0,30.0,0.0,unified/pass,True,PASS,,"(1, 5000)","(1, 5000)",,True,True,True,PASS,,0.0,0,,,identity,
NoiseConvolutionJamming,adapt_filter,adapt_filter,30.0,49,False,False,False,UNIFIED_JSR_PASS,True,30.0,30.0,0.0,unified/pass,True,PASS,,"(1, 5000)","(1, 5000)",True,True,True,True,PASS,True,23.56204198440537,400241224,False,True,algorithm,PASS
NoiseConvolutionJamming,adapt_filter,adapt_filter,30.0,49,False,False,False,UNIFIED_JSR_PASS,True,30.0,30.0,0.0,unified/pass,True,PASS,,"(1, 5000)","(1, 5000)",,True,True,True,PASS,,0.0,0,,,identity,
NoiseConvolutionJamming,adapt_filter,adapt_filter,30.0,50,False,False,False,UNIFIED_JSR_PASS,True,30.0,30.0,0.0,unified/pass,True,PASS,,"(1, 5000)","(1, 5000)",True,True,True,True,PASS,True,23.272332968190312,400241224,False,True,algorithm,PASS
NoiseConvolutionJamming,adapt_filter,adapt_filter,30.0,50,False,False,False,UNIFIED_JSR_PASS,True,30.0,30.0,0.0,unified/pass,True,PASS,,"(1, 5000)","(1, 5000)",,True,True,True,PASS,,0.0,0,,,identity,
NoiseConvolutionJamming,adapt_filter,adapt_filter,30.0,51,False,False,False,UNIFIED_JSR_PASS,True,30.0,30.0,0.0,unified/pass,True,PASS,,"(1, 5000)","(1, 5000)",True,True,True,True,PASS,True,23.336708021815866,400241224,False,True,algorithm,PASS
NoiseConvolutionJamming,adapt_filter,adapt_filter,30.0,51,False,False,False,UNIFIED_JSR_PASS,True,30.0,30.0,0.0,unified/pass,True,PASS,,"(1, 5000)","(1, 5000)",,True,True,True,PASS,,0.0,0,,,identity,
FMZuse,WLN,WLN,0.0,42,False,False,False,UNIFIED_JSR_PASS,True,0.0,0.0,0.0,unified/pass,True,PASS,,"(1, 5000)","(1, 5000)",True,True,True,True,PASS,True,2.801000024192035,858632,False,True,algorithm,PASS
FMZuse,WLN,WLN,0.0,42,False,False,False,UNIFIED_JSR_PASS,True,0.0,0.0,0.0,unified/pass,True,PASS,,"(1, 5000)","(1, 5000)",,True,True,True,PASS,,0.0,0,,,identity,
FMZuse,WLN,WLN,0.0,43,False,False,False,UNIFIED_JSR_PASS,True,0.0,0.0,0.0,unified/pass,True,PASS,,"(1, 5000)","(1, 5000)",True,True,True,True,PASS,True,2.0871669985353947,838878,False,True,algorithm,PASS
FMZuse,WLN,WLN,0.0,43,False,False,False,UNIFIED_JSR_PASS,True,0.0,0.0,0.0,unified/pass,True,PASS,,"(1, 5000)","(1, 5000)",,True,True,True,PASS,,0.0,0,,,identity,
FMZuse,WLN,WLN,0.0,44,False,False,False,UNIFIED_JSR_PASS,True,0.0,0.0,0.0,unified/pass,True,PASS,,"(1, 5000)","(1, 5000)",True,True,True,True,PASS,True,2.124791033565998,838827,False,True,algorithm,PASS
FMZuse,WLN,WLN,0.0,44,False,False,False,UNIFIED_JSR_PASS,True,0.0,0.0,0.0,unified/pass,True,PASS,,"(1, 5000)","(1, 5000)",,True,True,True,PASS,,0.0,0,,,identity,
FMZuse,WLN,WLN,0.0,45,False,False,False,UNIFIED_JSR_PASS,True,0.0,0.0,0.0,unified/pass,True,PASS,,"(1, 5000)","(1, 5000)",True,True,True,True,PASS,True,2.159249968826771,838586,False,True,algorithm,PASS
FMZuse,WLN,WLN,0.0,45,False,False,False,UNIFIED_JSR_PASS,True,0.0,0.0,0.0,unified/pass,True,PASS,,"(1, 5000)","(1, 5000)",,True,True,True,PASS,,0.0,0,,,identity,
FMZuse,WLN,WLN,0.0,46,False,False,False,UNIFIED_JSR_PASS,True,0.0,9.64327466553287e-16,9.64327466553287e-16,unified/pass,True,PASS,,"(1, 5000)","(1, 5000)",True,True,True,True,PASS,True,2.066125045530498,838579,False,True,algorithm,PASS
FMZuse,WLN,WLN,0.0,46,False,False,False,UNIFIED_JSR_PASS,True,0.0,9.64327466553287e-16,9.64327466553287e-16,unified/pass,True,PASS,,"(1, 5000)","(1, 5000)",,True,True,True,PASS,,0.0,0,,,identity,
FMZuse,WLN,WLN,0.0,47,False,False,False,UNIFIED_JSR_PASS,True,0.0,0.0,0.0,unified/pass,True,PASS,,"(1, 5000)","(1, 5000)",True,True,True,True,PASS,True,2.052041993010789,838654,False,True,algorithm,PASS
FMZuse,WLN,WLN,0.0,47,False,False,False,UNIFIED_JSR_PASS,True,0.0,0.0,0.0,unified/pass,True,PASS,,"(1, 5000)","(1, 5000)",,True,True,True,PASS,,0.0,0,,,identity,
FMZuse,WLN,WLN,0.0,48,False,False,False,UNIFIED_JSR_PASS,True,0.0,0.0,0.0,unified/pass,True,PASS,,"(1, 5000)","(1, 5000)",True,True,True,True,PASS,True,2.0807079854421318,838751,False,True,algorithm,PASS
FMZuse,WLN,WLN,0.0,48,False,False,False,UNIFIED_JSR_PASS,True,0.0,0.0,0.0,unified/pass,True,PASS,,"(1, 5000)","(1, 5000)",,True,True,True,PASS,,0.0,0,,,identity,
FMZuse,WLN,WLN,0.0,49,False,False,False,UNIFIED_JSR_PASS,True,0.0,0.0,0.0,unified/pass,True,PASS,,"(1, 5000)","(1, 5000)",True,True,True,True,PASS,True,2.0890419837087393,838904,False,True,algorithm,PASS
FMZuse,WLN,WLN,0.0,49,False,False,False,UNIFIED_JSR_PASS,True,0.0,0.0,0.0,unified/pass,True,PASS,,"(1, 5000)","(1, 5000)",,True,True,True,PASS,,0.0,0,,,identity,
FMZuse,WLN,WLN,0.0,50,False,False,False,UNIFIED_JSR_PASS,True,0.0,-4.821637332766436e-16,-4.821637332766436e-16,unified/pass,True,PASS,,"(1, 5000)","(1, 5000)",True,True,True,True,PASS,True,2.11312499595806,838785,False,True,algorithm,PASS
FMZuse,WLN,WLN,0.0,50,False,False,False,UNIFIED_JSR_PASS,True,0.0,-4.821637332766436e-16,-4.821637332766436e-16,unified/pass,True,PASS,,"(1, 5000)","(1, 5000)",,True,True,True,PASS,,0.0,0,,,identity,
FMZuse,WLN,WLN,0.0,51,False,False,False,UNIFIED_JSR_PASS,True,0.0,-4.821637332766436e-16,-4.821637332766436e-16,unified/pass,True,PASS,,"(1, 5000)","(1, 5000)",True,True,True,True,PASS,True,2.0676670246757567,838783,False,True,algorithm,PASS
FMZuse,WLN,WLN,0.0,51,False,False,False,UNIFIED_JSR_PASS,True,0.0,-4.821637332766436e-16,-4.821637332766436e-16,unified/pass,True,PASS,,"(1, 5000)","(1, 5000)",,True,True,True,PASS,,0.0,0,,,identity,
FMZuse,WLN,WLN,10.0,42,False,False,False,UNIFIED_JSR_PASS,True,10.0,10.0,0.0,unified/pass,True,PASS,,"(1, 5000)","(1, 5000)",True,True,True,True,PASS,True,2.052791998721659,838916,False,True,algorithm,PASS
FMZuse,WLN,WLN,10.0,42,False,False,False,UNIFIED_JSR_PASS,True,10.0,10.0,0.0,unified/pass,True,PASS,,"(1, 5000)","(1, 5000)",,True,True,True,PASS,,0.0,0,,,identity,
FMZuse,WLN,WLN,10.0,43,False,False,False,UNIFIED_JSR_PASS,True,10.0,10.0,0.0,unified/pass,True,PASS,,"(1, 5000)","(1, 5000)",True,True,True,True,PASS,True,2.0520000252872705,839151,False,True,algorithm,PASS
FMZuse,WLN,WLN,10.0,43,False,False,False,UNIFIED_JSR_PASS,True,10.0,10.0,0.0,unified/pass,True,PASS,,"(1, 5000)","(1, 5000)",,True,True,True,PASS,,0.0,0,,,identity,
FMZuse,WLN,WLN,10.0,44,False,False,False,UNIFIED_JSR_PASS,True,10.0,9.999999999999998,-1.7763568394002505e-15,unified/pass,True,PASS,,"(1, 5000)","(1, 5000)",True,True,True,True,PASS,True,2.0537920063361526,838783,False,True,algorithm,PASS
FMZuse,WLN,WLN,10.0,44,False,False,False,UNIFIED_JSR_PASS,True,10.0,9.999999999999998,-1.7763568394002505e-15,unified/pass,True,PASS,,"(1, 5000)","(1, 5000)",,True,True,True,PASS,,0.0,0,,,identity,
FMZuse,WLN,WLN,10.0,45,False,False,False,UNIFIED_JSR_PASS,True,10.0,10.0,0.0,unified/pass,True,PASS,,"(1, 5000)","(1, 5000)",True,True,True,True,PASS,True,2.0604589954018593,838929,False,True,algorithm,PASS
FMZuse,WLN,WLN,10.0,45,False,False,False,UNIFIED_JSR_PASS,True,10.0,10.0,0.0,unified/pass,True,PASS,,"(1, 5000)","(1, 5000)",,True,True,True,PASS,,0.0,0,,,identity,
FMZuse,WLN,WLN,10.0,46,False,False,False,UNIFIED_JSR_PASS,True,10.0,10.000000000000002,1.7763568394002505e-15,unified/pass,True,PASS,,"(1, 5000)","(1, 5000)",True,True,True,True,PASS,True,2.0743340137414634,838630,False,True,algorithm,PASS
FMZuse,WLN,WLN,10.0,46,False,False,False,UNIFIED_JSR_PASS,True,10.0,10.000000000000002,1.7763568394002505e-15,unified/pass,True,PASS,,"(1, 5000)","(1, 5000)",,True,True,True,PASS,,0.0,0,,,identity,
FMZuse,WLN,WLN,10.0,47,False,False,False,UNIFIED_JSR_PASS,True,10.0,10.000000000000002,1.7763568394002505e-15,unified/pass,True,PASS,,"(1, 5000)","(1, 5000)",True,True,True,True,PASS,True,2.0752910058945417,838705,False,True,algorithm,PASS
FMZuse,WLN,WLN,10.0,47,False,False,False,UNIFIED_JSR_PASS,True,10.0,10.000000000000002,1.7763568394002505e-15,unified/pass,True,PASS,,"(1, 5000)","(1, 5000)",,True,True,True,PASS,,0.0,0,,,identity,
FMZuse,WLN,WLN,10.0,48,False,False,False,UNIFIED_JSR_PASS,True,10.0,10.0,0.0,unified/pass,True,PASS,,"(1, 5000)","(1, 5000)",True,True,True,True,PASS,True,2.050457987934351,838705,False,True,algorithm,PASS
FMZuse,WLN,WLN,10.0,48,False,False,False,UNIFIED_JSR_PASS,True,10.0,10.0,0.0,unified/pass,True,PASS,,"(1, 5000)","(1, 5000)",,True,True,True,PASS,,0.0,0,,,identity,
FMZuse,WLN,WLN,10.0,49,False,False,False,UNIFIED_JSR_PASS,True,10.0,10.0,0.0,unified/pass,True,PASS,,"(1, 5000)","(1, 5000)",True,True,True,True,PASS,True,2.043167012743652,838756,False,True,algorithm,PASS
FMZuse,WLN,WLN,10.0,49,False,False,False,UNIFIED_JSR_PASS,True,10.0,10.0,0.0,unified/pass,True,PASS,,"(1, 5000)","(1, 5000)",,True,True,True,PASS,,0.0,0,,,identity,
FMZuse,WLN,WLN,10.0,50,False,False,False,UNIFIED_JSR_PASS,True,10.0,9.999999999999998,-1.7763568394002505e-15,unified/pass,True,PASS,,"(1, 5000)","(1, 5000)",True,True,True,True,PASS,True,2.04604200553149,838885,False,True,algorithm,PASS
FMZuse,WLN,WLN,10.0,50,False,False,False,UNIFIED_JSR_PASS,True,10.0,9.999999999999998,-1.7763568394002505e-15,unified/pass,True,PASS,,"(1, 5000)","(1, 5000)",,True,True,True,PASS,,0.0,0,,,identity,
FMZuse,WLN,WLN,10.0,51,False,False,False,UNIFIED_JSR_PASS,True,10.0,9.999999999999998,-1.7763568394002505e-15,unified/pass,True,PASS,,"(1, 5000)","(1, 5000)",True,True,True,True,PASS,True,2.048125024884939,838732,False,True,algorithm,PASS
FMZuse,WLN,WLN,10.0,51,False,False,False,UNIFIED_JSR_PASS,True,10.0,9.999999999999998,-1.7763568394002505e-15,unified/pass,True,PASS,,"(1, 5000)","(1, 5000)",,True,True,True,PASS,,0.0,0,,,identity,
FMZuse,WLN,WLN,20.0,42,False,False,False,UNIFIED_JSR_PASS,True,20.0,20.0,0.0,unified/pass,True,PASS,,"(1, 5000)","(1, 5000)",True,True,True,True,PASS,True,2.0469999872148037,838756,False,True,algorithm,PASS
FMZuse,WLN,WLN,20.0,42,False,False,False,UNIFIED_JSR_PASS,True,20.0,20.0,0.0,unified/pass,True,PASS,,"(1, 5000)","(1, 5000)",,True,True,True,PASS,,0.0,0,,,identity,
FMZuse,WLN,WLN,20.0,43,False,False,False,UNIFIED_JSR_PASS,True,20.0,20.0,0.0,unified/pass,True,PASS,,"(1, 5000)","(1, 5000)",True,True,True,True,PASS,True,2.083500032313168,838885,False,True,algorithm,PASS
FMZuse,WLN,WLN,20.0,43,False,False,False,UNIFIED_JSR_PASS,True,20.0,20.0,0.0,unified/pass,True,PASS,,"(1, 5000)","(1, 5000)",,True,True,True,PASS,,0.0,0,,,identity,
FMZuse,WLN,WLN,20.0,44,False,False,False,UNIFIED_JSR_PASS,True,20.0,20.0,0.0,unified/pass,True,PASS,,"(1, 5000)","(1, 5000)",True,True,True,True,PASS,True,2.0376670290715992,838827,False,True,algorithm,PASS
FMZuse,WLN,WLN,20.0,44,False,False,False,UNIFIED_JSR_PASS,True,20.0,20.0,0.0,unified/pass,True,PASS,,"(1, 5000)","(1, 5000)",,True,True,True,PASS,,0.0,0,,,identity,
FMZuse,WLN,WLN,20.0,45,False,False,False,UNIFIED_JSR_PASS,True,20.0,20.0,0.0,unified/pass,True,PASS,,"(1, 5000)","(1, 5000)",True,True,True,True,PASS,True,2.0473749609664083,838623,False,True,algorithm,PASS
FMZuse,WLN,WLN,20.0,45,False,False,False,UNIFIED_JSR_PASS,True,20.0,20.0,0.0,unified/pass,True,PASS,,"(1, 5000)","(1, 5000)",,True,True,True,PASS,,0.0,0,,,identity,
FMZuse,WLN,WLN,20.0,46,False,False,False,UNIFIED_JSR_PASS,True,20.0,20.0,0.0,unified/pass,True,PASS,,"(1, 5000)","(1, 5000)",True,True,True,True,PASS,True,2.071709022857249,838630,False,True,algorithm,PASS
FMZuse,WLN,WLN,20.0,46,False,False,False,UNIFIED_JSR_PASS,True,20.0,20.0,0.0,unified/pass,True,PASS,,"(1, 5000)","(1, 5000)",,True,True,True,PASS,,0.0,0,,,identity,
FMZuse,WLN,WLN,20.0,47,False,False,False,UNIFIED_JSR_PASS,True,20.0,20.0,0.0,unified/pass,True,PASS,,"(1, 5000)","(1, 5000)",True,True,True,True,PASS,True,2.0367500255815685,838749,False,True,algorithm,PASS
FMZuse,WLN,WLN,20.0,47,False,False,False,UNIFIED_JSR_PASS,True,20.0,20.0,0.0,unified/pass,True,PASS,,"(1, 5000)","(1, 5000)",,True,True,True,PASS,,0.0,0,,,identity,
FMZuse,WLN,WLN,20.0,48,False,False,False,UNIFIED_JSR_PASS,True,20.0,19.999999999999996,-3.552713678800501e-15,unified/pass,True,PASS,,"(1, 5000)","(1, 5000)",True,True,True,True,PASS,True,2.050874987617135,838705,False,True,algorithm,PASS
FMZuse,WLN,WLN,20.0,48,False,False,False,UNIFIED_JSR_PASS,True,20.0,19.999999999999996,-3.552713678800501e-15,unified/pass,True,PASS,,"(1, 5000)","(1, 5000)",,True,True,True,PASS,,0.0,0,,,identity,
FMZuse,WLN,WLN,20.0,49,False,False,False,UNIFIED_JSR_PASS,True,20.0,20.0,0.0,unified/pass,True,PASS,,"(1, 5000)","(1, 5000)",True,True,True,True,PASS,True,2.0515830256044865,838654,False,True,algorithm,PASS
FMZuse,WLN,WLN,20.0,49,False,False,False,UNIFIED_JSR_PASS,True,20.0,20.0,0.0,unified/pass,True,PASS,,"(1, 5000)","(1, 5000)",,True,True,True,PASS,,0.0,0,,,identity,
FMZuse,WLN,WLN,20.0,50,False,False,False,UNIFIED_JSR_PASS,True,20.0,19.999999999999996,-3.552713678800501e-15,unified/pass,True,PASS,,"(1, 5000)","(1, 5000)",True,True,True,True,PASS,True,2.0447089918889105,838732,False,True,algorithm,PASS
FMZuse,WLN,WLN,20.0,50,False,False,False,UNIFIED_JSR_PASS,True,20.0,19.999999999999996,-3.552713678800501e-15,unified/pass,True,PASS,,"(1, 5000)","(1, 5000)",,True,True,True,PASS,,0.0,0,,,identity,
FMZuse,WLN,WLN,20.0,51,False,False,False,UNIFIED_JSR_PASS,True,20.0,20.0,0.0,unified/pass,True,PASS,,"(1, 5000)","(1, 5000)",True,True,True,True,PASS,True,2.0272500114515424,838681,False,True,algorithm,PASS
FMZuse,WLN,WLN,20.0,51,False,False,False,UNIFIED_JSR_PASS,True,20.0,20.0,0.0,unified/pass,True,PASS,,"(1, 5000)","(1, 5000)",,True,True,True,PASS,,0.0,0,,,identity,
FMZuse,WLN,WLN,30.0,42,False,False,False,UNIFIED_JSR_PASS,True,30.0,30.0,0.0,unified/pass,True,PASS,,"(1, 5000)","(1, 5000)",True,True,True,True,PASS,True,2.0279160235077143,838858,False,True,algorithm,PASS
FMZuse,WLN,WLN,30.0,42,False,False,False,UNIFIED_JSR_PASS,True,30.0,30.0,0.0,unified/pass,True,PASS,,"(1, 5000)","(1, 5000)",,True,True,True,PASS,,0.0,0,,,identity,
FMZuse,WLN,WLN,30.0,43,False,False,False,UNIFIED_JSR_PASS,True,30.0,30.0,0.0,unified/pass,True,PASS,,"(1, 5000)","(1, 5000)",True,True,True,True,PASS,True,2.040875027887523,838878,False,True,algorithm,PASS
FMZuse,WLN,WLN,30.0,43,False,False,False,UNIFIED_JSR_PASS,True,30.0,30.0,0.0,unified/pass,True,PASS,,"(1, 5000)","(1, 5000)",,True,True,True,PASS,,0.0,0,,,identity,
FMZuse,WLN,WLN,30.0,44,False,False,False,UNIFIED_JSR_PASS,True,30.0,30.0,0.0,unified/pass,True,PASS,,"(1, 5000)","(1, 5000)",True,True,True,True,PASS,True,2.0390829886309803,838630,False,True,algorithm,PASS
FMZuse,WLN,WLN,30.0,44,False,False,False,UNIFIED_JSR_PASS,True,30.0,30.0,0.0,unified/pass,True,PASS,,"(1, 5000)","(1, 5000)",,True,True,True,PASS,,0.0,0,,,identity,
FMZuse,WLN,WLN,30.0,45,False,False,False,UNIFIED_JSR_PASS,True,30.0,30.0,0.0,unified/pass,True,PASS,,"(1, 5000)","(1, 5000)",True,True,True,True,PASS,True,2.0387080148793757,838732,False,True,algorithm,PASS
FMZuse,WLN,WLN,30.0,45,False,False,False,UNIFIED_JSR_PASS,True,30.0,30.0,0.0,unified/pass,True,PASS,,"(1, 5000)","(1, 5000)",,True,True,True,PASS,,0.0,0,,,identity,
FMZuse,WLN,WLN,30.0,46,False,False,False,UNIFIED_JSR_PASS,True,30.0,30.0,0.0,unified/pass,True,PASS,,"(1, 5000)","(1, 5000)",True,True,True,True,PASS,True,2.0520409452728927,838776,False,True,algorithm,PASS
FMZuse,WLN,WLN,30.0,46,False,False,False,UNIFIED_JSR_PASS,True,30.0,30.0,0.0,unified/pass,True,PASS,,"(1, 5000)","(1, 5000)",,True,True,True,PASS,,0.0,0,,,identity,
FMZuse,WLN,WLN,30.0,47,False,False,False,UNIFIED_JSR_PASS,True,30.0,30.0,0.0,unified/pass,True,PASS,,"(1, 5000)","(1, 5000)",True,True,True,True,PASS,True,2.046541019808501,838807,False,True,algorithm,PASS
FMZuse,WLN,WLN,30.0,47,False,False,False,UNIFIED_JSR_PASS,True,30.0,30.0,0.0,unified/pass,True,PASS,,"(1, 5000)","(1, 5000)",,True,True,True,PASS,,0.0,0,,,identity,
FMZuse,WLN,WLN,30.0,48,False,False,False,UNIFIED_JSR_PASS,True,30.0,30.0,0.0,unified/pass,True,PASS,,"(1, 5000)","(1, 5000)",True,True,True,True,PASS,True,2.031375013757497,838603,False,True,algorithm,PASS
FMZuse,WLN,WLN,30.0,48,False,False,False,UNIFIED_JSR_PASS,True,30.0,30.0,0.0,unified/pass,True,PASS,,"(1, 5000)","(1, 5000)",,True,True,True,PASS,,0.0,0,,,identity,
FMZuse,WLN,WLN,30.0,49,False,False,False,UNIFIED_JSR_PASS,True,30.0,30.0,0.0,unified/pass,True,PASS,,"(1, 5000)","(1, 5000)",True,True,True,True,PASS,True,2.0462499815039337,838654,False,True,algorithm,PASS
FMZuse,WLN,WLN,30.0,49,False,False,False,UNIFIED_JSR_PASS,True,30.0,30.0,0.0,unified/pass,True,PASS,,"(1, 5000)","(1, 5000)",,True,True,True,PASS,,0.0,0,,,identity,
FMZuse,WLN,WLN,30.0,50,False,False,False,UNIFIED_JSR_PASS,True,30.0,30.0,0.0,unified/pass,True,PASS,,"(1, 5000)","(1, 5000)",True,True,True,True,PASS,True,2.056207973510027,838603,False,True,algorithm,PASS
FMZuse,WLN,WLN,30.0,50,False,False,False,UNIFIED_JSR_PASS,True,30.0,30.0,0.0,unified/pass,True,PASS,,"(1, 5000)","(1, 5000)",,True,True,True,PASS,,0.0,0,,,identity,
FMZuse,WLN,WLN,30.0,51,False,False,False,UNIFIED_JSR_PASS,True,30.0,30.0,0.0,unified/pass,True,PASS,,"(1, 5000)","(1, 5000)",True,True,True,True,PASS,True,2.0672500249929726,838647,False,True,algorithm,PASS
FMZuse,WLN,WLN,30.0,51,False,False,False,UNIFIED_JSR_PASS,True,30.0,30.0,0.0,unified/pass,True,PASS,,"(1, 5000)","(1, 5000)",,True,True,True,PASS,,0.0,0,,,identity,
