jammer,algorithm,adapter,jsr_db,seed,oracle_target_idx_passed,oracle_jammer_type_passed,oracle_true_jammer_signal_passed,output_shape,expected_shape,shape_ok,complex_dtype_ok,finite_ok,input_unchanged,interface_status,template_finite_ok,runtime_ms,memory_usage_bytes,target_only,role,target_only_interface_status
AMNoiseGaiJam,FDC,FrequencyDomainCanceller,0.0,42,False,False,False,"(1, 5000)","(1, 5000)",True,True,True,True,PASS,True,0.3922919859178364,967579,False,algorithm,PASS
AMNoiseGaiJam,FDC,FrequencyDomainCanceller,0.0,42,False,False,False,"(1, 5000)","(1, 5000)",,True,True,True,PASS,,0.0,0,,identity,
AMNoiseGaiJam,FDC,FrequencyDomainCanceller,0.0,43,False,False,False,"(1, 5000)","(1, 5000)",True,True,True,True,PASS,True,0.2880000392906368,967277,False,algorithm,PASS
AMNoiseGaiJam,FDC,FrequencyDomainCanceller,0.0,43,False,False,False,"(1, 5000)","(1, 5000)",,True,True,True,PASS,,0.0,0,,identity,
AMNoiseGaiJam,FDC,FrequencyDomainCanceller,0.0,44,False,False,False,"(1, 5000)","(1, 5000)",True,True,True,True,PASS,True,0.2955410163849592,967037,False,algorithm,PASS
AMNoiseGaiJam,FDC,FrequencyDomainCanceller,0.0,44,False,False,False,"(1, 5000)","(1, 5000)",,True,True,True,PASS,,0.0,0,,identity,
AMNoiseGaiJam,FDC,FrequencyDomainCanceller,0.0,45,False,False,False,"(1, 5000)","(1, 5000)",True,True,True,True,PASS,True,0.3078330191783607,967037,False,algorithm,PASS
AMNoiseGaiJam,FDC,FrequencyDomainCanceller,0.0,45,False,False,False,"(1, 5000)","(1, 5000)",,True,True,True,PASS,,0.0,0,,identity,
AMNoiseGaiJam,FDC,FrequencyDomainCanceller,0.0,46,False,False,False,"(1, 5000)","(1, 5000)",True,True,True,True,PASS,True,0.2827499993145466,967037,False,algorithm,PASS
AMNoiseGaiJam,FDC,FrequencyDomainCanceller,0.0,46,False,False,False,"(1, 5000)","(1, 5000)",,True,True,True,PASS,,0.0,0,,identity,
AMNoiseGaiJam,FDC,FrequencyDomainCanceller,0.0,47,False,False,False,"(1, 5000)","(1, 5000)",True,True,True,True,PASS,True,0.2738339826464653,967037,False,algorithm,PASS
AMNoiseGaiJam,FDC,FrequencyDomainCanceller,0.0,47,False,False,False,"(1, 5000)","(1, 5000)",,True,True,True,PASS,,0.0,0,,identity,
AMNoiseGaiJam,FDC,FrequencyDomainCanceller,0.0,48,False,False,False,"(1, 5000)","(1, 5000)",True,True,True,True,PASS,True,0.27125002816319466,967037,False,algorithm,PASS
AMNoiseGaiJam,FDC,FrequencyDomainCanceller,0.0,48,False,False,False,"(1, 5000)","(1, 5000)",,True,True,True,PASS,,0.0,0,,identity,
AMNoiseGaiJam,FDC,FrequencyDomainCanceller,0.0,49,False,False,False,"(1, 5000)","(1, 5000)",True,True,True,True,PASS,True,0.3196669858880341,967037,False,algorithm,PASS
AMNoiseGaiJam,FDC,FrequencyDomainCanceller,0.0,49,False,False,False,"(1, 5000)","(1, 5000)",,True,True,True,PASS,,0.0,0,,identity,
AMNoiseGaiJam,FDC,FrequencyDomainCanceller,0.0,50,False,False,False,"(1, 5000)","(1, 5000)",True,True,True,True,PASS,True,0.3106660442426801,967037,False,algorithm,PASS
AMNoiseGaiJam,FDC,FrequencyDomainCanceller,0.0,50,False,False,False,"(1, 5000)","(1, 5000)",,True,True,True,PASS,,0.0,0,,identity,
AMNoiseGaiJam,FDC,FrequencyDomainCanceller,0.0,51,False,False,False,"(1, 5000)","(1, 5000)",True,True,True,True,PASS,True,0.28449995443224907,967037,False,algorithm,PASS
AMNoiseGaiJam,FDC,FrequencyDomainCanceller,0.0,51,False,False,False,"(1, 5000)","(1, 5000)",,True,True,True,PASS,,0.0,0,,identity,
AMNoiseGaiJam,FDC,FrequencyDomainCanceller,10.0,42,False,False,False,"(1, 5000)","(1, 5000)",True,True,True,True,PASS,True,0.27541699819266796,967037,False,algorithm,PASS
AMNoiseGaiJam,FDC,FrequencyDomainCanceller,10.0,42,False,False,False,"(1, 5000)","(1, 5000)",,True,True,True,PASS,,0.0,0,,identity,
AMNoiseGaiJam,FDC,FrequencyDomainCanceller,10.0,43,False,False,False,"(1, 5000)","(1, 5000)",True,True,True,True,PASS,True,0.2774579916149378,967037,False,algorithm,PASS
AMNoiseGaiJam,FDC,FrequencyDomainCanceller,10.0,43,False,False,False,"(1, 5000)","(1, 5000)",,True,True,True,PASS,,0.0,0,,identity,
AMNoiseGaiJam,FDC,FrequencyDomainCanceller,10.0,44,False,False,False,"(1, 5000)","(1, 5000)",True,True,True,True,PASS,True,0.28266600565984845,967037,False,algorithm,PASS
AMNoiseGaiJam,FDC,FrequencyDomainCanceller,10.0,44,False,False,False,"(1, 5000)","(1, 5000)",,True,True,True,PASS,,0.0,0,,identity,
AMNoiseGaiJam,FDC,FrequencyDomainCanceller,10.0,45,False,False,False,"(1, 5000)","(1, 5000)",True,True,True,True,PASS,True,0.3082919865846634,967037,False,algorithm,PASS
AMNoiseGaiJam,FDC,FrequencyDomainCanceller,10.0,45,False,False,False,"(1, 5000)","(1, 5000)",,True,True,True,PASS,,0.0,0,,identity,
AMNoiseGaiJam,FDC,FrequencyDomainCanceller,10.0,46,False,False,False,"(1, 5000)","(1, 5000)",True,True,True,True,PASS,True,0.2821669913828373,967037,False,algorithm,PASS
AMNoiseGaiJam,FDC,FrequencyDomainCanceller,10.0,46,False,False,False,"(1, 5000)","(1, 5000)",,True,True,True,PASS,,0.0,0,,identity,
AMNoiseGaiJam,FDC,FrequencyDomainCanceller,10.0,47,False,False,False,"(1, 5000)","(1, 5000)",True,True,True,True,PASS,True,0.2730839769355953,967037,False,algorithm,PASS
AMNoiseGaiJam,FDC,FrequencyDomainCanceller,10.0,47,False,False,False,"(1, 5000)","(1, 5000)",,True,True,True,PASS,,0.0,0,,identity,
AMNoiseGaiJam,FDC,FrequencyDomainCanceller,10.0,48,False,False,False,"(1, 5000)","(1, 5000)",True,True,True,True,PASS,True,0.2744580269791186,967037,False,algorithm,PASS
AMNoiseGaiJam,FDC,FrequencyDomainCanceller,10.0,48,False,False,False,"(1, 5000)","(1, 5000)",,True,True,True,PASS,,0.0,0,,identity,
AMNoiseGaiJam,FDC,FrequencyDomainCanceller,10.0,49,False,False,False,"(1, 5000)","(1, 5000)",True,True,True,True,PASS,True,0.2857919898815453,967037,False,algorithm,PASS
AMNoiseGaiJam,FDC,FrequencyDomainCanceller,10.0,49,False,False,False,"(1, 5000)","(1, 5000)",,True,True,True,PASS,,0.0,0,,identity,
AMNoiseGaiJam,FDC,FrequencyDomainCanceller,10.0,50,False,False,False,"(1, 5000)","(1, 5000)",True,True,True,True,PASS,True,0.2797500346787274,967037,False,algorithm,PASS
AMNoiseGaiJam,FDC,FrequencyDomainCanceller,10.0,50,False,False,False,"(1, 5000)","(1, 5000)",,True,True,True,PASS,,0.0,0,,identity,
AMNoiseGaiJam,FDC,FrequencyDomainCanceller,10.0,51,False,False,False,"(1, 5000)","(1, 5000)",True,True,True,True,PASS,True,0.28791598742827773,967037,False,algorithm,PASS
AMNoiseGaiJam,FDC,FrequencyDomainCanceller,10.0,51,False,False,False,"(1, 5000)","(1, 5000)",,True,True,True,PASS,,0.0,0,,identity,
AMNoiseGaiJam,FDC,FrequencyDomainCanceller,20.0,42,False,False,False,"(1, 5000)","(1, 5000)",True,True,True,True,PASS,True,0.28204103000462055,967037,False,algorithm,PASS
AMNoiseGaiJam,FDC,FrequencyDomainCanceller,20.0,42,False,False,False,"(1, 5000)","(1, 5000)",,True,True,True,PASS,,0.0,0,,identity,
AMNoiseGaiJam,FDC,FrequencyDomainCanceller,20.0,43,False,False,False,"(1, 5000)","(1, 5000)",True,True,True,True,PASS,True,0.2769999555312097,967037,False,algorithm,PASS
AMNoiseGaiJam,FDC,FrequencyDomainCanceller,20.0,43,False,False,False,"(1, 5000)","(1, 5000)",,True,True,True,PASS,,0.0,0,,identity,
AMNoiseGaiJam,FDC,FrequencyDomainCanceller,20.0,44,False,False,False,"(1, 5000)","(1, 5000)",True,True,True,True,PASS,True,0.27304200921207666,967037,False,algorithm,PASS
AMNoiseGaiJam,FDC,FrequencyDomainCanceller,20.0,44,False,False,False,"(1, 5000)","(1, 5000)",,True,True,True,PASS,,0.0,0,,identity,
AMNoiseGaiJam,FDC,FrequencyDomainCanceller,20.0,45,False,False,False,"(1, 5000)","(1, 5000)",True,True,True,True,PASS,True,0.2843340043909848,967037,False,algorithm,PASS
AMNoiseGaiJam,FDC,FrequencyDomainCanceller,20.0,45,False,False,False,"(1, 5000)","(1, 5000)",,True,True,True,PASS,,0.0,0,,identity,
AMNoiseGaiJam,FDC,FrequencyDomainCanceller,20.0,46,False,False,False,"(1, 5000)","(1, 5000)",True,True,True,True,PASS,True,0.3433750243857503,967037,False,algorithm,PASS
AMNoiseGaiJam,FDC,FrequencyDomainCanceller,20.0,46,False,False,False,"(1, 5000)","(1, 5000)",,True,True,True,PASS,,0.0,0,,identity,
AMNoiseGaiJam,FDC,FrequencyDomainCanceller,20.0,47,False,False,False,"(1, 5000)","(1, 5000)",True,True,True,True,PASS,True,0.27054199017584324,967037,False,algorithm,PASS
AMNoiseGaiJam,FDC,FrequencyDomainCanceller,20.0,47,False,False,False,"(1, 5000)","(1, 5000)",,True,True,True,PASS,,0.0,0,,identity,
AMNoiseGaiJam,FDC,FrequencyDomainCanceller,20.0,48,False,False,False,"(1, 5000)","(1, 5000)",True,True,True,True,PASS,True,0.2696249866858125,967037,False,algorithm,PASS
AMNoiseGaiJam,FDC,FrequencyDomainCanceller,20.0,48,False,False,False,"(1, 5000)","(1, 5000)",,True,True,True,PASS,,0.0,0,,identity,
AMNoiseGaiJam,FDC,FrequencyDomainCanceller,20.0,49,False,False,False,"(1, 5000)","(1, 5000)",True,True,True,True,PASS,True,0.27424999279901385,967037,False,algorithm,PASS
AMNoiseGaiJam,FDC,FrequencyDomainCanceller,20.0,49,False,False,False,"(1, 5000)","(1, 5000)",,True,True,True,PASS,,0.0,0,,identity,
AMNoiseGaiJam,FDC,FrequencyDomainCanceller,20.0,50,False,False,False,"(1, 5000)","(1, 5000)",True,True,True,True,PASS,True,0.28295902302488685,967037,False,algorithm,PASS
AMNoiseGaiJam,FDC,FrequencyDomainCanceller,20.0,50,False,False,False,"(1, 5000)","(1, 5000)",,True,True,True,PASS,,0.0,0,,identity,
AMNoiseGaiJam,FDC,FrequencyDomainCanceller,20.0,51,False,False,False,"(1, 5000)","(1, 5000)",True,True,True,True,PASS,True,0.27412502095103264,967037,False,algorithm,PASS
AMNoiseGaiJam,FDC,FrequencyDomainCanceller,20.0,51,False,False,False,"(1, 5000)","(1, 5000)",,True,True,True,PASS,,0.0,0,,identity,
AMNoiseGaiJam,FDC,FrequencyDomainCanceller,30.0,42,False,False,False,"(1, 5000)","(1, 5000)",True,True,True,True,PASS,True,0.27312501333653927,967037,False,algorithm,PASS
AMNoiseGaiJam,FDC,FrequencyDomainCanceller,30.0,42,False,False,False,"(1, 5000)","(1, 5000)",,True,True,True,PASS,,0.0,0,,identity,
AMNoiseGaiJam,FDC,FrequencyDomainCanceller,30.0,43,False,False,False,"(1, 5000)","(1, 5000)",True,True,True,True,PASS,True,0.2721670316532254,967037,False,algorithm,PASS
AMNoiseGaiJam,FDC,FrequencyDomainCanceller,30.0,43,False,False,False,"(1, 5000)","(1, 5000)",,True,True,True,PASS,,0.0,0,,identity,
AMNoiseGaiJam,FDC,FrequencyDomainCanceller,30.0,44,False,False,False,"(1, 5000)","(1, 5000)",True,True,True,True,PASS,True,0.272165983915329,967037,False,algorithm,PASS
AMNoiseGaiJam,FDC,FrequencyDomainCanceller,30.0,44,False,False,False,"(1, 5000)","(1, 5000)",,True,True,True,PASS,,0.0,0,,identity,
AMNoiseGaiJam,FDC,FrequencyDomainCanceller,30.0,45,False,False,False,"(1, 5000)","(1, 5000)",True,True,True,True,PASS,True,0.2766670077107847,967037,False,algorithm,PASS
AMNoiseGaiJam,FDC,FrequencyDomainCanceller,30.0,45,False,False,False,"(1, 5000)","(1, 5000)",,True,True,True,PASS,,0.0,0,,identity,
AMNoiseGaiJam,FDC,FrequencyDomainCanceller,30.0,46,False,False,False,"(1, 5000)","(1, 5000)",True,True,True,True,PASS,True,0.275125028565526,967037,False,algorithm,PASS
AMNoiseGaiJam,FDC,FrequencyDomainCanceller,30.0,46,False,False,False,"(1, 5000)","(1, 5000)",,True,True,True,PASS,,0.0,0,,identity,
AMNoiseGaiJam,FDC,FrequencyDomainCanceller,30.0,47,False,False,False,"(1, 5000)","(1, 5000)",True,True,True,True,PASS,True,0.280542008113116,967037,False,algorithm,PASS
AMNoiseGaiJam,FDC,FrequencyDomainCanceller,30.0,47,False,False,False,"(1, 5000)","(1, 5000)",,True,True,True,PASS,,0.0,0,,identity,
AMNoiseGaiJam,FDC,FrequencyDomainCanceller,30.0,48,False,False,False,"(1, 5000)","(1, 5000)",True,True,True,True,PASS,True,0.2714170259423554,967037,False,algorithm,PASS
AMNoiseGaiJam,FDC,FrequencyDomainCanceller,30.0,48,False,False,False,"(1, 5000)","(1, 5000)",,True,True,True,PASS,,0.0,0,,identity,
AMNoiseGaiJam,FDC,FrequencyDomainCanceller,30.0,49,False,False,False,"(1, 5000)","(1, 5000)",True,True,True,True,PASS,True,0.2732919529080391,967037,False,algorithm,PASS
AMNoiseGaiJam,FDC,FrequencyDomainCanceller,30.0,49,False,False,False,"(1, 5000)","(1, 5000)",,True,True,True,PASS,,0.0,0,,identity,
AMNoiseGaiJam,FDC,FrequencyDomainCanceller,30.0,50,False,False,False,"(1, 5000)","(1, 5000)",True,True,True,True,PASS,True,0.27608301024883986,967037,False,algorithm,PASS
AMNoiseGaiJam,FDC,FrequencyDomainCanceller,30.0,50,False,False,False,"(1, 5000)","(1, 5000)",,True,True,True,PASS,,0.0,0,,identity,
AMNoiseGaiJam,FDC,FrequencyDomainCanceller,30.0,51,False,False,False,"(1, 5000)","(1, 5000)",True,True,True,True,PASS,True,0.2793750027194619,967037,False,algorithm,PASS
AMNoiseGaiJam,FDC,FrequencyDomainCanceller,30.0,51,False,False,False,"(1, 5000)","(1, 5000)",,True,True,True,PASS,,0.0,0,,identity,
FMNoiseAimedJam,FrFT,frft_filter,0.0,42,False,False,False,"(1, 5000)","(1, 5000)",True,True,True,True,PASS,True,39.90729100769386,1156020,False,algorithm,PASS
FMNoiseAimedJam,FrFT,frft_filter,0.0,42,False,False,False,"(1, 5000)","(1, 5000)",,True,True,True,PASS,,0.0,0,,identity,
FMNoiseAimedJam,FrFT,frft_filter,0.0,43,False,False,False,"(1, 5000)","(1, 5000)",True,True,True,True,PASS,True,37.04733302583918,1129590,False,algorithm,PASS
FMNoiseAimedJam,FrFT,frft_filter,0.0,43,False,False,False,"(1, 5000)","(1, 5000)",,True,True,True,PASS,,0.0,0,,identity,
FMNoiseAimedJam,FrFT,frft_filter,0.0,44,False,False,False,"(1, 5000)","(1, 5000)",True,True,True,True,PASS,True,36.67066595517099,1129590,False,algorithm,PASS
FMNoiseAimedJam,FrFT,frft_filter,0.0,44,False,False,False,"(1, 5000)","(1, 5000)",,True,True,True,PASS,,0.0,0,,identity,
FMNoiseAimedJam,FrFT,frft_filter,0.0,45,False,False,False,"(1, 5000)","(1, 5000)",True,True,True,True,PASS,True,37.03520796261728,1129590,False,algorithm,PASS
FMNoiseAimedJam,FrFT,frft_filter,0.0,45,False,False,False,"(1, 5000)","(1, 5000)",,True,True,True,PASS,,0.0,0,,identity,
FMNoiseAimedJam,FrFT,frft_filter,0.0,46,False,False,False,"(1, 5000)","(1, 5000)",True,True,True,True,PASS,True,36.894457996822894,1129518,False,algorithm,PASS
FMNoiseAimedJam,FrFT,frft_filter,0.0,46,False,False,False,"(1, 5000)","(1, 5000)",,True,True,True,PASS,,0.0,0,,identity,
FMNoiseAimedJam,FrFT,frft_filter,0.0,47,False,False,False,"(1, 5000)","(1, 5000)",True,True,True,True,PASS,True,36.796415981370956,1129566,False,algorithm,PASS
FMNoiseAimedJam,FrFT,frft_filter,0.0,47,False,False,False,"(1, 5000)","(1, 5000)",,True,True,True,PASS,,0.0,0,,identity,
FMNoiseAimedJam,FrFT,frft_filter,0.0,48,False,False,False,"(1, 5000)","(1, 5000)",True,True,True,True,PASS,True,36.789874953683466,1129638,False,algorithm,PASS
FMNoiseAimedJam,FrFT,frft_filter,0.0,48,False,False,False,"(1, 5000)","(1, 5000)",,True,True,True,PASS,,0.0,0,,identity,
FMNoiseAimedJam,FrFT,frft_filter,0.0,49,False,False,False,"(1, 5000)","(1, 5000)",True,True,True,True,PASS,True,40.85233301157132,1129590,False,algorithm,PASS
FMNoiseAimedJam,FrFT,frft_filter,0.0,49,False,False,False,"(1, 5000)","(1, 5000)",,True,True,True,PASS,,0.0,0,,identity,
FMNoiseAimedJam,FrFT,frft_filter,0.0,50,False,False,False,"(1, 5000)","(1, 5000)",True,True,True,True,PASS,True,39.202666957862675,1129590,False,algorithm,PASS
FMNoiseAimedJam,FrFT,frft_filter,0.0,50,False,False,False,"(1, 5000)","(1, 5000)",,True,True,True,PASS,,0.0,0,,identity,
FMNoiseAimedJam,FrFT,frft_filter,0.0,51,False,False,False,"(1, 5000)","(1, 5000)",True,True,True,True,PASS,True,39.30416697403416,1129542,False,algorithm,PASS
FMNoiseAimedJam,FrFT,frft_filter,0.0,51,False,False,False,"(1, 5000)","(1, 5000)",,True,True,True,PASS,,0.0,0,,identity,
FMNoiseAimedJam,FrFT,frft_filter,10.0,42,False,False,False,"(1, 5000)","(1, 5000)",True,True,True,True,PASS,True,37.52366703702137,1129638,False,algorithm,PASS
FMNoiseAimedJam,FrFT,frft_filter,10.0,42,False,False,False,"(1, 5000)","(1, 5000)",,True,True,True,PASS,,0.0,0,,identity,
FMNoiseAimedJam,FrFT,frft_filter,10.0,43,False,False,False,"(1, 5000)","(1, 5000)",True,True,True,True,PASS,True,37.81091602286324,1129590,False,algorithm,PASS
FMNoiseAimedJam,FrFT,frft_filter,10.0,43,False,False,False,"(1, 5000)","(1, 5000)",,True,True,True,PASS,,0.0,0,,identity,
FMNoiseAimedJam,FrFT,frft_filter,10.0,44,False,False,False,"(1, 5000)","(1, 5000)",True,True,True,True,PASS,True,39.32866599643603,1129590,False,algorithm,PASS
FMNoiseAimedJam,FrFT,frft_filter,10.0,44,False,False,False,"(1, 5000)","(1, 5000)",,True,True,True,PASS,,0.0,0,,identity,
FMNoiseAimedJam,FrFT,frft_filter,10.0,45,False,False,False,"(1, 5000)","(1, 5000)",True,True,True,True,PASS,True,39.13508402183652,1129614,False,algorithm,PASS
FMNoiseAimedJam,FrFT,frft_filter,10.0,45,False,False,False,"(1, 5000)","(1, 5000)",,True,True,True,PASS,,0.0,0,,identity,
FMNoiseAimedJam,FrFT,frft_filter,10.0,46,False,False,False,"(1, 5000)","(1, 5000)",True,True,True,True,PASS,True,38.39620901271701,1129518,False,algorithm,PASS
FMNoiseAimedJam,FrFT,frft_filter,10.0,46,False,False,False,"(1, 5000)","(1, 5000)",,True,True,True,PASS,,0.0,0,,identity,
FMNoiseAimedJam,FrFT,frft_filter,10.0,47,False,False,False,"(1, 5000)","(1, 5000)",True,True,True,True,PASS,True,37.139874999411404,1129566,False,algorithm,PASS
FMNoiseAimedJam,FrFT,frft_filter,10.0,47,False,False,False,"(1, 5000)","(1, 5000)",,True,True,True,PASS,,0.0,0,,identity,
FMNoiseAimedJam,FrFT,frft_filter,10.0,48,False,False,False,"(1, 5000)","(1, 5000)",True,True,True,True,PASS,True,37.069583020638674,1129638,False,algorithm,PASS
FMNoiseAimedJam,FrFT,frft_filter,10.0,48,False,False,False,"(1, 5000)","(1, 5000)",,True,True,True,PASS,,0.0,0,,identity,
FMNoiseAimedJam,FrFT,frft_filter,10.0,49,False,False,False,"(1, 5000)","(1, 5000)",True,True,True,True,PASS,True,36.70854197116569,1129590,False,algorithm,PASS
FMNoiseAimedJam,FrFT,frft_filter,10.0,49,False,False,False,"(1, 5000)","(1, 5000)",,True,True,True,PASS,,0.0,0,,identity,
FMNoiseAimedJam,FrFT,frft_filter,10.0,50,False,False,False,"(1, 5000)","(1, 5000)",True,True,True,True,PASS,True,36.85441700508818,1129590,False,algorithm,PASS
FMNoiseAimedJam,FrFT,frft_filter,10.0,50,False,False,False,"(1, 5000)","(1, 5000)",,True,True,True,PASS,,0.0,0,,identity,
FMNoiseAimedJam,FrFT,frft_filter,10.0,51,False,False,False,"(1, 5000)","(1, 5000)",True,True,True,True,PASS,True,36.62270796485245,1129590,False,algorithm,PASS
FMNoiseAimedJam,FrFT,frft_filter,10.0,51,False,False,False,"(1, 5000)","(1, 5000)",,True,True,True,PASS,,0.0,0,,identity,
FMNoiseAimedJam,FrFT,frft_filter,20.0,42,False,False,False,"(1, 5000)","(1, 5000)",True,True,True,True,PASS,True,37.0307500124909,1129590,False,algorithm,PASS
FMNoiseAimedJam,FrFT,frft_filter,20.0,42,False,False,False,"(1, 5000)","(1, 5000)",,True,True,True,PASS,,0.0,0,,identity,
FMNoiseAimedJam,FrFT,frft_filter,20.0,43,False,False,False,"(1, 5000)","(1, 5000)",True,True,True,True,PASS,True,39.12016598042101,1129590,False,algorithm,PASS
FMNoiseAimedJam,FrFT,frft_filter,20.0,43,False,False,False,"(1, 5000)","(1, 5000)",,True,True,True,PASS,,0.0,0,,identity,
FMNoiseAimedJam,FrFT,frft_filter,20.0,44,False,False,False,"(1, 5000)","(1, 5000)",True,True,True,True,PASS,True,39.41558301448822,1129590,False,algorithm,PASS
FMNoiseAimedJam,FrFT,frft_filter,20.0,44,False,False,False,"(1, 5000)","(1, 5000)",,True,True,True,PASS,,0.0,0,,identity,
FMNoiseAimedJam,FrFT,frft_filter,20.0,45,False,False,False,"(1, 5000)","(1, 5000)",True,True,True,True,PASS,True,42.76133299572393,1129614,False,algorithm,PASS
FMNoiseAimedJam,FrFT,frft_filter,20.0,45,False,False,False,"(1, 5000)","(1, 5000)",,True,True,True,PASS,,0.0,0,,identity,
FMNoiseAimedJam,FrFT,frft_filter,20.0,46,False,False,False,"(1, 5000)","(1, 5000)",True,True,True,True,PASS,True,41.862000012770295,1129518,False,algorithm,PASS
FMNoiseAimedJam,FrFT,frft_filter,20.0,46,False,False,False,"(1, 5000)","(1, 5000)",,True,True,True,PASS,,0.0,0,,identity,
FMNoiseAimedJam,FrFT,frft_filter,20.0,47,False,False,False,"(1, 5000)","(1, 5000)",True,True,True,True,PASS,True,41.81320802308619,1129566,False,algorithm,PASS
FMNoiseAimedJam,FrFT,frft_filter,20.0,47,False,False,False,"(1, 5000)","(1, 5000)",,True,True,True,PASS,,0.0,0,,identity,
FMNoiseAimedJam,FrFT,frft_filter,20.0,48,False,False,False,"(1, 5000)","(1, 5000)",True,True,True,True,PASS,True,43.20904199266806,1129638,False,algorithm,PASS
FMNoiseAimedJam,FrFT,frft_filter,20.0,48,False,False,False,"(1, 5000)","(1, 5000)",,True,True,True,PASS,,0.0,0,,identity,
FMNoiseAimedJam,FrFT,frft_filter,20.0,49,False,False,False,"(1, 5000)","(1, 5000)",True,True,True,True,PASS,True,42.310832999646664,1129590,False,algorithm,PASS
FMNoiseAimedJam,FrFT,frft_filter,20.0,49,False,False,False,"(1, 5000)","(1, 5000)",,True,True,True,PASS,,0.0,0,,identity,
FMNoiseAimedJam,FrFT,frft_filter,20.0,50,False,False,False,"(1, 5000)","(1, 5000)",True,True,True,True,PASS,True,41.468874958809465,1129590,False,algorithm,PASS
FMNoiseAimedJam,FrFT,frft_filter,20.0,50,False,False,False,"(1, 5000)","(1, 5000)",,True,True,True,PASS,,0.0,0,,identity,
FMNoiseAimedJam,FrFT,frft_filter,20.0,51,False,False,False,"(1, 5000)","(1, 5000)",True,True,True,True,PASS,True,44.124041975010186,1129590,False,algorithm,PASS
FMNoiseAimedJam,FrFT,frft_filter,20.0,51,False,False,False,"(1, 5000)","(1, 5000)",,True,True,True,PASS,,0.0,0,,identity,
FMNoiseAimedJam,FrFT,frft_filter,30.0,42,False,False,False,"(1, 5000)","(1, 5000)",True,True,True,True,PASS,True,42.665582965128124,1129590,False,algorithm,PASS
FMNoiseAimedJam,FrFT,frft_filter,30.0,42,False,False,False,"(1, 5000)","(1, 5000)",,True,True,True,PASS,,0.0,0,,identity,
FMNoiseAimedJam,FrFT,frft_filter,30.0,43,False,False,False,"(1, 5000)","(1, 5000)",True,True,True,True,PASS,True,43.01866702735424,1129590,False,algorithm,PASS
FMNoiseAimedJam,FrFT,frft_filter,30.0,43,False,False,False,"(1, 5000)","(1, 5000)",,True,True,True,PASS,,0.0,0,,identity,
FMNoiseAimedJam,FrFT,frft_filter,30.0,44,False,False,False,"(1, 5000)","(1, 5000)",True,True,True,True,PASS,True,41.046292055398226,1129590,False,algorithm,PASS
FMNoiseAimedJam,FrFT,frft_filter,30.0,44,False,False,False,"(1, 5000)","(1, 5000)",,True,True,True,PASS,,0.0,0,,identity,
FMNoiseAimedJam,FrFT,frft_filter,30.0,45,False,False,False,"(1, 5000)","(1, 5000)",True,True,True,True,PASS,True,43.33124996628612,1129614,False,algorithm,PASS
FMNoiseAimedJam,FrFT,frft_filter,30.0,45,False,False,False,"(1, 5000)","(1, 5000)",,True,True,True,PASS,,0.0,0,,identity,
FMNoiseAimedJam,FrFT,frft_filter,30.0,46,False,False,False,"(1, 5000)","(1, 5000)",True,True,True,True,PASS,True,42.31983399949968,1129518,False,algorithm,PASS
FMNoiseAimedJam,FrFT,frft_filter,30.0,46,False,False,False,"(1, 5000)","(1, 5000)",,True,True,True,PASS,,0.0,0,,identity,
FMNoiseAimedJam,FrFT,frft_filter,30.0,47,False,False,False,"(1, 5000)","(1, 5000)",True,True,True,True,PASS,True,50.932624959386885,1129566,False,algorithm,PASS
FMNoiseAimedJam,FrFT,frft_filter,30.0,47,False,False,False,"(1, 5000)","(1, 5000)",,True,True,True,PASS,,0.0,0,,identity,
FMNoiseAimedJam,FrFT,frft_filter,30.0,48,False,False,False,"(1, 5000)","(1, 5000)",True,True,True,True,PASS,True,61.69695901917294,1129638,False,algorithm,PASS
FMNoiseAimedJam,FrFT,frft_filter,30.0,48,False,False,False,"(1, 5000)","(1, 5000)",,True,True,True,PASS,,0.0,0,,identity,
FMNoiseAimedJam,FrFT,frft_filter,30.0,49,False,False,False,"(1, 5000)","(1, 5000)",True,True,True,True,PASS,True,47.61370801134035,1129590,False,algorithm,PASS
FMNoiseAimedJam,FrFT,frft_filter,30.0,49,False,False,False,"(1, 5000)","(1, 5000)",,True,True,True,PASS,,0.0,0,,identity,
FMNoiseAimedJam,FrFT,frft_filter,30.0,50,False,False,False,"(1, 5000)","(1, 5000)",True,True,True,True,PASS,True,53.60812501749024,1129590,False,algorithm,PASS
FMNoiseAimedJam,FrFT,frft_filter,30.0,50,False,False,False,"(1, 5000)","(1, 5000)",,True,True,True,PASS,,0.0,0,,identity,
FMNoiseAimedJam,FrFT,frft_filter,30.0,51,False,False,False,"(1, 5000)","(1, 5000)",True,True,True,True,PASS,True,49.65779202757403,1129590,False,algorithm,PASS
FMNoiseAimedJam,FrFT,frft_filter,30.0,51,False,False,False,"(1, 5000)","(1, 5000)",,True,True,True,PASS,,0.0,0,,identity,
FMNoiseSaopin,FrFT,frft_filter,0.0,42,False,False,False,"(1, 5000)","(1, 5000)",True,True,True,True,PASS,True,45.752374979201704,1129670,False,algorithm,PASS
FMNoiseSaopin,FrFT,frft_filter,0.0,42,False,False,False,"(1, 5000)","(1, 5000)",,True,True,True,PASS,,0.0,0,,identity,
FMNoiseSaopin,FrFT,frft_filter,0.0,43,False,False,False,"(1, 5000)","(1, 5000)",True,True,True,True,PASS,True,45.86766700958833,1129590,False,algorithm,PASS
FMNoiseSaopin,FrFT,frft_filter,0.0,43,False,False,False,"(1, 5000)","(1, 5000)",,True,True,True,PASS,,0.0,0,,identity,
FMNoiseSaopin,FrFT,frft_filter,0.0,44,False,False,False,"(1, 5000)","(1, 5000)",True,True,True,True,PASS,True,42.91725001530722,1129590,False,algorithm,PASS
FMNoiseSaopin,FrFT,frft_filter,0.0,44,False,False,False,"(1, 5000)","(1, 5000)",,True,True,True,PASS,,0.0,0,,identity,
FMNoiseSaopin,FrFT,frft_filter,0.0,45,False,False,False,"(1, 5000)","(1, 5000)",True,True,True,True,PASS,True,41.70129098929465,1129542,False,algorithm,PASS
FMNoiseSaopin,FrFT,frft_filter,0.0,45,False,False,False,"(1, 5000)","(1, 5000)",,True,True,True,PASS,,0.0,0,,identity,
FMNoiseSaopin,FrFT,frft_filter,0.0,46,False,False,False,"(1, 5000)","(1, 5000)",True,True,True,True,PASS,True,43.50908298511058,1129638,False,algorithm,PASS
FMNoiseSaopin,FrFT,frft_filter,0.0,46,False,False,False,"(1, 5000)","(1, 5000)",,True,True,True,PASS,,0.0,0,,identity,
FMNoiseSaopin,FrFT,frft_filter,0.0,47,False,False,False,"(1, 5000)","(1, 5000)",True,True,True,True,PASS,True,47.53479204373434,1129518,False,algorithm,PASS
FMNoiseSaopin,FrFT,frft_filter,0.0,47,False,False,False,"(1, 5000)","(1, 5000)",,True,True,True,PASS,,0.0,0,,identity,
FMNoiseSaopin,FrFT,frft_filter,0.0,48,False,False,False,"(1, 5000)","(1, 5000)",True,True,True,True,PASS,True,46.92325001815334,1129638,False,algorithm,PASS
FMNoiseSaopin,FrFT,frft_filter,0.0,48,False,False,False,"(1, 5000)","(1, 5000)",,True,True,True,PASS,,0.0,0,,identity,
FMNoiseSaopin,FrFT,frft_filter,0.0,49,False,False,False,"(1, 5000)","(1, 5000)",True,True,True,True,PASS,True,52.12850001407787,1129590,False,algorithm,PASS
FMNoiseSaopin,FrFT,frft_filter,0.0,49,False,False,False,"(1, 5000)","(1, 5000)",,True,True,True,PASS,,0.0,0,,identity,
FMNoiseSaopin,FrFT,frft_filter,0.0,50,False,False,False,"(1, 5000)","(1, 5000)",True,True,True,True,PASS,True,53.35591599578038,1129590,False,algorithm,PASS
FMNoiseSaopin,FrFT,frft_filter,0.0,50,False,False,False,"(1, 5000)","(1, 5000)",,True,True,True,PASS,,0.0,0,,identity,
FMNoiseSaopin,FrFT,frft_filter,0.0,51,False,False,False,"(1, 5000)","(1, 5000)",True,True,True,True,PASS,True,48.164290958084166,1129518,False,algorithm,PASS
FMNoiseSaopin,FrFT,frft_filter,0.0,51,False,False,False,"(1, 5000)","(1, 5000)",,True,True,True,PASS,,0.0,0,,identity,
FMNoiseSaopin,FrFT,frft_filter,10.0,42,False,False,False,"(1, 5000)","(1, 5000)",True,True,True,True,PASS,True,49.35037496034056,1129638,False,algorithm,PASS
FMNoiseSaopin,FrFT,frft_filter,10.0,42,False,False,False,"(1, 5000)","(1, 5000)",,True,True,True,PASS,,0.0,0,,identity,
FMNoiseSaopin,FrFT,frft_filter,10.0,43,False,False,False,"(1, 5000)","(1, 5000)",True,True,True,True,PASS,True,45.5404999665916,1129590,False,algorithm,PASS
FMNoiseSaopin,FrFT,frft_filter,10.0,43,False,False,False,"(1, 5000)","(1, 5000)",,True,True,True,PASS,,0.0,0,,identity,
FMNoiseSaopin,FrFT,frft_filter,10.0,44,False,False,False,"(1, 5000)","(1, 5000)",True,True,True,True,PASS,True,45.79454200575128,1129590,False,algorithm,PASS
FMNoiseSaopin,FrFT,frft_filter,10.0,44,False,False,False,"(1, 5000)","(1, 5000)",,True,True,True,PASS,,0.0,0,,identity,
FMNoiseSaopin,FrFT,frft_filter,10.0,45,False,False,False,"(1, 5000)","(1, 5000)",True,True,True,True,PASS,True,45.379791990853846,1129542,False,algorithm,PASS
FMNoiseSaopin,FrFT,frft_filter,10.0,45,False,False,False,"(1, 5000)","(1, 5000)",,True,True,True,PASS,,0.0,0,,identity,
FMNoiseSaopin,FrFT,frft_filter,10.0,46,False,False,False,"(1, 5000)","(1, 5000)",True,True,True,True,PASS,True,44.270666025113314,1129662,False,algorithm,PASS
FMNoiseSaopin,FrFT,frft_filter,10.0,46,False,False,False,"(1, 5000)","(1, 5000)",,True,True,True,PASS,,0.0,0,,identity,
FMNoiseSaopin,FrFT,frft_filter,10.0,47,False,False,False,"(1, 5000)","(1, 5000)",True,True,True,True,PASS,True,45.6220000050962,1129518,False,algorithm,PASS
FMNoiseSaopin,FrFT,frft_filter,10.0,47,False,False,False,"(1, 5000)","(1, 5000)",,True,True,True,PASS,,0.0,0,,identity,
FMNoiseSaopin,FrFT,frft_filter,10.0,48,False,False,False,"(1, 5000)","(1, 5000)",True,True,True,True,PASS,True,42.720334022305906,1129638,False,algorithm,PASS
FMNoiseSaopin,FrFT,frft_filter,10.0,48,False,False,False,"(1, 5000)","(1, 5000)",,True,True,True,PASS,,0.0,0,,identity,
FMNoiseSaopin,FrFT,frft_filter,10.0,49,False,False,False,"(1, 5000)","(1, 5000)",True,True,True,True,PASS,True,41.240000049583614,1129590,False,algorithm,PASS
FMNoiseSaopin,FrFT,frft_filter,10.0,49,False,False,False,"(1, 5000)","(1, 5000)",,True,True,True,PASS,,0.0,0,,identity,
FMNoiseSaopin,FrFT,frft_filter,10.0,50,False,False,False,"(1, 5000)","(1, 5000)",True,True,True,True,PASS,True,41.63820802932605,1129590,False,algorithm,PASS
FMNoiseSaopin,FrFT,frft_filter,10.0,50,False,False,False,"(1, 5000)","(1, 5000)",,True,True,True,PASS,,0.0,0,,identity,
FMNoiseSaopin,FrFT,frft_filter,10.0,51,False,False,False,"(1, 5000)","(1, 5000)",True,True,True,True,PASS,True,39.6677500102669,1129518,False,algorithm,PASS
FMNoiseSaopin,FrFT,frft_filter,10.0,51,False,False,False,"(1, 5000)","(1, 5000)",,True,True,True,PASS,,0.0,0,,identity,
FMNoiseSaopin,FrFT,frft_filter,20.0,42,False,False,False,"(1, 5000)","(1, 5000)",True,True,True,True,PASS,True,39.2947499640286,1129630,False,algorithm,PASS
FMNoiseSaopin,FrFT,frft_filter,20.0,42,False,False,False,"(1, 5000)","(1, 5000)",,True,True,True,PASS,,0.0,0,,identity,
FMNoiseSaopin,FrFT,frft_filter,20.0,43,False,False,False,"(1, 5000)","(1, 5000)",True,True,True,True,PASS,True,39.76200002944097,1129614,False,algorithm,PASS
FMNoiseSaopin,FrFT,frft_filter,20.0,43,False,False,False,"(1, 5000)","(1, 5000)",,True,True,True,PASS,,0.0,0,,identity,
FMNoiseSaopin,FrFT,frft_filter,20.0,44,False,False,False,"(1, 5000)","(1, 5000)",True,True,True,True,PASS,True,46.436875010840595,1129614,False,algorithm,PASS
FMNoiseSaopin,FrFT,frft_filter,20.0,44,False,False,False,"(1, 5000)","(1, 5000)",,True,True,True,PASS,,0.0,0,,identity,
FMNoiseSaopin,FrFT,frft_filter,20.0,45,False,False,False,"(1, 5000)","(1, 5000)",True,True,True,True,PASS,True,41.23795800842345,1129542,False,algorithm,PASS
FMNoiseSaopin,FrFT,frft_filter,20.0,45,False,False,False,"(1, 5000)","(1, 5000)",,True,True,True,PASS,,0.0,0,,identity,
FMNoiseSaopin,FrFT,frft_filter,20.0,46,False,False,False,"(1, 5000)","(1, 5000)",True,True,True,True,PASS,True,41.47408303106204,1129662,False,algorithm,PASS
FMNoiseSaopin,FrFT,frft_filter,20.0,46,False,False,False,"(1, 5000)","(1, 5000)",,True,True,True,PASS,,0.0,0,,identity,
FMNoiseSaopin,FrFT,frft_filter,20.0,47,False,False,False,"(1, 5000)","(1, 5000)",True,True,True,True,PASS,True,49.09495799802244,1129518,False,algorithm,PASS
FMNoiseSaopin,FrFT,frft_filter,20.0,47,False,False,False,"(1, 5000)","(1, 5000)",,True,True,True,PASS,,0.0,0,,identity,
FMNoiseSaopin,FrFT,frft_filter,20.0,48,False,False,False,"(1, 5000)","(1, 5000)",True,True,True,True,PASS,True,39.906582969706506,1129662,False,algorithm,PASS
FMNoiseSaopin,FrFT,frft_filter,20.0,48,False,False,False,"(1, 5000)","(1, 5000)",,True,True,True,PASS,,0.0,0,,identity,
FMNoiseSaopin,FrFT,frft_filter,20.0,49,False,False,False,"(1, 5000)","(1, 5000)",True,True,True,True,PASS,True,39.68933300347999,1129590,False,algorithm,PASS
FMNoiseSaopin,FrFT,frft_filter,20.0,49,False,False,False,"(1, 5000)","(1, 5000)",,True,True,True,PASS,,0.0,0,,identity,
FMNoiseSaopin,FrFT,frft_filter,20.0,50,False,False,False,"(1, 5000)","(1, 5000)",True,True,True,True,PASS,True,40.4707079869695,1129614,False,algorithm,PASS
FMNoiseSaopin,FrFT,frft_filter,20.0,50,False,False,False,"(1, 5000)","(1, 5000)",,True,True,True,PASS,,0.0,0,,identity,
FMNoiseSaopin,FrFT,frft_filter,20.0,51,False,False,False,"(1, 5000)","(1, 5000)",True,True,True,True,PASS,True,42.76570799993351,1129518,False,algorithm,PASS
FMNoiseSaopin,FrFT,frft_filter,20.0,51,False,False,False,"(1, 5000)","(1, 5000)",,True,True,True,PASS,,0.0,0,,identity,
FMNoiseSaopin,FrFT,frft_filter,30.0,42,False,False,False,"(1, 5000)","(1, 5000)",True,True,True,True,PASS,True,40.75308301253244,1129630,False,algorithm,PASS
FMNoiseSaopin,FrFT,frft_filter,30.0,42,False,False,False,"(1, 5000)","(1, 5000)",,True,True,True,PASS,,0.0,0,,identity,
FMNoiseSaopin,FrFT,frft_filter,30.0,43,False,False,False,"(1, 5000)","(1, 5000)",True,True,True,True,PASS,True,40.884624992031604,1129614,False,algorithm,PASS
FMNoiseSaopin,FrFT,frft_filter,30.0,43,False,False,False,"(1, 5000)","(1, 5000)",,True,True,True,PASS,,0.0,0,,identity,
FMNoiseSaopin,FrFT,frft_filter,30.0,44,False,False,False,"(1, 5000)","(1, 5000)",True,True,True,True,PASS,True,40.91458301991224,1129614,False,algorithm,PASS
FMNoiseSaopin,FrFT,frft_filter,30.0,44,False,False,False,"(1, 5000)","(1, 5000)",,True,True,True,PASS,,0.0,0,,identity,
FMNoiseSaopin,FrFT,frft_filter,30.0,45,False,False,False,"(1, 5000)","(1, 5000)",True,True,True,True,PASS,True,39.967541000805795,1129566,False,algorithm,PASS
FMNoiseSaopin,FrFT,frft_filter,30.0,45,False,False,False,"(1, 5000)","(1, 5000)",,True,True,True,PASS,,0.0,0,,identity,
FMNoiseSaopin,FrFT,frft_filter,30.0,46,False,False,False,"(1, 5000)","(1, 5000)",True,True,True,True,PASS,True,39.348874997813255,1129630,False,algorithm,PASS
FMNoiseSaopin,FrFT,frft_filter,30.0,46,False,False,False,"(1, 5000)","(1, 5000)",,True,True,True,PASS,,0.0,0,,identity,
FMNoiseSaopin,FrFT,frft_filter,30.0,47,False,False,False,"(1, 5000)","(1, 5000)",True,True,True,True,PASS,True,39.264207996893674,1129510,False,algorithm,PASS
FMNoiseSaopin,FrFT,frft_filter,30.0,47,False,False,False,"(1, 5000)","(1, 5000)",,True,True,True,PASS,,0.0,0,,identity,
FMNoiseSaopin,FrFT,frft_filter,30.0,48,False,False,False,"(1, 5000)","(1, 5000)",True,True,True,True,PASS,True,40.684750012587756,1129662,False,algorithm,PASS
FMNoiseSaopin,FrFT,frft_filter,30.0,48,False,False,False,"(1, 5000)","(1, 5000)",,True,True,True,PASS,,0.0,0,,identity,
FMNoiseSaopin,FrFT,frft_filter,30.0,49,False,False,False,"(1, 5000)","(1, 5000)",True,True,True,True,PASS,True,40.01158301252872,1129582,False,algorithm,PASS
FMNoiseSaopin,FrFT,frft_filter,30.0,49,False,False,False,"(1, 5000)","(1, 5000)",,True,True,True,PASS,,0.0,0,,identity,
FMNoiseSaopin,FrFT,frft_filter,30.0,50,False,False,False,"(1, 5000)","(1, 5000)",True,True,True,True,PASS,True,39.765666995663196,1129614,False,algorithm,PASS
FMNoiseSaopin,FrFT,frft_filter,30.0,50,False,False,False,"(1, 5000)","(1, 5000)",,True,True,True,PASS,,0.0,0,,identity,
FMNoiseSaopin,FrFT,frft_filter,30.0,51,False,False,False,"(1, 5000)","(1, 5000)",True,True,True,True,PASS,True,39.37179205240682,1129510,False,algorithm,PASS
FMNoiseSaopin,FrFT,frft_filter,30.0,51,False,False,False,"(1, 5000)","(1, 5000)",,True,True,True,PASS,,0.0,0,,identity,
SMSP,qpzh,qpzh,0.0,42,False,False,False,"(1, 5000)","(1, 5000)",True,True,True,True,PASS,True,0.8166249608621001,482360,False,algorithm,PASS
SMSP,qpzh,qpzh,0.0,42,False,False,False,"(1, 5000)","(1, 5000)",,True,True,True,PASS,,0.0,0,,identity,
SMSP,qpzh,qpzh,0.0,43,False,False,False,"(1, 5000)","(1, 5000)",True,True,True,True,PASS,True,0.8955830126069486,482248,False,algorithm,PASS
SMSP,qpzh,qpzh,0.0,43,False,False,False,"(1, 5000)","(1, 5000)",,True,True,True,PASS,,0.0,0,,identity,
SMSP,qpzh,qpzh,0.0,44,False,False,False,"(1, 5000)","(1, 5000)",True,True,True,True,PASS,True,0.7108330028131604,482248,False,algorithm,PASS
SMSP,qpzh,qpzh,0.0,44,False,False,False,"(1, 5000)","(1, 5000)",,True,True,True,PASS,,0.0,0,,identity,
SMSP,qpzh,qpzh,0.0,45,False,False,False,"(1, 5000)","(1, 5000)",True,True,True,True,PASS,True,0.8378330385312438,482248,False,algorithm,PASS
SMSP,qpzh,qpzh,0.0,45,False,False,False,"(1, 5000)","(1, 5000)",,True,True,True,PASS,,0.0,0,,identity,
SMSP,qpzh,qpzh,0.0,46,False,False,False,"(1, 5000)","(1, 5000)",True,True,True,True,PASS,True,0.8073329809121788,482248,False,algorithm,PASS
SMSP,qpzh,qpzh,0.0,46,False,False,False,"(1, 5000)","(1, 5000)",,True,True,True,PASS,,0.0,0,,identity,
SMSP,qpzh,qpzh,0.0,47,False,False,False,"(1, 5000)","(1, 5000)",True,True,True,True,PASS,True,0.8618749561719596,482248,False,algorithm,PASS
SMSP,qpzh,qpzh,0.0,47,False,False,False,"(1, 5000)","(1, 5000)",,True,True,True,PASS,,0.0,0,,identity,
SMSP,qpzh,qpzh,0.0,48,False,False,False,"(1, 5000)","(1, 5000)",True,True,True,True,PASS,True,0.7645830046385527,482248,False,algorithm,PASS
SMSP,qpzh,qpzh,0.0,48,False,False,False,"(1, 5000)","(1, 5000)",,True,True,True,PASS,,0.0,0,,identity,
SMSP,qpzh,qpzh,0.0,49,False,False,False,"(1, 5000)","(1, 5000)",True,True,True,True,PASS,True,0.7520419894717634,482248,False,algorithm,PASS
SMSP,qpzh,qpzh,0.0,49,False,False,False,"(1, 5000)","(1, 5000)",,True,True,True,PASS,,0.0,0,,identity,
SMSP,qpzh,qpzh,0.0,50,False,False,False,"(1, 5000)","(1, 5000)",True,True,True,True,PASS,True,0.7817079895175993,482248,False,algorithm,PASS
SMSP,qpzh,qpzh,0.0,50,False,False,False,"(1, 5000)","(1, 5000)",,True,True,True,PASS,,0.0,0,,identity,
SMSP,qpzh,qpzh,0.0,51,False,False,False,"(1, 5000)","(1, 5000)",True,True,True,True,PASS,True,0.7577919750474393,482248,False,algorithm,PASS
SMSP,qpzh,qpzh,0.0,51,False,False,False,"(1, 5000)","(1, 5000)",,True,True,True,PASS,,0.0,0,,identity,
SMSP,qpzh,qpzh,10.0,42,False,False,False,"(1, 5000)","(1, 5000)",True,True,True,True,PASS,True,0.7928750128485262,482248,False,algorithm,PASS
SMSP,qpzh,qpzh,10.0,42,False,False,False,"(1, 5000)","(1, 5000)",,True,True,True,PASS,,0.0,0,,identity,
SMSP,qpzh,qpzh,10.0,43,False,False,False,"(1, 5000)","(1, 5000)",True,True,True,True,PASS,True,0.7661670097149909,482248,False,algorithm,PASS
SMSP,qpzh,qpzh,10.0,43,False,False,False,"(1, 5000)","(1, 5000)",,True,True,True,PASS,,0.0,0,,identity,
SMSP,qpzh,qpzh,10.0,44,False,False,False,"(1, 5000)","(1, 5000)",True,True,True,True,PASS,True,0.7794590201228857,482248,False,algorithm,PASS
SMSP,qpzh,qpzh,10.0,44,False,False,False,"(1, 5000)","(1, 5000)",,True,True,True,PASS,,0.0,0,,identity,
SMSP,qpzh,qpzh,10.0,45,False,False,False,"(1, 5000)","(1, 5000)",True,True,True,True,PASS,True,0.7710839854553342,482248,False,algorithm,PASS
SMSP,qpzh,qpzh,10.0,45,False,False,False,"(1, 5000)","(1, 5000)",,True,True,True,PASS,,0.0,0,,identity,
SMSP,qpzh,qpzh,10.0,46,False,False,False,"(1, 5000)","(1, 5000)",True,True,True,True,PASS,True,0.8156250114552677,482248,False,algorithm,PASS
SMSP,qpzh,qpzh,10.0,46,False,False,False,"(1, 5000)","(1, 5000)",,True,True,True,PASS,,0.0,0,,identity,
SMSP,qpzh,qpzh,10.0,47,False,False,False,"(1, 5000)","(1, 5000)",True,True,True,True,PASS,True,0.7518749916926026,482248,False,algorithm,PASS
SMSP,qpzh,qpzh,10.0,47,False,False,False,"(1, 5000)","(1, 5000)",,True,True,True,PASS,,0.0,0,,identity,
SMSP,qpzh,qpzh,10.0,48,False,False,False,"(1, 5000)","(1, 5000)",True,True,True,True,PASS,True,0.7628339808434248,482248,False,algorithm,PASS
SMSP,qpzh,qpzh,10.0,48,False,False,False,"(1, 5000)","(1, 5000)",,True,True,True,PASS,,0.0,0,,identity,
SMSP,qpzh,qpzh,10.0,49,False,False,False,"(1, 5000)","(1, 5000)",True,True,True,True,PASS,True,0.8458330412395298,482248,False,algorithm,PASS
SMSP,qpzh,qpzh,10.0,49,False,False,False,"(1, 5000)","(1, 5000)",,True,True,True,PASS,,0.0,0,,identity,
SMSP,qpzh,qpzh,10.0,50,False,False,False,"(1, 5000)","(1, 5000)",True,True,True,True,PASS,True,0.8160420111380517,482248,False,algorithm,PASS
SMSP,qpzh,qpzh,10.0,50,False,False,False,"(1, 5000)","(1, 5000)",,True,True,True,PASS,,0.0,0,,identity,
SMSP,qpzh,qpzh,10.0,51,False,False,False,"(1, 5000)","(1, 5000)",True,True,True,True,PASS,True,0.7478749612346292,482248,False,algorithm,PASS
SMSP,qpzh,qpzh,10.0,51,False,False,False,"(1, 5000)","(1, 5000)",,True,True,True,PASS,,0.0,0,,identity,
SMSP,qpzh,qpzh,20.0,42,False,False,False,"(1, 5000)","(1, 5000)",True,True,True,True,PASS,True,0.8712499984540045,482248,False,algorithm,PASS
SMSP,qpzh,qpzh,20.0,42,False,False,False,"(1, 5000)","(1, 5000)",,True,True,True,PASS,,0.0,0,,identity,
SMSP,qpzh,qpzh,20.0,43,False,False,False,"(1, 5000)","(1, 5000)",True,True,True,True,PASS,True,0.8477920200675726,482248,False,algorithm,PASS
SMSP,qpzh,qpzh,20.0,43,False,False,False,"(1, 5000)","(1, 5000)",,True,True,True,PASS,,0.0,0,,identity,
SMSP,qpzh,qpzh,20.0,44,False,False,False,"(1, 5000)","(1, 5000)",True,True,True,True,PASS,True,0.9627920226193964,482248,False,algorithm,PASS
SMSP,qpzh,qpzh,20.0,44,False,False,False,"(1, 5000)","(1, 5000)",,True,True,True,PASS,,0.0,0,,identity,
SMSP,qpzh,qpzh,20.0,45,False,False,False,"(1, 5000)","(1, 5000)",True,True,True,True,PASS,True,0.8468750165775418,482248,False,algorithm,PASS
SMSP,qpzh,qpzh,20.0,45,False,False,False,"(1, 5000)","(1, 5000)",,True,True,True,PASS,,0.0,0,,identity,
SMSP,qpzh,qpzh,20.0,46,False,False,False,"(1, 5000)","(1, 5000)",True,True,True,True,PASS,True,1.6580420196987689,482248,False,algorithm,PASS
SMSP,qpzh,qpzh,20.0,46,False,False,False,"(1, 5000)","(1, 5000)",,True,True,True,PASS,,0.0,0,,identity,
SMSP,qpzh,qpzh,20.0,47,False,False,False,"(1, 5000)","(1, 5000)",True,True,True,True,PASS,True,0.8915410144254565,482248,False,algorithm,PASS
SMSP,qpzh,qpzh,20.0,47,False,False,False,"(1, 5000)","(1, 5000)",,True,True,True,PASS,,0.0,0,,identity,
SMSP,qpzh,qpzh,20.0,48,False,False,False,"(1, 5000)","(1, 5000)",True,True,True,True,PASS,True,1.635792024899274,482248,False,algorithm,PASS
SMSP,qpzh,qpzh,20.0,48,False,False,False,"(1, 5000)","(1, 5000)",,True,True,True,PASS,,0.0,0,,identity,
SMSP,qpzh,qpzh,20.0,49,False,False,False,"(1, 5000)","(1, 5000)",True,True,True,True,PASS,True,0.9024169994518161,482248,False,algorithm,PASS
SMSP,qpzh,qpzh,20.0,49,False,False,False,"(1, 5000)","(1, 5000)",,True,True,True,PASS,,0.0,0,,identity,
SMSP,qpzh,qpzh,20.0,50,False,False,False,"(1, 5000)","(1, 5000)",True,True,True,True,PASS,True,1.9883749773725867,482248,False,algorithm,PASS
SMSP,qpzh,qpzh,20.0,50,False,False,False,"(1, 5000)","(1, 5000)",,True,True,True,PASS,,0.0,0,,identity,
SMSP,qpzh,qpzh,20.0,51,False,False,False,"(1, 5000)","(1, 5000)",True,True,True,True,PASS,True,1.9659170066006482,482248,False,algorithm,PASS
SMSP,qpzh,qpzh,20.0,51,False,False,False,"(1, 5000)","(1, 5000)",,True,True,True,PASS,,0.0,0,,identity,
SMSP,qpzh,qpzh,30.0,42,False,False,False,"(1, 5000)","(1, 5000)",True,True,True,True,PASS,True,2.3934589698910713,482248,False,algorithm,PASS
SMSP,qpzh,qpzh,30.0,42,False,False,False,"(1, 5000)","(1, 5000)",,True,True,True,PASS,,0.0,0,,identity,
SMSP,qpzh,qpzh,30.0,43,False,False,False,"(1, 5000)","(1, 5000)",True,True,True,True,PASS,True,1.1056669754907489,482248,False,algorithm,PASS
SMSP,qpzh,qpzh,30.0,43,False,False,False,"(1, 5000)","(1, 5000)",,True,True,True,PASS,,0.0,0,,identity,
SMSP,qpzh,qpzh,30.0,44,False,False,False,"(1, 5000)","(1, 5000)",True,True,True,True,PASS,True,0.9208330302499235,482248,False,algorithm,PASS
SMSP,qpzh,qpzh,30.0,44,False,False,False,"(1, 5000)","(1, 5000)",,True,True,True,PASS,,0.0,0,,identity,
SMSP,qpzh,qpzh,30.0,45,False,False,False,"(1, 5000)","(1, 5000)",True,True,True,True,PASS,True,0.9207919938489795,482248,False,algorithm,PASS
SMSP,qpzh,qpzh,30.0,45,False,False,False,"(1, 5000)","(1, 5000)",,True,True,True,PASS,,0.0,0,,identity,
SMSP,qpzh,qpzh,30.0,46,False,False,False,"(1, 5000)","(1, 5000)",True,True,True,True,PASS,True,0.8899159729480743,482248,False,algorithm,PASS
SMSP,qpzh,qpzh,30.0,46,False,False,False,"(1, 5000)","(1, 5000)",,True,True,True,PASS,,0.0,0,,identity,
SMSP,qpzh,qpzh,30.0,47,False,False,False,"(1, 5000)","(1, 5000)",True,True,True,True,PASS,True,0.8867919677868485,482248,False,algorithm,PASS
SMSP,qpzh,qpzh,30.0,47,False,False,False,"(1, 5000)","(1, 5000)",,True,True,True,PASS,,0.0,0,,identity,
SMSP,qpzh,qpzh,30.0,48,False,False,False,"(1, 5000)","(1, 5000)",True,True,True,True,PASS,True,0.9502500179223716,482248,False,algorithm,PASS
SMSP,qpzh,qpzh,30.0,48,False,False,False,"(1, 5000)","(1, 5000)",,True,True,True,PASS,,0.0,0,,identity,
SMSP,qpzh,qpzh,30.0,49,False,False,False,"(1, 5000)","(1, 5000)",True,True,True,True,PASS,True,0.9102500043809414,482248,False,algorithm,PASS
SMSP,qpzh,qpzh,30.0,49,False,False,False,"(1, 5000)","(1, 5000)",,True,True,True,PASS,,0.0,0,,identity,
SMSP,qpzh,qpzh,30.0,50,False,False,False,"(1, 5000)","(1, 5000)",True,True,True,True,PASS,True,1.041624986100942,482248,False,algorithm,PASS
SMSP,qpzh,qpzh,30.0,50,False,False,False,"(1, 5000)","(1, 5000)",,True,True,True,PASS,,0.0,0,,identity,
SMSP,qpzh,qpzh,30.0,51,False,False,False,"(1, 5000)","(1, 5000)",True,True,True,True,PASS,True,0.9256250341422856,482248,False,algorithm,PASS
SMSP,qpzh,qpzh,30.0,51,False,False,False,"(1, 5000)","(1, 5000)",,True,True,True,PASS,,0.0,0,,identity,
ISDJ,qpzh,qpzh,0.0,42,False,False,False,"(1, 5000)","(1, 5000)",True,True,True,True,PASS,True,0.7263330044224858,482360,False,algorithm,PASS
ISDJ,qpzh,qpzh,0.0,42,False,False,False,"(1, 5000)","(1, 5000)",,True,True,True,PASS,,0.0,0,,identity,
ISDJ,qpzh,qpzh,0.0,43,False,False,False,"(1, 5000)","(1, 5000)",True,True,True,True,PASS,True,0.818458036519587,482248,False,algorithm,PASS
ISDJ,qpzh,qpzh,0.0,43,False,False,False,"(1, 5000)","(1, 5000)",,True,True,True,PASS,,0.0,0,,identity,
ISDJ,qpzh,qpzh,0.0,44,False,False,False,"(1, 5000)","(1, 5000)",True,True,True,True,PASS,True,0.7655839435756207,482248,False,algorithm,PASS
ISDJ,qpzh,qpzh,0.0,44,False,False,False,"(1, 5000)","(1, 5000)",,True,True,True,PASS,,0.0,0,,identity,
ISDJ,qpzh,qpzh,0.0,45,False,False,False,"(1, 5000)","(1, 5000)",True,True,True,True,PASS,True,0.7549160509370267,482248,False,algorithm,PASS
ISDJ,qpzh,qpzh,0.0,45,False,False,False,"(1, 5000)","(1, 5000)",,True,True,True,PASS,,0.0,0,,identity,
ISDJ,qpzh,qpzh,0.0,46,False,False,False,"(1, 5000)","(1, 5000)",True,True,True,True,PASS,True,0.8724579820409417,482248,False,algorithm,PASS
ISDJ,qpzh,qpzh,0.0,46,False,False,False,"(1, 5000)","(1, 5000)",,True,True,True,PASS,,0.0,0,,identity,
ISDJ,qpzh,qpzh,0.0,47,False,False,False,"(1, 5000)","(1, 5000)",True,True,True,True,PASS,True,0.765541975852102,482248,False,algorithm,PASS
ISDJ,qpzh,qpzh,0.0,47,False,False,False,"(1, 5000)","(1, 5000)",,True,True,True,PASS,,0.0,0,,identity,
ISDJ,qpzh,qpzh,0.0,48,False,False,False,"(1, 5000)","(1, 5000)",True,True,True,True,PASS,True,0.7800000021234155,482248,False,algorithm,PASS
ISDJ,qpzh,qpzh,0.0,48,False,False,False,"(1, 5000)","(1, 5000)",,True,True,True,PASS,,0.0,0,,identity,
ISDJ,qpzh,qpzh,0.0,49,False,False,False,"(1, 5000)","(1, 5000)",True,True,True,True,PASS,True,0.7444169605150819,482248,False,algorithm,PASS
ISDJ,qpzh,qpzh,0.0,49,False,False,False,"(1, 5000)","(1, 5000)",,True,True,True,PASS,,0.0,0,,identity,
ISDJ,qpzh,qpzh,0.0,50,False,False,False,"(1, 5000)","(1, 5000)",True,True,True,True,PASS,True,0.754708016756922,482248,False,algorithm,PASS
ISDJ,qpzh,qpzh,0.0,50,False,False,False,"(1, 5000)","(1, 5000)",,True,True,True,PASS,,0.0,0,,identity,
ISDJ,qpzh,qpzh,0.0,51,False,False,False,"(1, 5000)","(1, 5000)",True,True,True,True,PASS,True,0.7676249952055514,482248,False,algorithm,PASS
ISDJ,qpzh,qpzh,0.0,51,False,False,False,"(1, 5000)","(1, 5000)",,True,True,True,PASS,,0.0,0,,identity,
ISDJ,qpzh,qpzh,10.0,42,False,False,False,"(1, 5000)","(1, 5000)",True,True,True,True,PASS,True,0.748541031498462,482248,False,algorithm,PASS
ISDJ,qpzh,qpzh,10.0,42,False,False,False,"(1, 5000)","(1, 5000)",,True,True,True,PASS,,0.0,0,,identity,
ISDJ,qpzh,qpzh,10.0,43,False,False,False,"(1, 5000)","(1, 5000)",True,True,True,True,PASS,True,0.7864580256864429,482248,False,algorithm,PASS
ISDJ,qpzh,qpzh,10.0,43,False,False,False,"(1, 5000)","(1, 5000)",,True,True,True,PASS,,0.0,0,,identity,
ISDJ,qpzh,qpzh,10.0,44,False,False,False,"(1, 5000)","(1, 5000)",True,True,True,True,PASS,True,0.7415410364046693,482248,False,algorithm,PASS
ISDJ,qpzh,qpzh,10.0,44,False,False,False,"(1, 5000)","(1, 5000)",,True,True,True,PASS,,0.0,0,,identity,
ISDJ,qpzh,qpzh,10.0,45,False,False,False,"(1, 5000)","(1, 5000)",True,True,True,True,PASS,True,0.7352919783443213,482248,False,algorithm,PASS
ISDJ,qpzh,qpzh,10.0,45,False,False,False,"(1, 5000)","(1, 5000)",,True,True,True,PASS,,0.0,0,,identity,
ISDJ,qpzh,qpzh,10.0,46,False,False,False,"(1, 5000)","(1, 5000)",True,True,True,True,PASS,True,0.736541987862438,482248,False,algorithm,PASS
ISDJ,qpzh,qpzh,10.0,46,False,False,False,"(1, 5000)","(1, 5000)",,True,True,True,PASS,,0.0,0,,identity,
ISDJ,qpzh,qpzh,10.0,47,False,False,False,"(1, 5000)","(1, 5000)",True,True,True,True,PASS,True,0.7014580187387764,482248,False,algorithm,PASS
ISDJ,qpzh,qpzh,10.0,47,False,False,False,"(1, 5000)","(1, 5000)",,True,True,True,PASS,,0.0,0,,identity,
ISDJ,qpzh,qpzh,10.0,48,False,False,False,"(1, 5000)","(1, 5000)",True,True,True,True,PASS,True,0.7037920295260847,482248,False,algorithm,PASS
ISDJ,qpzh,qpzh,10.0,48,False,False,False,"(1, 5000)","(1, 5000)",,True,True,True,PASS,,0.0,0,,identity,
ISDJ,qpzh,qpzh,10.0,49,False,False,False,"(1, 5000)","(1, 5000)",True,True,True,True,PASS,True,0.8437910000793636,482248,False,algorithm,PASS
ISDJ,qpzh,qpzh,10.0,49,False,False,False,"(1, 5000)","(1, 5000)",,True,True,True,PASS,,0.0,0,,identity,
ISDJ,qpzh,qpzh,10.0,50,False,False,False,"(1, 5000)","(1, 5000)",True,True,True,True,PASS,True,0.9105000062845647,482248,False,algorithm,PASS
ISDJ,qpzh,qpzh,10.0,50,False,False,False,"(1, 5000)","(1, 5000)",,True,True,True,PASS,,0.0,0,,identity,
ISDJ,qpzh,qpzh,10.0,51,False,False,False,"(1, 5000)","(1, 5000)",True,True,True,True,PASS,True,0.9098339942283928,482248,False,algorithm,PASS
ISDJ,qpzh,qpzh,10.0,51,False,False,False,"(1, 5000)","(1, 5000)",,True,True,True,PASS,,0.0,0,,identity,
ISDJ,qpzh,qpzh,20.0,42,False,False,False,"(1, 5000)","(1, 5000)",True,True,True,True,PASS,True,0.9326250292360783,482248,False,algorithm,PASS
ISDJ,qpzh,qpzh,20.0,42,False,False,False,"(1, 5000)","(1, 5000)",,True,True,True,PASS,,0.0,0,,identity,
ISDJ,qpzh,qpzh,20.0,43,False,False,False,"(1, 5000)","(1, 5000)",True,True,True,True,PASS,True,0.9202079963870347,482248,False,algorithm,PASS
ISDJ,qpzh,qpzh,20.0,43,False,False,False,"(1, 5000)","(1, 5000)",,True,True,True,PASS,,0.0,0,,identity,
ISDJ,qpzh,qpzh,20.0,44,False,False,False,"(1, 5000)","(1, 5000)",True,True,True,True,PASS,True,0.9091669926419854,482248,False,algorithm,PASS
ISDJ,qpzh,qpzh,20.0,44,False,False,False,"(1, 5000)","(1, 5000)",,True,True,True,PASS,,0.0,0,,identity,
ISDJ,qpzh,qpzh,20.0,45,False,False,False,"(1, 5000)","(1, 5000)",True,True,True,True,PASS,True,0.926207983866334,482248,False,algorithm,PASS
ISDJ,qpzh,qpzh,20.0,45,False,False,False,"(1, 5000)","(1, 5000)",,True,True,True,PASS,,0.0,0,,identity,
ISDJ,qpzh,qpzh,20.0,46,False,False,False,"(1, 5000)","(1, 5000)",True,True,True,True,PASS,True,1.0115409968420863,482248,False,algorithm,PASS
ISDJ,qpzh,qpzh,20.0,46,False,False,False,"(1, 5000)","(1, 5000)",,True,True,True,PASS,,0.0,0,,identity,
ISDJ,qpzh,qpzh,20.0,47,False,False,False,"(1, 5000)","(1, 5000)",True,True,True,True,PASS,True,0.9558750316500664,482248,False,algorithm,PASS
ISDJ,qpzh,qpzh,20.0,47,False,False,False,"(1, 5000)","(1, 5000)",,True,True,True,PASS,,0.0,0,,identity,
ISDJ,qpzh,qpzh,20.0,48,False,False,False,"(1, 5000)","(1, 5000)",True,True,True,True,PASS,True,0.9242499945685267,482248,False,algorithm,PASS
ISDJ,qpzh,qpzh,20.0,48,False,False,False,"(1, 5000)","(1, 5000)",,True,True,True,PASS,,0.0,0,,identity,
ISDJ,qpzh,qpzh,20.0,49,False,False,False,"(1, 5000)","(1, 5000)",True,True,True,True,PASS,True,0.9460830478928983,482248,False,algorithm,PASS
ISDJ,qpzh,qpzh,20.0,49,False,False,False,"(1, 5000)","(1, 5000)",,True,True,True,PASS,,0.0,0,,identity,
ISDJ,qpzh,qpzh,20.0,50,False,False,False,"(1, 5000)","(1, 5000)",True,True,True,True,PASS,True,0.9376250091008842,482248,False,algorithm,PASS
ISDJ,qpzh,qpzh,20.0,50,False,False,False,"(1, 5000)","(1, 5000)",,True,True,True,PASS,,0.0,0,,identity,
ISDJ,qpzh,qpzh,20.0,51,False,False,False,"(1, 5000)","(1, 5000)",True,True,True,True,PASS,True,0.9421249851584435,482248,False,algorithm,PASS
ISDJ,qpzh,qpzh,20.0,51,False,False,False,"(1, 5000)","(1, 5000)",,True,True,True,PASS,,0.0,0,,identity,
ISDJ,qpzh,qpzh,30.0,42,False,False,False,"(1, 5000)","(1, 5000)",True,True,True,True,PASS,True,0.9290419984608889,482248,False,algorithm,PASS
ISDJ,qpzh,qpzh,30.0,42,False,False,False,"(1, 5000)","(1, 5000)",,True,True,True,PASS,,0.0,0,,identity,
ISDJ,qpzh,qpzh,30.0,43,False,False,False,"(1, 5000)","(1, 5000)",True,True,True,True,PASS,True,0.9564170031808317,482248,False,algorithm,PASS
ISDJ,qpzh,qpzh,30.0,43,False,False,False,"(1, 5000)","(1, 5000)",,True,True,True,PASS,,0.0,0,,identity,
ISDJ,qpzh,qpzh,30.0,44,False,False,False,"(1, 5000)","(1, 5000)",True,True,True,True,PASS,True,0.9670419967733324,482248,False,algorithm,PASS
ISDJ,qpzh,qpzh,30.0,44,False,False,False,"(1, 5000)","(1, 5000)",,True,True,True,PASS,,0.0,0,,identity,
ISDJ,qpzh,qpzh,30.0,45,False,False,False,"(1, 5000)","(1, 5000)",True,True,True,True,PASS,True,1.1297910241410136,482248,False,algorithm,PASS
ISDJ,qpzh,qpzh,30.0,45,False,False,False,"(1, 5000)","(1, 5000)",,True,True,True,PASS,,0.0,0,,identity,
ISDJ,qpzh,qpzh,30.0,46,False,False,False,"(1, 5000)","(1, 5000)",True,True,True,True,PASS,True,0.967542000580579,482248,False,algorithm,PASS
ISDJ,qpzh,qpzh,30.0,46,False,False,False,"(1, 5000)","(1, 5000)",,True,True,True,PASS,,0.0,0,,identity,
ISDJ,qpzh,qpzh,30.0,47,False,False,False,"(1, 5000)","(1, 5000)",True,True,True,True,PASS,True,0.9292920003645122,482248,False,algorithm,PASS
ISDJ,qpzh,qpzh,30.0,47,False,False,False,"(1, 5000)","(1, 5000)",,True,True,True,PASS,,0.0,0,,identity,
ISDJ,qpzh,qpzh,30.0,48,False,False,False,"(1, 5000)","(1, 5000)",True,True,True,True,PASS,True,0.9239999926649034,482248,False,algorithm,PASS
ISDJ,qpzh,qpzh,30.0,48,False,False,False,"(1, 5000)","(1, 5000)",,True,True,True,PASS,,0.0,0,,identity,
ISDJ,qpzh,qpzh,30.0,49,False,False,False,"(1, 5000)","(1, 5000)",True,True,True,True,PASS,True,0.9234159952029586,482248,False,algorithm,PASS
ISDJ,qpzh,qpzh,30.0,49,False,False,False,"(1, 5000)","(1, 5000)",,True,True,True,PASS,,0.0,0,,identity,
ISDJ,qpzh,qpzh,30.0,50,False,False,False,"(1, 5000)","(1, 5000)",True,True,True,True,PASS,True,0.946542015299201,482248,False,algorithm,PASS
ISDJ,qpzh,qpzh,30.0,50,False,False,False,"(1, 5000)","(1, 5000)",,True,True,True,PASS,,0.0,0,,identity,
ISDJ,qpzh,qpzh,30.0,51,False,False,False,"(1, 5000)","(1, 5000)",True,True,True,True,PASS,True,0.9141250047832727,482248,False,algorithm,PASS
ISDJ,qpzh,qpzh,30.0,51,False,False,False,"(1, 5000)","(1, 5000)",,True,True,True,PASS,,0.0,0,,identity,
SliceCombineJam,FSTP,FastSlowTimeProcessor,0.0,42,False,False,False,"(1, 5000)","(1, 5000)",True,True,True,True,PASS,True,0.826291972771287,711480,False,algorithm,PASS
SliceCombineJam,FSTP,FastSlowTimeProcessor,0.0,42,False,False,False,"(1, 5000)","(1, 5000)",,True,True,True,PASS,,0.0,0,,identity,
SliceCombineJam,FSTP,FastSlowTimeProcessor,0.0,43,False,False,False,"(1, 5000)","(1, 5000)",True,True,True,True,PASS,True,0.23933302145451307,682776,False,algorithm,PASS
SliceCombineJam,FSTP,FastSlowTimeProcessor,0.0,43,False,False,False,"(1, 5000)","(1, 5000)",,True,True,True,PASS,,0.0,0,,identity,
SliceCombineJam,FSTP,FastSlowTimeProcessor,0.0,44,False,False,False,"(1, 5000)","(1, 5000)",True,True,True,True,PASS,True,0.22966699907556176,682776,False,algorithm,PASS
SliceCombineJam,FSTP,FastSlowTimeProcessor,0.0,44,False,False,False,"(1, 5000)","(1, 5000)",,True,True,True,PASS,,0.0,0,,identity,
SliceCombineJam,FSTP,FastSlowTimeProcessor,0.0,45,False,False,False,"(1, 5000)","(1, 5000)",True,True,True,True,PASS,True,0.22724998416379094,682776,False,algorithm,PASS
SliceCombineJam,FSTP,FastSlowTimeProcessor,0.0,45,False,False,False,"(1, 5000)","(1, 5000)",,True,True,True,PASS,,0.0,0,,identity,
SliceCombineJam,FSTP,FastSlowTimeProcessor,0.0,46,False,False,False,"(1, 5000)","(1, 5000)",True,True,True,True,PASS,True,0.26862503727898,682776,False,algorithm,PASS
SliceCombineJam,FSTP,FastSlowTimeProcessor,0.0,46,False,False,False,"(1, 5000)","(1, 5000)",,True,True,True,PASS,,0.0,0,,identity,
SliceCombineJam,FSTP,FastSlowTimeProcessor,0.0,47,False,False,False,"(1, 5000)","(1, 5000)",True,True,True,True,PASS,True,0.22354198154062033,682776,False,algorithm,PASS
SliceCombineJam,FSTP,FastSlowTimeProcessor,0.0,47,False,False,False,"(1, 5000)","(1, 5000)",,True,True,True,PASS,,0.0,0,,identity,
SliceCombineJam,FSTP,FastSlowTimeProcessor,0.0,48,False,False,False,"(1, 5000)","(1, 5000)",True,True,True,True,PASS,True,0.21962501341477036,682776,False,algorithm,PASS
SliceCombineJam,FSTP,FastSlowTimeProcessor,0.0,48,False,False,False,"(1, 5000)","(1, 5000)",,True,True,True,PASS,,0.0,0,,identity,
SliceCombineJam,FSTP,FastSlowTimeProcessor,0.0,49,False,False,False,"(1, 5000)","(1, 5000)",True,True,True,True,PASS,True,0.2169579965993762,682776,False,algorithm,PASS
SliceCombineJam,FSTP,FastSlowTimeProcessor,0.0,49,False,False,False,"(1, 5000)","(1, 5000)",,True,True,True,PASS,,0.0,0,,identity,
SliceCombineJam,FSTP,FastSlowTimeProcessor,0.0,50,False,False,False,"(1, 5000)","(1, 5000)",True,True,True,True,PASS,True,0.21658302284777164,682776,False,algorithm,PASS
SliceCombineJam,FSTP,FastSlowTimeProcessor,0.0,50,False,False,False,"(1, 5000)","(1, 5000)",,True,True,True,PASS,,0.0,0,,identity,
SliceCombineJam,FSTP,FastSlowTimeProcessor,0.0,51,False,False,False,"(1, 5000)","(1, 5000)",True,True,True,True,PASS,True,0.22841698955744505,682776,False,algorithm,PASS
SliceCombineJam,FSTP,FastSlowTimeProcessor,0.0,51,False,False,False,"(1, 5000)","(1, 5000)",,True,True,True,PASS,,0.0,0,,identity,
SliceCombineJam,FSTP,FastSlowTimeProcessor,10.0,42,False,False,False,"(1, 5000)","(1, 5000)",True,True,True,True,PASS,True,0.22720900597050786,682776,False,algorithm,PASS
SliceCombineJam,FSTP,FastSlowTimeProcessor,10.0,42,False,False,False,"(1, 5000)","(1, 5000)",,True,True,True,PASS,,0.0,0,,identity,
SliceCombineJam,FSTP,FastSlowTimeProcessor,10.0,43,False,False,False,"(1, 5000)","(1, 5000)",True,True,True,True,PASS,True,0.23933302145451307,682776,False,algorithm,PASS
SliceCombineJam,FSTP,FastSlowTimeProcessor,10.0,43,False,False,False,"(1, 5000)","(1, 5000)",,True,True,True,PASS,,0.0,0,,identity,
SliceCombineJam,FSTP,FastSlowTimeProcessor,10.0,44,False,False,False,"(1, 5000)","(1, 5000)",True,True,True,True,PASS,True,0.2376250340603292,682776,False,algorithm,PASS
SliceCombineJam,FSTP,FastSlowTimeProcessor,10.0,44,False,False,False,"(1, 5000)","(1, 5000)",,True,True,True,PASS,,0.0,0,,identity,
SliceCombineJam,FSTP,FastSlowTimeProcessor,10.0,45,False,False,False,"(1, 5000)","(1, 5000)",True,True,True,True,PASS,True,0.2197500434704125,682776,False,algorithm,PASS
SliceCombineJam,FSTP,FastSlowTimeProcessor,10.0,45,False,False,False,"(1, 5000)","(1, 5000)",,True,True,True,PASS,,0.0,0,,identity,
SliceCombineJam,FSTP,FastSlowTimeProcessor,10.0,46,False,False,False,"(1, 5000)","(1, 5000)",True,True,True,True,PASS,True,0.2168749924749136,682776,False,algorithm,PASS
SliceCombineJam,FSTP,FastSlowTimeProcessor,10.0,46,False,False,False,"(1, 5000)","(1, 5000)",,True,True,True,PASS,,0.0,0,,identity,
SliceCombineJam,FSTP,FastSlowTimeProcessor,10.0,47,False,False,False,"(1, 5000)","(1, 5000)",True,True,True,True,PASS,True,0.23516599321737885,682776,False,algorithm,PASS
SliceCombineJam,FSTP,FastSlowTimeProcessor,10.0,47,False,False,False,"(1, 5000)","(1, 5000)",,True,True,True,PASS,,0.0,0,,identity,
SliceCombineJam,FSTP,FastSlowTimeProcessor,10.0,48,False,False,False,"(1, 5000)","(1, 5000)",True,True,True,True,PASS,True,0.2667910302989185,682776,False,algorithm,PASS
SliceCombineJam,FSTP,FastSlowTimeProcessor,10.0,48,False,False,False,"(1, 5000)","(1, 5000)",,True,True,True,PASS,,0.0,0,,identity,
SliceCombineJam,FSTP,FastSlowTimeProcessor,10.0,49,False,False,False,"(1, 5000)","(1, 5000)",True,True,True,True,PASS,True,0.22791698575019836,682776,False,algorithm,PASS
SliceCombineJam,FSTP,FastSlowTimeProcessor,10.0,49,False,False,False,"(1, 5000)","(1, 5000)",,True,True,True,PASS,,0.0,0,,identity,
SliceCombineJam,FSTP,FastSlowTimeProcessor,10.0,50,False,False,False,"(1, 5000)","(1, 5000)",True,True,True,True,PASS,True,0.2227920340374112,682776,False,algorithm,PASS
SliceCombineJam,FSTP,FastSlowTimeProcessor,10.0,50,False,False,False,"(1, 5000)","(1, 5000)",,True,True,True,PASS,,0.0,0,,identity,
SliceCombineJam,FSTP,FastSlowTimeProcessor,10.0,51,False,False,False,"(1, 5000)","(1, 5000)",True,True,True,True,PASS,True,0.21670799469575286,682776,False,algorithm,PASS
SliceCombineJam,FSTP,FastSlowTimeProcessor,10.0,51,False,False,False,"(1, 5000)","(1, 5000)",,True,True,True,PASS,,0.0,0,,identity,
SliceCombineJam,FSTP,FastSlowTimeProcessor,20.0,42,False,False,False,"(1, 5000)","(1, 5000)",True,True,True,True,PASS,True,0.22508302936330438,682776,False,algorithm,PASS
SliceCombineJam,FSTP,FastSlowTimeProcessor,20.0,42,False,False,False,"(1, 5000)","(1, 5000)",,True,True,True,PASS,,0.0,0,,identity,
SliceCombineJam,FSTP,FastSlowTimeProcessor,20.0,43,False,False,False,"(1, 5000)","(1, 5000)",True,True,True,True,PASS,True,0.2354159951210022,682776,False,algorithm,PASS
SliceCombineJam,FSTP,FastSlowTimeProcessor,20.0,43,False,False,False,"(1, 5000)","(1, 5000)",,True,True,True,PASS,,0.0,0,,identity,
SliceCombineJam,FSTP,FastSlowTimeProcessor,20.0,44,False,False,False,"(1, 5000)","(1, 5000)",True,True,True,True,PASS,True,0.23479200899600983,682776,False,algorithm,PASS
SliceCombineJam,FSTP,FastSlowTimeProcessor,20.0,44,False,False,False,"(1, 5000)","(1, 5000)",,True,True,True,PASS,,0.0,0,,identity,
SliceCombineJam,FSTP,FastSlowTimeProcessor,20.0,45,False,False,False,"(1, 5000)","(1, 5000)",True,True,True,True,PASS,True,0.22783398162573576,682776,False,algorithm,PASS
SliceCombineJam,FSTP,FastSlowTimeProcessor,20.0,45,False,False,False,"(1, 5000)","(1, 5000)",,True,True,True,PASS,,0.0,0,,identity,
SliceCombineJam,FSTP,FastSlowTimeProcessor,20.0,46,False,False,False,"(1, 5000)","(1, 5000)",True,True,True,True,PASS,True,0.21933397511020303,682776,False,algorithm,PASS
SliceCombineJam,FSTP,FastSlowTimeProcessor,20.0,46,False,False,False,"(1, 5000)","(1, 5000)",,True,True,True,PASS,,0.0,0,,identity,
SliceCombineJam,FSTP,FastSlowTimeProcessor,20.0,47,False,False,False,"(1, 5000)","(1, 5000)",True,True,True,True,PASS,True,0.22395903943106532,682776,False,algorithm,PASS
SliceCombineJam,FSTP,FastSlowTimeProcessor,20.0,47,False,False,False,"(1, 5000)","(1, 5000)",,True,True,True,PASS,,0.0,0,,identity,
SliceCombineJam,FSTP,FastSlowTimeProcessor,20.0,48,False,False,False,"(1, 5000)","(1, 5000)",True,True,True,True,PASS,True,0.21633401047438383,682776,False,algorithm,PASS
SliceCombineJam,FSTP,FastSlowTimeProcessor,20.0,48,False,False,False,"(1, 5000)","(1, 5000)",,True,True,True,PASS,,0.0,0,,identity,
SliceCombineJam,FSTP,FastSlowTimeProcessor,20.0,49,False,False,False,"(1, 5000)","(1, 5000)",True,True,True,True,PASS,True,0.21908397320657969,682776,False,algorithm,PASS
SliceCombineJam,FSTP,FastSlowTimeProcessor,20.0,49,False,False,False,"(1, 5000)","(1, 5000)",,True,True,True,PASS,,0.0,0,,identity,
SliceCombineJam,FSTP,FastSlowTimeProcessor,20.0,50,False,False,False,"(1, 5000)","(1, 5000)",True,True,True,True,PASS,True,0.21720799850299954,682776,False,algorithm,PASS
SliceCombineJam,FSTP,FastSlowTimeProcessor,20.0,50,False,False,False,"(1, 5000)","(1, 5000)",,True,True,True,PASS,,0.0,0,,identity,
SliceCombineJam,FSTP,FastSlowTimeProcessor,20.0,51,False,False,False,"(1, 5000)","(1, 5000)",True,True,True,True,PASS,True,0.22025004727765918,682776,False,algorithm,PASS
SliceCombineJam,FSTP,FastSlowTimeProcessor,20.0,51,False,False,False,"(1, 5000)","(1, 5000)",,True,True,True,PASS,,0.0,0,,identity,
SliceCombineJam,FSTP,FastSlowTimeProcessor,30.0,42,False,False,False,"(1, 5000)","(1, 5000)",True,True,True,True,PASS,True,0.21591701079159975,682776,False,algorithm,PASS
SliceCombineJam,FSTP,FastSlowTimeProcessor,30.0,42,False,False,False,"(1, 5000)","(1, 5000)",,True,True,True,PASS,,0.0,0,,identity,
SliceCombineJam,FSTP,FastSlowTimeProcessor,30.0,43,False,False,False,"(1, 5000)","(1, 5000)",True,True,True,True,PASS,True,0.21533301332965493,682776,False,algorithm,PASS
SliceCombineJam,FSTP,FastSlowTimeProcessor,30.0,43,False,False,False,"(1, 5000)","(1, 5000)",,True,True,True,PASS,,0.0,0,,identity,
SliceCombineJam,FSTP,FastSlowTimeProcessor,30.0,44,False,False,False,"(1, 5000)","(1, 5000)",True,True,True,True,PASS,True,0.2377500059083104,682776,False,algorithm,PASS
SliceCombineJam,FSTP,FastSlowTimeProcessor,30.0,44,False,False,False,"(1, 5000)","(1, 5000)",,True,True,True,PASS,,0.0,0,,identity,
SliceCombineJam,FSTP,FastSlowTimeProcessor,30.0,45,False,False,False,"(1, 5000)","(1, 5000)",True,True,True,True,PASS,True,0.2798750065267086,682776,False,algorithm,PASS
SliceCombineJam,FSTP,FastSlowTimeProcessor,30.0,45,False,False,False,"(1, 5000)","(1, 5000)",,True,True,True,PASS,,0.0,0,,identity,
SliceCombineJam,FSTP,FastSlowTimeProcessor,30.0,46,False,False,False,"(1, 5000)","(1, 5000)",True,True,True,True,PASS,True,0.2235829597339034,682776,False,algorithm,PASS
SliceCombineJam,FSTP,FastSlowTimeProcessor,30.0,46,False,False,False,"(1, 5000)","(1, 5000)",,True,True,True,PASS,,0.0,0,,identity,
SliceCombineJam,FSTP,FastSlowTimeProcessor,30.0,47,False,False,False,"(1, 5000)","(1, 5000)",True,True,True,True,PASS,True,0.21637504687532783,682776,False,algorithm,PASS
SliceCombineJam,FSTP,FastSlowTimeProcessor,30.0,47,False,False,False,"(1, 5000)","(1, 5000)",,True,True,True,PASS,,0.0,0,,identity,
SliceCombineJam,FSTP,FastSlowTimeProcessor,30.0,48,False,False,False,"(1, 5000)","(1, 5000)",True,True,True,True,PASS,True,0.23362500360235572,682776,False,algorithm,PASS
SliceCombineJam,FSTP,FastSlowTimeProcessor,30.0,48,False,False,False,"(1, 5000)","(1, 5000)",,True,True,True,PASS,,0.0,0,,identity,
SliceCombineJam,FSTP,FastSlowTimeProcessor,30.0,49,False,False,False,"(1, 5000)","(1, 5000)",True,True,True,True,PASS,True,0.2542500151321292,682776,False,algorithm,PASS
SliceCombineJam,FSTP,FastSlowTimeProcessor,30.0,49,False,False,False,"(1, 5000)","(1, 5000)",,True,True,True,PASS,,0.0,0,,identity,
SliceCombineJam,FSTP,FastSlowTimeProcessor,30.0,50,False,False,False,"(1, 5000)","(1, 5000)",True,True,True,True,PASS,True,0.28195802588015795,682776,False,algorithm,PASS
SliceCombineJam,FSTP,FastSlowTimeProcessor,30.0,50,False,False,False,"(1, 5000)","(1, 5000)",,True,True,True,PASS,,0.0,0,,identity,
SliceCombineJam,FSTP,FastSlowTimeProcessor,30.0,51,False,False,False,"(1, 5000)","(1, 5000)",True,True,True,True,PASS,True,0.2447500010021031,682776,False,algorithm,PASS
SliceCombineJam,FSTP,FastSlowTimeProcessor,30.0,51,False,False,False,"(1, 5000)","(1, 5000)",,True,True,True,PASS,,0.0,0,,identity,
SMSP,FSTP,FastSlowTimeProcessor,0.0,42,False,False,False,"(1, 5000)","(1, 5000)",True,True,True,True,PASS,True,0.24204194778576493,682776,False,algorithm,PASS
SMSP,FSTP,FastSlowTimeProcessor,0.0,42,False,False,False,"(1, 5000)","(1, 5000)",,True,True,True,PASS,,0.0,0,,identity,
SMSP,FSTP,FastSlowTimeProcessor,0.0,43,False,False,False,"(1, 5000)","(1, 5000)",True,True,True,True,PASS,True,0.2204999909736216,682776,False,algorithm,PASS
SMSP,FSTP,FastSlowTimeProcessor,0.0,43,False,False,False,"(1, 5000)","(1, 5000)",,True,True,True,PASS,,0.0,0,,identity,
SMSP,FSTP,FastSlowTimeProcessor,0.0,44,False,False,False,"(1, 5000)","(1, 5000)",True,True,True,True,PASS,True,0.22962503135204315,682776,False,algorithm,PASS
SMSP,FSTP,FastSlowTimeProcessor,0.0,44,False,False,False,"(1, 5000)","(1, 5000)",,True,True,True,PASS,,0.0,0,,identity,
SMSP,FSTP,FastSlowTimeProcessor,0.0,45,False,False,False,"(1, 5000)","(1, 5000)",True,True,True,True,PASS,True,0.2469590399414301,682776,False,algorithm,PASS
SMSP,FSTP,FastSlowTimeProcessor,0.0,45,False,False,False,"(1, 5000)","(1, 5000)",,True,True,True,PASS,,0.0,0,,identity,
SMSP,FSTP,FastSlowTimeProcessor,0.0,46,False,False,False,"(1, 5000)","(1, 5000)",True,True,True,True,PASS,True,0.22370798978954554,682776,False,algorithm,PASS
SMSP,FSTP,FastSlowTimeProcessor,0.0,46,False,False,False,"(1, 5000)","(1, 5000)",,True,True,True,PASS,,0.0,0,,identity,
SMSP,FSTP,FastSlowTimeProcessor,0.0,47,False,False,False,"(1, 5000)","(1, 5000)",True,True,True,True,PASS,True,0.22562500089406967,682776,False,algorithm,PASS
SMSP,FSTP,FastSlowTimeProcessor,0.0,47,False,False,False,"(1, 5000)","(1, 5000)",,True,True,True,PASS,,0.0,0,,identity,
SMSP,FSTP,FastSlowTimeProcessor,0.0,48,False,False,False,"(1, 5000)","(1, 5000)",True,True,True,True,PASS,True,0.21791597828269005,682776,False,algorithm,PASS
SMSP,FSTP,FastSlowTimeProcessor,0.0,48,False,False,False,"(1, 5000)","(1, 5000)",,True,True,True,PASS,,0.0,0,,identity,
SMSP,FSTP,FastSlowTimeProcessor,0.0,49,False,False,False,"(1, 5000)","(1, 5000)",True,True,True,True,PASS,True,0.23333297576755285,682776,False,algorithm,PASS
SMSP,FSTP,FastSlowTimeProcessor,0.0,49,False,False,False,"(1, 5000)","(1, 5000)",,True,True,True,PASS,,0.0,0,,identity,
SMSP,FSTP,FastSlowTimeProcessor,0.0,50,False,False,False,"(1, 5000)","(1, 5000)",True,True,True,True,PASS,True,0.23691699607297778,682776,False,algorithm,PASS
SMSP,FSTP,FastSlowTimeProcessor,0.0,50,False,False,False,"(1, 5000)","(1, 5000)",,True,True,True,PASS,,0.0,0,,identity,
SMSP,FSTP,FastSlowTimeProcessor,0.0,51,False,False,False,"(1, 5000)","(1, 5000)",True,True,True,True,PASS,True,0.28012500843033195,682776,False,algorithm,PASS
SMSP,FSTP,FastSlowTimeProcessor,0.0,51,False,False,False,"(1, 5000)","(1, 5000)",,True,True,True,PASS,,0.0,0,,identity,
SMSP,FSTP,FastSlowTimeProcessor,10.0,42,False,False,False,"(1, 5000)","(1, 5000)",True,True,True,True,PASS,True,0.25174999609589577,682776,False,algorithm,PASS
SMSP,FSTP,FastSlowTimeProcessor,10.0,42,False,False,False,"(1, 5000)","(1, 5000)",,True,True,True,PASS,,0.0,0,,identity,
SMSP,FSTP,FastSlowTimeProcessor,10.0,43,False,False,False,"(1, 5000)","(1, 5000)",True,True,True,True,PASS,True,0.2357090124860406,682776,False,algorithm,PASS
SMSP,FSTP,FastSlowTimeProcessor,10.0,43,False,False,False,"(1, 5000)","(1, 5000)",,True,True,True,PASS,,0.0,0,,identity,
SMSP,FSTP,FastSlowTimeProcessor,10.0,44,False,False,False,"(1, 5000)","(1, 5000)",True,True,True,True,PASS,True,0.21858297986909747,682776,False,algorithm,PASS
SMSP,FSTP,FastSlowTimeProcessor,10.0,44,False,False,False,"(1, 5000)","(1, 5000)",,True,True,True,PASS,,0.0,0,,identity,
SMSP,FSTP,FastSlowTimeProcessor,10.0,45,False,False,False,"(1, 5000)","(1, 5000)",True,True,True,True,PASS,True,0.22587500279769301,682776,False,algorithm,PASS
SMSP,FSTP,FastSlowTimeProcessor,10.0,45,False,False,False,"(1, 5000)","(1, 5000)",,True,True,True,PASS,,0.0,0,,identity,
SMSP,FSTP,FastSlowTimeProcessor,10.0,46,False,False,False,"(1, 5000)","(1, 5000)",True,True,True,True,PASS,True,0.27458398835733533,682776,False,algorithm,PASS
SMSP,FSTP,FastSlowTimeProcessor,10.0,46,False,False,False,"(1, 5000)","(1, 5000)",,True,True,True,PASS,,0.0,0,,identity,
SMSP,FSTP,FastSlowTimeProcessor,10.0,47,False,False,False,"(1, 5000)","(1, 5000)",True,True,True,True,PASS,True,0.22749998606741428,682776,False,algorithm,PASS
SMSP,FSTP,FastSlowTimeProcessor,10.0,47,False,False,False,"(1, 5000)","(1, 5000)",,True,True,True,PASS,,0.0,0,,identity,
SMSP,FSTP,FastSlowTimeProcessor,10.0,48,False,False,False,"(1, 5000)","(1, 5000)",True,True,True,True,PASS,True,0.2169999643228948,682776,False,algorithm,PASS
SMSP,FSTP,FastSlowTimeProcessor,10.0,48,False,False,False,"(1, 5000)","(1, 5000)",,True,True,True,PASS,,0.0,0,,identity,
SMSP,FSTP,FastSlowTimeProcessor,10.0,49,False,False,False,"(1, 5000)","(1, 5000)",True,True,True,True,PASS,True,0.23270898964256048,682776,False,algorithm,PASS
SMSP,FSTP,FastSlowTimeProcessor,10.0,49,False,False,False,"(1, 5000)","(1, 5000)",,True,True,True,PASS,,0.0,0,,identity,
SMSP,FSTP,FastSlowTimeProcessor,10.0,50,False,False,False,"(1, 5000)","(1, 5000)",True,True,True,True,PASS,True,0.22020796313881874,682776,False,algorithm,PASS
SMSP,FSTP,FastSlowTimeProcessor,10.0,50,False,False,False,"(1, 5000)","(1, 5000)",,True,True,True,PASS,,0.0,0,,identity,
SMSP,FSTP,FastSlowTimeProcessor,10.0,51,False,False,False,"(1, 5000)","(1, 5000)",True,True,True,True,PASS,True,0.2251669648103416,682776,False,algorithm,PASS
SMSP,FSTP,FastSlowTimeProcessor,10.0,51,False,False,False,"(1, 5000)","(1, 5000)",,True,True,True,PASS,,0.0,0,,identity,
SMSP,FSTP,FastSlowTimeProcessor,20.0,42,False,False,False,"(1, 5000)","(1, 5000)",True,True,True,True,PASS,True,0.21833402570337057,682776,False,algorithm,PASS
SMSP,FSTP,FastSlowTimeProcessor,20.0,42,False,False,False,"(1, 5000)","(1, 5000)",,True,True,True,PASS,,0.0,0,,identity,
SMSP,FSTP,FastSlowTimeProcessor,20.0,43,False,False,False,"(1, 5000)","(1, 5000)",True,True,True,True,PASS,True,0.22654200438410044,682776,False,algorithm,PASS
SMSP,FSTP,FastSlowTimeProcessor,20.0,43,False,False,False,"(1, 5000)","(1, 5000)",,True,True,True,PASS,,0.0,0,,identity,
SMSP,FSTP,FastSlowTimeProcessor,20.0,44,False,False,False,"(1, 5000)","(1, 5000)",True,True,True,True,PASS,True,0.22012501722201705,682776,False,algorithm,PASS
SMSP,FSTP,FastSlowTimeProcessor,20.0,44,False,False,False,"(1, 5000)","(1, 5000)",,True,True,True,PASS,,0.0,0,,identity,
SMSP,FSTP,FastSlowTimeProcessor,20.0,45,False,False,False,"(1, 5000)","(1, 5000)",True,True,True,True,PASS,True,0.21462497534230351,682776,False,algorithm,PASS
SMSP,FSTP,FastSlowTimeProcessor,20.0,45,False,False,False,"(1, 5000)","(1, 5000)",,True,True,True,PASS,,0.0,0,,identity,
SMSP,FSTP,FastSlowTimeProcessor,20.0,46,False,False,False,"(1, 5000)","(1, 5000)",True,True,True,True,PASS,True,0.2204589545726776,682776,False,algorithm,PASS
SMSP,FSTP,FastSlowTimeProcessor,20.0,46,False,False,False,"(1, 5000)","(1, 5000)",,True,True,True,PASS,,0.0,0,,identity,
SMSP,FSTP,FastSlowTimeProcessor,20.0,47,False,False,False,"(1, 5000)","(1, 5000)",True,True,True,True,PASS,True,0.22354198154062033,682776,False,algorithm,PASS
SMSP,FSTP,FastSlowTimeProcessor,20.0,47,False,False,False,"(1, 5000)","(1, 5000)",,True,True,True,PASS,,0.0,0,,identity,
SMSP,FSTP,FastSlowTimeProcessor,20.0,48,False,False,False,"(1, 5000)","(1, 5000)",True,True,True,True,PASS,True,0.21550001110881567,682776,False,algorithm,PASS
SMSP,FSTP,FastSlowTimeProcessor,20.0,48,False,False,False,"(1, 5000)","(1, 5000)",,True,True,True,PASS,,0.0,0,,identity,
SMSP,FSTP,FastSlowTimeProcessor,20.0,49,False,False,False,"(1, 5000)","(1, 5000)",True,True,True,True,PASS,True,0.22774998797103763,682776,False,algorithm,PASS
SMSP,FSTP,FastSlowTimeProcessor,20.0,49,False,False,False,"(1, 5000)","(1, 5000)",,True,True,True,PASS,,0.0,0,,identity,
SMSP,FSTP,FastSlowTimeProcessor,20.0,50,False,False,False,"(1, 5000)","(1, 5000)",True,True,True,True,PASS,True,0.22066698875278234,682776,False,algorithm,PASS
SMSP,FSTP,FastSlowTimeProcessor,20.0,50,False,False,False,"(1, 5000)","(1, 5000)",,True,True,True,PASS,,0.0,0,,identity,
SMSP,FSTP,FastSlowTimeProcessor,20.0,51,False,False,False,"(1, 5000)","(1, 5000)",True,True,True,True,PASS,True,0.22200000239536166,682776,False,algorithm,PASS
SMSP,FSTP,FastSlowTimeProcessor,20.0,51,False,False,False,"(1, 5000)","(1, 5000)",,True,True,True,PASS,,0.0,0,,identity,
SMSP,FSTP,FastSlowTimeProcessor,30.0,42,False,False,False,"(1, 5000)","(1, 5000)",True,True,True,True,PASS,True,0.24083297466859221,682776,False,algorithm,PASS
SMSP,FSTP,FastSlowTimeProcessor,30.0,42,False,False,False,"(1, 5000)","(1, 5000)",,True,True,True,PASS,,0.0,0,,identity,
SMSP,FSTP,FastSlowTimeProcessor,30.0,43,False,False,False,"(1, 5000)","(1, 5000)",True,True,True,True,PASS,True,0.2930419868789613,682776,False,algorithm,PASS
SMSP,FSTP,FastSlowTimeProcessor,30.0,43,False,False,False,"(1, 5000)","(1, 5000)",,True,True,True,PASS,,0.0,0,,identity,
SMSP,FSTP,FastSlowTimeProcessor,30.0,44,False,False,False,"(1, 5000)","(1, 5000)",True,True,True,True,PASS,True,0.23562501883134246,682776,False,algorithm,PASS
SMSP,FSTP,FastSlowTimeProcessor,30.0,44,False,False,False,"(1, 5000)","(1, 5000)",,True,True,True,PASS,,0.0,0,,identity,
SMSP,FSTP,FastSlowTimeProcessor,30.0,45,False,False,False,"(1, 5000)","(1, 5000)",True,True,True,True,PASS,True,0.22083299700170755,682776,False,algorithm,PASS
SMSP,FSTP,FastSlowTimeProcessor,30.0,45,False,False,False,"(1, 5000)","(1, 5000)",,True,True,True,PASS,,0.0,0,,identity,
SMSP,FSTP,FastSlowTimeProcessor,30.0,46,False,False,False,"(1, 5000)","(1, 5000)",True,True,True,True,PASS,True,0.22300001000985503,682776,False,algorithm,PASS
SMSP,FSTP,FastSlowTimeProcessor,30.0,46,False,False,False,"(1, 5000)","(1, 5000)",,True,True,True,PASS,,0.0,0,,identity,
SMSP,FSTP,FastSlowTimeProcessor,30.0,47,False,False,False,"(1, 5000)","(1, 5000)",True,True,True,True,PASS,True,0.24808302987366915,682776,False,algorithm,PASS
SMSP,FSTP,FastSlowTimeProcessor,30.0,47,False,False,False,"(1, 5000)","(1, 5000)",,True,True,True,PASS,,0.0,0,,identity,
SMSP,FSTP,FastSlowTimeProcessor,30.0,48,False,False,False,"(1, 5000)","(1, 5000)",True,True,True,True,PASS,True,0.244333001319319,682776,False,algorithm,PASS
SMSP,FSTP,FastSlowTimeProcessor,30.0,48,False,False,False,"(1, 5000)","(1, 5000)",,True,True,True,PASS,,0.0,0,,identity,
SMSP,FSTP,FastSlowTimeProcessor,30.0,49,False,False,False,"(1, 5000)","(1, 5000)",True,True,True,True,PASS,True,0.23750000400468707,682776,False,algorithm,PASS
SMSP,FSTP,FastSlowTimeProcessor,30.0,49,False,False,False,"(1, 5000)","(1, 5000)",,True,True,True,PASS,,0.0,0,,identity,
SMSP,FSTP,FastSlowTimeProcessor,30.0,50,False,False,False,"(1, 5000)","(1, 5000)",True,True,True,True,PASS,True,0.2174580004066229,682776,False,algorithm,PASS
SMSP,FSTP,FastSlowTimeProcessor,30.0,50,False,False,False,"(1, 5000)","(1, 5000)",,True,True,True,PASS,,0.0,0,,identity,
SMSP,FSTP,FastSlowTimeProcessor,30.0,51,False,False,False,"(1, 5000)","(1, 5000)",True,True,True,True,PASS,True,0.21666701650246978,682776,False,algorithm,PASS
SMSP,FSTP,FastSlowTimeProcessor,30.0,51,False,False,False,"(1, 5000)","(1, 5000)",,True,True,True,PASS,,0.0,0,,identity,
NoiseProductJamming,adapt_filter,adapt_filter,0.0,42,False,False,False,"(1, 5000)","(1, 5000)",True,True,True,True,PASS,True,96.07466601300985,400257538,False,algorithm,PASS
NoiseProductJamming,adapt_filter,adapt_filter,0.0,42,False,False,False,"(1, 5000)","(1, 5000)",,True,True,True,PASS,,0.0,0,,identity,
NoiseProductJamming,adapt_filter,adapt_filter,0.0,43,False,False,False,"(1, 5000)","(1, 5000)",True,True,True,True,PASS,True,28.249334020074457,400241104,False,algorithm,PASS
NoiseProductJamming,adapt_filter,adapt_filter,0.0,43,False,False,False,"(1, 5000)","(1, 5000)",,True,True,True,PASS,,0.0,0,,identity,
NoiseProductJamming,adapt_filter,adapt_filter,0.0,44,False,False,False,"(1, 5000)","(1, 5000)",True,True,True,True,PASS,True,27.90212503168732,400241104,False,algorithm,PASS
NoiseProductJamming,adapt_filter,adapt_filter,0.0,44,False,False,False,"(1, 5000)","(1, 5000)",,True,True,True,PASS,,0.0,0,,identity,
NoiseProductJamming,adapt_filter,adapt_filter,0.0,45,False,False,False,"(1, 5000)","(1, 5000)",True,True,True,True,PASS,True,32.50579198356718,400241104,False,algorithm,PASS
NoiseProductJamming,adapt_filter,adapt_filter,0.0,45,False,False,False,"(1, 5000)","(1, 5000)",,True,True,True,PASS,,0.0,0,,identity,
NoiseProductJamming,adapt_filter,adapt_filter,0.0,46,False,False,False,"(1, 5000)","(1, 5000)",True,True,True,True,PASS,True,28.398040973115712,400241104,False,algorithm,PASS
NoiseProductJamming,adapt_filter,adapt_filter,0.0,46,False,False,False,"(1, 5000)","(1, 5000)",,True,True,True,PASS,,0.0,0,,identity,
NoiseProductJamming,adapt_filter,adapt_filter,0.0,47,False,False,False,"(1, 5000)","(1, 5000)",True,True,True,True,PASS,True,32.40824997192249,400241104,False,algorithm,PASS
NoiseProductJamming,adapt_filter,adapt_filter,0.0,47,False,False,False,"(1, 5000)","(1, 5000)",,True,True,True,PASS,,0.0,0,,identity,
NoiseProductJamming,adapt_filter,adapt_filter,0.0,48,False,False,False,"(1, 5000)","(1, 5000)",True,True,True,True,PASS,True,35.27712501818314,400241104,False,algorithm,PASS
NoiseProductJamming,adapt_filter,adapt_filter,0.0,48,False,False,False,"(1, 5000)","(1, 5000)",,True,True,True,PASS,,0.0,0,,identity,
NoiseProductJamming,adapt_filter,adapt_filter,0.0,49,False,False,False,"(1, 5000)","(1, 5000)",True,True,True,True,PASS,True,30.672292050439864,400241104,False,algorithm,PASS
NoiseProductJamming,adapt_filter,adapt_filter,0.0,49,False,False,False,"(1, 5000)","(1, 5000)",,True,True,True,PASS,,0.0,0,,identity,
NoiseProductJamming,adapt_filter,adapt_filter,0.0,50,False,False,False,"(1, 5000)","(1, 5000)",True,True,True,True,PASS,True,28.49624998634681,400241104,False,algorithm,PASS
NoiseProductJamming,adapt_filter,adapt_filter,0.0,50,False,False,False,"(1, 5000)","(1, 5000)",,True,True,True,PASS,,0.0,0,,identity,
NoiseProductJamming,adapt_filter,adapt_filter,0.0,51,False,False,False,"(1, 5000)","(1, 5000)",True,True,True,True,PASS,True,29.451166978105903,400241104,False,algorithm,PASS
NoiseProductJamming,adapt_filter,adapt_filter,0.0,51,False,False,False,"(1, 5000)","(1, 5000)",,True,True,True,PASS,,0.0,0,,identity,
NoiseProductJamming,adapt_filter,adapt_filter,10.0,42,False,False,False,"(1, 5000)","(1, 5000)",True,True,True,True,PASS,True,33.02041697315872,400241104,False,algorithm,PASS
NoiseProductJamming,adapt_filter,adapt_filter,10.0,42,False,False,False,"(1, 5000)","(1, 5000)",,True,True,True,PASS,,0.0,0,,identity,
NoiseProductJamming,adapt_filter,adapt_filter,10.0,43,False,False,False,"(1, 5000)","(1, 5000)",True,True,True,True,PASS,True,33.37983303936198,400241104,False,algorithm,PASS
NoiseProductJamming,adapt_filter,adapt_filter,10.0,43,False,False,False,"(1, 5000)","(1, 5000)",,True,True,True,PASS,,0.0,0,,identity,
NoiseProductJamming,adapt_filter,adapt_filter,10.0,44,False,False,False,"(1, 5000)","(1, 5000)",True,True,True,True,PASS,True,31.094749982003123,400241104,False,algorithm,PASS
NoiseProductJamming,adapt_filter,adapt_filter,10.0,44,False,False,False,"(1, 5000)","(1, 5000)",,True,True,True,PASS,,0.0,0,,identity,
NoiseProductJamming,adapt_filter,adapt_filter,10.0,45,False,False,False,"(1, 5000)","(1, 5000)",True,True,True,True,PASS,True,32.67629200126976,400241104,False,algorithm,PASS
NoiseProductJamming,adapt_filter,adapt_filter,10.0,45,False,False,False,"(1, 5000)","(1, 5000)",,True,True,True,PASS,,0.0,0,,identity,
NoiseProductJamming,adapt_filter,adapt_filter,10.0,46,False,False,False,"(1, 5000)","(1, 5000)",True,True,True,True,PASS,True,38.51254202891141,400241104,False,algorithm,PASS
NoiseProductJamming,adapt_filter,adapt_filter,10.0,46,False,False,False,"(1, 5000)","(1, 5000)",,True,True,True,PASS,,0.0,0,,identity,
NoiseProductJamming,adapt_filter,adapt_filter,10.0,47,False,False,False,"(1, 5000)","(1, 5000)",True,True,True,True,PASS,True,29.887416982091963,400241104,False,algorithm,PASS
NoiseProductJamming,adapt_filter,adapt_filter,10.0,47,False,False,False,"(1, 5000)","(1, 5000)",,True,True,True,PASS,,0.0,0,,identity,
NoiseProductJamming,adapt_filter,adapt_filter,10.0,48,False,False,False,"(1, 5000)","(1, 5000)",True,True,True,True,PASS,True,32.557166006881744,400241104,False,algorithm,PASS
NoiseProductJamming,adapt_filter,adapt_filter,10.0,48,False,False,False,"(1, 5000)","(1, 5000)",,True,True,True,PASS,,0.0,0,,identity,
NoiseProductJamming,adapt_filter,adapt_filter,10.0,49,False,False,False,"(1, 5000)","(1, 5000)",True,True,True,True,PASS,True,35.62104201409966,400241104,False,algorithm,PASS
NoiseProductJamming,adapt_filter,adapt_filter,10.0,49,False,False,False,"(1, 5000)","(1, 5000)",,True,True,True,PASS,,0.0,0,,identity,
NoiseProductJamming,adapt_filter,adapt_filter,10.0,50,False,False,False,"(1, 5000)","(1, 5000)",True,True,True,True,PASS,True,28.94212497631088,400241104,False,algorithm,PASS
NoiseProductJamming,adapt_filter,adapt_filter,10.0,50,False,False,False,"(1, 5000)","(1, 5000)",,True,True,True,PASS,,0.0,0,,identity,
NoiseProductJamming,adapt_filter,adapt_filter,10.0,51,False,False,False,"(1, 5000)","(1, 5000)",True,True,True,True,PASS,True,34.13966600783169,400241104,False,algorithm,PASS
NoiseProductJamming,adapt_filter,adapt_filter,10.0,51,False,False,False,"(1, 5000)","(1, 5000)",,True,True,True,PASS,,0.0,0,,identity,
NoiseProductJamming,adapt_filter,adapt_filter,20.0,42,False,False,False,"(1, 5000)","(1, 5000)",True,True,True,True,PASS,True,33.62816700246185,400241104,False,algorithm,PASS
NoiseProductJamming,adapt_filter,adapt_filter,20.0,42,False,False,False,"(1, 5000)","(1, 5000)",,True,True,True,PASS,,0.0,0,,identity,
NoiseProductJamming,adapt_filter,adapt_filter,20.0,43,False,False,False,"(1, 5000)","(1, 5000)",True,True,True,True,PASS,True,80.40533302119002,400241104,False,algorithm,PASS
NoiseProductJamming,adapt_filter,adapt_filter,20.0,43,False,False,False,"(1, 5000)","(1, 5000)",,True,True,True,PASS,,0.0,0,,identity,
NoiseProductJamming,adapt_filter,adapt_filter,20.0,44,False,False,False,"(1, 5000)","(1, 5000)",True,True,True,True,PASS,True,28.938875009771436,400241104,False,algorithm,PASS
NoiseProductJamming,adapt_filter,adapt_filter,20.0,44,False,False,False,"(1, 5000)","(1, 5000)",,True,True,True,PASS,,0.0,0,,identity,
NoiseProductJamming,adapt_filter,adapt_filter,20.0,45,False,False,False,"(1, 5000)","(1, 5000)",True,True,True,True,PASS,True,27.10183395538479,400241104,False,algorithm,PASS
NoiseProductJamming,adapt_filter,adapt_filter,20.0,45,False,False,False,"(1, 5000)","(1, 5000)",,True,True,True,PASS,,0.0,0,,identity,
NoiseProductJamming,adapt_filter,adapt_filter,20.0,46,False,False,False,"(1, 5000)","(1, 5000)",True,True,True,True,PASS,True,32.93737501371652,400241104,False,algorithm,PASS
NoiseProductJamming,adapt_filter,adapt_filter,20.0,46,False,False,False,"(1, 5000)","(1, 5000)",,True,True,True,PASS,,0.0,0,,identity,
NoiseProductJamming,adapt_filter,adapt_filter,20.0,47,False,False,False,"(1, 5000)","(1, 5000)",True,True,True,True,PASS,True,27.824916993267834,400241104,False,algorithm,PASS
NoiseProductJamming,adapt_filter,adapt_filter,20.0,47,False,False,False,"(1, 5000)","(1, 5000)",,True,True,True,PASS,,0.0,0,,identity,
NoiseProductJamming,adapt_filter,adapt_filter,20.0,48,False,False,False,"(1, 5000)","(1, 5000)",True,True,True,True,PASS,True,26.473167003132403,400241104,False,algorithm,PASS
NoiseProductJamming,adapt_filter,adapt_filter,20.0,48,False,False,False,"(1, 5000)","(1, 5000)",,True,True,True,PASS,,0.0,0,,identity,
NoiseProductJamming,adapt_filter,adapt_filter,20.0,49,False,False,False,"(1, 5000)","(1, 5000)",True,True,True,True,PASS,True,27.705624990630895,400241104,False,algorithm,PASS
NoiseProductJamming,adapt_filter,adapt_filter,20.0,49,False,False,False,"(1, 5000)","(1, 5000)",,True,True,True,PASS,,0.0,0,,identity,
NoiseProductJamming,adapt_filter,adapt_filter,20.0,50,False,False,False,"(1, 5000)","(1, 5000)",True,True,True,True,PASS,True,27.874124993104488,400241104,False,algorithm,PASS
NoiseProductJamming,adapt_filter,adapt_filter,20.0,50,False,False,False,"(1, 5000)","(1, 5000)",,True,True,True,PASS,,0.0,0,,identity,
NoiseProductJamming,adapt_filter,adapt_filter,20.0,51,False,False,False,"(1, 5000)","(1, 5000)",True,True,True,True,PASS,True,33.77337503479794,400241104,False,algorithm,PASS
NoiseProductJamming,adapt_filter,adapt_filter,20.0,51,False,False,False,"(1, 5000)","(1, 5000)",,True,True,True,PASS,,0.0,0,,identity,
NoiseProductJamming,adapt_filter,adapt_filter,30.0,42,False,False,False,"(1, 5000)","(1, 5000)",True,True,True,True,PASS,True,32.98950003227219,400241104,False,algorithm,PASS
NoiseProductJamming,adapt_filter,adapt_filter,30.0,42,False,False,False,"(1, 5000)","(1, 5000)",,True,True,True,PASS,,0.0,0,,identity,
NoiseProductJamming,adapt_filter,adapt_filter,30.0,43,False,False,False,"(1, 5000)","(1, 5000)",True,True,True,True,PASS,True,29.883624985814095,400241104,False,algorithm,PASS
NoiseProductJamming,adapt_filter,adapt_filter,30.0,43,False,False,False,"(1, 5000)","(1, 5000)",,True,True,True,PASS,,0.0,0,,identity,
NoiseProductJamming,adapt_filter,adapt_filter,30.0,44,False,False,False,"(1, 5000)","(1, 5000)",True,True,True,True,PASS,True,31.171582988463342,400241104,False,algorithm,PASS
NoiseProductJamming,adapt_filter,adapt_filter,30.0,44,False,False,False,"(1, 5000)","(1, 5000)",,True,True,True,PASS,,0.0,0,,identity,
NoiseProductJamming,adapt_filter,adapt_filter,30.0,45,False,False,False,"(1, 5000)","(1, 5000)",True,True,True,True,PASS,True,33.60829100711271,400241104,False,algorithm,PASS
NoiseProductJamming,adapt_filter,adapt_filter,30.0,45,False,False,False,"(1, 5000)","(1, 5000)",,True,True,True,PASS,,0.0,0,,identity,
NoiseProductJamming,adapt_filter,adapt_filter,30.0,46,False,False,False,"(1, 5000)","(1, 5000)",True,True,True,True,PASS,True,31.844957964494824,400241104,False,algorithm,PASS
NoiseProductJamming,adapt_filter,adapt_filter,30.0,46,False,False,False,"(1, 5000)","(1, 5000)",,True,True,True,PASS,,0.0,0,,identity,
NoiseProductJamming,adapt_filter,adapt_filter,30.0,47,False,False,False,"(1, 5000)","(1, 5000)",True,True,True,True,PASS,True,33.7552500423044,400241104,False,algorithm,PASS
NoiseProductJamming,adapt_filter,adapt_filter,30.0,47,False,False,False,"(1, 5000)","(1, 5000)",,True,True,True,PASS,,0.0,0,,identity,
NoiseProductJamming,adapt_filter,adapt_filter,30.0,48,False,False,False,"(1, 5000)","(1, 5000)",True,True,True,True,PASS,True,33.54358399519697,400241104,False,algorithm,PASS
NoiseProductJamming,adapt_filter,adapt_filter,30.0,48,False,False,False,"(1, 5000)","(1, 5000)",,True,True,True,PASS,,0.0,0,,identity,
NoiseProductJamming,adapt_filter,adapt_filter,30.0,49,False,False,False,"(1, 5000)","(1, 5000)",True,True,True,True,PASS,True,29.963542008772492,400241104,False,algorithm,PASS
NoiseProductJamming,adapt_filter,adapt_filter,30.0,49,False,False,False,"(1, 5000)","(1, 5000)",,True,True,True,PASS,,0.0,0,,identity,
NoiseProductJamming,adapt_filter,adapt_filter,30.0,50,False,False,False,"(1, 5000)","(1, 5000)",True,True,True,True,PASS,True,28.929333959240466,400241104,False,algorithm,PASS
NoiseProductJamming,adapt_filter,adapt_filter,30.0,50,False,False,False,"(1, 5000)","(1, 5000)",,True,True,True,PASS,,0.0,0,,identity,
NoiseProductJamming,adapt_filter,adapt_filter,30.0,51,False,False,False,"(1, 5000)","(1, 5000)",True,True,True,True,PASS,True,29.459624958690256,400241104,False,algorithm,PASS
NoiseProductJamming,adapt_filter,adapt_filter,30.0,51,False,False,False,"(1, 5000)","(1, 5000)",,True,True,True,PASS,,0.0,0,,identity,
NoiseConvolutionJamming,adapt_filter,adapt_filter,0.0,42,False,False,False,"(1, 5000)","(1, 5000)",True,True,True,True,PASS,True,28.59483304200694,400241104,False,algorithm,PASS
NoiseConvolutionJamming,adapt_filter,adapt_filter,0.0,42,False,False,False,"(1, 5000)","(1, 5000)",,True,True,True,PASS,,0.0,0,,identity,
NoiseConvolutionJamming,adapt_filter,adapt_filter,0.0,43,False,False,False,"(1, 5000)","(1, 5000)",True,True,True,True,PASS,True,27.877125015947968,400241104,False,algorithm,PASS
NoiseConvolutionJamming,adapt_filter,adapt_filter,0.0,43,False,False,False,"(1, 5000)","(1, 5000)",,True,True,True,PASS,,0.0,0,,identity,
NoiseConvolutionJamming,adapt_filter,adapt_filter,0.0,44,False,False,False,"(1, 5000)","(1, 5000)",True,True,True,True,PASS,True,27.090625022538006,400241104,False,algorithm,PASS
NoiseConvolutionJamming,adapt_filter,adapt_filter,0.0,44,False,False,False,"(1, 5000)","(1, 5000)",,True,True,True,PASS,,0.0,0,,identity,
NoiseConvolutionJamming,adapt_filter,adapt_filter,0.0,45,False,False,False,"(1, 5000)","(1, 5000)",True,True,True,True,PASS,True,27.89241698337719,400241104,False,algorithm,PASS
NoiseConvolutionJamming,adapt_filter,adapt_filter,0.0,45,False,False,False,"(1, 5000)","(1, 5000)",,True,True,True,PASS,,0.0,0,,identity,
NoiseConvolutionJamming,adapt_filter,adapt_filter,0.0,46,False,False,False,"(1, 5000)","(1, 5000)",True,True,True,True,PASS,True,27.399250015150756,400241104,False,algorithm,PASS
NoiseConvolutionJamming,adapt_filter,adapt_filter,0.0,46,False,False,False,"(1, 5000)","(1, 5000)",,True,True,True,PASS,,0.0,0,,identity,
NoiseConvolutionJamming,adapt_filter,adapt_filter,0.0,47,False,False,False,"(1, 5000)","(1, 5000)",True,True,True,True,PASS,True,27.854333049617708,400241104,False,algorithm,PASS
NoiseConvolutionJamming,adapt_filter,adapt_filter,0.0,47,False,False,False,"(1, 5000)","(1, 5000)",,True,True,True,PASS,,0.0,0,,identity,
NoiseConvolutionJamming,adapt_filter,adapt_filter,0.0,48,False,False,False,"(1, 5000)","(1, 5000)",True,True,True,True,PASS,True,28.88791699660942,400241104,False,algorithm,PASS
NoiseConvolutionJamming,adapt_filter,adapt_filter,0.0,48,False,False,False,"(1, 5000)","(1, 5000)",,True,True,True,PASS,,0.0,0,,identity,
NoiseConvolutionJamming,adapt_filter,adapt_filter,0.0,49,False,False,False,"(1, 5000)","(1, 5000)",True,True,True,True,PASS,True,30.386124970391393,400241104,False,algorithm,PASS
NoiseConvolutionJamming,adapt_filter,adapt_filter,0.0,49,False,False,False,"(1, 5000)","(1, 5000)",,True,True,True,PASS,,0.0,0,,identity,
NoiseConvolutionJamming,adapt_filter,adapt_filter,0.0,50,False,False,False,"(1, 5000)","(1, 5000)",True,True,True,True,PASS,True,28.69833295699209,400241104,False,algorithm,PASS
NoiseConvolutionJamming,adapt_filter,adapt_filter,0.0,50,False,False,False,"(1, 5000)","(1, 5000)",,True,True,True,PASS,,0.0,0,,identity,
NoiseConvolutionJamming,adapt_filter,adapt_filter,0.0,51,False,False,False,"(1, 5000)","(1, 5000)",True,True,True,True,PASS,True,31.639874971006066,400241104,False,algorithm,PASS
NoiseConvolutionJamming,adapt_filter,adapt_filter,0.0,51,False,False,False,"(1, 5000)","(1, 5000)",,True,True,True,PASS,,0.0,0,,identity,
NoiseConvolutionJamming,adapt_filter,adapt_filter,10.0,42,False,False,False,"(1, 5000)","(1, 5000)",True,True,True,True,PASS,True,29.029249970335513,400241104,False,algorithm,PASS
NoiseConvolutionJamming,adapt_filter,adapt_filter,10.0,42,False,False,False,"(1, 5000)","(1, 5000)",,True,True,True,PASS,,0.0,0,,identity,
NoiseConvolutionJamming,adapt_filter,adapt_filter,10.0,43,False,False,False,"(1, 5000)","(1, 5000)",True,True,True,True,PASS,True,29.100000043399632,400241104,False,algorithm,PASS
NoiseConvolutionJamming,adapt_filter,adapt_filter,10.0,43,False,False,False,"(1, 5000)","(1, 5000)",,True,True,True,PASS,,0.0,0,,identity,
NoiseConvolutionJamming,adapt_filter,adapt_filter,10.0,44,False,False,False,"(1, 5000)","(1, 5000)",True,True,True,True,PASS,True,28.91950000775978,400241104,False,algorithm,PASS
NoiseConvolutionJamming,adapt_filter,adapt_filter,10.0,44,False,False,False,"(1, 5000)","(1, 5000)",,True,True,True,PASS,,0.0,0,,identity,
NoiseConvolutionJamming,adapt_filter,adapt_filter,10.0,45,False,False,False,"(1, 5000)","(1, 5000)",True,True,True,True,PASS,True,26.57716698013246,400241104,False,algorithm,PASS
NoiseConvolutionJamming,adapt_filter,adapt_filter,10.0,45,False,False,False,"(1, 5000)","(1, 5000)",,True,True,True,PASS,,0.0,0,,identity,
NoiseConvolutionJamming,adapt_filter,adapt_filter,10.0,46,False,False,False,"(1, 5000)","(1, 5000)",True,True,True,True,PASS,True,26.654332992620766,400241104,False,algorithm,PASS
NoiseConvolutionJamming,adapt_filter,adapt_filter,10.0,46,False,False,False,"(1, 5000)","(1, 5000)",,True,True,True,PASS,,0.0,0,,identity,
NoiseConvolutionJamming,adapt_filter,adapt_filter,10.0,47,False,False,False,"(1, 5000)","(1, 5000)",True,True,True,True,PASS,True,27.102083957288414,400241104,False,algorithm,PASS
NoiseConvolutionJamming,adapt_filter,adapt_filter,10.0,47,False,False,False,"(1, 5000)","(1, 5000)",,True,True,True,PASS,,0.0,0,,identity,
NoiseConvolutionJamming,adapt_filter,adapt_filter,10.0,48,False,False,False,"(1, 5000)","(1, 5000)",True,True,True,True,PASS,True,27.521582960616797,400241104,False,algorithm,PASS
NoiseConvolutionJamming,adapt_filter,adapt_filter,10.0,48,False,False,False,"(1, 5000)","(1, 5000)",,True,True,True,PASS,,0.0,0,,identity,
NoiseConvolutionJamming,adapt_filter,adapt_filter,10.0,49,False,False,False,"(1, 5000)","(1, 5000)",True,True,True,True,PASS,True,35.58370901737362,400241104,False,algorithm,PASS
NoiseConvolutionJamming,adapt_filter,adapt_filter,10.0,49,False,False,False,"(1, 5000)","(1, 5000)",,True,True,True,PASS,,0.0,0,,identity,
NoiseConvolutionJamming,adapt_filter,adapt_filter,10.0,50,False,False,False,"(1, 5000)","(1, 5000)",True,True,True,True,PASS,True,35.38954199757427,400241104,False,algorithm,PASS
NoiseConvolutionJamming,adapt_filter,adapt_filter,10.0,50,False,False,False,"(1, 5000)","(1, 5000)",,True,True,True,PASS,,0.0,0,,identity,
NoiseConvolutionJamming,adapt_filter,adapt_filter,10.0,51,False,False,False,"(1, 5000)","(1, 5000)",True,True,True,True,PASS,True,28.64529099315405,400241104,False,algorithm,PASS
NoiseConvolutionJamming,adapt_filter,adapt_filter,10.0,51,False,False,False,"(1, 5000)","(1, 5000)",,True,True,True,PASS,,0.0,0,,identity,
NoiseConvolutionJamming,adapt_filter,adapt_filter,20.0,42,False,False,False,"(1, 5000)","(1, 5000)",True,True,True,True,PASS,True,33.665957977063954,400241104,False,algorithm,PASS
NoiseConvolutionJamming,adapt_filter,adapt_filter,20.0,42,False,False,False,"(1, 5000)","(1, 5000)",,True,True,True,PASS,,0.0,0,,identity,
NoiseConvolutionJamming,adapt_filter,adapt_filter,20.0,43,False,False,False,"(1, 5000)","(1, 5000)",True,True,True,True,PASS,True,31.845125020481646,400241104,False,algorithm,PASS
NoiseConvolutionJamming,adapt_filter,adapt_filter,20.0,43,False,False,False,"(1, 5000)","(1, 5000)",,True,True,True,PASS,,0.0,0,,identity,
NoiseConvolutionJamming,adapt_filter,adapt_filter,20.0,44,False,False,False,"(1, 5000)","(1, 5000)",True,True,True,True,PASS,True,29.867834004107863,400241104,False,algorithm,PASS
NoiseConvolutionJamming,adapt_filter,adapt_filter,20.0,44,False,False,False,"(1, 5000)","(1, 5000)",,True,True,True,PASS,,0.0,0,,identity,
NoiseConvolutionJamming,adapt_filter,adapt_filter,20.0,45,False,False,False,"(1, 5000)","(1, 5000)",True,True,True,True,PASS,True,27.74462499655783,400241104,False,algorithm,PASS
NoiseConvolutionJamming,adapt_filter,adapt_filter,20.0,45,False,False,False,"(1, 5000)","(1, 5000)",,True,True,True,PASS,,0.0,0,,identity,
NoiseConvolutionJamming,adapt_filter,adapt_filter,20.0,46,False,False,False,"(1, 5000)","(1, 5000)",True,True,True,True,PASS,True,28.428792022168636,400241104,False,algorithm,PASS
NoiseConvolutionJamming,adapt_filter,adapt_filter,20.0,46,False,False,False,"(1, 5000)","(1, 5000)",,True,True,True,PASS,,0.0,0,,identity,
NoiseConvolutionJamming,adapt_filter,adapt_filter,20.0,47,False,False,False,"(1, 5000)","(1, 5000)",True,True,True,True,PASS,True,34.32104201056063,400241104,False,algorithm,PASS
NoiseConvolutionJamming,adapt_filter,adapt_filter,20.0,47,False,False,False,"(1, 5000)","(1, 5000)",,True,True,True,PASS,,0.0,0,,identity,
NoiseConvolutionJamming,adapt_filter,adapt_filter,20.0,48,False,False,False,"(1, 5000)","(1, 5000)",True,True,True,True,PASS,True,32.221834000665694,400241104,False,algorithm,PASS
NoiseConvolutionJamming,adapt_filter,adapt_filter,20.0,48,False,False,False,"(1, 5000)","(1, 5000)",,True,True,True,PASS,,0.0,0,,identity,
NoiseConvolutionJamming,adapt_filter,adapt_filter,20.0,49,False,False,False,"(1, 5000)","(1, 5000)",True,True,True,True,PASS,True,32.89179201237857,400241104,False,algorithm,PASS
NoiseConvolutionJamming,adapt_filter,adapt_filter,20.0,49,False,False,False,"(1, 5000)","(1, 5000)",,True,True,True,PASS,,0.0,0,,identity,
NoiseConvolutionJamming,adapt_filter,adapt_filter,20.0,50,False,False,False,"(1, 5000)","(1, 5000)",True,True,True,True,PASS,True,29.9565420136787,400241104,False,algorithm,PASS
NoiseConvolutionJamming,adapt_filter,adapt_filter,20.0,50,False,False,False,"(1, 5000)","(1, 5000)",,True,True,True,PASS,,0.0,0,,identity,
NoiseConvolutionJamming,adapt_filter,adapt_filter,20.0,51,False,False,False,"(1, 5000)","(1, 5000)",True,True,True,True,PASS,True,29.103915963787585,400241104,False,algorithm,PASS
NoiseConvolutionJamming,adapt_filter,adapt_filter,20.0,51,False,False,False,"(1, 5000)","(1, 5000)",,True,True,True,PASS,,0.0,0,,identity,
NoiseConvolutionJamming,adapt_filter,adapt_filter,30.0,42,False,False,False,"(1, 5000)","(1, 5000)",True,True,True,True,PASS,True,27.570792008191347,400241104,False,algorithm,PASS
NoiseConvolutionJamming,adapt_filter,adapt_filter,30.0,42,False,False,False,"(1, 5000)","(1, 5000)",,True,True,True,PASS,,0.0,0,,identity,
NoiseConvolutionJamming,adapt_filter,adapt_filter,30.0,43,False,False,False,"(1, 5000)","(1, 5000)",True,True,True,True,PASS,True,28.017250006087124,400241104,False,algorithm,PASS
NoiseConvolutionJamming,adapt_filter,adapt_filter,30.0,43,False,False,False,"(1, 5000)","(1, 5000)",,True,True,True,PASS,,0.0,0,,identity,
NoiseConvolutionJamming,adapt_filter,adapt_filter,30.0,44,False,False,False,"(1, 5000)","(1, 5000)",True,True,True,True,PASS,True,28.55941600864753,400241104,False,algorithm,PASS
NoiseConvolutionJamming,adapt_filter,adapt_filter,30.0,44,False,False,False,"(1, 5000)","(1, 5000)",,True,True,True,PASS,,0.0,0,,identity,
NoiseConvolutionJamming,adapt_filter,adapt_filter,30.0,45,False,False,False,"(1, 5000)","(1, 5000)",True,True,True,True,PASS,True,28.590250003617257,400241104,False,algorithm,PASS
NoiseConvolutionJamming,adapt_filter,adapt_filter,30.0,45,False,False,False,"(1, 5000)","(1, 5000)",,True,True,True,PASS,,0.0,0,,identity,
NoiseConvolutionJamming,adapt_filter,adapt_filter,30.0,46,False,False,False,"(1, 5000)","(1, 5000)",True,True,True,True,PASS,True,29.850666993297637,400241104,False,algorithm,PASS
NoiseConvolutionJamming,adapt_filter,adapt_filter,30.0,46,False,False,False,"(1, 5000)","(1, 5000)",,True,True,True,PASS,,0.0,0,,identity,
NoiseConvolutionJamming,adapt_filter,adapt_filter,30.0,47,False,False,False,"(1, 5000)","(1, 5000)",True,True,True,True,PASS,True,35.76641599647701,400241104,False,algorithm,PASS
NoiseConvolutionJamming,adapt_filter,adapt_filter,30.0,47,False,False,False,"(1, 5000)","(1, 5000)",,True,True,True,PASS,,0.0,0,,identity,
NoiseConvolutionJamming,adapt_filter,adapt_filter,30.0,48,False,False,False,"(1, 5000)","(1, 5000)",True,True,True,True,PASS,True,30.94379202229902,400241104,False,algorithm,PASS
NoiseConvolutionJamming,adapt_filter,adapt_filter,30.0,48,False,False,False,"(1, 5000)","(1, 5000)",,True,True,True,PASS,,0.0,0,,identity,
NoiseConvolutionJamming,adapt_filter,adapt_filter,30.0,49,False,False,False,"(1, 5000)","(1, 5000)",True,True,True,True,PASS,True,29.329832992516458,400241104,False,algorithm,PASS
NoiseConvolutionJamming,adapt_filter,adapt_filter,30.0,49,False,False,False,"(1, 5000)","(1, 5000)",,True,True,True,PASS,,0.0,0,,identity,
NoiseConvolutionJamming,adapt_filter,adapt_filter,30.0,50,False,False,False,"(1, 5000)","(1, 5000)",True,True,True,True,PASS,True,30.678541981615126,400241104,False,algorithm,PASS
NoiseConvolutionJamming,adapt_filter,adapt_filter,30.0,50,False,False,False,"(1, 5000)","(1, 5000)",,True,True,True,PASS,,0.0,0,,identity,
NoiseConvolutionJamming,adapt_filter,adapt_filter,30.0,51,False,False,False,"(1, 5000)","(1, 5000)",True,True,True,True,PASS,True,28.306125022936612,400241104,False,algorithm,PASS
NoiseConvolutionJamming,adapt_filter,adapt_filter,30.0,51,False,False,False,"(1, 5000)","(1, 5000)",,True,True,True,PASS,,0.0,0,,identity,
FMZuse,WLN,WLN,0.0,42,False,False,False,"(1, 5000)","(1, 5000)",True,True,True,True,PASS,True,3.1570419669151306,858502,False,algorithm,PASS
FMZuse,WLN,WLN,0.0,42,False,False,False,"(1, 5000)","(1, 5000)",,True,True,True,PASS,,0.0,0,,identity,
FMZuse,WLN,WLN,0.0,43,False,False,False,"(1, 5000)","(1, 5000)",True,True,True,True,PASS,True,2.378916018642485,838741,False,algorithm,PASS
FMZuse,WLN,WLN,0.0,43,False,False,False,"(1, 5000)","(1, 5000)",,True,True,True,PASS,,0.0,0,,identity,
FMZuse,WLN,WLN,0.0,44,False,False,False,"(1, 5000)","(1, 5000)",True,True,True,True,PASS,True,2.431917004287243,838602,False,algorithm,PASS
FMZuse,WLN,WLN,0.0,44,False,False,False,"(1, 5000)","(1, 5000)",,True,True,True,PASS,,0.0,0,,identity,
FMZuse,WLN,WLN,0.0,45,False,False,False,"(1, 5000)","(1, 5000)",True,True,True,True,PASS,True,2.378333010710776,838493,False,algorithm,PASS
FMZuse,WLN,WLN,0.0,45,False,False,False,"(1, 5000)","(1, 5000)",,True,True,True,PASS,,0.0,0,,identity,
FMZuse,WLN,WLN,0.0,46,False,False,False,"(1, 5000)","(1, 5000)",True,True,True,True,PASS,True,2.2759579587727785,838544,False,algorithm,PASS
FMZuse,WLN,WLN,0.0,46,False,False,False,"(1, 5000)","(1, 5000)",,True,True,True,PASS,,0.0,0,,identity,
FMZuse,WLN,WLN,0.0,47,False,False,False,"(1, 5000)","(1, 5000)",True,True,True,True,PASS,True,2.3641660227440298,838456,False,algorithm,PASS
FMZuse,WLN,WLN,0.0,47,False,False,False,"(1, 5000)","(1, 5000)",,True,True,True,PASS,,0.0,0,,identity,
FMZuse,WLN,WLN,0.0,48,False,False,False,"(1, 5000)","(1, 5000)",True,True,True,True,PASS,True,2.277082996442914,838551,False,algorithm,PASS
FMZuse,WLN,WLN,0.0,48,False,False,False,"(1, 5000)","(1, 5000)",,True,True,True,PASS,,0.0,0,,identity,
FMZuse,WLN,WLN,0.0,49,False,False,False,"(1, 5000)","(1, 5000)",True,True,True,True,PASS,True,2.704499987885356,838857,False,algorithm,PASS
FMZuse,WLN,WLN,0.0,49,False,False,False,"(1, 5000)","(1, 5000)",,True,True,True,PASS,,0.0,0,,identity,
FMZuse,WLN,WLN,0.0,50,False,False,False,"(1, 5000)","(1, 5000)",True,True,True,True,PASS,True,2.438790979795158,838602,False,algorithm,PASS
FMZuse,WLN,WLN,0.0,50,False,False,False,"(1, 5000)","(1, 5000)",,True,True,True,PASS,,0.0,0,,identity,
FMZuse,WLN,WLN,0.0,51,False,False,False,"(1, 5000)","(1, 5000)",True,True,True,True,PASS,True,3.0714169843122363,838602,False,algorithm,PASS
FMZuse,WLN,WLN,0.0,51,False,False,False,"(1, 5000)","(1, 5000)",,True,True,True,PASS,,0.0,0,,identity,
FMZuse,WLN,WLN,10.0,42,False,False,False,"(1, 5000)","(1, 5000)",True,True,True,True,PASS,True,2.355500007979572,838551,False,algorithm,PASS
FMZuse,WLN,WLN,10.0,42,False,False,False,"(1, 5000)","(1, 5000)",,True,True,True,PASS,,0.0,0,,identity,
FMZuse,WLN,WLN,10.0,43,False,False,False,"(1, 5000)","(1, 5000)",True,True,True,True,PASS,True,2.2844999912194908,838857,False,algorithm,PASS
FMZuse,WLN,WLN,10.0,43,False,False,False,"(1, 5000)","(1, 5000)",,True,True,True,PASS,,0.0,0,,identity,
FMZuse,WLN,WLN,10.0,44,False,False,False,"(1, 5000)","(1, 5000)",True,True,True,True,PASS,True,2.3050419986248016,838405,False,algorithm,PASS
FMZuse,WLN,WLN,10.0,44,False,False,False,"(1, 5000)","(1, 5000)",,True,True,True,PASS,,0.0,0,,identity,
FMZuse,WLN,WLN,10.0,45,False,False,False,"(1, 5000)","(1, 5000)",True,True,True,True,PASS,True,2.2632500040344894,838449,False,algorithm,PASS
FMZuse,WLN,WLN,10.0,45,False,False,False,"(1, 5000)","(1, 5000)",,True,True,True,PASS,,0.0,0,,identity,
FMZuse,WLN,WLN,10.0,46,False,False,False,"(1, 5000)","(1, 5000)",True,True,True,True,PASS,True,2.362124971114099,838634,False,algorithm,PASS
FMZuse,WLN,WLN,10.0,46,False,False,False,"(1, 5000)","(1, 5000)",,True,True,True,PASS,,0.0,0,,identity,
FMZuse,WLN,WLN,10.0,47,False,False,False,"(1, 5000)","(1, 5000)",True,True,True,True,PASS,True,2.409875043667853,838733,False,algorithm,PASS
FMZuse,WLN,WLN,10.0,47,False,False,False,"(1, 5000)","(1, 5000)",,True,True,True,PASS,,0.0,0,,identity,
FMZuse,WLN,WLN,10.0,48,False,False,False,"(1, 5000)","(1, 5000)",True,True,True,True,PASS,True,2.5085830129683018,838590,False,algorithm,PASS
FMZuse,WLN,WLN,10.0,48,False,False,False,"(1, 5000)","(1, 5000)",,True,True,True,PASS,,0.0,0,,identity,
FMZuse,WLN,WLN,10.0,49,False,False,False,"(1, 5000)","(1, 5000)",True,True,True,True,PASS,True,2.2706249728798866,838551,False,algorithm,PASS
FMZuse,WLN,WLN,10.0,49,False,False,False,"(1, 5000)","(1, 5000)",,True,True,True,PASS,,0.0,0,,identity,
FMZuse,WLN,WLN,10.0,50,False,False,False,"(1, 5000)","(1, 5000)",True,True,True,True,PASS,True,2.52437504241243,838677,False,algorithm,PASS
FMZuse,WLN,WLN,10.0,50,False,False,False,"(1, 5000)","(1, 5000)",,True,True,True,PASS,,0.0,0,,identity,
FMZuse,WLN,WLN,10.0,51,False,False,False,"(1, 5000)","(1, 5000)",True,True,True,True,PASS,True,2.2836659918539226,838551,False,algorithm,PASS
FMZuse,WLN,WLN,10.0,51,False,False,False,"(1, 5000)","(1, 5000)",,True,True,True,PASS,,0.0,0,,identity,
FMZuse,WLN,WLN,20.0,42,False,False,False,"(1, 5000)","(1, 5000)",True,True,True,True,PASS,True,2.3355419980362058,838551,False,algorithm,PASS
FMZuse,WLN,WLN,20.0,42,False,False,False,"(1, 5000)","(1, 5000)",,True,True,True,PASS,,0.0,0,,identity,
FMZuse,WLN,WLN,20.0,43,False,False,False,"(1, 5000)","(1, 5000)",True,True,True,True,PASS,True,2.369541965890676,838857,False,algorithm,PASS
FMZuse,WLN,WLN,20.0,43,False,False,False,"(1, 5000)","(1, 5000)",,True,True,True,PASS,,0.0,0,,identity,
FMZuse,WLN,WLN,20.0,44,False,False,False,"(1, 5000)","(1, 5000)",True,True,True,True,PASS,True,2.318790997378528,838500,False,algorithm,PASS
FMZuse,WLN,WLN,20.0,44,False,False,False,"(1, 5000)","(1, 5000)",,True,True,True,PASS,,0.0,0,,identity,
FMZuse,WLN,WLN,20.0,45,False,False,False,"(1, 5000)","(1, 5000)",True,True,True,True,PASS,True,2.312582975719124,838602,False,algorithm,PASS
FMZuse,WLN,WLN,20.0,45,False,False,False,"(1, 5000)","(1, 5000)",,True,True,True,PASS,,0.0,0,,identity,
FMZuse,WLN,WLN,20.0,46,False,False,False,"(1, 5000)","(1, 5000)",True,True,True,True,PASS,True,2.2366250050254166,838449,False,algorithm,PASS
FMZuse,WLN,WLN,20.0,46,False,False,False,"(1, 5000)","(1, 5000)",,True,True,True,PASS,,0.0,0,,identity,
FMZuse,WLN,WLN,20.0,47,False,False,False,"(1, 5000)","(1, 5000)",True,True,True,True,PASS,True,2.392625028733164,838398,False,algorithm,PASS
FMZuse,WLN,WLN,20.0,47,False,False,False,"(1, 5000)","(1, 5000)",,True,True,True,PASS,,0.0,0,,identity,
FMZuse,WLN,WLN,20.0,48,False,False,False,"(1, 5000)","(1, 5000)",True,True,True,True,PASS,True,2.4972499813884497,838442,False,algorithm,PASS
FMZuse,WLN,WLN,20.0,48,False,False,False,"(1, 5000)","(1, 5000)",,True,True,True,PASS,,0.0,0,,identity,
FMZuse,WLN,WLN,20.0,49,False,False,False,"(1, 5000)","(1, 5000)",True,True,True,True,PASS,True,2.3069590097293258,838398,False,algorithm,PASS
FMZuse,WLN,WLN,20.0,49,False,False,False,"(1, 5000)","(1, 5000)",,True,True,True,PASS,,0.0,0,,identity,
FMZuse,WLN,WLN,20.0,50,False,False,False,"(1, 5000)","(1, 5000)",True,True,True,True,PASS,True,2.2916250163689256,838648,False,algorithm,PASS
FMZuse,WLN,WLN,20.0,50,False,False,False,"(1, 5000)","(1, 5000)",,True,True,True,PASS,,0.0,0,,identity,
FMZuse,WLN,WLN,20.0,51,False,False,False,"(1, 5000)","(1, 5000)",True,True,True,True,PASS,True,2.2937500034458935,838449,False,algorithm,PASS
FMZuse,WLN,WLN,20.0,51,False,False,False,"(1, 5000)","(1, 5000)",,True,True,True,PASS,,0.0,0,,identity,
FMZuse,WLN,WLN,30.0,42,False,False,False,"(1, 5000)","(1, 5000)",True,True,True,True,PASS,True,2.3422089871019125,838736,False,algorithm,PASS
FMZuse,WLN,WLN,30.0,42,False,False,False,"(1, 5000)","(1, 5000)",,True,True,True,PASS,,0.0,0,,identity,
FMZuse,WLN,WLN,30.0,43,False,False,False,"(1, 5000)","(1, 5000)",True,True,True,True,PASS,True,2.402457990683615,838767,False,algorithm,PASS
FMZuse,WLN,WLN,30.0,43,False,False,False,"(1, 5000)","(1, 5000)",,True,True,True,PASS,,0.0,0,,identity,
FMZuse,WLN,WLN,30.0,44,False,False,False,"(1, 5000)","(1, 5000)",True,True,True,True,PASS,True,2.4289999855682254,838537,False,algorithm,PASS
FMZuse,WLN,WLN,30.0,44,False,False,False,"(1, 5000)","(1, 5000)",,True,True,True,PASS,,0.0,0,,identity,
FMZuse,WLN,WLN,30.0,45,False,False,False,"(1, 5000)","(1, 5000)",True,True,True,True,PASS,True,2.298708015587181,838449,False,algorithm,PASS
FMZuse,WLN,WLN,30.0,45,False,False,False,"(1, 5000)","(1, 5000)",,True,True,True,PASS,,0.0,0,,identity,
FMZuse,WLN,WLN,30.0,46,False,False,False,"(1, 5000)","(1, 5000)",True,True,True,True,PASS,True,2.342750027310103,838595,False,algorithm,PASS
FMZuse,WLN,WLN,30.0,46,False,False,False,"(1, 5000)","(1, 5000)",,True,True,True,PASS,,0.0,0,,identity,
FMZuse,WLN,WLN,30.0,47,False,False,False,"(1, 5000)","(1, 5000)",True,True,True,True,PASS,True,2.3288329830393195,838537,False,algorithm,PASS
FMZuse,WLN,WLN,30.0,47,False,False,False,"(1, 5000)","(1, 5000)",,True,True,True,PASS,,0.0,0,,identity,
FMZuse,WLN,WLN,30.0,48,False,False,False,"(1, 5000)","(1, 5000)",True,True,True,True,PASS,True,2.3487499565817416,839013,False,algorithm,PASS
FMZuse,WLN,WLN,30.0,48,False,False,False,"(1, 5000)","(1, 5000)",,True,True,True,PASS,,0.0,0,,identity,
FMZuse,WLN,WLN,30.0,49,False,False,False,"(1, 5000)","(1, 5000)",True,True,True,True,PASS,True,2.302000008057803,838915,False,algorithm,PASS
FMZuse,WLN,WLN,30.0,49,False,False,False,"(1, 5000)","(1, 5000)",,True,True,True,PASS,,0.0,0,,identity,
FMZuse,WLN,WLN,30.0,50,False,False,False,"(1, 5000)","(1, 5000)",True,True,True,True,PASS,True,2.3012079764157534,839010,False,algorithm,PASS
FMZuse,WLN,WLN,30.0,50,False,False,False,"(1, 5000)","(1, 5000)",,True,True,True,PASS,,0.0,0,,identity,
FMZuse,WLN,WLN,30.0,51,False,False,False,"(1, 5000)","(1, 5000)",True,True,True,True,PASS,True,2.3302079644054174,838495,False,algorithm,PASS
FMZuse,WLN,WLN,30.0,51,False,False,False,"(1, 5000)","(1, 5000)",,True,True,True,PASS,,0.0,0,,identity,
